item_identifier,image_path,image_path_small,version_identifier
ability-capsule,https://cdn.pokedb.org/8d843ab23d1f397f553022af67a1c3590997c537a1842a8c3957cd445a59edd8,https://cdn.pokedb.org/8d843ab23d1f397f553022af67a1c3590997c537a1842a8c3957cd445a59edd8w20h20,x-y
ability-capsule,https://cdn.pokedb.org/eebc2f6908577f70b601565497e7b0cb77753e2adc4f422e8e251caf614cbc2f,https://cdn.pokedb.org/eebc2f6908577f70b601565497e7b0cb77753e2adc4f422e8e251caf614cbc2fw20h20,scarlet-violet
ability-capsule,https://cdn.pokedb.org/c2efc8e75aaa779c2345734aa74fba3dedb27e544684e4f0377838f8a39edf94,https://cdn.pokedb.org/c2efc8e75aaa779c2345734aa74fba3dedb27e544684e4f0377838f8a39edf94w20h20,brilliant-diamond-shining-pearl
ability-patch,https://cdn.pokedb.org/5d99676c7833f34831620ed2e99b2fd7267573a6b3c049dd4f9a9b2d4037aa90,https://cdn.pokedb.org/5d99676c7833f34831620ed2e99b2fd7267573a6b3c049dd4f9a9b2d4037aa90w20h20,sword-shield
ability-patch,https://cdn.pokedb.org/5199e1a20f6c3b9fa99e0e9a74ff9927cf79fe68c71dfa62fe9f9ec2db92cfc8,https://cdn.pokedb.org/5199e1a20f6c3b9fa99e0e9a74ff9927cf79fe68c71dfa62fe9f9ec2db92cfc8w20h20,brilliant-diamond-shining-pearl
ability-patch,https://cdn.pokedb.org/c07882d1659d44dd9dc50545b4e550835c5ec8651153bb6ac70744c8ccc60ce0,https://cdn.pokedb.org/c07882d1659d44dd9dc50545b4e550835c5ec8651153bb6ac70744c8ccc60ce0w20h20,scarlet-violet
ability-shield,https://cdn.pokedb.org/31202ff6999139da75ebe3965c6eeba65b9620a210db7d2aaf914ba826e57ac4,https://cdn.pokedb.org/31202ff6999139da75ebe3965c6eeba65b9620a210db7d2aaf914ba826e57ac4w20h20,scarlet-violet
ability-urge,https://cdn.pokedb.org/b0688d70a305d204e0b1c7c04795724f7dbd8841fcb9541ce8243b88e7249520,https://cdn.pokedb.org/b0688d70a305d204e0b1c7c04795724f7dbd8841fcb9541ce8243b88e7249520w20h20,black-white
abomasite,https://cdn.pokedb.org/caa14acc66fbb9b6201f7cdce5d72a6f2e5bd758f88a6c9a72616398eb0ffb1e,https://cdn.pokedb.org/caa14acc66fbb9b6201f7cdce5d72a6f2e5bd758f88a6c9a72616398eb0ffb1ew20h20,x-y
abra-candy,https://cdn.pokedb.org/21e279b4f65dc8c7053dec6ce58f04d4bf00354c66596c0d830dedb50c01b7a5,https://cdn.pokedb.org/21e279b4f65dc8c7053dec6ce58f04d4bf00354c66596c0d830dedb50c01b7a5w20h20,go
absolite,https://cdn.pokedb.org/55e3e0033d966fe0e2957e690bff01f026187196d4402347370b94def4937909,https://cdn.pokedb.org/55e3e0033d966fe0e2957e690bff01f026187196d4402347370b94def4937909w20h20,x-y
absorb-bulb,https://cdn.pokedb.org/913e8f5b90bac0967a062a4d65046ad326f853aa15e18994cb59fe6035717b38,https://cdn.pokedb.org/913e8f5b90bac0967a062a4d65046ad326f853aa15e18994cb59fe6035717b38w20h20,black-white
absorb-bulb,https://cdn.pokedb.org/c6acc19df0943dfdd5654ff9489d333928f41e6f4868aaf25701656bf9dc2155,https://cdn.pokedb.org/c6acc19df0943dfdd5654ff9489d333928f41e6f4868aaf25701656bf9dc2155w20h20,scarlet-violet
academy-ball,https://cdn.pokedb.org/69295ed4a7b4fa84f5af830ac5945b1da8d4889391e7886c6432ab9c16239824,https://cdn.pokedb.org/69295ed4a7b4fa84f5af830ac5945b1da8d4889391e7886c6432ab9c16239824w20h20,scarlet-violet
academy-bottle,https://cdn.pokedb.org/69295ed4a7b4fa84f5af830ac5945b1da8d4889391e7886c6432ab9c16239824,https://cdn.pokedb.org/69295ed4a7b4fa84f5af830ac5945b1da8d4889391e7886c6432ab9c16239824w20h20,scarlet-violet
academy-cup,https://cdn.pokedb.org/69295ed4a7b4fa84f5af830ac5945b1da8d4889391e7886c6432ab9c16239824,https://cdn.pokedb.org/69295ed4a7b4fa84f5af830ac5945b1da8d4889391e7886c6432ab9c16239824w20h20,scarlet-violet
academy-tablecloth,https://cdn.pokedb.org/69295ed4a7b4fa84f5af830ac5945b1da8d4889391e7886c6432ab9c16239824,https://cdn.pokedb.org/69295ed4a7b4fa84f5af830ac5945b1da8d4889391e7886c6432ab9c16239824w20h20,scarlet-violet
acro-bike,https://cdn.pokedb.org/f6aab72b0d59a43c4f32423b9518bec64fc019b7405a7a7639d9c2a123ebd5b7,https://cdn.pokedb.org/f6aab72b0d59a43c4f32423b9518bec64fc019b7405a7a7639d9c2a123ebd5b7w20h20,platinum
acro-bike,https://cdn.pokedb.org/7318df3fe45f7515cedda94dcd3e226e525a68eeabbf64836a12e89598799eb0,https://cdn.pokedb.org/7318df3fe45f7515cedda94dcd3e226e525a68eeabbf64836a12e89598799eb0w20h20,firered-leafgreen
adamant-crystal,https://cdn.pokedb.org/b6394d9057f4125790932a84b752e0eb266e3cf7f86e02c054bb17b2210a892d,https://cdn.pokedb.org/b6394d9057f4125790932a84b752e0eb266e3cf7f86e02c054bb17b2210a892dw20h20,scarlet-violet
adamant-crystal,https://cdn.pokedb.org/db41512ee9b5593f69f1b50fae902477d572eae62ae6a2c916a2abe659fcf690,https://cdn.pokedb.org/db41512ee9b5593f69f1b50fae902477d572eae62ae6a2c916a2abe659fcf690w20h20,legends-arceus
adamant-mint,https://cdn.pokedb.org/ece497e0a0dbcd4f454ef867d6c9f1f575d03991c398cb165bdddc473fbe0e4b,https://cdn.pokedb.org/ece497e0a0dbcd4f454ef867d6c9f1f575d03991c398cb165bdddc473fbe0e4bw20h20,scarlet-violet
adamant-mint,https://cdn.pokedb.org/3c3c93e9e93bf903b498872b33df965a7c5906e9ea46eaf6fb2ff1496372affa,https://cdn.pokedb.org/3c3c93e9e93bf903b498872b33df965a7c5906e9ea46eaf6fb2ff1496372affaw20h20,legends-arceus
adamant-mint,https://cdn.pokedb.org/b8cadfad7b6c01881e58f2ea97bed17c281e03b15457d5f45dee065f0c5c93cc,https://cdn.pokedb.org/b8cadfad7b6c01881e58f2ea97bed17c281e03b15457d5f45dee065f0c5c93ccw20h20,brilliant-diamond-shining-pearl
adamant-mint,https://cdn.pokedb.org/312f0b21196ba99b831a9280aeeb72da1938f7b37ecbe337c5716b0e2dc5342e,https://cdn.pokedb.org/312f0b21196ba99b831a9280aeeb72da1938f7b37ecbe337c5716b0e2dc5342ew20h20,sword-shield
adamant-orb,https://cdn.pokedb.org/462fb80f56a6e17c3bb4ab1fb1cfd843505b05178242b8823bc040782d1072fa,https://cdn.pokedb.org/462fb80f56a6e17c3bb4ab1fb1cfd843505b05178242b8823bc040782d1072faw20h20,diamond-pearl
adamant-orb,https://cdn.pokedb.org/1e61602a7a6159dbb28305a15786ac7f34cdec57817e31a936ae0ca3ede303b0,https://cdn.pokedb.org/1e61602a7a6159dbb28305a15786ac7f34cdec57817e31a936ae0ca3ede303b0w20h20,scarlet-violet
adamant-orb,https://cdn.pokedb.org/dd92c8a9159342c66e812232bd385442f15195cc7985b547e4dba8394b9329b6,https://cdn.pokedb.org/dd92c8a9159342c66e812232bd385442f15195cc7985b547e4dba8394b9329b6w20h20,brilliant-diamond-shining-pearl
adrenaline-orb,https://cdn.pokedb.org/1100a2d232c66695da5ba0cc3867c4851b330229ab84158c148a8428d87d09dd,https://cdn.pokedb.org/1100a2d232c66695da5ba0cc3867c4851b330229ab84158c148a8428d87d09ddw20h20,scarlet-violet
adrenaline-orb,https://cdn.pokedb.org/ebbb6ea9a900a4dbcd82d7473507e989129ae9d440039f2d181d7ee7a0ecea18,https://cdn.pokedb.org/ebbb6ea9a900a4dbcd82d7473507e989129ae9d440039f2d181d7ee7a0ecea18w20h20,sun-moon
adventure-guide,https://cdn.pokedb.org/ad4d99ea5520823ec4612bad5ade12d43c47bedfae20820cd87509d4353cbed4,https://cdn.pokedb.org/ad4d99ea5520823ec4612bad5ade12d43c47bedfae20820cd87509d4353cbed4w20h20,x-y
aerodactyl-candy,https://cdn.pokedb.org/06adcf5b26acbe59ed3495cf9fb2c01239579dbc57d09ec1e6b8a11ae29cf7e4,https://cdn.pokedb.org/06adcf5b26acbe59ed3495cf9fb2c01239579dbc57d09ec1e6b8a11ae29cf7e4w20h20,go
aerodactylite,https://cdn.pokedb.org/f3bd799f676a5123ccc9c3dcb3c09183ca21fd4be4eba41baec257048a940b0e,https://cdn.pokedb.org/f3bd799f676a5123ccc9c3dcb3c09183ca21fd4be4eba41baec257048a940b0ew20h20,x-y
aggronite,https://cdn.pokedb.org/11881f8ce87e6d84fffd8bcd7f5bbe0456ec31cc17239896af5f06493e9131b9,https://cdn.pokedb.org/11881f8ce87e6d84fffd8bcd7f5bbe0456ec31cc17239896af5f06493e9131b9w20h20,x-y
aguav-berry,https://cdn.pokedb.org/249a5f45b87736b53681684858938a416804e7883cd8387ce3fd554811f612e3,https://cdn.pokedb.org/249a5f45b87736b53681684858938a416804e7883cd8387ce3fd554811f612e3w20h20,scarlet-violet
aguav-berry,https://cdn.pokedb.org/1b7ac9a7c04367ad16c1a2327c74714a2b953dfd0f54daf642194e390c66ab8a,https://cdn.pokedb.org/1b7ac9a7c04367ad16c1a2327c74714a2b953dfd0f54daf642194e390c66ab8aw20h20,firered-leafgreen
aguav-berry,https://cdn.pokedb.org/088ee177619f11052940c6b492c77896a0aa76fbc380aa8d4711cd18b4255632,https://cdn.pokedb.org/088ee177619f11052940c6b492c77896a0aa76fbc380aa8d4711cd18b4255632w20h20,ruby-sapphire
aguav-berry,https://cdn.pokedb.org/10b994a29145bfcb6af9102498685c6e66e78c2ea3e2347a43b3ef21c602cd2f,https://cdn.pokedb.org/10b994a29145bfcb6af9102498685c6e66e78c2ea3e2347a43b3ef21c602cd2fw20h20,brilliant-diamond-shining-pearl
aguav-berry,https://cdn.pokedb.org/002f82a3928047db7b8bd84f0f756d6f1ee858c830f443c022017b0059dc69f1,https://cdn.pokedb.org/002f82a3928047db7b8bd84f0f756d6f1ee858c830f443c022017b0059dc69f1w20h20,legends-arceus
aipom-hair,https://cdn.pokedb.org/d93fb90bdc2ee50ccb8f262d9e69f5cbd26e7e6c1bbbc5a2d18d5302aa55ed45,https://cdn.pokedb.org/d93fb90bdc2ee50ccb8f262d9e69f5cbd26e7e6c1bbbc5a2d18d5302aa55ed45w20h20,scarlet-violet
air-balloon,https://cdn.pokedb.org/6f723896f2cc5560b50736118d7327aa59958ba147e58514b5c5055a9750f186,https://cdn.pokedb.org/6f723896f2cc5560b50736118d7327aa59958ba147e58514b5c5055a9750f186w20h20,scarlet-violet
air-balloon,https://cdn.pokedb.org/a8bbe84f15908309f4060ba18ea4734c67d6f87ae48415439c942d63bd58d7f6,https://cdn.pokedb.org/a8bbe84f15908309f4060ba18ea4734c67d6f87ae48415439c942d63bd58d7f6w20h20,black-white
air-mail,https://cdn.pokedb.org/21b4a52a1fd58bf061e846968aacbed7dda798d1b63d88e0afa589a2f63e9801,https://cdn.pokedb.org/21b4a52a1fd58bf061e846968aacbed7dda798d1b63d88e0afa589a2f63e9801w20h20,diamond-pearl
alakazite,https://cdn.pokedb.org/ac756d65bf367dc70b73e90a053cc08cbba0fafaf98822688bc766c52cc64f0b,https://cdn.pokedb.org/ac756d65bf367dc70b73e90a053cc08cbba0fafaf98822688bc766c52cc64f0bw20h20,x-y
alomomola-mucus,https://cdn.pokedb.org/d93fb90bdc2ee50ccb8f262d9e69f5cbd26e7e6c1bbbc5a2d18d5302aa55ed45,https://cdn.pokedb.org/d93fb90bdc2ee50ccb8f262d9e69f5cbd26e7e6c1bbbc5a2d18d5302aa55ed45w20h20,scarlet-violet
aloraichium-z,https://cdn.pokedb.org/4c52c2735f8a22f8d0cf8763def5d37cead528b8d84131c97c5f45c10307f35f,https://cdn.pokedb.org/4c52c2735f8a22f8d0cf8763def5d37cead528b8d84131c97c5f45c10307f35fw20h20,sun-moon
aloraichium-z,https://cdn.pokedb.org/96459f62958f6a082ca90215d2edd3aa12e48d9d8a63389253798f8be7adaf4a,https://cdn.pokedb.org/96459f62958f6a082ca90215d2edd3aa12e48d9d8a63389253798f8be7adaf4aw20h20,sun-moon
altarianite,https://cdn.pokedb.org/74f8a90300dfe7d594c62b42798ee21e24bc6b65ad458aec7c86f36878a238eb,https://cdn.pokedb.org/74f8a90300dfe7d594c62b42798ee21e24bc6b65ad458aec7c86f36878a238ebw20h20,platinum
amaze-mulch,https://cdn.pokedb.org/a414dda31143e8c1218f4cf8f42c85675ae900b9431d607b8be84e5d1fd6afc3,https://cdn.pokedb.org/a414dda31143e8c1218f4cf8f42c85675ae900b9431d607b8be84e5d1fd6afc3w20h20,x-y
ampharosite,https://cdn.pokedb.org/b646680fbfc83bf2eed1b73fc980e1b36690419febd186b9d5bd66531a26eac6,https://cdn.pokedb.org/b646680fbfc83bf2eed1b73fc980e1b36690419febd186b9d5bd66531a26eac6w20h20,x-y
amulet-coin,https://cdn.pokedb.org/3ce4798f430769c4b735d7071c0b6613fb50eead9c8542563fed5d1d59520860,https://cdn.pokedb.org/3ce4798f430769c4b735d7071c0b6613fb50eead9c8542563fed5d1d59520860w20h20,scarlet-violet
amulet-coin,https://cdn.pokedb.org/25cc729b995dde11bf7a98efb60a77335a85cd4ab377f21df1fde4304fa1a330,https://cdn.pokedb.org/25cc729b995dde11bf7a98efb60a77335a85cd4ab377f21df1fde4304fa1a330w20h20,brilliant-diamond-shining-pearl
amulet-coin,https://cdn.pokedb.org/f02f0ec7c998c1aa8dc2a1032b57c7c26cffef48383dc75f7b6932412ba05432,https://cdn.pokedb.org/f02f0ec7c998c1aa8dc2a1032b57c7c26cffef48383dc75f7b6932412ba05432w20h20,x-y
amulet-coin,https://cdn.pokedb.org/00a5f6c55eadda5dcbdec459e36700cf87c2921cb15075e02ed6b240d5949916,https://cdn.pokedb.org/00a5f6c55eadda5dcbdec459e36700cf87c2921cb15075e02ed6b240d5949916w20h20,firered-leafgreen
amulet-coin,https://cdn.pokedb.org/274a006f8212eb57356cf386627e2cc6441e8bd0d2717283d9b0c55cb4c79e82,https://cdn.pokedb.org/274a006f8212eb57356cf386627e2cc6441e8bd0d2717283d9b0c55cb4c79e82w20h20,scarlet-violet
antidote,https://cdn.pokedb.org/a6e1da27be647c029891d79f2ac27f41e40dc4d5d938da21f0d17ff2d973988b,https://cdn.pokedb.org/a6e1da27be647c029891d79f2ac27f41e40dc4d5d938da21f0d17ff2d973988bw20h20,black-white
antidote,https://cdn.pokedb.org/5e227c3aa204115c52309f6cf2f3344336a3cf068ec6b9be1e893e74ef8bf795,https://cdn.pokedb.org/5e227c3aa204115c52309f6cf2f3344336a3cf068ec6b9be1e893e74ef8bf795w20h20,brilliant-diamond-shining-pearl
antidote,https://cdn.pokedb.org/3a849fa2d0f81d6e89e153142db8843a18efded7cd3fda4a4782cddf0a1fa4fa,https://cdn.pokedb.org/3a849fa2d0f81d6e89e153142db8843a18efded7cd3fda4a4782cddf0a1fa4faw20h20,scarlet-violet
antidote,https://cdn.pokedb.org/fc27c38f32f4a4082e281e7c471db17aa03a6b1aca27693cfa5a3955d56c0827,https://cdn.pokedb.org/fc27c38f32f4a4082e281e7c471db17aa03a6b1aca27693cfa5a3955d56c0827w20h20,firered-leafgreen
apicot-berry,https://cdn.pokedb.org/836471b43e336b828dd46afcf1dd7713834c1781cfb84b082db831b29fdf27af,https://cdn.pokedb.org/836471b43e336b828dd46afcf1dd7713834c1781cfb84b082db831b29fdf27afw20h20,brilliant-diamond-shining-pearl
apicot-berry,https://cdn.pokedb.org/2fbf250f8f747c479c5021484a528f152dddc520585e902b70736787f526c8a6,https://cdn.pokedb.org/2fbf250f8f747c479c5021484a528f152dddc520585e902b70736787f526c8a6w20h20,scarlet-violet
apicot-berry,https://cdn.pokedb.org/aa429250b9d5230c9d7500575c50e56101d1f2a432ba96ed8a32bc9d68c5e500,https://cdn.pokedb.org/aa429250b9d5230c9d7500575c50e56101d1f2a432ba96ed8a32bc9d68c5e500w20h20,ruby-sapphire
apicot-berry,https://cdn.pokedb.org/ad407b8f521848efbd34f7dda506e8b9976d6785e94c9b88ea3f877cca66ab54,https://cdn.pokedb.org/ad407b8f521848efbd34f7dda506e8b9976d6785e94c9b88ea3f877cca66ab54w20h20,firered-leafgreen
apple,https://cdn.pokedb.org/c85785475e1eaf9b278b60e60a460fcfd24b0126f9ab8de12959fd3029e6d35c,https://cdn.pokedb.org/c85785475e1eaf9b278b60e60a460fcfd24b0126f9ab8de12959fd3029e6d35cw20h20,scarlet-violet
applin-juice,https://cdn.pokedb.org/d93fb90bdc2ee50ccb8f262d9e69f5cbd26e7e6c1bbbc5a2d18d5302aa55ed45,https://cdn.pokedb.org/d93fb90bdc2ee50ccb8f262d9e69f5cbd26e7e6c1bbbc5a2d18d5302aa55ed45w20h20,scarlet-violet
apricorn-box,https://cdn.pokedb.org/e767edde8f41d514e17968d883dd1edad9c99637063fa653c2344b25c005209d,https://cdn.pokedb.org/e767edde8f41d514e17968d883dd1edad9c99637063fa653c2344b25c005209dw20h20,heartgold-soulsilver
aqua-suit,https://cdn.pokedb.org/11cac907c1c69c7aed3f2a788ffeddf7c556f7aeb278590f82e8e1ed9151492f,https://cdn.pokedb.org/11cac907c1c69c7aed3f2a788ffeddf7c556f7aeb278590f82e8e1ed9151492fw20h20,platinum
armor-fossil,https://cdn.pokedb.org/054ea7fa3688cd09ffd3aabd3abd4962463c05b063069c59ac5d088bca8a3b26,https://cdn.pokedb.org/054ea7fa3688cd09ffd3aabd3abd4962463c05b063069c59ac5d088bca8a3b26w20h20,diamond-pearl
armor-pass,https://cdn.pokedb.org/adf43bc49fcbfd05fb549bf8fd849f0555d789668dc5d02213e44ca32d234a5c,https://cdn.pokedb.org/adf43bc49fcbfd05fb549bf8fd849f0555d789668dc5d02213e44ca32d234a5cw20h20,sword-shield
armorite-ore,https://cdn.pokedb.org/fddcc3a383c21b06eb585fde4f1f489d6cdf8267f682404f6cf7f9e71b341179,https://cdn.pokedb.org/fddcc3a383c21b06eb585fde4f1f489d6cdf8267f682404f6cf7f9e71b341179w20h20,sword-shield
arrokuda-scales,https://cdn.pokedb.org/d93fb90bdc2ee50ccb8f262d9e69f5cbd26e7e6c1bbbc5a2d18d5302aa55ed45,https://cdn.pokedb.org/d93fb90bdc2ee50ccb8f262d9e69f5cbd26e7e6c1bbbc5a2d18d5302aa55ed45w20h20,scarlet-violet
articuno-candy,https://cdn.pokedb.org/4ac98a5c5959d74538f1891e26892143e7a7e3e245aa5bc5d581e1924d2d4dbb,https://cdn.pokedb.org/4ac98a5c5959d74538f1891e26892143e7a7e3e245aa5bc5d581e1924d2d4dbbw20h20,go
articuno-treat,https://cdn.pokedb.org/11396ecb0ac496e1454467b99bdc139e62287d80089b8eba679dc61d57b11c9c,https://cdn.pokedb.org/11396ecb0ac496e1454467b99bdc139e62287d80089b8eba679dc61d57b11c9cw20h20,the-indigo-disk
aspear-berry,https://cdn.pokedb.org/b7d3773ce6eac0b88dbfc8430aaad90419c642e8d0c3a1ffa629d4266182e758,https://cdn.pokedb.org/b7d3773ce6eac0b88dbfc8430aaad90419c642e8d0c3a1ffa629d4266182e758w20h20,legends-arceus
aspear-berry,https://cdn.pokedb.org/51a3227914cf1c4a474696542abe1320b81af9a11a9304d89c51bfc1c50afd35,https://cdn.pokedb.org/51a3227914cf1c4a474696542abe1320b81af9a11a9304d89c51bfc1c50afd35w20h20,brilliant-diamond-shining-pearl
aspear-berry,https://cdn.pokedb.org/d1c98ed2ad93955f14f44173ec9f59836a4a399e2db59b571d8533290a4d9a3a,https://cdn.pokedb.org/d1c98ed2ad93955f14f44173ec9f59836a4a399e2db59b571d8533290a4d9a3aw20h20,scarlet-violet
aspear-berry,https://cdn.pokedb.org/16fc490cf598ca4f4e64508217d667060694aa352f1fe5f5590082852608f888,https://cdn.pokedb.org/16fc490cf598ca4f4e64508217d667060694aa352f1fe5f5590082852608f888w20h20,firered-leafgreen
aspear-berry,https://cdn.pokedb.org/9569df19a39878da5d74cefe7b65371505bf3a6588991ff4940db888fbfc1df6,https://cdn.pokedb.org/9569df19a39878da5d74cefe7b65371505bf3a6588991ff4940db888fbfc1df6w20h20,ruby-sapphire
assault-vest,https://cdn.pokedb.org/ac679fc32905fc4072f8bf6be4a7190c08a6386719ac92d91a8a853190dce657,https://cdn.pokedb.org/ac679fc32905fc4072f8bf6be4a7190c08a6386719ac92d91a8a853190dce657w20h20,x-y
assault-vest,https://cdn.pokedb.org/471e9db819a053d0fe17528832ed1adc42add89df12b04268efaee69413f2965,https://cdn.pokedb.org/471e9db819a053d0fe17528832ed1adc42add89df12b04268efaee69413f2965w20h20,scarlet-violet
audinite,https://cdn.pokedb.org/936e44b0304b690b506df8b532f579132512de52cbc3c1aacdf59c4b7e200362,https://cdn.pokedb.org/936e44b0304b690b506df8b532f579132512de52cbc3c1aacdf59c4b7e200362w20h20,platinum
aurora-ticket,https://cdn.pokedb.org/b601d12f76065db3726bfa017eacd79f2eac1a5797b371c05d283782611b3e83,https://cdn.pokedb.org/b601d12f76065db3726bfa017eacd79f2eac1a5797b371c05d283782611b3e83w20h20,firered-leafgreen
auspicious-armor,https://cdn.pokedb.org/9688bdb5c0da31975703700439576b0c260eb782c0fa95e5d77d4095ae18be86,https://cdn.pokedb.org/9688bdb5c0da31975703700439576b0c260eb782c0fa95e5d77d4095ae18be86w20h20,scarlet-violet
autograph,https://cdn.pokedb.org/c247dd16deb46bf9cbfcf2199ed93f3642e5f75107d8e63d9dd28f91f47ee917,https://cdn.pokedb.org/c247dd16deb46bf9cbfcf2199ed93f3642e5f75107d8e63d9dd28f91f47ee917w20h20,lets-go-pikachu-lets-go-eevee
avocado,https://cdn.pokedb.org/cedc21c93ea5b98d5b091c2de093d9eea2b22798a66ead11dfa93344ef9d9e2c,https://cdn.pokedb.org/cedc21c93ea5b98d5b091c2de093d9eea2b22798a66ead11dfa93344ef9d9e2cw20h20,scarlet-violet
awakening,https://cdn.pokedb.org/bb3f88b630fec180701f137f0021dae70df2d137ecbc9c17ebaa6a88b3d8ff44,https://cdn.pokedb.org/bb3f88b630fec180701f137f0021dae70df2d137ecbc9c17ebaa6a88b3d8ff44w20h20,black-white
awakening,https://cdn.pokedb.org/ab5481419f9cbb95004159b42da77ee93eeabe2d836d951f4f3bb0816e423a3b,https://cdn.pokedb.org/ab5481419f9cbb95004159b42da77ee93eeabe2d836d951f4f3bb0816e423a3bw20h20,brilliant-diamond-shining-pearl
awakening,https://cdn.pokedb.org/b377a20ed4deaadd6ef00d6ebb6a864d45165377bc20032347ba95a9179e0416,https://cdn.pokedb.org/b377a20ed4deaadd6ef00d6ebb6a864d45165377bc20032347ba95a9179e0416w20h20,scarlet-violet
awakening,https://cdn.pokedb.org/e2acce241aa5be9564b8242d04a00efb6367b06ea436c450ed94abac0a8dea00,https://cdn.pokedb.org/e2acce241aa5be9564b8242d04a00efb6367b06ea436c450ed94abac0a8dea00w20h20,firered-leafgreen
axew-scales,https://cdn.pokedb.org/d93fb90bdc2ee50ccb8f262d9e69f5cbd26e7e6c1bbbc5a2d18d5302aa55ed45,https://cdn.pokedb.org/d93fb90bdc2ee50ccb8f262d9e69f5cbd26e7e6c1bbbc5a2d18d5302aa55ed45w20h20,scarlet-violet
azure-flute,https://cdn.pokedb.org/60b456d7f8e561202527946902879220704a30de33b8ae4af521eb30189604b6,https://cdn.pokedb.org/60b456d7f8e561202527946902879220704a30de33b8ae4af521eb30189604b6w20h20,legends-arceus
azure-flute,https://cdn.pokedb.org/da79941dc0b45a07c7e53902cc547b5f1a064547285238ef3a0c5c2523dae9e4,https://cdn.pokedb.org/da79941dc0b45a07c7e53902cc547b5f1a064547285238ef3a0c5c2523dae9e4w20h20,brilliant-diamond-shining-pearl
azure-flute,https://cdn.pokedb.org/8ee3c1f4bf80471bd8c33a243fa53c392ebbbab1ea021b0a80494eb0c80265bd,https://cdn.pokedb.org/8ee3c1f4bf80471bd8c33a243fa53c392ebbbab1ea021b0a80494eb0c80265bdw20h20,diamond-pearl
azurill-fur,https://cdn.pokedb.org/d93fb90bdc2ee50ccb8f262d9e69f5cbd26e7e6c1bbbc5a2d18d5302aa55ed45,https://cdn.pokedb.org/d93fb90bdc2ee50ccb8f262d9e69f5cbd26e7e6c1bbbc5a2d18d5302aa55ed45w20h20,scarlet-violet
babiri-berry,https://cdn.pokedb.org/b89d605963c323c0b9a38cb8ba28392a929dabf3b2090abec48f09715b9f6220,https://cdn.pokedb.org/b89d605963c323c0b9a38cb8ba28392a929dabf3b2090abec48f09715b9f6220w20h20,diamond-pearl
babiri-berry,https://cdn.pokedb.org/80637436f49e98242fb0e06dc241d7ea5f38466054ac9a4459aebb45f8f96a4d,https://cdn.pokedb.org/80637436f49e98242fb0e06dc241d7ea5f38466054ac9a4459aebb45f8f96a4dw20h20,scarlet-violet
babiri-berry,https://cdn.pokedb.org/bb827d9e8f38947a445f71025c9185cc23b419be4f7a180dd4cc3c7adf8bb2a1,https://cdn.pokedb.org/bb827d9e8f38947a445f71025c9185cc23b419be4f7a180dd4cc3c7adf8bb2a1w20h20,brilliant-diamond-shining-pearl
bachs-food-tin,https://cdn.pokedb.org/7545f819e154366555d81fa4cb9a0ec6d03ac63e95c8ac8bb08e1feef379eee8,https://cdn.pokedb.org/7545f819e154366555d81fa4cb9a0ec6d03ac63e95c8ac8bb08e1feef379eee8w20h20,sword-shield
bacon,https://cdn.pokedb.org/6481a068483f84bcc94ed793e4894d777c3a4cca34099d184c7af608d1a58e7f,https://cdn.pokedb.org/6481a068483f84bcc94ed793e4894d777c3a4cca34099d184c7af608d1a58e7fw20h20,scarlet-violet
bagon-scales,https://cdn.pokedb.org/d93fb90bdc2ee50ccb8f262d9e69f5cbd26e7e6c1bbbc5a2d18d5302aa55ed45,https://cdn.pokedb.org/d93fb90bdc2ee50ccb8f262d9e69f5cbd26e7e6c1bbbc5a2d18d5302aa55ed45w20h20,scarlet-violet
baguette,https://cdn.pokedb.org/009c87990830b215735aae8077ef42d81bdfcd24960dca6f20f8d73c5e697d99,https://cdn.pokedb.org/009c87990830b215735aae8077ef42d81bdfcd24960dca6f20f8d73c5e697d99w20h20,scarlet-violet
balm-mushroom,https://cdn.pokedb.org/2cf4086a332d110d1997d4a0c211e0f9c443602a0cdaad545655044bd79a52a7,https://cdn.pokedb.org/2cf4086a332d110d1997d4a0c211e0f9c443602a0cdaad545655044bd79a52a7w20h20,black-white
balm-mushroom,https://cdn.pokedb.org/350d5c429555323f5254100d5ea099fbb7d127bf2426f584e57a6fa6530dc3fc,https://cdn.pokedb.org/350d5c429555323f5254100d5ea099fbb7d127bf2426f584e57a6fa6530dc3fcw20h20,scarlet-violet
banana,https://cdn.pokedb.org/4c93244b5e31c6715ddfc10be9d1275425ded8a6f4295ffb672bc90923f2e44c,https://cdn.pokedb.org/4c93244b5e31c6715ddfc10be9d1275425ded8a6f4295ffb672bc90923f2e44cw20h20,scarlet-violet
band-autograph,https://cdn.pokedb.org/17342f6551872aa6f940d95bb8ba3b7fd7de56be6ecb593f614a3145e7ef0021,https://cdn.pokedb.org/17342f6551872aa6f940d95bb8ba3b7fd7de56be6ecb593f614a3145e7ef0021w20h20,sword-shield
banettite,https://cdn.pokedb.org/4fe2cec25d73dd48d5c4daecbc614560aadf873946f471e30f06b92f69e1f14d,https://cdn.pokedb.org/4fe2cec25d73dd48d5c4daecbc614560aadf873946f471e30f06b92f69e1f14dw20h20,x-y
barboach-slime,https://cdn.pokedb.org/d93fb90bdc2ee50ccb8f262d9e69f5cbd26e7e6c1bbbc5a2d18d5302aa55ed45,https://cdn.pokedb.org/d93fb90bdc2ee50ccb8f262d9e69f5cbd26e7e6c1bbbc5a2d18d5302aa55ed45w20h20,scarlet-violet
barred-cup,https://cdn.pokedb.org/69295ed4a7b4fa84f5af830ac5945b1da8d4889391e7886c6432ab9c16239824,https://cdn.pokedb.org/69295ed4a7b4fa84f5af830ac5945b1da8d4889391e7886c6432ab9c16239824w20h20,scarlet-violet
basculin-fang,https://cdn.pokedb.org/d93fb90bdc2ee50ccb8f262d9e69f5cbd26e7e6c1bbbc5a2d18d5302aa55ed45,https://cdn.pokedb.org/d93fb90bdc2ee50ccb8f262d9e69f5cbd26e7e6c1bbbc5a2d18d5302aa55ed45w20h20,scarlet-violet
basement-key-hoenn,https://cdn.pokedb.org/d883dce8c02d8d19f83b543f12e6d196c56e6e2e68ca50235f44ec6b0546a50b,https://cdn.pokedb.org/d883dce8c02d8d19f83b543f12e6d196c56e6e2e68ca50235f44ec6b0546a50bw20h20,firered-leafgreen
basement-key-johto,https://cdn.pokedb.org/d7770def0466ddae57b2970cf6aa6bff745a9e3ecb12f2a629205410da356789,https://cdn.pokedb.org/d7770def0466ddae57b2970cf6aa6bff745a9e3ecb12f2a629205410da356789w20h20,heartgold-soulsilver
basil,https://cdn.pokedb.org/f63274bc46c2da18e47c63cb6d800dea0c14b090c66e74971a0ed37b47ca3e25,https://cdn.pokedb.org/f63274bc46c2da18e47c63cb6d800dea0c14b090c66e74971a0ed37b47ca3e25w20h20,scarlet-violet
battle-pocket,https://cdn.pokedb.org/badc5140e5c28ba3ab99bfa745accceef228a36057ac85752f29858ccf6a8164,https://cdn.pokedb.org/badc5140e5c28ba3ab99bfa745accceef228a36057ac85752f29858ccf6a8164w20h20,lets-go-pikachu-lets-go-eevee
battle-tablecloth,https://cdn.pokedb.org/69295ed4a7b4fa84f5af830ac5945b1da8d4889391e7886c6432ab9c16239824,https://cdn.pokedb.org/69295ed4a7b4fa84f5af830ac5945b1da8d4889391e7886c6432ab9c16239824w20h20,scarlet-violet
beach-glass,https://cdn.pokedb.org/8cff805a76628979a5239949837b1193f1ab8b57d4b72a7fa52fc314c57e18c1,https://cdn.pokedb.org/8cff805a76628979a5239949837b1193f1ab8b57d4b72a7fa52fc314c57e18c1w20h20,lets-go-pikachu-lets-go-eevee
bead-mail,https://cdn.pokedb.org/beac182e75e8ad5dc736b7079e9effb47851f1a8dcda95356694a209452a8143,https://cdn.pokedb.org/beac182e75e8ad5dc736b7079e9effb47851f1a8dcda95356694a209452a8143w20h20,firered-leafgreen
beast-ball,https://cdn.pokedb.org/01c961926d422b4ab979e9d5019a823cda61ff2845c25ee89e9d5ab245c99210,https://cdn.pokedb.org/01c961926d422b4ab979e9d5019a823cda61ff2845c25ee89e9d5ab245c99210w20h20,brilliant-diamond-shining-pearl
beast-ball,https://cdn.pokedb.org/274161a0e946fbfbc29f014c9fdc3cd59441fe9dad5ebfd25647f89c215db249,https://cdn.pokedb.org/274161a0e946fbfbc29f014c9fdc3cd59441fe9dad5ebfd25647f89c215db249w20h20,scarlet-violet
beast-ball,https://cdn.pokedb.org/4e0694cb21f58a3c1bb9325f4c7b363956915aa390cfc97afa500f5a1a64a93a,https://cdn.pokedb.org/4e0694cb21f58a3c1bb9325f4c7b363956915aa390cfc97afa500f5a1a64a93aw20h20,home
beast-ball,https://cdn.pokedb.org/48bc555c7cc76424287b8de7095ae5f69bb8c7977e63793f490bbcf50a0f45ed,https://cdn.pokedb.org/48bc555c7cc76424287b8de7095ae5f69bb8c7977e63793f490bbcf50a0f45edw20h20,sun-moon
beedrillite,https://cdn.pokedb.org/a52c9521de45efb1c113c8d16f3536d2e50187ec4f29d00b15ba570f4193f51b,https://cdn.pokedb.org/a52c9521de45efb1c113c8d16f3536d2e50187ec4f29d00b15ba570f4193f51bw20h20,platinum
beldum-claw,https://cdn.pokedb.org/d93fb90bdc2ee50ccb8f262d9e69f5cbd26e7e6c1bbbc5a2d18d5302aa55ed45,https://cdn.pokedb.org/d93fb90bdc2ee50ccb8f262d9e69f5cbd26e7e6c1bbbc5a2d18d5302aa55ed45w20h20,scarlet-violet
bellsprout-candy,https://cdn.pokedb.org/82cf05d4cf883acbf65b74ccd47cf87624f98f6e84b962f847d1153ef87b8d9b,https://cdn.pokedb.org/82cf05d4cf883acbf65b74ccd47cf87624f98f6e84b962f847d1153ef87b8d9bw20h20,go
bellsprout-vine,https://cdn.pokedb.org/d93fb90bdc2ee50ccb8f262d9e69f5cbd26e7e6c1bbbc5a2d18d5302aa55ed45,https://cdn.pokedb.org/d93fb90bdc2ee50ccb8f262d9e69f5cbd26e7e6c1bbbc5a2d18d5302aa55ed45w20h20,scarlet-violet
belue-berry,https://cdn.pokedb.org/3dda6b9507652c1dc340d403e78f590017a00a3afc060a6c41caa9e54db0c9cb,https://cdn.pokedb.org/3dda6b9507652c1dc340d403e78f590017a00a3afc060a6c41caa9e54db0c9cbw20h20,ruby-sapphire
belue-berry,https://cdn.pokedb.org/6680d7e3abf584b2050ff0bf5aa82d5875364681eea2b374beb012d4477f153f,https://cdn.pokedb.org/6680d7e3abf584b2050ff0bf5aa82d5875364681eea2b374beb012d4477f153fw20h20,scarlet-violet
belue-berry,https://cdn.pokedb.org/1fb05fac5802a5ec27109cb0c0909a711fe1fe65243a3ceedb4bbec8788af306,https://cdn.pokedb.org/1fb05fac5802a5ec27109cb0c0909a711fe1fe65243a3ceedb4bbec8788af306w20h20,brilliant-diamond-shining-pearl
belue-berry,https://cdn.pokedb.org/3b334e4b7000d561519bf42caf91491374beaf66fc5ccdc60fe3a5dbe87bd131,https://cdn.pokedb.org/3b334e4b7000d561519bf42caf91491374beaf66fc5ccdc60fe3a5dbe87bd131w20h20,firered-leafgreen
bergmite-ice,https://cdn.pokedb.org/d93fb90bdc2ee50ccb8f262d9e69f5cbd26e7e6c1bbbc5a2d18d5302aa55ed45,https://cdn.pokedb.org/d93fb90bdc2ee50ccb8f262d9e69f5cbd26e7e6c1bbbc5a2d18d5302aa55ed45w20h20,scarlet-violet
berry-juice,https://cdn.pokedb.org/3f1d41962ee486cec078eedfd1cb207e9db0def0084c6586418ecf97ba823be7,https://cdn.pokedb.org/3f1d41962ee486cec078eedfd1cb207e9db0def0084c6586418ecf97ba823be7w20h20,brilliant-diamond-shining-pearl
berry-juice,https://cdn.pokedb.org/a20d880fd587ad2c93cc8a3508f5d5c1bbb37c44a505a03950f99e98f81e6c36,https://cdn.pokedb.org/a20d880fd587ad2c93cc8a3508f5d5c1bbb37c44a505a03950f99e98f81e6c36w20h20,firered-leafgreen
berry-pots,https://cdn.pokedb.org/3c67e4606a1d74f56154267dc36b3841614ce5ef7672fff6577828f1a93d553f,https://cdn.pokedb.org/3c67e4606a1d74f56154267dc36b3841614ce5ef7672fff6577828f1a93d553fw20h20,heartgold-soulsilver
berry-pouch,https://cdn.pokedb.org/67d25561bc8bad05d883d7ab235ef5f73abb8da3c66c0382cfc2d1c6b7a76992,https://cdn.pokedb.org/67d25561bc8bad05d883d7ab235ef5f73abb8da3c66c0382cfc2d1c6b7a76992w20h20,firered-leafgreen
berry-sweet,https://cdn.pokedb.org/2de52f4cf7ed521966de425873eed5b58ce2f5b9bdc7535a2a37ebca6aad2c98,https://cdn.pokedb.org/2de52f4cf7ed521966de425873eed5b58ce2f5b9bdc7535a2a37ebca6aad2c98w20h20,scarlet-violet
berry-sweet,https://cdn.pokedb.org/67b22d13965bd2907b812eed69a97a3c8c244b5270ffbb2d17ca4c46722dc991,https://cdn.pokedb.org/67b22d13965bd2907b812eed69a97a3c8c244b5270ffbb2d17ca4c46722dc991w20h20,sword-shield
bicycle,https://cdn.pokedb.org/325f3e4d20d4f3d5efe744bfc32fbb8466b21f43234f4a90bd3b6a5813dc5fbe,https://cdn.pokedb.org/325f3e4d20d4f3d5efe744bfc32fbb8466b21f43234f4a90bd3b6a5813dc5fbew20h20,x-y
bicycle,https://cdn.pokedb.org/2a29059a3a4fc918e2e36df639befa32fc66078f8cc664d8cc4e79cf3efba232,https://cdn.pokedb.org/2a29059a3a4fc918e2e36df639befa32fc66078f8cc664d8cc4e79cf3efba232w20h20,x-y
bicycle,https://cdn.pokedb.org/c5f7125b36f746a7b9e098cf6488c84c0d407a23ba38d026a998f3a5e63546d7,https://cdn.pokedb.org/c5f7125b36f746a7b9e098cf6488c84c0d407a23ba38d026a998f3a5e63546d7w20h20,brilliant-diamond-shining-pearl
bicycle,https://cdn.pokedb.org/17d81f3664b745c690d3492080c01dd61702d2910033a6cb6a6cfb6e0b7031d3,https://cdn.pokedb.org/17d81f3664b745c690d3492080c01dd61702d2910033a6cb6a6cfb6e0b7031d3w20h20,brilliant-diamond-shining-pearl
big-bamboo-shoot,https://cdn.pokedb.org/ede0ef3806dc46057e3dc840bd3ad065016bb17b8411a10b95d84757f64323b8,https://cdn.pokedb.org/ede0ef3806dc46057e3dc840bd3ad065016bb17b8411a10b95d84757f64323b8w20h20,scarlet-violet
big-malasada,https://cdn.pokedb.org/bb6488868b7c4e13c4a356941524f6a43e3fe463d9f3d4e636d7bffe523cd3e8,https://cdn.pokedb.org/bb6488868b7c4e13c4a356941524f6a43e3fe463d9f3d4e636d7bffe523cd3e8w20h20,sun-moon
big-mushroom,https://cdn.pokedb.org/e3c04f60e4de83fec61b04e525b6313403d5e3ba9308123c9d9f339d295f273d,https://cdn.pokedb.org/e3c04f60e4de83fec61b04e525b6313403d5e3ba9308123c9d9f339d295f273dw20h20,brilliant-diamond-shining-pearl
big-mushroom,https://cdn.pokedb.org/7bf15d7efb3aa26354e7b81674678b457f951fe35fbad42d1144380684f109db,https://cdn.pokedb.org/7bf15d7efb3aa26354e7b81674678b457f951fe35fbad42d1144380684f109dbw20h20,scarlet-violet
big-mushroom,https://cdn.pokedb.org/6d9041e6f398df3e34e25fbf39e8702994ca824894b770c48e3158b97312f630,https://cdn.pokedb.org/6d9041e6f398df3e34e25fbf39e8702994ca824894b770c48e3158b97312f630w20h20,firered-leafgreen
big-nugget,https://cdn.pokedb.org/6a7dbd3495aba329e88177f1e7ade46bd0a0fd3b37342df2116b6cea24e4489e,https://cdn.pokedb.org/6a7dbd3495aba329e88177f1e7ade46bd0a0fd3b37342df2116b6cea24e4489ew20h20,scarlet-violet
big-nugget,https://cdn.pokedb.org/bd0d99ea056a7f9affaa3e33999d158cdddda199998ebd6c3536f6eb54f6221a,https://cdn.pokedb.org/bd0d99ea056a7f9affaa3e33999d158cdddda199998ebd6c3536f6eb54f6221aw20h20,black-white
big-nugget,https://cdn.pokedb.org/03fbe2f6ae38b90572a0b95d404c87a44677dcc8e8648505e6234a576d8ea718,https://cdn.pokedb.org/03fbe2f6ae38b90572a0b95d404c87a44677dcc8e8648505e6234a576d8ea718w20h20,legends-arceus
big-pearl,https://cdn.pokedb.org/dda5ddfd2ca4c13cd6dd8cec1a094e20476883af05b60356c59828b7bd3a2a29,https://cdn.pokedb.org/dda5ddfd2ca4c13cd6dd8cec1a094e20476883af05b60356c59828b7bd3a2a29w20h20,firered-leafgreen
big-pearl,https://cdn.pokedb.org/6c93125a80e4281d1fdc50a28644a4fec792bcc8081bbb4bfed48a5503b42b56,https://cdn.pokedb.org/6c93125a80e4281d1fdc50a28644a4fec792bcc8081bbb4bfed48a5503b42b56w20h20,scarlet-violet
big-pearl,https://cdn.pokedb.org/b784a1c24c190d20e7c5b4ab10197be43da95d3cfbc7c030ca6fd1d72a24be46,https://cdn.pokedb.org/b784a1c24c190d20e7c5b4ab10197be43da95d3cfbc7c030ca6fd1d72a24be46w20h20,brilliant-diamond-shining-pearl
big-root,https://cdn.pokedb.org/f1a39a34d7b0eeb35bd4b795797a6f772ca401c30a640585fd030231abb4a065,https://cdn.pokedb.org/f1a39a34d7b0eeb35bd4b795797a6f772ca401c30a640585fd030231abb4a065w20h20,brilliant-diamond-shining-pearl
big-root,https://cdn.pokedb.org/f85ef460250234b444a05aab61687639ad8072578e6fd319144089765af9e9b6,https://cdn.pokedb.org/f85ef460250234b444a05aab61687639ad8072578e6fd319144089765af9e9b6w20h20,scarlet-violet
big-root,https://cdn.pokedb.org/8c3d49b6bf729dbd79c5acad057e8fa3c88d1d8aac4c4b29d9fbee2aff2c6188,https://cdn.pokedb.org/8c3d49b6bf729dbd79c5acad057e8fa3c88d1d8aac4c4b29d9fbee2aff2c6188w20h20,firered-leafgreen
bike-voucher,https://cdn.pokedb.org/a9e0c9e317e75abad16ebc82a27bb216814db6101ee0ea560e697cea86decd59,https://cdn.pokedb.org/a9e0c9e317e75abad16ebc82a27bb216814db6101ee0ea560e697cea86decd59w20h20,firered-leafgreen
binding-band,https://cdn.pokedb.org/90d40df1b4ec166739297697ae93c579e8446e90b43deab3ba4af5509150307d,https://cdn.pokedb.org/90d40df1b4ec166739297697ae93c579e8446e90b43deab3ba4af5509150307dw20h20,scarlet-violet
binding-band,https://cdn.pokedb.org/3ef78d3c3b4edfaa98e7f3989f7fa74a26e227e86bcb610e11b221048d3a59c7,https://cdn.pokedb.org/3ef78d3c3b4edfaa98e7f3989f7fa74a26e227e86bcb610e11b221048d3a59c7w20h20,black-white
binding-band,https://cdn.pokedb.org/ffb9e25e45b9dd49392f333572fbc92e68b27a98306773f081d4eebdd88f7d04,https://cdn.pokedb.org/ffb9e25e45b9dd49392f333572fbc92e68b27a98306773f081d4eebdd88f7d04w20h20,scarlet-violet
bitter-herba-mystica,https://cdn.pokedb.org/c70193efe8ae784c3dd769299e5d9517c594b76aec6891b18cae60b3105cb59f,https://cdn.pokedb.org/c70193efe8ae784c3dd769299e5d9517c594b76aec6891b18cae60b3105cb59fw20h20,scarlet-violet
black-apricorn,https://cdn.pokedb.org/16049cc1c9f186de07b8d354f3e2b5b2e62d9ebb5f75da898fb5ba787d68cb96,https://cdn.pokedb.org/16049cc1c9f186de07b8d354f3e2b5b2e62d9ebb5f75da898fb5ba787d68cb96w20h20,heartgold-soulsilver
black-apricorn,https://cdn.pokedb.org/8fbaf342ef82395a9eee7046341986d4918b42b56b76ce433a12066ca6d1c203,https://cdn.pokedb.org/8fbaf342ef82395a9eee7046341986d4918b42b56b76ce433a12066ca6d1c203w20h20,scarlet-violet
black-augurite,https://cdn.pokedb.org/5a715b776996dc6c38f00417e99d7928d14bcee49d95a91857c277c34817cf29,https://cdn.pokedb.org/5a715b776996dc6c38f00417e99d7928d14bcee49d95a91857c277c34817cf29w20h20,scarlet-violet
black-augurite,https://cdn.pokedb.org/58e5b4ba4d73ad27e42f83ac337ed9ab20ede82d478701a0cd6b664f98b8b32d,https://cdn.pokedb.org/58e5b4ba4d73ad27e42f83ac337ed9ab20ede82d478701a0cd6b664f98b8b32dw20h20,legends-arceus
black-belt,https://cdn.pokedb.org/9c092f0ed916135a6142eae950dd8931388945b8eebf9eb74b39b83251884841,https://cdn.pokedb.org/9c092f0ed916135a6142eae950dd8931388945b8eebf9eb74b39b83251884841w20h20,firered-leafgreen
black-belt,https://cdn.pokedb.org/382733cbfecbd6392e6fbff24b28d1451840ac2b87e0d491f1efe4e1788f8e0c,https://cdn.pokedb.org/382733cbfecbd6392e6fbff24b28d1451840ac2b87e0d491f1efe4e1788f8e0cw20h20,brilliant-diamond-shining-pearl
black-belt,https://cdn.pokedb.org/3154a25d36c7b91b9b3fef6fbb06d5b8461a2ea7b93bc8a6b730c88f0053701f,https://cdn.pokedb.org/3154a25d36c7b91b9b3fef6fbb06d5b8461a2ea7b93bc8a6b730c88f0053701fw20h20,scarlet-violet
black-flute,https://cdn.pokedb.org/e7249806d785760ec3aba042be3046c6c8c51f1f4b9bb4bbf84d5c1930828354,https://cdn.pokedb.org/e7249806d785760ec3aba042be3046c6c8c51f1f4b9bb4bbf84d5c1930828354w20h20,firered-leafgreen
black-glasses,https://cdn.pokedb.org/7e560f54a5044aa931039da70ca4458f7f6e0c12883c187b2ce979ce57cf4670,https://cdn.pokedb.org/7e560f54a5044aa931039da70ca4458f7f6e0c12883c187b2ce979ce57cf4670w20h20,brilliant-diamond-shining-pearl
black-glasses,https://cdn.pokedb.org/26324eb12cf25ef924e81b6bd55f17867d89e6dbc6e130383d6e6ab6f34190f0,https://cdn.pokedb.org/26324eb12cf25ef924e81b6bd55f17867d89e6dbc6e130383d6e6ab6f34190f0w20h20,firered-leafgreen
black-glasses,https://cdn.pokedb.org/50234b729a8149be71f490f9604b1bacf732b4b793ba3cc95f48cdb4343ee435,https://cdn.pokedb.org/50234b729a8149be71f490f9604b1bacf732b4b793ba3cc95f48cdb4343ee435w20h20,scarlet-violet
black-mane-hair,https://cdn.pokedb.org/2bbfc6b00dfb6916d300256d3ceb2515d16d63a5bab093ab559fc25706a797dc,https://cdn.pokedb.org/2bbfc6b00dfb6916d300256d3ceb2515d16d63a5bab093ab559fc25706a797dcw20h20,sword-shield
black-sludge,https://cdn.pokedb.org/287d31ffb9a6fcef7d1b612be2776db0cadc34d94315cd27b1c341f7c7b71cdd,https://cdn.pokedb.org/287d31ffb9a6fcef7d1b612be2776db0cadc34d94315cd27b1c341f7c7b71cddw20h20,scarlet-violet
black-sludge,https://cdn.pokedb.org/3c56aad05bc3a030a7cef944e8bb0bd0d16b85fa07d59345eed944b0ce379403,https://cdn.pokedb.org/3c56aad05bc3a030a7cef944e8bb0bd0d16b85fa07d59345eed944b0ce379403w20h20,brilliant-diamond-shining-pearl
black-sludge,https://cdn.pokedb.org/1e51a5a9c398020d86d3c1c5c2dfba260e0869532428e227557408949e013dc5,https://cdn.pokedb.org/1e51a5a9c398020d86d3c1c5c2dfba260e0869532428e227557408949e013dc5w20h20,diamond-pearl
blank-plate,https://cdn.pokedb.org/15c516d3cc44eab0300cc6a86e5562bdc53e9234bc88a2ec12fc703341434349,https://cdn.pokedb.org/15c516d3cc44eab0300cc6a86e5562bdc53e9234bc88a2ec12fc703341434349w20h20,scarlet-violet
blank-plate,https://cdn.pokedb.org/05a53ce5be0a07710b207f39b6d3fac4b50af8de4bc2e315f4731b5babcfb0db,https://cdn.pokedb.org/05a53ce5be0a07710b207f39b6d3fac4b50af8de4bc2e315f4731b5babcfb0dbw20h20,legends-arceus
blastoisinite,https://cdn.pokedb.org/ccba2739d66b8c387441fc864d27a04aea76d4fefdf38a3f313a26297adab66b,https://cdn.pokedb.org/ccba2739d66b8c387441fc864d27a04aea76d4fefdf38a3f313a26297adab66bw20h20,x-y
blazikenite,https://cdn.pokedb.org/5c05f2bffb00b6126ea4e9667db3099dc92ca877410ee6e115f5545096542f15,https://cdn.pokedb.org/5c05f2bffb00b6126ea4e9667db3099dc92ca877410ee6e115f5545096542f15w20h20,x-y
blitzle-mane-hair,https://cdn.pokedb.org/d93fb90bdc2ee50ccb8f262d9e69f5cbd26e7e6c1bbbc5a2d18d5302aa55ed45,https://cdn.pokedb.org/d93fb90bdc2ee50ccb8f262d9e69f5cbd26e7e6c1bbbc5a2d18d5302aa55ed45w20h20,scarlet-violet
bloom-mail,https://cdn.pokedb.org/c4e312014c1867e13275e4670f38ff8058c45618723df522a7671101633c98f4,https://cdn.pokedb.org/c4e312014c1867e13275e4670f38ff8058c45618723df522a7671101633c98f4w20h20,diamond-pearl
blue-apricorn,https://cdn.pokedb.org/7e595b412f27bfc6d91e8b9c04b7037a4ab7a9962c87d93b8f11d6f39dbd8afb,https://cdn.pokedb.org/7e595b412f27bfc6d91e8b9c04b7037a4ab7a9962c87d93b8f11d6f39dbd8afbw20h20,scarlet-violet
blue-apricorn,https://cdn.pokedb.org/c04d29ec1a63628e48c1f4a4636bdfdf23752a3d3fb1baffe457a4c84340b0ec,https://cdn.pokedb.org/c04d29ec1a63628e48c1f4a4636bdfdf23752a3d3fb1baffe457a4c84340b0ecw20h20,heartgold-soulsilver
blue-bottle,https://cdn.pokedb.org/69295ed4a7b4fa84f5af830ac5945b1da8d4889391e7886c6432ab9c16239824,https://cdn.pokedb.org/69295ed4a7b4fa84f5af830ac5945b1da8d4889391e7886c6432ab9c16239824w20h20,scarlet-violet
blue-card,https://cdn.pokedb.org/4a932f550a507ebb25668b98571b9f39a6d95c6c69680650d8bdbb1e47eda66e,https://cdn.pokedb.org/4a932f550a507ebb25668b98571b9f39a6d95c6c69680650d8bdbb1e47eda66ew20h20,heartgold-soulsilver
blue-cup,https://cdn.pokedb.org/69295ed4a7b4fa84f5af830ac5945b1da8d4889391e7886c6432ab9c16239824,https://cdn.pokedb.org/69295ed4a7b4fa84f5af830ac5945b1da8d4889391e7886c6432ab9c16239824w20h20,scarlet-violet
blue-dish,https://cdn.pokedb.org/69295ed4a7b4fa84f5af830ac5945b1da8d4889391e7886c6432ab9c16239824,https://cdn.pokedb.org/69295ed4a7b4fa84f5af830ac5945b1da8d4889391e7886c6432ab9c16239824w20h20,scarlet-violet
blue-flag-pick,https://cdn.pokedb.org/69295ed4a7b4fa84f5af830ac5945b1da8d4889391e7886c6432ab9c16239824,https://cdn.pokedb.org/69295ed4a7b4fa84f5af830ac5945b1da8d4889391e7886c6432ab9c16239824w20h20,scarlet-violet
blue-flute,https://cdn.pokedb.org/6e6b77b70e9e2d7cf1fd0887f0b5853e5becb193daacccc0fcc65cc58660ba79,https://cdn.pokedb.org/6e6b77b70e9e2d7cf1fd0887f0b5853e5becb193daacccc0fcc65cc58660ba79w20h20,firered-leafgreen
blue-orb,https://cdn.pokedb.org/272bbb8e8b44e826c884a5513b026a7c1670ab0f2f5ef996516390f380c590c6,https://cdn.pokedb.org/272bbb8e8b44e826c884a5513b026a7c1670ab0f2f5ef996516390f380c590c6w20h20,heartgold-soulsilver
blue-orb,https://cdn.pokedb.org/06bd1e4ec03de2840a3c3f8676fa06adce55ec914d32cab5045fdca03f82a61a,https://cdn.pokedb.org/06bd1e4ec03de2840a3c3f8676fa06adce55ec914d32cab5045fdca03f82a61aw20h20,firered-leafgreen
blue-orb,https://cdn.pokedb.org/9fe36c6907c5f9c87a5350c06b281241b788a994e9722d552c1022486ad1aa96,https://cdn.pokedb.org/9fe36c6907c5f9c87a5350c06b281241b788a994e9722d552c1022486ad1aa96w20h20,platinum
blue-petal,https://cdn.pokedb.org/2cc374df4078bf09068bf16060866b9df7f500845e380e370034f34cb12b5cd1,https://cdn.pokedb.org/2cc374df4078bf09068bf16060866b9df7f500845e380e370034f34cb12b5cd1w20h20,ultra-sun-ultra-moon
blue-petal,https://cdn.pokedb.org/08730edc2febcfea6a67d67952034ac4d87e375b46749809c5aee71cd0fd41a6,https://cdn.pokedb.org/08730edc2febcfea6a67d67952034ac4d87e375b46749809c5aee71cd0fd41a6w20h20,ultra-sun-ultra-moon
blue-poke-ball-pick,https://cdn.pokedb.org/69295ed4a7b4fa84f5af830ac5945b1da8d4889391e7886c6432ab9c16239824,https://cdn.pokedb.org/69295ed4a7b4fa84f5af830ac5945b1da8d4889391e7886c6432ab9c16239824w20h20,scarlet-violet
blue-scarf,https://cdn.pokedb.org/33d73b7bbfa64ce5d51c090f9be8e7c25c964ce3764ec17fc9ac02cceee4fcc7,https://cdn.pokedb.org/33d73b7bbfa64ce5d51c090f9be8e7c25c964ce3764ec17fc9ac02cceee4fcc7w20h20,firered-leafgreen
blue-scarf,https://cdn.pokedb.org/640b95b5fe482f33b6852ffa3efc55d17a00f18a08ae4b434f0567a92cd77e8f,https://cdn.pokedb.org/640b95b5fe482f33b6852ffa3efc55d17a00f18a08ae4b434f0567a92cd77e8fw20h20,brilliant-diamond-shining-pearl
blue-shard,https://cdn.pokedb.org/876c49500d7f51232cb3f99f0ee0b81eda5b83cdac3056c9b38f61334629f762,https://cdn.pokedb.org/876c49500d7f51232cb3f99f0ee0b81eda5b83cdac3056c9b38f61334629f762w20h20,firered-leafgreen
blue-shard,https://cdn.pokedb.org/53c0316d502b1929b2ea37e97fb5254cb69bea76033643a6d339f67ae256445a,https://cdn.pokedb.org/53c0316d502b1929b2ea37e97fb5254cb69bea76033643a6d339f67ae256445aw20h20,brilliant-diamond-shining-pearl
blue-shard,https://cdn.pokedb.org/72155118dfa385c5b92ad861574b52a67267fe84885ce2eae364ee661b12f192,https://cdn.pokedb.org/72155118dfa385c5b92ad861574b52a67267fe84885ce2eae364ee661b12f192w20h20,legends-arceus
blue-sky-flower-pick,https://cdn.pokedb.org/69295ed4a7b4fa84f5af830ac5945b1da8d4889391e7886c6432ab9c16239824,https://cdn.pokedb.org/69295ed4a7b4fa84f5af830ac5945b1da8d4889391e7886c6432ab9c16239824w20h20,scarlet-violet
blue-tablecloth,https://cdn.pokedb.org/69295ed4a7b4fa84f5af830ac5945b1da8d4889391e7886c6432ab9c16239824,https://cdn.pokedb.org/69295ed4a7b4fa84f5af830ac5945b1da8d4889391e7886c6432ab9c16239824w20h20,scarlet-violet
bluk-berry,https://cdn.pokedb.org/8f276d61b97baec3e4bb5f548e12f7465c51804ad722e43e251a79b8e107e6a2,https://cdn.pokedb.org/8f276d61b97baec3e4bb5f548e12f7465c51804ad722e43e251a79b8e107e6a2w20h20,brilliant-diamond-shining-pearl
bluk-berry,https://cdn.pokedb.org/16b6631c5c743cd34d834221d4438520746efdcf1201d07cb54bedcbc0ed1493,https://cdn.pokedb.org/16b6631c5c743cd34d834221d4438520746efdcf1201d07cb54bedcbc0ed1493w20h20,scarlet-violet
bluk-berry,https://cdn.pokedb.org/ea648fb2722e501fe956ac8a854b704b57c848aa7db2b534edd17378f7619d58,https://cdn.pokedb.org/ea648fb2722e501fe956ac8a854b704b57c848aa7db2b534edd17378f7619d58w20h20,ruby-sapphire
bluk-berry,https://cdn.pokedb.org/fc10178ff3951b3befa58ec1f916b6ee33328b0f1aa15fbf76320cab40e50ef9,https://cdn.pokedb.org/fc10178ff3951b3befa58ec1f916b6ee33328b0f1aa15fbf76320cab40e50ef9w20h20,firered-leafgreen
blunder-policy,https://cdn.pokedb.org/053fa31f550dfc936dbd7964dca83504b333fbc94d3bec83dd316bb43f434011,https://cdn.pokedb.org/053fa31f550dfc936dbd7964dca83504b333fbc94d3bec83dd316bb43f434011w20h20,sword-shield
blunder-policy,https://cdn.pokedb.org/c925de2dd81022a39f34e6c454352425da11446f09f92964fe03130f063eb0ab,https://cdn.pokedb.org/c925de2dd81022a39f34e6c454352425da11446f09f92964fe03130f063eb0abw20h20,scarlet-violet
bobs-food-tin,https://cdn.pokedb.org/5ef7c53424078815a3bc5371bc04e52eebfad4a6944526fb7a31e476eefa456e,https://cdn.pokedb.org/5ef7c53424078815a3bc5371bc04e52eebfad4a6944526fb7a31e476eefa456ew20h20,sword-shield
boiled-egg,https://cdn.pokedb.org/c5f63881bb728fa757d7d0f922d5565235e7610ddbbe12646f60ae372224a184,https://cdn.pokedb.org/c5f63881bb728fa757d7d0f922d5565235e7610ddbbe12646f60ae372224a184w20h20,sword-shield
bold-mint,https://cdn.pokedb.org/1362b3ecc02b0b4d31a95eb6fa3bf6b59edc4cc7fabc05514327d1ece58e2392,https://cdn.pokedb.org/1362b3ecc02b0b4d31a95eb6fa3bf6b59edc4cc7fabc05514327d1ece58e2392w20h20,sword-shield
bold-mint,https://cdn.pokedb.org/6f1dca863b6421f148a96decb14edd490a3740127a8bb86e58ac2fddcef69efc,https://cdn.pokedb.org/6f1dca863b6421f148a96decb14edd490a3740127a8bb86e58ac2fddcef69efcw20h20,scarlet-violet
bold-mint,https://cdn.pokedb.org/ac886e7ea476a067534d84dbfb2772153df01d6906363f339d4dab95ebbff618,https://cdn.pokedb.org/ac886e7ea476a067534d84dbfb2772153df01d6906363f339d4dab95ebbff618w20h20,legends-arceus
bold-mint,https://cdn.pokedb.org/e85f7a2e8acc9646df7a89b24e7a19e9908b0593a231e781ae3610972947db77,https://cdn.pokedb.org/e85f7a2e8acc9646df7a89b24e7a19e9908b0593a231e781ae3610972947db77w20h20,brilliant-diamond-shining-pearl
bombirdier-feather,https://cdn.pokedb.org/d93fb90bdc2ee50ccb8f262d9e69f5cbd26e7e6c1bbbc5a2d18d5302aa55ed45,https://cdn.pokedb.org/d93fb90bdc2ee50ccb8f262d9e69f5cbd26e7e6c1bbbc5a2d18d5302aa55ed45w20h20,scarlet-violet
bonsly-tears,https://cdn.pokedb.org/d93fb90bdc2ee50ccb8f262d9e69f5cbd26e7e6c1bbbc5a2d18d5302aa55ed45,https://cdn.pokedb.org/d93fb90bdc2ee50ccb8f262d9e69f5cbd26e7e6c1bbbc5a2d18d5302aa55ed45w20h20,scarlet-violet
boost-mulch,https://cdn.pokedb.org/4016c43612f1dbc9ad67f70eafc42d036bda748b9a3042a71ec90b42156ec71c,https://cdn.pokedb.org/4016c43612f1dbc9ad67f70eafc42d036bda748b9a3042a71ec90b42156ec71cw20h20,x-y
booster-energy,https://cdn.pokedb.org/6beae5571ab05d3dc7faba5c4078873456113100048c527a93f4b56ba0cb7583,https://cdn.pokedb.org/6beae5571ab05d3dc7faba5c4078873456113100048c527a93f4b56ba0cb7583w20h20,scarlet-violet
bottle-cap,https://cdn.pokedb.org/80094e0f6aaa30998b212795ef921c390a87e2177b71ad272d201391045633b6,https://cdn.pokedb.org/80094e0f6aaa30998b212795ef921c390a87e2177b71ad272d201391045633b6w20h20,sun-moon
bottle-cap,https://cdn.pokedb.org/f8c51480f93a01cc3e003054665f6cb8c5fe6f2797b977733cccd615af429916,https://cdn.pokedb.org/f8c51480f93a01cc3e003054665f6cb8c5fe6f2797b977733cccd615af429916w20h20,scarlet-violet
bottle-cap,https://cdn.pokedb.org/b1573a5066ebba472144b246fca42444a52ac7f64e64de62203be007bfccbfce,https://cdn.pokedb.org/b1573a5066ebba472144b246fca42444a52ac7f64e64de62203be007bfccbfcew20h20,brilliant-diamond-shining-pearl
bounsweet-sweat,https://cdn.pokedb.org/d93fb90bdc2ee50ccb8f262d9e69f5cbd26e7e6c1bbbc5a2d18d5302aa55ed45,https://cdn.pokedb.org/d93fb90bdc2ee50ccb8f262d9e69f5cbd26e7e6c1bbbc5a2d18d5302aa55ed45w20h20,scarlet-violet
bramblin-twig,https://cdn.pokedb.org/d93fb90bdc2ee50ccb8f262d9e69f5cbd26e7e6c1bbbc5a2d18d5302aa55ed45,https://cdn.pokedb.org/d93fb90bdc2ee50ccb8f262d9e69f5cbd26e7e6c1bbbc5a2d18d5302aa55ed45w20h20,scarlet-violet
brave-mint,https://cdn.pokedb.org/3c3c93e9e93bf903b498872b33df965a7c5906e9ea46eaf6fb2ff1496372affa,https://cdn.pokedb.org/3c3c93e9e93bf903b498872b33df965a7c5906e9ea46eaf6fb2ff1496372affaw20h20,legends-arceus
brave-mint,https://cdn.pokedb.org/ece497e0a0dbcd4f454ef867d6c9f1f575d03991c398cb165bdddc473fbe0e4b,https://cdn.pokedb.org/ece497e0a0dbcd4f454ef867d6c9f1f575d03991c398cb165bdddc473fbe0e4bw20h20,scarlet-violet
brave-mint,https://cdn.pokedb.org/b8cadfad7b6c01881e58f2ea97bed17c281e03b15457d5f45dee065f0c5c93cc,https://cdn.pokedb.org/b8cadfad7b6c01881e58f2ea97bed17c281e03b15457d5f45dee065f0c5c93ccw20h20,brilliant-diamond-shining-pearl
brave-mint,https://cdn.pokedb.org/312f0b21196ba99b831a9280aeeb72da1938f7b37ecbe337c5716b0e2dc5342e,https://cdn.pokedb.org/312f0b21196ba99b831a9280aeeb72da1938f7b37ecbe337c5716b0e2dc5342ew20h20,sword-shield
bread,https://cdn.pokedb.org/0d392471a38042563f2d19911d6729c3df89a8aa91fc9b10bfc670bdc3895ace,https://cdn.pokedb.org/0d392471a38042563f2d19911d6729c3df89a8aa91fc9b10bfc670bdc3895acew20h20,sword-shield
brick-mail,https://cdn.pokedb.org/de224ab449157e7a95a7ce3aafaf0586b9cfca0f7fd4925cb4a694d70ad10153,https://cdn.pokedb.org/de224ab449157e7a95a7ce3aafaf0586b9cfca0f7fd4925cb4a694d70ad10153w20h20,diamond-pearl
bridgemail-d,https://cdn.pokedb.org/de5e754f252f1a7669ed17dd83c76cd7542c9735e979bbf460a13dbabc574882,https://cdn.pokedb.org/de5e754f252f1a7669ed17dd83c76cd7542c9735e979bbf460a13dbabc574882w20h20,black-white
bridgemail-m,https://cdn.pokedb.org/b0cece5f644611c9c49c529c1476c16df693376abb265080d26d0d60dd848082,https://cdn.pokedb.org/b0cece5f644611c9c49c529c1476c16df693376abb265080d26d0d60dd848082w20h20,black-white
bridgemail-s,https://cdn.pokedb.org/c22b93440e532ea33c379b9bac8684c950569a0bf31e1cb9ceaf8a5817753aba,https://cdn.pokedb.org/c22b93440e532ea33c379b9bac8684c950569a0bf31e1cb9ceaf8a5817753abaw20h20,black-white
bridgemail-t,https://cdn.pokedb.org/f3c9083074ced6b6abab17da2acdf497c9f96f23b4a9f618b627f4c79c02e1e2,https://cdn.pokedb.org/f3c9083074ced6b6abab17da2acdf497c9f96f23b4a9f618b627f4c79c02e1e2w20h20,black-white
bridgemail-v,https://cdn.pokedb.org/6cadb480147aacc9c1f153370050d9ad0e3f04c921ef3e7040e2bcec9c98bdbe,https://cdn.pokedb.org/6cadb480147aacc9c1f153370050d9ad0e3f04c921ef3e7040e2bcec9c98bdbew20h20,black-white
bright-powder,https://cdn.pokedb.org/a02674b303cbbe74e84e78eb8bca283e83dd569a3e9a6bac8415f00d3b3ddd3b,https://cdn.pokedb.org/a02674b303cbbe74e84e78eb8bca283e83dd569a3e9a6bac8415f00d3b3ddd3bw20h20,brilliant-diamond-shining-pearl
bright-powder,https://cdn.pokedb.org/68d158041ab29a91d1f68c786583b3ef1c7dc6998bb264dcbe3f6587af1b1b52,https://cdn.pokedb.org/68d158041ab29a91d1f68c786583b3ef1c7dc6998bb264dcbe3f6587af1b1b52w20h20,scarlet-violet
bright-powder,https://cdn.pokedb.org/25413e7b33d2199bc47b8cbf23244bddb60588b6d7aa747cfbfb0642bbd70a3e,https://cdn.pokedb.org/25413e7b33d2199bc47b8cbf23244bddb60588b6d7aa747cfbfb0642bbd70a3ew20h20,firered-leafgreen
brittle-bones,https://cdn.pokedb.org/df4a54015f42cda85133520f06ad105527f895f01c676738726374118a124ea6,https://cdn.pokedb.org/df4a54015f42cda85133520f06ad105527f895f01c676738726374118a124ea6w20h20,sword-shield
bronze-bottle,https://cdn.pokedb.org/69295ed4a7b4fa84f5af830ac5945b1da8d4889391e7886c6432ab9c16239824,https://cdn.pokedb.org/69295ed4a7b4fa84f5af830ac5945b1da8d4889391e7886c6432ab9c16239824w20h20,scarlet-violet
bronze-cup,https://cdn.pokedb.org/69295ed4a7b4fa84f5af830ac5945b1da8d4889391e7886c6432ab9c16239824,https://cdn.pokedb.org/69295ed4a7b4fa84f5af830ac5945b1da8d4889391e7886c6432ab9c16239824w20h20,scarlet-violet
bronzor-fragment,https://cdn.pokedb.org/d93fb90bdc2ee50ccb8f262d9e69f5cbd26e7e6c1bbbc5a2d18d5302aa55ed45,https://cdn.pokedb.org/d93fb90bdc2ee50ccb8f262d9e69f5cbd26e7e6c1bbbc5a2d18d5302aa55ed45w20h20,scarlet-violet
bruxish-tooth,https://cdn.pokedb.org/d93fb90bdc2ee50ccb8f262d9e69f5cbd26e7e6c1bbbc5a2d18d5302aa55ed45,https://cdn.pokedb.org/d93fb90bdc2ee50ccb8f262d9e69f5cbd26e7e6c1bbbc5a2d18d5302aa55ed45w20h20,scarlet-violet
bubble-mail,https://cdn.pokedb.org/eb09af05356093dadd5fd6a1f2c8e40f5dc58280383d4b31ccc674d59054872e,https://cdn.pokedb.org/eb09af05356093dadd5fd6a1f2c8e40f5dc58280383d4b31ccc674d59054872ew20h20,diamond-pearl
bug-gem,https://cdn.pokedb.org/ba3be33a6666185e046c098f2bf9f50c17640cefa5dd58d2db5b5260934d967b,https://cdn.pokedb.org/ba3be33a6666185e046c098f2bf9f50c17640cefa5dd58d2db5b5260934d967bw20h20,black-white
bug-memory,https://cdn.pokedb.org/e48413b4d056dfef66afcfbf85aca2a9068ebc6a280219bf72cdc3923912278f,https://cdn.pokedb.org/e48413b4d056dfef66afcfbf85aca2a9068ebc6a280219bf72cdc3923912278fw20h20,sun-moon
bug-tera-shard,https://cdn.pokedb.org/385be2547041c207ebaec580461334cb8bafd93fc824396432d417e0a8a250a9,https://cdn.pokedb.org/385be2547041c207ebaec580461334cb8bafd93fc824396432d417e0a8a250a9w20h20,scarlet-violet
buginium-z,https://cdn.pokedb.org/aa29d8d1376c901c62c82394a4932cd5ae1cd577965874de842cfbaf6d63419d,https://cdn.pokedb.org/aa29d8d1376c901c62c82394a4932cd5ae1cd577965874de842cfbaf6d63419dw20h20,sun-moon
buginium-z,https://cdn.pokedb.org/4ee89a0497514ad0673dd5b836372ff70271f213dd67f100186b0d7a98039ccc,https://cdn.pokedb.org/4ee89a0497514ad0673dd5b836372ff70271f213dd67f100186b0d7a98039cccw20h20,sun-moon
buizel-fur,https://cdn.pokedb.org/d93fb90bdc2ee50ccb8f262d9e69f5cbd26e7e6c1bbbc5a2d18d5302aa55ed45,https://cdn.pokedb.org/d93fb90bdc2ee50ccb8f262d9e69f5cbd26e7e6c1bbbc5a2d18d5302aa55ed45w20h20,scarlet-violet
bulbasaur-candy,https://cdn.pokedb.org/8c8ddf929137859b3a65427dfcae71cf950eb25b3bb1f564742c7c750776964a,https://cdn.pokedb.org/8c8ddf929137859b3a65427dfcae71cf950eb25b3bb1f564742c7c750776964aw20h20,go
burn-drive,https://cdn.pokedb.org/cdfb2a8aca5bc5584a739ae57978839609b1df1798202b420ffc8d3f3ee0ed08,https://cdn.pokedb.org/cdfb2a8aca5bc5584a739ae57978839609b1df1798202b420ffc8d3f3ee0ed08w20h20,black-white
burn-heal,https://cdn.pokedb.org/7ba01100bd6d9a5dfd0ca0e3eac761fca4edaa99ed57a73c08dbaa924fe2ffc0,https://cdn.pokedb.org/7ba01100bd6d9a5dfd0ca0e3eac761fca4edaa99ed57a73c08dbaa924fe2ffc0w20h20,firered-leafgreen
burn-heal,https://cdn.pokedb.org/50232e81cf9085627bc16154ef828ee53a28bc944be40cdfbeec9cf03430bae9,https://cdn.pokedb.org/50232e81cf9085627bc16154ef828ee53a28bc944be40cdfbeec9cf03430bae9w20h20,scarlet-violet
burn-heal,https://cdn.pokedb.org/d08a12dfaa618abcd223e616bd3584005ce3ad9cbc8f623e3196048a569328b1,https://cdn.pokedb.org/d08a12dfaa618abcd223e616bd3584005ce3ad9cbc8f623e3196048a569328b1w20h20,brilliant-diamond-shining-pearl
burn-heal,https://cdn.pokedb.org/0feea7bb8c457c5cc40800f7226bc6a43bdb4c602d7580b1e19d7da439b828c9,https://cdn.pokedb.org/0feea7bb8c457c5cc40800f7226bc6a43bdb4c602d7580b1e19d7da439b828c9w20h20,black-white
butter,https://cdn.pokedb.org/d76ec377c9d1f1b97e23f08d5926a8a3456211faa1e7a5ffe864bffe9ea7554a,https://cdn.pokedb.org/d76ec377c9d1f1b97e23f08d5926a8a3456211faa1e7a5ffe864bffe9ea7554aw20h20,scarlet-violet
bw-grass-chairs,https://cdn.pokedb.org/69295ed4a7b4fa84f5af830ac5945b1da8d4889391e7886c6432ab9c16239824,https://cdn.pokedb.org/69295ed4a7b4fa84f5af830ac5945b1da8d4889391e7886c6432ab9c16239824w20h20,scarlet-violet
bw-grass-tablecloth,https://cdn.pokedb.org/69295ed4a7b4fa84f5af830ac5945b1da8d4889391e7886c6432ab9c16239824,https://cdn.pokedb.org/69295ed4a7b4fa84f5af830ac5945b1da8d4889391e7886c6432ab9c16239824w20h20,scarlet-violet
cacnea-needle,https://cdn.pokedb.org/d93fb90bdc2ee50ccb8f262d9e69f5cbd26e7e6c1bbbc5a2d18d5302aa55ed45,https://cdn.pokedb.org/d93fb90bdc2ee50ccb8f262d9e69f5cbd26e7e6c1bbbc5a2d18d5302aa55ed45w20h20,scarlet-violet
calcium,https://cdn.pokedb.org/b4bc9732686b9348eb9896f73eec3cf870ff9cdf953135c4da090e0dc4970b88,https://cdn.pokedb.org/b4bc9732686b9348eb9896f73eec3cf870ff9cdf953135c4da090e0dc4970b88w20h20,firered-leafgreen
calcium,https://cdn.pokedb.org/5efa83d07d5d21f30733dc6cb09d47f88ef2b4d8cdf3976eab9865044c155291,https://cdn.pokedb.org/5efa83d07d5d21f30733dc6cb09d47f88ef2b4d8cdf3976eab9865044c155291w20h20,scarlet-violet
calcium,https://cdn.pokedb.org/6a326ca5969e5c151a894ed5f89a0dece5460e064d5e03143c446f4630e0593d,https://cdn.pokedb.org/6a326ca5969e5c151a894ed5f89a0dece5460e064d5e03143c446f4630e0593dw20h20,brilliant-diamond-shining-pearl
calm-mint,https://cdn.pokedb.org/7fe1e6d24293756531291dddf0c4df20f29c20953658d7c7b868037d9e2a1b96,https://cdn.pokedb.org/7fe1e6d24293756531291dddf0c4df20f29c20953658d7c7b868037d9e2a1b96w20h20,scarlet-violet
calm-mint,https://cdn.pokedb.org/25a23c25190c66d954c49f5af4fa17cab18e09968973209f3066b0321575f90d,https://cdn.pokedb.org/25a23c25190c66d954c49f5af4fa17cab18e09968973209f3066b0321575f90dw20h20,sword-shield
calm-mint,https://cdn.pokedb.org/016e0839130f647c52e9cc0c39c7fa9c5d7dd96d86f93fa9bd5c2d0af935a3f6,https://cdn.pokedb.org/016e0839130f647c52e9cc0c39c7fa9c5d7dd96d86f93fa9bd5c2d0af935a3f6w20h20,brilliant-diamond-shining-pearl
calm-mint,https://cdn.pokedb.org/cafd2d51761c70a3b8bf5c6845c31dbbb1f58e53e382cbaa7f46c949b1911554,https://cdn.pokedb.org/cafd2d51761c70a3b8bf5c6845c31dbbb1f58e53e382cbaa7f46c949b1911554w20h20,legends-arceus
cameruptite,https://cdn.pokedb.org/61a6081d4cb8fce42b022810b4cb334127056596942a622aa50f21774366709b,https://cdn.pokedb.org/61a6081d4cb8fce42b022810b4cb334127056596942a622aa50f21774366709bw20h20,platinum
camping-gear,https://cdn.pokedb.org/0803fd48f96a673da34bb912b955b4159f96d9cc8297bd0a29dfe0de46607d03,https://cdn.pokedb.org/0803fd48f96a673da34bb912b955b4159f96d9cc8297bd0a29dfe0de46607d03w20h20,sword-shield
candy-jar,https://cdn.pokedb.org/412de2546a56e62b7a04f09c8739c7c4e3a06c06168f72aba7f4e595d7b1051f,https://cdn.pokedb.org/412de2546a56e62b7a04f09c8739c7c4e3a06c06168f72aba7f4e595d7b1051fw20h20,lets-go-pikachu-lets-go-eevee
capsakid-seed,https://cdn.pokedb.org/d93fb90bdc2ee50ccb8f262d9e69f5cbd26e7e6c1bbbc5a2d18d5302aa55ed45,https://cdn.pokedb.org/d93fb90bdc2ee50ccb8f262d9e69f5cbd26e7e6c1bbbc5a2d18d5302aa55ed45w20h20,scarlet-violet
carbink-jewel,https://cdn.pokedb.org/d93fb90bdc2ee50ccb8f262d9e69f5cbd26e7e6c1bbbc5a2d18d5302aa55ed45,https://cdn.pokedb.org/d93fb90bdc2ee50ccb8f262d9e69f5cbd26e7e6c1bbbc5a2d18d5302aa55ed45w20h20,scarlet-violet
carbos,https://cdn.pokedb.org/39fb77cd0e23b53d12c081f296532acb3819be0515df062a93ebf6287bd2f96b,https://cdn.pokedb.org/39fb77cd0e23b53d12c081f296532acb3819be0515df062a93ebf6287bd2f96bw20h20,scarlet-violet
carbos,https://cdn.pokedb.org/8ce43ea5d0df55a7ade677ea360ed7760c513b666d373c89873abbd92fb77b59,https://cdn.pokedb.org/8ce43ea5d0df55a7ade677ea360ed7760c513b666d373c89873abbd92fb77b59w20h20,brilliant-diamond-shining-pearl
carbos,https://cdn.pokedb.org/16b2ee7b3ba32d38bc5ee2c49de32e654f1779145f1b1e26338e3a55268f9051,https://cdn.pokedb.org/16b2ee7b3ba32d38bc5ee2c49de32e654f1779145f1b1e26338e3a55268f9051w20h20,firered-leafgreen
card-key-johto,https://cdn.pokedb.org/7b4089ccfe14847def67688242db52320b913a5961d3645ccbe2769bf04f1527,https://cdn.pokedb.org/7b4089ccfe14847def67688242db52320b913a5961d3645ccbe2769bf04f1527w20h20,diamond-pearl
card-key-kanto,https://cdn.pokedb.org/929beceebcef7ab51dee5200a0b814e7a3160ffca4a6d9562cfba83274d37bba,https://cdn.pokedb.org/929beceebcef7ab51dee5200a0b814e7a3160ffca4a6d9562cfba83274d37bbaw20h20,firered-leafgreen
careful-mint,https://cdn.pokedb.org/7fe1e6d24293756531291dddf0c4df20f29c20953658d7c7b868037d9e2a1b96,https://cdn.pokedb.org/7fe1e6d24293756531291dddf0c4df20f29c20953658d7c7b868037d9e2a1b96w20h20,scarlet-violet
careful-mint,https://cdn.pokedb.org/cafd2d51761c70a3b8bf5c6845c31dbbb1f58e53e382cbaa7f46c949b1911554,https://cdn.pokedb.org/cafd2d51761c70a3b8bf5c6845c31dbbb1f58e53e382cbaa7f46c949b1911554w20h20,legends-arceus
careful-mint,https://cdn.pokedb.org/016e0839130f647c52e9cc0c39c7fa9c5d7dd96d86f93fa9bd5c2d0af935a3f6,https://cdn.pokedb.org/016e0839130f647c52e9cc0c39c7fa9c5d7dd96d86f93fa9bd5c2d0af935a3f6w20h20,brilliant-diamond-shining-pearl
careful-mint,https://cdn.pokedb.org/25a23c25190c66d954c49f5af4fa17cab18e09968973209f3066b0321575f90d,https://cdn.pokedb.org/25a23c25190c66d954c49f5af4fa17cab18e09968973209f3066b0321575f90dw20h20,sword-shield
carrot-seeds,https://cdn.pokedb.org/7ea6a204362db6395412d96cd71f6bd4a915e79d3d11bd64a7464e7444b3edd3,https://cdn.pokedb.org/7ea6a204362db6395412d96cd71f6bd4a915e79d3d11bd64a7464e7444b3edd3w20h20,sword-shield
casteliacone,https://cdn.pokedb.org/e64aba2bfe23398cc5b02d90d42eab8f0186e110f68bbd74ab93326fc36cd0f4,https://cdn.pokedb.org/e64aba2bfe23398cc5b02d90d42eab8f0186e110f68bbd74ab93326fc36cd0f4w20h20,black-white
catching-charm,https://cdn.pokedb.org/09d1cb49317b18dc625de424f559c4005a708cc568a86b312a3a4b749924afd5,https://cdn.pokedb.org/09d1cb49317b18dc625de424f559c4005a708cc568a86b312a3a4b749924afd5w20h20,brilliant-diamond-shining-pearl
catching-charm,https://cdn.pokedb.org/6f5e2de8c9334dc75859158ced0fe19f3b67c8676565ed59fdff0a378d8b0607,https://cdn.pokedb.org/6f5e2de8c9334dc75859158ced0fe19f3b67c8676565ed59fdff0a378d8b0607w20h20,sword-shield
catching-charm,https://cdn.pokedb.org/2419f7cd21746ca71d22f5efd02474bd4d491e44ece73723a02d40ac210d0c37,https://cdn.pokedb.org/2419f7cd21746ca71d22f5efd02474bd4d491e44ece73723a02d40ac210d0c37w20h20,scarlet-violet
catching-pocket,https://cdn.pokedb.org/ca0ef9a0f8dd7c4bf3de84241e547346db8a0f29cf3d914011f698bef1eedf4f,https://cdn.pokedb.org/ca0ef9a0f8dd7c4bf3de84241e547346db8a0f29cf3d914011f698bef1eedf4fw20h20,lets-go-pikachu-lets-go-eevee
caterpie-candy,https://cdn.pokedb.org/9a394a024983c6047112993b0a2d0b76f1e9f16f9e15ed7652ce1dadf0e7bad2,https://cdn.pokedb.org/9a394a024983c6047112993b0a2d0b76f1e9f16f9e15ed7652ce1dadf0e7bad2w20h20,go
cell-battery,https://cdn.pokedb.org/47e68e125926b51ec81b02c97ad7293b740c39e9cc5e0acd42af9827adfbaaa9,https://cdn.pokedb.org/47e68e125926b51ec81b02c97ad7293b740c39e9cc5e0acd42af9827adfbaaa9w20h20,black-white
cell-battery,https://cdn.pokedb.org/32308775b6384f1e343dce86a992720b822b564dcea6dbfa102ccf3752de859d,https://cdn.pokedb.org/32308775b6384f1e343dce86a992720b822b564dcea6dbfa102ccf3752de859dw20h20,scarlet-violet
cetoddle-grease,https://cdn.pokedb.org/d93fb90bdc2ee50ccb8f262d9e69f5cbd26e7e6c1bbbc5a2d18d5302aa55ed45,https://cdn.pokedb.org/d93fb90bdc2ee50ccb8f262d9e69f5cbd26e7e6c1bbbc5a2d18d5302aa55ed45w20h20,scarlet-violet
chalky-stone,https://cdn.pokedb.org/7bff9ccbe237cd4a2c1c63d2a8c07ba08763edfae0a959ef1ac2cf3abfebfdfc,https://cdn.pokedb.org/7bff9ccbe237cd4a2c1c63d2a8c07ba08763edfae0a959ef1ac2cf3abfebfdfcw20h20,lets-go-pikachu-lets-go-eevee
chansey-candy,https://cdn.pokedb.org/7a1f336e1bc96d205eb6e502d9d8e3b5918c543fc20e582ec6b66e8a50aead04,https://cdn.pokedb.org/7a1f336e1bc96d205eb6e502d9d8e3b5918c543fc20e582ec6b66e8a50aead04w20h20,go
charcadet-soot,https://cdn.pokedb.org/d93fb90bdc2ee50ccb8f262d9e69f5cbd26e7e6c1bbbc5a2d18d5302aa55ed45,https://cdn.pokedb.org/d93fb90bdc2ee50ccb8f262d9e69f5cbd26e7e6c1bbbc5a2d18d5302aa55ed45w20h20,scarlet-violet
charcoal,https://cdn.pokedb.org/677f45bb05f9441c5ee3aa4f85ff059ffd2373294b34293d2e28c01c817f1302,https://cdn.pokedb.org/677f45bb05f9441c5ee3aa4f85ff059ffd2373294b34293d2e28c01c817f1302w20h20,scarlet-violet
charcoal,https://cdn.pokedb.org/0c37a40117befb1cf0f24849d0096383e4195090328cae042256230e9370c218,https://cdn.pokedb.org/0c37a40117befb1cf0f24849d0096383e4195090328cae042256230e9370c218w20h20,brilliant-diamond-shining-pearl
charcoal,https://cdn.pokedb.org/e7dde30faca1aed679f32b19bbae5b66f75138fb9dff2ce506e2e1015955b00a,https://cdn.pokedb.org/e7dde30faca1aed679f32b19bbae5b66f75138fb9dff2ce506e2e1015955b00aw20h20,firered-leafgreen
charizardite-x,https://cdn.pokedb.org/f70a8940d5355d103d585eca99dc80cf96d9b473b4948e95ab626755171e4208,https://cdn.pokedb.org/f70a8940d5355d103d585eca99dc80cf96d9b473b4948e95ab626755171e4208w20h20,x-y
charizardite-y,https://cdn.pokedb.org/c69f69b2a734b1649ae368c7c252a0164dd6b077140ddf95ebfa70925a2e82b5,https://cdn.pokedb.org/c69f69b2a734b1649ae368c7c252a0164dd6b077140ddf95ebfa70925a2e82b5w20h20,x-y
charmander-candy,https://cdn.pokedb.org/db0b4e948763e4e913f50b98c1ff398c88ea78c04fd4c2888edc5667ec465251,https://cdn.pokedb.org/db0b4e948763e4e913f50b98c1ff398c88ea78c04fd4c2888edc5667ec465251w20h20,go
charti-berry,https://cdn.pokedb.org/77aed03e19b069e81ffb254019f8f673aee4da5e71c534ce897c6ff405736d4d,https://cdn.pokedb.org/77aed03e19b069e81ffb254019f8f673aee4da5e71c534ce897c6ff405736d4dw20h20,scarlet-violet
charti-berry,https://cdn.pokedb.org/99b0b55f034047fe47b9388bcf48b39e55349d3050578d13e0005615a9c10831,https://cdn.pokedb.org/99b0b55f034047fe47b9388bcf48b39e55349d3050578d13e0005615a9c10831w20h20,diamond-pearl
charti-berry,https://cdn.pokedb.org/6b36cc59d76e402a396d21c2d28a300be29d796ce40f8930581f07651992bc16,https://cdn.pokedb.org/6b36cc59d76e402a396d21c2d28a300be29d796ce40f8930581f07651992bc16w20h20,brilliant-diamond-shining-pearl
cheese,https://cdn.pokedb.org/f6976849a6f6dcb778d20b9d4dea5738a88ef638303279d23355c607e8ca29c5,https://cdn.pokedb.org/f6976849a6f6dcb778d20b9d4dea5738a88ef638303279d23355c607e8ca29c5w20h20,scarlet-violet
cheri-berry,https://cdn.pokedb.org/5be0e9c4435af459c3884036f72a021331d7bc501499c847286036b2721b5fcf,https://cdn.pokedb.org/5be0e9c4435af459c3884036f72a021331d7bc501499c847286036b2721b5fcfw20h20,brilliant-diamond-shining-pearl
cheri-berry,https://cdn.pokedb.org/53c5dd4a50d8b93cf34519dc255c4a1ba8560aad9a07443037a68e730a4f1f2c,https://cdn.pokedb.org/53c5dd4a50d8b93cf34519dc255c4a1ba8560aad9a07443037a68e730a4f1f2cw20h20,ruby-sapphire
cheri-berry,https://cdn.pokedb.org/199554aefcfec0185558983e34f45b61b870e7f922a434d0c03064aab1b1c1d4,https://cdn.pokedb.org/199554aefcfec0185558983e34f45b61b870e7f922a434d0c03064aab1b1c1d4w20h20,scarlet-violet
cheri-berry,https://cdn.pokedb.org/c352958bb80d1e3ec111423534ee804b2d3decb0a91893918225e61613da2c5f,https://cdn.pokedb.org/c352958bb80d1e3ec111423534ee804b2d3decb0a91893918225e61613da2c5fw20h20,legends-arceus
cheri-berry,https://cdn.pokedb.org/6ce69a43d1ac40ace658211e631a73a870c0f6d122ae8b9b9f33082632573713,https://cdn.pokedb.org/6ce69a43d1ac40ace658211e631a73a870c0f6d122ae8b9b9f33082632573713w20h20,firered-leafgreen
cherish-ball,https://cdn.pokedb.org/b8528c536eced82dc30d086b56f1edd13388286866e147ecfc8736e2539b2ed9,https://cdn.pokedb.org/b8528c536eced82dc30d086b56f1edd13388286866e147ecfc8736e2539b2ed9w20h20,diamond-pearl
cherish-ball,https://cdn.pokedb.org/4f5c597f455cc4756d28097ad0aa2d281195c9ed68557b2ed23f9bd23c331abc,https://cdn.pokedb.org/4f5c597f455cc4756d28097ad0aa2d281195c9ed68557b2ed23f9bd23c331abcw20h20,brilliant-diamond-shining-pearl
cherish-ball,https://cdn.pokedb.org/486700bec17654b7b44c3a8a1e1e8ba96023958105c859c16c04ef50d199aec3,https://cdn.pokedb.org/486700bec17654b7b44c3a8a1e1e8ba96023958105c859c16c04ef50d199aec3w20h20,scarlet-violet
cherish-ball,https://cdn.pokedb.org/9f68497d5346d973964a586c4d32b53ed70fdc2d3adff154377ec0955f87e35b,https://cdn.pokedb.org/9f68497d5346d973964a586c4d32b53ed70fdc2d3adff154377ec0955f87e35bw20h20,home
cherry-tomatoes,https://cdn.pokedb.org/bd21faf4069ce3e31b06522174e2ddfab5eb0dd946c3b946e8a3e1659c8052f7,https://cdn.pokedb.org/bd21faf4069ce3e31b06522174e2ddfab5eb0dd946c3b946e8a3e1659c8052f7w20h20,scarlet-violet
chesto-berry,https://cdn.pokedb.org/2b61c96c30bd9ed61afaa56f4511762911c8b6e75a5464fe16e9baed650b96c0,https://cdn.pokedb.org/2b61c96c30bd9ed61afaa56f4511762911c8b6e75a5464fe16e9baed650b96c0w20h20,ruby-sapphire
chesto-berry,https://cdn.pokedb.org/0d7aeef2b433811a5ece680345912eb45cf5aedac5e69533827919eca9520754,https://cdn.pokedb.org/0d7aeef2b433811a5ece680345912eb45cf5aedac5e69533827919eca9520754w20h20,scarlet-violet
chesto-berry,https://cdn.pokedb.org/45ce01fa5490c9c91651d2fbb6d4b79f7d664caf77e388c85d80f30105898509,https://cdn.pokedb.org/45ce01fa5490c9c91651d2fbb6d4b79f7d664caf77e388c85d80f30105898509w20h20,firered-leafgreen
chesto-berry,https://cdn.pokedb.org/b66ee4bfc864cc35bc91d91772c5c2c1970059f9464d319e3f958facb493d24a,https://cdn.pokedb.org/b66ee4bfc864cc35bc91d91772c5c2c1970059f9464d319e3f958facb493d24aw20h20,brilliant-diamond-shining-pearl
chesto-berry,https://cdn.pokedb.org/5da2c18e3ed028b6410f88d528773b4bf56cd0c81b80a63d5d52b05b785abc64,https://cdn.pokedb.org/5da2c18e3ed028b6410f88d528773b4bf56cd0c81b80a63d5d52b05b785abc64w20h20,legends-arceus
chewtle-claw,https://cdn.pokedb.org/d93fb90bdc2ee50ccb8f262d9e69f5cbd26e7e6c1bbbc5a2d18d5302aa55ed45,https://cdn.pokedb.org/d93fb90bdc2ee50ccb8f262d9e69f5cbd26e7e6c1bbbc5a2d18d5302aa55ed45w20h20,scarlet-violet
chilan-berry,https://cdn.pokedb.org/e183f95415d399d8df5b016f0914793e2d6e06852e7bb7d36bb83d21356eb2a9,https://cdn.pokedb.org/e183f95415d399d8df5b016f0914793e2d6e06852e7bb7d36bb83d21356eb2a9w20h20,scarlet-violet
chilan-berry,https://cdn.pokedb.org/bd9840fde6e03f97d225c8c70c40a22ffe2770341e6fec6e9c768fc137f473f8,https://cdn.pokedb.org/bd9840fde6e03f97d225c8c70c40a22ffe2770341e6fec6e9c768fc137f473f8w20h20,diamond-pearl
chilan-berry,https://cdn.pokedb.org/8f69f8426c2e05fb0e5c2402269cc8028d082b042215a60c89917625b332deb2,https://cdn.pokedb.org/8f69f8426c2e05fb0e5c2402269cc8028d082b042215a60c89917625b332deb2w20h20,brilliant-diamond-shining-pearl
chili-sauce,https://cdn.pokedb.org/24088987668f5b32d9c19d3cbeb8bc11336e96322fc9364466cac877d795f602,https://cdn.pokedb.org/24088987668f5b32d9c19d3cbeb8bc11336e96322fc9364466cac877d795f602w20h20,scarlet-violet
chill-drive,https://cdn.pokedb.org/bada305bab3e0118505a90c8fe77f58a3f847547f00d51e2f209136d1b102073,https://cdn.pokedb.org/bada305bab3e0118505a90c8fe77f58a3f847547f00d51e2f209136d1b102073w20h20,black-white
chingling-fragment,https://cdn.pokedb.org/d93fb90bdc2ee50ccb8f262d9e69f5cbd26e7e6c1bbbc5a2d18d5302aa55ed45,https://cdn.pokedb.org/d93fb90bdc2ee50ccb8f262d9e69f5cbd26e7e6c1bbbc5a2d18d5302aa55ed45w20h20,scarlet-violet
chipped-pot,https://cdn.pokedb.org/e080d7b09aaec5cba39d9a3ae09fa62f287c5ef110807a488d5bd3a08e9125dd,https://cdn.pokedb.org/e080d7b09aaec5cba39d9a3ae09fa62f287c5ef110807a488d5bd3a08e9125ddw20h20,sword-shield
chipped-pot,https://cdn.pokedb.org/43c0bb8d9a49e484a972cb6f57268da223133b8a593cf77d71348875932bb15d,https://cdn.pokedb.org/43c0bb8d9a49e484a972cb6f57268da223133b8a593cf77d71348875932bb15dw20h20,scarlet-violet
choice-band,https://cdn.pokedb.org/ddbf7bf435903893b2d440c235c8779ffda35071be39173fd3a4db582eb2e209,https://cdn.pokedb.org/ddbf7bf435903893b2d440c235c8779ffda35071be39173fd3a4db582eb2e209w20h20,brilliant-diamond-shining-pearl
choice-band,https://cdn.pokedb.org/d60308a6db25768fb9ab4cb47be29c257ea2e42b3f62a8703cb800d9b3fca77a,https://cdn.pokedb.org/d60308a6db25768fb9ab4cb47be29c257ea2e42b3f62a8703cb800d9b3fca77aw20h20,scarlet-violet
choice-band,https://cdn.pokedb.org/b630be32790422af83b89c655ebe629dc0527284a0e0b6e32592d7c8297ffa33,https://cdn.pokedb.org/b630be32790422af83b89c655ebe629dc0527284a0e0b6e32592d7c8297ffa33w20h20,firered-leafgreen
choice-scarf,https://cdn.pokedb.org/a049e29bde37f6052c7eb836a64bb6f7abc6cfc2cf20108d58cc86f8b2ca87fa,https://cdn.pokedb.org/a049e29bde37f6052c7eb836a64bb6f7abc6cfc2cf20108d58cc86f8b2ca87faw20h20,brilliant-diamond-shining-pearl
choice-scarf,https://cdn.pokedb.org/da251ea1a6107cab386ddf92f7c420dc37452f83b73cb8077ac5cb1a037a0e6d,https://cdn.pokedb.org/da251ea1a6107cab386ddf92f7c420dc37452f83b73cb8077ac5cb1a037a0e6dw20h20,diamond-pearl
choice-scarf,https://cdn.pokedb.org/0d010e8fc8b2124fd8c1c4a456ba3c4abe95aab2cd20d6067e0e078a13187bac,https://cdn.pokedb.org/0d010e8fc8b2124fd8c1c4a456ba3c4abe95aab2cd20d6067e0e078a13187bacw20h20,scarlet-violet
choice-specs,https://cdn.pokedb.org/4cc86b5b7b46ad0029e213086cb71f028ce6b2238a0153136c903fe086c74c26,https://cdn.pokedb.org/4cc86b5b7b46ad0029e213086cb71f028ce6b2238a0153136c903fe086c74c26w20h20,scarlet-violet
choice-specs,https://cdn.pokedb.org/f2970fcf1ba538e0eba2b591973b9f9a36e6be901bebbad5a36cdb08a025dffc,https://cdn.pokedb.org/f2970fcf1ba538e0eba2b591973b9f9a36e6be901bebbad5a36cdb08a025dffcw20h20,diamond-pearl
choice-specs,https://cdn.pokedb.org/f0691bc889c513160b1b96cb459c3bbbf843a102ba18c61dfa8397ad06184921,https://cdn.pokedb.org/f0691bc889c513160b1b96cb459c3bbbf843a102ba18c61dfa8397ad06184921w20h20,brilliant-diamond-shining-pearl
chople-berry,https://cdn.pokedb.org/a53cd16dced0ca6a8084655744125469c7bb0c280cf42a687031a212394aa135,https://cdn.pokedb.org/a53cd16dced0ca6a8084655744125469c7bb0c280cf42a687031a212394aa135w20h20,brilliant-diamond-shining-pearl
chople-berry,https://cdn.pokedb.org/a2e598fe611628434fec7acf8146dea4684a742dae80a26bc03027f1af617209,https://cdn.pokedb.org/a2e598fe611628434fec7acf8146dea4684a742dae80a26bc03027f1af617209w20h20,diamond-pearl
chople-berry,https://cdn.pokedb.org/e2948f0353ab9e37f7fbf3c12328b238801ab09e1cd1327197d99c086ff706f7,https://cdn.pokedb.org/e2948f0353ab9e37f7fbf3c12328b238801ab09e1cd1327197d99c086ff706f7w20h20,scarlet-violet
chorizo,https://cdn.pokedb.org/0b5ddcc303310bcbbf6ecb3a685ac07255674cab1b72d588d17e40f3f8c81530,https://cdn.pokedb.org/0b5ddcc303310bcbbf6ecb3a685ac07255674cab1b72d588d17e40f3f8c81530w20h20,scarlet-violet
clauncher-claw,https://cdn.pokedb.org/d93fb90bdc2ee50ccb8f262d9e69f5cbd26e7e6c1bbbc5a2d18d5302aa55ed45,https://cdn.pokedb.org/d93fb90bdc2ee50ccb8f262d9e69f5cbd26e7e6c1bbbc5a2d18d5302aa55ed45w20h20,scarlet-violet
claw-fossil,https://cdn.pokedb.org/8e8f00df2845c66e53af2a9c894ee8f1c7f544159bf775b198c8a8972f8ea5df,https://cdn.pokedb.org/8e8f00df2845c66e53af2a9c894ee8f1c7f544159bf775b198c8a8972f8ea5dfw20h20,firered-leafgreen
cleanse-tag,https://cdn.pokedb.org/abccea51c8c620d1944b711ae719b9aa11aac0c70fbea132c38044d78158bf86,https://cdn.pokedb.org/abccea51c8c620d1944b711ae719b9aa11aac0c70fbea132c38044d78158bf86w20h20,firered-leafgreen
cleanse-tag,https://cdn.pokedb.org/0c0b2af31eb12857446b7a4d2628d5fadb16191cc097c27096db9a325e5dcd4f,https://cdn.pokedb.org/0c0b2af31eb12857446b7a4d2628d5fadb16191cc097c27096db9a325e5dcd4fw20h20,brilliant-diamond-shining-pearl
cleanse-tag,https://cdn.pokedb.org/fd52ad9bf77fe0688b7ba19869806253e35cf84d96557da6e69cb2093c51ef69,https://cdn.pokedb.org/fd52ad9bf77fe0688b7ba19869806253e35cf84d96557da6e69cb2093c51ef69w20h20,scarlet-violet
clear-amulet,https://cdn.pokedb.org/bad46f82ddf4b68b7be11dbb04de4838ca1c003dbf0e450875dcda076a55191c,https://cdn.pokedb.org/bad46f82ddf4b68b7be11dbb04de4838ca1c003dbf0e450875dcda076a55191cw20h20,scarlet-violet
clear-bell,https://cdn.pokedb.org/e9b0c1fd9f13ca4cfc86a2cad7f8144f6ac54b0d9abcbd776fa00fd6a5d10d19,https://cdn.pokedb.org/e9b0c1fd9f13ca4cfc86a2cad7f8144f6ac54b0d9abcbd776fa00fd6a5d10d19w20h20,heartgold-soulsilver
clefairy-candy,https://cdn.pokedb.org/a693a2d833bafcc3ec5a2a0d7b3e6c3dfb6606f1a91af3b29016f6eb7e32f306,https://cdn.pokedb.org/a693a2d833bafcc3ec5a2a0d7b3e6c3dfb6606f1a91af3b29016f6eb7e32f306w20h20,go
cleffa-fur,https://cdn.pokedb.org/d93fb90bdc2ee50ccb8f262d9e69f5cbd26e7e6c1bbbc5a2d18d5302aa55ed45,https://cdn.pokedb.org/d93fb90bdc2ee50ccb8f262d9e69f5cbd26e7e6c1bbbc5a2d18d5302aa55ed45w20h20,scarlet-violet
clever-feather,https://cdn.pokedb.org/493718b8e2ec364541f2f87abd21f584a82f22153cbdb2b5f028f31ebf5e55c0,https://cdn.pokedb.org/493718b8e2ec364541f2f87abd21f584a82f22153cbdb2b5f028f31ebf5e55c0w20h20,brilliant-diamond-shining-pearl
clever-feather,https://cdn.pokedb.org/a6415f1fb8c5d3909534bf816d3a9c5012ab418d2e8f6034945b7508bebf76a7,https://cdn.pokedb.org/a6415f1fb8c5d3909534bf816d3a9c5012ab418d2e8f6034945b7508bebf76a7w20h20,scarlet-violet
clever-feather,https://cdn.pokedb.org/2499e4322c54d5436bc61c2775d1461dd0464a0db5d18af9be06ec57df44217e,https://cdn.pokedb.org/2499e4322c54d5436bc61c2775d1461dd0464a0db5d18af9be06ec57df44217ew20h20,black-white
clever-mochi,https://cdn.pokedb.org/928949101920d412343bcb41da81db2b0d2183a8bcd3940bb02d6ef56ddd46c0,https://cdn.pokedb.org/928949101920d412343bcb41da81db2b0d2183a8bcd3940bb02d6ef56ddd46c0w20h20,scarlet-violet
clothing-trunk,https://cdn.pokedb.org/ac72b9aaa4eb3b26ead5a7464b130ea7bbec13cc20755e0e57336e2873c420da,https://cdn.pokedb.org/ac72b9aaa4eb3b26ead5a7464b130ea7bbec13cc20755e0e57336e2873c420daw20h20,lets-go-pikachu-lets-go-eevee
clover-sweet,https://cdn.pokedb.org/7434d525c8bc3607e1342840b33ca452ce14ca12346e62f777db79213f769fc5,https://cdn.pokedb.org/7434d525c8bc3607e1342840b33ca452ce14ca12346e62f777db79213f769fc5w20h20,scarlet-violet
clover-sweet,https://cdn.pokedb.org/69d3409b8f432716a760e7a9a2af8472762e2e7b2a6d3d99432baf017bb86ef2,https://cdn.pokedb.org/69d3409b8f432716a760e7a9a2af8472762e2e7b2a6d3d99432baf017bb86ef2w20h20,sword-shield
coba-berry,https://cdn.pokedb.org/5d7da01c74bd1d065c0420df243330109325439f5b6fe28f2e635122da0251a5,https://cdn.pokedb.org/5d7da01c74bd1d065c0420df243330109325439f5b6fe28f2e635122da0251a5w20h20,diamond-pearl
coba-berry,https://cdn.pokedb.org/e0793fe9d09b4cca90f4a25f9040d060e9968cd2770468f028fa4f7d25cd3804,https://cdn.pokedb.org/e0793fe9d09b4cca90f4a25f9040d060e9968cd2770468f028fa4f7d25cd3804w20h20,brilliant-diamond-shining-pearl
coba-berry,https://cdn.pokedb.org/764387c74ccece6649817be566d238e8eff5e6942984ff70178040bbb43cc62e,https://cdn.pokedb.org/764387c74ccece6649817be566d238e8eff5e6942984ff70178040bbb43cc62ew20h20,scarlet-violet
cobalion-treat,https://cdn.pokedb.org/11396ecb0ac496e1454467b99bdc139e62287d80089b8eba679dc61d57b11c9c,https://cdn.pokedb.org/11396ecb0ac496e1454467b99bdc139e62287d80089b8eba679dc61d57b11c9cw20h20,the-indigo-disk
coconut-milk,https://cdn.pokedb.org/0f60f9789e74a0139fe3ff1c23ab411401d635efc16d33d280ba02e24a97ab27,https://cdn.pokedb.org/0f60f9789e74a0139fe3ff1c23ab411401d635efc16d33d280ba02e24a97ab27w20h20,sword-shield
coin-case,https://cdn.pokedb.org/03c743240c3f14e73765d67fd196c3c73d96d284b0f072578e8170232e4c5812,https://cdn.pokedb.org/03c743240c3f14e73765d67fd196c3c73d96d284b0f072578e8170232e4c5812w20h20,firered-leafgreen
colbur-berry,https://cdn.pokedb.org/9f30554898f0d8ed7e4370b77daed84dab0d3c728ede58d657233a6b0436f04a,https://cdn.pokedb.org/9f30554898f0d8ed7e4370b77daed84dab0d3c728ede58d657233a6b0436f04aw20h20,scarlet-violet
colbur-berry,https://cdn.pokedb.org/4c7f6785316c752eb0bb5b71d28d066ff14f6bab25a623d1e457a35dcc281a79,https://cdn.pokedb.org/4c7f6785316c752eb0bb5b71d28d066ff14f6bab25a623d1e457a35dcc281a79w20h20,brilliant-diamond-shining-pearl
colbur-berry,https://cdn.pokedb.org/ca22996905887541ad380f03e208494e10dcdd5562ac73774b39e3587b7266cb,https://cdn.pokedb.org/ca22996905887541ad380f03e208494e10dcdd5562ac73774b39e3587b7266cbw20h20,diamond-pearl
colress-machine,https://cdn.pokedb.org/47afa8fa6233abc2a59d4ba37b049c2ab81ba3e8314f1cf708e9680f9e780a87,https://cdn.pokedb.org/47afa8fa6233abc2a59d4ba37b049c2ab81ba3e8314f1cf708e9680f9e780a87w20h20,black-2-white-2
colress-machine,https://cdn.pokedb.org/ede26bbd525d2133d26b8764cbac32f9788d80c0e47af5d2faf0bcf4b889322e,https://cdn.pokedb.org/ede26bbd525d2133d26b8764cbac32f9788d80c0e47af5d2faf0bcf4b889322ew20h20,black-2-white-2
combee-honey,https://cdn.pokedb.org/d93fb90bdc2ee50ccb8f262d9e69f5cbd26e7e6c1bbbc5a2d18d5302aa55ed45,https://cdn.pokedb.org/d93fb90bdc2ee50ccb8f262d9e69f5cbd26e7e6c1bbbc5a2d18d5302aa55ed45w20h20,scarlet-violet
comet-shard,https://cdn.pokedb.org/5c1a980aba1f39f77f574be9f2e2aeb4bb8c7d9f79cbf9bb4b430e754de292a2,https://cdn.pokedb.org/5c1a980aba1f39f77f574be9f2e2aeb4bb8c7d9f79cbf9bb4b430e754de292a2w20h20,black-white
comet-shard,https://cdn.pokedb.org/a9ff6483e20ff6dc4aa7c8b15665e1c86dd7a4f67527044e0c9aff3675fbc02c,https://cdn.pokedb.org/a9ff6483e20ff6dc4aa7c8b15665e1c86dd7a4f67527044e0c9aff3675fbc02cw20h20,legends-arceus
comet-shard,https://cdn.pokedb.org/3e3f2c94ebef23ee4d55a80722dd980883cbdfee0da524288b7eec9d85590569,https://cdn.pokedb.org/3e3f2c94ebef23ee4d55a80722dd980883cbdfee0da524288b7eec9d85590569w20h20,scarlet-violet
comfey-flower,https://cdn.pokedb.org/d93fb90bdc2ee50ccb8f262d9e69f5cbd26e7e6c1bbbc5a2d18d5302aa55ed45,https://cdn.pokedb.org/d93fb90bdc2ee50ccb8f262d9e69f5cbd26e7e6c1bbbc5a2d18d5302aa55ed45w20h20,scarlet-violet
common-stone,https://cdn.pokedb.org/a862dd9bfb0b4eccbc5655b8545258fba2d4817e5fa201a144d60310417a5def,https://cdn.pokedb.org/a862dd9bfb0b4eccbc5655b8545258fba2d4817e5fa201a144d60310417a5defw20h20,x-y
contest-costume,https://cdn.pokedb.org/06ac15de6dfca8785c05e324dde4eb7a9a120d105832227e85ebb6bc1d8f0200,https://cdn.pokedb.org/06ac15de6dfca8785c05e324dde4eb7a9a120d105832227e85ebb6bc1d8f0200w20h20,platinum
contest-costume,https://cdn.pokedb.org/5be08790e2d71eb3d282a6dea79452f7ac2c5ad97ef15dbb72810d487e2c3635,https://cdn.pokedb.org/5be08790e2d71eb3d282a6dea79452f7ac2c5ad97ef15dbb72810d487e2c3635w20h20,platinum
contest-pass,https://cdn.pokedb.org/cd16b6a8200cb0e9eff23800c3b2a34b6162e22caaa0ae83e127ac60ffa61bb1,https://cdn.pokedb.org/cd16b6a8200cb0e9eff23800c3b2a34b6162e22caaa0ae83e127ac60ffa61bb1w20h20,firered-leafgreen
cornerstone-mask,https://cdn.pokedb.org/fa984117bbf47fed8ea2df9920c711507831f86c049d96b734e232c77cb9085d,https://cdn.pokedb.org/fa984117bbf47fed8ea2df9920c711507831f86c049d96b734e232c77cb9085dw20h20,scarlet-violet
cornn-berry,https://cdn.pokedb.org/46fb8da4c9eae9847ca9a3256e80fc927625672525444e81b146df76c2ce62a6,https://cdn.pokedb.org/46fb8da4c9eae9847ca9a3256e80fc927625672525444e81b146df76c2ce62a6w20h20,firered-leafgreen
cornn-berry,https://cdn.pokedb.org/aef365c4ea53e7a7a4826d34f05385f00bc062e81d0f053ba3203e9410517926,https://cdn.pokedb.org/aef365c4ea53e7a7a4826d34f05385f00bc062e81d0f053ba3203e9410517926w20h20,ruby-sapphire
cornn-berry,https://cdn.pokedb.org/1c57207ac58ca31193a992c60ff35b0677ca2162f7ba0cdebddae39741813c81,https://cdn.pokedb.org/1c57207ac58ca31193a992c60ff35b0677ca2162f7ba0cdebddae39741813c81w20h20,brilliant-diamond-shining-pearl
cornn-berry,https://cdn.pokedb.org/389e8d1784f16aefc50fe378a59e196c7b605fb5d7f583b7d14da9afdb181eb1,https://cdn.pokedb.org/389e8d1784f16aefc50fe378a59e196c7b605fb5d7f583b7d14da9afdb181eb1w20h20,scarlet-violet
corphish-shell,https://cdn.pokedb.org/d93fb90bdc2ee50ccb8f262d9e69f5cbd26e7e6c1bbbc5a2d18d5302aa55ed45,https://cdn.pokedb.org/d93fb90bdc2ee50ccb8f262d9e69f5cbd26e7e6c1bbbc5a2d18d5302aa55ed45w20h20,scarlet-violet
cottonee-fluff,https://cdn.pokedb.org/d93fb90bdc2ee50ccb8f262d9e69f5cbd26e7e6c1bbbc5a2d18d5302aa55ed45,https://cdn.pokedb.org/d93fb90bdc2ee50ccb8f262d9e69f5cbd26e7e6c1bbbc5a2d18d5302aa55ed45w20h20,scarlet-violet
coupon-1,https://cdn.pokedb.org/39bec607ec1124c641010ca92458c304a9b059e8e07500900cb8951b2622624f,https://cdn.pokedb.org/39bec607ec1124c641010ca92458c304a9b059e8e07500900cb8951b2622624fw20h20,diamond-pearl
coupon-1,https://cdn.pokedb.org/a3ef97e9fc0f55b91336f9648553168290e42d532bf8dca5f7a27e27ad881c17,https://cdn.pokedb.org/a3ef97e9fc0f55b91336f9648553168290e42d532bf8dca5f7a27e27ad881c17w20h20,brilliant-diamond-shining-pearl
coupon-2,https://cdn.pokedb.org/8ec9a608133d4d98a1e630b95dcf03b2f31f5d4a15ceaef33cf2cf652f44e184,https://cdn.pokedb.org/8ec9a608133d4d98a1e630b95dcf03b2f31f5d4a15ceaef33cf2cf652f44e184w20h20,brilliant-diamond-shining-pearl
coupon-2,https://cdn.pokedb.org/65968875dcc9450ca8502657057c8cd60927c48b6f670e125e1aacdf0b6a6903,https://cdn.pokedb.org/65968875dcc9450ca8502657057c8cd60927c48b6f670e125e1aacdf0b6a6903w20h20,diamond-pearl
coupon-3,https://cdn.pokedb.org/82cf055d836e536376efdafc9f4a48876a5f1067d52eecf7f8956ca646b181f6,https://cdn.pokedb.org/82cf055d836e536376efdafc9f4a48876a5f1067d52eecf7f8956ca646b181f6w20h20,diamond-pearl
coupon-3,https://cdn.pokedb.org/6033b7922f439f69141c53488678f9ca2bbd5d3d4426ff75fad7683859ef3afd,https://cdn.pokedb.org/6033b7922f439f69141c53488678f9ca2bbd5d3d4426ff75fad7683859ef3afdw20h20,brilliant-diamond-shining-pearl
courage-candy,https://cdn.pokedb.org/49315bab213b4d256418d5f9cdd102b0559831cb7d300bc975f4689333fb39ea,https://cdn.pokedb.org/49315bab213b4d256418d5f9cdd102b0559831cb7d300bc975f4689333fb39eaw20h20,lets-go-pikachu-lets-go-eevee
courage-candy-l,https://cdn.pokedb.org/b037fb2580ca76382dc19dd4ce31dca3fd77030f7d9fb43558c8806b98fc92ce,https://cdn.pokedb.org/b037fb2580ca76382dc19dd4ce31dca3fd77030f7d9fb43558c8806b98fc92cew20h20,lets-go-pikachu-lets-go-eevee
courage-candy-xl,https://cdn.pokedb.org/9a5d8325a8aca13fbc8b777d46b604cc325d3eb0d425a0d660e7179d641e0d46,https://cdn.pokedb.org/9a5d8325a8aca13fbc8b777d46b604cc325d3eb0d425a0d660e7179d641e0d46w20h20,lets-go-pikachu-lets-go-eevee
cover-fossil,https://cdn.pokedb.org/c24092bfbbac3c05247730930951534ff83ac246f0c57bfc2b3bf89d9a0081d4,https://cdn.pokedb.org/c24092bfbbac3c05247730930951534ff83ac246f0c57bfc2b3bf89d9a0081d4w20h20,black-white
covert-cloak,https://cdn.pokedb.org/037a259fbeb76b76fb81cf52b9607d56eee644e402d2752f9f7db05a7c344656,https://cdn.pokedb.org/037a259fbeb76b76fb81cf52b9607d56eee644e402d2752f9f7db05a7c344656w20h20,scarlet-violet
crabrawler-shell,https://cdn.pokedb.org/d93fb90bdc2ee50ccb8f262d9e69f5cbd26e7e6c1bbbc5a2d18d5302aa55ed45,https://cdn.pokedb.org/d93fb90bdc2ee50ccb8f262d9e69f5cbd26e7e6c1bbbc5a2d18d5302aa55ed45w20h20,scarlet-violet
cracked-pot,https://cdn.pokedb.org/965aa471d0f8847fb4e685bd2c2ff7e08a35077f4d0a968090e6df58fea11a54,https://cdn.pokedb.org/965aa471d0f8847fb4e685bd2c2ff7e08a35077f4d0a968090e6df58fea11a54w20h20,sword-shield
cracked-pot,https://cdn.pokedb.org/dfdd5cb80076a6b491761e3238e263b087821c95d93bdf42c65e4a7cc36e170c,https://cdn.pokedb.org/dfdd5cb80076a6b491761e3238e263b087821c95d93bdf42c65e4a7cc36e170cw20h20,scarlet-violet
cramorant-down,https://cdn.pokedb.org/d93fb90bdc2ee50ccb8f262d9e69f5cbd26e7e6c1bbbc5a2d18d5302aa55ed45,https://cdn.pokedb.org/d93fb90bdc2ee50ccb8f262d9e69f5cbd26e7e6c1bbbc5a2d18d5302aa55ed45w20h20,scarlet-violet
cream-cheese,https://cdn.pokedb.org/7d27f768048d8527dcc710c8b86023ccc422984e8de33f80814785bd5bec5ede,https://cdn.pokedb.org/7d27f768048d8527dcc710c8b86023ccc422984e8de33f80814785bd5bec5edew20h20,scarlet-violet
croagunk-poison,https://cdn.pokedb.org/d93fb90bdc2ee50ccb8f262d9e69f5cbd26e7e6c1bbbc5a2d18d5302aa55ed45,https://cdn.pokedb.org/d93fb90bdc2ee50ccb8f262d9e69f5cbd26e7e6c1bbbc5a2d18d5302aa55ed45w20h20,scarlet-violet
crown-pass,https://cdn.pokedb.org/7736c4087cf9fe99428fd6f79d8a8f5313dcef57ef581ad039b81daacd07684d,https://cdn.pokedb.org/7736c4087cf9fe99428fd6f79d8a8f5313dcef57ef581ad039b81daacd07684dw20h20,sword-shield
cryogonal-ice,https://cdn.pokedb.org/d93fb90bdc2ee50ccb8f262d9e69f5cbd26e7e6c1bbbc5a2d18d5302aa55ed45,https://cdn.pokedb.org/d93fb90bdc2ee50ccb8f262d9e69f5cbd26e7e6c1bbbc5a2d18d5302aa55ed45w20h20,scarlet-violet
crystal-cluster,https://cdn.pokedb.org/dad18fd8982073af1b66f23567a48d1e27077a0125d0fa28560be70063f54243,https://cdn.pokedb.org/dad18fd8982073af1b66f23567a48d1e27077a0125d0fa28560be70063f54243w20h20,scarlet-violet
cubchoo-fur,https://cdn.pokedb.org/d93fb90bdc2ee50ccb8f262d9e69f5cbd26e7e6c1bbbc5a2d18d5302aa55ed45,https://cdn.pokedb.org/d93fb90bdc2ee50ccb8f262d9e69f5cbd26e7e6c1bbbc5a2d18d5302aa55ed45w20h20,scarlet-violet
cubone-candy,https://cdn.pokedb.org/64752b200ebb7475e80fac1b49b2f93e9896a3dd5ba7da5483cf6ac76dc3e8f5,https://cdn.pokedb.org/64752b200ebb7475e80fac1b49b2f93e9896a3dd5ba7da5483cf6ac76dc3e8f5w20h20,go
cucumber,https://cdn.pokedb.org/37c5e6057d20f49bbf7f340dedc9f3b018da837dfc05c654e9097d30596d74c7,https://cdn.pokedb.org/37c5e6057d20f49bbf7f340dedc9f3b018da837dfc05c654e9097d30596d74c7w20h20,scarlet-violet
cufant-tarnish,https://cdn.pokedb.org/d93fb90bdc2ee50ccb8f262d9e69f5cbd26e7e6c1bbbc5a2d18d5302aa55ed45,https://cdn.pokedb.org/d93fb90bdc2ee50ccb8f262d9e69f5cbd26e7e6c1bbbc5a2d18d5302aa55ed45w20h20,scarlet-violet
curry-powder,https://cdn.pokedb.org/b8fc986a41fc8b713ffeb7584b2143beb09d67d2ed468a1d02365433e1d301de,https://cdn.pokedb.org/b8fc986a41fc8b713ffeb7584b2143beb09d67d2ed468a1d02365433e1d301dew20h20,scarlet-violet
custap-berry,https://cdn.pokedb.org/4fc993dec43427722f3e45828988132a2ec0b61365262f6f173e0fc812ec6224,https://cdn.pokedb.org/4fc993dec43427722f3e45828988132a2ec0b61365262f6f173e0fc812ec6224w20h20,diamond-pearl
custap-berry,https://cdn.pokedb.org/dad22b677556f9dfeeb51b4b6f91eba6e859deefd7e223336193db56fb317d58,https://cdn.pokedb.org/dad22b677556f9dfeeb51b4b6f91eba6e859deefd7e223336193db56fb317d58w20h20,scarlet-violet
custap-berry,https://cdn.pokedb.org/ef481ab82cc9d2c49c90ba464441b077384dd9dfdef7c3a7b4a69bac006d8101,https://cdn.pokedb.org/ef481ab82cc9d2c49c90ba464441b077384dd9dfdef7c3a7b4a69bac006d8101w20h20,brilliant-diamond-shining-pearl
cutiefly-powder,https://cdn.pokedb.org/d93fb90bdc2ee50ccb8f262d9e69f5cbd26e7e6c1bbbc5a2d18d5302aa55ed45,https://cdn.pokedb.org/d93fb90bdc2ee50ccb8f262d9e69f5cbd26e7e6c1bbbc5a2d18d5302aa55ed45w20h20,scarlet-violet
cyber-ball,https://cdn.pokedb.org/69295ed4a7b4fa84f5af830ac5945b1da8d4889391e7886c6432ab9c16239824,https://cdn.pokedb.org/69295ed4a7b4fa84f5af830ac5945b1da8d4889391e7886c6432ab9c16239824w20h20,scarlet-violet
cyclizar-scales,https://cdn.pokedb.org/d93fb90bdc2ee50ccb8f262d9e69f5cbd26e7e6c1bbbc5a2d18d5302aa55ed45,https://cdn.pokedb.org/d93fb90bdc2ee50ccb8f262d9e69f5cbd26e7e6c1bbbc5a2d18d5302aa55ed45w20h20,scarlet-violet
damp-mulch,https://cdn.pokedb.org/97fe730c10ccfe563d4d9817126f7c61eaed6913a3993a466f4c7ed609f1995b,https://cdn.pokedb.org/97fe730c10ccfe563d4d9817126f7c61eaed6913a3993a466f4c7ed609f1995bw20h20,diamond-pearl
damp-rock,https://cdn.pokedb.org/d1bc62d499f7e16d20724f7b6915c67d6499b0b84755df00e2ab9eb6016cd756,https://cdn.pokedb.org/d1bc62d499f7e16d20724f7b6915c67d6499b0b84755df00e2ab9eb6016cd756w20h20,diamond-pearl
damp-rock,https://cdn.pokedb.org/6e3ee8f06bafb3436390de68ac9b52ddce4d30fc491d083b78ec6167694ff9fb,https://cdn.pokedb.org/6e3ee8f06bafb3436390de68ac9b52ddce4d30fc491d083b78ec6167694ff9fbw20h20,scarlet-violet
dark-gem,https://cdn.pokedb.org/e6524ca47ab84600c66fa2d3ea44d3f709d06b6ec2e93a1bc8da3b7eea92b105,https://cdn.pokedb.org/e6524ca47ab84600c66fa2d3ea44d3f709d06b6ec2e93a1bc8da3b7eea92b105w20h20,black-white
dark-memory,https://cdn.pokedb.org/ae2861e920e39b0504b77db0aa2eaad29d52c75af8bbc2e1592b5cb31856f0a3,https://cdn.pokedb.org/ae2861e920e39b0504b77db0aa2eaad29d52c75af8bbc2e1592b5cb31856f0a3w20h20,sun-moon
dark-stone,https://cdn.pokedb.org/3fd8d10268d58025a00cf67c729745e5a806ab57345a6ac3688f01b1052f3afc,https://cdn.pokedb.org/3fd8d10268d58025a00cf67c729745e5a806ab57345a6ac3688f01b1052f3afcw20h20,black-white
dark-stone,https://cdn.pokedb.org/5c2f1f26afd7c222f7d8902aec86f454219fde529f503ff65e5fd0109e0c7f8e,https://cdn.pokedb.org/5c2f1f26afd7c222f7d8902aec86f454219fde529f503ff65e5fd0109e0c7f8ew20h20,black-white
dark-tera-shard,https://cdn.pokedb.org/c4c4c73b6276be66bbd013e1e90cb5d51d7a5d57458d6792ea20fdc7f7b8d5fb,https://cdn.pokedb.org/c4c4c73b6276be66bbd013e1e90cb5d51d7a5d57458d6792ea20fdc7f7b8d5fbw20h20,scarlet-violet
darkinium-z,https://cdn.pokedb.org/d3975b80bc5efbd33d85c0d0f384f6f3d4053c6dc21f88889a9e856b75be51b0,https://cdn.pokedb.org/d3975b80bc5efbd33d85c0d0f384f6f3d4053c6dc21f88889a9e856b75be51b0w20h20,sun-moon
darkinium-z,https://cdn.pokedb.org/2d68fdd29ae2fb599b5e6056cb5d8d6a16e78bf6d014ea989dd6fe723aaafccf,https://cdn.pokedb.org/2d68fdd29ae2fb599b5e6056cb5d8d6a16e78bf6d014ea989dd6fe723aaafccfw20h20,sun-moon
data-card-01,https://cdn.pokedb.org/2de12990c3e0b309ca4cb2f90ab2ca621cceb3fcff583b61c88f39691147a11b,https://cdn.pokedb.org/2de12990c3e0b309ca4cb2f90ab2ca621cceb3fcff583b61c88f39691147a11bw20h20,heartgold-soulsilver
data-card-02,https://cdn.pokedb.org/2de12990c3e0b309ca4cb2f90ab2ca621cceb3fcff583b61c88f39691147a11b,https://cdn.pokedb.org/2de12990c3e0b309ca4cb2f90ab2ca621cceb3fcff583b61c88f39691147a11bw20h20,heartgold-soulsilver
data-card-03,https://cdn.pokedb.org/2de12990c3e0b309ca4cb2f90ab2ca621cceb3fcff583b61c88f39691147a11b,https://cdn.pokedb.org/2de12990c3e0b309ca4cb2f90ab2ca621cceb3fcff583b61c88f39691147a11bw20h20,heartgold-soulsilver
data-card-04,https://cdn.pokedb.org/2de12990c3e0b309ca4cb2f90ab2ca621cceb3fcff583b61c88f39691147a11b,https://cdn.pokedb.org/2de12990c3e0b309ca4cb2f90ab2ca621cceb3fcff583b61c88f39691147a11bw20h20,heartgold-soulsilver
data-card-05,https://cdn.pokedb.org/2de12990c3e0b309ca4cb2f90ab2ca621cceb3fcff583b61c88f39691147a11b,https://cdn.pokedb.org/2de12990c3e0b309ca4cb2f90ab2ca621cceb3fcff583b61c88f39691147a11bw20h20,heartgold-soulsilver
data-card-06,https://cdn.pokedb.org/2de12990c3e0b309ca4cb2f90ab2ca621cceb3fcff583b61c88f39691147a11b,https://cdn.pokedb.org/2de12990c3e0b309ca4cb2f90ab2ca621cceb3fcff583b61c88f39691147a11bw20h20,heartgold-soulsilver
data-card-07,https://cdn.pokedb.org/2de12990c3e0b309ca4cb2f90ab2ca621cceb3fcff583b61c88f39691147a11b,https://cdn.pokedb.org/2de12990c3e0b309ca4cb2f90ab2ca621cceb3fcff583b61c88f39691147a11bw20h20,heartgold-soulsilver
data-card-08,https://cdn.pokedb.org/2de12990c3e0b309ca4cb2f90ab2ca621cceb3fcff583b61c88f39691147a11b,https://cdn.pokedb.org/2de12990c3e0b309ca4cb2f90ab2ca621cceb3fcff583b61c88f39691147a11bw20h20,heartgold-soulsilver
data-card-09,https://cdn.pokedb.org/2de12990c3e0b309ca4cb2f90ab2ca621cceb3fcff583b61c88f39691147a11b,https://cdn.pokedb.org/2de12990c3e0b309ca4cb2f90ab2ca621cceb3fcff583b61c88f39691147a11bw20h20,heartgold-soulsilver
data-card-10,https://cdn.pokedb.org/2de12990c3e0b309ca4cb2f90ab2ca621cceb3fcff583b61c88f39691147a11b,https://cdn.pokedb.org/2de12990c3e0b309ca4cb2f90ab2ca621cceb3fcff583b61c88f39691147a11bw20h20,heartgold-soulsilver
data-card-11,https://cdn.pokedb.org/2de12990c3e0b309ca4cb2f90ab2ca621cceb3fcff583b61c88f39691147a11b,https://cdn.pokedb.org/2de12990c3e0b309ca4cb2f90ab2ca621cceb3fcff583b61c88f39691147a11bw20h20,heartgold-soulsilver
data-card-12,https://cdn.pokedb.org/2de12990c3e0b309ca4cb2f90ab2ca621cceb3fcff583b61c88f39691147a11b,https://cdn.pokedb.org/2de12990c3e0b309ca4cb2f90ab2ca621cceb3fcff583b61c88f39691147a11bw20h20,heartgold-soulsilver
data-card-13,https://cdn.pokedb.org/2de12990c3e0b309ca4cb2f90ab2ca621cceb3fcff583b61c88f39691147a11b,https://cdn.pokedb.org/2de12990c3e0b309ca4cb2f90ab2ca621cceb3fcff583b61c88f39691147a11bw20h20,heartgold-soulsilver
data-card-14,https://cdn.pokedb.org/2de12990c3e0b309ca4cb2f90ab2ca621cceb3fcff583b61c88f39691147a11b,https://cdn.pokedb.org/2de12990c3e0b309ca4cb2f90ab2ca621cceb3fcff583b61c88f39691147a11bw20h20,heartgold-soulsilver
data-card-15,https://cdn.pokedb.org/2de12990c3e0b309ca4cb2f90ab2ca621cceb3fcff583b61c88f39691147a11b,https://cdn.pokedb.org/2de12990c3e0b309ca4cb2f90ab2ca621cceb3fcff583b61c88f39691147a11bw20h20,heartgold-soulsilver
data-card-16,https://cdn.pokedb.org/2de12990c3e0b309ca4cb2f90ab2ca621cceb3fcff583b61c88f39691147a11b,https://cdn.pokedb.org/2de12990c3e0b309ca4cb2f90ab2ca621cceb3fcff583b61c88f39691147a11bw20h20,heartgold-soulsilver
data-card-17,https://cdn.pokedb.org/2de12990c3e0b309ca4cb2f90ab2ca621cceb3fcff583b61c88f39691147a11b,https://cdn.pokedb.org/2de12990c3e0b309ca4cb2f90ab2ca621cceb3fcff583b61c88f39691147a11bw20h20,heartgold-soulsilver
data-card-18,https://cdn.pokedb.org/2de12990c3e0b309ca4cb2f90ab2ca621cceb3fcff583b61c88f39691147a11b,https://cdn.pokedb.org/2de12990c3e0b309ca4cb2f90ab2ca621cceb3fcff583b61c88f39691147a11bw20h20,heartgold-soulsilver
data-card-19,https://cdn.pokedb.org/2de12990c3e0b309ca4cb2f90ab2ca621cceb3fcff583b61c88f39691147a11b,https://cdn.pokedb.org/2de12990c3e0b309ca4cb2f90ab2ca621cceb3fcff583b61c88f39691147a11bw20h20,heartgold-soulsilver
data-card-20,https://cdn.pokedb.org/2de12990c3e0b309ca4cb2f90ab2ca621cceb3fcff583b61c88f39691147a11b,https://cdn.pokedb.org/2de12990c3e0b309ca4cb2f90ab2ca621cceb3fcff583b61c88f39691147a11bw20h20,heartgold-soulsilver
data-card-21,https://cdn.pokedb.org/2de12990c3e0b309ca4cb2f90ab2ca621cceb3fcff583b61c88f39691147a11b,https://cdn.pokedb.org/2de12990c3e0b309ca4cb2f90ab2ca621cceb3fcff583b61c88f39691147a11bw20h20,heartgold-soulsilver
data-card-22,https://cdn.pokedb.org/2de12990c3e0b309ca4cb2f90ab2ca621cceb3fcff583b61c88f39691147a11b,https://cdn.pokedb.org/2de12990c3e0b309ca4cb2f90ab2ca621cceb3fcff583b61c88f39691147a11bw20h20,heartgold-soulsilver
data-card-23,https://cdn.pokedb.org/2de12990c3e0b309ca4cb2f90ab2ca621cceb3fcff583b61c88f39691147a11b,https://cdn.pokedb.org/2de12990c3e0b309ca4cb2f90ab2ca621cceb3fcff583b61c88f39691147a11bw20h20,heartgold-soulsilver
data-card-24,https://cdn.pokedb.org/2de12990c3e0b309ca4cb2f90ab2ca621cceb3fcff583b61c88f39691147a11b,https://cdn.pokedb.org/2de12990c3e0b309ca4cb2f90ab2ca621cceb3fcff583b61c88f39691147a11bw20h20,heartgold-soulsilver
data-card-25,https://cdn.pokedb.org/2de12990c3e0b309ca4cb2f90ab2ca621cceb3fcff583b61c88f39691147a11b,https://cdn.pokedb.org/2de12990c3e0b309ca4cb2f90ab2ca621cceb3fcff583b61c88f39691147a11bw20h20,heartgold-soulsilver
data-card-26,https://cdn.pokedb.org/2de12990c3e0b309ca4cb2f90ab2ca621cceb3fcff583b61c88f39691147a11b,https://cdn.pokedb.org/2de12990c3e0b309ca4cb2f90ab2ca621cceb3fcff583b61c88f39691147a11bw20h20,heartgold-soulsilver
data-card-27,https://cdn.pokedb.org/2de12990c3e0b309ca4cb2f90ab2ca621cceb3fcff583b61c88f39691147a11b,https://cdn.pokedb.org/2de12990c3e0b309ca4cb2f90ab2ca621cceb3fcff583b61c88f39691147a11bw20h20,heartgold-soulsilver
dawn-stone,https://cdn.pokedb.org/feb0b84b78a5ac435d5726a54e8e2ea542cb4327e777b85d9db0d2c15072c4bf,https://cdn.pokedb.org/feb0b84b78a5ac435d5726a54e8e2ea542cb4327e777b85d9db0d2c15072c4bfw20h20,legends-arceus
dawn-stone,https://cdn.pokedb.org/9c79ade383e2c5d45112aa05bcec9fbc1ff7651903acea26e8d0664bbe0d8a8b,https://cdn.pokedb.org/9c79ade383e2c5d45112aa05bcec9fbc1ff7651903acea26e8d0664bbe0d8a8bw20h20,diamond-pearl
dawn-stone,https://cdn.pokedb.org/5c7aa9058f45bf29902bdd9a62bf63e1e78e9b22bfc68cb39745a9d3f6252e97,https://cdn.pokedb.org/5c7aa9058f45bf29902bdd9a62bf63e1e78e9b22bfc68cb39745a9d3f6252e97w20h20,scarlet-violet
dawn-stone,https://cdn.pokedb.org/40bfbd7709479dc099e5f16b3a3f668b260ac1007be529395f5ceb9cff398282,https://cdn.pokedb.org/40bfbd7709479dc099e5f16b3a3f668b260ac1007be529395f5ceb9cff398282w20h20,brilliant-diamond-shining-pearl
decidium-z,https://cdn.pokedb.org/becec2c6e81fde4d054fe0589323a6d173f051bb92f480d8196db48cfb41fb90,https://cdn.pokedb.org/becec2c6e81fde4d054fe0589323a6d173f051bb92f480d8196db48cfb41fb90w20h20,sun-moon
decidium-z,https://cdn.pokedb.org/cad2efc209b43058cbfb1c661140d49e40977ceef149e94bcd283391c02a7a55,https://cdn.pokedb.org/cad2efc209b43058cbfb1c661140d49e40977ceef149e94bcd283391c02a7a55w20h20,sun-moon
dedenne-fur,https://cdn.pokedb.org/d93fb90bdc2ee50ccb8f262d9e69f5cbd26e7e6c1bbbc5a2d18d5302aa55ed45,https://cdn.pokedb.org/d93fb90bdc2ee50ccb8f262d9e69f5cbd26e7e6c1bbbc5a2d18d5302aa55ed45w20h20,scarlet-violet
deep-sea-scale,https://cdn.pokedb.org/eed18ba70cd56c69aa41d3cda01cc48032303abfaf38811b54b637efeb74ff19,https://cdn.pokedb.org/eed18ba70cd56c69aa41d3cda01cc48032303abfaf38811b54b637efeb74ff19w20h20,brilliant-diamond-shining-pearl
deep-sea-scale,https://cdn.pokedb.org/fcc878a504df6b5859d99f561e82e606c9daa7a6eff4fcdca0e483158760a022,https://cdn.pokedb.org/fcc878a504df6b5859d99f561e82e606c9daa7a6eff4fcdca0e483158760a022w20h20,firered-leafgreen
deep-sea-tooth,https://cdn.pokedb.org/731c66578e8628c109d70469e96f4c62484c509b563cae4d3ae62196d6e22120,https://cdn.pokedb.org/731c66578e8628c109d70469e96f4c62484c509b563cae4d3ae62196d6e22120w20h20,brilliant-diamond-shining-pearl
deep-sea-tooth,https://cdn.pokedb.org/5ffc8f37da0f75bf84164d0f95c9ea3d15150506a004afc6c1b973769ccca143,https://cdn.pokedb.org/5ffc8f37da0f75bf84164d0f95c9ea3d15150506a004afc6c1b973769ccca143w20h20,firered-leafgreen
deerling-hair,https://cdn.pokedb.org/d93fb90bdc2ee50ccb8f262d9e69f5cbd26e7e6c1bbbc5a2d18d5302aa55ed45,https://cdn.pokedb.org/d93fb90bdc2ee50ccb8f262d9e69f5cbd26e7e6c1bbbc5a2d18d5302aa55ed45w20h20,scarlet-violet
deino-scales,https://cdn.pokedb.org/d93fb90bdc2ee50ccb8f262d9e69f5cbd26e7e6c1bbbc5a2d18d5302aa55ed45,https://cdn.pokedb.org/d93fb90bdc2ee50ccb8f262d9e69f5cbd26e7e6c1bbbc5a2d18d5302aa55ed45w20h20,scarlet-violet
delibird-parcel,https://cdn.pokedb.org/d93fb90bdc2ee50ccb8f262d9e69f5cbd26e7e6c1bbbc5a2d18d5302aa55ed45,https://cdn.pokedb.org/d93fb90bdc2ee50ccb8f262d9e69f5cbd26e7e6c1bbbc5a2d18d5302aa55ed45w20h20,scarlet-violet
destiny-knot,https://cdn.pokedb.org/7fec439d0ab79b953ada54369507e6f3ba1c61be17f9e7926289fcc914ff5f13,https://cdn.pokedb.org/7fec439d0ab79b953ada54369507e6f3ba1c61be17f9e7926289fcc914ff5f13w20h20,diamond-pearl
destiny-knot,https://cdn.pokedb.org/d1da428db72dc816ca97c8a3818b2ed65626cb4976741f1add475ec35a3ecfbe,https://cdn.pokedb.org/d1da428db72dc816ca97c8a3818b2ed65626cb4976741f1add475ec35a3ecfbew20h20,scarlet-violet
destiny-knot,https://cdn.pokedb.org/bf7b4bf020af9ed0c6e1ae6f7c439cc55f54a724666646b5351b65c0091c72d3,https://cdn.pokedb.org/bf7b4bf020af9ed0c6e1ae6f7c439cc55f54a724666646b5351b65c0091c72d3w20h20,brilliant-diamond-shining-pearl
devon-parts,https://cdn.pokedb.org/ef2c784334768b33f38b0a987b86da974bc893dfce056024898ea637525c80bf,https://cdn.pokedb.org/ef2c784334768b33f38b0a987b86da974bc893dfce056024898ea637525c80bfw20h20,firered-leafgreen
devon-scope,https://cdn.pokedb.org/c8c68d9d1417da0c99acb1edd674abe4285a194ed100b893abacbe4fc2f6e328,https://cdn.pokedb.org/c8c68d9d1417da0c99acb1edd674abe4285a194ed100b893abacbe4fc2f6e328w20h20,platinum
devon-scope,https://cdn.pokedb.org/5a4d8737a4a338528fbd330328c079b25cbf35130516a7205c84c026d17c95f7,https://cdn.pokedb.org/5a4d8737a4a338528fbd330328c079b25cbf35130516a7205c84c026d17c95f7w20h20,firered-leafgreen
devon-scuba-gear,https://cdn.pokedb.org/15fae302b72ae1f549a5250f7ef6aa74f3792e569122d4a0bb82ac3286165043,https://cdn.pokedb.org/15fae302b72ae1f549a5250f7ef6aa74f3792e569122d4a0bb82ac3286165043w20h20,platinum
dewpider-thread,https://cdn.pokedb.org/d93fb90bdc2ee50ccb8f262d9e69f5cbd26e7e6c1bbbc5a2d18d5302aa55ed45,https://cdn.pokedb.org/d93fb90bdc2ee50ccb8f262d9e69f5cbd26e7e6c1bbbc5a2d18d5302aa55ed45w20h20,scarlet-violet
diamond-bottle,https://cdn.pokedb.org/69295ed4a7b4fa84f5af830ac5945b1da8d4889391e7886c6432ab9c16239824,https://cdn.pokedb.org/69295ed4a7b4fa84f5af830ac5945b1da8d4889391e7886c6432ab9c16239824w20h20,scarlet-violet
diamond-pattern-cup,https://cdn.pokedb.org/69295ed4a7b4fa84f5af830ac5945b1da8d4889391e7886c6432ab9c16239824,https://cdn.pokedb.org/69295ed4a7b4fa84f5af830ac5945b1da8d4889391e7886c6432ab9c16239824w20h20,scarlet-violet
diamond-tablecloth,https://cdn.pokedb.org/69295ed4a7b4fa84f5af830ac5945b1da8d4889391e7886c6432ab9c16239824,https://cdn.pokedb.org/69295ed4a7b4fa84f5af830ac5945b1da8d4889391e7886c6432ab9c16239824w20h20,scarlet-violet
diancite,https://cdn.pokedb.org/6160e10f12a8732910a0c25149c949ad89c60e3e2f7a85a63d392cace77d662a,https://cdn.pokedb.org/6160e10f12a8732910a0c25149c949ad89c60e3e2f7a85a63d392cace77d662aw20h20,platinum
diglett-candy,https://cdn.pokedb.org/1f906f21e3e76fabd98a587735c8281041bb9cda9ff34c617ceeb53cab577451,https://cdn.pokedb.org/1f906f21e3e76fabd98a587735c8281041bb9cda9ff34c617ceeb53cab577451w20h20,go
diglett-dirt,https://cdn.pokedb.org/d93fb90bdc2ee50ccb8f262d9e69f5cbd26e7e6c1bbbc5a2d18d5302aa55ed45,https://cdn.pokedb.org/d93fb90bdc2ee50ccb8f262d9e69f5cbd26e7e6c1bbbc5a2d18d5302aa55ed45w20h20,scarlet-violet
dire-hit,https://cdn.pokedb.org/05d13d2b74e59c5e8f807a7ff0f432c94ecffb1ffa803010038b38706aec4d29,https://cdn.pokedb.org/05d13d2b74e59c5e8f807a7ff0f432c94ecffb1ffa803010038b38706aec4d29w20h20,firered-leafgreen
dire-hit,https://cdn.pokedb.org/fc3a6b195e29280904b23632f977c012876a61504b1d964f1507e2ddd1099adc,https://cdn.pokedb.org/fc3a6b195e29280904b23632f977c012876a61504b1d964f1507e2ddd1099adcw20h20,black-white
dire-hit,https://cdn.pokedb.org/41725fb0a56c8dd0837517522c470b844dd52b6134b4fd43992e1538a9886c51,https://cdn.pokedb.org/41725fb0a56c8dd0837517522c470b844dd52b6134b4fd43992e1538a9886c51w20h20,legends-arceus
dire-hit,https://cdn.pokedb.org/4c6b1d81ca4a3f7917dbffdacf381bcb2acc60adf96df2592eb6b69c1e9818eb,https://cdn.pokedb.org/4c6b1d81ca4a3f7917dbffdacf381bcb2acc60adf96df2592eb6b69c1e9818ebw20h20,scarlet-violet
dire-hit,https://cdn.pokedb.org/695594bdf099ee0d885c59b0ad36100d8f1a087022b7018b5cd8d60d34628900,https://cdn.pokedb.org/695594bdf099ee0d885c59b0ad36100d8f1a087022b7018b5cd8d60d34628900w20h20,brilliant-diamond-shining-pearl
dire-hit-2,https://cdn.pokedb.org/fbfd509143ab1e320e0a433e09985206c78a5cc3d784f3e8fcf0b136abe3c7a3,https://cdn.pokedb.org/fbfd509143ab1e320e0a433e09985206c78a5cc3d784f3e8fcf0b136abe3c7a3w20h20,black-white
dire-hit-3,https://cdn.pokedb.org/82029b217743b1aeff70766983698ed1297d9e88f44b5e3191efc0f786adc19a,https://cdn.pokedb.org/82029b217743b1aeff70766983698ed1297d9e88f44b5e3191efc0f786adc19aw20h20,black-white
discount-coupon,https://cdn.pokedb.org/7ae37b80cda81fd332135be4c77e86341befb57a897deee94a142905d89f3c34,https://cdn.pokedb.org/7ae37b80cda81fd332135be4c77e86341befb57a897deee94a142905d89f3c34w20h20,x-y
discovery-slate,https://cdn.pokedb.org/8c0a249a6e872fbd21acbeb18c0a72c6c2bf8fe85f060c5d55d666e74626cce9,https://cdn.pokedb.org/8c0a249a6e872fbd21acbeb18c0a72c6c2bf8fe85f060c5d55d666e74626cce9w20h20,brilliant-diamond-shining-pearl
distortion-slate,https://cdn.pokedb.org/12b9acf27dfd11e4ffe018b87ed0f326a9b08a95b417faf05ca310b568188ca3,https://cdn.pokedb.org/12b9acf27dfd11e4ffe018b87ed0f326a9b08a95b417faf05ca310b568188ca3w20h20,brilliant-diamond-shining-pearl
ditto-candy,https://cdn.pokedb.org/36a4a99d8cce1f6d03eb207a841af6daa36093abc9f10680c7248d450c2a6b1c,https://cdn.pokedb.org/36a4a99d8cce1f6d03eb207a841af6daa36093abc9f10680c7248d450c2a6b1cw20h20,go
ditto-goo,https://cdn.pokedb.org/d93fb90bdc2ee50ccb8f262d9e69f5cbd26e7e6c1bbbc5a2d18d5302aa55ed45,https://cdn.pokedb.org/d93fb90bdc2ee50ccb8f262d9e69f5cbd26e7e6c1bbbc5a2d18d5302aa55ed45w20h20,scarlet-violet
dive-ball,https://cdn.pokedb.org/a23689a48b70f2dbbb4b4b885ae71726011e6366d4599064ee2fe177de8cac15,https://cdn.pokedb.org/a23689a48b70f2dbbb4b4b885ae71726011e6366d4599064ee2fe177de8cac15w20h20,brilliant-diamond-shining-pearl
dive-ball,https://cdn.pokedb.org/7737da7bed956b42a38c4dd91db9dd0c0cbca5f7d1a8f2041e2ffb9f85cc2a3a,https://cdn.pokedb.org/7737da7bed956b42a38c4dd91db9dd0c0cbca5f7d1a8f2041e2ffb9f85cc2a3aw20h20,home
dive-ball,https://cdn.pokedb.org/20263da70d80cca29a4153f3aebc973203dde5eaaedcdc3e65bdc49db7fe4490,https://cdn.pokedb.org/20263da70d80cca29a4153f3aebc973203dde5eaaedcdc3e65bdc49db7fe4490w20h20,firered-leafgreen
dive-ball,https://cdn.pokedb.org/d7a281c12d6aa3e8786da0335b2503ecff9476ffd8e8b34a24a118434828edfd,https://cdn.pokedb.org/d7a281c12d6aa3e8786da0335b2503ecff9476ffd8e8b34a24a118434828edfdw20h20,scarlet-violet
dna-splicers,https://cdn.pokedb.org/a447b3fb0089f9cc4b02ec6a27df9efd48863f95be0ef351b0fd2c964bc5be27,https://cdn.pokedb.org/a447b3fb0089f9cc4b02ec6a27df9efd48863f95be0ef351b0fd2c964bc5be27w20h20,black-2-white-2
dna-splicers,https://cdn.pokedb.org/123240ae70d3284a8376a20bd31ca812fd5aac4c0ef252dba96acb80ca0679e1,https://cdn.pokedb.org/123240ae70d3284a8376a20bd31ca812fd5aac4c0ef252dba96acb80ca0679e1w20h20,black-2-white-2
dna-splicers,https://cdn.pokedb.org/2009c3860a2f42f4f2d39d51922dafa505232fa5c5ceb64f8a4b833c1daba8ca,https://cdn.pokedb.org/2009c3860a2f42f4f2d39d51922dafa505232fa5c5ceb64f8a4b833c1daba8caw20h20,scarlet-violet
doduo-candy,https://cdn.pokedb.org/af9220c9e710e7eb693633d272f08da7266c84bf0e4e09ff94d10199b7e1bfa6,https://cdn.pokedb.org/af9220c9e710e7eb693633d272f08da7266c84bf0e4e09ff94d10199b7e1bfa6w20h20,go
dome-fossil,https://cdn.pokedb.org/372bd70b8bd2917d81a1f8a67248d25fb05e1079c3189db7363c4168746ef78d,https://cdn.pokedb.org/372bd70b8bd2917d81a1f8a67248d25fb05e1079c3189db7363c4168746ef78dw20h20,firered-leafgreen
dondozo-whisker,https://cdn.pokedb.org/d93fb90bdc2ee50ccb8f262d9e69f5cbd26e7e6c1bbbc5a2d18d5302aa55ed45,https://cdn.pokedb.org/d93fb90bdc2ee50ccb8f262d9e69f5cbd26e7e6c1bbbc5a2d18d5302aa55ed45w20h20,scarlet-violet
douse-drive,https://cdn.pokedb.org/94618a7c7cac6b11052afc07a5adc97eda8276d20b221c4d586a47f400c80db1,https://cdn.pokedb.org/94618a7c7cac6b11052afc07a5adc97eda8276d20b221c4d586a47f400c80db1w20h20,black-white
dowsing-machine,https://cdn.pokedb.org/1ae9185650e74866026ade1e32c609adb9b646dc369164ac26df625166121e04,https://cdn.pokedb.org/1ae9185650e74866026ade1e32c609adb9b646dc369164ac26df625166121e04w20h20,black-white
dowsing-machine,https://cdn.pokedb.org/f9940ea147c307589a3c08dde73064bbc29d83182ccac4c62cb06ff35af35002,https://cdn.pokedb.org/f9940ea147c307589a3c08dde73064bbc29d83182ccac4c62cb06ff35af35002w20h20,heartgold-soulsilver
dowsing-machine,https://cdn.pokedb.org/1e00dc57fbb23420fb745c72ddf7f74036c717ac4c96d779987a53f8911ce3b1,https://cdn.pokedb.org/1e00dc57fbb23420fb745c72ddf7f74036c717ac4c96d779987a53f8911ce3b1w20h20,black-white
dowsing-machine,https://cdn.pokedb.org/49fb59f3ee0075fe7db5a7f523fa226b5c52a86e703ad2e944179af255722da9,https://cdn.pokedb.org/49fb59f3ee0075fe7db5a7f523fa226b5c52a86e703ad2e944179af255722da9w20h20,firered-leafgreen
dowsing-machine,https://cdn.pokedb.org/6157dd95dcaab2b2de0c5bb85cf3be888d7b96ce8d3289e98904990439b957f9,https://cdn.pokedb.org/6157dd95dcaab2b2de0c5bb85cf3be888d7b96ce8d3289e98904990439b957f9w20h20,platinum
dowsing-machine,https://cdn.pokedb.org/03883ddd595fdfa3ac03db68f05a498e69f0ea27c2bd1caf1ffffadb415da4af,https://cdn.pokedb.org/03883ddd595fdfa3ac03db68f05a498e69f0ea27c2bd1caf1ffffadb415da4afw20h20,x-y
draco-plate,https://cdn.pokedb.org/6a76e576bd014b833c31a965a8950a5226d99dafe074f023565f5fbe3b7e6c27,https://cdn.pokedb.org/6a76e576bd014b833c31a965a8950a5226d99dafe074f023565f5fbe3b7e6c27w20h20,legends-arceus
draco-plate,https://cdn.pokedb.org/6e7dd0e88e333a69b88982dd634688419ab6c853ddb917aed80db844c7f2b061,https://cdn.pokedb.org/6e7dd0e88e333a69b88982dd634688419ab6c853ddb917aed80db844c7f2b061w20h20,diamond-pearl
draco-plate,https://cdn.pokedb.org/08e9443ef6f1138cff949151d87a3c3d847cea724d96dc8639a90d0d52d7e94a,https://cdn.pokedb.org/08e9443ef6f1138cff949151d87a3c3d847cea724d96dc8639a90d0d52d7e94aw20h20,scarlet-violet
draco-plate,https://cdn.pokedb.org/35da086c001c496c64fbf8afc112a4d21a2cfe0966e3fd88b0a313674d68d764,https://cdn.pokedb.org/35da086c001c496c64fbf8afc112a4d21a2cfe0966e3fd88b0a313674d68d764w20h20,brilliant-diamond-shining-pearl
dragon-fang,https://cdn.pokedb.org/2d193971fbcf2f5f3ec6462d0731020e185f1df05d7b93b0f729fbedb53776d1,https://cdn.pokedb.org/2d193971fbcf2f5f3ec6462d0731020e185f1df05d7b93b0f729fbedb53776d1w20h20,firered-leafgreen
dragon-fang,https://cdn.pokedb.org/652088f462dc30af8ff73071b9d173d62b9a541cba82dead3f675a52f8f06dcb,https://cdn.pokedb.org/652088f462dc30af8ff73071b9d173d62b9a541cba82dead3f675a52f8f06dcbw20h20,brilliant-diamond-shining-pearl
dragon-fang,https://cdn.pokedb.org/abf022652ce53f885faedcc77983a73e3a0c843d6536e43f566172fcd3e65d84,https://cdn.pokedb.org/abf022652ce53f885faedcc77983a73e3a0c843d6536e43f566172fcd3e65d84w20h20,scarlet-violet
dragon-gem,https://cdn.pokedb.org/1210b052fbb3a894a3f38bf3fdc57a28b6ae057e8e35b14c9a9afdd5340517cc,https://cdn.pokedb.org/1210b052fbb3a894a3f38bf3fdc57a28b6ae057e8e35b14c9a9afdd5340517ccw20h20,black-white
dragon-memory,https://cdn.pokedb.org/70cdfad8f7a924e1e84bae2a37f8eedc055c4b0e85d612934c2b403dbf28dfde,https://cdn.pokedb.org/70cdfad8f7a924e1e84bae2a37f8eedc055c4b0e85d612934c2b403dbf28dfdew20h20,sun-moon
dragon-scale,https://cdn.pokedb.org/6917707d0b55eabc3064c5fbf7534a94a4dcc46578bd4c9e50f52668f5c5822d,https://cdn.pokedb.org/6917707d0b55eabc3064c5fbf7534a94a4dcc46578bd4c9e50f52668f5c5822dw20h20,brilliant-diamond-shining-pearl
dragon-scale,https://cdn.pokedb.org/0a8cd5adbab047d199606e9acc2bb6b94c25a02e4afdb1e7b39d7867c84aec27,https://cdn.pokedb.org/0a8cd5adbab047d199606e9acc2bb6b94c25a02e4afdb1e7b39d7867c84aec27w20h20,firered-leafgreen
dragon-scale,https://cdn.pokedb.org/f40555fbddc39254b94a69d603579aa831185aa8b8829a850a4d9de17da809c4,https://cdn.pokedb.org/f40555fbddc39254b94a69d603579aa831185aa8b8829a850a4d9de17da809c4w20h20,scarlet-violet
dragon-skull,https://cdn.pokedb.org/bd0660c14ad13a0e2a23cdde846c77f92d44cf46bb3c135abae357086c4bbed1,https://cdn.pokedb.org/bd0660c14ad13a0e2a23cdde846c77f92d44cf46bb3c135abae357086c4bbed1w20h20,black-white
dragon-skull,https://cdn.pokedb.org/2a54a9a30d405d4bade5e3be235035e8547f1cbb4067a6ec4078aeff475128c2,https://cdn.pokedb.org/2a54a9a30d405d4bade5e3be235035e8547f1cbb4067a6ec4078aeff475128c2w20h20,black-white
dragon-tera-shard,https://cdn.pokedb.org/40662ae2278554ceec901a7931efb70a9941cc76a7bdaef2d0e1c4341c8e2719,https://cdn.pokedb.org/40662ae2278554ceec901a7931efb70a9941cc76a7bdaef2d0e1c4341c8e2719w20h20,scarlet-violet
dragonium-z,https://cdn.pokedb.org/f33ebd9a72d4660d262dcc7643a11af6468215ebc7c254a8fea20f573c156a91,https://cdn.pokedb.org/f33ebd9a72d4660d262dcc7643a11af6468215ebc7c254a8fea20f573c156a91w20h20,sun-moon
dragonium-z,https://cdn.pokedb.org/c52060be599f17d6223333760350735f28f4d01e9f6e6546617ed527b8b50db0,https://cdn.pokedb.org/c52060be599f17d6223333760350735f28f4d01e9f6e6546617ed527b8b50db0w20h20,sun-moon
dratini-candy,https://cdn.pokedb.org/34151d38a6873e79b475f60a0cf5e1bcf12564082f2204371f864cebd1167f93,https://cdn.pokedb.org/34151d38a6873e79b475f60a0cf5e1bcf12564082f2204371f864cebd1167f93w20h20,go
dratini-scales,https://cdn.pokedb.org/d93fb90bdc2ee50ccb8f262d9e69f5cbd26e7e6c1bbbc5a2d18d5302aa55ed45,https://cdn.pokedb.org/d93fb90bdc2ee50ccb8f262d9e69f5cbd26e7e6c1bbbc5a2d18d5302aa55ed45w20h20,scarlet-violet
dread-plate,https://cdn.pokedb.org/eadf64d624767543663e577a65172ab2dc2361a9465a896ffc4504a12de65ea5,https://cdn.pokedb.org/eadf64d624767543663e577a65172ab2dc2361a9465a896ffc4504a12de65ea5w20h20,legends-arceus
dread-plate,https://cdn.pokedb.org/20103c05631c3736e5dee6e6ae56bb10fa4e0a9335c553db9c5df7ebe889ca11,https://cdn.pokedb.org/20103c05631c3736e5dee6e6ae56bb10fa4e0a9335c553db9c5df7ebe889ca11w20h20,brilliant-diamond-shining-pearl
dread-plate,https://cdn.pokedb.org/411dae7887578b374ae697f4bdefa78653bbbed9aac00f9bb14a7d4024902b94,https://cdn.pokedb.org/411dae7887578b374ae697f4bdefa78653bbbed9aac00f9bb14a7d4024902b94w20h20,scarlet-violet
dread-plate,https://cdn.pokedb.org/5db1e266d9ab4e7065c56c0a90ee855546ecd5287df65e0cbf88893fb9dcf7b6,https://cdn.pokedb.org/5db1e266d9ab4e7065c56c0a90ee855546ecd5287df65e0cbf88893fb9dcf7b6w20h20,diamond-pearl
dream-ball,https://cdn.pokedb.org/6b3bc97cc649fb0e38904422ecebba49cb37ee7cec09b4597a7d562218733848,https://cdn.pokedb.org/6b3bc97cc649fb0e38904422ecebba49cb37ee7cec09b4597a7d562218733848w20h20,home
dream-ball,https://cdn.pokedb.org/e4dcb3a68f6cd1aea26fbfa80d0aba6af49c5af26a969b786cad740d1894961a,https://cdn.pokedb.org/e4dcb3a68f6cd1aea26fbfa80d0aba6af49c5af26a969b786cad740d1894961aw20h20,brilliant-diamond-shining-pearl
dream-ball,https://cdn.pokedb.org/f59b8c3740fda73b0a700ccb40d3fcd7a1107d1a9068adcaf674bd3374f0aa80,https://cdn.pokedb.org/f59b8c3740fda73b0a700ccb40d3fcd7a1107d1a9068adcaf674bd3374f0aa80w20h20,black-white
dream-ball,https://cdn.pokedb.org/5d52bf4563089f9013352d94168b1697b5284f6ab332fe555ac86686017cefe3,https://cdn.pokedb.org/5d52bf4563089f9013352d94168b1697b5284f6ab332fe555ac86686017cefe3w20h20,scarlet-violet
dream-mail,https://cdn.pokedb.org/6cf0ab789740ffbe98078f69c6da90956efe5346b99bf91d19ba2cc5c444c1a0,https://cdn.pokedb.org/6cf0ab789740ffbe98078f69c6da90956efe5346b99bf91d19ba2cc5c444c1a0w20h20,firered-leafgreen
dreepy-powder,https://cdn.pokedb.org/d93fb90bdc2ee50ccb8f262d9e69f5cbd26e7e6c1bbbc5a2d18d5302aa55ed45,https://cdn.pokedb.org/d93fb90bdc2ee50ccb8f262d9e69f5cbd26e7e6c1bbbc5a2d18d5302aa55ed45w20h20,scarlet-violet
drifloon-gas,https://cdn.pokedb.org/d93fb90bdc2ee50ccb8f262d9e69f5cbd26e7e6c1bbbc5a2d18d5302aa55ed45,https://cdn.pokedb.org/d93fb90bdc2ee50ccb8f262d9e69f5cbd26e7e6c1bbbc5a2d18d5302aa55ed45w20h20,scarlet-violet
drilbur-claw,https://cdn.pokedb.org/d93fb90bdc2ee50ccb8f262d9e69f5cbd26e7e6c1bbbc5a2d18d5302aa55ed45,https://cdn.pokedb.org/d93fb90bdc2ee50ccb8f262d9e69f5cbd26e7e6c1bbbc5a2d18d5302aa55ed45w20h20,scarlet-violet
dropped-item,https://cdn.pokedb.org/fba2640867a6e98df7850428f3d80771c75ed08ccd9ee451069dd5422ab5067f,https://cdn.pokedb.org/fba2640867a6e98df7850428f3d80771c75ed08ccd9ee451069dd5422ab5067fw20h20,black-2-white-2
dropped-item,https://cdn.pokedb.org/ff9446f85614cc1e7fa7a5083a9beef77a046c39955ce39f86847535a94804e2,https://cdn.pokedb.org/ff9446f85614cc1e7fa7a5083a9beef77a046c39955ce39f86847535a94804e2w20h20,black-2-white-2
dropped-item,https://cdn.pokedb.org/f029b66cc5a4297b2a2a7accc693fed9560b20ce51f159854a1d66db5a97c039,https://cdn.pokedb.org/f029b66cc5a4297b2a2a7accc693fed9560b20ce51f159854a1d66db5a97c039w20h20,black-2-white-2
dropped-item,https://cdn.pokedb.org/8e0894232274e1ef148511ebaae800810c129be96389cb1f3ec0173b10105616,https://cdn.pokedb.org/8e0894232274e1ef148511ebaae800810c129be96389cb1f3ec0173b10105616w20h20,black-2-white-2
drowzee-candy,https://cdn.pokedb.org/584149aca984efd5294b0a3bfcc2bdde6b50d435ec3bc5370b62debad716b3bf,https://cdn.pokedb.org/584149aca984efd5294b0a3bfcc2bdde6b50d435ec3bc5370b62debad716b3bfw20h20,go
drowzee-fur,https://cdn.pokedb.org/d93fb90bdc2ee50ccb8f262d9e69f5cbd26e7e6c1bbbc5a2d18d5302aa55ed45,https://cdn.pokedb.org/d93fb90bdc2ee50ccb8f262d9e69f5cbd26e7e6c1bbbc5a2d18d5302aa55ed45w20h20,scarlet-violet
dubious-disc,https://cdn.pokedb.org/60b118c0928701465ecbaab9c6855370cb021e94e2d4d9fc71de093a4da4823d,https://cdn.pokedb.org/60b118c0928701465ecbaab9c6855370cb021e94e2d4d9fc71de093a4da4823dw20h20,brilliant-diamond-shining-pearl
dubious-disc,https://cdn.pokedb.org/3c2e487ee318d61edde26132d18ad9bcb642551d0e02169476f724e5a6c68bc4,https://cdn.pokedb.org/3c2e487ee318d61edde26132d18ad9bcb642551d0e02169476f724e5a6c68bc4w20h20,legends-arceus
dubious-disc,https://cdn.pokedb.org/4ccbd1f46171252a83be02adaaea17d05ab83fdbaf538a1fabb56f6bd4b671aa,https://cdn.pokedb.org/4ccbd1f46171252a83be02adaaea17d05ab83fdbaf538a1fabb56f6bd4b671aaw20h20,scarlet-violet
dubious-disc,https://cdn.pokedb.org/fb2a219573e89663015420d53b0d0b3614eccd4f386b2c8f6e0b88431833b4b5,https://cdn.pokedb.org/fb2a219573e89663015420d53b0d0b3614eccd4f386b2c8f6e0b88431833b4b5w20h20,diamond-pearl
ducklett-feather,https://cdn.pokedb.org/d93fb90bdc2ee50ccb8f262d9e69f5cbd26e7e6c1bbbc5a2d18d5302aa55ed45,https://cdn.pokedb.org/d93fb90bdc2ee50ccb8f262d9e69f5cbd26e7e6c1bbbc5a2d18d5302aa55ed45w20h20,scarlet-violet
dunsparce-scales,https://cdn.pokedb.org/d93fb90bdc2ee50ccb8f262d9e69f5cbd26e7e6c1bbbc5a2d18d5302aa55ed45,https://cdn.pokedb.org/d93fb90bdc2ee50ccb8f262d9e69f5cbd26e7e6c1bbbc5a2d18d5302aa55ed45w20h20,scarlet-violet
duraludon-tarnish,https://cdn.pokedb.org/d93fb90bdc2ee50ccb8f262d9e69f5cbd26e7e6c1bbbc5a2d18d5302aa55ed45,https://cdn.pokedb.org/d93fb90bdc2ee50ccb8f262d9e69f5cbd26e7e6c1bbbc5a2d18d5302aa55ed45w20h20,scarlet-violet
durin-berry,https://cdn.pokedb.org/d2760b3db0b3d9bacc07c27757d9c18093d2edf9d49a633f4f9713e761dba898,https://cdn.pokedb.org/d2760b3db0b3d9bacc07c27757d9c18093d2edf9d49a633f4f9713e761dba898w20h20,ruby-sapphire
durin-berry,https://cdn.pokedb.org/cff6163ff47fb5d822621157cd4f436ab78ac430a9f90076c0f2b5cd4d15bf4b,https://cdn.pokedb.org/cff6163ff47fb5d822621157cd4f436ab78ac430a9f90076c0f2b5cd4d15bf4bw20h20,firered-leafgreen
durin-berry,https://cdn.pokedb.org/beade30e6116d36bd424a32b81aecd2ef62a9c2835c59e1b5778ed89d789d435,https://cdn.pokedb.org/beade30e6116d36bd424a32b81aecd2ef62a9c2835c59e1b5778ed89d789d435w20h20,brilliant-diamond-shining-pearl
durin-berry,https://cdn.pokedb.org/c640ab8adcbfa0dedb3465b3578794ae38bd8f85d27da5feb334589e677690b9,https://cdn.pokedb.org/c640ab8adcbfa0dedb3465b3578794ae38bd8f85d27da5feb334589e677690b9w20h20,scarlet-violet
dusk-ball,https://cdn.pokedb.org/3a3067caeb0568a2c5a102730cc50b240fae495cd945d79d6734613dd7a842f1,https://cdn.pokedb.org/3a3067caeb0568a2c5a102730cc50b240fae495cd945d79d6734613dd7a842f1w20h20,scarlet-violet
dusk-ball,https://cdn.pokedb.org/a4488939bd77efc95a6a937e7ecb300a5cfc7f06f6e2e2ab726f6102506cb05a,https://cdn.pokedb.org/a4488939bd77efc95a6a937e7ecb300a5cfc7f06f6e2e2ab726f6102506cb05aw20h20,diamond-pearl
dusk-ball,https://cdn.pokedb.org/a6d25916a2dd51e498cf202ce0014781f25c794921bca01ba29ac97cbc6fe106,https://cdn.pokedb.org/a6d25916a2dd51e498cf202ce0014781f25c794921bca01ba29ac97cbc6fe106w20h20,home
dusk-ball,https://cdn.pokedb.org/9615eaaa193232d5c5992b53e6d1fbd0ffbd2fdc37bcd6a89d78d504474d6f39,https://cdn.pokedb.org/9615eaaa193232d5c5992b53e6d1fbd0ffbd2fdc37bcd6a89d78d504474d6f39w20h20,brilliant-diamond-shining-pearl
dusk-stone,https://cdn.pokedb.org/0a19999e586e9a2ccf8be83d3a119e66fb47e1d04684b86f7d5b51b7980d660c,https://cdn.pokedb.org/0a19999e586e9a2ccf8be83d3a119e66fb47e1d04684b86f7d5b51b7980d660cw20h20,diamond-pearl
dusk-stone,https://cdn.pokedb.org/b2e27627be6212674e8a9cefbd49e5e90bbdfb661c511c9334283c6e0d2909a1,https://cdn.pokedb.org/b2e27627be6212674e8a9cefbd49e5e90bbdfb661c511c9334283c6e0d2909a1w20h20,legends-arceus
dusk-stone,https://cdn.pokedb.org/8f1a73edf930ee9027d420ebee4184f7963d09d32445ca3013ae3d8e70796f61,https://cdn.pokedb.org/8f1a73edf930ee9027d420ebee4184f7963d09d32445ca3013ae3d8e70796f61w20h20,scarlet-violet
dusk-stone,https://cdn.pokedb.org/de83fc78def558665262a43ebac0a33c6a16a2997e22dfdf5d36d7a134897432,https://cdn.pokedb.org/de83fc78def558665262a43ebac0a33c6a16a2997e22dfdf5d36d7a134897432w20h20,brilliant-diamond-shining-pearl
duskull-fragment,https://cdn.pokedb.org/d93fb90bdc2ee50ccb8f262d9e69f5cbd26e7e6c1bbbc5a2d18d5302aa55ed45,https://cdn.pokedb.org/d93fb90bdc2ee50ccb8f262d9e69f5cbd26e7e6c1bbbc5a2d18d5302aa55ed45w20h20,scarlet-violet
dynamax-band,https://cdn.pokedb.org/a68508ad627362373ffd1ee0b3f07dc45b5e367c90559ff295217a6864275871,https://cdn.pokedb.org/a68508ad627362373ffd1ee0b3f07dc45b5e367c90559ff295217a6864275871w20h20,sword-shield
dynamax-candy,https://cdn.pokedb.org/52c191b72779e329d1d927ccb4c367cb577c59cf8128db68bd49174d4c0f5ced,https://cdn.pokedb.org/52c191b72779e329d1d927ccb4c367cb577c59cf8128db68bd49174d4c0f5cedw20h20,sword-shield
dynamax-crystal,https://cdn.pokedb.org/c1643b4380ab3096d0bca0381d77916eb0695c360190c5c4708593ec40981d6b,https://cdn.pokedb.org/c1643b4380ab3096d0bca0381d77916eb0695c360190c5c4708593ec40981d6bw20h20,sword-shield
dynite-ore,https://cdn.pokedb.org/73d0f3b95f765d857f05001742bec35b5c6c56c34e9f358153dc7ec22c607d45,https://cdn.pokedb.org/73d0f3b95f765d857f05001742bec35b5c6c56c34e9f358153dc7ec22c607d45w20h20,sword-shield
earth-plate,https://cdn.pokedb.org/4e02d7bb1cfd3f6028b857b750716f5c4d844893c8848148fcf7ea65b238bd25,https://cdn.pokedb.org/4e02d7bb1cfd3f6028b857b750716f5c4d844893c8848148fcf7ea65b238bd25w20h20,scarlet-violet
earth-plate,https://cdn.pokedb.org/479907072e031881dd23f2eb061c7ec36316ba998884171f0544f03b267f3fc8,https://cdn.pokedb.org/479907072e031881dd23f2eb061c7ec36316ba998884171f0544f03b267f3fc8w20h20,brilliant-diamond-shining-pearl
earth-plate,https://cdn.pokedb.org/572d4be61b50827e31435000620033af964fe96de1a611abd700405aaf40193a,https://cdn.pokedb.org/572d4be61b50827e31435000620033af964fe96de1a611abd700405aaf40193aw20h20,diamond-pearl
earth-plate,https://cdn.pokedb.org/95022dedde5228a59d5581c5a6a6b629a7ceeb88bfb3366eaf4e257dfd8d0700,https://cdn.pokedb.org/95022dedde5228a59d5581c5a6a6b629a7ceeb88bfb3366eaf4e257dfd8d0700w20h20,legends-arceus
eevee-candy,https://cdn.pokedb.org/02edba397240979903348a2a8f3786a37746956864d21aba60ff97ffc17b9ad6,https://cdn.pokedb.org/02edba397240979903348a2a8f3786a37746956864d21aba60ff97ffc17b9ad6w20h20,go
eevee-cup,https://cdn.pokedb.org/69295ed4a7b4fa84f5af830ac5945b1da8d4889391e7886c6432ab9c16239824,https://cdn.pokedb.org/69295ed4a7b4fa84f5af830ac5945b1da8d4889391e7886c6432ab9c16239824w20h20,scarlet-violet
eevee-fur,https://cdn.pokedb.org/d93fb90bdc2ee50ccb8f262d9e69f5cbd26e7e6c1bbbc5a2d18d5302aa55ed45,https://cdn.pokedb.org/d93fb90bdc2ee50ccb8f262d9e69f5cbd26e7e6c1bbbc5a2d18d5302aa55ed45w20h20,scarlet-violet
eevium-z,https://cdn.pokedb.org/b863607acd158fb8af15a92bf546646bc3522a2f631842c246093934dfbe70cc,https://cdn.pokedb.org/b863607acd158fb8af15a92bf546646bc3522a2f631842c246093934dfbe70ccw20h20,sun-moon
eevium-z,https://cdn.pokedb.org/f51ae23523e8a432d20881e9da68e47062535e569c16dfda0d99617e3f2483ac,https://cdn.pokedb.org/f51ae23523e8a432d20881e9da68e47062535e569c16dfda0d99617e3f2483acw20h20,sun-moon
egg,https://cdn.pokedb.org/4f5a008875525782429bbdfc0182edb713a4073c4e0b35f256a05a05a6634416,https://cdn.pokedb.org/4f5a008875525782429bbdfc0182edb713a4073c4e0b35f256a05a05a6634416w20h20,scarlet-violet
eggant-berry,https://cdn.pokedb.org/f2ce9d1949ca6f5148cf8c4e476fda6f94bf83077446d465c76230435bbf8273,https://cdn.pokedb.org/f2ce9d1949ca6f5148cf8c4e476fda6f94bf83077446d465c76230435bbf8273w20h20,ruby-sapphire
eiscue-down,https://cdn.pokedb.org/d93fb90bdc2ee50ccb8f262d9e69f5cbd26e7e6c1bbbc5a2d18d5302aa55ed45,https://cdn.pokedb.org/d93fb90bdc2ee50ccb8f262d9e69f5cbd26e7e6c1bbbc5a2d18d5302aa55ed45w20h20,scarlet-violet
eject-button,https://cdn.pokedb.org/209138827fdc13d8059ce20ac0ad44f10240e54c497bfb0e2ca668f0f89c0c61,https://cdn.pokedb.org/209138827fdc13d8059ce20ac0ad44f10240e54c497bfb0e2ca668f0f89c0c61w20h20,black-white
eject-button,https://cdn.pokedb.org/13c8b2a761e56450f5cd6920051d35c96e51c498be94e3f721861ea68cf9a026,https://cdn.pokedb.org/13c8b2a761e56450f5cd6920051d35c96e51c498be94e3f721861ea68cf9a026w20h20,scarlet-violet
eject-pack,https://cdn.pokedb.org/d9b904e7ece84d64f88fc9831fa3e3c2c006a7a1dfb96081378932a274286151,https://cdn.pokedb.org/d9b904e7ece84d64f88fc9831fa3e3c2c006a7a1dfb96081378932a274286151w20h20,scarlet-violet
eject-pack,https://cdn.pokedb.org/19202ec1b3005c77c08bc3983491176d250a6185a60d9d349d969dc357b471f0,https://cdn.pokedb.org/19202ec1b3005c77c08bc3983491176d250a6185a60d9d349d969dc357b471f0w20h20,sword-shield
ekans-candy,https://cdn.pokedb.org/10bcf6888044027ebc4f71d8482bb325f1ef20d8751050693b2d5216f8cde2ba,https://cdn.pokedb.org/10bcf6888044027ebc4f71d8482bb325f1ef20d8751050693b2d5216f8cde2baw20h20,go
ekans-fang,https://cdn.pokedb.org/d93fb90bdc2ee50ccb8f262d9e69f5cbd26e7e6c1bbbc5a2d18d5302aa55ed45,https://cdn.pokedb.org/d93fb90bdc2ee50ccb8f262d9e69f5cbd26e7e6c1bbbc5a2d18d5302aa55ed45w20h20,scarlet-violet
electabuzz-candy,https://cdn.pokedb.org/0d6ce18941a3026f1ad730f1c30b7d78e1f883ad5fccf2ca0eb06a78e6de6fc0,https://cdn.pokedb.org/0d6ce18941a3026f1ad730f1c30b7d78e1f883ad5fccf2ca0eb06a78e6de6fc0w20h20,go
electirizer,https://cdn.pokedb.org/3cf166c6191ea71e9a1796c1708aba2ef6b4d0fad3ad1585266c62006c8864fb,https://cdn.pokedb.org/3cf166c6191ea71e9a1796c1708aba2ef6b4d0fad3ad1585266c62006c8864fbw20h20,diamond-pearl
electirizer,https://cdn.pokedb.org/017911aa9877c0a8b22e2099aa6600ad9ce91b3a7e2187ca1f1eec1493cd4510,https://cdn.pokedb.org/017911aa9877c0a8b22e2099aa6600ad9ce91b3a7e2187ca1f1eec1493cd4510w20h20,scarlet-violet
electirizer,https://cdn.pokedb.org/4b2c620756c79ec95e0ca2a920583f69980c3ad5c13e6ad1aab9d8777f66bb74,https://cdn.pokedb.org/4b2c620756c79ec95e0ca2a920583f69980c3ad5c13e6ad1aab9d8777f66bb74w20h20,brilliant-diamond-shining-pearl
electirizer,https://cdn.pokedb.org/1f486175ec89c238cab9eb5f434e66a96d1295a65c5b441207345320909c4b7a,https://cdn.pokedb.org/1f486175ec89c238cab9eb5f434e66a96d1295a65c5b441207345320909c4b7aw20h20,legends-arceus
electric-gem,https://cdn.pokedb.org/b2ec74e2b4978b7ed01fc5b2f2e27f258ae58fc03ce64b98069fbf007d98ed80,https://cdn.pokedb.org/b2ec74e2b4978b7ed01fc5b2f2e27f258ae58fc03ce64b98069fbf007d98ed80w20h20,black-white
electric-memory,https://cdn.pokedb.org/ff55f089c2522c13915151fe469fffc46a2364e8f74a9d9242e7baa9bae18612,https://cdn.pokedb.org/ff55f089c2522c13915151fe469fffc46a2364e8f74a9d9242e7baa9bae18612w20h20,sun-moon
electric-seed,https://cdn.pokedb.org/0b7b873b422bcbcdbf54fa0988956a124f59362aaeacabbcf57e3a5923ecabcd,https://cdn.pokedb.org/0b7b873b422bcbcdbf54fa0988956a124f59362aaeacabbcf57e3a5923ecabcdw20h20,scarlet-violet
electric-seed,https://cdn.pokedb.org/c0218516a22c5e1508d239324e7d2dc0bc71a351266b9b03c626458a20d54d45,https://cdn.pokedb.org/c0218516a22c5e1508d239324e7d2dc0bc71a351266b9b03c626458a20d54d45w20h20,sun-moon
electric-tera-shard,https://cdn.pokedb.org/89fb3fdc65dd35a988698dbcbb846e0e636e38a5e7be63dd133242d94bfaed99,https://cdn.pokedb.org/89fb3fdc65dd35a988698dbcbb846e0e636e38a5e7be63dd133242d94bfaed99w20h20,scarlet-violet
electrium-z,https://cdn.pokedb.org/d0d20950cfd21ffc34ffa684bf0462218dd0bac654d1bae3fb8ab596318cc3eb,https://cdn.pokedb.org/d0d20950cfd21ffc34ffa684bf0462218dd0bac654d1bae3fb8ab596318cc3ebw20h20,sun-moon
electrium-z,https://cdn.pokedb.org/bedb5302cf666d034e6116ddda09792b5b983c5329b916eefa21d09ecd7fe495,https://cdn.pokedb.org/bedb5302cf666d034e6116ddda09792b5b983c5329b916eefa21d09ecd7fe495w20h20,sun-moon
elekid-fur,https://cdn.pokedb.org/d93fb90bdc2ee50ccb8f262d9e69f5cbd26e7e6c1bbbc5a2d18d5302aa55ed45,https://cdn.pokedb.org/d93fb90bdc2ee50ccb8f262d9e69f5cbd26e7e6c1bbbc5a2d18d5302aa55ed45w20h20,scarlet-violet
elevator-key,https://cdn.pokedb.org/eee54c6f29cf70a703fdcdb9f94b3fd3bec0178851bc77a9939c8fa54bde5a6b,https://cdn.pokedb.org/eee54c6f29cf70a703fdcdb9f94b3fd3bec0178851bc77a9939c8fa54bde5a6bw20h20,x-y
elixir,https://cdn.pokedb.org/aa5430820cd9998eabd7a700ad50f999f44a828399a173b1654b88e029b38835,https://cdn.pokedb.org/aa5430820cd9998eabd7a700ad50f999f44a828399a173b1654b88e029b38835w20h20,firered-leafgreen
elixir,https://cdn.pokedb.org/a80b928b2b011b02028a908c2ea56fb1af9c51cd47a9345818e9fdc5b361fb20,https://cdn.pokedb.org/a80b928b2b011b02028a908c2ea56fb1af9c51cd47a9345818e9fdc5b361fb20w20h20,brilliant-diamond-shining-pearl
elixir,https://cdn.pokedb.org/2c28b3d40283911de70bc1f0e8354c8c5c8535ee3e25fbbe7da42839de892112,https://cdn.pokedb.org/2c28b3d40283911de70bc1f0e8354c8c5c8535ee3e25fbbe7da42839de892112w20h20,scarlet-violet
endorsement,https://cdn.pokedb.org/aeff09bdf658ccd305aec48b1f1ca841a20be8cc64fa3d95ec3733df57b932dd,https://cdn.pokedb.org/aeff09bdf658ccd305aec48b1f1ca841a20be8cc64fa3d95ec3733df57b932ddw20h20,sword-shield
energy-powder,https://cdn.pokedb.org/530cb5437af7c868e52f260db9fdddfb9513d489bf6a0e6f77251b92bff3f7b8,https://cdn.pokedb.org/530cb5437af7c868e52f260db9fdddfb9513d489bf6a0e6f77251b92bff3f7b8w20h20,brilliant-diamond-shining-pearl
energy-powder,https://cdn.pokedb.org/80d6023b8d377cb3db38b76c53d78e874be6a854b0bce135d9061afaa6751906,https://cdn.pokedb.org/80d6023b8d377cb3db38b76c53d78e874be6a854b0bce135d9061afaa6751906w20h20,firered-leafgreen
energy-powder,https://cdn.pokedb.org/1376d27f67bffbb0c00a913e316ece488608d71bc75fcaf7cc4df1b42a1c70c9,https://cdn.pokedb.org/1376d27f67bffbb0c00a913e316ece488608d71bc75fcaf7cc4df1b42a1c70c9w20h20,scarlet-violet
energy-root,https://cdn.pokedb.org/01fb74ca8392938ea716f44402f2a3651d1b3a0e546ac24b00e1f80ef5661f05,https://cdn.pokedb.org/01fb74ca8392938ea716f44402f2a3651d1b3a0e546ac24b00e1f80ef5661f05w20h20,scarlet-violet
energy-root,https://cdn.pokedb.org/dd764ae711cfe18dc2da25800253986fb9beb578e2e212db1bc99cc0458f3492,https://cdn.pokedb.org/dd764ae711cfe18dc2da25800253986fb9beb578e2e212db1bc99cc0458f3492w20h20,firered-leafgreen
energy-root,https://cdn.pokedb.org/0aa07a3a09756573d722c8e458ee0fa7290c472a04e860ee500cb579b43fb9bb,https://cdn.pokedb.org/0aa07a3a09756573d722c8e458ee0fa7290c472a04e860ee500cb579b43fb9bbw20h20,brilliant-diamond-shining-pearl
enigma-berry,https://cdn.pokedb.org/02348902386d5600e342acb4c95b2d77387a10d19c4ec64d4cf694168a8590a4,https://cdn.pokedb.org/02348902386d5600e342acb4c95b2d77387a10d19c4ec64d4cf694168a8590a4w20h20,scarlet-violet
enigma-berry,https://cdn.pokedb.org/99984fcd542e881b03ef0363cccc48e06c419f131a57f3c73aafbffb0c40a434,https://cdn.pokedb.org/99984fcd542e881b03ef0363cccc48e06c419f131a57f3c73aafbffb0c40a434w20h20,ruby-sapphire
enigma-berry,https://cdn.pokedb.org/1c2841c4a8258ce4d1b1e0caa58b78b5ce799f0a31873c8dc94b6611cb737fb4,https://cdn.pokedb.org/1c2841c4a8258ce4d1b1e0caa58b78b5ce799f0a31873c8dc94b6611cb737fb4w20h20,firered-leafgreen
enigma-berry,https://cdn.pokedb.org/feb13a7101975ed40f5705d14ce145fcc79ceb26cf2443747d786fefb4da2a17,https://cdn.pokedb.org/feb13a7101975ed40f5705d14ce145fcc79ceb26cf2443747d786fefb4da2a17w20h20,brilliant-diamond-shining-pearl
enigma-stone,https://cdn.pokedb.org/aa7b3b95f34f5d5bf8b33f8af9c67fe492206c8637e68d2b65994fa0cc7ea2d9,https://cdn.pokedb.org/aa7b3b95f34f5d5bf8b33f8af9c67fe492206c8637e68d2b65994fa0cc7ea2d9w20h20,heartgold-soulsilver
enigmatic-card,https://cdn.pokedb.org/64c6ac2d51f48c75424bacf536f976cd7708e61513bb6ec31bc85dbc1501563a,https://cdn.pokedb.org/64c6ac2d51f48c75424bacf536f976cd7708e61513bb6ec31bc85dbc1501563aw20h20,sun-moon
entei-treat,https://cdn.pokedb.org/11396ecb0ac496e1454467b99bdc139e62287d80089b8eba679dc61d57b11c9c,https://cdn.pokedb.org/11396ecb0ac496e1454467b99bdc139e62287d80089b8eba679dc61d57b11c9cw20h20,the-indigo-disk
eon-flute,https://cdn.pokedb.org/db9280609d2a75197444568878954401169530e6884911827cda1209687fd21a,https://cdn.pokedb.org/db9280609d2a75197444568878954401169530e6884911827cda1209687fd21aw20h20,platinum
eon-ticket,https://cdn.pokedb.org/ad47bfa220d3149066c2f2c925787dd4f17eeb05c06c92db96bb5cff873e4d9c,https://cdn.pokedb.org/ad47bfa220d3149066c2f2c925787dd4f17eeb05c06c92db96bb5cff873e4d9cw20h20,firered-leafgreen
escape-rope,https://cdn.pokedb.org/0467c8795e1d79f68c639fc480813075adcee250392e08558270c58d9f795974,https://cdn.pokedb.org/0467c8795e1d79f68c639fc480813075adcee250392e08558270c58d9f795974w20h20,firered-leafgreen
escape-rope,https://cdn.pokedb.org/86ffaad9991343112de425c991841a3dadef5d5682d0abbc6d3673b5d03f0ffb,https://cdn.pokedb.org/86ffaad9991343112de425c991841a3dadef5d5682d0abbc6d3673b5d03f0ffbw20h20,scarlet-violet
escape-rope,https://cdn.pokedb.org/f928d41846786fe0732af9cde6dc4dc5310da66795ea4909b0382a06505f924a,https://cdn.pokedb.org/f928d41846786fe0732af9cde6dc4dc5310da66795ea4909b0382a06505f924aw20h20,brilliant-diamond-shining-pearl
espurr-fur,https://cdn.pokedb.org/d93fb90bdc2ee50ccb8f262d9e69f5cbd26e7e6c1bbbc5a2d18d5302aa55ed45,https://cdn.pokedb.org/d93fb90bdc2ee50ccb8f262d9e69f5cbd26e7e6c1bbbc5a2d18d5302aa55ed45w20h20,scarlet-violet
ether,https://cdn.pokedb.org/29f5bdb964da60453a57db313b45c6b2986c8a252bd4032d138894117f9ba481,https://cdn.pokedb.org/29f5bdb964da60453a57db313b45c6b2986c8a252bd4032d138894117f9ba481w20h20,firered-leafgreen
ether,https://cdn.pokedb.org/0ef7ffd2e8a69a8a9d7f5497190cbc33e17766a412c3d6a55e5898ece6047eb8,https://cdn.pokedb.org/0ef7ffd2e8a69a8a9d7f5497190cbc33e17766a412c3d6a55e5898ece6047eb8w20h20,scarlet-violet
ether,https://cdn.pokedb.org/f3dabbc8ca6399e97f2992ed7114779fef98ba9b98980e6be5afb14c38b54de2,https://cdn.pokedb.org/f3dabbc8ca6399e97f2992ed7114779fef98ba9b98980e6be5afb14c38b54de2w20h20,brilliant-diamond-shining-pearl
ether,https://cdn.pokedb.org/ed0071588f63cca6c0d6b8159b495d0fd8412f3982f797a7925674ee5a6dbdf1,https://cdn.pokedb.org/ed0071588f63cca6c0d6b8159b495d0fd8412f3982f797a7925674ee5a6dbdf1w20h20,black-white
everstone,https://cdn.pokedb.org/01ce13b78530d3b1a6bf0148a3dac57eeb45bb2712039044c0eec8d930de7f7c,https://cdn.pokedb.org/01ce13b78530d3b1a6bf0148a3dac57eeb45bb2712039044c0eec8d930de7f7cw20h20,scarlet-violet
everstone,https://cdn.pokedb.org/7c8c464345d3d40cba079771a2eb98a2bc01d5bedb4c97e753edf6565b2a11c7,https://cdn.pokedb.org/7c8c464345d3d40cba079771a2eb98a2bc01d5bedb4c97e753edf6565b2a11c7w20h20,firered-leafgreen
eviolite,https://cdn.pokedb.org/b96f7f98eda2fcaea7a9cfd691b0efb035d306bd63b51f6f0a94843ea3c0480c,https://cdn.pokedb.org/b96f7f98eda2fcaea7a9cfd691b0efb035d306bd63b51f6f0a94843ea3c0480cw20h20,black-white
eviolite,https://cdn.pokedb.org/da243b94d55755eef4c2db0dc6b86c007e3fc58354523741039f7b9374deffce,https://cdn.pokedb.org/da243b94d55755eef4c2db0dc6b86c007e3fc58354523741039f7b9374deffcew20h20,scarlet-violet
exeggcute-candy,https://cdn.pokedb.org/2d7939c13158c137e0c365633080bac8d369174fa359643eab288606bccfe9b6,https://cdn.pokedb.org/2d7939c13158c137e0c365633080bac8d369174fa359643eab288606bccfe9b6w20h20,go
exeggcute-shell,https://cdn.pokedb.org/d93fb90bdc2ee50ccb8f262d9e69f5cbd26e7e6c1bbbc5a2d18d5302aa55ed45,https://cdn.pokedb.org/d93fb90bdc2ee50ccb8f262d9e69f5cbd26e7e6c1bbbc5a2d18d5302aa55ed45w20h20,scarlet-violet
exercise-ball,https://cdn.pokedb.org/69295ed4a7b4fa84f5af830ac5945b1da8d4889391e7886c6432ab9c16239824,https://cdn.pokedb.org/69295ed4a7b4fa84f5af830ac5945b1da8d4889391e7886c6432ab9c16239824w20h20,scarlet-violet
exp-candy-l,https://cdn.pokedb.org/9466315072db45a08c38318b98b7a86df23cb920996d95608278644b595d30bc,https://cdn.pokedb.org/9466315072db45a08c38318b98b7a86df23cb920996d95608278644b595d30bcw20h20,sword-shield
exp-candy-l,https://cdn.pokedb.org/4c11d206b7fac9abc9acb828784ec1ac19c718124582bfd6bf9dbfb51ad23759,https://cdn.pokedb.org/4c11d206b7fac9abc9acb828784ec1ac19c718124582bfd6bf9dbfb51ad23759w20h20,scarlet-violet
exp-candy-l,https://cdn.pokedb.org/3a6c1978c594cd8379cdfe2816b3e5759212a343693794933838920d2e2c5c23,https://cdn.pokedb.org/3a6c1978c594cd8379cdfe2816b3e5759212a343693794933838920d2e2c5c23w20h20,legends-arceus
exp-candy-m,https://cdn.pokedb.org/ddbfb5bf0eb8b2d0e7742d8d13e27807476f86b83345900a745c134d28efd4c7,https://cdn.pokedb.org/ddbfb5bf0eb8b2d0e7742d8d13e27807476f86b83345900a745c134d28efd4c7w20h20,sword-shield
exp-candy-m,https://cdn.pokedb.org/98a817833a00bf7e6d488f188fe32cc186fe8c03c7eb9e1e0b6559a40bb88c07,https://cdn.pokedb.org/98a817833a00bf7e6d488f188fe32cc186fe8c03c7eb9e1e0b6559a40bb88c07w20h20,legends-arceus
exp-candy-m,https://cdn.pokedb.org/199634449141081281b262cbe9c265e81dd684bfedc552060648645ec4262ab8,https://cdn.pokedb.org/199634449141081281b262cbe9c265e81dd684bfedc552060648645ec4262ab8w20h20,scarlet-violet
exp-candy-s,https://cdn.pokedb.org/9d2513e1f8416a00b7dc913fcb2fcb78e5e4569a80c7787d3f9f9dacc864b52e,https://cdn.pokedb.org/9d2513e1f8416a00b7dc913fcb2fcb78e5e4569a80c7787d3f9f9dacc864b52ew20h20,legends-arceus
exp-candy-s,https://cdn.pokedb.org/33f8752a92a3463a332150fb75308581360913e2e99b75ca0eae7c2dfba5afab,https://cdn.pokedb.org/33f8752a92a3463a332150fb75308581360913e2e99b75ca0eae7c2dfba5afabw20h20,scarlet-violet
exp-candy-s,https://cdn.pokedb.org/e6be23540450953055f6ade7caad8188f4d73d4bdde570cf1bdc1bdc7b45c801,https://cdn.pokedb.org/e6be23540450953055f6ade7caad8188f4d73d4bdde570cf1bdc1bdc7b45c801w20h20,sword-shield
exp-candy-xl,https://cdn.pokedb.org/65c2e3927116d784aa8df21bafe62797044fed6798c10048512172bae19c8f89,https://cdn.pokedb.org/65c2e3927116d784aa8df21bafe62797044fed6798c10048512172bae19c8f89w20h20,legends-arceus
exp-candy-xl,https://cdn.pokedb.org/ac6450f92f1aaec8c094a1b03424adf717a8ad2b2941d7bb398bfa5a8c81ee59,https://cdn.pokedb.org/ac6450f92f1aaec8c094a1b03424adf717a8ad2b2941d7bb398bfa5a8c81ee59w20h20,sword-shield
exp-candy-xl,https://cdn.pokedb.org/29a040fa94c923eff25bc79ac6af00a01eef251a9c4ff102c4aa87939316cd61,https://cdn.pokedb.org/29a040fa94c923eff25bc79ac6af00a01eef251a9c4ff102c4aa87939316cd61w20h20,scarlet-violet
exp-candy-xs,https://cdn.pokedb.org/810a4019cd61086d5198e206f54dc4878b90d8a107167397831f3cda2585b1e3,https://cdn.pokedb.org/810a4019cd61086d5198e206f54dc4878b90d8a107167397831f3cda2585b1e3w20h20,scarlet-violet
exp-candy-xs,https://cdn.pokedb.org/1f0836eca3cb69f18ecfc8593dc3f2f4dc6388bcf63754552ae9dc066d80d3b2,https://cdn.pokedb.org/1f0836eca3cb69f18ecfc8593dc3f2f4dc6388bcf63754552ae9dc066d80d3b2w20h20,sword-shield
exp-charm,https://cdn.pokedb.org/b2b9ffb44caa50112531f7ad9d8b2e54b5a5a2d198453108230ebe25e4de3e10,https://cdn.pokedb.org/b2b9ffb44caa50112531f7ad9d8b2e54b5a5a2d198453108230ebe25e4de3e10w20h20,sword-shield
exp-charm,https://cdn.pokedb.org/313acce9462546b6b2c9fd517a0304383a1cf02c73b6f47c76b8bf6f828974bb,https://cdn.pokedb.org/313acce9462546b6b2c9fd517a0304383a1cf02c73b6f47c76b8bf6f828974bbw20h20,scarlet-violet
exp-share,https://cdn.pokedb.org/ef6dc2c7cc1579b026ed6c83d98f27d4de556054da025412cb5a67f27bcc7722,https://cdn.pokedb.org/ef6dc2c7cc1579b026ed6c83d98f27d4de556054da025412cb5a67f27bcc7722w20h20,scarlet-violet
exp-share,https://cdn.pokedb.org/8326cb802eef0077571311b9c6e42d8445707cdd109344adf34984621f3f3087,https://cdn.pokedb.org/8326cb802eef0077571311b9c6e42d8445707cdd109344adf34984621f3f3087w20h20,firered-leafgreen
expert-belt,https://cdn.pokedb.org/901aefcd4e10e35408f3843b1cd406b084e017de308bcae3eec16e956e19a743,https://cdn.pokedb.org/901aefcd4e10e35408f3843b1cd406b084e017de308bcae3eec16e956e19a743w20h20,scarlet-violet
expert-belt,https://cdn.pokedb.org/afa9e3af64d67f73a84ecafe53c8a84cfaf91ded0d388171697d5b100b730d3a,https://cdn.pokedb.org/afa9e3af64d67f73a84ecafe53c8a84cfaf91ded0d388171697d5b100b730d3aw20h20,brilliant-diamond-shining-pearl
expert-belt,https://cdn.pokedb.org/b797e27bb6d5cdfd2067f7ec36a11bbf922bcb4567b61d40ec2e49256794329e,https://cdn.pokedb.org/b797e27bb6d5cdfd2067f7ec36a11bbf922bcb4567b61d40ec2e49256794329ew20h20,diamond-pearl
explorer-kit,https://cdn.pokedb.org/31b0b17cb41cb30735a282016b2fa4daf3fe1bb5135fc1fc2cf5d4f6daf92fc9,https://cdn.pokedb.org/31b0b17cb41cb30735a282016b2fa4daf3fe1bb5135fc1fc2cf5d4f6daf92fc9w20h20,diamond-pearl
explorer-kit,https://cdn.pokedb.org/d56f8301981bd736c44a9f0e38cb3598295a02422cbaba14d0b6f472c4519298,https://cdn.pokedb.org/d56f8301981bd736c44a9f0e38cb3598295a02422cbaba14d0b6f472c4519298w20h20,brilliant-diamond-shining-pearl
fab-mail,https://cdn.pokedb.org/1f4f330a15a705e35bf83bb80d0793135962d5fe7dfa7a0bcac3aa2b45ba7673,https://cdn.pokedb.org/1f4f330a15a705e35bf83bb80d0793135962d5fe7dfa7a0bcac3aa2b45ba7673w20h20,firered-leafgreen
fairium-z,https://cdn.pokedb.org/432d1ba282a02eecd9faa0aa232fe7f583d01dabe39d6a38f15b4442b35af237,https://cdn.pokedb.org/432d1ba282a02eecd9faa0aa232fe7f583d01dabe39d6a38f15b4442b35af237w20h20,sun-moon
fairium-z,https://cdn.pokedb.org/b0aa098bab7bff262ab24e3d90b8cee6cc1be4874861d99ef582076619a8b9e0,https://cdn.pokedb.org/b0aa098bab7bff262ab24e3d90b8cee6cc1be4874861d99ef582076619a8b9e0w20h20,sun-moon
fairy-feather,https://cdn.pokedb.org/a519738a338501551829e39e0f22ddd5bffc873285b90010639ff495eaf59e13,https://cdn.pokedb.org/a519738a338501551829e39e0f22ddd5bffc873285b90010639ff495eaf59e13w20h20,scarlet-violet
fairy-gem,https://cdn.pokedb.org/457c42a0eb8378f1489e625594b5836702e308b931b4a993b6854eec4bf05887,https://cdn.pokedb.org/457c42a0eb8378f1489e625594b5836702e308b931b4a993b6854eec4bf05887w20h20,x-y
fairy-memory,https://cdn.pokedb.org/012d37c071154c6488cc896210eb3d9502b473fefd7487664646e6793b46af36,https://cdn.pokedb.org/012d37c071154c6488cc896210eb3d9502b473fefd7487664646e6793b46af36w20h20,sun-moon
fairy-tera-shard,https://cdn.pokedb.org/8f0c662196f7bba2bf26c8ffd8a8328fdc587221160d4626a260bf7334b0d4ad,https://cdn.pokedb.org/8f0c662196f7bba2bf26c8ffd8a8328fdc587221160d4626a260bf7334b0d4adw20h20,scarlet-violet
falinks-sweat,https://cdn.pokedb.org/d93fb90bdc2ee50ccb8f262d9e69f5cbd26e7e6c1bbbc5a2d18d5302aa55ed45,https://cdn.pokedb.org/d93fb90bdc2ee50ccb8f262d9e69f5cbd26e7e6c1bbbc5a2d18d5302aa55ed45w20h20,scarlet-violet
fame-checker,https://cdn.pokedb.org/3e21c33a24de566586334039321bedb1bcb81649ffe24b2519aff25d7c73cfbe,https://cdn.pokedb.org/3e21c33a24de566586334039321bedb1bcb81649ffe24b2519aff25d7c73cfbew20h20,firered-leafgreen
fancy-apple,https://cdn.pokedb.org/78248e0c3dee757e5d376fc275392d79a3b51b5d54856c7d2d8f3860bce2649a,https://cdn.pokedb.org/78248e0c3dee757e5d376fc275392d79a3b51b5d54856c7d2d8f3860bce2649aw20h20,sword-shield
farfetchd-candy,https://cdn.pokedb.org/1e99afd72681ba2953701269f9a417e85aec8cb640b64cbe513031f5b588f326,https://cdn.pokedb.org/1e99afd72681ba2953701269f9a417e85aec8cb640b64cbe513031f5b588f326w20h20,go
fashion-case,https://cdn.pokedb.org/8067c3afcb27569b1d3d0694155e864ce364b257ec0c524f503ca78561be2d70,https://cdn.pokedb.org/8067c3afcb27569b1d3d0694155e864ce364b257ec0c524f503ca78561be2d70w20h20,diamond-pearl
fast-ball,https://cdn.pokedb.org/682afbe3e0d401553a880b73bc466a018eede290128a9da8466291945f6646c0,https://cdn.pokedb.org/682afbe3e0d401553a880b73bc466a018eede290128a9da8466291945f6646c0w20h20,home
fast-ball,https://cdn.pokedb.org/27eee88fa1fe3fe0ccb92d82cef321bfe4a31db144816648975f376cc733f7e1,https://cdn.pokedb.org/27eee88fa1fe3fe0ccb92d82cef321bfe4a31db144816648975f376cc733f7e1w20h20,global-link
fast-ball,https://cdn.pokedb.org/e8cb13853759cc75ff6e16fbde85e4d445b61670dd21db857de8d4d1f506269b,https://cdn.pokedb.org/e8cb13853759cc75ff6e16fbde85e4d445b61670dd21db857de8d4d1f506269bw20h20,brilliant-diamond-shining-pearl
fast-ball,https://cdn.pokedb.org/35177448308e181381640b2365df24d5b18da6c06495e0474ffac09f31447493,https://cdn.pokedb.org/35177448308e181381640b2365df24d5b18da6c06495e0474ffac09f31447493w20h20,heartgold-soulsilver
fast-ball,https://cdn.pokedb.org/3741356d27f87e22054b8509694015bbeaf5421a37c725e9c5ffc03e0b42435a,https://cdn.pokedb.org/3741356d27f87e22054b8509694015bbeaf5421a37c725e9c5ffc03e0b42435aw20h20,scarlet-violet
favored-mail,https://cdn.pokedb.org/11a585ff508b85de96fe949d74e951cda342e43ec465a6b17f5cc942c4d01860,https://cdn.pokedb.org/11a585ff508b85de96fe949d74e951cda342e43ec465a6b17f5cc942c4d01860w20h20,black-white
feebas-scales,https://cdn.pokedb.org/d93fb90bdc2ee50ccb8f262d9e69f5cbd26e7e6c1bbbc5a2d18d5302aa55ed45,https://cdn.pokedb.org/d93fb90bdc2ee50ccb8f262d9e69f5cbd26e7e6c1bbbc5a2d18d5302aa55ed45w20h20,scarlet-violet
festival-ticket,https://cdn.pokedb.org/9e97f0bd4c11255ab62657af973a5767406f0a65ecedc9b5e4e93a6476597043,https://cdn.pokedb.org/9e97f0bd4c11255ab62657af973a5767406f0a65ecedc9b5e4e93a6476597043w20h20,sun-moon
fidough-fur,https://cdn.pokedb.org/d93fb90bdc2ee50ccb8f262d9e69f5cbd26e7e6c1bbbc5a2d18d5302aa55ed45,https://cdn.pokedb.org/d93fb90bdc2ee50ccb8f262d9e69f5cbd26e7e6c1bbbc5a2d18d5302aa55ed45w20h20,scarlet-violet
fighting-gem,https://cdn.pokedb.org/aaf45613eb2320030cc4eb28592c3461016cbc6b42026f81302569e50d88d2b3,https://cdn.pokedb.org/aaf45613eb2320030cc4eb28592c3461016cbc6b42026f81302569e50d88d2b3w20h20,black-white
fighting-memory,https://cdn.pokedb.org/d95b7e012c2d61e1c9b3c4d383b1c28305d0f3a3264183f36918bc0a8d703747,https://cdn.pokedb.org/d95b7e012c2d61e1c9b3c4d383b1c28305d0f3a3264183f36918bc0a8d703747w20h20,sun-moon
fighting-tera-shard,https://cdn.pokedb.org/9f440874bea3e84cebe3263c1514ba284648f57d631524da1ba065565808463b,https://cdn.pokedb.org/9f440874bea3e84cebe3263c1514ba284648f57d631524da1ba065565808463bw20h20,scarlet-violet
fightinium-z,https://cdn.pokedb.org/47e5227c8c6da5c891f3151760f7753ee8f7aebf551ece6b58c9694793e94a75,https://cdn.pokedb.org/47e5227c8c6da5c891f3151760f7753ee8f7aebf551ece6b58c9694793e94a75w20h20,sun-moon
fightinium-z,https://cdn.pokedb.org/a32a150f6f5e7cec682575b08fdec0f2937e5eeb82c308b5cfa5fe481a108737,https://cdn.pokedb.org/a32a150f6f5e7cec682575b08fdec0f2937e5eeb82c308b5cfa5fe481a108737w20h20,sun-moon
figy-berry,https://cdn.pokedb.org/4e3bdc4d81f32e68b6a7e88a0e4584bb5e0b2622c7c7eea367c1987efb4d1982,https://cdn.pokedb.org/4e3bdc4d81f32e68b6a7e88a0e4584bb5e0b2622c7c7eea367c1987efb4d1982w20h20,legends-arceus
figy-berry,https://cdn.pokedb.org/db351cfef4a94ec7555062a4a4fa4252de8ab598228ceea64cffe575ef7646f0,https://cdn.pokedb.org/db351cfef4a94ec7555062a4a4fa4252de8ab598228ceea64cffe575ef7646f0w20h20,brilliant-diamond-shining-pearl
figy-berry,https://cdn.pokedb.org/5dd14f65f106847c6dc1e98774a97b041548cedc9640bf3f96de3f9afd5e91ba,https://cdn.pokedb.org/5dd14f65f106847c6dc1e98774a97b041548cedc9640bf3f96de3f9afd5e91baw20h20,scarlet-violet
figy-berry,https://cdn.pokedb.org/5bfc646a521df397e46990013ad70a2dee4da3d7e29cf9185bf25c39aa0053f0,https://cdn.pokedb.org/5bfc646a521df397e46990013ad70a2dee4da3d7e29cf9185bf25c39aa0053f0w20h20,firered-leafgreen
figy-berry,https://cdn.pokedb.org/9afc86d6c4074f2d3936bcc7f20d8a57791e3320f64ce90d470e544588683e8c,https://cdn.pokedb.org/9afc86d6c4074f2d3936bcc7f20d8a57791e3320f64ce90d470e544588683e8cw20h20,ruby-sapphire
finizen-mucus,https://cdn.pokedb.org/d93fb90bdc2ee50ccb8f262d9e69f5cbd26e7e6c1bbbc5a2d18d5302aa55ed45,https://cdn.pokedb.org/d93fb90bdc2ee50ccb8f262d9e69f5cbd26e7e6c1bbbc5a2d18d5302aa55ed45w20h20,scarlet-violet
finneon-scales,https://cdn.pokedb.org/d93fb90bdc2ee50ccb8f262d9e69f5cbd26e7e6c1bbbc5a2d18d5302aa55ed45,https://cdn.pokedb.org/d93fb90bdc2ee50ccb8f262d9e69f5cbd26e7e6c1bbbc5a2d18d5302aa55ed45w20h20,scarlet-violet
fire-gem,https://cdn.pokedb.org/cd5cbf8ebcc57a7c276d169e82a64bdaa25ffb604e784a8d44b7b26c1606405c,https://cdn.pokedb.org/cd5cbf8ebcc57a7c276d169e82a64bdaa25ffb604e784a8d44b7b26c1606405cw20h20,black-white
fire-memory,https://cdn.pokedb.org/efe6ed1d0cddacee716fba741175ef51b6e5f6ee3cc86196f0419227077e30f1,https://cdn.pokedb.org/efe6ed1d0cddacee716fba741175ef51b6e5f6ee3cc86196f0419227077e30f1w20h20,sun-moon
fire-pattern-cup,https://cdn.pokedb.org/69295ed4a7b4fa84f5af830ac5945b1da8d4889391e7886c6432ab9c16239824,https://cdn.pokedb.org/69295ed4a7b4fa84f5af830ac5945b1da8d4889391e7886c6432ab9c16239824w20h20,scarlet-violet
fire-stone,https://cdn.pokedb.org/d9b8cf42637b5907cb87a1bfe4b0794e8daa33d0d49314b64dbf18ec5f2ce2dc,https://cdn.pokedb.org/d9b8cf42637b5907cb87a1bfe4b0794e8daa33d0d49314b64dbf18ec5f2ce2dcw20h20,scarlet-violet
fire-stone,https://cdn.pokedb.org/67d9c19add44c239f2e2697418104a7cf9c81c1f36f4379d43bbcd199879c02e,https://cdn.pokedb.org/67d9c19add44c239f2e2697418104a7cf9c81c1f36f4379d43bbcd199879c02ew20h20,firered-leafgreen
fire-stone,https://cdn.pokedb.org/5c60ea738f3cc554cbaecf9e25f0ab904c7e39c81dbc2baae64966d7c9d37b33,https://cdn.pokedb.org/5c60ea738f3cc554cbaecf9e25f0ab904c7e39c81dbc2baae64966d7c9d37b33w20h20,legends-arceus
fire-tera-shard,https://cdn.pokedb.org/c6f26ec9e3255a3afada47c20e46b4dfe1af72eae5efc80374ac5ff67a2805eb,https://cdn.pokedb.org/c6f26ec9e3255a3afada47c20e46b4dfe1af72eae5efc80374ac5ff67a2805ebw20h20,scarlet-violet
firium-z,https://cdn.pokedb.org/22bc35203e833b3d6ba283f66baffd6f6e4b53ac7b0ebec6cccf7db9986a92ac,https://cdn.pokedb.org/22bc35203e833b3d6ba283f66baffd6f6e4b53ac7b0ebec6cccf7db9986a92acw20h20,sun-moon
firium-z,https://cdn.pokedb.org/f21de4eb350fd6c513e1f5ada2192d954d732a175812aed72dd5be452c6233f6,https://cdn.pokedb.org/f21de4eb350fd6c513e1f5ada2192d954d732a175812aed72dd5be452c6233f6w20h20,sun-moon
fishing-rod,https://cdn.pokedb.org/fd67855975e3086516f165759c52a48f0c9b79a61a697cfd7d6d8ba8e937a771,https://cdn.pokedb.org/fd67855975e3086516f165759c52a48f0c9b79a61a697cfd7d6d8ba8e937a771w20h20,sun-moon
fishing-rod,https://cdn.pokedb.org/0fb5c8b0c9e7bafac50224916f165250b3cc6ba7e8bc4ddb456323b2c6567b29,https://cdn.pokedb.org/0fb5c8b0c9e7bafac50224916f165250b3cc6ba7e8bc4ddb456323b2c6567b29w20h20,sun-moon
fishing-rod,https://cdn.pokedb.org/5308f320ac2c1baeb86cece095a0f75040da5413c21055af7c25b2530384f41e,https://cdn.pokedb.org/5308f320ac2c1baeb86cece095a0f75040da5413c21055af7c25b2530384f41ew20h20,sword-shield
fist-plate,https://cdn.pokedb.org/4c3b96c4ab4c3b1c62c38ced8c31b0c11af62bae0faa9239f622e0aa79f5e664,https://cdn.pokedb.org/4c3b96c4ab4c3b1c62c38ced8c31b0c11af62bae0faa9239f622e0aa79f5e664w20h20,legends-arceus
fist-plate,https://cdn.pokedb.org/83e994a09dc7aac5c8c190ef641e5c512787eadd95b31a8ba9722a90ac0ec9c2,https://cdn.pokedb.org/83e994a09dc7aac5c8c190ef641e5c512787eadd95b31a8ba9722a90ac0ec9c2w20h20,diamond-pearl
fist-plate,https://cdn.pokedb.org/1c784d99f2a87a2b9c38114400204dde4cdaf4ac9a9cbafd18fde6a7337c2910,https://cdn.pokedb.org/1c784d99f2a87a2b9c38114400204dde4cdaf4ac9a9cbafd18fde6a7337c2910w20h20,scarlet-violet
fist-plate,https://cdn.pokedb.org/45ea4fb34cc6be6abf009fceee47c6fc9601e38edf9a385d99206f31aae6bb5f,https://cdn.pokedb.org/45ea4fb34cc6be6abf009fceee47c6fc9601e38edf9a385d99206f31aae6bb5fw20h20,brilliant-diamond-shining-pearl
flabebe-pollen,https://cdn.pokedb.org/d93fb90bdc2ee50ccb8f262d9e69f5cbd26e7e6c1bbbc5a2d18d5302aa55ed45,https://cdn.pokedb.org/d93fb90bdc2ee50ccb8f262d9e69f5cbd26e7e6c1bbbc5a2d18d5302aa55ed45w20h20,scarlet-violet
flame-mail,https://cdn.pokedb.org/773f2cf0c183f547ee728795160ba559f19031ffbc1b2bd080ce36856b70bd78,https://cdn.pokedb.org/773f2cf0c183f547ee728795160ba559f19031ffbc1b2bd080ce36856b70bd78w20h20,diamond-pearl
flame-orb,https://cdn.pokedb.org/c836511e5cb96bcdaca09e44b9c4ce7b10084da1c29b296ea97ed4739df25d00,https://cdn.pokedb.org/c836511e5cb96bcdaca09e44b9c4ce7b10084da1c29b296ea97ed4739df25d00w20h20,scarlet-violet
flame-orb,https://cdn.pokedb.org/2021c7079102aa8050daba5110fc4b6ce9ac47c3adc538640a8a96703f3afb38,https://cdn.pokedb.org/2021c7079102aa8050daba5110fc4b6ce9ac47c3adc538640a8a96703f3afb38w20h20,brilliant-diamond-shining-pearl
flame-orb,https://cdn.pokedb.org/2de37dc615f80c579be1f7ad96785c51bbc57275b9433c5c6ab478c9992caff2,https://cdn.pokedb.org/2de37dc615f80c579be1f7ad96785c51bbc57275b9433c5c6ab478c9992caff2w20h20,diamond-pearl
flame-plate,https://cdn.pokedb.org/7081b1dedf984e039fd602d7612b5489535cbdb935cae87757d68cdbc8719151,https://cdn.pokedb.org/7081b1dedf984e039fd602d7612b5489535cbdb935cae87757d68cdbc8719151w20h20,diamond-pearl
flame-plate,https://cdn.pokedb.org/8233e9083ac0fc360a3993a522ae3fc2c1c7f523d2dfbf92611be4c5b26788a0,https://cdn.pokedb.org/8233e9083ac0fc360a3993a522ae3fc2c1c7f523d2dfbf92611be4c5b26788a0w20h20,scarlet-violet
flame-plate,https://cdn.pokedb.org/d26ba119b5b16a27cc8bf66fb92adf337429e9c8680ba9d2e18f506d90283c30,https://cdn.pokedb.org/d26ba119b5b16a27cc8bf66fb92adf337429e9c8680ba9d2e18f506d90283c30w20h20,legends-arceus
flame-plate,https://cdn.pokedb.org/2044532ac67233aa8eecdcdf4a87527767493012ed8bfbe03d16c9b5536f4833,https://cdn.pokedb.org/2044532ac67233aa8eecdcdf4a87527767493012ed8bfbe03d16c9b5536f4833w20h20,brilliant-diamond-shining-pearl
flamigo-down,https://cdn.pokedb.org/d93fb90bdc2ee50ccb8f262d9e69f5cbd26e7e6c1bbbc5a2d18d5302aa55ed45,https://cdn.pokedb.org/d93fb90bdc2ee50ccb8f262d9e69f5cbd26e7e6c1bbbc5a2d18d5302aa55ed45w20h20,scarlet-violet
fletchling-feather,https://cdn.pokedb.org/d93fb90bdc2ee50ccb8f262d9e69f5cbd26e7e6c1bbbc5a2d18d5302aa55ed45,https://cdn.pokedb.org/d93fb90bdc2ee50ccb8f262d9e69f5cbd26e7e6c1bbbc5a2d18d5302aa55ed45w20h20,scarlet-violet
flittle-down,https://cdn.pokedb.org/d93fb90bdc2ee50ccb8f262d9e69f5cbd26e7e6c1bbbc5a2d18d5302aa55ed45,https://cdn.pokedb.org/d93fb90bdc2ee50ccb8f262d9e69f5cbd26e7e6c1bbbc5a2d18d5302aa55ed45w20h20,scarlet-violet
float-stone,https://cdn.pokedb.org/066307ef54c6fab387facf87b5a6939f519c18bee56c0f7f7e85aa78d946db26,https://cdn.pokedb.org/066307ef54c6fab387facf87b5a6939f519c18bee56c0f7f7e85aa78d946db26w20h20,black-white
float-stone,https://cdn.pokedb.org/b39d6284489b9c6740976370e0701b0a97f550fd74bbdfd9c07914a72610a216,https://cdn.pokedb.org/b39d6284489b9c6740976370e0701b0a97f550fd74bbdfd9c07914a72610a216w20h20,scarlet-violet
flower-pattern-cup,https://cdn.pokedb.org/69295ed4a7b4fa84f5af830ac5945b1da8d4889391e7886c6432ab9c16239824,https://cdn.pokedb.org/69295ed4a7b4fa84f5af830ac5945b1da8d4889391e7886c6432ab9c16239824w20h20,scarlet-violet
flower-sweet,https://cdn.pokedb.org/12e03d2c168236924db1ee1656db3e4fe70bd443104daab5550343ba1fab262a,https://cdn.pokedb.org/12e03d2c168236924db1ee1656db3e4fe70bd443104daab5550343ba1fab262aw20h20,scarlet-violet
flower-sweet,https://cdn.pokedb.org/ec908158429628157ea3cdc8e34d7227bec30018f412a556c6702ea433c6e05d,https://cdn.pokedb.org/ec908158429628157ea3cdc8e34d7227bec30018f412a556c6702ea433c6e05dw20h20,sword-shield
fluffy-tail,https://cdn.pokedb.org/df04e9694f835aea78bca7903b706f173889b91fba2b9d96e8129c9f4697a125,https://cdn.pokedb.org/df04e9694f835aea78bca7903b706f173889b91fba2b9d96e8129c9f4697a125w20h20,firered-leafgreen
flying-gem,https://cdn.pokedb.org/461bc5dcd31a50cc4a58752ab2ba71c140739aad33e7d4cb86d96d6f2338b757,https://cdn.pokedb.org/461bc5dcd31a50cc4a58752ab2ba71c140739aad33e7d4cb86d96d6f2338b757w20h20,black-white
flying-memory,https://cdn.pokedb.org/7308888c1457baf42c9b976c68117d6a13e9590476dc9b88b4ff292abeb9dc15,https://cdn.pokedb.org/7308888c1457baf42c9b976c68117d6a13e9590476dc9b88b4ff292abeb9dc15w20h20,sun-moon
flying-tera-shard,https://cdn.pokedb.org/9c20a2a5a6e7363c80fc00c6162404e1f04bb8ed3a54522e507b158dc2b92d4f,https://cdn.pokedb.org/9c20a2a5a6e7363c80fc00c6162404e1f04bb8ed3a54522e507b158dc2b92d4fw20h20,scarlet-violet
flyinium-z,https://cdn.pokedb.org/553c0845aa5c86abf2425e9f8eccad03b8c7a218b84b50424b685110175ba60d,https://cdn.pokedb.org/553c0845aa5c86abf2425e9f8eccad03b8c7a218b84b50424b685110175ba60dw20h20,sun-moon
flyinium-z,https://cdn.pokedb.org/1ddcd82ed70ed46ea259f3e7811814e97321a7a2088182a567980d6d2b45320b,https://cdn.pokedb.org/1ddcd82ed70ed46ea259f3e7811814e97321a7a2088182a567980d6d2b45320bw20h20,sun-moon
focus-band,https://cdn.pokedb.org/e04068b8546c752432924f0a5cfb6e3dbb75bda42c1d26834b58f599712c4e17,https://cdn.pokedb.org/e04068b8546c752432924f0a5cfb6e3dbb75bda42c1d26834b58f599712c4e17w20h20,scarlet-violet
focus-band,https://cdn.pokedb.org/4e1fdbc627fa6db0343e4e9c561db8b22ad87b8f24041b14463187e74e02097f,https://cdn.pokedb.org/4e1fdbc627fa6db0343e4e9c561db8b22ad87b8f24041b14463187e74e02097fw20h20,brilliant-diamond-shining-pearl
focus-band,https://cdn.pokedb.org/728157e99eaadb0c0d5c53d207fb84e8a4e0dc8686a6c4194feb748fedc21217,https://cdn.pokedb.org/728157e99eaadb0c0d5c53d207fb84e8a4e0dc8686a6c4194feb748fedc21217w20h20,firered-leafgreen
focus-sash,https://cdn.pokedb.org/8121cdf66656f60526565f6b2a6aef72a555ee91eb91ade53cdd5cd743a8dd4e,https://cdn.pokedb.org/8121cdf66656f60526565f6b2a6aef72a555ee91eb91ade53cdd5cd743a8dd4ew20h20,brilliant-diamond-shining-pearl
focus-sash,https://cdn.pokedb.org/402bc9f25933803765ac996d30cdf11708e19435b2fa159530fbd44a5c569b76,https://cdn.pokedb.org/402bc9f25933803765ac996d30cdf11708e19435b2fa159530fbd44a5c569b76w20h20,diamond-pearl
fomantis-leaf,https://cdn.pokedb.org/d93fb90bdc2ee50ccb8f262d9e69f5cbd26e7e6c1bbbc5a2d18d5302aa55ed45,https://cdn.pokedb.org/d93fb90bdc2ee50ccb8f262d9e69f5cbd26e7e6c1bbbc5a2d18d5302aa55ed45w20h20,scarlet-violet
foongus-spores,https://cdn.pokedb.org/d93fb90bdc2ee50ccb8f262d9e69f5cbd26e7e6c1bbbc5a2d18d5302aa55ed45,https://cdn.pokedb.org/d93fb90bdc2ee50ccb8f262d9e69f5cbd26e7e6c1bbbc5a2d18d5302aa55ed45w20h20,scarlet-violet
forage-bag,https://cdn.pokedb.org/f65f712e0c3147c2c69d986b63e65064099a92bd18c84a3342b9098944cba637,https://cdn.pokedb.org/f65f712e0c3147c2c69d986b63e65064099a92bd18c84a3342b9098944cba637w20h20,sun-moon
forage-bag,https://cdn.pokedb.org/cefd7d5bdf8a3b7ba59c600887fc6271aed310f1cc58a945e44777962b5ec35e,https://cdn.pokedb.org/cefd7d5bdf8a3b7ba59c600887fc6271aed310f1cc58a945e44777962b5ec35ew20h20,sun-moon
fossilized-bird,https://cdn.pokedb.org/99be5b3c69cae996a3f12bd6b01f1af6f13bfd51d94f2038f49725121c06fe77,https://cdn.pokedb.org/99be5b3c69cae996a3f12bd6b01f1af6f13bfd51d94f2038f49725121c06fe77w20h20,sword-shield
fossilized-dino,https://cdn.pokedb.org/448dfab89a66139e746a01e34e4d7c92ce467e9607fc9558c356c2f91f8d8184,https://cdn.pokedb.org/448dfab89a66139e746a01e34e4d7c92ce467e9607fc9558c356c2f91f8d8184w20h20,sword-shield
fossilized-drake,https://cdn.pokedb.org/874b1776ae2cd130acb747184c485f13f4d0cba71fad3b527846c935730b7ead,https://cdn.pokedb.org/874b1776ae2cd130acb747184c485f13f4d0cba71fad3b527846c935730b7eadw20h20,sword-shield
fossilized-fish,https://cdn.pokedb.org/16589b0ce940a6c9c9bf77ea0df834c332c04846000458924bb3a232a8320229,https://cdn.pokedb.org/16589b0ce940a6c9c9bf77ea0df834c332c04846000458924bb3a232a8320229w20h20,sword-shield
fresh-cream,https://cdn.pokedb.org/187c7e8a4a09550da7f2bf8f5eb23013a18a90a87301d4b72c04c076dfeec793,https://cdn.pokedb.org/187c7e8a4a09550da7f2bf8f5eb23013a18a90a87301d4b72c04c076dfeec793w20h20,sword-shield
fresh-start-mochi,https://cdn.pokedb.org/8c608813de5d0b792cd8a98e11a192a0ed26648335d705171f72b494fa84de16,https://cdn.pokedb.org/8c608813de5d0b792cd8a98e11a192a0ed26648335d705171f72b494fa84de16w20h20,scarlet-violet
fresh-water,https://cdn.pokedb.org/205998a48c30f912c5468b4b958d6b94885f192dff77a0649ee1c4b9bdc05417,https://cdn.pokedb.org/205998a48c30f912c5468b4b958d6b94885f192dff77a0649ee1c4b9bdc05417w20h20,scarlet-violet
fresh-water,https://cdn.pokedb.org/b8db3e79989da555dcc5a01d7d5e69f07c31cd78fbf2421024640f3f8585f78c,https://cdn.pokedb.org/b8db3e79989da555dcc5a01d7d5e69f07c31cd78fbf2421024640f3f8585f78cw20h20,brilliant-diamond-shining-pearl
fresh-water,https://cdn.pokedb.org/0d200b36ff07f25d0979657fa630892f919d430218b752ccfbf5026765013a61,https://cdn.pokedb.org/0d200b36ff07f25d0979657fa630892f919d430218b752ccfbf5026765013a61w20h20,firered-leafgreen
fried-fillet,https://cdn.pokedb.org/3d8b61cf0f305125dd3b7b19fc1398f4871e1ab20ac225c79866df937fc424e3,https://cdn.pokedb.org/3d8b61cf0f305125dd3b7b19fc1398f4871e1ab20ac225c79866df937fc424e3w20h20,scarlet-violet
fried-food,https://cdn.pokedb.org/2214caf0286acc8828ec537e5f9be72fab0bc1e586174abcb1ea0374aee4ba53,https://cdn.pokedb.org/2214caf0286acc8828ec537e5f9be72fab0bc1e586174abcb1ea0374aee4ba53w20h20,sword-shield
friend-ball,https://cdn.pokedb.org/2191bec817fac065d301abcf2b86d42fefd6b6320ee2155331e42b2be2800e40,https://cdn.pokedb.org/2191bec817fac065d301abcf2b86d42fefd6b6320ee2155331e42b2be2800e40w20h20,brilliant-diamond-shining-pearl
friend-ball,https://cdn.pokedb.org/33bd07e53a4b31d5f89a06b6aa945aa5e74e849e911a67541281de3f8548c03a,https://cdn.pokedb.org/33bd07e53a4b31d5f89a06b6aa945aa5e74e849e911a67541281de3f8548c03aw20h20,home
friend-ball,https://cdn.pokedb.org/eecdb68a77197b07df55e9b03c4b1e6f6c21596b736ed95da09eafb0f258d398,https://cdn.pokedb.org/eecdb68a77197b07df55e9b03c4b1e6f6c21596b736ed95da09eafb0f258d398w20h20,scarlet-violet
friend-ball,https://cdn.pokedb.org/fbc4e0e95266700fc1af8ee30d7768c83c1e933d21d6e3f85e01b7f22b91b9b8,https://cdn.pokedb.org/fbc4e0e95266700fc1af8ee30d7768c83c1e933d21d6e3f85e01b7f22b91b9b8w20h20,heartgold-soulsilver
frigibax-scales,https://cdn.pokedb.org/d93fb90bdc2ee50ccb8f262d9e69f5cbd26e7e6c1bbbc5a2d18d5302aa55ed45,https://cdn.pokedb.org/d93fb90bdc2ee50ccb8f262d9e69f5cbd26e7e6c1bbbc5a2d18d5302aa55ed45w20h20,scarlet-violet
fruit-bunch,https://cdn.pokedb.org/fa92caedcb0e612ef44f85d94384e0206227e62cadcecb97970651b21b5cd4db,https://cdn.pokedb.org/fa92caedcb0e612ef44f85d94384e0206227e62cadcecb97970651b21b5cd4dbw20h20,sword-shield
full-heal,https://cdn.pokedb.org/efe2c43d9dc521f423948e04f0d9da76b4b85149e849e1eda98f5b577dd83e1f,https://cdn.pokedb.org/efe2c43d9dc521f423948e04f0d9da76b4b85149e849e1eda98f5b577dd83e1fw20h20,firered-leafgreen
full-heal,https://cdn.pokedb.org/2ad797907010c64b022ddbbd4a6371c6826022955e291d3d7af08713015ce755,https://cdn.pokedb.org/2ad797907010c64b022ddbbd4a6371c6826022955e291d3d7af08713015ce755w20h20,brilliant-diamond-shining-pearl
full-heal,https://cdn.pokedb.org/33a62893fe5ba4e6ebe935912e942a9dbd395ff472bdc082d31b016536307c65,https://cdn.pokedb.org/33a62893fe5ba4e6ebe935912e942a9dbd395ff472bdc082d31b016536307c65w20h20,legends-arceus
full-heal,https://cdn.pokedb.org/242bc220c20a9956512fe97f8ad2d391edd68e21e0da1e35ded7d5595601d5a4,https://cdn.pokedb.org/242bc220c20a9956512fe97f8ad2d391edd68e21e0da1e35ded7d5595601d5a4w20h20,scarlet-violet
full-heal,https://cdn.pokedb.org/ba5c5e12689e520cf8f8b6b024157f19e5a389e1459eb3f3d3e34c418cf05946,https://cdn.pokedb.org/ba5c5e12689e520cf8f8b6b024157f19e5a389e1459eb3f3d3e34c418cf05946w20h20,black-white
full-incense,https://cdn.pokedb.org/14bcd0cd931e5cfcddcca97c4119721435efde3b82c9a538054c0497807b5bc4,https://cdn.pokedb.org/14bcd0cd931e5cfcddcca97c4119721435efde3b82c9a538054c0497807b5bc4w20h20,scarlet-violet
full-incense,https://cdn.pokedb.org/7e47b5c9980c59a862c4c850088347040cb7e9d0f31652b13196ef224057a539,https://cdn.pokedb.org/7e47b5c9980c59a862c4c850088347040cb7e9d0f31652b13196ef224057a539w20h20,brilliant-diamond-shining-pearl
full-incense,https://cdn.pokedb.org/cdda7213bdd01ca916cc1a8363d6ebe9e6356df15f490aea9c628cb11225d6d1,https://cdn.pokedb.org/cdda7213bdd01ca916cc1a8363d6ebe9e6356df15f490aea9c628cb11225d6d1w20h20,diamond-pearl
full-restore,https://cdn.pokedb.org/01cd164f87f5767b2c39dd7c1c79bf59eb24ee985df4b8668b6c984b5760b1a8,https://cdn.pokedb.org/01cd164f87f5767b2c39dd7c1c79bf59eb24ee985df4b8668b6c984b5760b1a8w20h20,scarlet-violet
full-restore,https://cdn.pokedb.org/24caebeb31d315b993a7a496d5d7e569b55d3350bb125470b361ce0ea6eb1809,https://cdn.pokedb.org/24caebeb31d315b993a7a496d5d7e569b55d3350bb125470b361ce0ea6eb1809w20h20,legends-arceus
full-restore,https://cdn.pokedb.org/b4afa0af4a0f1db8f2c6294fc96759dc5ae703f1dcb02dc41539d0f629bf2584,https://cdn.pokedb.org/b4afa0af4a0f1db8f2c6294fc96759dc5ae703f1dcb02dc41539d0f629bf2584w20h20,brilliant-diamond-shining-pearl
full-restore,https://cdn.pokedb.org/5c662a103b2921907cc6321c1b0debb4ab410ad6a21431e8b600625dae82dcfd,https://cdn.pokedb.org/5c662a103b2921907cc6321c1b0debb4ab410ad6a21431e8b600625dae82dcfdw20h20,black-white
full-restore,https://cdn.pokedb.org/5cf779d7b0a82d4f47e81852785578c8140048c5198d76b0e8c5c53cf8241a22,https://cdn.pokedb.org/5cf779d7b0a82d4f47e81852785578c8140048c5198d76b0e8c5c53cf8241a22w20h20,firered-leafgreen
galactic-key,https://cdn.pokedb.org/e8ae8d88fd69947644b6e73c8a40bdb6871c767dac993f2910cd683b10773a1b,https://cdn.pokedb.org/e8ae8d88fd69947644b6e73c8a40bdb6871c767dac993f2910cd683b10773a1bw20h20,diamond-pearl
galactic-key,https://cdn.pokedb.org/de5a10c2bb2652c0e7b130d71de06ba88e6a53f09e87d682c441014e0db95419,https://cdn.pokedb.org/de5a10c2bb2652c0e7b130d71de06ba88e6a53f09e87d682c441014e0db95419w20h20,brilliant-diamond-shining-pearl
galarica-cuff,https://cdn.pokedb.org/d48572caaeced9548f7807aa6ae6a662525cf8b7f9311f542ed2bb8c3c5bef11,https://cdn.pokedb.org/d48572caaeced9548f7807aa6ae6a662525cf8b7f9311f542ed2bb8c3c5bef11w20h20,scarlet-violet
galarica-cuff,https://cdn.pokedb.org/1dee5c697495d4906e345f012e7c789644609b0a582b40b897d7ad2a5f5d8ff1,https://cdn.pokedb.org/1dee5c697495d4906e345f012e7c789644609b0a582b40b897d7ad2a5f5d8ff1w20h20,sword-shield
galarica-twig,https://cdn.pokedb.org/bdf1d4da199dc6f01fdaab8fdbe881098a3b76298f8c5c102837fdf8121d1afd,https://cdn.pokedb.org/bdf1d4da199dc6f01fdaab8fdbe881098a3b76298f8c5c102837fdf8121d1afdw20h20,sword-shield
galarica-twig,https://cdn.pokedb.org/82d2e674607fc5a17ceadffdb094745255dbf0d5679308aa057cc6b446ea03c5,https://cdn.pokedb.org/82d2e674607fc5a17ceadffdb094745255dbf0d5679308aa057cc6b446ea03c5w20h20,scarlet-violet
galarica-wreath,https://cdn.pokedb.org/077f27e934e7585dc550a3f9d8ddcbb0745bf8382b21a0e20227c6e16a9d05a9,https://cdn.pokedb.org/077f27e934e7585dc550a3f9d8ddcbb0745bf8382b21a0e20227c6e16a9d05a9w20h20,scarlet-violet
galarica-wreath,https://cdn.pokedb.org/aad0d99d85e767ae8c831939532f07e9b9d942e77f8f3dd586ee893518a96e3c,https://cdn.pokedb.org/aad0d99d85e767ae8c831939532f07e9b9d942e77f8f3dd586ee893518a96e3cw20h20,sword-shield
galladite,https://cdn.pokedb.org/594a6d0b5364753803398b3a16ed9e9862d24c54952869c33ec871bb01ce598f,https://cdn.pokedb.org/594a6d0b5364753803398b3a16ed9e9862d24c54952869c33ec871bb01ce598fw20h20,platinum
ganlon-berry,https://cdn.pokedb.org/b83bd58c51ed46cd7afbf469c1f8bdac0d9da0ea0cda9af074fcd8739cfd2779,https://cdn.pokedb.org/b83bd58c51ed46cd7afbf469c1f8bdac0d9da0ea0cda9af074fcd8739cfd2779w20h20,scarlet-violet
ganlon-berry,https://cdn.pokedb.org/a0537250d9fdf3a2783d216d5e917ffeac1916853a3f8f7649c519b65ddfa3e1,https://cdn.pokedb.org/a0537250d9fdf3a2783d216d5e917ffeac1916853a3f8f7649c519b65ddfa3e1w20h20,ruby-sapphire
ganlon-berry,https://cdn.pokedb.org/ab07740d839b58693c330e2b013a502fdb12b0dd53cf7071339ca7b9d9cd2159,https://cdn.pokedb.org/ab07740d839b58693c330e2b013a502fdb12b0dd53cf7071339ca7b9d9cd2159w20h20,firered-leafgreen
ganlon-berry,https://cdn.pokedb.org/3d92b72c3288813ddb6936562b3abc4c9b94e9a3fea7f2fb71d54c1baa04a076,https://cdn.pokedb.org/3d92b72c3288813ddb6936562b3abc4c9b94e9a3fea7f2fb71d54c1baa04a076w20h20,brilliant-diamond-shining-pearl
garchompite,https://cdn.pokedb.org/80872a79767aee42a6b2a4ebd17b1bec00f20e5c19d6d053ae4664d43eecfb62,https://cdn.pokedb.org/80872a79767aee42a6b2a4ebd17b1bec00f20e5c19d6d053ae4664d43eecfb62w20h20,x-y
gardevoirite,https://cdn.pokedb.org/9f3601e481cbd3e169c9a0f5fe70e0486431b6c0c10558130543430e5b9becd1,https://cdn.pokedb.org/9f3601e481cbd3e169c9a0f5fe70e0486431b6c0c10558130543430e5b9becd1w20h20,x-y
gastly-candy,https://cdn.pokedb.org/70ca8df79d6028ff6a45420093189b51962e7f6a9efc64b8edb997046b8532da,https://cdn.pokedb.org/70ca8df79d6028ff6a45420093189b51962e7f6a9efc64b8edb997046b8532daw20h20,go
gastly-gas,https://cdn.pokedb.org/d93fb90bdc2ee50ccb8f262d9e69f5cbd26e7e6c1bbbc5a2d18d5302aa55ed45,https://cdn.pokedb.org/d93fb90bdc2ee50ccb8f262d9e69f5cbd26e7e6c1bbbc5a2d18d5302aa55ed45w20h20,scarlet-violet
gb-sounds,https://cdn.pokedb.org/1b294781512a0e44a8d56604f7054a74a2a375d4f4d874427c7b2642c0e14db6,https://cdn.pokedb.org/1b294781512a0e44a8d56604f7054a74a2a375d4f4d874427c7b2642c0e14db6w20h20,heartgold-soulsilver
gengarite,https://cdn.pokedb.org/be3bb80fab23dc2c26ea7b52ea13f6be73383e93fdbcb1382e567c7e6e9fecfb,https://cdn.pokedb.org/be3bb80fab23dc2c26ea7b52ea13f6be73383e93fdbcb1382e567c7e6e9fecfbw20h20,dream
gengarite,https://cdn.pokedb.org/672f8c7e96776098d9c4d244b94531780745285c216e7e1b4c7bcbb72ecb2971,https://cdn.pokedb.org/672f8c7e96776098d9c4d244b94531780745285c216e7e1b4c7bcbb72ecb2971w20h20,x-y
genius-feather,https://cdn.pokedb.org/523a639784e8f0a211d53a208585551fd94dfee13077de556d138cf14dd55f18,https://cdn.pokedb.org/523a639784e8f0a211d53a208585551fd94dfee13077de556d138cf14dd55f18w20h20,scarlet-violet
genius-feather,https://cdn.pokedb.org/ed7786fcb1f96e993e62cd574731229c1c10f33b67915f56cbc454e38cc9c884,https://cdn.pokedb.org/ed7786fcb1f96e993e62cd574731229c1c10f33b67915f56cbc454e38cc9c884w20h20,black-white
genius-feather,https://cdn.pokedb.org/7c202b641c3c21acc3231e5f029891489a65c48ea7546568bc22103080aeb9cc,https://cdn.pokedb.org/7c202b641c3c21acc3231e5f029891489a65c48ea7546568bc22103080aeb9ccw20h20,brilliant-diamond-shining-pearl
genius-mochi,https://cdn.pokedb.org/e3c974a78172728b19c8f967e28547ba8ff02fe8007d54d68d4f66cce0f00aaf,https://cdn.pokedb.org/e3c974a78172728b19c8f967e28547ba8ff02fe8007d54d68d4f66cce0f00aafw20h20,scarlet-violet
genome-slate,https://cdn.pokedb.org/b3ba723babbbad364b0a48fc2a2ca4eb583a4bf069fbdf08ee535081a36cac6f,https://cdn.pokedb.org/b3ba723babbbad364b0a48fc2a2ca4eb583a4bf069fbdf08ee535081a36cac6fw20h20,brilliant-diamond-shining-pearl
gentle-mint,https://cdn.pokedb.org/7fe1e6d24293756531291dddf0c4df20f29c20953658d7c7b868037d9e2a1b96,https://cdn.pokedb.org/7fe1e6d24293756531291dddf0c4df20f29c20953658d7c7b868037d9e2a1b96w20h20,scarlet-violet
gentle-mint,https://cdn.pokedb.org/016e0839130f647c52e9cc0c39c7fa9c5d7dd96d86f93fa9bd5c2d0af935a3f6,https://cdn.pokedb.org/016e0839130f647c52e9cc0c39c7fa9c5d7dd96d86f93fa9bd5c2d0af935a3f6w20h20,brilliant-diamond-shining-pearl
gentle-mint,https://cdn.pokedb.org/cafd2d51761c70a3b8bf5c6845c31dbbb1f58e53e382cbaa7f46c949b1911554,https://cdn.pokedb.org/cafd2d51761c70a3b8bf5c6845c31dbbb1f58e53e382cbaa7f46c949b1911554w20h20,legends-arceus
gentle-mint,https://cdn.pokedb.org/25a23c25190c66d954c49f5af4fa17cab18e09968973209f3066b0321575f90d,https://cdn.pokedb.org/25a23c25190c66d954c49f5af4fa17cab18e09968973209f3066b0321575f90dw20h20,sword-shield
geodude-candy,https://cdn.pokedb.org/186447466de69746e677abde11f7376b6d5cf1f5e3d82b1aac8cae98c7655518,https://cdn.pokedb.org/186447466de69746e677abde11f7376b6d5cf1f5e3d82b1aac8cae98c7655518w20h20,go
geodude-fragment,https://cdn.pokedb.org/d93fb90bdc2ee50ccb8f262d9e69f5cbd26e7e6c1bbbc5a2d18d5302aa55ed45,https://cdn.pokedb.org/d93fb90bdc2ee50ccb8f262d9e69f5cbd26e7e6c1bbbc5a2d18d5302aa55ed45w20h20,scarlet-violet
ghost-gem,https://cdn.pokedb.org/a87bf296f0b18e3a74c975f99b992e8de4eab5cda6c2e1e06ce167b9e319b7cf,https://cdn.pokedb.org/a87bf296f0b18e3a74c975f99b992e8de4eab5cda6c2e1e06ce167b9e319b7cfw20h20,black-white
ghost-memory,https://cdn.pokedb.org/5a87ff6788ccca58235425e515548d1b3b661bbe40183cbe6a288253758215e1,https://cdn.pokedb.org/5a87ff6788ccca58235425e515548d1b3b661bbe40183cbe6a288253758215e1w20h20,sun-moon
ghost-tera-shard,https://cdn.pokedb.org/17c81302ea34d0760410acd020515c3f8bdc5d9a7a715b5935bb6d6001040558,https://cdn.pokedb.org/17c81302ea34d0760410acd020515c3f8bdc5d9a7a715b5935bb6d6001040558w20h20,scarlet-violet
ghostium-z,https://cdn.pokedb.org/739944d7c7c38cdad196a711f5bc555c5e4e3d0fcac3fc7e0db82ab741875b86,https://cdn.pokedb.org/739944d7c7c38cdad196a711f5bc555c5e4e3d0fcac3fc7e0db82ab741875b86w20h20,sun-moon
ghostium-z,https://cdn.pokedb.org/447aef2ccad9a138b8370d955cfe72e5e2bc9ccb4cf443079b7904efebc1ebdd,https://cdn.pokedb.org/447aef2ccad9a138b8370d955cfe72e5e2bc9ccb4cf443079b7904efebc1ebddw20h20,sun-moon
gible-scales,https://cdn.pokedb.org/d93fb90bdc2ee50ccb8f262d9e69f5cbd26e7e6c1bbbc5a2d18d5302aa55ed45,https://cdn.pokedb.org/d93fb90bdc2ee50ccb8f262d9e69f5cbd26e7e6c1bbbc5a2d18d5302aa55ed45w20h20,scarlet-violet
gigantamix,https://cdn.pokedb.org/d0f4208dcd3e8ff804253dfd55bff93ca94c4a99550d2f2e52170a73f459884b,https://cdn.pokedb.org/d0f4208dcd3e8ff804253dfd55bff93ca94c4a99550d2f2e52170a73f459884bw20h20,sword-shield
gimmighoul-coin,https://cdn.pokedb.org/d93fb90bdc2ee50ccb8f262d9e69f5cbd26e7e6c1bbbc5a2d18d5302aa55ed45,https://cdn.pokedb.org/d93fb90bdc2ee50ccb8f262d9e69f5cbd26e7e6c1bbbc5a2d18d5302aa55ed45w20h20,scarlet-violet
girafarig-fur,https://cdn.pokedb.org/d93fb90bdc2ee50ccb8f262d9e69f5cbd26e7e6c1bbbc5a2d18d5302aa55ed45,https://cdn.pokedb.org/d93fb90bdc2ee50ccb8f262d9e69f5cbd26e7e6c1bbbc5a2d18d5302aa55ed45w20h20,scarlet-violet
glalitite,https://cdn.pokedb.org/2cc4c1cbc9b87f5b795cb9b3472ac527b746c4636bba82eb0cd78a925790de73,https://cdn.pokedb.org/2cc4c1cbc9b87f5b795cb9b3472ac527b746c4636bba82eb0cd78a925790de73w20h20,platinum
glastrier-treat,https://cdn.pokedb.org/11396ecb0ac496e1454467b99bdc139e62287d80089b8eba679dc61d57b11c9c,https://cdn.pokedb.org/11396ecb0ac496e1454467b99bdc139e62287d80089b8eba679dc61d57b11c9cw20h20,the-indigo-disk
gligar-fang,https://cdn.pokedb.org/d93fb90bdc2ee50ccb8f262d9e69f5cbd26e7e6c1bbbc5a2d18d5302aa55ed45,https://cdn.pokedb.org/d93fb90bdc2ee50ccb8f262d9e69f5cbd26e7e6c1bbbc5a2d18d5302aa55ed45w20h20,scarlet-violet
glimmering-charm,https://cdn.pokedb.org/7c42e73bb0d78854f1af470bcd6a35d2abea47cfe2f6bc6f58496622296a3f9b,https://cdn.pokedb.org/7c42e73bb0d78854f1af470bcd6a35d2abea47cfe2f6bc6f58496622296a3f9bw20h20,scarlet-violet
glimmet-crystal,https://cdn.pokedb.org/d93fb90bdc2ee50ccb8f262d9e69f5cbd26e7e6c1bbbc5a2d18d5302aa55ed45,https://cdn.pokedb.org/d93fb90bdc2ee50ccb8f262d9e69f5cbd26e7e6c1bbbc5a2d18d5302aa55ed45w20h20,scarlet-violet
glitter-mail,https://cdn.pokedb.org/1b2890b9c34be5350c171d3980eb78e8fa0090634cc48f69f62a29b2fac6de52,https://cdn.pokedb.org/1b2890b9c34be5350c171d3980eb78e8fa0090634cc48f69f62a29b2fac6de52w20h20,firered-leafgreen
go-goggles,https://cdn.pokedb.org/406efce4bca12e4888b238e182a8cddab3c35d63c0f237c052d22c38c7ba2070,https://cdn.pokedb.org/406efce4bca12e4888b238e182a8cddab3c35d63c0f237c052d22c38c7ba2070w20h20,platinum
go-goggles,https://cdn.pokedb.org/2d9b73eaafb6d49b39e39ed1ec6ca89a957b8a02bf15ed1cf91ef3f91d9a71a2,https://cdn.pokedb.org/2d9b73eaafb6d49b39e39ed1ec6ca89a957b8a02bf15ed1cf91ef3f91d9a71a2w20h20,firered-leafgreen
god-stone,https://cdn.pokedb.org/4fc85bbb7f239ed1289a7381db37f8ed6c569e21328d9f76412f3d96edcd3d46,https://cdn.pokedb.org/4fc85bbb7f239ed1289a7381db37f8ed6c569e21328d9f76412f3d96edcd3d46w20h20,black-white
god-stone,https://cdn.pokedb.org/0f11340281cf6403f17d111b454e4e0bbbacd7c383712b843e0e03180c67cd5b,https://cdn.pokedb.org/0f11340281cf6403f17d111b454e4e0bbbacd7c383712b843e0e03180c67cd5bw20h20,black-white
gold-bottle,https://cdn.pokedb.org/69295ed4a7b4fa84f5af830ac5945b1da8d4889391e7886c6432ab9c16239824,https://cdn.pokedb.org/69295ed4a7b4fa84f5af830ac5945b1da8d4889391e7886c6432ab9c16239824w20h20,scarlet-violet
gold-bottle-cap,https://cdn.pokedb.org/f52afa07228ca4ce83c2bb965017092f331ee7b4c562f3a2e192ea4b51830b67,https://cdn.pokedb.org/f52afa07228ca4ce83c2bb965017092f331ee7b4c562f3a2e192ea4b51830b67w20h20,sun-moon
gold-bottle-cap,https://cdn.pokedb.org/c8b78fa43d0369b7f274895dbd87c9bf0415204139e0c78f33a3cc7f3212cddf,https://cdn.pokedb.org/c8b78fa43d0369b7f274895dbd87c9bf0415204139e0c78f33a3cc7f3212cddfw20h20,brilliant-diamond-shining-pearl
gold-bottle-cap,https://cdn.pokedb.org/acaf393826274951145e0817b4cd8cdd122420c0295217c82d639ec65117d278,https://cdn.pokedb.org/acaf393826274951145e0817b4cd8cdd122420c0295217c82d639ec65117d278w20h20,scarlet-violet
gold-cup,https://cdn.pokedb.org/69295ed4a7b4fa84f5af830ac5945b1da8d4889391e7886c6432ab9c16239824,https://cdn.pokedb.org/69295ed4a7b4fa84f5af830ac5945b1da8d4889391e7886c6432ab9c16239824w20h20,scarlet-violet
gold-leaf,https://cdn.pokedb.org/158fd8ac641139a2e38d6bcbf07669d88fb0cbd7bf1ec6fdd3533f158c57e2ac,https://cdn.pokedb.org/158fd8ac641139a2e38d6bcbf07669d88fb0cbd7bf1ec6fdd3533f158c57e2acw20h20,lets-go-pikachu-lets-go-eevee
gold-pick,https://cdn.pokedb.org/69295ed4a7b4fa84f5af830ac5945b1da8d4889391e7886c6432ab9c16239824,https://cdn.pokedb.org/69295ed4a7b4fa84f5af830ac5945b1da8d4889391e7886c6432ab9c16239824w20h20,scarlet-violet
gold-teeth,https://cdn.pokedb.org/9c528a782979c77ecc1c33e4b92d5fa8b8e61971261fc3581020e1341cdbfc05,https://cdn.pokedb.org/9c528a782979c77ecc1c33e4b92d5fa8b8e61971261fc3581020e1341cdbfc05w20h20,firered-leafgreen
gold-teeth,https://cdn.pokedb.org/9772e2c3ed8b8a53d6f56914dc8a5b3f9c34ea476c4c665edf7d78ce170ee9de,https://cdn.pokedb.org/9772e2c3ed8b8a53d6f56914dc8a5b3f9c34ea476c4c665edf7d78ce170ee9dew20h20,lets-go-pikachu-lets-go-eevee
goldeen-candy,https://cdn.pokedb.org/3a40cb72acaa93a16a38d78807bb470d20e17cba3851863f68862667377303b7,https://cdn.pokedb.org/3a40cb72acaa93a16a38d78807bb470d20e17cba3851863f68862667377303b7w20h20,go
golden-nanab-berry,https://cdn.pokedb.org/b2b97fa2133a96979e24d207e05f2b06d3b4541a93ebbc4cc78b671a8d19c179,https://cdn.pokedb.org/b2b97fa2133a96979e24d207e05f2b06d3b4541a93ebbc4cc78b671a8d19c179w20h20,lets-go-pikachu-lets-go-eevee
golden-pinap-berry,https://cdn.pokedb.org/4e94c161bb6eaaa1bab5da1022bc3bfddd5fb7f723b1a86b7f0cf1c576d813e9,https://cdn.pokedb.org/4e94c161bb6eaaa1bab5da1022bc3bfddd5fb7f723b1a86b7f0cf1c576d813e9w20h20,lets-go-pikachu-lets-go-eevee
golden-razz-berry,https://cdn.pokedb.org/9a4671048c5d1ed18e892d3277e59249bd367899f68b054958910ed70e37696f,https://cdn.pokedb.org/9a4671048c5d1ed18e892d3277e59249bd367899f68b054958910ed70e37696fw20h20,lets-go-pikachu-lets-go-eevee
golett-shard,https://cdn.pokedb.org/d93fb90bdc2ee50ccb8f262d9e69f5cbd26e7e6c1bbbc5a2d18d5302aa55ed45,https://cdn.pokedb.org/d93fb90bdc2ee50ccb8f262d9e69f5cbd26e7e6c1bbbc5a2d18d5302aa55ed45w20h20,scarlet-violet
good-rod,https://cdn.pokedb.org/36d586cb00c56bcb6e3bba0b2826e6ab74d578dee5b010648cd9bd51cf74ae01,https://cdn.pokedb.org/36d586cb00c56bcb6e3bba0b2826e6ab74d578dee5b010648cd9bd51cf74ae01w20h20,x-y
good-rod,https://cdn.pokedb.org/5814d754d53dede49b0e584b59a094ac3bfa295482137bf6dd83017295aba445,https://cdn.pokedb.org/5814d754d53dede49b0e584b59a094ac3bfa295482137bf6dd83017295aba445w20h20,brilliant-diamond-shining-pearl
good-rod,https://cdn.pokedb.org/502dab89472d683b34d939f13796ee0f051daa4a822fc52af0bae76f65ea0929,https://cdn.pokedb.org/502dab89472d683b34d939f13796ee0f051daa4a822fc52af0bae76f65ea0929w20h20,firered-leafgreen
gooey-mulch,https://cdn.pokedb.org/af6ee00f1f91234141686a70f922dbb6017bed161b17fbc9deddf6a8b2173c76,https://cdn.pokedb.org/af6ee00f1f91234141686a70f922dbb6017bed161b17fbc9deddf6a8b2173c76w20h20,diamond-pearl
goomy-goo,https://cdn.pokedb.org/d93fb90bdc2ee50ccb8f262d9e69f5cbd26e7e6c1bbbc5a2d18d5302aa55ed45,https://cdn.pokedb.org/d93fb90bdc2ee50ccb8f262d9e69f5cbd26e7e6c1bbbc5a2d18d5302aa55ed45w20h20,scarlet-violet
gothita-eyelash,https://cdn.pokedb.org/d93fb90bdc2ee50ccb8f262d9e69f5cbd26e7e6c1bbbc5a2d18d5302aa55ed45,https://cdn.pokedb.org/d93fb90bdc2ee50ccb8f262d9e69f5cbd26e7e6c1bbbc5a2d18d5302aa55ed45w20h20,scarlet-violet
gracidea,https://cdn.pokedb.org/fbb3c8296ce50fa1cc586e89fdce293678136aa78986d89f0b7e431415df1e67,https://cdn.pokedb.org/fbb3c8296ce50fa1cc586e89fdce293678136aa78986d89f0b7e431415df1e67w20h20,legends-arceus
gracidea,https://cdn.pokedb.org/31313b290992d0059f87091f858de050051cf6aca609aea6f2a2bf7a81a148c8,https://cdn.pokedb.org/31313b290992d0059f87091f858de050051cf6aca609aea6f2a2bf7a81a148c8w20h20,black-white
gracidea,https://cdn.pokedb.org/23ae68bb7fa67db267e64240cff764df61c8d42794c7bbebe91b587263df7bc8,https://cdn.pokedb.org/23ae68bb7fa67db267e64240cff764df61c8d42794c7bbebe91b587263df7bc8w20h20,platinum
gracidea,https://cdn.pokedb.org/f29ac71519ed16b4ce1eac4652ff16b4c3ade5bbac0b96879059995f208e8984,https://cdn.pokedb.org/f29ac71519ed16b4ce1eac4652ff16b4c3ade5bbac0b96879059995f208e8984w20h20,scarlet-violet
gracidea,https://cdn.pokedb.org/1b4caa4b2a10cd93a15959daf1df205ce67b3f156994a7596847d6edf5829c0a,https://cdn.pokedb.org/1b4caa4b2a10cd93a15959daf1df205ce67b3f156994a7596847d6edf5829c0aw20h20,brilliant-diamond-shining-pearl
gram-1,https://cdn.pokedb.org/db44f7b6876689e7907ffe5f5eb966a9e0b5d9094a9e776c52292f78fab18afc,https://cdn.pokedb.org/db44f7b6876689e7907ffe5f5eb966a9e0b5d9094a9e776c52292f78fab18afcw20h20,black-white
gram-1,https://cdn.pokedb.org/18f96c6b5be234a4be1483d080bb27b48ed1b88fcf8f287a7cc4cf3492f7467d,https://cdn.pokedb.org/18f96c6b5be234a4be1483d080bb27b48ed1b88fcf8f287a7cc4cf3492f7467dw20h20,black-white
gram-2,https://cdn.pokedb.org/235860b4abf31f91b807ffab9b64f57a7ac743ff260954ff406c78ade7b456b7,https://cdn.pokedb.org/235860b4abf31f91b807ffab9b64f57a7ac743ff260954ff406c78ade7b456b7w20h20,black-white
gram-2,https://cdn.pokedb.org/6ba8334c95e36c613a5961edce9a74407f56b6a16ac56fc71af31da15bbd6ad2,https://cdn.pokedb.org/6ba8334c95e36c613a5961edce9a74407f56b6a16ac56fc71af31da15bbd6ad2w20h20,black-white
gram-3,https://cdn.pokedb.org/50478cd23108fbe2d1824c85b6f267cad3da6310a0700152647ca3e5e8358445,https://cdn.pokedb.org/50478cd23108fbe2d1824c85b6f267cad3da6310a0700152647ca3e5e8358445w20h20,black-white
gram-3,https://cdn.pokedb.org/fc2a0033735df0b10aba60dbb22de00a5882224fb2d10431339693973d9e7f26,https://cdn.pokedb.org/fc2a0033735df0b10aba60dbb22de00a5882224fb2d10431339693973d9e7f26w20h20,black-white
grass-gem,https://cdn.pokedb.org/fd59b831faf429d1abc7d0732afb12da13df0bfb3796146a8ef7b1ec7e7852ec,https://cdn.pokedb.org/fd59b831faf429d1abc7d0732afb12da13df0bfb3796146a8ef7b1ec7e7852ecw20h20,black-white
grass-mail,https://cdn.pokedb.org/5b668db0d67119dd029b3f76f25d9c5b1da3149a3be15e96dd07fdb812031986,https://cdn.pokedb.org/5b668db0d67119dd029b3f76f25d9c5b1da3149a3be15e96dd07fdb812031986w20h20,diamond-pearl
grass-memory,https://cdn.pokedb.org/eb4bdc4cf1e95e0319b4c0957a8f27b72f185ee2b702bdfe695ba8935cc4d606,https://cdn.pokedb.org/eb4bdc4cf1e95e0319b4c0957a8f27b72f185ee2b702bdfe695ba8935cc4d606w20h20,sun-moon
grass-tera-shard,https://cdn.pokedb.org/e12271d7e5e4aa546be728fc9443ec132ef09fa20842c0112badbc8f4ad529a1,https://cdn.pokedb.org/e12271d7e5e4aa546be728fc9443ec132ef09fa20842c0112badbc8f4ad529a1w20h20,scarlet-violet
grassium-z,https://cdn.pokedb.org/09698b7dc1592a0637329efb2e4bce417360f1b1fea17df2d6c573c6d4b91a7a,https://cdn.pokedb.org/09698b7dc1592a0637329efb2e4bce417360f1b1fea17df2d6c573c6d4b91a7aw20h20,sun-moon
grassium-z,https://cdn.pokedb.org/dafb2672bcfdc2cada136a8393ce017b776e920107fe06b22c77e3cfe9e41091,https://cdn.pokedb.org/dafb2672bcfdc2cada136a8393ce017b776e920107fe06b22c77e3cfe9e41091w20h20,sun-moon
grassy-seed,https://cdn.pokedb.org/edf72bbf7cda3e402462293d43830542f30bb18cc0b5d74f3b8370dd86a0aa7e,https://cdn.pokedb.org/edf72bbf7cda3e402462293d43830542f30bb18cc0b5d74f3b8370dd86a0aa7ew20h20,sun-moon
grassy-seed,https://cdn.pokedb.org/f4ce950a4c70b1c5a35741bc4a76ea70f88083ff4eb46672bb28df84bc526e7d,https://cdn.pokedb.org/f4ce950a4c70b1c5a35741bc4a76ea70f88083ff4eb46672bb28df84bc526e7dw20h20,scarlet-violet
great-ball,https://cdn.pokedb.org/6407949aa7dd4bb926cac789eaf4be7bd3857b081dd30605a05d4d9bc82e2a32,https://cdn.pokedb.org/6407949aa7dd4bb926cac789eaf4be7bd3857b081dd30605a05d4d9bc82e2a32w20h20,home-mobile
great-ball,https://cdn.pokedb.org/bc995a53e09cb1efe801b562f5ff7c51f348e1b9214e1b9a2d5e619833fb0b64,https://cdn.pokedb.org/bc995a53e09cb1efe801b562f5ff7c51f348e1b9214e1b9a2d5e619833fb0b64w20h20,firered-leafgreen
great-ball,https://cdn.pokedb.org/b5c99755acb7b585fab8c3d783f33906734e3da56a9647b04832beaf1186cf0c,https://cdn.pokedb.org/b5c99755acb7b585fab8c3d783f33906734e3da56a9647b04832beaf1186cf0cw20h20,brilliant-diamond-shining-pearl
great-ball,https://cdn.pokedb.org/18ad3deb3ae9e001fa5849ebc7c28f8081017e456593349559adf66aaa5e5368,https://cdn.pokedb.org/18ad3deb3ae9e001fa5849ebc7c28f8081017e456593349559adf66aaa5e5368w20h20,legends-arceus
great-ball,https://cdn.pokedb.org/74827009d1b691993b1b95b20632c93e935080727dde7779e4828acb32d88291,https://cdn.pokedb.org/74827009d1b691993b1b95b20632c93e935080727dde7779e4828acb32d88291w20h20,scarlet-violet
great-ball,https://cdn.pokedb.org/bb977c0c1342f69c96d10ebdc6b1f97289dd043ca6f47b36153bf41962ddd258,https://cdn.pokedb.org/bb977c0c1342f69c96d10ebdc6b1f97289dd043ca6f47b36153bf41962ddd258w20h20,home
great-ball,https://cdn.pokedb.org/e292ae68f6ba8ba0d1faf288ccb1c4e2357ed8cd7cc9e09ce376987fc120a052,https://cdn.pokedb.org/e292ae68f6ba8ba0d1faf288ccb1c4e2357ed8cd7cc9e09ce376987fc120a052w20h20,home-mobile
greavard-wax,https://cdn.pokedb.org/d93fb90bdc2ee50ccb8f262d9e69f5cbd26e7e6c1bbbc5a2d18d5302aa55ed45,https://cdn.pokedb.org/d93fb90bdc2ee50ccb8f262d9e69f5cbd26e7e6c1bbbc5a2d18d5302aa55ed45w20h20,scarlet-violet
green-apricorn,https://cdn.pokedb.org/fb335907d61742e3a5617816ace1c85998ded84e063ccbcefe3d8f295d496a60,https://cdn.pokedb.org/fb335907d61742e3a5617816ace1c85998ded84e063ccbcefe3d8f295d496a60w20h20,heartgold-soulsilver
green-apricorn,https://cdn.pokedb.org/ff9cf714d9f3d9e2ec317bc588426e788fe6f18a5bd1d41c5d6a8c974a2b497a,https://cdn.pokedb.org/ff9cf714d9f3d9e2ec317bc588426e788fe6f18a5bd1d41c5d6a8c974a2b497aw20h20,scarlet-violet
green-bell-pepper,https://cdn.pokedb.org/871787b323153676b7b61d0ce612f894b71698f5d2d7a0f1656680416a9ca8c7,https://cdn.pokedb.org/871787b323153676b7b61d0ce612f894b71698f5d2d7a0f1656680416a9ca8c7w20h20,scarlet-violet
green-dish,https://cdn.pokedb.org/69295ed4a7b4fa84f5af830ac5945b1da8d4889391e7886c6432ab9c16239824,https://cdn.pokedb.org/69295ed4a7b4fa84f5af830ac5945b1da8d4889391e7886c6432ab9c16239824w20h20,scarlet-violet
green-petal,https://cdn.pokedb.org/41c53c8b63334591833147a9e5656f5540469276757bfbe2c3e979806727128b,https://cdn.pokedb.org/41c53c8b63334591833147a9e5656f5540469276757bfbe2c3e979806727128bw20h20,ultra-sun-ultra-moon
green-petal,https://cdn.pokedb.org/18c40ff5ccecd007bc4f662963357eae6d98ef30b7bc7a6ccd4f4f2536d6fda1,https://cdn.pokedb.org/18c40ff5ccecd007bc4f662963357eae6d98ef30b7bc7a6ccd4f4f2536d6fda1w20h20,ultra-sun-ultra-moon
green-poke-ball-pick,https://cdn.pokedb.org/69295ed4a7b4fa84f5af830ac5945b1da8d4889391e7886c6432ab9c16239824,https://cdn.pokedb.org/69295ed4a7b4fa84f5af830ac5945b1da8d4889391e7886c6432ab9c16239824w20h20,scarlet-violet
green-scarf,https://cdn.pokedb.org/d7bb5d9dc790c6954d159a7b80ccbb87f8c9180a0bbe01b6b835cd4a3b93a449,https://cdn.pokedb.org/d7bb5d9dc790c6954d159a7b80ccbb87f8c9180a0bbe01b6b835cd4a3b93a449w20h20,brilliant-diamond-shining-pearl
green-scarf,https://cdn.pokedb.org/31ced74ef41f013755f7bcbc6592b434b5e55a80d9df033e3227f6364a4a0063,https://cdn.pokedb.org/31ced74ef41f013755f7bcbc6592b434b5e55a80d9df033e3227f6364a4a0063w20h20,firered-leafgreen
green-shard,https://cdn.pokedb.org/10c1d7c0a34c782ae332e8eeefc2b8b15c88301913ec31142c664a90d6578bdd,https://cdn.pokedb.org/10c1d7c0a34c782ae332e8eeefc2b8b15c88301913ec31142c664a90d6578bddw20h20,legends-arceus
green-shard,https://cdn.pokedb.org/b9ac1f5eb60bb1d21f8e1df6a041a11dcae4f16b0475fbb7524c4c3121adb786,https://cdn.pokedb.org/b9ac1f5eb60bb1d21f8e1df6a041a11dcae4f16b0475fbb7524c4c3121adb786w20h20,firered-leafgreen
green-shard,https://cdn.pokedb.org/dfb41862e51ac7b5a2cd41f82cfe1c5983fb8a28bb14f342dfd951422a928a63,https://cdn.pokedb.org/dfb41862e51ac7b5a2cd41f82cfe1c5983fb8a28bb14f342dfd951422a928a63w20h20,brilliant-diamond-shining-pearl
greet-mail,https://cdn.pokedb.org/42de9a1fd9fd5614b9b63947abb49cf88fd1c9041d057f5f82b5254a960a6293,https://cdn.pokedb.org/42de9a1fd9fd5614b9b63947abb49cf88fd1c9041d057f5f82b5254a960a6293w20h20,black-white
grepa-berry,https://cdn.pokedb.org/9a0b8270b66b2d7d80780cd72662883232c80861ef2234138d7ccdd938af23e7,https://cdn.pokedb.org/9a0b8270b66b2d7d80780cd72662883232c80861ef2234138d7ccdd938af23e7w20h20,firered-leafgreen
grepa-berry,https://cdn.pokedb.org/03d5e206d70a3e1d66c135375a4cae4c338d40bc47fe6a337c5657c1da7a5674,https://cdn.pokedb.org/03d5e206d70a3e1d66c135375a4cae4c338d40bc47fe6a337c5657c1da7a5674w20h20,brilliant-diamond-shining-pearl
grepa-berry,https://cdn.pokedb.org/20bee9c6d6ad17ce93219132c454bfb2b3444a3575ac495ebafc61ee774663ad,https://cdn.pokedb.org/20bee9c6d6ad17ce93219132c454bfb2b3444a3575ac495ebafc61ee774663adw20h20,ruby-sapphire
grepa-berry,https://cdn.pokedb.org/9d60014f293fafae8bf58f4fd3ab0d0260862d808fc25eefc3d6a4890df09e15,https://cdn.pokedb.org/9d60014f293fafae8bf58f4fd3ab0d0260862d808fc25eefc3d6a4890df09e15w20h20,scarlet-violet
grimer-candy,https://cdn.pokedb.org/59a57c505daf2a86b5c3b685ea9816b9a7a6d731e4d30d85bb20347b802ea839,https://cdn.pokedb.org/59a57c505daf2a86b5c3b685ea9816b9a7a6d731e4d30d85bb20347b802ea839w20h20,go
grimer-toxin,https://cdn.pokedb.org/d93fb90bdc2ee50ccb8f262d9e69f5cbd26e7e6c1bbbc5a2d18d5302aa55ed45,https://cdn.pokedb.org/d93fb90bdc2ee50ccb8f262d9e69f5cbd26e7e6c1bbbc5a2d18d5302aa55ed45w20h20,scarlet-violet
grip-claw,https://cdn.pokedb.org/5b8b698929f2266b02696b482871de277ddbf39ee81bb65ec91b869285d3112c,https://cdn.pokedb.org/5b8b698929f2266b02696b482871de277ddbf39ee81bb65ec91b869285d3112cw20h20,scarlet-violet
grip-claw,https://cdn.pokedb.org/1abf5ac653bb54526d3cf2521e242d4a63238e60b3e1c1327206acdd2f38f911,https://cdn.pokedb.org/1abf5ac653bb54526d3cf2521e242d4a63238e60b3e1c1327206acdd2f38f911w20h20,brilliant-diamond-shining-pearl
grip-claw,https://cdn.pokedb.org/88255fb1dac4f37315d228de6d2c9caf323c90a55f64779e0e06bf31090aa69c,https://cdn.pokedb.org/88255fb1dac4f37315d228de6d2c9caf323c90a55f64779e0e06bf31090aa69cw20h20,diamond-pearl
griseous-core,https://cdn.pokedb.org/9e044472f97adc1cb7b14fbd7abbc211d3f32fb9d763208075ffd00f00a1f066,https://cdn.pokedb.org/9e044472f97adc1cb7b14fbd7abbc211d3f32fb9d763208075ffd00f00a1f066w20h20,scarlet-violet
griseous-core,https://cdn.pokedb.org/b508e06377dd1b82edd49d67bf9c83dc6cff1fd1bd5160bf5e6ad5b8ad804e02,https://cdn.pokedb.org/b508e06377dd1b82edd49d67bf9c83dc6cff1fd1bd5160bf5e6ad5b8ad804e02w20h20,legends-arceus
griseous-orb,https://cdn.pokedb.org/b1ac2cf93fa8d55cd7e476d66703d3c1d0e49ed2a6f90fe3c49b48efa08e7836,https://cdn.pokedb.org/b1ac2cf93fa8d55cd7e476d66703d3c1d0e49ed2a6f90fe3c49b48efa08e7836w20h20,scarlet-violet
griseous-orb,https://cdn.pokedb.org/663476f528ab11d0af05f6f3120bff190bca66c632c6b7e8a22c3791a4755923,https://cdn.pokedb.org/663476f528ab11d0af05f6f3120bff190bca66c632c6b7e8a22c3791a4755923w20h20,platinum
griseous-orb,https://cdn.pokedb.org/bf6b8040c03b29e981f904c1fcd9ae833109cc9779cba7b86de53c6a77cfeac0,https://cdn.pokedb.org/bf6b8040c03b29e981f904c1fcd9ae833109cc9779cba7b86de53c6a77cfeac0w20h20,brilliant-diamond-shining-pearl
groudon-treat,https://cdn.pokedb.org/11396ecb0ac496e1454467b99bdc139e62287d80089b8eba679dc61d57b11c9c,https://cdn.pokedb.org/11396ecb0ac496e1454467b99bdc139e62287d80089b8eba679dc61d57b11c9cw20h20,the-indigo-disk
ground-gem,https://cdn.pokedb.org/95a487e05435c6c732995d5182810da876e5fd3655e924d42d61d3c99b4382bb,https://cdn.pokedb.org/95a487e05435c6c732995d5182810da876e5fd3655e924d42d61d3c99b4382bbw20h20,black-white
ground-memory,https://cdn.pokedb.org/5e9ea321abe84b3f50d09ce7be19cdae0a2aff4f8c84d42d0702a9f70f6fe47c,https://cdn.pokedb.org/5e9ea321abe84b3f50d09ce7be19cdae0a2aff4f8c84d42d0702a9f70f6fe47cw20h20,sun-moon
ground-tera-shard,https://cdn.pokedb.org/4c7b4048a9ccdeb6b0bb57984e62a17110086deb1f9cab5364b60a97af5f839c,https://cdn.pokedb.org/4c7b4048a9ccdeb6b0bb57984e62a17110086deb1f9cab5364b60a97af5f839cw20h20,scarlet-violet
groundium-z,https://cdn.pokedb.org/905e2a6dc4649395631c3bfcf861756c6fb15467cdaef653b27b58f66e2485f6,https://cdn.pokedb.org/905e2a6dc4649395631c3bfcf861756c6fb15467cdaef653b27b58f66e2485f6w20h20,sun-moon
groundium-z,https://cdn.pokedb.org/3a948193714302c05b6387b1cda624bf2c3493c1da6dfef8171d82534c54fb89,https://cdn.pokedb.org/3a948193714302c05b6387b1cda624bf2c3493c1da6dfef8171d82534c54fb89w20h20,sun-moon
growlithe-candy,https://cdn.pokedb.org/6d096512883ddc848bbad4617f6db42d358021e227205d3cba6775b7da3cd9b9,https://cdn.pokedb.org/6d096512883ddc848bbad4617f6db42d358021e227205d3cba6775b7da3cd9b9w20h20,go
growlithe-fur,https://cdn.pokedb.org/d93fb90bdc2ee50ccb8f262d9e69f5cbd26e7e6c1bbbc5a2d18d5302aa55ed45,https://cdn.pokedb.org/d93fb90bdc2ee50ccb8f262d9e69f5cbd26e7e6c1bbbc5a2d18d5302aa55ed45w20h20,scarlet-violet
growth-mulch,https://cdn.pokedb.org/805b6a2b961ef66d8537b1cd9f52c070d6d70bd4115c7bb9a44106990e204c63,https://cdn.pokedb.org/805b6a2b961ef66d8537b1cd9f52c070d6d70bd4115c7bb9a44106990e204c63w20h20,diamond-pearl
grubbin-thread,https://cdn.pokedb.org/d93fb90bdc2ee50ccb8f262d9e69f5cbd26e7e6c1bbbc5a2d18d5302aa55ed45,https://cdn.pokedb.org/d93fb90bdc2ee50ccb8f262d9e69f5cbd26e7e6c1bbbc5a2d18d5302aa55ed45w20h20,scarlet-violet
grubby-hanky,https://cdn.pokedb.org/94a77eaf92dbdbb2a4933290bd2ed165de8cb8bf269e262d12fe533fa455d6a1,https://cdn.pokedb.org/94a77eaf92dbdbb2a4933290bd2ed165de8cb8bf269e262d12fe533fa455d6a1w20h20,black-2-white-2
grubby-hanky,https://cdn.pokedb.org/4b5ad21568ebe311e0f4f40a9b28b8f5d3f20799c2c9b9a71cce5ee744f70a12,https://cdn.pokedb.org/4b5ad21568ebe311e0f4f40a9b28b8f5d3f20799c2c9b9a71cce5ee744f70a12w20h20,black-2-white-2
gs-ball,https://cdn.pokedb.org/77cf9ea4f52fa4b58afef4e500cad1cee78dff474953d78ac846b40cbd285584,https://cdn.pokedb.org/77cf9ea4f52fa4b58afef4e500cad1cee78dff474953d78ac846b40cbd285584w20h20,crystal
guard-spec,https://cdn.pokedb.org/d9134ca47bf385d4923e78de998897a3331f0192ccf4e92acb87a95d3466e7ab,https://cdn.pokedb.org/d9134ca47bf385d4923e78de998897a3331f0192ccf4e92acb87a95d3466e7abw20h20,black-white
guard-spec,https://cdn.pokedb.org/ce02323c97a16168d40c596b3a699062fd75867c09601cf80b8184d5124fd397,https://cdn.pokedb.org/ce02323c97a16168d40c596b3a699062fd75867c09601cf80b8184d5124fd397w20h20,firered-leafgreen
guard-spec,https://cdn.pokedb.org/fd6b09819c2e8014d0508ed939a91506f6957dc3242f36ada334e2017f2e12ff,https://cdn.pokedb.org/fd6b09819c2e8014d0508ed939a91506f6957dc3242f36ada334e2017f2e12ffw20h20,scarlet-violet
guard-spec,https://cdn.pokedb.org/75870d2c3d391d7771303e5941addb86e3b0f35ff219d136f569b9f4521ddabe,https://cdn.pokedb.org/75870d2c3d391d7771303e5941addb86e3b0f35ff219d136f569b9f4521ddabew20h20,brilliant-diamond-shining-pearl
guidebook,https://cdn.pokedb.org/0b451b828f02ce265c5f64c29ca4b136c300873e68313fc734d2a58a838dd10a,https://cdn.pokedb.org/0b451b828f02ce265c5f64c29ca4b136c300873e68313fc734d2a58a838dd10aw20h20,brilliant-diamond-shining-pearl
gulpin-mucus,https://cdn.pokedb.org/d93fb90bdc2ee50ccb8f262d9e69f5cbd26e7e6c1bbbc5a2d18d5302aa55ed45,https://cdn.pokedb.org/d93fb90bdc2ee50ccb8f262d9e69f5cbd26e7e6c1bbbc5a2d18d5302aa55ed45w20h20,scarlet-violet
gyaradosite,https://cdn.pokedb.org/42b98472787bf136a18b4fb1921084a1f6866356340fbbc212c3fd73dc8dae3d,https://cdn.pokedb.org/42b98472787bf136a18b4fb1921084a1f6866356340fbbc212c3fd73dc8dae3dw20h20,x-y
haban-berry,https://cdn.pokedb.org/da3155466b7658f8de910297dca5ce988ad01384637afa379a0f8963e29e8fae,https://cdn.pokedb.org/da3155466b7658f8de910297dca5ce988ad01384637afa379a0f8963e29e8faew20h20,scarlet-violet
haban-berry,https://cdn.pokedb.org/3a8cbf4ffa68cee3fb7fa76fb0b5a450ff937ea2bb7b9c29f2abdfcca8376578,https://cdn.pokedb.org/3a8cbf4ffa68cee3fb7fa76fb0b5a450ff937ea2bb7b9c29f2abdfcca8376578w20h20,brilliant-diamond-shining-pearl
haban-berry,https://cdn.pokedb.org/fa2171809a67a3d4e5770703784ac920b7b89be694cf28df6e95f06da06bd8f1,https://cdn.pokedb.org/fa2171809a67a3d4e5770703784ac920b7b89be694cf28df6e95f06da06bd8f1w20h20,diamond-pearl
ham,https://cdn.pokedb.org/79dfe99af8807dbe35a940788d5113053e64080566b696b86509c2c5e02a7ff9,https://cdn.pokedb.org/79dfe99af8807dbe35a940788d5113053e64080566b696b86509c2c5e02a7ff9w20h20,scarlet-violet
hamburger,https://cdn.pokedb.org/b3949098674b71a2b25074cadbdd1b943c2560e52dfb3b5ef9e3dee80b28d6eb,https://cdn.pokedb.org/b3949098674b71a2b25074cadbdd1b943c2560e52dfb3b5ef9e3dee80b28d6ebw20h20,scarlet-violet
happiny-dust,https://cdn.pokedb.org/d93fb90bdc2ee50ccb8f262d9e69f5cbd26e7e6c1bbbc5a2d18d5302aa55ed45,https://cdn.pokedb.org/d93fb90bdc2ee50ccb8f262d9e69f5cbd26e7e6c1bbbc5a2d18d5302aa55ed45w20h20,scarlet-violet
harbor-mail,https://cdn.pokedb.org/6667abc679b09efddaeb4d634ada8094c1cce2055a341f720814dd0264f40a0c,https://cdn.pokedb.org/6667abc679b09efddaeb4d634ada8094c1cce2055a341f720814dd0264f40a0cw20h20,firered-leafgreen
hard-stone,https://cdn.pokedb.org/25fb671b47159e378ffa63b68428f55f1d6293e1cee58ea89c5d6244d8d3a515,https://cdn.pokedb.org/25fb671b47159e378ffa63b68428f55f1d6293e1cee58ea89c5d6244d8d3a515w20h20,firered-leafgreen
hard-stone,https://cdn.pokedb.org/ada893022bdfad64cdba908dd2bfe35aef940074748b8a9c3934b88144697bf1,https://cdn.pokedb.org/ada893022bdfad64cdba908dd2bfe35aef940074748b8a9c3934b88144697bf1w20h20,brilliant-diamond-shining-pearl
hard-stone,https://cdn.pokedb.org/9657ce9b7a19f12b8cd85ee40008a798ba8d1f3c4da7dffa8be09d5acdfad232,https://cdn.pokedb.org/9657ce9b7a19f12b8cd85ee40008a798ba8d1f3c4da7dffa8be09d5acdfad232w20h20,scarlet-violet
hasty-mint,https://cdn.pokedb.org/0b56ee5f4f6b7d15dbe44ab41e6f9d409e11b4da0fcd61477eb84641b8e91632,https://cdn.pokedb.org/0b56ee5f4f6b7d15dbe44ab41e6f9d409e11b4da0fcd61477eb84641b8e91632w20h20,brilliant-diamond-shining-pearl
hasty-mint,https://cdn.pokedb.org/6ba3c5fbae9f2d4417020712160626bb64973c203e613c3d87971dbac14fcb61,https://cdn.pokedb.org/6ba3c5fbae9f2d4417020712160626bb64973c203e613c3d87971dbac14fcb61w20h20,legends-arceus
hasty-mint,https://cdn.pokedb.org/0da2904350f6b3a697aa07a449e5b7640b0500016b55c9f58db6c428d5db97ed,https://cdn.pokedb.org/0da2904350f6b3a697aa07a449e5b7640b0500016b55c9f58db6c428d5db97edw20h20,scarlet-violet
hatenna-dust,https://cdn.pokedb.org/d93fb90bdc2ee50ccb8f262d9e69f5cbd26e7e6c1bbbc5a2d18d5302aa55ed45,https://cdn.pokedb.org/d93fb90bdc2ee50ccb8f262d9e69f5cbd26e7e6c1bbbc5a2d18d5302aa55ed45w20h20,scarlet-violet
hawlucha-down,https://cdn.pokedb.org/d93fb90bdc2ee50ccb8f262d9e69f5cbd26e7e6c1bbbc5a2d18d5302aa55ed45,https://cdn.pokedb.org/d93fb90bdc2ee50ccb8f262d9e69f5cbd26e7e6c1bbbc5a2d18d5302aa55ed45w20h20,scarlet-violet
heal-ball,https://cdn.pokedb.org/81b93efbbe58a32fbcb5220604cb7f0144f61b76dfa2522d0101a341cdd8163b,https://cdn.pokedb.org/81b93efbbe58a32fbcb5220604cb7f0144f61b76dfa2522d0101a341cdd8163bw20h20,home
heal-ball,https://cdn.pokedb.org/a5a3da6dd97fd024bb16e1bb848b5e330c1be0dda354150801af45f1364f6748,https://cdn.pokedb.org/a5a3da6dd97fd024bb16e1bb848b5e330c1be0dda354150801af45f1364f6748w20h20,scarlet-violet
heal-ball,https://cdn.pokedb.org/0c88a2a0c85598f606e59581b22770add7c224f8b9750eb821af295162d711c7,https://cdn.pokedb.org/0c88a2a0c85598f606e59581b22770add7c224f8b9750eb821af295162d711c7w20h20,brilliant-diamond-shining-pearl
heal-ball,https://cdn.pokedb.org/f9518c49566d8fa0436bd875aa57a5c25fe2ed484fdfcae01f9395efbc806688,https://cdn.pokedb.org/f9518c49566d8fa0436bd875aa57a5c25fe2ed484fdfcae01f9395efbc806688w20h20,firered-leafgreen
heal-powder,https://cdn.pokedb.org/6c36592fcf3d5e14ba82aa94307dcde54d1e3653c4a7ccf2fa7a0eec59e0c20e,https://cdn.pokedb.org/6c36592fcf3d5e14ba82aa94307dcde54d1e3653c4a7ccf2fa7a0eec59e0c20ew20h20,scarlet-violet
heal-powder,https://cdn.pokedb.org/a09673056e6aa95a5e2ca2a71120cbb7569a170d5adb4389aab086f1872aa3b4,https://cdn.pokedb.org/a09673056e6aa95a5e2ca2a71120cbb7569a170d5adb4389aab086f1872aa3b4w20h20,brilliant-diamond-shining-pearl
heal-powder,https://cdn.pokedb.org/59356e9ddb04c99d3b996da68f8a90835ed674a572d8904c01fda0e9c099c489,https://cdn.pokedb.org/59356e9ddb04c99d3b996da68f8a90835ed674a572d8904c01fda0e9c099c489w20h20,firered-leafgreen
health-candy,https://cdn.pokedb.org/54838ed46f97c3c4c0b2cbc01d8c1bca3d9b3175a72fd9b695107fa7fc87481b,https://cdn.pokedb.org/54838ed46f97c3c4c0b2cbc01d8c1bca3d9b3175a72fd9b695107fa7fc87481bw20h20,lets-go-pikachu-lets-go-eevee
health-candy-l,https://cdn.pokedb.org/be0f23a862e6ab02772f5f8ef45bfe13bd923c519865f08b8ef0c08a3f967750,https://cdn.pokedb.org/be0f23a862e6ab02772f5f8ef45bfe13bd923c519865f08b8ef0c08a3f967750w20h20,lets-go-pikachu-lets-go-eevee
health-candy-xl,https://cdn.pokedb.org/39eca9576a9c7c03660712a3e3669a951ce88f9966d1a3398f0ddc4e7aeec4f1,https://cdn.pokedb.org/39eca9576a9c7c03660712a3e3669a951ce88f9966d1a3398f0ddc4e7aeec4f1w20h20,lets-go-pikachu-lets-go-eevee
health-feather,https://cdn.pokedb.org/2fb21e11150d4b5720edf899a37892d407f54fb3ecb4423d20aa48213b6d41b3,https://cdn.pokedb.org/2fb21e11150d4b5720edf899a37892d407f54fb3ecb4423d20aa48213b6d41b3w20h20,scarlet-violet
health-feather,https://cdn.pokedb.org/00b2309238ae7dffa7aa7046a149e537c1ad1d2968ecf66504e42e3a2ff2af13,https://cdn.pokedb.org/00b2309238ae7dffa7aa7046a149e537c1ad1d2968ecf66504e42e3a2ff2af13w20h20,black-white
health-mochi,https://cdn.pokedb.org/e8332fc2674cfeea36e19ef18d1b68430bd86a286c667c58f6ac43e7115e4e87,https://cdn.pokedb.org/e8332fc2674cfeea36e19ef18d1b68430bd86a286c667c58f6ac43e7115e4e87w20h20,scarlet-violet
heart-mail,https://cdn.pokedb.org/f55b6ef63fc5239a7a2a24215ad179019b0b8095632bcd6efb31f7a8213bd1be,https://cdn.pokedb.org/f55b6ef63fc5239a7a2a24215ad179019b0b8095632bcd6efb31f7a8213bd1bew20h20,diamond-pearl
heart-scale,https://cdn.pokedb.org/1f27fac2bfd0564044d3a59a1af2313f10063ff4024692800bcbbaa2ac0f53c9,https://cdn.pokedb.org/1f27fac2bfd0564044d3a59a1af2313f10063ff4024692800bcbbaa2ac0f53c9w20h20,brilliant-diamond-shining-pearl
heart-scale,https://cdn.pokedb.org/e24e4b8c4e6fa4d8c98767730ed61eda1810698d2d60e2cb861822797aa3ddd1,https://cdn.pokedb.org/e24e4b8c4e6fa4d8c98767730ed61eda1810698d2d60e2cb861822797aa3ddd1w20h20,firered-leafgreen
hearthflame-mask,https://cdn.pokedb.org/b41eff9e13e7d88d190476448ca40d38e3912af47e4ec99e687a74149cd84dc0,https://cdn.pokedb.org/b41eff9e13e7d88d190476448ca40d38e3912af47e4ec99e687a74149cd84dc0w20h20,scarlet-violet
heat-rock,https://cdn.pokedb.org/51f2cbb9ea8a0ce5c1b13f8b2e1c455d8800d3aaee932a9ac349376778b647a8,https://cdn.pokedb.org/51f2cbb9ea8a0ce5c1b13f8b2e1c455d8800d3aaee932a9ac349376778b647a8w20h20,diamond-pearl
heat-rock,https://cdn.pokedb.org/72fa65d91237a778bc19aaa99564f8d6330a9fa3951dbace26fe228976834e81,https://cdn.pokedb.org/72fa65d91237a778bc19aaa99564f8d6330a9fa3951dbace26fe228976834e81w20h20,scarlet-violet
heavy-ball,https://cdn.pokedb.org/d4b4d74a9a7dc34041c4b638ed2b493b614525316c94071f5b69f4fbbfc59d88,https://cdn.pokedb.org/d4b4d74a9a7dc34041c4b638ed2b493b614525316c94071f5b69f4fbbfc59d88w20h20,legends-arceus
heavy-ball,https://cdn.pokedb.org/f7d2de77b049cbcf304da3e2be395c4d52387afd5a0eaaf8567a1820d15bccb6,https://cdn.pokedb.org/f7d2de77b049cbcf304da3e2be395c4d52387afd5a0eaaf8567a1820d15bccb6w20h20,scarlet-violet
heavy-ball,https://cdn.pokedb.org/d0203ea526323391bf25376c42260e5ed4d17df6f4f2209c0012dfaf6596d378,https://cdn.pokedb.org/d0203ea526323391bf25376c42260e5ed4d17df6f4f2209c0012dfaf6596d378w20h20,home
heavy-ball,https://cdn.pokedb.org/2dafc30836c097e6a40ba535360be5775ac5f47c70e09a938ea7a46aedd55c60,https://cdn.pokedb.org/2dafc30836c097e6a40ba535360be5775ac5f47c70e09a938ea7a46aedd55c60w20h20,home
heavy-ball,https://cdn.pokedb.org/4ffad69b5e6526235c85c8a6d13ba65ee78d33c9ab93033c76faea804ddd678c,https://cdn.pokedb.org/4ffad69b5e6526235c85c8a6d13ba65ee78d33c9ab93033c76faea804ddd678cw20h20,home
heavy-ball,https://cdn.pokedb.org/8e2550473400cea696deef46c6e6cae58945a2187f18d25ffcc782915b206a83,https://cdn.pokedb.org/8e2550473400cea696deef46c6e6cae58945a2187f18d25ffcc782915b206a83w20h20,brilliant-diamond-shining-pearl
heavy-ball,https://cdn.pokedb.org/9405a0faf70c389a3c4f9fe7917a6cbf6ab294b7d123c3abcbd2f7db9517e97e,https://cdn.pokedb.org/9405a0faf70c389a3c4f9fe7917a6cbf6ab294b7d123c3abcbd2f7db9517e97ew20h20,heartgold-soulsilver
heavy-duty-boots,https://cdn.pokedb.org/b0d67823b1d34d4cc66f5b9a52c56b207a86512e65c6086d076d8aa481117bda,https://cdn.pokedb.org/b0d67823b1d34d4cc66f5b9a52c56b207a86512e65c6086d076d8aa481117bdaw20h20,sword-shield
heavy-duty-boots,https://cdn.pokedb.org/a3979c995b8ae92d7e7085888de0f2d357a5d967fc52bed678e0a76df5a45829,https://cdn.pokedb.org/a3979c995b8ae92d7e7085888de0f2d357a5d967fc52bed678e0a76df5a45829w20h20,scarlet-violet
helix-fossil,https://cdn.pokedb.org/b9d4f04d9904e559af96cc96bf87a810e2ffa00f61fdc56c18c71ae8e3b35bcf,https://cdn.pokedb.org/b9d4f04d9904e559af96cc96bf87a810e2ffa00f61fdc56c18c71ae8e3b35bcfw20h20,firered-leafgreen
heracronite,https://cdn.pokedb.org/9de689c190d49fcd72635ff42c83a7d7aeee5cec4314882547e4f58daeb2e1cf,https://cdn.pokedb.org/9de689c190d49fcd72635ff42c83a7d7aeee5cec4314882547e4f58daeb2e1cfw20h20,x-y
heracross-claw,https://cdn.pokedb.org/d93fb90bdc2ee50ccb8f262d9e69f5cbd26e7e6c1bbbc5a2d18d5302aa55ed45,https://cdn.pokedb.org/d93fb90bdc2ee50ccb8f262d9e69f5cbd26e7e6c1bbbc5a2d18d5302aa55ed45w20h20,scarlet-violet
herbed-sausage,https://cdn.pokedb.org/8ba580901c99a74f7e4f823c01d420d217996b5191e29ac9602e890a3f61a292,https://cdn.pokedb.org/8ba580901c99a74f7e4f823c01d420d217996b5191e29ac9602e890a3f61a292w20h20,scarlet-violet
heroic-sword-pick,https://cdn.pokedb.org/69295ed4a7b4fa84f5af830ac5945b1da8d4889391e7886c6432ab9c16239824,https://cdn.pokedb.org/69295ed4a7b4fa84f5af830ac5945b1da8d4889391e7886c6432ab9c16239824w20h20,scarlet-violet
hi-tech-earbuds,https://cdn.pokedb.org/54e97eab759ec7f78b6e13c7d7ae3a89d35867ef03fdb2405595fe994e6d0bc4,https://cdn.pokedb.org/54e97eab759ec7f78b6e13c7d7ae3a89d35867ef03fdb2405595fe994e6d0bc4w20h20,sword-shield
hippopotas-sand,https://cdn.pokedb.org/d93fb90bdc2ee50ccb8f262d9e69f5cbd26e7e6c1bbbc5a2d18d5302aa55ed45,https://cdn.pokedb.org/d93fb90bdc2ee50ccb8f262d9e69f5cbd26e7e6c1bbbc5a2d18d5302aa55ed45w20h20,scarlet-violet
hitmonchan-candy,https://cdn.pokedb.org/1c382c15606800f34837b49516b4d0cd547419aaeb11d2534f97c2e2c327230b,https://cdn.pokedb.org/1c382c15606800f34837b49516b4d0cd547419aaeb11d2534f97c2e2c327230bw20h20,go
hitmonlee-candy,https://cdn.pokedb.org/7c5ab991df6d14cc52ee7cf5e3eda798ab5b8a16f365dd581c90515cebe98471,https://cdn.pokedb.org/7c5ab991df6d14cc52ee7cf5e3eda798ab5b8a16f365dd581c90515cebe98471w20h20,go
hm01,https://cdn.pokedb.org/115a29dd84c58d044ee0ba53f1afbc5de2b67f82236239ca7cb71475df8acaf9,https://cdn.pokedb.org/115a29dd84c58d044ee0ba53f1afbc5de2b67f82236239ca7cb71475df8acaf9w20h20,x-y
hm01,https://cdn.pokedb.org/b6691e15780ae93888ad9889d6751a094197e8b716d5e60f929c1bd9f5788280,https://cdn.pokedb.org/b6691e15780ae93888ad9889d6751a094197e8b716d5e60f929c1bd9f5788280w20h20,firered-leafgreen
hm02,https://cdn.pokedb.org/fa6823a012529a8749c26469056b7f9f095b8095d7b84da1876897da9a98031f,https://cdn.pokedb.org/fa6823a012529a8749c26469056b7f9f095b8095d7b84da1876897da9a98031fw20h20,x-y
hm02,https://cdn.pokedb.org/6d8b0c9f077cb9034296da33d4a1eff93cefaa95e85abebb1117375f8324d9a1,https://cdn.pokedb.org/6d8b0c9f077cb9034296da33d4a1eff93cefaa95e85abebb1117375f8324d9a1w20h20,firered-leafgreen
hm02,https://cdn.pokedb.org/d8df8634335902345896cda62d3cc5f2d4a4ab17588fcad847770a601216030e,https://cdn.pokedb.org/d8df8634335902345896cda62d3cc5f2d4a4ab17588fcad847770a601216030ew20h20,brilliant-diamond-shining-pearl
hm03,https://cdn.pokedb.org/01b9da4f841634e4b1ad0fc560f7ead08bee6b4a9572a8ffb94c57f4a78c9891,https://cdn.pokedb.org/01b9da4f841634e4b1ad0fc560f7ead08bee6b4a9572a8ffb94c57f4a78c9891w20h20,firered-leafgreen
hm03,https://cdn.pokedb.org/8b171b156528a22061f922b57550669436fcbfbf1d4cd1a44eb4d71d00374eaa,https://cdn.pokedb.org/8b171b156528a22061f922b57550669436fcbfbf1d4cd1a44eb4d71d00374eaaw20h20,x-y
hm04,https://cdn.pokedb.org/b6691e15780ae93888ad9889d6751a094197e8b716d5e60f929c1bd9f5788280,https://cdn.pokedb.org/b6691e15780ae93888ad9889d6751a094197e8b716d5e60f929c1bd9f5788280w20h20,firered-leafgreen
hm04,https://cdn.pokedb.org/115a29dd84c58d044ee0ba53f1afbc5de2b67f82236239ca7cb71475df8acaf9,https://cdn.pokedb.org/115a29dd84c58d044ee0ba53f1afbc5de2b67f82236239ca7cb71475df8acaf9w20h20,x-y
hm05,https://cdn.pokedb.org/8b171b156528a22061f922b57550669436fcbfbf1d4cd1a44eb4d71d00374eaa,https://cdn.pokedb.org/8b171b156528a22061f922b57550669436fcbfbf1d4cd1a44eb4d71d00374eaaw20h20,x-y
hm05,https://cdn.pokedb.org/01b9da4f841634e4b1ad0fc560f7ead08bee6b4a9572a8ffb94c57f4a78c9891,https://cdn.pokedb.org/01b9da4f841634e4b1ad0fc560f7ead08bee6b4a9572a8ffb94c57f4a78c9891w20h20,firered-leafgreen
hm05,https://cdn.pokedb.org/6d8b0c9f077cb9034296da33d4a1eff93cefaa95e85abebb1117375f8324d9a1,https://cdn.pokedb.org/6d8b0c9f077cb9034296da33d4a1eff93cefaa95e85abebb1117375f8324d9a1w20h20,firered-leafgreen
hm05,https://cdn.pokedb.org/b6691e15780ae93888ad9889d6751a094197e8b716d5e60f929c1bd9f5788280,https://cdn.pokedb.org/b6691e15780ae93888ad9889d6751a094197e8b716d5e60f929c1bd9f5788280w20h20,firered-leafgreen
hm06,https://cdn.pokedb.org/01b9da4f841634e4b1ad0fc560f7ead08bee6b4a9572a8ffb94c57f4a78c9891,https://cdn.pokedb.org/01b9da4f841634e4b1ad0fc560f7ead08bee6b4a9572a8ffb94c57f4a78c9891w20h20,firered-leafgreen
hm06,https://cdn.pokedb.org/aec8be0e866210bf74ef167b087eca495068350d01ed4cd4dcfa5035036b0177,https://cdn.pokedb.org/aec8be0e866210bf74ef167b087eca495068350d01ed4cd4dcfa5035036b0177w20h20,firered-leafgreen
hm06,https://cdn.pokedb.org/c196fb1e73294e3db61f8ecb90a0784d7c1544ab2d3758452b4e6be98569ae3a,https://cdn.pokedb.org/c196fb1e73294e3db61f8ecb90a0784d7c1544ab2d3758452b4e6be98569ae3aw20h20,platinum
hm07,https://cdn.pokedb.org/01b9da4f841634e4b1ad0fc560f7ead08bee6b4a9572a8ffb94c57f4a78c9891,https://cdn.pokedb.org/01b9da4f841634e4b1ad0fc560f7ead08bee6b4a9572a8ffb94c57f4a78c9891w20h20,firered-leafgreen
hm07,https://cdn.pokedb.org/8b171b156528a22061f922b57550669436fcbfbf1d4cd1a44eb4d71d00374eaa,https://cdn.pokedb.org/8b171b156528a22061f922b57550669436fcbfbf1d4cd1a44eb4d71d00374eaaw20h20,x-y
hm08,https://cdn.pokedb.org/b6691e15780ae93888ad9889d6751a094197e8b716d5e60f929c1bd9f5788280,https://cdn.pokedb.org/b6691e15780ae93888ad9889d6751a094197e8b716d5e60f929c1bd9f5788280w20h20,firered-leafgreen
hm08,https://cdn.pokedb.org/01b9da4f841634e4b1ad0fc560f7ead08bee6b4a9572a8ffb94c57f4a78c9891,https://cdn.pokedb.org/01b9da4f841634e4b1ad0fc560f7ead08bee6b4a9572a8ffb94c57f4a78c9891w20h20,firered-leafgreen
ho-oh-treat,https://cdn.pokedb.org/11396ecb0ac496e1454467b99bdc139e62287d80089b8eba679dc61d57b11c9c,https://cdn.pokedb.org/11396ecb0ac496e1454467b99bdc139e62287d80089b8eba679dc61d57b11c9cw20h20,the-indigo-disk
holo-caster,https://cdn.pokedb.org/f2587986b738a6ac9ecb1cbb9eb7d354adeaf9141f7572e91538b948a9c94228,https://cdn.pokedb.org/f2587986b738a6ac9ecb1cbb9eb7d354adeaf9141f7572e91538b948a9c94228w20h20,x-y
holo-caster,https://cdn.pokedb.org/34ea222d521d341c1ce0526d53494212178baa97681f7f518b6ab6abf85c6170,https://cdn.pokedb.org/34ea222d521d341c1ce0526d53494212178baa97681f7f518b6ab6abf85c6170w20h20,x-y
hondew-berry,https://cdn.pokedb.org/fff473cd9c65bafdb7cf0877eaf2b4ed6e033ee5e5040efd4b83c030fbdeec75,https://cdn.pokedb.org/fff473cd9c65bafdb7cf0877eaf2b4ed6e033ee5e5040efd4b83c030fbdeec75w20h20,firered-leafgreen
hondew-berry,https://cdn.pokedb.org/ac00c1e1b8cee053ebe2f26c41074840ad6c6b8f8a74d5516cd6371398983dfb,https://cdn.pokedb.org/ac00c1e1b8cee053ebe2f26c41074840ad6c6b8f8a74d5516cd6371398983dfbw20h20,ruby-sapphire
hondew-berry,https://cdn.pokedb.org/89f65134c7f1028c1a1aee98d2d103b206d8f3335920d64186f3fa4d9c082d31,https://cdn.pokedb.org/89f65134c7f1028c1a1aee98d2d103b206d8f3335920d64186f3fa4d9c082d31w20h20,scarlet-violet
hondew-berry,https://cdn.pokedb.org/1a0321854c59e0c0aaa9036a5aa52ba365e3e4eb42aa5dc99ba8d1c20ec54138,https://cdn.pokedb.org/1a0321854c59e0c0aaa9036a5aa52ba365e3e4eb42aa5dc99ba8d1c20ec54138w20h20,brilliant-diamond-shining-pearl
honey,https://cdn.pokedb.org/aa1e9fac20cdf02b8dd9c0384d74ece05b8c620c420b8786ed3177154662050c,https://cdn.pokedb.org/aa1e9fac20cdf02b8dd9c0384d74ece05b8c620c420b8786ed3177154662050cw20h20,legends-arceus
honey,https://cdn.pokedb.org/2d19df3a4d7b2ae65247932279537e2f72c1f6aa908df796f7ceba41c78ddc7c,https://cdn.pokedb.org/2d19df3a4d7b2ae65247932279537e2f72c1f6aa908df796f7ceba41c78ddc7cw20h20,brilliant-diamond-shining-pearl
honey,https://cdn.pokedb.org/ad197263ad397d3ffaafe070c60a92eaeefccbb90f0faa6106cc63cc3af06bde,https://cdn.pokedb.org/ad197263ad397d3ffaafe070c60a92eaeefccbb90f0faa6106cc63cc3af06bdew20h20,scarlet-violet
honey,https://cdn.pokedb.org/d38640e4e7b2d930a9d5f1e4a7be5144479b390b41d80260a21f39467562c4bc,https://cdn.pokedb.org/d38640e4e7b2d930a9d5f1e4a7be5144479b390b41d80260a21f39467562c4bcw20h20,diamond-pearl
honor-of-kalos,https://cdn.pokedb.org/31d7037440765873358c9e99f5aadbe0fb1d7c0154a96b9e097e16031f3ea96a,https://cdn.pokedb.org/31d7037440765873358c9e99f5aadbe0fb1d7c0154a96b9e097e16031f3ea96aw20h20,x-y
hoothoot-feather,https://cdn.pokedb.org/d93fb90bdc2ee50ccb8f262d9e69f5cbd26e7e6c1bbbc5a2d18d5302aa55ed45,https://cdn.pokedb.org/d93fb90bdc2ee50ccb8f262d9e69f5cbd26e7e6c1bbbc5a2d18d5302aa55ed45w20h20,scarlet-violet
hoppip-leaf,https://cdn.pokedb.org/d93fb90bdc2ee50ccb8f262d9e69f5cbd26e7e6c1bbbc5a2d18d5302aa55ed45,https://cdn.pokedb.org/d93fb90bdc2ee50ccb8f262d9e69f5cbd26e7e6c1bbbc5a2d18d5302aa55ed45w20h20,scarlet-violet
horsea-candy,https://cdn.pokedb.org/42b075aca83b9925390a170b8fe196a1c1b6b7a83107ef05b8ff304921ad953d,https://cdn.pokedb.org/42b075aca83b9925390a170b8fe196a1c1b6b7a83107ef05b8ff304921ad953dw20h20,go
horsea-ink,https://cdn.pokedb.org/d93fb90bdc2ee50ccb8f262d9e69f5cbd26e7e6c1bbbc5a2d18d5302aa55ed45,https://cdn.pokedb.org/d93fb90bdc2ee50ccb8f262d9e69f5cbd26e7e6c1bbbc5a2d18d5302aa55ed45w20h20,scarlet-violet
horseradish,https://cdn.pokedb.org/275376db12d35c5126d6cf6987a330067feb208b8c6c2f7ade528716cbb0a75c,https://cdn.pokedb.org/275376db12d35c5126d6cf6987a330067feb208b8c6c2f7ade528716cbb0a75cw20h20,scarlet-violet
houndoominite,https://cdn.pokedb.org/93babfa0e3a2b0cefd6018b9f69a9dfebb6dc135d816f15937536c3e02e2e6d0,https://cdn.pokedb.org/93babfa0e3a2b0cefd6018b9f69a9dfebb6dc135d816f15937536c3e02e2e6d0w20h20,x-y
houndour-fang,https://cdn.pokedb.org/d93fb90bdc2ee50ccb8f262d9e69f5cbd26e7e6c1bbbc5a2d18d5302aa55ed45,https://cdn.pokedb.org/d93fb90bdc2ee50ccb8f262d9e69f5cbd26e7e6c1bbbc5a2d18d5302aa55ed45w20h20,scarlet-violet
hp-up,https://cdn.pokedb.org/8e7c8df529f0859626738ecfe9d42dcf97e3848a462cdcec87904abee30f36d3,https://cdn.pokedb.org/8e7c8df529f0859626738ecfe9d42dcf97e3848a462cdcec87904abee30f36d3w20h20,brilliant-diamond-shining-pearl
hp-up,https://cdn.pokedb.org/a3b787d145166f7fda4877cbb6bfa43ac0bf0a7341b9e243152a7977e8e78200,https://cdn.pokedb.org/a3b787d145166f7fda4877cbb6bfa43ac0bf0a7341b9e243152a7977e8e78200w20h20,scarlet-violet
hp-up,https://cdn.pokedb.org/80a332eecbdaa63d30cfcd14cd3f2256f6dac7f2430f115b316414c0034d7c3c,https://cdn.pokedb.org/80a332eecbdaa63d30cfcd14cd3f2256f6dac7f2430f115b316414c0034d7c3cw20h20,firered-leafgreen
hyper-potion,https://cdn.pokedb.org/465a254bc58673459aa71161359db2c0321ea29f7ea7b9955b47aabfda16ac01,https://cdn.pokedb.org/465a254bc58673459aa71161359db2c0321ea29f7ea7b9955b47aabfda16ac01w20h20,legends-arceus
hyper-potion,https://cdn.pokedb.org/e2d24898d160d2e3653159d01cd99cd9e28fe30c4d672e0d8cd3a4b2d3290222,https://cdn.pokedb.org/e2d24898d160d2e3653159d01cd99cd9e28fe30c4d672e0d8cd3a4b2d3290222w20h20,brilliant-diamond-shining-pearl
hyper-potion,https://cdn.pokedb.org/f0f9538b36be89aa56755a6ed55270b93e928d7ac5a5a50625983d54ace1ccf9,https://cdn.pokedb.org/f0f9538b36be89aa56755a6ed55270b93e928d7ac5a5a50625983d54ace1ccf9w20h20,black-white
hyper-potion,https://cdn.pokedb.org/9e1de1b349e6405a38c0795bb56afd362ecafe73f57745ad85fd5a53f5bf69ff,https://cdn.pokedb.org/9e1de1b349e6405a38c0795bb56afd362ecafe73f57745ad85fd5a53f5bf69ffw20h20,firered-leafgreen
hyper-potion,https://cdn.pokedb.org/57abe79f7381e4ea2952033c9663abf15aad7f4a75e323de78a4bfde36a1a812,https://cdn.pokedb.org/57abe79f7381e4ea2952033c9663abf15aad7f4a75e323de78a4bfde36a1a812w20h20,scarlet-violet
iapapa-berry,https://cdn.pokedb.org/23c39d3d78c1cc3c23200a4c975b3422d7001604202aae82ef4b265b8a2e089f,https://cdn.pokedb.org/23c39d3d78c1cc3c23200a4c975b3422d7001604202aae82ef4b265b8a2e089fw20h20,ruby-sapphire
iapapa-berry,https://cdn.pokedb.org/f75150cab492801e4e3e3d6bf85be81aac70bcaf9ba053ec1cddce2abd8d7a79,https://cdn.pokedb.org/f75150cab492801e4e3e3d6bf85be81aac70bcaf9ba053ec1cddce2abd8d7a79w20h20,firered-leafgreen
iapapa-berry,https://cdn.pokedb.org/a00456a0a895dd76fb357dd19f9c887f341fe9d57c1f572853811d8d536da948,https://cdn.pokedb.org/a00456a0a895dd76fb357dd19f9c887f341fe9d57c1f572853811d8d536da948w20h20,brilliant-diamond-shining-pearl
iapapa-berry,https://cdn.pokedb.org/9baf8c902fe3b068faf1269afd3c2328df3921cff657f06a425d4fb0f4631906,https://cdn.pokedb.org/9baf8c902fe3b068faf1269afd3c2328df3921cff657f06a425d4fb0f4631906w20h20,legends-arceus
iapapa-berry,https://cdn.pokedb.org/74906172dee142ec6f7e0cf52ec6670494f3c8331bf37b3392cf6b2e03596ade,https://cdn.pokedb.org/74906172dee142ec6f7e0cf52ec6670494f3c8331bf37b3392cf6b2e03596adew20h20,scarlet-violet
ice-gem,https://cdn.pokedb.org/bbcb34fcf04660e97de7d5c73ca7caf416c35ab3022031ac73855dc4d759c85c,https://cdn.pokedb.org/bbcb34fcf04660e97de7d5c73ca7caf416c35ab3022031ac73855dc4d759c85cw20h20,black-white
ice-heal,https://cdn.pokedb.org/845478fbe99b7f0400cd1137aa6bb1b76ccd2e1956d08ec401905b2ef89f1222,https://cdn.pokedb.org/845478fbe99b7f0400cd1137aa6bb1b76ccd2e1956d08ec401905b2ef89f1222w20h20,scarlet-violet
ice-heal,https://cdn.pokedb.org/5126812706a9750ac94f1169d465610f8c73b7121ac9879fa2a1e6ba2d348e2b,https://cdn.pokedb.org/5126812706a9750ac94f1169d465610f8c73b7121ac9879fa2a1e6ba2d348e2bw20h20,brilliant-diamond-shining-pearl
ice-heal,https://cdn.pokedb.org/0a1820f94cc51199157c9f7038ea3714c1fb9d5b8e50b2ae6a84337aa6dc9d81,https://cdn.pokedb.org/0a1820f94cc51199157c9f7038ea3714c1fb9d5b8e50b2ae6a84337aa6dc9d81w20h20,black-white
ice-heal,https://cdn.pokedb.org/f5fb77a0c1f16d46e066c849c20f5f53af0ed65e3e99edcc1e54cfd62e392f33,https://cdn.pokedb.org/f5fb77a0c1f16d46e066c849c20f5f53af0ed65e3e99edcc1e54cfd62e392f33w20h20,firered-leafgreen
ice-memory,https://cdn.pokedb.org/0ff77c717c3b5f8f1d78b91155bcba7b4a37aa14ffc42b142859d374c632d7a4,https://cdn.pokedb.org/0ff77c717c3b5f8f1d78b91155bcba7b4a37aa14ffc42b142859d374c632d7a4w20h20,sun-moon
ice-stone,https://cdn.pokedb.org/708b3dd3236a71c0a373d6903488f91f31f81eae9556649b46cadbb41afc3bcd,https://cdn.pokedb.org/708b3dd3236a71c0a373d6903488f91f31f81eae9556649b46cadbb41afc3bcdw20h20,scarlet-violet
ice-stone,https://cdn.pokedb.org/89cb938d4240479664a18b569bfa3855578204360467f88e9267a0cabbf87040,https://cdn.pokedb.org/89cb938d4240479664a18b569bfa3855578204360467f88e9267a0cabbf87040w20h20,sun-moon
ice-stone,https://cdn.pokedb.org/d98e7840e99fd013ff66a39c83f3a97b98f344cfda1e95515f0ea4ab9266334c,https://cdn.pokedb.org/d98e7840e99fd013ff66a39c83f3a97b98f344cfda1e95515f0ea4ab9266334cw20h20,brilliant-diamond-shining-pearl
ice-stone,https://cdn.pokedb.org/4968b09a508bce83fa90a18119b388eedbc864cbd6b1dea0a8cdf29fd916bd44,https://cdn.pokedb.org/4968b09a508bce83fa90a18119b388eedbc864cbd6b1dea0a8cdf29fd916bd44w20h20,legends-arceus
ice-tera-shard,https://cdn.pokedb.org/530417fc6aef1c4f12f32dfda1b6e37e8f5b52932f72a4d5b5ed0b1cc1f79704,https://cdn.pokedb.org/530417fc6aef1c4f12f32dfda1b6e37e8f5b52932f72a4d5b5ed0b1cc1f79704w20h20,scarlet-violet
iceroot-carrot,https://cdn.pokedb.org/4769893e412bbf120b717f4a76d9edc858ef3da61efac20d83e538dcb85f8ebe,https://cdn.pokedb.org/4769893e412bbf120b717f4a76d9edc858ef3da61efac20d83e538dcb85f8ebew20h20,sword-shield
icicle-plate,https://cdn.pokedb.org/433ce596e26073bc50c1d8b277d12e3026f3246d57a48417a592977a8b78a6a3,https://cdn.pokedb.org/433ce596e26073bc50c1d8b277d12e3026f3246d57a48417a592977a8b78a6a3w20h20,legends-arceus
icicle-plate,https://cdn.pokedb.org/f9ec31faf71bf5c28738301284e7bd3749d8cf20a323b0d3c08ef654651637b3,https://cdn.pokedb.org/f9ec31faf71bf5c28738301284e7bd3749d8cf20a323b0d3c08ef654651637b3w20h20,brilliant-diamond-shining-pearl
icicle-plate,https://cdn.pokedb.org/2494e60bc07a21714cf27a5887e2e6ed49567ac7d2d2de837e0e516eaa602e3b,https://cdn.pokedb.org/2494e60bc07a21714cf27a5887e2e6ed49567ac7d2d2de837e0e516eaa602e3bw20h20,diamond-pearl
icicle-plate,https://cdn.pokedb.org/624ed04e57dc55cc3eee7931a6fd3f7a6a679028d7259e3a5de1ff79f59a4239,https://cdn.pokedb.org/624ed04e57dc55cc3eee7931a6fd3f7a6a679028d7259e3a5de1ff79f59a4239w20h20,scarlet-violet
icium-z,https://cdn.pokedb.org/a463bb9f34c7048679cb8cd0d40535353bc3b822fe5bd8875488eb6380c93a5a,https://cdn.pokedb.org/a463bb9f34c7048679cb8cd0d40535353bc3b822fe5bd8875488eb6380c93a5aw20h20,sun-moon
icium-z,https://cdn.pokedb.org/b18f7caf3538e2fd5b6729972059aaf9d502eccf7cedf30c29bbe7b13f9a870f,https://cdn.pokedb.org/b18f7caf3538e2fd5b6729972059aaf9d502eccf7cedf30c29bbe7b13f9a870fw20h20,sun-moon
icy-rock,https://cdn.pokedb.org/b569779c5adaf74365095686897a73cb11504de1ac17eb21ba6b0616db9cc880,https://cdn.pokedb.org/b569779c5adaf74365095686897a73cb11504de1ac17eb21ba6b0616db9cc880w20h20,scarlet-violet
icy-rock,https://cdn.pokedb.org/c26fd0812ea03df5232332a615c7f98bfd24bff6656fe7a6e3aa47494a6d5429,https://cdn.pokedb.org/c26fd0812ea03df5232332a615c7f98bfd24bff6656fe7a6e3aa47494a6d5429w20h20,diamond-pearl
igglybuff-fluff,https://cdn.pokedb.org/d93fb90bdc2ee50ccb8f262d9e69f5cbd26e7e6c1bbbc5a2d18d5302aa55ed45,https://cdn.pokedb.org/d93fb90bdc2ee50ccb8f262d9e69f5cbd26e7e6c1bbbc5a2d18d5302aa55ed45w20h20,scarlet-violet
ilimas-normalium-z,https://cdn.pokedb.org/be42bae07cc73d6d56c826866149a7d9a0c9fc782c9f5dab3be854443da9087a,https://cdn.pokedb.org/be42bae07cc73d6d56c826866149a7d9a0c9fc782c9f5dab3be854443da9087aw20h20,sun-moon
illumise-fluid,https://cdn.pokedb.org/d93fb90bdc2ee50ccb8f262d9e69f5cbd26e7e6c1bbbc5a2d18d5302aa55ed45,https://cdn.pokedb.org/d93fb90bdc2ee50ccb8f262d9e69f5cbd26e7e6c1bbbc5a2d18d5302aa55ed45w20h20,scarlet-violet
impidimp-hair,https://cdn.pokedb.org/d93fb90bdc2ee50ccb8f262d9e69f5cbd26e7e6c1bbbc5a2d18d5302aa55ed45,https://cdn.pokedb.org/d93fb90bdc2ee50ccb8f262d9e69f5cbd26e7e6c1bbbc5a2d18d5302aa55ed45w20h20,scarlet-violet
impish-mint,https://cdn.pokedb.org/1362b3ecc02b0b4d31a95eb6fa3bf6b59edc4cc7fabc05514327d1ece58e2392,https://cdn.pokedb.org/1362b3ecc02b0b4d31a95eb6fa3bf6b59edc4cc7fabc05514327d1ece58e2392w20h20,sword-shield
impish-mint,https://cdn.pokedb.org/6f1dca863b6421f148a96decb14edd490a3740127a8bb86e58ac2fddcef69efc,https://cdn.pokedb.org/6f1dca863b6421f148a96decb14edd490a3740127a8bb86e58ac2fddcef69efcw20h20,scarlet-violet
impish-mint,https://cdn.pokedb.org/ac886e7ea476a067534d84dbfb2772153df01d6906363f339d4dab95ebbff618,https://cdn.pokedb.org/ac886e7ea476a067534d84dbfb2772153df01d6906363f339d4dab95ebbff618w20h20,legends-arceus
impish-mint,https://cdn.pokedb.org/e85f7a2e8acc9646df7a89b24e7a19e9908b0593a231e781ae3610972947db77,https://cdn.pokedb.org/e85f7a2e8acc9646df7a89b24e7a19e9908b0593a231e781ae3610972947db77w20h20,brilliant-diamond-shining-pearl
incinium-z,https://cdn.pokedb.org/a1cd53c516025a8975f2afee2fab53e861e36468639e7881a32cb30614d7875c,https://cdn.pokedb.org/a1cd53c516025a8975f2afee2fab53e861e36468639e7881a32cb30614d7875cw20h20,sun-moon
incinium-z,https://cdn.pokedb.org/6704e4c09c0fd417ae79af17a7821e29fc1d18147ffe8e2ef3d78c8c88a990b0,https://cdn.pokedb.org/6704e4c09c0fd417ae79af17a7821e29fc1d18147ffe8e2ef3d78c8c88a990b0w20h20,sun-moon
indeedee-fur,https://cdn.pokedb.org/d93fb90bdc2ee50ccb8f262d9e69f5cbd26e7e6c1bbbc5a2d18d5302aa55ed45,https://cdn.pokedb.org/d93fb90bdc2ee50ccb8f262d9e69f5cbd26e7e6c1bbbc5a2d18d5302aa55ed45w20h20,scarlet-violet
inquiry-mail,https://cdn.pokedb.org/c0af51d5b625bfb80ea5b2be5fe48902f8844542e96566ae5a2a57549a6b4068,https://cdn.pokedb.org/c0af51d5b625bfb80ea5b2be5fe48902f8844542e96566ae5a2a57549a6b4068w20h20,black-white
insect-plate,https://cdn.pokedb.org/61ad51ef10778e3b9e66f1b0e8be0c5b4b7b98040ff5b7e41dce25dbc3f35da5,https://cdn.pokedb.org/61ad51ef10778e3b9e66f1b0e8be0c5b4b7b98040ff5b7e41dce25dbc3f35da5w20h20,brilliant-diamond-shining-pearl
insect-plate,https://cdn.pokedb.org/35e5eb76f2c74d10ace606cc7ef40dbdba1c970861ba6dd4a8c32680d1848b09,https://cdn.pokedb.org/35e5eb76f2c74d10ace606cc7ef40dbdba1c970861ba6dd4a8c32680d1848b09w20h20,diamond-pearl
insect-plate,https://cdn.pokedb.org/05a6642f707dc35ac117e01c129a322eec05f9efb87cf97d9bd0c73e8b734651,https://cdn.pokedb.org/05a6642f707dc35ac117e01c129a322eec05f9efb87cf97d9bd0c73e8b734651w20h20,legends-arceus
insect-plate,https://cdn.pokedb.org/2b54f374bdac54cb6a7998921de12b2d8d9d41cf6566ec0498cfec642230ac99,https://cdn.pokedb.org/2b54f374bdac54cb6a7998921de12b2d8d9d41cf6566ec0498cfec642230ac99w20h20,scarlet-violet
instant-noodles,https://cdn.pokedb.org/cd244095b44e147dcfbc1ed414e1e9a1adc0f244b6e7f792a653cd3c22f16aee,https://cdn.pokedb.org/cd244095b44e147dcfbc1ed414e1e9a1adc0f244b6e7f792a653cd3c22f16aeew20h20,sword-shield
intriguing-stone,https://cdn.pokedb.org/746b4b373abbdad99829e07ba056679a75913efae93d366a6ad4080b335cb529,https://cdn.pokedb.org/746b4b373abbdad99829e07ba056679a75913efae93d366a6ad4080b335cb529w20h20,x-y
iron,https://cdn.pokedb.org/34b7f052b88ff4447ee4c71b1f1bcbab1c0d9af074c0792cd237a8ca6e4640ce,https://cdn.pokedb.org/34b7f052b88ff4447ee4c71b1f1bcbab1c0d9af074c0792cd237a8ca6e4640cew20h20,firered-leafgreen
iron,https://cdn.pokedb.org/fcb0a2ada32fd4d27651441c55cc6617b4942bd6f057d54e6ebb474779ca0786,https://cdn.pokedb.org/fcb0a2ada32fd4d27651441c55cc6617b4942bd6f057d54e6ebb474779ca0786w20h20,brilliant-diamond-shining-pearl
iron,https://cdn.pokedb.org/6a216e3d250eacf7458f5f15bb5c409c3b0c685558a3e0c24558fe5ac8594d9d,https://cdn.pokedb.org/6a216e3d250eacf7458f5f15bb5c409c3b0c685558a3e0c24558fe5ac8594d9dw20h20,scarlet-violet
iron-ball,https://cdn.pokedb.org/035973a9783c299630c420caf238ddc222b57edbe0e819ff063f560b89f5925a,https://cdn.pokedb.org/035973a9783c299630c420caf238ddc222b57edbe0e819ff063f560b89f5925aw20h20,brilliant-diamond-shining-pearl
iron-ball,https://cdn.pokedb.org/711cf534a1bee01077e77af661756626aaab0d0bac22c465dad8ee56b69313d6,https://cdn.pokedb.org/711cf534a1bee01077e77af661756626aaab0d0bac22c465dad8ee56b69313d6w20h20,diamond-pearl
iron-ball,https://cdn.pokedb.org/6668e94bfe5a71d7cbabe10b36785f2950fb3c2051ba9cb88b563031dd894b9c,https://cdn.pokedb.org/6668e94bfe5a71d7cbabe10b36785f2950fb3c2051ba9cb88b563031dd894b9cw20h20,scarlet-violet
iron-plate,https://cdn.pokedb.org/e8d21e1f989d3654e68b8256df2b8edba7d4a6aaaf0dbab9833bd7aab12b7361,https://cdn.pokedb.org/e8d21e1f989d3654e68b8256df2b8edba7d4a6aaaf0dbab9833bd7aab12b7361w20h20,diamond-pearl
iron-plate,https://cdn.pokedb.org/6a21309478588b3837406e490aa52c75958d3e2ad87b2c236388c8e3122af2d8,https://cdn.pokedb.org/6a21309478588b3837406e490aa52c75958d3e2ad87b2c236388c8e3122af2d8w20h20,brilliant-diamond-shining-pearl
iron-plate,https://cdn.pokedb.org/00955c2bd27bf5e0186738d80fe4371d9d7785254971484535561d031398d79f,https://cdn.pokedb.org/00955c2bd27bf5e0186738d80fe4371d9d7785254971484535561d031398d79fw20h20,legends-arceus
iron-plate,https://cdn.pokedb.org/d5635ddf6eef8b8078c5152913f49ccab4d0c0b0732efe9d9f3fb438d930bcd9,https://cdn.pokedb.org/d5635ddf6eef8b8078c5152913f49ccab4d0c0b0732efe9d9f3fb438d930bcd9w20h20,scarlet-violet
item-drop,https://cdn.pokedb.org/6f683527bf6fe3270945952456ec35d77619255cc893dbf6f7a151692b678be8,https://cdn.pokedb.org/6f683527bf6fe3270945952456ec35d77619255cc893dbf6f7a151692b678be8w20h20,black-white
item-urge,https://cdn.pokedb.org/c30aac0893f8e9570b10046f1f969c3f5b537e235db1a03b9879e16f8380a35b,https://cdn.pokedb.org/c30aac0893f8e9570b10046f1f969c3f5b537e235db1a03b9879e16f8380a35bw20h20,black-white
jaboca-berry,https://cdn.pokedb.org/57d817af2cf657f7184e4aff051e19d66cb1af2a6473fd3ec6892bc4c89b4f18,https://cdn.pokedb.org/57d817af2cf657f7184e4aff051e19d66cb1af2a6473fd3ec6892bc4c89b4f18w20h20,brilliant-diamond-shining-pearl
jaboca-berry,https://cdn.pokedb.org/e05096689ef1413adb209bf7fab75387c69eaa1c4ba7781971c0109643f4f5b8,https://cdn.pokedb.org/e05096689ef1413adb209bf7fab75387c69eaa1c4ba7781971c0109643f4f5b8w20h20,scarlet-violet
jaboca-berry,https://cdn.pokedb.org/b63cc442ba95763792df5ec7658cf758de643abc8c2e887c52021bf1e562f0a9,https://cdn.pokedb.org/b63cc442ba95763792df5ec7658cf758de643abc8c2e887c52021bf1e562f0a9w20h20,diamond-pearl
jade-orb,https://cdn.pokedb.org/06171594603597f9bcc4aaafeec39b0f53596aa61cb5521cdb49bd780db9473b,https://cdn.pokedb.org/06171594603597f9bcc4aaafeec39b0f53596aa61cb5521cdb49bd780db9473bw20h20,heartgold-soulsilver
jalapeno,https://cdn.pokedb.org/bd784933e749ee903f52fbda959247484275fe2b26357593ca7212ad0990e9a8,https://cdn.pokedb.org/bd784933e749ee903f52fbda959247484275fe2b26357593ca7212ad0990e9a8w20h20,scarlet-violet
jam,https://cdn.pokedb.org/cc4dd654654ad73a4617ed82e94c8c44e93758ab5bda53f362533f644a90f132,https://cdn.pokedb.org/cc4dd654654ad73a4617ed82e94c8c44e93758ab5bda53f362533f644a90f132w20h20,scarlet-violet
jangmo-o-scales,https://cdn.pokedb.org/d93fb90bdc2ee50ccb8f262d9e69f5cbd26e7e6c1bbbc5a2d18d5302aa55ed45,https://cdn.pokedb.org/d93fb90bdc2ee50ccb8f262d9e69f5cbd26e7e6c1bbbc5a2d18d5302aa55ed45w20h20,scarlet-violet
jaw-fossil,https://cdn.pokedb.org/d975b2aa9d84ce6867152f21958843eebb624b32e599e320c153b1cd7823c5f0,https://cdn.pokedb.org/d975b2aa9d84ce6867152f21958843eebb624b32e599e320c153b1cd7823c5f0w20h20,x-y
jigglypuff-candy,https://cdn.pokedb.org/da8c8719fb5a3de4d8a4bc7f7811ff48c4d392526a4843a03709d9f82dbba632,https://cdn.pokedb.org/da8c8719fb5a3de4d8a4bc7f7811ff48c4d392526a4843a03709d9f82dbba632w20h20,go
johto-slate,https://cdn.pokedb.org/dd70a421048d1e759273b611260e2b25ae6a63d07e673e6e232797556e5b57eb,https://cdn.pokedb.org/dd70a421048d1e759273b611260e2b25ae6a63d07e673e6e232797556e5b57ebw20h20,brilliant-diamond-shining-pearl
jolly-mint,https://cdn.pokedb.org/0da2904350f6b3a697aa07a449e5b7640b0500016b55c9f58db6c428d5db97ed,https://cdn.pokedb.org/0da2904350f6b3a697aa07a449e5b7640b0500016b55c9f58db6c428d5db97edw20h20,scarlet-violet
jolly-mint,https://cdn.pokedb.org/0b56ee5f4f6b7d15dbe44ab41e6f9d409e11b4da0fcd61477eb84641b8e91632,https://cdn.pokedb.org/0b56ee5f4f6b7d15dbe44ab41e6f9d409e11b4da0fcd61477eb84641b8e91632w20h20,brilliant-diamond-shining-pearl
jolly-mint,https://cdn.pokedb.org/6ba3c5fbae9f2d4417020712160626bb64973c203e613c3d87971dbac14fcb61,https://cdn.pokedb.org/6ba3c5fbae9f2d4417020712160626bb64973c203e613c3d87971dbac14fcb61w20h20,legends-arceus
joltik-thread,https://cdn.pokedb.org/d93fb90bdc2ee50ccb8f262d9e69f5cbd26e7e6c1bbbc5a2d18d5302aa55ed45,https://cdn.pokedb.org/d93fb90bdc2ee50ccb8f262d9e69f5cbd26e7e6c1bbbc5a2d18d5302aa55ed45w20h20,scarlet-violet
jynx-candy,https://cdn.pokedb.org/d3c2463d5b12b20e43579b7aea97418764e8125b967f8e1368a47999d200ec22,https://cdn.pokedb.org/d3c2463d5b12b20e43579b7aea97418764e8125b967f8e1368a47999d200ec22w20h20,go
kabuto-candy,https://cdn.pokedb.org/85eb4a7680ad4f6619959b6e23d8ee7eea8b825e78601ba5e1e53ca7983545f3,https://cdn.pokedb.org/85eb4a7680ad4f6619959b6e23d8ee7eea8b825e78601ba5e1e53ca7983545f3w20h20,go
kangaskhan-candy,https://cdn.pokedb.org/cd35851936e023b0120231b8edb9eb79ba2adff8caf50a6a9cb3c5e1d528c528,https://cdn.pokedb.org/cd35851936e023b0120231b8edb9eb79ba2adff8caf50a6a9cb3c5e1d528c528w20h20,go
kangaskhanite,https://cdn.pokedb.org/a4581ba2a6e6b1b317d47e61c46f14f399d157a47a514b759d76682f0dd443df,https://cdn.pokedb.org/a4581ba2a6e6b1b317d47e61c46f14f399d157a47a514b759d76682f0dd443dfw20h20,x-y
kanto-slate,https://cdn.pokedb.org/11396ecb0ac496e1454467b99bdc139e62287d80089b8eba679dc61d57b11c9c,https://cdn.pokedb.org/11396ecb0ac496e1454467b99bdc139e62287d80089b8eba679dc61d57b11c9cw20h20,brilliant-diamond-shining-pearl
kasib-berry,https://cdn.pokedb.org/2bbc68c4f531806890126b5be6a5c088e60aac338d44aee0765fb2fa6336fecf,https://cdn.pokedb.org/2bbc68c4f531806890126b5be6a5c088e60aac338d44aee0765fb2fa6336fecfw20h20,diamond-pearl
kasib-berry,https://cdn.pokedb.org/15ee759626bccda4429d7af88c080046aee01cb8c01eff8a194df1e2ba9f1092,https://cdn.pokedb.org/15ee759626bccda4429d7af88c080046aee01cb8c01eff8a194df1e2ba9f1092w20h20,brilliant-diamond-shining-pearl
kasib-berry,https://cdn.pokedb.org/dcfe0b1e5452095c79bcdb7e90276a0da8b483c45046454c211de45ed531569b,https://cdn.pokedb.org/dcfe0b1e5452095c79bcdb7e90276a0da8b483c45046454c211de45ed531569bw20h20,scarlet-violet
kebia-berry,https://cdn.pokedb.org/878a11bbdca47da96b30c00b76c624810397cedb15aca6d0f0d6d37684992fa1,https://cdn.pokedb.org/878a11bbdca47da96b30c00b76c624810397cedb15aca6d0f0d6d37684992fa1w20h20,brilliant-diamond-shining-pearl
kebia-berry,https://cdn.pokedb.org/85afbd16a5fd223858829bd88443858faa37287d8aa62529a66a26aae065f702,https://cdn.pokedb.org/85afbd16a5fd223858829bd88443858faa37287d8aa62529a66a26aae065f702w20h20,diamond-pearl
kebia-berry,https://cdn.pokedb.org/d67c7850e6440edbf43cb731db3094827bbd322820d055a7a1168187e9bc9012,https://cdn.pokedb.org/d67c7850e6440edbf43cb731db3094827bbd322820d055a7a1168187e9bc9012w20h20,scarlet-violet
kee-berry,https://cdn.pokedb.org/5e9cea62aa9c0811ac8ad24c5abda2f6fa16a3199b535a09ddcb567c38293314,https://cdn.pokedb.org/5e9cea62aa9c0811ac8ad24c5abda2f6fa16a3199b535a09ddcb567c38293314w20h20,x-y
kee-berry,https://cdn.pokedb.org/f068458bbecae842c258eec15b7b64a870bc6daeb1e57677f24ed1ee6c75c655,https://cdn.pokedb.org/f068458bbecae842c258eec15b7b64a870bc6daeb1e57677f24ed1ee6c75c655w20h20,scarlet-violet
kelpsy-berry,https://cdn.pokedb.org/a6563bfcd5952539cf609ed4cecfe8e85cc6bfee61e98afa56dbed2acb8becfd,https://cdn.pokedb.org/a6563bfcd5952539cf609ed4cecfe8e85cc6bfee61e98afa56dbed2acb8becfdw20h20,brilliant-diamond-shining-pearl
kelpsy-berry,https://cdn.pokedb.org/a8c25e359852c8c65898220fa9e4058d6941b2f00973bac0d31b26bde3067012,https://cdn.pokedb.org/a8c25e359852c8c65898220fa9e4058d6941b2f00973bac0d31b26bde3067012w20h20,scarlet-violet
kelpsy-berry,https://cdn.pokedb.org/af3bef8bed880dd8a63bcd63ee6188827987ea9cedd7a49c65ab0a265917df7c,https://cdn.pokedb.org/af3bef8bed880dd8a63bcd63ee6188827987ea9cedd7a49c65ab0a265917df7cw20h20,firered-leafgreen
kelpsy-berry,https://cdn.pokedb.org/ddccd9489bea782e20b9c197e5d37e8e620744fbface1f7794abe314370a5fb5,https://cdn.pokedb.org/ddccd9489bea782e20b9c197e5d37e8e620744fbface1f7794abe314370a5fb5w20h20,ruby-sapphire
ketchup,https://cdn.pokedb.org/f4f6f20a923dd9af3954e5dac571cec19ac2d8b6cc06476ba0d66e3bff17a15c,https://cdn.pokedb.org/f4f6f20a923dd9af3954e5dac571cec19ac2d8b6cc06476ba0d66e3bff17a15cw20h20,scarlet-violet
key-stone,https://cdn.pokedb.org/dd81a65f97221d05def4891e109470565ada89be203e968af655e2c6af88088c,https://cdn.pokedb.org/dd81a65f97221d05def4891e109470565ada89be203e968af655e2c6af88088cw20h20,sun-moon
key-stone,https://cdn.pokedb.org/8eb435230e74812d368dd9d2afa8fdc34022c984302f29e409626e7edc486f14,https://cdn.pokedb.org/8eb435230e74812d368dd9d2afa8fdc34022c984302f29e409626e7edc486f14w20h20,lets-go-pikachu-lets-go-eevee
key-to-room-1-hoenn,https://cdn.pokedb.org/e653a2f5a235b87a446bed435f81967d72ad19e7ab6fecb760500ce8897ddc19,https://cdn.pokedb.org/e653a2f5a235b87a446bed435f81967d72ad19e7ab6fecb760500ce8897ddc19w20h20,firered-leafgreen
key-to-room-2,https://cdn.pokedb.org/c4e88bfbddae67612dae782cab88ec5ade8b3d8791ba31b90efd74b80333b1d6,https://cdn.pokedb.org/c4e88bfbddae67612dae782cab88ec5ade8b3d8791ba31b90efd74b80333b1d6w20h20,firered-leafgreen
key-to-room-4,https://cdn.pokedb.org/8173da0978ea4954fc859335428423d0a418545338d55d4f8fee4b1caab859f1,https://cdn.pokedb.org/8173da0978ea4954fc859335428423d0a418545338d55d4f8fee4b1caab859f1w20h20,firered-leafgreen
key-to-room-6,https://cdn.pokedb.org/b9bc867d99dedf716b31a712893b6aff8d1c2c08a3f34fd44e3283c9ccaa0d7a,https://cdn.pokedb.org/b9bc867d99dedf716b31a712893b6aff8d1c2c08a3f34fd44e3283c9ccaa0d7aw20h20,firered-leafgreen
kings-rock,https://cdn.pokedb.org/319333424cb79dbb425f57d79d3eb14dedaaeb812d4cce0eb87ca79e3187ba6b,https://cdn.pokedb.org/319333424cb79dbb425f57d79d3eb14dedaaeb812d4cce0eb87ca79e3187ba6bw20h20,brilliant-diamond-shining-pearl
kings-rock,https://cdn.pokedb.org/579ff12e1ea139c137ba3605736aa02f6f28bae04fefe16a9ec0408fb9ccb07d,https://cdn.pokedb.org/579ff12e1ea139c137ba3605736aa02f6f28bae04fefe16a9ec0408fb9ccb07dw20h20,scarlet-violet
kings-rock,https://cdn.pokedb.org/568cb28dca247865f57b260c147767d7b0ee9e8c679239477496e6bf67449c6d,https://cdn.pokedb.org/568cb28dca247865f57b260c147767d7b0ee9e8c679239477496e6bf67449c6dw20h20,firered-leafgreen
kiwi,https://cdn.pokedb.org/da01ab9a42111be1740d1b659ac1fc1a083e8b1e22e2fd121b9e10aea9843914,https://cdn.pokedb.org/da01ab9a42111be1740d1b659ac1fc1a083e8b1e22e2fd121b9e10aea9843914w20h20,scarlet-violet
klawf-claw,https://cdn.pokedb.org/d93fb90bdc2ee50ccb8f262d9e69f5cbd26e7e6c1bbbc5a2d18d5302aa55ed45,https://cdn.pokedb.org/d93fb90bdc2ee50ccb8f262d9e69f5cbd26e7e6c1bbbc5a2d18d5302aa55ed45w20h20,scarlet-violet
klawf-stick,https://cdn.pokedb.org/8855b3ca0d3038e56d24cca4c25dcb6fdaadeaba259fcbe2ca18d0a4ce39c150,https://cdn.pokedb.org/8855b3ca0d3038e56d24cca4c25dcb6fdaadeaba259fcbe2ca18d0a4ce39c150w20h20,scarlet-violet
klefki-key,https://cdn.pokedb.org/d93fb90bdc2ee50ccb8f262d9e69f5cbd26e7e6c1bbbc5a2d18d5302aa55ed45,https://cdn.pokedb.org/d93fb90bdc2ee50ccb8f262d9e69f5cbd26e7e6c1bbbc5a2d18d5302aa55ed45w20h20,scarlet-violet
koffing-candy,https://cdn.pokedb.org/231a3afe87c5021749cd23f14548d041aa1a98f65aa0eae7f41c418dd4c99995,https://cdn.pokedb.org/231a3afe87c5021749cd23f14548d041aa1a98f65aa0eae7f41c418dd4c99995w20h20,go
koffing-gas,https://cdn.pokedb.org/d93fb90bdc2ee50ccb8f262d9e69f5cbd26e7e6c1bbbc5a2d18d5302aa55ed45,https://cdn.pokedb.org/d93fb90bdc2ee50ccb8f262d9e69f5cbd26e7e6c1bbbc5a2d18d5302aa55ed45w20h20,scarlet-violet
kofus-wallet,https://cdn.pokedb.org/e63522de491159c18db47d8bb6aed10d85beb40acb836f75ca8ef83246886b61,https://cdn.pokedb.org/e63522de491159c18db47d8bb6aed10d85beb40acb836f75ca8ef83246886b61w20h20,scarlet-violet
komala-claw,https://cdn.pokedb.org/d93fb90bdc2ee50ccb8f262d9e69f5cbd26e7e6c1bbbc5a2d18d5302aa55ed45,https://cdn.pokedb.org/d93fb90bdc2ee50ccb8f262d9e69f5cbd26e7e6c1bbbc5a2d18d5302aa55ed45w20h20,scarlet-violet
kommonium-z,https://cdn.pokedb.org/90cb7ed1e42f4984663ccfc5497b0352b97ea86b8b6d91d46c2841b87892e301,https://cdn.pokedb.org/90cb7ed1e42f4984663ccfc5497b0352b97ea86b8b6d91d46c2841b87892e301w20h20,ultra-sun-ultra-moon
kommonium-z,https://cdn.pokedb.org/076e271f0f7de710e3e26df3989c775aad9ea40a2b161fbce9c86f90a60840c8,https://cdn.pokedb.org/076e271f0f7de710e3e26df3989c775aad9ea40a2b161fbce9c86f90a60840c8w20h20,ultra-sun-ultra-moon
koraidons-poke-ball,https://cdn.pokedb.org/f666cda39020a9e2ed305933ddbf624f78b28c16c5b9957434f8448608f707c1,https://cdn.pokedb.org/f666cda39020a9e2ed305933ddbf624f78b28c16c5b9957434f8448608f707c1w20h20,scarlet-violet
krabby-candy,https://cdn.pokedb.org/9b9d80efe199521a10f4696141f2f98d58155fac91116dcecbf8156356a8fafe,https://cdn.pokedb.org/9b9d80efe199521a10f4696141f2f98d58155fac91116dcecbf8156356a8fafew20h20,go
kricketot-shell,https://cdn.pokedb.org/d93fb90bdc2ee50ccb8f262d9e69f5cbd26e7e6c1bbbc5a2d18d5302aa55ed45,https://cdn.pokedb.org/d93fb90bdc2ee50ccb8f262d9e69f5cbd26e7e6c1bbbc5a2d18d5302aa55ed45w20h20,scarlet-violet
kubfu-treat,https://cdn.pokedb.org/11396ecb0ac496e1454467b99bdc139e62287d80089b8eba679dc61d57b11c9c,https://cdn.pokedb.org/11396ecb0ac496e1454467b99bdc139e62287d80089b8eba679dc61d57b11c9cw20h20,the-indigo-disk
kyogre-treat,https://cdn.pokedb.org/11396ecb0ac496e1454467b99bdc139e62287d80089b8eba679dc61d57b11c9c,https://cdn.pokedb.org/11396ecb0ac496e1454467b99bdc139e62287d80089b8eba679dc61d57b11c9cw20h20,the-indigo-disk
kyurem-treat,https://cdn.pokedb.org/11396ecb0ac496e1454467b99bdc139e62287d80089b8eba679dc61d57b11c9c,https://cdn.pokedb.org/11396ecb0ac496e1454467b99bdc139e62287d80089b8eba679dc61d57b11c9cw20h20,the-indigo-disk
lagging-tail,https://cdn.pokedb.org/cc1c2a2fd2d81b3287794d2a62ce5997173abcc06b9b42f98cb2733dc2a24a4a,https://cdn.pokedb.org/cc1c2a2fd2d81b3287794d2a62ce5997173abcc06b9b42f98cb2733dc2a24a4aw20h20,scarlet-violet
lagging-tail,https://cdn.pokedb.org/50ae86ff7352da828078310db7e142e1ab8dc87c7edae1ff55db47d431ae7886,https://cdn.pokedb.org/50ae86ff7352da828078310db7e142e1ab8dc87c7edae1ff55db47d431ae7886w20h20,diamond-pearl
lagging-tail,https://cdn.pokedb.org/16a1eff9e6242342771d957d96a687ebee271fcc2b5c14c35297f86c1a939361,https://cdn.pokedb.org/16a1eff9e6242342771d957d96a687ebee271fcc2b5c14c35297f86c1a939361w20h20,brilliant-diamond-shining-pearl
lansat-berry,https://cdn.pokedb.org/d1f9ba0c9f40d305c35a66b54d8609d2c271757f04938a34cb566e426a3537d4,https://cdn.pokedb.org/d1f9ba0c9f40d305c35a66b54d8609d2c271757f04938a34cb566e426a3537d4w20h20,firered-leafgreen
lansat-berry,https://cdn.pokedb.org/4f94f1c73a3cf2ef5711d949883ea466d5f1b129f43433524bb9314f1a144964,https://cdn.pokedb.org/4f94f1c73a3cf2ef5711d949883ea466d5f1b129f43433524bb9314f1a144964w20h20,scarlet-violet
lansat-berry,https://cdn.pokedb.org/943a27a0f9f329998709063f887887b26de3849f87c4b9a39ad25399055c6480,https://cdn.pokedb.org/943a27a0f9f329998709063f887887b26de3849f87c4b9a39ad25399055c6480w20h20,brilliant-diamond-shining-pearl
lansat-berry,https://cdn.pokedb.org/3dd1240226ab01fa6b59bef493427a6c35a48213cc343c0944190d0cc3caa884,https://cdn.pokedb.org/3dd1240226ab01fa6b59bef493427a6c35a48213cc343c0944190d0cc3caa884w20h20,ruby-sapphire
lapras-candy,https://cdn.pokedb.org/cbf8b382681a111561feb68af047526c95267856731805c2aff20c3107f9a33f,https://cdn.pokedb.org/cbf8b382681a111561feb68af047526c95267856731805c2aff20c3107f9a33fw20h20,go
lapras-teardrop,https://cdn.pokedb.org/d93fb90bdc2ee50ccb8f262d9e69f5cbd26e7e6c1bbbc5a2d18d5302aa55ed45,https://cdn.pokedb.org/d93fb90bdc2ee50ccb8f262d9e69f5cbd26e7e6c1bbbc5a2d18d5302aa55ed45w20h20,scarlet-violet
large-leek,https://cdn.pokedb.org/2fdcb1a41706cd223cc804920e901edceb2a5997fc677513dd8c098ac9f3e6b7,https://cdn.pokedb.org/2fdcb1a41706cd223cc804920e901edceb2a5997fc677513dd8c098ac9f3e6b7w20h20,sword-shield
larvesta-fuzz,https://cdn.pokedb.org/d93fb90bdc2ee50ccb8f262d9e69f5cbd26e7e6c1bbbc5a2d18d5302aa55ed45,https://cdn.pokedb.org/d93fb90bdc2ee50ccb8f262d9e69f5cbd26e7e6c1bbbc5a2d18d5302aa55ed45w20h20,scarlet-violet
larvitar-claw,https://cdn.pokedb.org/d93fb90bdc2ee50ccb8f262d9e69f5cbd26e7e6c1bbbc5a2d18d5302aa55ed45,https://cdn.pokedb.org/d93fb90bdc2ee50ccb8f262d9e69f5cbd26e7e6c1bbbc5a2d18d5302aa55ed45w20h20,scarlet-violet
latias-treat,https://cdn.pokedb.org/11396ecb0ac496e1454467b99bdc139e62287d80089b8eba679dc61d57b11c9c,https://cdn.pokedb.org/11396ecb0ac496e1454467b99bdc139e62287d80089b8eba679dc61d57b11c9cw20h20,the-indigo-disk
latiasite,https://cdn.pokedb.org/7f387532aac7f1d2095554d6b760e0b1ae506c7e2320ae5e986888b48d1be212,https://cdn.pokedb.org/7f387532aac7f1d2095554d6b760e0b1ae506c7e2320ae5e986888b48d1be212w20h20,x-y
latios-treat,https://cdn.pokedb.org/11396ecb0ac496e1454467b99bdc139e62287d80089b8eba679dc61d57b11c9c,https://cdn.pokedb.org/11396ecb0ac496e1454467b99bdc139e62287d80089b8eba679dc61d57b11c9cw20h20,the-indigo-disk
latiosite,https://cdn.pokedb.org/82f4db414d426d34594ea6bc32726f9eb48b417b981a1364f23dbfba56c9292d,https://cdn.pokedb.org/82f4db414d426d34594ea6bc32726f9eb48b417b981a1364f23dbfba56c9292dw20h20,x-y
lava-cookie,https://cdn.pokedb.org/1b5eaa052b133ab64578c392db8dc3f55e7077c17a68280705fc8fd4763d79f0,https://cdn.pokedb.org/1b5eaa052b133ab64578c392db8dc3f55e7077c17a68280705fc8fd4763d79f0w20h20,firered-leafgreen
lava-cookie,https://cdn.pokedb.org/6b022aae1e5938b133cd7654114ec0f5d6a2593c7df35d8cdb9157fe8c161a0d,https://cdn.pokedb.org/6b022aae1e5938b133cd7654114ec0f5d6a2593c7df35d8cdb9157fe8c161a0dw20h20,brilliant-diamond-shining-pearl
lax-incense,https://cdn.pokedb.org/f633a9aa0b6011bbc6b3b3c285952ac0eaca622911489b108f8a832571107dd2,https://cdn.pokedb.org/f633a9aa0b6011bbc6b3b3c285952ac0eaca622911489b108f8a832571107dd2w20h20,scarlet-violet
lax-incense,https://cdn.pokedb.org/135809593ebc2929e9149d17ef39d2d107257c0b133c6652844c6704f4bd013a,https://cdn.pokedb.org/135809593ebc2929e9149d17ef39d2d107257c0b133c6652844c6704f4bd013aw20h20,firered-leafgreen
lax-incense,https://cdn.pokedb.org/42849afddd1f819144894b6435c02f483b91c0890417334ea4613c77244da18d,https://cdn.pokedb.org/42849afddd1f819144894b6435c02f483b91c0890417334ea4613c77244da18dw20h20,brilliant-diamond-shining-pearl
lax-mint,https://cdn.pokedb.org/1362b3ecc02b0b4d31a95eb6fa3bf6b59edc4cc7fabc05514327d1ece58e2392,https://cdn.pokedb.org/1362b3ecc02b0b4d31a95eb6fa3bf6b59edc4cc7fabc05514327d1ece58e2392w20h20,sword-shield
lax-mint,https://cdn.pokedb.org/e85f7a2e8acc9646df7a89b24e7a19e9908b0593a231e781ae3610972947db77,https://cdn.pokedb.org/e85f7a2e8acc9646df7a89b24e7a19e9908b0593a231e781ae3610972947db77w20h20,brilliant-diamond-shining-pearl
lax-mint,https://cdn.pokedb.org/ac886e7ea476a067534d84dbfb2772153df01d6906363f339d4dab95ebbff618,https://cdn.pokedb.org/ac886e7ea476a067534d84dbfb2772153df01d6906363f339d4dab95ebbff618w20h20,legends-arceus
lax-mint,https://cdn.pokedb.org/6f1dca863b6421f148a96decb14edd490a3740127a8bb86e58ac2fddcef69efc,https://cdn.pokedb.org/6f1dca863b6421f148a96decb14edd490a3740127a8bb86e58ac2fddcef69efcw20h20,scarlet-violet
leaders-crest,https://cdn.pokedb.org/ed0d056bd164db6376e6c1e50cad495871b8bb855a012abdb722149863e02092,https://cdn.pokedb.org/ed0d056bd164db6376e6c1e50cad495871b8bb855a012abdb722149863e02092w20h20,scarlet-violet
leaf-letter,https://cdn.pokedb.org/74c1126c5bb06c3870f97cfe885c1975baedcb9dbb748867864af86397f3dbd4,https://cdn.pokedb.org/74c1126c5bb06c3870f97cfe885c1975baedcb9dbb748867864af86397f3dbd4w20h20,lets-go-pikachu-lets-go-eevee
leaf-letter,https://cdn.pokedb.org/bbb63a1e3f048b2a85eb24b556f3844a54038276bd9e5eba4b31a149f33a2c3b,https://cdn.pokedb.org/bbb63a1e3f048b2a85eb24b556f3844a54038276bd9e5eba4b31a149f33a2c3bw20h20,lets-go-pikachu-lets-go-eevee
leaf-stone,https://cdn.pokedb.org/d401954c5ed28dae006091515619b1f0287b264719b1223f7e5a9aebf5ae9c27,https://cdn.pokedb.org/d401954c5ed28dae006091515619b1f0287b264719b1223f7e5a9aebf5ae9c27w20h20,scarlet-violet
leaf-stone,https://cdn.pokedb.org/c67f9356ace006cbcdec7ec4e2940ccac5bcacd97d71885d42fd6765c6866612,https://cdn.pokedb.org/c67f9356ace006cbcdec7ec4e2940ccac5bcacd97d71885d42fd6765c6866612w20h20,legends-arceus
leaf-stone,https://cdn.pokedb.org/08cdca48613f69fa6f5180dab6d519f116a5822920676bdca2d3766a2e0d6d1a,https://cdn.pokedb.org/08cdca48613f69fa6f5180dab6d519f116a5822920676bdca2d3766a2e0d6d1aw20h20,firered-leafgreen
leafy-tablecloth,https://cdn.pokedb.org/69295ed4a7b4fa84f5af830ac5945b1da8d4889391e7886c6432ab9c16239824,https://cdn.pokedb.org/69295ed4a7b4fa84f5af830ac5945b1da8d4889391e7886c6432ab9c16239824w20h20,scarlet-violet
lechonk-hair,https://cdn.pokedb.org/d93fb90bdc2ee50ccb8f262d9e69f5cbd26e7e6c1bbbc5a2d18d5302aa55ed45,https://cdn.pokedb.org/d93fb90bdc2ee50ccb8f262d9e69f5cbd26e7e6c1bbbc5a2d18d5302aa55ed45w20h20,scarlet-violet
leek,https://cdn.pokedb.org/fd3ae7e5bb226a2a752e77dd1ddc1602e192f955ed92d4e7c55247fcd85aff68,https://cdn.pokedb.org/fd3ae7e5bb226a2a752e77dd1ddc1602e192f955ed92d4e7c55247fcd85aff68w20h20,firered-leafgreen
leek,https://cdn.pokedb.org/a9cde86cafaf06ced41a95b9bc8527a62b72b1e4ffe532167264388fdc97182a,https://cdn.pokedb.org/a9cde86cafaf06ced41a95b9bc8527a62b72b1e4ffe532167264388fdc97182aw20h20,brilliant-diamond-shining-pearl
left-poke-ball,https://cdn.pokedb.org/d9aceb9318a45af9a803cd56af6a259189c62982f87ae7b644bc2ef96fe65e93,https://cdn.pokedb.org/d9aceb9318a45af9a803cd56af6a259189c62982f87ae7b644bc2ef96fe65e93w20h20,ultra-sun-ultra-moon
leftovers,https://cdn.pokedb.org/5962832cd2d8ac94839638e4a57b224f4d6745207f9dd0b2ac0cf8991b8f2fdb,https://cdn.pokedb.org/5962832cd2d8ac94839638e4a57b224f4d6745207f9dd0b2ac0cf8991b8f2fdbw20h20,brilliant-diamond-shining-pearl
leftovers,https://cdn.pokedb.org/3bb8f68fd0044a5f3387e98f1ed6a94617c77b7190f05be51c97b35a5b78fce4,https://cdn.pokedb.org/3bb8f68fd0044a5f3387e98f1ed6a94617c77b7190f05be51c97b35a5b78fce4w20h20,firered-leafgreen
leftovers,https://cdn.pokedb.org/b55606d59e900738dea7e5c1883dcbb6a15e268d11e45f1768531e1e01d56043,https://cdn.pokedb.org/b55606d59e900738dea7e5c1883dcbb6a15e268d11e45f1768531e1e01d56043w20h20,scarlet-violet
legend-plate,https://cdn.pokedb.org/13817e97efe9174076c3f91cd91b4b6e4045d2f2d2386323ebe340eb922a658e,https://cdn.pokedb.org/13817e97efe9174076c3f91cd91b4b6e4045d2f2d2386323ebe340eb922a658ew20h20,scarlet-violet
legend-plate,https://cdn.pokedb.org/114d21df4c83361af6455b730930120abbd91d50afccdf85050231914b3629eb,https://cdn.pokedb.org/114d21df4c83361af6455b730930120abbd91d50afccdf85050231914b3629ebw20h20,legends-arceus
legendary-clue-1,https://cdn.pokedb.org/5690300ccf468affad195f7ecd8b7ae639860a96e11f6d0e7c7d7d439a82b52d,https://cdn.pokedb.org/5690300ccf468affad195f7ecd8b7ae639860a96e11f6d0e7c7d7d439a82b52dw20h20,sword-shield
legendary-clue-2,https://cdn.pokedb.org/5690300ccf468affad195f7ecd8b7ae639860a96e11f6d0e7c7d7d439a82b52d,https://cdn.pokedb.org/5690300ccf468affad195f7ecd8b7ae639860a96e11f6d0e7c7d7d439a82b52dw20h20,sword-shield
legendary-clue-3,https://cdn.pokedb.org/5690300ccf468affad195f7ecd8b7ae639860a96e11f6d0e7c7d7d439a82b52d,https://cdn.pokedb.org/5690300ccf468affad195f7ecd8b7ae639860a96e11f6d0e7c7d7d439a82b52dw20h20,sword-shield
legendary-clue-question,https://cdn.pokedb.org/5690300ccf468affad195f7ecd8b7ae639860a96e11f6d0e7c7d7d439a82b52d,https://cdn.pokedb.org/5690300ccf468affad195f7ecd8b7ae639860a96e11f6d0e7c7d7d439a82b52dw20h20,sword-shield
lemonade,https://cdn.pokedb.org/6a320650b20acaec74f415a8e8e6e68dcce8be7e6ae8e48b4659b6032a20b9a5,https://cdn.pokedb.org/6a320650b20acaec74f415a8e8e6e68dcce8be7e6ae8e48b4659b6032a20b9a5w20h20,firered-leafgreen
lemonade,https://cdn.pokedb.org/794a3e1138c169c2f247842352147cb90e8841635b808329add9b41b427f0381,https://cdn.pokedb.org/794a3e1138c169c2f247842352147cb90e8841635b808329add9b41b427f0381w20h20,scarlet-violet
lemonade,https://cdn.pokedb.org/37beb16aebccf33fa27c99734f563f8d80c7089a352be6a70361f7ee89cec47b,https://cdn.pokedb.org/37beb16aebccf33fa27c99734f563f8d80c7089a352be6a70361f7ee89cec47bw20h20,brilliant-diamond-shining-pearl
lens-case,https://cdn.pokedb.org/76ba07a2aef6d8491823062c3a22af19b706833251d463b6a83fa34267b2ef30,https://cdn.pokedb.org/76ba07a2aef6d8491823062c3a22af19b706833251d463b6a83fa34267b2ef30w20h20,sun-moon
lens-case,https://cdn.pokedb.org/aa0a9c043b8ec78309dd7c0697401060c5f6405647c70e391ea34a6af39959df,https://cdn.pokedb.org/aa0a9c043b8ec78309dd7c0697401060c5f6405647c70e391ea34a6af39959dfw20h20,x-y
leppa-berry,https://cdn.pokedb.org/e3419a561bedf0a51c5c0573d1780604dfc44fd5737eba67cdcca501947ae4de,https://cdn.pokedb.org/e3419a561bedf0a51c5c0573d1780604dfc44fd5737eba67cdcca501947ae4dew20h20,legends-arceus
leppa-berry,https://cdn.pokedb.org/8c12e501120a7de559e515bd2b7eebe9825607d135581e52454096a77e60d6bd,https://cdn.pokedb.org/8c12e501120a7de559e515bd2b7eebe9825607d135581e52454096a77e60d6bdw20h20,scarlet-violet
leppa-berry,https://cdn.pokedb.org/9b114392f33154e17ec88f0d0470a1d05179eeace3c9c523988a2a91d7988cba,https://cdn.pokedb.org/9b114392f33154e17ec88f0d0470a1d05179eeace3c9c523988a2a91d7988cbaw20h20,ruby-sapphire
leppa-berry,https://cdn.pokedb.org/512f627d5aac51332041303e8fecd192cf772e2d095281185a423bf094b129c6,https://cdn.pokedb.org/512f627d5aac51332041303e8fecd192cf772e2d095281185a423bf094b129c6w20h20,firered-leafgreen
leppa-berry,https://cdn.pokedb.org/1f20fe5d42085d6f3ba77efea82d96128681178d5e943e5ba62d62a9040a0146,https://cdn.pokedb.org/1f20fe5d42085d6f3ba77efea82d96128681178d5e943e5ba62d62a9040a0146w20h20,brilliant-diamond-shining-pearl
letter,https://cdn.pokedb.org/2ad412e8454e5f6576b13021c8e30fb288bb15f7975400efd774ca91ee8af741,https://cdn.pokedb.org/2ad412e8454e5f6576b13021c8e30fb288bb15f7975400efd774ca91ee8af741w20h20,firered-leafgreen
lettuce,https://cdn.pokedb.org/408b73bbffcc1f3f198da990871afaf31b71b9244e42bd48b668a22a4a4bccdd,https://cdn.pokedb.org/408b73bbffcc1f3f198da990871afaf31b71b9244e42bd48b668a22a4a4bccddw20h20,scarlet-violet
level-ball,https://cdn.pokedb.org/4a368e57262db3ec33b0c2b8327e569f3f95b565494bbb54804f88619859c019,https://cdn.pokedb.org/4a368e57262db3ec33b0c2b8327e569f3f95b565494bbb54804f88619859c019w20h20,heartgold-soulsilver
level-ball,https://cdn.pokedb.org/8763d0440dced96079f2e3e62514d5fc66fbef5d8b2e87c2bd05dded6c6f15cf,https://cdn.pokedb.org/8763d0440dced96079f2e3e62514d5fc66fbef5d8b2e87c2bd05dded6c6f15cfw20h20,home
level-ball,https://cdn.pokedb.org/e3a08d63ae9e749f979934bf8a5023760e164ff4c7c1a6feebc5615d81ec5549,https://cdn.pokedb.org/e3a08d63ae9e749f979934bf8a5023760e164ff4c7c1a6feebc5615d81ec5549w20h20,scarlet-violet
level-ball,https://cdn.pokedb.org/8d02af402a2b0e1ac6b24ad5de6d24eccd996fcbbf2533160c866d65dfb0fd13,https://cdn.pokedb.org/8d02af402a2b0e1ac6b24ad5de6d24eccd996fcbbf2533160c866d65dfb0fd13w20h20,brilliant-diamond-shining-pearl
liberty-pass,https://cdn.pokedb.org/6f6182f38d2752297b2d7b0c63226c9f618cb43efa528ca80cb5d43f1f9a9ce1,https://cdn.pokedb.org/6f6182f38d2752297b2d7b0c63226c9f618cb43efa528ca80cb5d43f1f9a9ce1w20h20,black-white
liberty-pass,https://cdn.pokedb.org/0d157a615cb3f112fe417e424e346e200554adfb637d999eabf4ade65efc8c6f,https://cdn.pokedb.org/0d157a615cb3f112fe417e424e346e200554adfb637d999eabf4ade65efc8c6fw20h20,black-white
lickitung-candy,https://cdn.pokedb.org/60634b406e582d0b3459f0018d978bb4e853b96c9c69e7e96a8623b604c8069a,https://cdn.pokedb.org/60634b406e582d0b3459f0018d978bb4e853b96c9c69e7e96a8623b604c8069aw20h20,go
liechi-berry,https://cdn.pokedb.org/d4a2367f91e2d8d98cc5388f4107fa74900741642f24bb299011c990ca731c33,https://cdn.pokedb.org/d4a2367f91e2d8d98cc5388f4107fa74900741642f24bb299011c990ca731c33w20h20,scarlet-violet
liechi-berry,https://cdn.pokedb.org/542babcefede772b96f886b4df8567cb7967ca6ff9389ca621d6c6d0f2256aa5,https://cdn.pokedb.org/542babcefede772b96f886b4df8567cb7967ca6ff9389ca621d6c6d0f2256aa5w20h20,ruby-sapphire
liechi-berry,https://cdn.pokedb.org/c59b6f28e5737ffb63d9327acc38908a422552dddef9fce320b7f785a43220be,https://cdn.pokedb.org/c59b6f28e5737ffb63d9327acc38908a422552dddef9fce320b7f785a43220bew20h20,firered-leafgreen
liechi-berry,https://cdn.pokedb.org/c552edb5102e51d2d80bc36878f38fa445ff5b723966210d27c3002a7fd5ce45,https://cdn.pokedb.org/c552edb5102e51d2d80bc36878f38fa445ff5b723966210d27c3002a7fd5ce45w20h20,brilliant-diamond-shining-pearl
life-orb,https://cdn.pokedb.org/d10a5a0c125556272337604276ce1a2904d1dfe46be6e263ba7df1253b42ae1b,https://cdn.pokedb.org/d10a5a0c125556272337604276ce1a2904d1dfe46be6e263ba7df1253b42ae1bw20h20,brilliant-diamond-shining-pearl
life-orb,https://cdn.pokedb.org/0f1c22dd0458cd011123db9c8dfb413e2590df241ed4493c4a76403342145962,https://cdn.pokedb.org/0f1c22dd0458cd011123db9c8dfb413e2590df241ed4493c4a76403342145962w20h20,diamond-pearl
life-orb,https://cdn.pokedb.org/e0c03505f5669fc81bd096d0eea1aceaad562ee0326c40d15abed869b255762a,https://cdn.pokedb.org/e0c03505f5669fc81bd096d0eea1aceaad562ee0326c40d15abed869b255762aw20h20,scarlet-violet
lift-key,https://cdn.pokedb.org/b35b1d7bbe5de87ed133f988ebe14edef1b7a13c73b619cf648882daa60c1cb3,https://cdn.pokedb.org/b35b1d7bbe5de87ed133f988ebe14edef1b7a13c73b619cf648882daa60c1cb3w20h20,lets-go-pikachu-lets-go-eevee
lift-key,https://cdn.pokedb.org/17d5a07d36c585c76d23d0eab0da2ee3c2698ed1d4e1e4a5d115c39755dcc1e5,https://cdn.pokedb.org/17d5a07d36c585c76d23d0eab0da2ee3c2698ed1d4e1e4a5d115c39755dcc1e5w20h20,firered-leafgreen
light-ball,https://cdn.pokedb.org/accb605d723faba55f83b4cdcd512722b23bc52cd5230e29502793c243a0ca9a,https://cdn.pokedb.org/accb605d723faba55f83b4cdcd512722b23bc52cd5230e29502793c243a0ca9aw20h20,scarlet-violet
light-ball,https://cdn.pokedb.org/b8f737c773cbd948aaf2fe1c01157cebebcf70a47bd3727b7f6b8e4c484fc2bc,https://cdn.pokedb.org/b8f737c773cbd948aaf2fe1c01157cebebcf70a47bd3727b7f6b8e4c484fc2bcw20h20,firered-leafgreen
light-ball,https://cdn.pokedb.org/7230e9334a9b1f96a2a8a57d33cfeadff629c4c6c56182aacf206349c2be522d,https://cdn.pokedb.org/7230e9334a9b1f96a2a8a57d33cfeadff629c4c6c56182aacf206349c2be522dw20h20,brilliant-diamond-shining-pearl
light-clay,https://cdn.pokedb.org/8b22f5281063890d562451803072f90f5976e53e98da273ddb324d4cffbca7c9,https://cdn.pokedb.org/8b22f5281063890d562451803072f90f5976e53e98da273ddb324d4cffbca7c9w20h20,scarlet-violet
light-clay,https://cdn.pokedb.org/25698ba5d0a8c424e54aa87cb569daec67aaecdcd029ec6c5b91d5f267eb2d6e,https://cdn.pokedb.org/25698ba5d0a8c424e54aa87cb569daec67aaecdcd029ec6c5b91d5f267eb2d6ew20h20,diamond-pearl
light-clay,https://cdn.pokedb.org/7b4fb8128b3e72a0b11340b760517202fda2db2628a64c0858eabab29c937642,https://cdn.pokedb.org/7b4fb8128b3e72a0b11340b760517202fda2db2628a64c0858eabab29c937642w20h20,brilliant-diamond-shining-pearl
light-stone,https://cdn.pokedb.org/57cf63b88b9627271a0d13d373f624731c59da0bbc437af359d021eba231c63b,https://cdn.pokedb.org/57cf63b88b9627271a0d13d373f624731c59da0bbc437af359d021eba231c63bw20h20,black-white
light-stone,https://cdn.pokedb.org/14150df70809641330bfd973882aa0252bf08ca025effcd5f534b2524bd638e8,https://cdn.pokedb.org/14150df70809641330bfd973882aa0252bf08ca025effcd5f534b2524bd638e8w20h20,black-white
like-mail,https://cdn.pokedb.org/601ace074835a022d577b00d6a2dbbce4ed6dd198881d75ae269eceb6ae1c67d,https://cdn.pokedb.org/601ace074835a022d577b00d6a2dbbce4ed6dd198881d75ae269eceb6ae1c67dw20h20,black-white
lilac-tablecloth,https://cdn.pokedb.org/69295ed4a7b4fa84f5af830ac5945b1da8d4889391e7886c6432ab9c16239824,https://cdn.pokedb.org/69295ed4a7b4fa84f5af830ac5945b1da8d4889391e7886c6432ab9c16239824w20h20,scarlet-violet
litleo-tuft,https://cdn.pokedb.org/d93fb90bdc2ee50ccb8f262d9e69f5cbd26e7e6c1bbbc5a2d18d5302aa55ed45,https://cdn.pokedb.org/d93fb90bdc2ee50ccb8f262d9e69f5cbd26e7e6c1bbbc5a2d18d5302aa55ed45w20h20,scarlet-violet
litwick-soot,https://cdn.pokedb.org/d93fb90bdc2ee50ccb8f262d9e69f5cbd26e7e6c1bbbc5a2d18d5302aa55ed45,https://cdn.pokedb.org/d93fb90bdc2ee50ccb8f262d9e69f5cbd26e7e6c1bbbc5a2d18d5302aa55ed45w20h20,scarlet-violet
loaded-dice,https://cdn.pokedb.org/ee3c7cea09f556daf113353798c822da7b2ae1e704f205ab402b98093c12cb02,https://cdn.pokedb.org/ee3c7cea09f556daf113353798c822da7b2ae1e704f205ab402b98093c12cb02w20h20,scarlet-violet
lock-capsule,https://cdn.pokedb.org/d3d1f6eef34e41736ffef2a1bdd14ae1403c9b92660cda93b0c65ce8040bb707,https://cdn.pokedb.org/d3d1f6eef34e41736ffef2a1bdd14ae1403c9b92660cda93b0c65ce8040bb707w20h20,heartgold-soulsilver
lock-capsule,https://cdn.pokedb.org/0f912f53b08074511defe377b042c8da8934267c4177a16c481806725a9dc74a,https://cdn.pokedb.org/0f912f53b08074511defe377b042c8da8934267c4177a16c481806725a9dc74aw20h20,black-white
lone-earring,https://cdn.pokedb.org/f4d798f8bd4d8a7bda709cc00e4defa11f245f5eff30461bde67e57611573465,https://cdn.pokedb.org/f4d798f8bd4d8a7bda709cc00e4defa11f245f5eff30461bde67e57611573465w20h20,lets-go-pikachu-lets-go-eevee
lonely-mint,https://cdn.pokedb.org/312f0b21196ba99b831a9280aeeb72da1938f7b37ecbe337c5716b0e2dc5342e,https://cdn.pokedb.org/312f0b21196ba99b831a9280aeeb72da1938f7b37ecbe337c5716b0e2dc5342ew20h20,sword-shield
lonely-mint,https://cdn.pokedb.org/ece497e0a0dbcd4f454ef867d6c9f1f575d03991c398cb165bdddc473fbe0e4b,https://cdn.pokedb.org/ece497e0a0dbcd4f454ef867d6c9f1f575d03991c398cb165bdddc473fbe0e4bw20h20,scarlet-violet
lonely-mint,https://cdn.pokedb.org/3c3c93e9e93bf903b498872b33df965a7c5906e9ea46eaf6fb2ff1496372affa,https://cdn.pokedb.org/3c3c93e9e93bf903b498872b33df965a7c5906e9ea46eaf6fb2ff1496372affaw20h20,legends-arceus
lonely-mint,https://cdn.pokedb.org/b8cadfad7b6c01881e58f2ea97bed17c281e03b15457d5f45dee065f0c5c93cc,https://cdn.pokedb.org/b8cadfad7b6c01881e58f2ea97bed17c281e03b15457d5f45dee065f0c5c93ccw20h20,brilliant-diamond-shining-pearl
looker-ticket,https://cdn.pokedb.org/1e535e3ff08b9381a449e17583019fe6f349e7ddb0d4bc43fbc34b89d4ee3938,https://cdn.pokedb.org/1e535e3ff08b9381a449e17583019fe6f349e7ddb0d4bc43fbc34b89d4ee3938w20h20,x-y
loot-sack,https://cdn.pokedb.org/44f7770d9cb62635bd0ce261fd254ee7b07c0dccb10483d6bb81c9c949b767a8,https://cdn.pokedb.org/44f7770d9cb62635bd0ce261fd254ee7b07c0dccb10483d6bb81c9c949b767a8w20h20,diamond-pearl
lopunnite,https://cdn.pokedb.org/f9588425dfbcafb84fc8ab1c7f19ad8911538742aca32441b7cb0b3fd37b0b70,https://cdn.pokedb.org/f9588425dfbcafb84fc8ab1c7f19ad8911538742aca32441b7cb0b3fd37b0b70w20h20,platinum
lost-item,https://cdn.pokedb.org/306ba573987f05bb456a8468559cf7ee928af67f953bc8da5aa0839fe081802d,https://cdn.pokedb.org/306ba573987f05bb456a8468559cf7ee928af67f953bc8da5aa0839fe081802dw20h20,heartgold-soulsilver
lost-item,https://cdn.pokedb.org/480c46874f9a9ab40ca6d2534042865bdacbf4b25a55cfefdb79ef19b764fe81,https://cdn.pokedb.org/480c46874f9a9ab40ca6d2534042865bdacbf4b25a55cfefdb79ef19b764fe81w20h20,black-white
lotad-leaf,https://cdn.pokedb.org/d93fb90bdc2ee50ccb8f262d9e69f5cbd26e7e6c1bbbc5a2d18d5302aa55ed45,https://cdn.pokedb.org/d93fb90bdc2ee50ccb8f262d9e69f5cbd26e7e6c1bbbc5a2d18d5302aa55ed45w20h20,scarlet-violet
love-ball,https://cdn.pokedb.org/cd8c40e676b57ca4145864f5017c1456c08484ba451fe45cd95408bd9045093d,https://cdn.pokedb.org/cd8c40e676b57ca4145864f5017c1456c08484ba451fe45cd95408bd9045093dw20h20,home
love-ball,https://cdn.pokedb.org/49baba1ee7b8dc4832b4980202883a98df18ed6244a78da6f58e643a70cf52d5,https://cdn.pokedb.org/49baba1ee7b8dc4832b4980202883a98df18ed6244a78da6f58e643a70cf52d5w20h20,heartgold-soulsilver
love-ball,https://cdn.pokedb.org/a4cbaf0ab0172cbc985ea19337746279ce724a9a42532f73173bf0bc394e2bba,https://cdn.pokedb.org/a4cbaf0ab0172cbc985ea19337746279ce724a9a42532f73173bf0bc394e2bbaw20h20,brilliant-diamond-shining-pearl
love-ball,https://cdn.pokedb.org/d2a98a071f71de7bf5bfff7b05a4fcb3a43c3f36b050112688c3ae6699fc8b2f,https://cdn.pokedb.org/d2a98a071f71de7bf5bfff7b05a4fcb3a43c3f36b050112688c3ae6699fc8b2fw20h20,scarlet-violet
love-sweet,https://cdn.pokedb.org/54b10792f4d82429561a0dcbe18a88b4be90d3811a313b94bac1eed035cb5341,https://cdn.pokedb.org/54b10792f4d82429561a0dcbe18a88b4be90d3811a313b94bac1eed035cb5341w20h20,sword-shield
love-sweet,https://cdn.pokedb.org/e3d566df52e1972d3e76563a708955323afff3c0d7b20f3c560d006506038aea,https://cdn.pokedb.org/e3d566df52e1972d3e76563a708955323afff3c0d7b20f3c560d006506038aeaw20h20,scarlet-violet
lucarionite,https://cdn.pokedb.org/11ef5caadd7483fb1ecc7a7d8abbcb2b1cea45faf15b1a4f91591cccb1c31cdf,https://cdn.pokedb.org/11ef5caadd7483fb1ecc7a7d8abbcb2b1cea45faf15b1a4f91591cccb1c31cdfw20h20,x-y
luck-incense,https://cdn.pokedb.org/1527b8444ebdfbd1817ac18e7476abb4ea2a9248b3dc857421b8c8c81607e637,https://cdn.pokedb.org/1527b8444ebdfbd1817ac18e7476abb4ea2a9248b3dc857421b8c8c81607e637w20h20,diamond-pearl
luck-incense,https://cdn.pokedb.org/694c188d1aa1abf37329bc4cabb86389dd1122aa171be7cf94a91c59f180fbc6,https://cdn.pokedb.org/694c188d1aa1abf37329bc4cabb86389dd1122aa171be7cf94a91c59f180fbc6w20h20,scarlet-violet
luck-incense,https://cdn.pokedb.org/b0c3924d257f2dde00b0485e79db0fc0afcda083a5f8e55e1247ec8a9dc098fd,https://cdn.pokedb.org/b0c3924d257f2dde00b0485e79db0fc0afcda083a5f8e55e1247ec8a9dc098fdw20h20,brilliant-diamond-shining-pearl
lucky-egg,https://cdn.pokedb.org/27c61927bf4df689ef54ae2caeec81c096e901f0ff5a41d6f7a20193b9b8a2f0,https://cdn.pokedb.org/27c61927bf4df689ef54ae2caeec81c096e901f0ff5a41d6f7a20193b9b8a2f0w20h20,firered-leafgreen
lucky-egg,https://cdn.pokedb.org/2ee56e2abc30d530bbada52e8dea67c712d62fd72be39caf8b179556fa246e21,https://cdn.pokedb.org/2ee56e2abc30d530bbada52e8dea67c712d62fd72be39caf8b179556fa246e21w20h20,scarlet-violet
lucky-egg,https://cdn.pokedb.org/cee77716c98456bd069be92840fd7307a2c3b32f0f1e9ccff3cea177103b57c7,https://cdn.pokedb.org/cee77716c98456bd069be92840fd7307a2c3b32f0f1e9ccff3cea177103b57c7w20h20,brilliant-diamond-shining-pearl
lucky-punch,https://cdn.pokedb.org/92ef8cee3588e590ca09f63af3c5e8863ddf41ea92819fad7111ab3cef54314c,https://cdn.pokedb.org/92ef8cee3588e590ca09f63af3c5e8863ddf41ea92819fad7111ab3cef54314cw20h20,brilliant-diamond-shining-pearl
lucky-punch,https://cdn.pokedb.org/2874db3bad970a639d165d52b2c1c86c92ebb5df18b068edb64f4a3bfd84aa0d,https://cdn.pokedb.org/2874db3bad970a639d165d52b2c1c86c92ebb5df18b068edb64f4a3bfd84aa0dw20h20,firered-leafgreen
lugia-treat,https://cdn.pokedb.org/11396ecb0ac496e1454467b99bdc139e62287d80089b8eba679dc61d57b11c9c,https://cdn.pokedb.org/11396ecb0ac496e1454467b99bdc139e62287d80089b8eba679dc61d57b11c9cw20h20,the-indigo-disk
lum-berry,https://cdn.pokedb.org/4a228de8749dd9ad5d1f9ab723eacf7f1bdfe0bc01aa52582a696615927b94e4,https://cdn.pokedb.org/4a228de8749dd9ad5d1f9ab723eacf7f1bdfe0bc01aa52582a696615927b94e4w20h20,firered-leafgreen
lum-berry,https://cdn.pokedb.org/cabf664468cddc56e8ea2e210c3ad1bca212d271252a2c58c05b628cc64beb73,https://cdn.pokedb.org/cabf664468cddc56e8ea2e210c3ad1bca212d271252a2c58c05b628cc64beb73w20h20,scarlet-violet
lum-berry,https://cdn.pokedb.org/73d0a4605b82c21f6565de419ea20fbb9d68128f388e8506d5b5789dc5dc8f08,https://cdn.pokedb.org/73d0a4605b82c21f6565de419ea20fbb9d68128f388e8506d5b5789dc5dc8f08w20h20,legends-arceus
lum-berry,https://cdn.pokedb.org/565dfed6827034cab63388dea101c07c392990ffdb12e16d74a4d403e7b48d8c,https://cdn.pokedb.org/565dfed6827034cab63388dea101c07c392990ffdb12e16d74a4d403e7b48d8cw20h20,brilliant-diamond-shining-pearl
lum-berry,https://cdn.pokedb.org/b045a0ef59d0ad829dc1d9817e311ad8081a2cc298e6918d84ab6dd8823bc18e,https://cdn.pokedb.org/b045a0ef59d0ad829dc1d9817e311ad8081a2cc298e6918d84ab6dd8823bc18ew20h20,ruby-sapphire
luminous-moss,https://cdn.pokedb.org/e6d7494e2193552be70820e289f5575fc3fb1c2eb378768ff6bc4254275f5205,https://cdn.pokedb.org/e6d7494e2193552be70820e289f5575fc3fb1c2eb378768ff6bc4254275f5205w20h20,scarlet-violet
luminous-moss,https://cdn.pokedb.org/e9497cc32e51d43a73798bde1c4ba9de1035fa0fe55d9b814a2f7ec9810b09ad,https://cdn.pokedb.org/e9497cc32e51d43a73798bde1c4ba9de1035fa0fe55d9b814a2f7ec9810b09adw20h20,x-y
lumiose-galette,https://cdn.pokedb.org/9b8ebaeb273eeb73a114efc0432573b869136ec597288c85e681ff5eab8904ca,https://cdn.pokedb.org/9b8ebaeb273eeb73a114efc0432573b869136ec597288c85e681ff5eab8904caw20h20,x-y
lumiose-galette,https://cdn.pokedb.org/f2ecc03769c4edaed84d18a7ab6d0a416a222f1b2c0eb8bf76f90b24f01a77e7,https://cdn.pokedb.org/f2ecc03769c4edaed84d18a7ab6d0a416a222f1b2c0eb8bf76f90b24f01a77e7w20h20,scarlet-violet
lunala-treat,https://cdn.pokedb.org/11396ecb0ac496e1454467b99bdc139e62287d80089b8eba679dc61d57b11c9c,https://cdn.pokedb.org/11396ecb0ac496e1454467b99bdc139e62287d80089b8eba679dc61d57b11c9cw20h20,the-indigo-disk
lunalium-z,https://cdn.pokedb.org/261a357144f7bb09ebb3b7af55ac649e47efe38e472c31e05769776f07a4b41a,https://cdn.pokedb.org/261a357144f7bb09ebb3b7af55ac649e47efe38e472c31e05769776f07a4b41aw20h20,ultra-sun-ultra-moon
lunalium-z,https://cdn.pokedb.org/aa8e67ff451e2c1b90aecd831af533701b2fc5068a00c4bfa262161085a9788d,https://cdn.pokedb.org/aa8e67ff451e2c1b90aecd831af533701b2fc5068a00c4bfa262161085a9788dw20h20,ultra-sun-ultra-moon
lunar-feather,https://cdn.pokedb.org/06666bad973474a6052f1d55ddab84415380c86fc455c17e18ee5c6b6d05a0fd,https://cdn.pokedb.org/06666bad973474a6052f1d55ddab84415380c86fc455c17e18ee5c6b6d05a0fdw20h20,brilliant-diamond-shining-pearl
lunar-feather,https://cdn.pokedb.org/cddb9415358b3d0f5a5a33fa83678238798a54010b54b807d84dddf761b97c1b,https://cdn.pokedb.org/cddb9415358b3d0f5a5a33fa83678238798a54010b54b807d84dddf761b97c1bw20h20,diamond-pearl
lunar-feather,https://cdn.pokedb.org/4208f15c41b1082953c965a9be76ab01b932f4e6f0516605c724e1b005c8a9af,https://cdn.pokedb.org/4208f15c41b1082953c965a9be76ab01b932f4e6f0516605c724e1b005c8a9afw20h20,black-2-white-2
lure,https://cdn.pokedb.org/3bcd76ce0e09ed6f235e417ac0b4b36124dc25728d935a994045dedfb0017dbb,https://cdn.pokedb.org/3bcd76ce0e09ed6f235e417ac0b4b36124dc25728d935a994045dedfb0017dbbw20h20,lets-go-pikachu-lets-go-eevee
lure-ball,https://cdn.pokedb.org/0441ea0c205095ea323174d04ddbb27a1f868eaac0d71a7c1faba1df4e871269,https://cdn.pokedb.org/0441ea0c205095ea323174d04ddbb27a1f868eaac0d71a7c1faba1df4e871269w20h20,home
lure-ball,https://cdn.pokedb.org/82f1bc3d705ada738d621e5e91a506d6faaac3b60c101b2551e7699617d8b041,https://cdn.pokedb.org/82f1bc3d705ada738d621e5e91a506d6faaac3b60c101b2551e7699617d8b041w20h20,scarlet-violet
lure-ball,https://cdn.pokedb.org/d9ef16faeb52a4d0d7f3b9b0f69ed24cf85e52c9109527adc91b90e33f2cc8d4,https://cdn.pokedb.org/d9ef16faeb52a4d0d7f3b9b0f69ed24cf85e52c9109527adc91b90e33f2cc8d4w20h20,brilliant-diamond-shining-pearl
lure-ball,https://cdn.pokedb.org/d614738cf8006eca34d1e5e11ea1e7bfa99cd4327d747b8c643c28cb39fa9015,https://cdn.pokedb.org/d614738cf8006eca34d1e5e11ea1e7bfa99cd4327d747b8c643c28cb39fa9015w20h20,black-white
lure-ball,https://cdn.pokedb.org/55bae956828e75db5074fcc00c09d50f04e06552d8b23fee548ff2dc978e30bf,https://cdn.pokedb.org/55bae956828e75db5074fcc00c09d50f04e06552d8b23fee548ff2dc978e30bfw20h20,heartgold-soulsilver
lustrous-globe,https://cdn.pokedb.org/6327246d0ac2ec9114540bbea9864712e016bc81fe241bb4da9b1852d574c82a,https://cdn.pokedb.org/6327246d0ac2ec9114540bbea9864712e016bc81fe241bb4da9b1852d574c82aw20h20,scarlet-violet
lustrous-globe,https://cdn.pokedb.org/bb4a72007833ba76213149ed4cf78bfe494ecf7082db1cb1ed5853777be2b267,https://cdn.pokedb.org/bb4a72007833ba76213149ed4cf78bfe494ecf7082db1cb1ed5853777be2b267w20h20,legends-arceus
lustrous-orb,https://cdn.pokedb.org/31d932464916c96d3922215a92ec0f9a90f8108fc0783f7bfbc32536791a1b6a,https://cdn.pokedb.org/31d932464916c96d3922215a92ec0f9a90f8108fc0783f7bfbc32536791a1b6aw20h20,diamond-pearl
lustrous-orb,https://cdn.pokedb.org/d1d2462fa546113149621a72452262991a33635a5ef3ddcf57c4d4ec28e1a3cb,https://cdn.pokedb.org/d1d2462fa546113149621a72452262991a33635a5ef3ddcf57c4d4ec28e1a3cbw20h20,scarlet-violet
lustrous-orb,https://cdn.pokedb.org/7e2ace221ff2b6a7439ef48e152a9f51d2d86d752b2b5e6103eafb55c5a002bf,https://cdn.pokedb.org/7e2ace221ff2b6a7439ef48e152a9f51d2d86d752b2b5e6103eafb55c5a002bfw20h20,brilliant-diamond-shining-pearl
luvdisc-scales,https://cdn.pokedb.org/d93fb90bdc2ee50ccb8f262d9e69f5cbd26e7e6c1bbbc5a2d18d5302aa55ed45,https://cdn.pokedb.org/d93fb90bdc2ee50ccb8f262d9e69f5cbd26e7e6c1bbbc5a2d18d5302aa55ed45w20h20,scarlet-violet
luxury-ball,https://cdn.pokedb.org/3e111ff8db9b01eb6555bc99e1ac52fe451602ac1efd24c5a504b5acca26a215,https://cdn.pokedb.org/3e111ff8db9b01eb6555bc99e1ac52fe451602ac1efd24c5a504b5acca26a215w20h20,home
luxury-ball,https://cdn.pokedb.org/a52a7ba24c0de25b526b02f9b4f7ffe0215f03d745d9fda55578593b85981c8b,https://cdn.pokedb.org/a52a7ba24c0de25b526b02f9b4f7ffe0215f03d745d9fda55578593b85981c8bw20h20,firered-leafgreen
luxury-ball,https://cdn.pokedb.org/bc7c3908e38f6a28460fe79b16218d15a60371ff3890d3104584630da3ce1283,https://cdn.pokedb.org/bc7c3908e38f6a28460fe79b16218d15a60371ff3890d3104584630da3ce1283w20h20,scarlet-violet
luxury-ball,https://cdn.pokedb.org/8f96c466be3bcada06f4a2c102331f67439b4c37be4f27da3ed3688a64096000,https://cdn.pokedb.org/8f96c466be3bcada06f4a2c102331f67439b4c37be4f27da3ed3688a64096000w20h20,brilliant-diamond-shining-pearl
lycanium-z,https://cdn.pokedb.org/96b227df44c902d629ca7805a0ae49ddf90266c40de6bd4fc71f3d8dd383ae3f,https://cdn.pokedb.org/96b227df44c902d629ca7805a0ae49ddf90266c40de6bd4fc71f3d8dd383ae3fw20h20,ultra-sun-ultra-moon
lycanium-z,https://cdn.pokedb.org/2d244b2669f530a95be1d389c23f70cffe76c11214db39d585087d8fcb6e375f,https://cdn.pokedb.org/2d244b2669f530a95be1d389c23f70cffe76c11214db39d585087d8fcb6e375fw20h20,ultra-sun-ultra-moon
mach-bike,https://cdn.pokedb.org/1902633d867ad7634e540eff7317ef9b662ddc50134de1dedc2b14074ffd99b1,https://cdn.pokedb.org/1902633d867ad7634e540eff7317ef9b662ddc50134de1dedc2b14074ffd99b1w20h20,firered-leafgreen
mach-bike,https://cdn.pokedb.org/efd42a80d7f8e10d053cb11cf4567e595a62d9c9adfabea62f610bfa764d79ff,https://cdn.pokedb.org/efd42a80d7f8e10d053cb11cf4567e595a62d9c9adfabea62f610bfa764d79ffw20h20,platinum
machine-part,https://cdn.pokedb.org/34a1f5644df297c3b1cd41efc0f3949d6c0b59ba9583c714837e3d827a9c8b2e,https://cdn.pokedb.org/34a1f5644df297c3b1cd41efc0f3949d6c0b59ba9583c714837e3d827a9c8b2ew20h20,heartgold-soulsilver
macho-brace,https://cdn.pokedb.org/5ad5497d2d1376870ce24146cef14aee30c1c424a9d02f8d23ee3225f40e1c58,https://cdn.pokedb.org/5ad5497d2d1376870ce24146cef14aee30c1c424a9d02f8d23ee3225f40e1c58w20h20,firered-leafgreen
macho-brace,https://cdn.pokedb.org/87a508090cac9327e0ec7e5546be8a2887e90310913f1b332eadb8b5dbe70b7f,https://cdn.pokedb.org/87a508090cac9327e0ec7e5546be8a2887e90310913f1b332eadb8b5dbe70b7fw20h20,brilliant-diamond-shining-pearl
machop-candy,https://cdn.pokedb.org/799809bf30055441435abb3220dfe18680fa17b0b3aa954fcd86bae1ba79fa78,https://cdn.pokedb.org/799809bf30055441435abb3220dfe18680fa17b0b3aa954fcd86bae1ba79fa78w20h20,go
magby-hair,https://cdn.pokedb.org/d93fb90bdc2ee50ccb8f262d9e69f5cbd26e7e6c1bbbc5a2d18d5302aa55ed45,https://cdn.pokedb.org/d93fb90bdc2ee50ccb8f262d9e69f5cbd26e7e6c1bbbc5a2d18d5302aa55ed45w20h20,scarlet-violet
magical-heart-pick,https://cdn.pokedb.org/69295ed4a7b4fa84f5af830ac5945b1da8d4889391e7886c6432ab9c16239824,https://cdn.pokedb.org/69295ed4a7b4fa84f5af830ac5945b1da8d4889391e7886c6432ab9c16239824w20h20,scarlet-violet
magical-star-pick,https://cdn.pokedb.org/69295ed4a7b4fa84f5af830ac5945b1da8d4889391e7886c6432ab9c16239824,https://cdn.pokedb.org/69295ed4a7b4fa84f5af830ac5945b1da8d4889391e7886c6432ab9c16239824w20h20,scarlet-violet
magikarp-candy,https://cdn.pokedb.org/3bf9f24acf65aa0412f83c719875e91273d41c0301e8aa91c38fd406a8c82f26,https://cdn.pokedb.org/3bf9f24acf65aa0412f83c719875e91273d41c0301e8aa91c38fd406a8c82f26w20h20,go
magikarp-scales,https://cdn.pokedb.org/d93fb90bdc2ee50ccb8f262d9e69f5cbd26e7e6c1bbbc5a2d18d5302aa55ed45,https://cdn.pokedb.org/d93fb90bdc2ee50ccb8f262d9e69f5cbd26e7e6c1bbbc5a2d18d5302aa55ed45w20h20,scarlet-violet
magma-emblem,https://cdn.pokedb.org/b581d5bd7b6ff0b2e1ee88e29efe8fa85268c012b8482c38d533593b3dffe8ab,https://cdn.pokedb.org/b581d5bd7b6ff0b2e1ee88e29efe8fa85268c012b8482c38d533593b3dffe8abw20h20,platinum
magma-stone,https://cdn.pokedb.org/9f0ac7d34ccfda1b08c6bf6d7caeacf2ab97bf2f05f312b62b105e213385ed42,https://cdn.pokedb.org/9f0ac7d34ccfda1b08c6bf6d7caeacf2ab97bf2f05f312b62b105e213385ed42w20h20,black-2-white-2
magma-stone,https://cdn.pokedb.org/c05737efcbd934b049ebfd2de98237f440758b9e934ed9b26244849718c6be01,https://cdn.pokedb.org/c05737efcbd934b049ebfd2de98237f440758b9e934ed9b26244849718c6be01w20h20,diamond-pearl
magma-suit,https://cdn.pokedb.org/9974ec5fe68dcf669aa2c6c11822b0ea6b554c8945ff5b63ab57ba668e3510e4,https://cdn.pokedb.org/9974ec5fe68dcf669aa2c6c11822b0ea6b554c8945ff5b63ab57ba668e3510e4w20h20,platinum
magmar-candy,https://cdn.pokedb.org/224cb0d866f4716ba0e651b8bdbab12a33207c6008883c17287746e81f9f0d73,https://cdn.pokedb.org/224cb0d866f4716ba0e651b8bdbab12a33207c6008883c17287746e81f9f0d73w20h20,go
magmarizer,https://cdn.pokedb.org/db0f99b600aebc3d276864ed1b9f675f6737894af17bce0eb947b19cdaa9b904,https://cdn.pokedb.org/db0f99b600aebc3d276864ed1b9f675f6737894af17bce0eb947b19cdaa9b904w20h20,legends-arceus
magmarizer,https://cdn.pokedb.org/d2b6a44e9a6ce4d2f84944311eb4ffdc6d49f63a33b0d87c6b9188da5ad2b287,https://cdn.pokedb.org/d2b6a44e9a6ce4d2f84944311eb4ffdc6d49f63a33b0d87c6b9188da5ad2b287w20h20,scarlet-violet
magmarizer,https://cdn.pokedb.org/da348d5a478d59570609bf96f2e185b8645298a747c4730a6cb10eed0cf0ed16,https://cdn.pokedb.org/da348d5a478d59570609bf96f2e185b8645298a747c4730a6cb10eed0cf0ed16w20h20,brilliant-diamond-shining-pearl
magmarizer,https://cdn.pokedb.org/c9d620c127efb11dd85b5df15ef1a4a98d794cf270aaae933aa6efac6fa9400d,https://cdn.pokedb.org/c9d620c127efb11dd85b5df15ef1a4a98d794cf270aaae933aa6efac6fa9400dw20h20,diamond-pearl
magnemite-candy,https://cdn.pokedb.org/cfee28c4f50b8375999063fafb4909031c88458466b90bd29a1b80e4afd4c388,https://cdn.pokedb.org/cfee28c4f50b8375999063fafb4909031c88458466b90bd29a1b80e4afd4c388w20h20,go
magnemite-screw,https://cdn.pokedb.org/d93fb90bdc2ee50ccb8f262d9e69f5cbd26e7e6c1bbbc5a2d18d5302aa55ed45,https://cdn.pokedb.org/d93fb90bdc2ee50ccb8f262d9e69f5cbd26e7e6c1bbbc5a2d18d5302aa55ed45w20h20,scarlet-violet
magnet,https://cdn.pokedb.org/6f6c8c49756da64e89e54665a55e561093392ba424b3d5a8f6208373123d8c81,https://cdn.pokedb.org/6f6c8c49756da64e89e54665a55e561093392ba424b3d5a8f6208373123d8c81w20h20,scarlet-violet
magnet,https://cdn.pokedb.org/7936807570cb3d7df82624bdbbc6f103cd25bf81a1c99556f1b438c8fca63d3e,https://cdn.pokedb.org/7936807570cb3d7df82624bdbbc6f103cd25bf81a1c99556f1b438c8fca63d3ew20h20,brilliant-diamond-shining-pearl
magnet,https://cdn.pokedb.org/cd74e23cb8585fab5dd20cc2491a455832637073afc7af5ec966c4b90157e252,https://cdn.pokedb.org/cd74e23cb8585fab5dd20cc2491a455832637073afc7af5ec966c4b90157e252w20h20,firered-leafgreen
mago-berry,https://cdn.pokedb.org/fb0508212f0e3324feb83920ecdf2939cb00b24f03b3eb8fb4d0cc67ea38ddc3,https://cdn.pokedb.org/fb0508212f0e3324feb83920ecdf2939cb00b24f03b3eb8fb4d0cc67ea38ddc3w20h20,ruby-sapphire
mago-berry,https://cdn.pokedb.org/41f03aa91f5b3ee1c0bac01466c10794f3d7fe3147b6302fe6c4e3828426710d,https://cdn.pokedb.org/41f03aa91f5b3ee1c0bac01466c10794f3d7fe3147b6302fe6c4e3828426710dw20h20,legends-arceus
mago-berry,https://cdn.pokedb.org/ecb6ac600a857883e5e1ca88e8e568d4810b02e8a78fac847f709ef4bfef5802,https://cdn.pokedb.org/ecb6ac600a857883e5e1ca88e8e568d4810b02e8a78fac847f709ef4bfef5802w20h20,brilliant-diamond-shining-pearl
mago-berry,https://cdn.pokedb.org/d1b4bbdf1d40357d06a3046f2e35d5f87ec846a2bf8fc9804d8c2c3a862ac899,https://cdn.pokedb.org/d1b4bbdf1d40357d06a3046f2e35d5f87ec846a2bf8fc9804d8c2c3a862ac899w20h20,firered-leafgreen
mago-berry,https://cdn.pokedb.org/774c768c11e25c87c454b5a785628fbff6ddde880ac4494af21c18b8508cfd35,https://cdn.pokedb.org/774c768c11e25c87c454b5a785628fbff6ddde880ac4494af21c18b8508cfd35w20h20,scarlet-violet
magost-berry,https://cdn.pokedb.org/fd144646df05541349fff3dfa36bcb63fc677f41f09c59e82576c60e721c845e,https://cdn.pokedb.org/fd144646df05541349fff3dfa36bcb63fc677f41f09c59e82576c60e721c845ew20h20,scarlet-violet
magost-berry,https://cdn.pokedb.org/d9487b737e19126e96e10121b3f655036a8259f43e5a06719e57c9e2d80c04ce,https://cdn.pokedb.org/d9487b737e19126e96e10121b3f655036a8259f43e5a06719e57c9e2d80c04cew20h20,ruby-sapphire
magost-berry,https://cdn.pokedb.org/8cc17aac65fcb950a87eb43ecb56ae8b099f8f01a9e61e60373fb94efe9bdf56,https://cdn.pokedb.org/8cc17aac65fcb950a87eb43ecb56ae8b099f8f01a9e61e60373fb94efe9bdf56w20h20,firered-leafgreen
magost-berry,https://cdn.pokedb.org/ef9f22f23af0453a7e666fe91e9dd82e17189227264c53fa70f890c4e07c316f,https://cdn.pokedb.org/ef9f22f23af0453a7e666fe91e9dd82e17189227264c53fa70f890c4e07c316fw20h20,brilliant-diamond-shining-pearl
makeup-bag,https://cdn.pokedb.org/c5fab782c020c1908c837442ee30407a0da5868a0893199e7a8a3ed2999046a6,https://cdn.pokedb.org/c5fab782c020c1908c837442ee30407a0da5868a0893199e7a8a3ed2999046a6w20h20,sun-moon
makeup-bag,https://cdn.pokedb.org/f767441fb5e796c40acacb223bde06cfd60ee1912edabd191380d45eadfb2901,https://cdn.pokedb.org/f767441fb5e796c40acacb223bde06cfd60ee1912edabd191380d45eadfb2901w20h20,sun-moon
makuhita-sweat,https://cdn.pokedb.org/d93fb90bdc2ee50ccb8f262d9e69f5cbd26e7e6c1bbbc5a2d18d5302aa55ed45,https://cdn.pokedb.org/d93fb90bdc2ee50ccb8f262d9e69f5cbd26e7e6c1bbbc5a2d18d5302aa55ed45w20h20,scarlet-violet
malicious-armor,https://cdn.pokedb.org/c065b44908aba95045deaa00961379db46b9f9c7b252affc9edafe15df1de8a1,https://cdn.pokedb.org/c065b44908aba95045deaa00961379db46b9f9c7b252affc9edafe15df1de8a1w20h20,scarlet-violet
manectite,https://cdn.pokedb.org/02bdd7e77b9ba955d4514a640151ca7436c14efc2303480df2e5541406e99707,https://cdn.pokedb.org/02bdd7e77b9ba955d4514a640151ca7436c14efc2303480df2e5541406e99707w20h20,x-y
mankey-candy,https://cdn.pokedb.org/fca512f9bd4c7c1da36efb771f0bee58ed5121b20701d937f11092670ccb61a8,https://cdn.pokedb.org/fca512f9bd4c7c1da36efb771f0bee58ed5121b20701d937f11092670ccb61a8w20h20,go
mankey-fur,https://cdn.pokedb.org/d93fb90bdc2ee50ccb8f262d9e69f5cbd26e7e6c1bbbc5a2d18d5302aa55ed45,https://cdn.pokedb.org/d93fb90bdc2ee50ccb8f262d9e69f5cbd26e7e6c1bbbc5a2d18d5302aa55ed45w20h20,scarlet-violet
maranga-berry,https://cdn.pokedb.org/e845ecb2ecc1d28207d65d850d4fc0282d9b3c3f2cd15d752bef75fa55e6fac7,https://cdn.pokedb.org/e845ecb2ecc1d28207d65d850d4fc0282d9b3c3f2cd15d752bef75fa55e6fac7w20h20,scarlet-violet
maranga-berry,https://cdn.pokedb.org/b8a2a048646ae0dec7f166247b45e168df466ed19188affaf4ea26f14f7814a5,https://cdn.pokedb.org/b8a2a048646ae0dec7f166247b45e168df466ed19188affaf4ea26f14f7814a5w20h20,x-y
marble,https://cdn.pokedb.org/c4b9f39eedc86686ed8fec85858bcb54a721c48394c0d6f2f4785139aec0f743,https://cdn.pokedb.org/c4b9f39eedc86686ed8fec85858bcb54a721c48394c0d6f2f4785139aec0f743w20h20,lets-go-pikachu-lets-go-eevee
mareanie-spike,https://cdn.pokedb.org/d93fb90bdc2ee50ccb8f262d9e69f5cbd26e7e6c1bbbc5a2d18d5302aa55ed45,https://cdn.pokedb.org/d93fb90bdc2ee50ccb8f262d9e69f5cbd26e7e6c1bbbc5a2d18d5302aa55ed45w20h20,scarlet-violet
mareep-wool,https://cdn.pokedb.org/d93fb90bdc2ee50ccb8f262d9e69f5cbd26e7e6c1bbbc5a2d18d5302aa55ed45,https://cdn.pokedb.org/d93fb90bdc2ee50ccb8f262d9e69f5cbd26e7e6c1bbbc5a2d18d5302aa55ed45w20h20,scarlet-violet
marill-ball,https://cdn.pokedb.org/69295ed4a7b4fa84f5af830ac5945b1da8d4889391e7886c6432ab9c16239824,https://cdn.pokedb.org/69295ed4a7b4fa84f5af830ac5945b1da8d4889391e7886c6432ab9c16239824w20h20,scarlet-violet
mark-charm,https://cdn.pokedb.org/adc9e85861392d3c27a8e641ec15910e63bff7bf07f7d9a51a4d454893eb73ca,https://cdn.pokedb.org/adc9e85861392d3c27a8e641ec15910e63bff7bf07f7d9a51a4d454893eb73caw20h20,scarlet-violet
mark-charm,https://cdn.pokedb.org/d95cddd4d77107e484302959aab2497934e94052a25bac9e0969ea1bf981f821,https://cdn.pokedb.org/d95cddd4d77107e484302959aab2497934e94052a25bac9e0969ea1bf981f821w20h20,sword-shield
marmalade,https://cdn.pokedb.org/06d3a37d01326ba37ce806170df995c273c8d56189bfc34f62aac31fe232927e,https://cdn.pokedb.org/06d3a37d01326ba37ce806170df995c273c8d56189bfc34f62aac31fe232927ew20h20,scarlet-violet
marshadium-z,https://cdn.pokedb.org/fd29bc4971707cf7a9575944319bdd60d0210a24e5eb301de74fc5f5298550fd,https://cdn.pokedb.org/fd29bc4971707cf7a9575944319bdd60d0210a24e5eb301de74fc5f5298550fdw20h20,sun-moon
marshadium-z,https://cdn.pokedb.org/2a89aee2c8e9c8b1e1e01a35f198b67b6658b9fae5eeffd54d83a423890a9086,https://cdn.pokedb.org/2a89aee2c8e9c8b1e1e01a35f198b67b6658b9fae5eeffd54d83a423890a9086w20h20,sun-moon
maschiff-fang,https://cdn.pokedb.org/d93fb90bdc2ee50ccb8f262d9e69f5cbd26e7e6c1bbbc5a2d18d5302aa55ed45,https://cdn.pokedb.org/d93fb90bdc2ee50ccb8f262d9e69f5cbd26e7e6c1bbbc5a2d18d5302aa55ed45w20h20,scarlet-violet
master-ball,https://cdn.pokedb.org/0c0973572209e2ad4fada606ba6614c14406aff14f2874185f8fd5e275670a72,https://cdn.pokedb.org/0c0973572209e2ad4fada606ba6614c14406aff14f2874185f8fd5e275670a72w20h20,brilliant-diamond-shining-pearl
master-ball,https://cdn.pokedb.org/b24612127f22d6991c6cb6d1a8321d67dedeaddf101353c60f453499b3478225,https://cdn.pokedb.org/b24612127f22d6991c6cb6d1a8321d67dedeaddf101353c60f453499b3478225w20h20,scarlet-violet
master-ball,https://cdn.pokedb.org/ff364e16d6e67b1ade323e0c4fe475ec6851d8089264aadc18690e8189c0fa3a,https://cdn.pokedb.org/ff364e16d6e67b1ade323e0c4fe475ec6851d8089264aadc18690e8189c0fa3aw20h20,home-mobile
master-ball,https://cdn.pokedb.org/113aee90974f6bfc5f1f3defe423bf39e23a81309625abb9c46cb494c9066e5f,https://cdn.pokedb.org/113aee90974f6bfc5f1f3defe423bf39e23a81309625abb9c46cb494c9066e5fw20h20,firered-leafgreen
masterpiece-teacup,https://cdn.pokedb.org/709fa7bca894409a47314a64375a20c658e26827c563512dd4f96c6a8bdd0f1e,https://cdn.pokedb.org/709fa7bca894409a47314a64375a20c658e26827c563512dd4f96c6a8bdd0f1ew20h20,scarlet-violet
mawilite,https://cdn.pokedb.org/64abd2158462b7bfadeba931a5a7d5a35c842e8011608c148f5c1c472892a04c,https://cdn.pokedb.org/64abd2158462b7bfadeba931a5a7d5a35c842e8011608c148f5c1c472892a04cw20h20,x-y
max-elixir,https://cdn.pokedb.org/4c81080123a556a7538a569ca78c1bf277be49924bb76efc5f617c5e2383d334,https://cdn.pokedb.org/4c81080123a556a7538a569ca78c1bf277be49924bb76efc5f617c5e2383d334w20h20,scarlet-violet
max-elixir,https://cdn.pokedb.org/797997f650bb2b560098b0d03739fde89294cae2f9be7175f772011bc44c99f0,https://cdn.pokedb.org/797997f650bb2b560098b0d03739fde89294cae2f9be7175f772011bc44c99f0w20h20,legends-arceus
max-elixir,https://cdn.pokedb.org/b72c884bce1777c3ac45cd563c38cd90aa5aefce73e29186b51df438a679e70b,https://cdn.pokedb.org/b72c884bce1777c3ac45cd563c38cd90aa5aefce73e29186b51df438a679e70bw20h20,firered-leafgreen
max-elixir,https://cdn.pokedb.org/d9be091d9a177bd1f09717b4eb720b3ab1dcc468ed3e923b4e2cd0fe091a0915,https://cdn.pokedb.org/d9be091d9a177bd1f09717b4eb720b3ab1dcc468ed3e923b4e2cd0fe091a0915w20h20,brilliant-diamond-shining-pearl
max-ether,https://cdn.pokedb.org/8be82f9007c2bec317bf0e44d18670a477927c8226ccebdb90e42d4a78eefcfd,https://cdn.pokedb.org/8be82f9007c2bec317bf0e44d18670a477927c8226ccebdb90e42d4a78eefcfdw20h20,legends-arceus
max-ether,https://cdn.pokedb.org/eb6898b94483029f905c58f40f4ff846a93346833c98aff8d2ca1f9eb5b26967,https://cdn.pokedb.org/eb6898b94483029f905c58f40f4ff846a93346833c98aff8d2ca1f9eb5b26967w20h20,scarlet-violet
max-ether,https://cdn.pokedb.org/dd302696c07802f9822ee99defd0d7e3c7bf9db7b89a1a103912820feac1daa6,https://cdn.pokedb.org/dd302696c07802f9822ee99defd0d7e3c7bf9db7b89a1a103912820feac1daa6w20h20,firered-leafgreen
max-ether,https://cdn.pokedb.org/dafa5e4c0968132d50c0fa7fa7b723179c9b197bd6c1341f126949c123cbfba2,https://cdn.pokedb.org/dafa5e4c0968132d50c0fa7fa7b723179c9b197bd6c1341f126949c123cbfba2w20h20,brilliant-diamond-shining-pearl
max-honey,https://cdn.pokedb.org/74f52c7d6f450b0ddb112537ee0be4d18327d9197724b2887121a0ef278fec9c,https://cdn.pokedb.org/74f52c7d6f450b0ddb112537ee0be4d18327d9197724b2887121a0ef278fec9cw20h20,sword-shield
max-lure,https://cdn.pokedb.org/5acc7169d23e49ef375e321803645be7094e36a8b08cf5f1be5685e0b3d87e4b,https://cdn.pokedb.org/5acc7169d23e49ef375e321803645be7094e36a8b08cf5f1be5685e0b3d87e4bw20h20,lets-go-pikachu-lets-go-eevee
max-mushrooms,https://cdn.pokedb.org/3bfe645681ea8a8a712e53df1aafb9fcddc2157e7d26e5150c3e4d1e493d4bee,https://cdn.pokedb.org/3bfe645681ea8a8a712e53df1aafb9fcddc2157e7d26e5150c3e4d1e493d4beew20h20,sword-shield
max-potion,https://cdn.pokedb.org/4fe3cefc076384e39198b934c267ffb4eadfd9fde90529fc537e1bbcd337a080,https://cdn.pokedb.org/4fe3cefc076384e39198b934c267ffb4eadfd9fde90529fc537e1bbcd337a080w20h20,legends-arceus
max-potion,https://cdn.pokedb.org/ab2932ebfa577ce30cb522e321b1e6f06901c3007fb107ca77fdf5629f3389d1,https://cdn.pokedb.org/ab2932ebfa577ce30cb522e321b1e6f06901c3007fb107ca77fdf5629f3389d1w20h20,firered-leafgreen
max-potion,https://cdn.pokedb.org/9db5215d2f884b6cef03298bcbbce81258147f91df937c12e0e8a74ed0e2d3b5,https://cdn.pokedb.org/9db5215d2f884b6cef03298bcbbce81258147f91df937c12e0e8a74ed0e2d3b5w20h20,black-white
max-potion,https://cdn.pokedb.org/8432dad8c556137e048cfbfb3e606552b87208e55e50f0db88ee749a046ff794,https://cdn.pokedb.org/8432dad8c556137e048cfbfb3e606552b87208e55e50f0db88ee749a046ff794w20h20,brilliant-diamond-shining-pearl
max-potion,https://cdn.pokedb.org/6ae1e5d79cf4adf78fe752633e0277e58ac8f401273f6e3b672fdfb2a3df4738,https://cdn.pokedb.org/6ae1e5d79cf4adf78fe752633e0277e58ac8f401273f6e3b672fdfb2a3df4738w20h20,scarlet-violet
max-repel,https://cdn.pokedb.org/8e1ee363c314cc704fab93139a0352267a56eca4570a1401bab9c21f5d86c739,https://cdn.pokedb.org/8e1ee363c314cc704fab93139a0352267a56eca4570a1401bab9c21f5d86c739w20h20,scarlet-violet
max-repel,https://cdn.pokedb.org/0fbc6b3c2ac792e5f8c442c0f67a88b0e271cc9acb12a900b3bb3fe1aeb8fc5c,https://cdn.pokedb.org/0fbc6b3c2ac792e5f8c442c0f67a88b0e271cc9acb12a900b3bb3fe1aeb8fc5cw20h20,firered-leafgreen
max-repel,https://cdn.pokedb.org/13b94a1f7851cc2e818c119acf3f14c41500c118518e612b639b5a491d9f3a5a,https://cdn.pokedb.org/13b94a1f7851cc2e818c119acf3f14c41500c118518e612b639b5a491d9f3a5aw20h20,brilliant-diamond-shining-pearl
max-revive,https://cdn.pokedb.org/b5cd49b0ed9dd92ddb19a7871bd624a378a6077368cee0e3a3001c3d2e6ca532,https://cdn.pokedb.org/b5cd49b0ed9dd92ddb19a7871bd624a378a6077368cee0e3a3001c3d2e6ca532w20h20,firered-leafgreen
max-revive,https://cdn.pokedb.org/d38a123ada39715a30688910fc0e8c117be148ae9d820f0e472e85646376da74,https://cdn.pokedb.org/d38a123ada39715a30688910fc0e8c117be148ae9d820f0e472e85646376da74w20h20,scarlet-violet
max-revive,https://cdn.pokedb.org/fbee7b755154ccbe5522d6bc38b8f8e8b621fd7d126e08e3bff5cfd47ee0d3ca,https://cdn.pokedb.org/fbee7b755154ccbe5522d6bc38b8f8e8b621fd7d126e08e3bff5cfd47ee0d3caw20h20,legends-arceus
max-revive,https://cdn.pokedb.org/72a3b4ad4d739ff7abc02e7fbf15736fdb8698be92c43c1e7e3e406194601a70,https://cdn.pokedb.org/72a3b4ad4d739ff7abc02e7fbf15736fdb8698be92c43c1e7e3e406194601a70w20h20,brilliant-diamond-shining-pearl
max-revive,https://cdn.pokedb.org/dd12964f986acc2e5c3b28126c83f0558b0eeb014790e3c19398af30e8915f6f,https://cdn.pokedb.org/dd12964f986acc2e5c3b28126c83f0558b0eeb014790e3c19398af30e8915f6fw20h20,black-white
mayonnaise,https://cdn.pokedb.org/8dc0d16240f5a616337f02e0c79756a77138de080368d602c53170e47fba3e2e,https://cdn.pokedb.org/8dc0d16240f5a616337f02e0c79756a77138de080368d602c53170e47fba3e2ew20h20,scarlet-violet
meadow-plate,https://cdn.pokedb.org/14ba523a63e57b1796ece70b6f37089c2655dc8c56daeef893a666e953fd91e2,https://cdn.pokedb.org/14ba523a63e57b1796ece70b6f37089c2655dc8c56daeef893a666e953fd91e2w20h20,brilliant-diamond-shining-pearl
meadow-plate,https://cdn.pokedb.org/20120486a01c9b271e3a499dbb399b6d01f900986d2bf2eb707ae68462802934,https://cdn.pokedb.org/20120486a01c9b271e3a499dbb399b6d01f900986d2bf2eb707ae68462802934w20h20,scarlet-violet
meadow-plate,https://cdn.pokedb.org/1a0fffc5bb99ec553838f61e61cf04035f3f693c906cf482e8721d5a1d199e17,https://cdn.pokedb.org/1a0fffc5bb99ec553838f61e61cf04035f3f693c906cf482e8721d5a1d199e17w20h20,diamond-pearl
meadow-plate,https://cdn.pokedb.org/0d4c29f7d92f91fbcc0d8ab5c808395ea5ebb2f3506378537a1716742e513a45,https://cdn.pokedb.org/0d4c29f7d92f91fbcc0d8ab5c808395ea5ebb2f3506378537a1716742e513a45w20h20,legends-arceus
mech-mail,https://cdn.pokedb.org/074746f0af4401717938518847358c2077e42a602516e0eb4c57c6ff04ab4165,https://cdn.pokedb.org/074746f0af4401717938518847358c2077e42a602516e0eb4c57c6ff04ab4165w20h20,firered-leafgreen
medal-box,https://cdn.pokedb.org/92b24e2da75851fd5ae57999645f8329473ccb0efe74d7840d07f5ea44d2be9e,https://cdn.pokedb.org/92b24e2da75851fd5ae57999645f8329473ccb0efe74d7840d07f5ea44d2be9ew20h20,black-2-white-2
medal-box,https://cdn.pokedb.org/22513d66927fb015e86d2f830d652e7a9ae11111ab97820526cccd0158858e43,https://cdn.pokedb.org/22513d66927fb015e86d2f830d652e7a9ae11111ab97820526cccd0158858e43w20h20,black-2-white-2
medichamite,https://cdn.pokedb.org/c626c3203c49d398900038cd6de3218b689a4c12d9321e42af7778e3f455d1b5,https://cdn.pokedb.org/c626c3203c49d398900038cd6de3218b689a4c12d9321e42af7778e3f455d1b5w20h20,x-y
medicine-pocket,https://cdn.pokedb.org/beb7d2ad7022cfaee95d22d481cb2ac3301380a9b0e62375f449e34dd83cea7c,https://cdn.pokedb.org/beb7d2ad7022cfaee95d22d481cb2ac3301380a9b0e62375f449e34dd83cea7cw20h20,lets-go-pikachu-lets-go-eevee
meditite-sweat,https://cdn.pokedb.org/d93fb90bdc2ee50ccb8f262d9e69f5cbd26e7e6c1bbbc5a2d18d5302aa55ed45,https://cdn.pokedb.org/d93fb90bdc2ee50ccb8f262d9e69f5cbd26e7e6c1bbbc5a2d18d5302aa55ed45w20h20,scarlet-violet
mega-anchor,https://cdn.pokedb.org/5c77c061325f84ecfd7a39f219e5e6b374041726df86c2a94b1b37584fa89f38,https://cdn.pokedb.org/5c77c061325f84ecfd7a39f219e5e6b374041726df86c2a94b1b37584fa89f38w20h20,omega-ruby-alpha-sapphire
mega-anklet,https://cdn.pokedb.org/67b9e34d28139a6db642ff251780c4a3b3f196a4530a94384d0efc6032745a27,https://cdn.pokedb.org/67b9e34d28139a6db642ff251780c4a3b3f196a4530a94384d0efc6032745a27w20h20,omega-ruby-alpha-sapphire
mega-bracelet,https://cdn.pokedb.org/c4451f1045ae64607531940b7b39e00bac63965e023f9f7e8e87ee284e5f5c92,https://cdn.pokedb.org/c4451f1045ae64607531940b7b39e00bac63965e023f9f7e8e87ee284e5f5c92w20h20,x-y
mega-bracelet,https://cdn.pokedb.org/bcf4fb507101369c23951293347f84e8e6b2b36d51c32b7844ef7846184c4d26,https://cdn.pokedb.org/bcf4fb507101369c23951293347f84e8e6b2b36d51c32b7844ef7846184c4d26w20h20,platinum
mega-bracelet,https://cdn.pokedb.org/7adb53224fd1d260862422c29169775b9980fd46df4d972e245c8be1eaf3dbd1,https://cdn.pokedb.org/7adb53224fd1d260862422c29169775b9980fd46df4d972e245c8be1eaf3dbd1w20h20,x-y
mega-charm,https://cdn.pokedb.org/0e0579f0421445e8188f437b12e9ea9a31f9b004c11815d5ce93ac3cbf744beb,https://cdn.pokedb.org/0e0579f0421445e8188f437b12e9ea9a31f9b004c11815d5ce93ac3cbf744bebw20h20,platinum
mega-cuff,https://cdn.pokedb.org/2ab8ab9f1b1075b56232d4767787dc86caf88e82852e71b32fdc1b587e72d097,https://cdn.pokedb.org/2ab8ab9f1b1075b56232d4767787dc86caf88e82852e71b32fdc1b587e72d097w20h20,platinum
mega-glasses,https://cdn.pokedb.org/0cef305190500b856502f29c86a5341c5e6664f82535164f339195cb7b23da80,https://cdn.pokedb.org/0cef305190500b856502f29c86a5341c5e6664f82535164f339195cb7b23da80w20h20,omega-ruby-alpha-sapphire
mega-glove,https://cdn.pokedb.org/884952131057f78a343c7e16989406b657987e44d75c7083db68092917e447f3,https://cdn.pokedb.org/884952131057f78a343c7e16989406b657987e44d75c7083db68092917e447f3w20h20,x-y
mega-pendant,https://cdn.pokedb.org/1f5ade1389dc747d224544f7ad3d8b2094f8d2bf62759dc1f15300950813e420,https://cdn.pokedb.org/1f5ade1389dc747d224544f7ad3d8b2094f8d2bf62759dc1f15300950813e420w20h20,x-y
mega-ring,https://cdn.pokedb.org/db157f9fee8cbf4ff7319257fe1a978e2d4c81bff3c5e5a85c33bacb86f3b5e0,https://cdn.pokedb.org/db157f9fee8cbf4ff7319257fe1a978e2d4c81bff3c5e5a85c33bacb86f3b5e0w20h20,x-y
mega-stickpin,https://cdn.pokedb.org/b36b0a2da99c6a9157466744e232d3d34614272c068f61b69a323fffaf2d436d,https://cdn.pokedb.org/b36b0a2da99c6a9157466744e232d3d34614272c068f61b69a323fffaf2d436dw20h20,omega-ruby-alpha-sapphire
mega-tiara,https://cdn.pokedb.org/25635d97e1b03480df62c1baad830c9ec502722cfbf40b76a81bf4b4d8ce1c93,https://cdn.pokedb.org/25635d97e1b03480df62c1baad830c9ec502722cfbf40b76a81bf4b4d8ce1c93w20h20,omega-ruby-alpha-sapphire
meltan-candy,https://cdn.pokedb.org/268b2f08752a1ce91a11ac4f410fc5a09d498dd20fe790f278485643ca8689f1,https://cdn.pokedb.org/268b2f08752a1ce91a11ac4f410fc5a09d498dd20fe790f278485643ca8689f1w20h20,go
member-card,https://cdn.pokedb.org/e6d6fd4d82e817ccf616ea71b5ee4d85e0b0ee6a56dd00b4dec8f479445aa693,https://cdn.pokedb.org/e6d6fd4d82e817ccf616ea71b5ee4d85e0b0ee6a56dd00b4dec8f479445aa693w20h20,brilliant-diamond-shining-pearl
member-card,https://cdn.pokedb.org/880f42aa7e8a7de1b568e1b9475ad07097d120a33757b43cf991aefddfa12224,https://cdn.pokedb.org/880f42aa7e8a7de1b568e1b9475ad07097d120a33757b43cf991aefddfa12224w20h20,diamond-pearl
mental-herb,https://cdn.pokedb.org/5040069fc6c6ddbe5275f2b9539f717c8cec0a7d0e3ee0556225ae89c5e12561,https://cdn.pokedb.org/5040069fc6c6ddbe5275f2b9539f717c8cec0a7d0e3ee0556225ae89c5e12561w20h20,scarlet-violet
mental-herb,https://cdn.pokedb.org/c63cc47eb5e61e098c4ade1285efb8a3e4ba4f9ab322c24cbb7d496461200335,https://cdn.pokedb.org/c63cc47eb5e61e098c4ade1285efb8a3e4ba4f9ab322c24cbb7d496461200335w20h20,firered-leafgreen
mental-herb,https://cdn.pokedb.org/0066ce4197c301edc7195135f0d11fd94e94660d3fa93ede376cbbd3c037ad2b,https://cdn.pokedb.org/0066ce4197c301edc7195135f0d11fd94e94660d3fa93ede376cbbd3c037ad2bw20h20,brilliant-diamond-shining-pearl
meowth-candy,https://cdn.pokedb.org/807daec7d551b652d062f2e30ac98a2c8af6d75ab5764adcd18859477302d7d7,https://cdn.pokedb.org/807daec7d551b652d062f2e30ac98a2c8af6d75ab5764adcd18859477302d7d7w20h20,go
meowth-fur,https://cdn.pokedb.org/d93fb90bdc2ee50ccb8f262d9e69f5cbd26e7e6c1bbbc5a2d18d5302aa55ed45,https://cdn.pokedb.org/d93fb90bdc2ee50ccb8f262d9e69f5cbd26e7e6c1bbbc5a2d18d5302aa55ed45w20h20,scarlet-violet
metagrossite,https://cdn.pokedb.org/808702bc558f4904ac5e8ed5769ac7b8869934fed13b9cde8f2a6dd3a2f27615,https://cdn.pokedb.org/808702bc558f4904ac5e8ed5769ac7b8869934fed13b9cde8f2a6dd3a2f27615w20h20,platinum
metal-alloy,https://cdn.pokedb.org/f0a8e085808c3275526fa7d89ef4e4193cf386ae2b693f8ca85894d7fc074499,https://cdn.pokedb.org/f0a8e085808c3275526fa7d89ef4e4193cf386ae2b693f8ca85894d7fc074499w20h20,scarlet-violet
metal-coat,https://cdn.pokedb.org/47136e33ea597f2726060b3f2bcd32ecf7fcbd688978f67cb8e2529e6c885d35,https://cdn.pokedb.org/47136e33ea597f2726060b3f2bcd32ecf7fcbd688978f67cb8e2529e6c885d35w20h20,brilliant-diamond-shining-pearl
metal-coat,https://cdn.pokedb.org/ddde3429e3f37e2300a81cf31224e32b3492c99e0c808f6cb5404809fac4b97f,https://cdn.pokedb.org/ddde3429e3f37e2300a81cf31224e32b3492c99e0c808f6cb5404809fac4b97fw20h20,firered-leafgreen
metal-coat,https://cdn.pokedb.org/1fcf704e6c928e8ad1be60368e87020bb33c48674d509b54e446eb54edc87223,https://cdn.pokedb.org/1fcf704e6c928e8ad1be60368e87020bb33c48674d509b54e446eb54edc87223w20h20,scarlet-violet
metal-coat,https://cdn.pokedb.org/8a6530488eb483c9fb2fa40dab353a95cbbc5ca0d4aff232434ebbf0641c7ca4,https://cdn.pokedb.org/8a6530488eb483c9fb2fa40dab353a95cbbc5ca0d4aff232434ebbf0641c7ca4w20h20,legends-arceus
metal-powder,https://cdn.pokedb.org/2231a14bd86dfe0c5293b2dbab802c66609d2b76f0dc112cd665d2246513b943,https://cdn.pokedb.org/2231a14bd86dfe0c5293b2dbab802c66609d2b76f0dc112cd665d2246513b943w20h20,brilliant-diamond-shining-pearl
metal-powder,https://cdn.pokedb.org/15b25b12b5ed8b7130a82accf3b935af37d8cf52036434144f65fa0eb5e34c53,https://cdn.pokedb.org/15b25b12b5ed8b7130a82accf3b935af37d8cf52036434144f65fa0eb5e34c53w20h20,firered-leafgreen
meteorite,https://cdn.pokedb.org/d108dfb8a2ca7d1e63ff9cfa6851caed2d4cb644efd95d4043f52c3a2f3b749f,https://cdn.pokedb.org/d108dfb8a2ca7d1e63ff9cfa6851caed2d4cb644efd95d4043f52c3a2f3b749fw20h20,firered-leafgreen
meteorite,https://cdn.pokedb.org/26155e73424d9dc1f849788cd43fa1e8d81182b4bea481074abac25f8a546aba,https://cdn.pokedb.org/26155e73424d9dc1f849788cd43fa1e8d81182b4bea481074abac25f8a546abaw20h20,platinum
meteorite,https://cdn.pokedb.org/552be703942c9249e9ddcbc6daa89c31b47d7c78474af2cb37bf88d9d002d4b2,https://cdn.pokedb.org/552be703942c9249e9ddcbc6daa89c31b47d7c78474af2cb37bf88d9d002d4b2w20h20,platinum
meteorite,https://cdn.pokedb.org/b480b6cf44f6108bcf8267016200cd69ee4c22fc1fd819306a4f8f2b2b808f7e,https://cdn.pokedb.org/b480b6cf44f6108bcf8267016200cd69ee4c22fc1fd819306a4f8f2b2b808f7ew20h20,platinum
meteorite,https://cdn.pokedb.org/4f267de3fa424a72b63a0cddd3e3eb27ae828a97c40380aecd9a29e9c832947a,https://cdn.pokedb.org/4f267de3fa424a72b63a0cddd3e3eb27ae828a97c40380aecd9a29e9c832947aw20h20,scarlet-violet
meteorite-shard,https://cdn.pokedb.org/e5ad39e59df7e7595308d35efb243fba1d41043910806dd5470759f295b56298,https://cdn.pokedb.org/e5ad39e59df7e7595308d35efb243fba1d41043910806dd5470759f295b56298w20h20,platinum
metronome,https://cdn.pokedb.org/1b7a46a20ce01e048afd7e0e5a90690df93739ac014b3bf1b19c00d7e35c8fed,https://cdn.pokedb.org/1b7a46a20ce01e048afd7e0e5a90690df93739ac014b3bf1b19c00d7e35c8fedw20h20,brilliant-diamond-shining-pearl
metronome,https://cdn.pokedb.org/09e6b4b366d31c422fdd9cb59745cfd4eae46db4243c045a0a13f2ac4e6132a3,https://cdn.pokedb.org/09e6b4b366d31c422fdd9cb59745cfd4eae46db4243c045a0a13f2ac4e6132a3w20h20,diamond-pearl
metronome,https://cdn.pokedb.org/4c1d389e8c53d86c0f865d4dcf80f3039bc34661228773255aac1f6ce7565c8f,https://cdn.pokedb.org/4c1d389e8c53d86c0f865d4dcf80f3039bc34661228773255aac1f6ce7565c8fw20h20,scarlet-violet
mew-candy,https://cdn.pokedb.org/1569aa8c6f56cad171c70a20b04dac95aac1db6b5ea9b35d6a61e6e13964b9c0,https://cdn.pokedb.org/1569aa8c6f56cad171c70a20b04dac95aac1db6b5ea9b35d6a61e6e13964b9c0w20h20,go
mewnium-z,https://cdn.pokedb.org/51b7b669d8b35d060760706733db99a13e01eb922ce1904f7257f93f0391c645,https://cdn.pokedb.org/51b7b669d8b35d060760706733db99a13e01eb922ce1904f7257f93f0391c645w20h20,sun-moon
mewnium-z,https://cdn.pokedb.org/80534d99f62aefcc54c60853e33a7128c14e0939d10d190c777a449bb5c2e90b,https://cdn.pokedb.org/80534d99f62aefcc54c60853e33a7128c14e0939d10d190c777a449bb5c2e90bw20h20,sun-moon
mewtwo-candy,https://cdn.pokedb.org/8f1f5e65daabcbd8e1dcfad8f243eb7936e44f23fe7e88da2ef255d7c44f3e8e,https://cdn.pokedb.org/8f1f5e65daabcbd8e1dcfad8f243eb7936e44f23fe7e88da2ef255d7c44f3e8ew20h20,go
mewtwonite-x,https://cdn.pokedb.org/da7bb9283bc3851ac62968c4f8a149a89cd5aea7f71d1174d1f3563ed417e56d,https://cdn.pokedb.org/da7bb9283bc3851ac62968c4f8a149a89cd5aea7f71d1174d1f3563ed417e56dw20h20,x-y
mewtwonite-y,https://cdn.pokedb.org/0de671bb7a4a94cbf4aed4dc91694221727c6bb2f42057d127e444cc14f432ff,https://cdn.pokedb.org/0de671bb7a4a94cbf4aed4dc91694221727c6bb2f42057d127e444cc14f432ffw20h20,x-y
micle-berry,https://cdn.pokedb.org/154552e3762d982ba227ef3ed91f9189b9aecb6db87973d90ba54dc629b6380d,https://cdn.pokedb.org/154552e3762d982ba227ef3ed91f9189b9aecb6db87973d90ba54dc629b6380dw20h20,diamond-pearl
micle-berry,https://cdn.pokedb.org/b50b17c5d65a10f68e52d2dc7c5425c7cbab65a957f94f9a56fcbe74341b0c2a,https://cdn.pokedb.org/b50b17c5d65a10f68e52d2dc7c5425c7cbab65a957f94f9a56fcbe74341b0c2aw20h20,scarlet-violet
micle-berry,https://cdn.pokedb.org/f0c8dd65639f131362b6a2623616b61da3988fccc0ccd28f6ab5279f50ad4ef3,https://cdn.pokedb.org/f0c8dd65639f131362b6a2623616b61da3988fccc0ccd28f6ab5279f50ad4ef3w20h20,brilliant-diamond-shining-pearl
mienfoo-claw,https://cdn.pokedb.org/d93fb90bdc2ee50ccb8f262d9e69f5cbd26e7e6c1bbbc5a2d18d5302aa55ed45,https://cdn.pokedb.org/d93fb90bdc2ee50ccb8f262d9e69f5cbd26e7e6c1bbbc5a2d18d5302aa55ed45w20h20,scarlet-violet
mighty-candy,https://cdn.pokedb.org/c99a69e165803f853072c555e5ba9a2c6cf77a0e01d145b95ef10858419c242b,https://cdn.pokedb.org/c99a69e165803f853072c555e5ba9a2c6cf77a0e01d145b95ef10858419c242bw20h20,lets-go-pikachu-lets-go-eevee
mighty-candy-l,https://cdn.pokedb.org/86a17f1567f6314ae62d3f206fe0404edaeb195dafe9eb5dd137c034233cb98c,https://cdn.pokedb.org/86a17f1567f6314ae62d3f206fe0404edaeb195dafe9eb5dd137c034233cb98cw20h20,lets-go-pikachu-lets-go-eevee
mighty-candy-xl,https://cdn.pokedb.org/3770dcd10dc7ef50e1d23decc726f77328bf04a494e2d80f8455670497fead48,https://cdn.pokedb.org/3770dcd10dc7ef50e1d23decc726f77328bf04a494e2d80f8455670497fead48w20h20,lets-go-pikachu-lets-go-eevee
mild-mint,https://cdn.pokedb.org/cf0b81d2b4b986a777cf63ed25c4e896d315aebf4f69e71b761613b9d5f2384f,https://cdn.pokedb.org/cf0b81d2b4b986a777cf63ed25c4e896d315aebf4f69e71b761613b9d5f2384fw20h20,scarlet-violet
mild-mint,https://cdn.pokedb.org/6e293ebd765b66e0b3e749cf57a0115b04eef8281c653344fd3855ca0772217c,https://cdn.pokedb.org/6e293ebd765b66e0b3e749cf57a0115b04eef8281c653344fd3855ca0772217cw20h20,brilliant-diamond-shining-pearl
mild-mint,https://cdn.pokedb.org/89c50fd8eb1984b09a7c17b64e91eb2d3d453c9d0d9159527617bfad09a31dd6,https://cdn.pokedb.org/89c50fd8eb1984b09a7c17b64e91eb2d3d453c9d0d9159527617bfad09a31dd6w20h20,sword-shield
mild-mint,https://cdn.pokedb.org/81e0e1bb1a3221b50377ef5cd831d31061051495adf9fbf4a7dd6978f0eaec82,https://cdn.pokedb.org/81e0e1bb1a3221b50377ef5cd831d31061051495adf9fbf4a7dd6978f0eaec82w20h20,legends-arceus
mimikium-z,https://cdn.pokedb.org/0424fc158673df5366b5e74e31ad58ff6e79a5a16a82a687431b9e072b58bd18,https://cdn.pokedb.org/0424fc158673df5366b5e74e31ad58ff6e79a5a16a82a687431b9e072b58bd18w20h20,ultra-sun-ultra-moon
mimikium-z,https://cdn.pokedb.org/6f6bcf635337dc22f062126dd7f31c80f3023ba12ae301094f25bca5611a667d,https://cdn.pokedb.org/6f6bcf635337dc22f062126dd7f31c80f3023ba12ae301094f25bca5611a667dw20h20,ultra-sun-ultra-moon
mimikyu-scrap,https://cdn.pokedb.org/d93fb90bdc2ee50ccb8f262d9e69f5cbd26e7e6c1bbbc5a2d18d5302aa55ed45,https://cdn.pokedb.org/d93fb90bdc2ee50ccb8f262d9e69f5cbd26e7e6c1bbbc5a2d18d5302aa55ed45w20h20,scarlet-violet
minccino-fur,https://cdn.pokedb.org/d93fb90bdc2ee50ccb8f262d9e69f5cbd26e7e6c1bbbc5a2d18d5302aa55ed45,https://cdn.pokedb.org/d93fb90bdc2ee50ccb8f262d9e69f5cbd26e7e6c1bbbc5a2d18d5302aa55ed45w20h20,scarlet-violet
mind-plate,https://cdn.pokedb.org/cb6b73e05d15a588c8df5e4f705c4a0c370147a7936dda283810a63e59f8f74a,https://cdn.pokedb.org/cb6b73e05d15a588c8df5e4f705c4a0c370147a7936dda283810a63e59f8f74aw20h20,brilliant-diamond-shining-pearl
mind-plate,https://cdn.pokedb.org/ef9c7c448038dacb8532ac7a0679e3592ecc58b7a6610b01212d8ccfb6e6c9e5,https://cdn.pokedb.org/ef9c7c448038dacb8532ac7a0679e3592ecc58b7a6610b01212d8ccfb6e6c9e5w20h20,diamond-pearl
mind-plate,https://cdn.pokedb.org/c5f9c926248f9bb832ec2ff99fc4f51087758c3326be8faf3be8eaed9c185143,https://cdn.pokedb.org/c5f9c926248f9bb832ec2ff99fc4f51087758c3326be8faf3be8eaed9c185143w20h20,legends-arceus
mind-plate,https://cdn.pokedb.org/6610779cabe2e873ed724c2c49d59a841d9286d00b26a8508b9c3f1fec495808,https://cdn.pokedb.org/6610779cabe2e873ed724c2c49d59a841d9286d00b26a8508b9c3f1fec495808w20h20,scarlet-violet
minior-shell,https://cdn.pokedb.org/d93fb90bdc2ee50ccb8f262d9e69f5cbd26e7e6c1bbbc5a2d18d5302aa55ed45,https://cdn.pokedb.org/d93fb90bdc2ee50ccb8f262d9e69f5cbd26e7e6c1bbbc5a2d18d5302aa55ed45w20h20,scarlet-violet
mint-tablecloth,https://cdn.pokedb.org/69295ed4a7b4fa84f5af830ac5945b1da8d4889391e7886c6432ab9c16239824,https://cdn.pokedb.org/69295ed4a7b4fa84f5af830ac5945b1da8d4889391e7886c6432ab9c16239824w20h20,scarlet-violet
miracle-seed,https://cdn.pokedb.org/a940bc2cd2e22e7c225044dfcab25246b789bf1f39ed015334b6e24866498dad,https://cdn.pokedb.org/a940bc2cd2e22e7c225044dfcab25246b789bf1f39ed015334b6e24866498dadw20h20,brilliant-diamond-shining-pearl
miracle-seed,https://cdn.pokedb.org/c8c368a2aa369f9049df55c5239db10fc9e62cc78ba4a2adbe6305cd220a0f34,https://cdn.pokedb.org/c8c368a2aa369f9049df55c5239db10fc9e62cc78ba4a2adbe6305cd220a0f34w20h20,firered-leafgreen
miracle-seed,https://cdn.pokedb.org/dd366debf0495d70da2f79d1c32a69b4f1ce7ff6c025de2a89c8f6e41eac8231,https://cdn.pokedb.org/dd366debf0495d70da2f79d1c32a69b4f1ce7ff6c025de2a89c8f6e41eac8231w20h20,scarlet-violet
miracleberry,https://cdn.pokedb.org/5bdcecd403c45a15ada1e88d9c3d4063cfc9c6d194d3c5e3d675187dbd9aaf84,https://cdn.pokedb.org/5bdcecd403c45a15ada1e88d9c3d4063cfc9c6d194d3c5e3d675187dbd9aaf84w20h20,gold-silver
miraidons-poke-ball,https://cdn.pokedb.org/f666cda39020a9e2ed305933ddbf624f78b28c16c5b9957434f8448608f707c1,https://cdn.pokedb.org/f666cda39020a9e2ed305933ddbf624f78b28c16c5b9957434f8448608f707c1w20h20,scarlet-violet
mirror-herb,https://cdn.pokedb.org/74c714fcacd2c31ca0356f11ea0b1ee799ecb6b0dffdf77eeb102de400e0500f,https://cdn.pokedb.org/74c714fcacd2c31ca0356f11ea0b1ee799ecb6b0dffdf77eeb102de400e0500fw20h20,scarlet-violet
misdreavus-tears,https://cdn.pokedb.org/d93fb90bdc2ee50ccb8f262d9e69f5cbd26e7e6c1bbbc5a2d18d5302aa55ed45,https://cdn.pokedb.org/d93fb90bdc2ee50ccb8f262d9e69f5cbd26e7e6c1bbbc5a2d18d5302aa55ed45w20h20,scarlet-violet
misty-seed,https://cdn.pokedb.org/fb40c53424ae01c8de785abba37e28f36f2ed481d2e4740d0b969770e0591fef,https://cdn.pokedb.org/fb40c53424ae01c8de785abba37e28f36f2ed481d2e4740d0b969770e0591fefw20h20,scarlet-violet
misty-seed,https://cdn.pokedb.org/26b21e450a23b69d6f45c9bd68fcdb739ec3242fa41ed45dac3fcbd705de89ed,https://cdn.pokedb.org/26b21e450a23b69d6f45c9bd68fcdb739ec3242fa41ed45dac3fcbd705de89edw20h20,sun-moon
mixed-mushrooms,https://cdn.pokedb.org/ce75fc4ac58ec94b50add6a86233b462bfa5e217905844efca6e3fac42ea8eed,https://cdn.pokedb.org/ce75fc4ac58ec94b50add6a86233b462bfa5e217905844efca6e3fac42ea8eedw20h20,sword-shield
modest-mint,https://cdn.pokedb.org/89c50fd8eb1984b09a7c17b64e91eb2d3d453c9d0d9159527617bfad09a31dd6,https://cdn.pokedb.org/89c50fd8eb1984b09a7c17b64e91eb2d3d453c9d0d9159527617bfad09a31dd6w20h20,sword-shield
modest-mint,https://cdn.pokedb.org/6e293ebd765b66e0b3e749cf57a0115b04eef8281c653344fd3855ca0772217c,https://cdn.pokedb.org/6e293ebd765b66e0b3e749cf57a0115b04eef8281c653344fd3855ca0772217cw20h20,brilliant-diamond-shining-pearl
modest-mint,https://cdn.pokedb.org/cf0b81d2b4b986a777cf63ed25c4e896d315aebf4f69e71b761613b9d5f2384f,https://cdn.pokedb.org/cf0b81d2b4b986a777cf63ed25c4e896d315aebf4f69e71b761613b9d5f2384fw20h20,scarlet-violet
modest-mint,https://cdn.pokedb.org/81e0e1bb1a3221b50377ef5cd831d31061051495adf9fbf4a7dd6978f0eaec82,https://cdn.pokedb.org/81e0e1bb1a3221b50377ef5cd831d31061051495adf9fbf4a7dd6978f0eaec82w20h20,legends-arceus
moltres-candy,https://cdn.pokedb.org/a90f5c79eaf42330be577d54beb568daa8937099ad23fa95bf3973cd9041153b,https://cdn.pokedb.org/a90f5c79eaf42330be577d54beb568daa8937099ad23fa95bf3973cd9041153bw20h20,go
moltres-treat,https://cdn.pokedb.org/11396ecb0ac496e1454467b99bdc139e62287d80089b8eba679dc61d57b11c9c,https://cdn.pokedb.org/11396ecb0ac496e1454467b99bdc139e62287d80089b8eba679dc61d57b11c9cw20h20,the-indigo-disk
monstrous-tablecloth,https://cdn.pokedb.org/69295ed4a7b4fa84f5af830ac5945b1da8d4889391e7886c6432ab9c16239824,https://cdn.pokedb.org/69295ed4a7b4fa84f5af830ac5945b1da8d4889391e7886c6432ab9c16239824w20h20,scarlet-violet
moomoo-cheese,https://cdn.pokedb.org/3afbfcfc88aac24b6f07e7ea4f068b8f9d5cb3a29f40a6536b392f6a5048375e,https://cdn.pokedb.org/3afbfcfc88aac24b6f07e7ea4f068b8f9d5cb3a29f40a6536b392f6a5048375ew20h20,sword-shield
moomoo-milk,https://cdn.pokedb.org/123b7ed2abb1ae3a91af554fcdb9430d3668f049ff740a227c5abb1821c04a84,https://cdn.pokedb.org/123b7ed2abb1ae3a91af554fcdb9430d3668f049ff740a227c5abb1821c04a84w20h20,scarlet-violet
moomoo-milk,https://cdn.pokedb.org/73001b38de0b946694bc8616d99dfac2c1e9685d646a91cc52b666d76ab9f7d4,https://cdn.pokedb.org/73001b38de0b946694bc8616d99dfac2c1e9685d646a91cc52b666d76ab9f7d4w20h20,brilliant-diamond-shining-pearl
moomoo-milk,https://cdn.pokedb.org/a97337d13db229f41892e0cb8e6e405fe0c513c33655a75b7b1d0a299203e4fa,https://cdn.pokedb.org/a97337d13db229f41892e0cb8e6e405fe0c513c33655a75b7b1d0a299203e4faw20h20,firered-leafgreen
moomoo-milk,https://cdn.pokedb.org/44eea6c883d1ab137e7a0c329c94a0bc7cfbcfa236677919f8640bfdb342f4c3,https://cdn.pokedb.org/44eea6c883d1ab137e7a0c329c94a0bc7cfbcfa236677919f8640bfdb342f4c3w20h20,x-y
moon-ball,https://cdn.pokedb.org/f8b040141a2111a8a65431e8ad54c7ac35200a8c66245ec41d57158bbae14ae9,https://cdn.pokedb.org/f8b040141a2111a8a65431e8ad54c7ac35200a8c66245ec41d57158bbae14ae9w20h20,brilliant-diamond-shining-pearl
moon-ball,https://cdn.pokedb.org/06dcaee5c75ebf89ac200dc886b7f2550a819d04cfd69fac367d3c856ef18f1a,https://cdn.pokedb.org/06dcaee5c75ebf89ac200dc886b7f2550a819d04cfd69fac367d3c856ef18f1aw20h20,home
moon-ball,https://cdn.pokedb.org/d3aa0df515d5307a1f785970b997de370dbabc717e2ca40c20b9ff248294c001,https://cdn.pokedb.org/d3aa0df515d5307a1f785970b997de370dbabc717e2ca40c20b9ff248294c001w20h20,scarlet-violet
moon-ball,https://cdn.pokedb.org/d38242bf4e63fd4ec532f847a222b734609a8ded570783c164bfd18011013c46,https://cdn.pokedb.org/d38242bf4e63fd4ec532f847a222b734609a8ded570783c164bfd18011013c46w20h20,heartgold-soulsilver
moon-flute,https://cdn.pokedb.org/c7e240108efef5609b1da03dfb1eba850ae2a20a6cb7d8551921df17e8e3aea8,https://cdn.pokedb.org/c7e240108efef5609b1da03dfb1eba850ae2a20a6cb7d8551921df17e8e3aea8w20h20,sun-moon
moon-flute,https://cdn.pokedb.org/b07f98fca713a473c8d5490adb453c562749d6c440b92f5520f05c6367f174b9,https://cdn.pokedb.org/b07f98fca713a473c8d5490adb453c562749d6c440b92f5520f05c6367f174b9w20h20,sun-moon
moon-stone,https://cdn.pokedb.org/0d349870f0d7597331417efaf8d5de158827d9130df81d61c2c7db99b21cf9fa,https://cdn.pokedb.org/0d349870f0d7597331417efaf8d5de158827d9130df81d61c2c7db99b21cf9faw20h20,legends-arceus
moon-stone,https://cdn.pokedb.org/891d9e16ef542581a91d9ffa5a2780dd6af9933de793be73847cee4d2e288c43,https://cdn.pokedb.org/891d9e16ef542581a91d9ffa5a2780dd6af9933de793be73847cee4d2e288c43w20h20,firered-leafgreen
moon-stone,https://cdn.pokedb.org/ea8b2d9198b708b2aeb5dd65372550e5cb701da54811bbe8b866869f5646efad,https://cdn.pokedb.org/ea8b2d9198b708b2aeb5dd65372550e5cb701da54811bbe8b866869f5646efadw20h20,scarlet-violet
morpeko-snack,https://cdn.pokedb.org/d93fb90bdc2ee50ccb8f262d9e69f5cbd26e7e6c1bbbc5a2d18d5302aa55ed45,https://cdn.pokedb.org/d93fb90bdc2ee50ccb8f262d9e69f5cbd26e7e6c1bbbc5a2d18d5302aa55ed45w20h20,scarlet-violet
mosaic-mail,https://cdn.pokedb.org/3fda7b506204545fddb590af71fa3e9a6ae314cfd8baa2f8fc6849c3e351f643,https://cdn.pokedb.org/3fda7b506204545fddb590af71fa3e9a6ae314cfd8baa2f8fc6849c3e351f643w20h20,diamond-pearl
mr-mime-candy,https://cdn.pokedb.org/04bf8999facf0f0af367b705d0fc67a5129e7f74630aedb5965d9e3e23f6b991,https://cdn.pokedb.org/04bf8999facf0f0af367b705d0fc67a5129e7f74630aedb5965d9e3e23f6b991w20h20,go
mudbray-mud,https://cdn.pokedb.org/d93fb90bdc2ee50ccb8f262d9e69f5cbd26e7e6c1bbbc5a2d18d5302aa55ed45,https://cdn.pokedb.org/d93fb90bdc2ee50ccb8f262d9e69f5cbd26e7e6c1bbbc5a2d18d5302aa55ed45w20h20,scarlet-violet
munchlax-fang,https://cdn.pokedb.org/d93fb90bdc2ee50ccb8f262d9e69f5cbd26e7e6c1bbbc5a2d18d5302aa55ed45,https://cdn.pokedb.org/d93fb90bdc2ee50ccb8f262d9e69f5cbd26e7e6c1bbbc5a2d18d5302aa55ed45w20h20,scarlet-violet
murkrow-bauble,https://cdn.pokedb.org/d93fb90bdc2ee50ccb8f262d9e69f5cbd26e7e6c1bbbc5a2d18d5302aa55ed45,https://cdn.pokedb.org/d93fb90bdc2ee50ccb8f262d9e69f5cbd26e7e6c1bbbc5a2d18d5302aa55ed45w20h20,scarlet-violet
muscle-band,https://cdn.pokedb.org/b4048cdc8332bcf2893c09a15e1c33a6915fa1a3f34fff88de491f33259c1bff,https://cdn.pokedb.org/b4048cdc8332bcf2893c09a15e1c33a6915fa1a3f34fff88de491f33259c1bffw20h20,brilliant-diamond-shining-pearl
muscle-band,https://cdn.pokedb.org/a3c98e891878be69f0d622b7810a061fdecfc992eb1eb9b688b6f29332544d8d,https://cdn.pokedb.org/a3c98e891878be69f0d622b7810a061fdecfc992eb1eb9b688b6f29332544d8dw20h20,scarlet-violet
muscle-band,https://cdn.pokedb.org/79de677a70a3fb609356da8df766d75b098c263c0783360e6f390445144a64f3,https://cdn.pokedb.org/79de677a70a3fb609356da8df766d75b098c263c0783360e6f390445144a64f3w20h20,diamond-pearl
muscle-feather,https://cdn.pokedb.org/a4019fe433dbfe55dbaf2b9a6bf63a1809b093a2e018dec2a8d4fd970044676e,https://cdn.pokedb.org/a4019fe433dbfe55dbaf2b9a6bf63a1809b093a2e018dec2a8d4fd970044676ew20h20,black-white
muscle-feather,https://cdn.pokedb.org/0465c8d25dd63113856b25e56ba02480c1b2911dc3c3b3a3919bdab23f66089f,https://cdn.pokedb.org/0465c8d25dd63113856b25e56ba02480c1b2911dc3c3b3a3919bdab23f66089fw20h20,brilliant-diamond-shining-pearl
muscle-feather,https://cdn.pokedb.org/74272e38ec267d94d44e97dbb869c7c99587a22f71cb2971023895036d3e882d,https://cdn.pokedb.org/74272e38ec267d94d44e97dbb869c7c99587a22f71cb2971023895036d3e882dw20h20,scarlet-violet
muscle-mochi,https://cdn.pokedb.org/f52efd56d85104eb660337919f16f8ea1b657fb6222b7f401f839196998cc9fd,https://cdn.pokedb.org/f52efd56d85104eb660337919f16f8ea1b657fb6222b7f401f839196998cc9fdw20h20,scarlet-violet
mustard,https://cdn.pokedb.org/6ee2a531874857fe15ceafb10e1ee8e693e8931e9be9843f2a08d814418d1b68,https://cdn.pokedb.org/6ee2a531874857fe15ceafb10e1ee8e693e8931e9be9843f2a08d814418d1b68w20h20,scarlet-violet
mystery-egg,https://cdn.pokedb.org/7de1b23ff74f0d895c1ee4f67d173e14f9f5c3948674f7945d52333c0559a5c3,https://cdn.pokedb.org/7de1b23ff74f0d895c1ee4f67d173e14f9f5c3948674f7945d52333c0559a5c3w20h20,heartgold-soulsilver
mystic-ticket,https://cdn.pokedb.org/eeb1ab0b4e25e4c596836d377a089234908f0e29c09451e4ff796e6d73c710bf,https://cdn.pokedb.org/eeb1ab0b4e25e4c596836d377a089234908f0e29c09451e4ff796e6d73c710bfw20h20,firered-leafgreen
mystic-water,https://cdn.pokedb.org/ca631079e461fa9ac92da635bd9c9504e823fba1d101ac093ab5e47390cfd9ed,https://cdn.pokedb.org/ca631079e461fa9ac92da635bd9c9504e823fba1d101ac093ab5e47390cfd9edw20h20,brilliant-diamond-shining-pearl
mystic-water,https://cdn.pokedb.org/19e489f032f075999ccccf1f25509b552cdddd183f0af5afe066fc96c06b4075,https://cdn.pokedb.org/19e489f032f075999ccccf1f25509b552cdddd183f0af5afe066fc96c06b4075w20h20,firered-leafgreen
mystic-water,https://cdn.pokedb.org/88ee36fc7abc0ddbb277a24532b3202181c9e64477c3792cb7acbe2e7be41c69,https://cdn.pokedb.org/88ee36fc7abc0ddbb277a24532b3202181c9e64477c3792cb7acbe2e7be41c69w20h20,scarlet-violet
n-lunarizer,https://cdn.pokedb.org/3898019d9e265ddeebee542b059746f868f8935950e7d63c0efd5a1f47fb4418,https://cdn.pokedb.org/3898019d9e265ddeebee542b059746f868f8935950e7d63c0efd5a1f47fb4418w20h20,ultra-sun-ultra-moon
n-lunarizer,https://cdn.pokedb.org/0ae10b57313722ee779ebd2ea4e9fd86cc9a259936948d727048ad9be9024518,https://cdn.pokedb.org/0ae10b57313722ee779ebd2ea4e9fd86cc9a259936948d727048ad9be9024518w20h20,ultra-sun-ultra-moon
n-lunarizer,https://cdn.pokedb.org/761ed3fdcbcefa03ac085cd2daff99d65d6b6b2823edc49cf64189c6b0a922cf,https://cdn.pokedb.org/761ed3fdcbcefa03ac085cd2daff99d65d6b6b2823edc49cf64189c6b0a922cfw20h20,scarlet-violet
n-solarizer,https://cdn.pokedb.org/3baa910f5aedd1873de8e630cb373cd6c6d82860dd8558107ac26a0fc4fd4056,https://cdn.pokedb.org/3baa910f5aedd1873de8e630cb373cd6c6d82860dd8558107ac26a0fc4fd4056w20h20,scarlet-violet
n-solarizer,https://cdn.pokedb.org/c131c3404be5c01fdb94eab01c9c9fc2af9355ef8a9ffd6ad3ceb086177ebba4,https://cdn.pokedb.org/c131c3404be5c01fdb94eab01c9c9fc2af9355ef8a9ffd6ad3ceb086177ebba4w20h20,ultra-sun-ultra-moon
n-solarizer,https://cdn.pokedb.org/7c48de5c5ff728592b6dc1cbb856559623296c55c2415643000a939851593c86,https://cdn.pokedb.org/7c48de5c5ff728592b6dc1cbb856559623296c55c2415643000a939851593c86w20h20,ultra-sun-ultra-moon
nacli-salt,https://cdn.pokedb.org/d93fb90bdc2ee50ccb8f262d9e69f5cbd26e7e6c1bbbc5a2d18d5302aa55ed45,https://cdn.pokedb.org/d93fb90bdc2ee50ccb8f262d9e69f5cbd26e7e6c1bbbc5a2d18d5302aa55ed45w20h20,scarlet-violet
naive-mint,https://cdn.pokedb.org/0da2904350f6b3a697aa07a449e5b7640b0500016b55c9f58db6c428d5db97ed,https://cdn.pokedb.org/0da2904350f6b3a697aa07a449e5b7640b0500016b55c9f58db6c428d5db97edw20h20,scarlet-violet
naive-mint,https://cdn.pokedb.org/6ba3c5fbae9f2d4417020712160626bb64973c203e613c3d87971dbac14fcb61,https://cdn.pokedb.org/6ba3c5fbae9f2d4417020712160626bb64973c203e613c3d87971dbac14fcb61w20h20,legends-arceus
naive-mint,https://cdn.pokedb.org/0b56ee5f4f6b7d15dbe44ab41e6f9d409e11b4da0fcd61477eb84641b8e91632,https://cdn.pokedb.org/0b56ee5f4f6b7d15dbe44ab41e6f9d409e11b4da0fcd61477eb84641b8e91632w20h20,brilliant-diamond-shining-pearl
nanab-berry,https://cdn.pokedb.org/19771cbc0e5ef3742e1db8c25201e4441d8e40199e772e0901912370bc6392c4,https://cdn.pokedb.org/19771cbc0e5ef3742e1db8c25201e4441d8e40199e772e0901912370bc6392c4w20h20,firered-leafgreen
nanab-berry,https://cdn.pokedb.org/ac92f70b54d7612395d4930e22df75e291b285670d4a8e9fc7063cf8458b0774,https://cdn.pokedb.org/ac92f70b54d7612395d4930e22df75e291b285670d4a8e9fc7063cf8458b0774w20h20,lets-go-pikachu-lets-go-eevee
nanab-berry,https://cdn.pokedb.org/3b8f83707bc0814cf21c9d2e86b5d9e0a7d67137d8078fcd82db1b9ed96c9447,https://cdn.pokedb.org/3b8f83707bc0814cf21c9d2e86b5d9e0a7d67137d8078fcd82db1b9ed96c9447w20h20,scarlet-violet
nanab-berry,https://cdn.pokedb.org/dfeea0b503a974559a069371da32dae3f3f2deec6556b954f350814954a9cdc6,https://cdn.pokedb.org/dfeea0b503a974559a069371da32dae3f3f2deec6556b954f350814954a9cdc6w20h20,legends-arceus
nanab-berry,https://cdn.pokedb.org/3702685bebfb079f18bbe4e5dc3c6efea08e0f4f5892e881fa419526c346671d,https://cdn.pokedb.org/3702685bebfb079f18bbe4e5dc3c6efea08e0f4f5892e881fa419526c346671dw20h20,brilliant-diamond-shining-pearl
nanab-berry,https://cdn.pokedb.org/f3f72ef919e03a56578a197cdfa2f88a483365059872978db76f718d1949f296,https://cdn.pokedb.org/f3f72ef919e03a56578a197cdfa2f88a483365059872978db76f718d1949f296w20h20,ruby-sapphire
naughty-mint,https://cdn.pokedb.org/3c3c93e9e93bf903b498872b33df965a7c5906e9ea46eaf6fb2ff1496372affa,https://cdn.pokedb.org/3c3c93e9e93bf903b498872b33df965a7c5906e9ea46eaf6fb2ff1496372affaw20h20,legends-arceus
naughty-mint,https://cdn.pokedb.org/ece497e0a0dbcd4f454ef867d6c9f1f575d03991c398cb165bdddc473fbe0e4b,https://cdn.pokedb.org/ece497e0a0dbcd4f454ef867d6c9f1f575d03991c398cb165bdddc473fbe0e4bw20h20,scarlet-violet
naughty-mint,https://cdn.pokedb.org/312f0b21196ba99b831a9280aeeb72da1938f7b37ecbe337c5716b0e2dc5342e,https://cdn.pokedb.org/312f0b21196ba99b831a9280aeeb72da1938f7b37ecbe337c5716b0e2dc5342ew20h20,sword-shield
naughty-mint,https://cdn.pokedb.org/b8cadfad7b6c01881e58f2ea97bed17c281e03b15457d5f45dee065f0c5c93cc,https://cdn.pokedb.org/b8cadfad7b6c01881e58f2ea97bed17c281e03b15457d5f45dee065f0c5c93ccw20h20,brilliant-diamond-shining-pearl
necrozma-treat,https://cdn.pokedb.org/11396ecb0ac496e1454467b99bdc139e62287d80089b8eba679dc61d57b11c9c,https://cdn.pokedb.org/11396ecb0ac496e1454467b99bdc139e62287d80089b8eba679dc61d57b11c9cw20h20,the-indigo-disk
nest-ball,https://cdn.pokedb.org/4a234585bbf149741ca1989589cad4fbe64dc2c6c4e53a4c0dd8721925c94342,https://cdn.pokedb.org/4a234585bbf149741ca1989589cad4fbe64dc2c6c4e53a4c0dd8721925c94342w20h20,firered-leafgreen
nest-ball,https://cdn.pokedb.org/424681b87b574dd50c94868553da5873bd9cfff4000d060e753a8ae9f11e6d71,https://cdn.pokedb.org/424681b87b574dd50c94868553da5873bd9cfff4000d060e753a8ae9f11e6d71w20h20,brilliant-diamond-shining-pearl
nest-ball,https://cdn.pokedb.org/681bce6d696cbca5bd6ea467f0a77cce8734ce84d0cd73cd06f1b63284253a06,https://cdn.pokedb.org/681bce6d696cbca5bd6ea467f0a77cce8734ce84d0cd73cd06f1b63284253a06w20h20,scarlet-violet
nest-ball,https://cdn.pokedb.org/1b4cc3e2d03ad1047a7bfcb1ba8b73de3ba67737b5f84e5dad53bbc86a0f0b7c,https://cdn.pokedb.org/1b4cc3e2d03ad1047a7bfcb1ba8b73de3ba67737b5f84e5dad53bbc86a0f0b7cw20h20,home
net-ball,https://cdn.pokedb.org/7d5114e09130c0bddeacc21c80bc9427792a15bdac83b7b3454a7bfe293ad5a2,https://cdn.pokedb.org/7d5114e09130c0bddeacc21c80bc9427792a15bdac83b7b3454a7bfe293ad5a2w20h20,firered-leafgreen
net-ball,https://cdn.pokedb.org/c0eb28e4518ea82a735ff466af05c2404a1a87616bd793ddc1f4ac8eef634e55,https://cdn.pokedb.org/c0eb28e4518ea82a735ff466af05c2404a1a87616bd793ddc1f4ac8eef634e55w20h20,brilliant-diamond-shining-pearl
net-ball,https://cdn.pokedb.org/2f02c07edbcae6d3f78cd31356f6402e8e9129bebcbdf0751ef596bccc4dac22,https://cdn.pokedb.org/2f02c07edbcae6d3f78cd31356f6402e8e9129bebcbdf0751ef596bccc4dac22w20h20,home-mobile
net-ball,https://cdn.pokedb.org/bb79c2e8758eb96d034a273d72acc496846280795b87e7b49911a39bdb48d3be,https://cdn.pokedb.org/bb79c2e8758eb96d034a273d72acc496846280795b87e7b49911a39bdb48d3bew20h20,scarlet-violet
never-melt-ice,https://cdn.pokedb.org/8e9a238866ee9854781817c8d38cf5f206d3895e6c53810d51e33ab77229aeb5,https://cdn.pokedb.org/8e9a238866ee9854781817c8d38cf5f206d3895e6c53810d51e33ab77229aeb5w20h20,firered-leafgreen
never-melt-ice,https://cdn.pokedb.org/7698fe8b65c4a3824af5ecf1a68c6f851d88e44571d2945ccc3fd03f7eb81649,https://cdn.pokedb.org/7698fe8b65c4a3824af5ecf1a68c6f851d88e44571d2945ccc3fd03f7eb81649w20h20,brilliant-diamond-shining-pearl
never-melt-ice,https://cdn.pokedb.org/bbc91e64ec95ff58d681a192abb3b18fd2cb98977fae52f1943cc5b1007d94b4,https://cdn.pokedb.org/bbc91e64ec95ff58d681a192abb3b18fd2cb98977fae52f1943cc5b1007d94b4w20h20,scarlet-violet
nidoran-f-candy,https://cdn.pokedb.org/d6ad586bb71bc34f830a13a6783225f0c5f5ac56b29c296b4e440cb4d1c46acc,https://cdn.pokedb.org/d6ad586bb71bc34f830a13a6783225f0c5f5ac56b29c296b4e440cb4d1c46accw20h20,go
nidoran-m-candy,https://cdn.pokedb.org/7171da31da76cebed65f4db0a766aa71ed23d924668185a6363e7a17df810064,https://cdn.pokedb.org/7171da31da76cebed65f4db0a766aa71ed23d924668185a6363e7a17df810064w20h20,go
noibat-fur,https://cdn.pokedb.org/d93fb90bdc2ee50ccb8f262d9e69f5cbd26e7e6c1bbbc5a2d18d5302aa55ed45,https://cdn.pokedb.org/d93fb90bdc2ee50ccb8f262d9e69f5cbd26e7e6c1bbbc5a2d18d5302aa55ed45w20h20,scarlet-violet
nomel-berry,https://cdn.pokedb.org/1295d3c252c33cffebfa43cc5531d0b7779c1592968b76b8a504e1f7c4c1b6d1,https://cdn.pokedb.org/1295d3c252c33cffebfa43cc5531d0b7779c1592968b76b8a504e1f7c4c1b6d1w20h20,firered-leafgreen
nomel-berry,https://cdn.pokedb.org/a4db22e1629191430fe48bbf9cd716a0b82c3a5ef56969d868ad32a1877513f8,https://cdn.pokedb.org/a4db22e1629191430fe48bbf9cd716a0b82c3a5ef56969d868ad32a1877513f8w20h20,ruby-sapphire
nomel-berry,https://cdn.pokedb.org/2414434e5d8af606b3a3364deecb9382cf6bab002a3d2cd8eeebb7e07e3e12bd,https://cdn.pokedb.org/2414434e5d8af606b3a3364deecb9382cf6bab002a3d2cd8eeebb7e07e3e12bdw20h20,scarlet-violet
nomel-berry,https://cdn.pokedb.org/a4de4378bbb9ed02029e4c2ce8462a908951fd7d17c44b1b5111ff299c2c25ab,https://cdn.pokedb.org/a4de4378bbb9ed02029e4c2ce8462a908951fd7d17c44b1b5111ff299c2c25abw20h20,brilliant-diamond-shining-pearl
noodles,https://cdn.pokedb.org/bb5974e0a98b3e36106adce6a536923fe73877d8bab52fa14b1b7891d43b4900,https://cdn.pokedb.org/bb5974e0a98b3e36106adce6a536923fe73877d8bab52fa14b1b7891d43b4900w20h20,scarlet-violet
normal-gem,https://cdn.pokedb.org/aef7f36658492e930a89a64d7a15eb4549f45c60e800600f5502a2a5158ac078,https://cdn.pokedb.org/aef7f36658492e930a89a64d7a15eb4549f45c60e800600f5502a2a5158ac078w20h20,scarlet-violet
normal-gem,https://cdn.pokedb.org/be343d8481be46a98c32fbd0b3f1d9d7246f43c161a31727d01e5caee294c03b,https://cdn.pokedb.org/be343d8481be46a98c32fbd0b3f1d9d7246f43c161a31727d01e5caee294c03bw20h20,black-white
normal-tera-shard,https://cdn.pokedb.org/55ffece40b11c51206742d9b9820768b49bf0cb6a646ed451448de90d6d463da,https://cdn.pokedb.org/55ffece40b11c51206742d9b9820768b49bf0cb6a646ed451448de90d6d463daw20h20,scarlet-violet
normalium-z,https://cdn.pokedb.org/f5b7007342e18a307c8eb4469b73d6b9f0ef8d33b8967e72806a4cd722157581,https://cdn.pokedb.org/f5b7007342e18a307c8eb4469b73d6b9f0ef8d33b8967e72806a4cd722157581w20h20,sun-moon
normalium-z,https://cdn.pokedb.org/d9e2831b26602e35012a9b38e412d409259963c126d9275ffc4f199d3dd5931d,https://cdn.pokedb.org/d9e2831b26602e35012a9b38e412d409259963c126d9275ffc4f199d3dd5931dw20h20,sun-moon
nosepass-fragment,https://cdn.pokedb.org/d93fb90bdc2ee50ccb8f262d9e69f5cbd26e7e6c1bbbc5a2d18d5302aa55ed45,https://cdn.pokedb.org/d93fb90bdc2ee50ccb8f262d9e69f5cbd26e7e6c1bbbc5a2d18d5302aa55ed45w20h20,scarlet-violet
nugget,https://cdn.pokedb.org/0347b4882246fccc888f4c3625af74e366b06c1c4ab47d3302a98374eb9f71fd,https://cdn.pokedb.org/0347b4882246fccc888f4c3625af74e366b06c1c4ab47d3302a98374eb9f71fdw20h20,firered-leafgreen
nugget,https://cdn.pokedb.org/f86525bae40d17a11bc4cf6e83b53c160def7decc226e4357b5e62245665544f,https://cdn.pokedb.org/f86525bae40d17a11bc4cf6e83b53c160def7decc226e4357b5e62245665544fw20h20,brilliant-diamond-shining-pearl
nugget,https://cdn.pokedb.org/0141fb6461c0f46268d99a92979f03cac83f0e5ef59d994a7f61d06c31fdbcc2,https://cdn.pokedb.org/0141fb6461c0f46268d99a92979f03cac83f0e5ef59d994a7f61d06c31fdbcc2w20h20,scarlet-violet
numel-lava,https://cdn.pokedb.org/d93fb90bdc2ee50ccb8f262d9e69f5cbd26e7e6c1bbbc5a2d18d5302aa55ed45,https://cdn.pokedb.org/d93fb90bdc2ee50ccb8f262d9e69f5cbd26e7e6c1bbbc5a2d18d5302aa55ed45w20h20,scarlet-violet
nymble-claw,https://cdn.pokedb.org/d93fb90bdc2ee50ccb8f262d9e69f5cbd26e7e6c1bbbc5a2d18d5302aa55ed45,https://cdn.pokedb.org/d93fb90bdc2ee50ccb8f262d9e69f5cbd26e7e6c1bbbc5a2d18d5302aa55ed45w20h20,scarlet-violet
oaks-letter,https://cdn.pokedb.org/53a6b99ca6aa18f8817dc3c768f2657caf14b7bf6c82fe92e4c49ee0ccdbf54c,https://cdn.pokedb.org/53a6b99ca6aa18f8817dc3c768f2657caf14b7bf6c82fe92e4c49ee0ccdbf54cw20h20,diamond-pearl
oaks-letter,https://cdn.pokedb.org/8826278b1849cefec745f3a2347eaa66e1106681581fb40b9e64dcaba53da4a0,https://cdn.pokedb.org/8826278b1849cefec745f3a2347eaa66e1106681581fb40b9e64dcaba53da4a0w20h20,brilliant-diamond-shining-pearl
occa-berry,https://cdn.pokedb.org/0ec2ad286e607cc56a385923a38df38ca0bba2e1bcabc987bce520040c27034c,https://cdn.pokedb.org/0ec2ad286e607cc56a385923a38df38ca0bba2e1bcabc987bce520040c27034cw20h20,diamond-pearl
occa-berry,https://cdn.pokedb.org/bcc83abe3c57a3e61a22d5c72e59027ff853683a017da22c05e5c571fc5698d6,https://cdn.pokedb.org/bcc83abe3c57a3e61a22d5c72e59027ff853683a017da22c05e5c571fc5698d6w20h20,brilliant-diamond-shining-pearl
occa-berry,https://cdn.pokedb.org/24bc0702b8bad9ce3aa7535708b451402362bb1ded0363432c5539906689b695,https://cdn.pokedb.org/24bc0702b8bad9ce3aa7535708b451402362bb1ded0363432c5539906689b695w20h20,scarlet-violet
oceanic-slate,https://cdn.pokedb.org/e6a26e58d371f9343a77cde8eda7fe7995bfb10e93c9c41556960c6feb21ba4a,https://cdn.pokedb.org/e6a26e58d371f9343a77cde8eda7fe7995bfb10e93c9c41556960c6feb21ba4aw20h20,brilliant-diamond-shining-pearl
odd-incense,https://cdn.pokedb.org/b89d48845b159698a5a284886cbfb2e3b987e08a17296a23a695957757461a80,https://cdn.pokedb.org/b89d48845b159698a5a284886cbfb2e3b987e08a17296a23a695957757461a80w20h20,brilliant-diamond-shining-pearl
odd-incense,https://cdn.pokedb.org/94bddde6f8ed2efb58d0531bdad52ad01ccb1278ae751ce7b7f65fa3fd8145e8,https://cdn.pokedb.org/94bddde6f8ed2efb58d0531bdad52ad01ccb1278ae751ce7b7f65fa3fd8145e8w20h20,diamond-pearl
odd-incense,https://cdn.pokedb.org/461653b17f3a5516c310a38fe7c8105804ac2405d1d0dee8c8e93c2c6f5aabd0,https://cdn.pokedb.org/461653b17f3a5516c310a38fe7c8105804ac2405d1d0dee8c8e93c2c6f5aabd0w20h20,scarlet-violet
odd-keystone,https://cdn.pokedb.org/bab7ecec3e22eb929cda4e5d533f14c64510f01fd7d364b9a635056936ec9875,https://cdn.pokedb.org/bab7ecec3e22eb929cda4e5d533f14c64510f01fd7d364b9a635056936ec9875w20h20,diamond-pearl
odd-keystone,https://cdn.pokedb.org/31ccf5c99eaa44a9bfbbf966e86f368c9b1469372210e2f769cf37d9791c1728,https://cdn.pokedb.org/31ccf5c99eaa44a9bfbbf966e86f368c9b1469372210e2f769cf37d9791c1728w20h20,scarlet-violet
odd-keystone,https://cdn.pokedb.org/65ce87d9b5290b0272cf4761a68bb5aaf5489205fe9bacfda858075b9e1b7123,https://cdn.pokedb.org/65ce87d9b5290b0272cf4761a68bb5aaf5489205fe9bacfda858075b9e1b7123w20h20,legends-arceus
oddish-candy,https://cdn.pokedb.org/796b93215bb6e5f6c8800d9a1b5e1ab42211c7606611d371bd3fc4cfb69a29e3,https://cdn.pokedb.org/796b93215bb6e5f6c8800d9a1b5e1ab42211c7606611d371bd3fc4cfb69a29e3w20h20,go
oddish-leaf,https://cdn.pokedb.org/d93fb90bdc2ee50ccb8f262d9e69f5cbd26e7e6c1bbbc5a2d18d5302aa55ed45,https://cdn.pokedb.org/d93fb90bdc2ee50ccb8f262d9e69f5cbd26e7e6c1bbbc5a2d18d5302aa55ed45w20h20,scarlet-violet
old-amber,https://cdn.pokedb.org/b32d923edde4c921238f9b5fbffd0727fa5cecff401297453340d23d2fadf46c,https://cdn.pokedb.org/b32d923edde4c921238f9b5fbffd0727fa5cecff401297453340d23d2fadf46cw20h20,firered-leafgreen
old-charm,https://cdn.pokedb.org/eb3c930547615d269cde9331916a54112815f027c5f98a4d1ee29d01ac29e011,https://cdn.pokedb.org/eb3c930547615d269cde9331916a54112815f027c5f98a4d1ee29d01ac29e011w20h20,diamond-pearl
old-charm,https://cdn.pokedb.org/5ceda52464dab97a570d8e11b64942e4fb1bf92833389ac17d68c55015a19655,https://cdn.pokedb.org/5ceda52464dab97a570d8e11b64942e4fb1bf92833389ac17d68c55015a19655w20h20,brilliant-diamond-shining-pearl
old-gateau,https://cdn.pokedb.org/d3ee3c1f10d5faecd49bc8e7d96131b230b02c6bb4df63322469009a75f31af1,https://cdn.pokedb.org/d3ee3c1f10d5faecd49bc8e7d96131b230b02c6bb4df63322469009a75f31af1w20h20,legends-arceus
old-gateau,https://cdn.pokedb.org/8ebbfadec1b83940ce5b601bf1b36e41d6c19cca3b8b0c57ad02cff1d04c0aaf,https://cdn.pokedb.org/8ebbfadec1b83940ce5b601bf1b36e41d6c19cca3b8b0c57ad02cff1d04c0aafw20h20,brilliant-diamond-shining-pearl
old-gateau,https://cdn.pokedb.org/32b490ace92d4606be494919fd2481d67c1429ee2ec9f56997c38d7c625d5d00,https://cdn.pokedb.org/32b490ace92d4606be494919fd2481d67c1429ee2ec9f56997c38d7c625d5d00w20h20,diamond-pearl
old-letter,https://cdn.pokedb.org/d9fffbbf7a32fb95e168615b06b695b9fcd6cede46e7fae399cb61407915f147,https://cdn.pokedb.org/d9fffbbf7a32fb95e168615b06b695b9fcd6cede46e7fae399cb61407915f147w20h20,sword-shield
old-rod,https://cdn.pokedb.org/f753ca2cc8641a604accefde489c06bebb1d3aaf55b28ca15d17347cf1b49636,https://cdn.pokedb.org/f753ca2cc8641a604accefde489c06bebb1d3aaf55b28ca15d17347cf1b49636w20h20,x-y
old-rod,https://cdn.pokedb.org/b29584fad8b85ec2c2c7c1f5d78121653af3d13cf3c584cd57c577a1b44fa7c2,https://cdn.pokedb.org/b29584fad8b85ec2c2c7c1f5d78121653af3d13cf3c584cd57c577a1b44fa7c2w20h20,firered-leafgreen
old-rod,https://cdn.pokedb.org/33873dba2631f40cb4fa5e68bca41c448c6162096bc94b6ddebad1981fdea0b5,https://cdn.pokedb.org/33873dba2631f40cb4fa5e68bca41c448c6162096bc94b6ddebad1981fdea0b5w20h20,brilliant-diamond-shining-pearl
old-sea-map,https://cdn.pokedb.org/493d426c1869fc3707e6a8bd4f57520f689bb324136990e9cbb2fe3557dc3ed1,https://cdn.pokedb.org/493d426c1869fc3707e6a8bd4f57520f689bb324136990e9cbb2fe3557dc3ed1w20h20,platinum
olive-oil,https://cdn.pokedb.org/1315a19bf4871b6be5f816a92fb3811d55afda099100f4a187acc3e79cde9347,https://cdn.pokedb.org/1315a19bf4871b6be5f816a92fb3811d55afda099100f4a187acc3e79cde9347w20h20,scarlet-violet
omanyte-candy,https://cdn.pokedb.org/bfd95c375171cb48def1ede24d1dc96d071ebff6de983a57162eabcc91ef07ca,https://cdn.pokedb.org/bfd95c375171cb48def1ede24d1dc96d071ebff6de983a57162eabcc91ef07caw20h20,go
onion,https://cdn.pokedb.org/69c3855bfb33fd8631d6cb26842273ea113d1bceb48d776eb1b6eabe8ef1a8e5,https://cdn.pokedb.org/69c3855bfb33fd8631d6cb26842273ea113d1bceb48d776eb1b6eabe8ef1a8e5w20h20,scarlet-violet
onix-candy,https://cdn.pokedb.org/14f8597eeabc423cf03822768eebc3a78bfd26a8cad6ceba111720588072c95c,https://cdn.pokedb.org/14f8597eeabc423cf03822768eebc3a78bfd26a8cad6ceba111720588072c95cw20h20,go
oran-berry,https://cdn.pokedb.org/8aba6f48e6f7688e3248d8fe7547e86c77f6b2b36cd0d3513cde34a59f7e1f3a,https://cdn.pokedb.org/8aba6f48e6f7688e3248d8fe7547e86c77f6b2b36cd0d3513cde34a59f7e1f3aw20h20,legends-arceus
oran-berry,https://cdn.pokedb.org/20ce8981bcb496ad8608dfd70ecc3bf7df378992bfff8b90b08cc7266e10cbf1,https://cdn.pokedb.org/20ce8981bcb496ad8608dfd70ecc3bf7df378992bfff8b90b08cc7266e10cbf1w20h20,scarlet-violet
oran-berry,https://cdn.pokedb.org/088f29633bf1bbb1339c8f996a0b1b8d33e966ca419d355d77420f0ea4e95347,https://cdn.pokedb.org/088f29633bf1bbb1339c8f996a0b1b8d33e966ca419d355d77420f0ea4e95347w20h20,brilliant-diamond-shining-pearl
oran-berry,https://cdn.pokedb.org/de17035c62ce867cfa621b2b5304bf7ca8771d331df751b27c3d8d1836a22661,https://cdn.pokedb.org/de17035c62ce867cfa621b2b5304bf7ca8771d331df751b27c3d8d1836a22661w20h20,firered-leafgreen
oran-berry,https://cdn.pokedb.org/ba0a5d26069433f8fd3e73cf60b6f15aa03c8e9856ebd67a25d420e36e9ad1ac,https://cdn.pokedb.org/ba0a5d26069433f8fd3e73cf60b6f15aa03c8e9856ebd67a25d420e36e9ad1acw20h20,ruby-sapphire
orange-dish,https://cdn.pokedb.org/69295ed4a7b4fa84f5af830ac5945b1da8d4889391e7886c6432ab9c16239824,https://cdn.pokedb.org/69295ed4a7b4fa84f5af830ac5945b1da8d4889391e7886c6432ab9c16239824w20h20,scarlet-violet
orange-mail,https://cdn.pokedb.org/11a2b2cea335804d4ad5a6060ea5bc8520f318ff1377866391172099d8991ffa,https://cdn.pokedb.org/11a2b2cea335804d4ad5a6060ea5bc8520f318ff1377866391172099d8991ffaw20h20,firered-leafgreen
orange-petal,https://cdn.pokedb.org/122e1a8cb1622f86bc7b25bc3c68afb059233420cc86153c10067d38906df05c,https://cdn.pokedb.org/122e1a8cb1622f86bc7b25bc3c68afb059233420cc86153c10067d38906df05cw20h20,ultra-sun-ultra-moon
orange-petal,https://cdn.pokedb.org/3f21dc93fa3e1c9299f4f83dd779db91a0dc424fcf636d5a03744187e6a91e7f,https://cdn.pokedb.org/3f21dc93fa3e1c9299f4f83dd779db91a0dc424fcf636d5a03744187e6a91e7fw20h20,ultra-sun-ultra-moon
oranguru-fur,https://cdn.pokedb.org/d93fb90bdc2ee50ccb8f262d9e69f5cbd26e7e6c1bbbc5a2d18d5302aa55ed45,https://cdn.pokedb.org/d93fb90bdc2ee50ccb8f262d9e69f5cbd26e7e6c1bbbc5a2d18d5302aa55ed45w20h20,scarlet-violet
oricorio-feather,https://cdn.pokedb.org/d93fb90bdc2ee50ccb8f262d9e69f5cbd26e7e6c1bbbc5a2d18d5302aa55ed45,https://cdn.pokedb.org/d93fb90bdc2ee50ccb8f262d9e69f5cbd26e7e6c1bbbc5a2d18d5302aa55ed45w20h20,scarlet-violet
orthworm-tarnish,https://cdn.pokedb.org/d93fb90bdc2ee50ccb8f262d9e69f5cbd26e7e6c1bbbc5a2d18d5302aa55ed45,https://cdn.pokedb.org/d93fb90bdc2ee50ccb8f262d9e69f5cbd26e7e6c1bbbc5a2d18d5302aa55ed45w20h20,scarlet-violet
oval-charm,https://cdn.pokedb.org/7302902fd96ad5b964cd7b3f94f0a6015284991c4c5afda576008ef29c4f51a6,https://cdn.pokedb.org/7302902fd96ad5b964cd7b3f94f0a6015284991c4c5afda576008ef29c4f51a6w20h20,black-2-white-2
oval-charm,https://cdn.pokedb.org/a42b95803dfaf0943fdeafe9ece453570c5f653be574baa0cd3287b9673a5a10,https://cdn.pokedb.org/a42b95803dfaf0943fdeafe9ece453570c5f653be574baa0cd3287b9673a5a10w20h20,scarlet-violet
oval-charm,https://cdn.pokedb.org/a64f3f55de75cf579320104f4264606e0574bceed6b6f0c7c0836eb944f54293,https://cdn.pokedb.org/a64f3f55de75cf579320104f4264606e0574bceed6b6f0c7c0836eb944f54293w20h20,black-2-white-2
oval-charm,https://cdn.pokedb.org/26e33bb51c3ba44c3d8f2da5bc26d2e0ac5c235e4fd02142d3e1d79e0a905d77,https://cdn.pokedb.org/26e33bb51c3ba44c3d8f2da5bc26d2e0ac5c235e4fd02142d3e1d79e0a905d77w20h20,brilliant-diamond-shining-pearl
oval-stone,https://cdn.pokedb.org/f64140a7ae582bc5f1ccb9e5d49a0d0709e25ae7ae60e872a4713006115c1899,https://cdn.pokedb.org/f64140a7ae582bc5f1ccb9e5d49a0d0709e25ae7ae60e872a4713006115c1899w20h20,scarlet-violet
oval-stone,https://cdn.pokedb.org/86ab14f94a9c91b3fbde46b2cc80d584bdf383497ec2eba9acc2154fbd01df2a,https://cdn.pokedb.org/86ab14f94a9c91b3fbde46b2cc80d584bdf383497ec2eba9acc2154fbd01df2aw20h20,brilliant-diamond-shining-pearl
oval-stone,https://cdn.pokedb.org/6d1c3415dd9fbb6d401a18b43a4cbf9c9fbd5d7150c397666b8d64ab55657254,https://cdn.pokedb.org/6d1c3415dd9fbb6d401a18b43a4cbf9c9fbd5d7150c397666b8d64ab55657254w20h20,diamond-pearl
oval-stone,https://cdn.pokedb.org/44d2ede3f6f990c3bfc00abc9f8f1465694b4b0d870ff3c5546c085ea991144c,https://cdn.pokedb.org/44d2ede3f6f990c3bfc00abc9f8f1465694b4b0d870ff3c5546c085ea991144cw20h20,legends-arceus
pachirisu-fur,https://cdn.pokedb.org/d93fb90bdc2ee50ccb8f262d9e69f5cbd26e7e6c1bbbc5a2d18d5302aa55ed45,https://cdn.pokedb.org/d93fb90bdc2ee50ccb8f262d9e69f5cbd26e7e6c1bbbc5a2d18d5302aa55ed45w20h20,scarlet-violet
pack-of-potatoes,https://cdn.pokedb.org/d945fd85099e705675dfe173358aa72a1082797f050b6aded253c3c47317eb9b,https://cdn.pokedb.org/d945fd85099e705675dfe173358aa72a1082797f050b6aded253c3c47317eb9bw20h20,sword-shield
packaged-curry,https://cdn.pokedb.org/1499332e0ec22f9bad0a4f5e7b06292cae8941aaed8a341bd6735a21b67e5683,https://cdn.pokedb.org/1499332e0ec22f9bad0a4f5e7b06292cae8941aaed8a341bd6735a21b67e5683w20h20,sword-shield
pair-of-tickets,https://cdn.pokedb.org/55ee612813f9cf40fc07bbeda061e09dbc8902fc55701cfc33b5cbbdc48bc29c,https://cdn.pokedb.org/55ee612813f9cf40fc07bbeda061e09dbc8902fc55701cfc33b5cbbdc48bc29cw20h20,platinum
pal-pad,https://cdn.pokedb.org/8a098a25228b30ae0b2a8280fd82d8bd32d74ad261a1dbc770ca4ebaf3261720,https://cdn.pokedb.org/8a098a25228b30ae0b2a8280fd82d8bd32d74ad261a1dbc770ca4ebaf3261720w20h20,diamond-pearl
pal-pad,https://cdn.pokedb.org/c07623e56224f616b3696ebab9a4bfc688ab5207549b98e54d92b4fb39276aa4,https://cdn.pokedb.org/c07623e56224f616b3696ebab9a4bfc688ab5207549b98e54d92b4fb39276aa4w20h20,black-white
pamtre-berry,https://cdn.pokedb.org/00efcdb4da2615890de1aeca8a8554179eb5d553e0f37620a58b090adec76a39,https://cdn.pokedb.org/00efcdb4da2615890de1aeca8a8554179eb5d553e0f37620a58b090adec76a39w20h20,brilliant-diamond-shining-pearl
pamtre-berry,https://cdn.pokedb.org/2441863c2a87577a9d04e16d234c868648d7013e191e80e03b71f4a33885d3d6,https://cdn.pokedb.org/2441863c2a87577a9d04e16d234c868648d7013e191e80e03b71f4a33885d3d6w20h20,scarlet-violet
pamtre-berry,https://cdn.pokedb.org/e131683c0b79e5e156f608c7007ec6515a3cf033b35e6ea1d676b2456f4429b1,https://cdn.pokedb.org/e131683c0b79e5e156f608c7007ec6515a3cf033b35e6ea1d676b2456f4429b1w20h20,firered-leafgreen
pamtre-berry,https://cdn.pokedb.org/a85610031296ada7c2902e256e188bc88dba36cce7fc8814d2de55a820a559e4,https://cdn.pokedb.org/a85610031296ada7c2902e256e188bc88dba36cce7fc8814d2de55a820a559e4w20h20,ruby-sapphire
paralyze-heal,https://cdn.pokedb.org/b36e7a7ad636384caf0ddc5576dbff8197b5b7aaa0025a20f98f5a6cc02cdddc,https://cdn.pokedb.org/b36e7a7ad636384caf0ddc5576dbff8197b5b7aaa0025a20f98f5a6cc02cdddcw20h20,brilliant-diamond-shining-pearl
paralyze-heal,https://cdn.pokedb.org/add073920b1102993a052732c8929505039c5c0b01507b46eeba400228310c99,https://cdn.pokedb.org/add073920b1102993a052732c8929505039c5c0b01507b46eeba400228310c99w20h20,black-white
paralyze-heal,https://cdn.pokedb.org/0a8d4c6414aa87a7bcead125d71f9919b110b57df09a9f73d99f1c2c9ba78998,https://cdn.pokedb.org/0a8d4c6414aa87a7bcead125d71f9919b110b57df09a9f73d99f1c2c9ba78998w20h20,firered-leafgreen
paralyze-heal,https://cdn.pokedb.org/12c7aab7b9938b1b01401c15a8ff59fba64e6784207d145d8b62e50f53d509fa,https://cdn.pokedb.org/12c7aab7b9938b1b01401c15a8ff59fba64e6784207d145d8b62e50f53d509faw20h20,scarlet-violet
paras-candy,https://cdn.pokedb.org/1bd0a86c68f82b7dd3cdcd087e769610cb6e01693238c1527bb9615b27cb58e2,https://cdn.pokedb.org/1bd0a86c68f82b7dd3cdcd087e769610cb6e01693238c1527bb9615b27cb58e2w20h20,go
parasol-pick,https://cdn.pokedb.org/69295ed4a7b4fa84f5af830ac5945b1da8d4889391e7886c6432ab9c16239824,https://cdn.pokedb.org/69295ed4a7b4fa84f5af830ac5945b1da8d4889391e7886c6432ab9c16239824w20h20,scarlet-violet
parcel,https://cdn.pokedb.org/b59de2f4ef0ccc23e863eb07664329e478775fcbba541540bb72986cb7e3c251,https://cdn.pokedb.org/b59de2f4ef0ccc23e863eb07664329e478775fcbba541540bb72986cb7e3c251w20h20,brilliant-diamond-shining-pearl
parcel,https://cdn.pokedb.org/8ba9338bf1bc0cfbcdd1890fba0144edbfffe7cbae7da057489d7044f9e856a0,https://cdn.pokedb.org/8ba9338bf1bc0cfbcdd1890fba0144edbfffe7cbae7da057489d7044f9e856a0w20h20,firered-leafgreen
park-ball,https://cdn.pokedb.org/f818027bd02b785432ff722f8a93d078c17a24a016adaf9aafb1eed093783e78,https://cdn.pokedb.org/f818027bd02b785432ff722f8a93d078c17a24a016adaf9aafb1eed093783e78w20h20,scarlet-violet
park-ball,https://cdn.pokedb.org/cc9da48cb064506691421450549712257bdc50c276cc669522864a5ecdd3bb1d,https://cdn.pokedb.org/cc9da48cb064506691421450549712257bdc50c276cc669522864a5ecdd3bb1dw20h20,heartgold-soulsilver
park-ball,https://cdn.pokedb.org/660babf52c9a016c66d324bc7b5946834b9167ef67dde8322e7130c5e7f44714,https://cdn.pokedb.org/660babf52c9a016c66d324bc7b5946834b9167ef67dde8322e7130c5e7f44714w20h20,black-white
park-ball,https://cdn.pokedb.org/901d176da49f1b409bc284e31fe49838b78ea63e926bfcbc25c9b9f321b93c2f,https://cdn.pokedb.org/901d176da49f1b409bc284e31fe49838b78ea63e926bfcbc25c9b9f321b93c2fw20h20,brilliant-diamond-shining-pearl
party-sparkler-pick,https://cdn.pokedb.org/69295ed4a7b4fa84f5af830ac5945b1da8d4889391e7886c6432ab9c16239824,https://cdn.pokedb.org/69295ed4a7b4fa84f5af830ac5945b1da8d4889391e7886c6432ab9c16239824w20h20,scarlet-violet
pass,https://cdn.pokedb.org/6d8f2120d55b08f6f8b987cc90cf9f46899c3ba0f83ace9ab92186b0069b8062,https://cdn.pokedb.org/6d8f2120d55b08f6f8b987cc90cf9f46899c3ba0f83ace9ab92186b0069b8062w20h20,heartgold-soulsilver
pass,https://cdn.pokedb.org/1379c40e5775d6bc21546735862b921deab5d31eaad425d31b3bf7ceb0eb97d5,https://cdn.pokedb.org/1379c40e5775d6bc21546735862b921deab5d31eaad425d31b3bf7ceb0eb97d5w20h20,black-white
pass-orb,https://cdn.pokedb.org/1379c40e5775d6bc21546735862b921deab5d31eaad425d31b3bf7ceb0eb97d5,https://cdn.pokedb.org/1379c40e5775d6bc21546735862b921deab5d31eaad425d31b3bf7ceb0eb97d5w20h20,black-white
passho-berry,https://cdn.pokedb.org/8bafdc7be8024099163d47c1b435486724f8487f41f0a760f29ffe587fc66eea,https://cdn.pokedb.org/8bafdc7be8024099163d47c1b435486724f8487f41f0a760f29ffe587fc66eeaw20h20,diamond-pearl
passho-berry,https://cdn.pokedb.org/8fd309431535cd09ef56d92be2984d7540ccc444aadeec7e727010f89333b0c4,https://cdn.pokedb.org/8fd309431535cd09ef56d92be2984d7540ccc444aadeec7e727010f89333b0c4w20h20,scarlet-violet
passho-berry,https://cdn.pokedb.org/1e5447026e74fde95487c3f414c84f446e17d0b65a24aa5e6d09cd40c7c2fe1c,https://cdn.pokedb.org/1e5447026e74fde95487c3f414c84f446e17d0b65a24aa5e6d09cd40c7c2fe1cw20h20,brilliant-diamond-shining-pearl
passimian-fur,https://cdn.pokedb.org/d93fb90bdc2ee50ccb8f262d9e69f5cbd26e7e6c1bbbc5a2d18d5302aa55ed45,https://cdn.pokedb.org/d93fb90bdc2ee50ccb8f262d9e69f5cbd26e7e6c1bbbc5a2d18d5302aa55ed45w20h20,scarlet-violet
pasta,https://cdn.pokedb.org/2afc185e3744acdf03dfa57a0096f84a3c4dd8aff177f9e9e12df0130669280f,https://cdn.pokedb.org/2afc185e3744acdf03dfa57a0096f84a3c4dd8aff177f9e9e12df0130669280fw20h20,sword-shield
pawmi-fur,https://cdn.pokedb.org/d93fb90bdc2ee50ccb8f262d9e69f5cbd26e7e6c1bbbc5a2d18d5302aa55ed45,https://cdn.pokedb.org/d93fb90bdc2ee50ccb8f262d9e69f5cbd26e7e6c1bbbc5a2d18d5302aa55ed45w20h20,scarlet-violet
pawniard-blade,https://cdn.pokedb.org/d93fb90bdc2ee50ccb8f262d9e69f5cbd26e7e6c1bbbc5a2d18d5302aa55ed45,https://cdn.pokedb.org/d93fb90bdc2ee50ccb8f262d9e69f5cbd26e7e6c1bbbc5a2d18d5302aa55ed45w20h20,scarlet-violet
payapa-berry,https://cdn.pokedb.org/2efda45b5250ebcb31c1bfce924f17560e70aff9320b8ad687c4763e58f65538,https://cdn.pokedb.org/2efda45b5250ebcb31c1bfce924f17560e70aff9320b8ad687c4763e58f65538w20h20,diamond-pearl
payapa-berry,https://cdn.pokedb.org/7d3affb313dbfb40ab8d6d04ed27bb7a77c0aac3e4eca4d17d617353d57b3306,https://cdn.pokedb.org/7d3affb313dbfb40ab8d6d04ed27bb7a77c0aac3e4eca4d17d617353d57b3306w20h20,scarlet-violet
payapa-berry,https://cdn.pokedb.org/404178e1b8386e15bc7b4ff28725e4da919ae544ba2adebb26626901ea05044f,https://cdn.pokedb.org/404178e1b8386e15bc7b4ff28725e4da919ae544ba2adebb26626901ea05044fw20h20,brilliant-diamond-shining-pearl
peach-tablecloth,https://cdn.pokedb.org/69295ed4a7b4fa84f5af830ac5945b1da8d4889391e7886c6432ab9c16239824,https://cdn.pokedb.org/69295ed4a7b4fa84f5af830ac5945b1da8d4889391e7886c6432ab9c16239824w20h20,scarlet-violet
peanut-butter,https://cdn.pokedb.org/b50e0f301ac61393f99b8706deee7f5d141786372c1078ea503067b7221aacd8,https://cdn.pokedb.org/b50e0f301ac61393f99b8706deee7f5d141786372c1078ea503067b7221aacd8w20h20,scarlet-violet
pearl,https://cdn.pokedb.org/bd85cc52a73a806933bb80befd2a61d553c636291c75ac9c8e2ae3f663362642,https://cdn.pokedb.org/bd85cc52a73a806933bb80befd2a61d553c636291c75ac9c8e2ae3f663362642w20h20,firered-leafgreen
pearl,https://cdn.pokedb.org/7dcf60a2563838e3a30d51c405d02a8506f6ae22cb0e9c6844c5c921350796ba,https://cdn.pokedb.org/7dcf60a2563838e3a30d51c405d02a8506f6ae22cb0e9c6844c5c921350796baw20h20,scarlet-violet
pearl,https://cdn.pokedb.org/2d32f626bb9727049b2a9958801e31e31f38682069658f0c8c3ff8e65e2ed9f1,https://cdn.pokedb.org/2d32f626bb9727049b2a9958801e31e31f38682069658f0c8c3ff8e65e2ed9f1w20h20,brilliant-diamond-shining-pearl
pearl-string,https://cdn.pokedb.org/31639189af34043f46679bea2b55c2b7e5a63c5d8ff42d04bfa85141d39727d7,https://cdn.pokedb.org/31639189af34043f46679bea2b55c2b7e5a63c5d8ff42d04bfa85141d39727d7w20h20,scarlet-violet
pearl-string,https://cdn.pokedb.org/5232484553e5830ca20ea42dda0360ecfe2d7443a20bf858d44aada49473ca80,https://cdn.pokedb.org/5232484553e5830ca20ea42dda0360ecfe2d7443a20bf858d44aada49473ca80w20h20,black-white
peat-block,https://cdn.pokedb.org/0ef1d10f71a17249b103c87b573546b3c81d98e06d4911aec25b15ee9024570a,https://cdn.pokedb.org/0ef1d10f71a17249b103c87b573546b3c81d98e06d4911aec25b15ee9024570aw20h20,legends-arceus
peat-block,https://cdn.pokedb.org/d48c8c2a43cb514ff0e48368ab5dfe8d1a4d6cb1584d336ffc533f09108856a0,https://cdn.pokedb.org/d48c8c2a43cb514ff0e48368ab5dfe8d1a4d6cb1584d336ffc533f09108856a0w20h20,scarlet-violet
pecha-berry,https://cdn.pokedb.org/82b3a98c395079d47b5e01d2265ca6c388471d5d53a3792a43b109a1598ff985,https://cdn.pokedb.org/82b3a98c395079d47b5e01d2265ca6c388471d5d53a3792a43b109a1598ff985w20h20,brilliant-diamond-shining-pearl
pecha-berry,https://cdn.pokedb.org/1d57a78ec84e56d15b774a30038ebda6de9e09a9761b5f5bd3aea7d5ed1abd73,https://cdn.pokedb.org/1d57a78ec84e56d15b774a30038ebda6de9e09a9761b5f5bd3aea7d5ed1abd73w20h20,ruby-sapphire
pecha-berry,https://cdn.pokedb.org/83ef417f3edbdea8e0420d5a6ac9eb3785ead9b4bc10e3c3115792b44c466c77,https://cdn.pokedb.org/83ef417f3edbdea8e0420d5a6ac9eb3785ead9b4bc10e3c3115792b44c466c77w20h20,firered-leafgreen
pecha-berry,https://cdn.pokedb.org/3a488cc636fcc853994b02ce9031258569c3fd00702e51c2c2662778a5bd5d8f,https://cdn.pokedb.org/3a488cc636fcc853994b02ce9031258569c3fd00702e51c2c2662778a5bd5d8fw20h20,legends-arceus
pecha-berry,https://cdn.pokedb.org/f4d08c0c911a70c98ea25aa5b4785623362707442fd29e48c57fb5d25945af5b,https://cdn.pokedb.org/f4d08c0c911a70c98ea25aa5b4785623362707442fd29e48c57fb5d25945af5bw20h20,scarlet-violet
pepper,https://cdn.pokedb.org/14d5896bce4bd1399e381b140ac414d6c0ecd26e1602a211389975c50cb9f40f,https://cdn.pokedb.org/14d5896bce4bd1399e381b140ac414d6c0ecd26e1602a211389975c50cb9f40fw20h20,scarlet-violet
permit,https://cdn.pokedb.org/d5c4858348db4ef09b17b42890ab6d94982360e899fab7895b639c461ad22859,https://cdn.pokedb.org/d5c4858348db4ef09b17b42890ab6d94982360e899fab7895b639c461ad22859w20h20,black-2-white-2
permit,https://cdn.pokedb.org/b1053e54f37c29310cf61c482da6826221ccff6ff0cd2f72c9e9201730ecca3c,https://cdn.pokedb.org/b1053e54f37c29310cf61c482da6826221ccff6ff0cd2f72c9e9201730ecca3cw20h20,black-2-white-2
persim-berry,https://cdn.pokedb.org/471d11b2281f39cfde2bf375367624469e6d1b88acb5424146c8e2bc697b4bff,https://cdn.pokedb.org/471d11b2281f39cfde2bf375367624469e6d1b88acb5424146c8e2bc697b4bffw20h20,firered-leafgreen
persim-berry,https://cdn.pokedb.org/dafbfda9df0e4118b5bb506b77fab18d6ba0e891f67f44ac1a63abd476f66ec2,https://cdn.pokedb.org/dafbfda9df0e4118b5bb506b77fab18d6ba0e891f67f44ac1a63abd476f66ec2w20h20,brilliant-diamond-shining-pearl
persim-berry,https://cdn.pokedb.org/04c0ba35cf96538d2b00610d825d118b58374b238ce3064d01a7f4d125f3d139,https://cdn.pokedb.org/04c0ba35cf96538d2b00610d825d118b58374b238ce3064d01a7f4d125f3d139w20h20,scarlet-violet
persim-berry,https://cdn.pokedb.org/17a7207b8c2855bd59c5cfea671bb00e8a51b8415eb6455ddc553fa1f7fbba46,https://cdn.pokedb.org/17a7207b8c2855bd59c5cfea671bb00e8a51b8415eb6455ddc553fa1f7fbba46w20h20,ruby-sapphire
petaya-berry,https://cdn.pokedb.org/eaec49074cecdd5203ad91353ba21e76606d00059b8c35a01787e982ae967946,https://cdn.pokedb.org/eaec49074cecdd5203ad91353ba21e76606d00059b8c35a01787e982ae967946w20h20,firered-leafgreen
petaya-berry,https://cdn.pokedb.org/1a43e1eee8772e7475324da5876b000d0458bee574124b500d78a9192b5b640d,https://cdn.pokedb.org/1a43e1eee8772e7475324da5876b000d0458bee574124b500d78a9192b5b640dw20h20,brilliant-diamond-shining-pearl
petaya-berry,https://cdn.pokedb.org/29f14cb1996860a6deb0c716302c4111ff79eb82667c17b4350ab8587df96ad8,https://cdn.pokedb.org/29f14cb1996860a6deb0c716302c4111ff79eb82667c17b4350ab8587df96ad8w20h20,scarlet-violet
petaya-berry,https://cdn.pokedb.org/eca37c2acce7345a974e47eb2b4b6127f7bc56dbf52056c18daa1d3a16f352a5,https://cdn.pokedb.org/eca37c2acce7345a974e47eb2b4b6127f7bc56dbf52056c18daa1d3a16f352a5w20h20,ruby-sapphire
petilil-leaf,https://cdn.pokedb.org/d93fb90bdc2ee50ccb8f262d9e69f5cbd26e7e6c1bbbc5a2d18d5302aa55ed45,https://cdn.pokedb.org/d93fb90bdc2ee50ccb8f262d9e69f5cbd26e7e6c1bbbc5a2d18d5302aa55ed45w20h20,scarlet-violet
pewter-crunchies,https://cdn.pokedb.org/3086a6fe7a41a450a929900e7e4c896da51fb760daa530185f43735f40ea21f3,https://cdn.pokedb.org/3086a6fe7a41a450a929900e7e4c896da51fb760daa530185f43735f40ea21f3w20h20,lets-go-pikachu-lets-go-eevee
phanpy-nail,https://cdn.pokedb.org/d93fb90bdc2ee50ccb8f262d9e69f5cbd26e7e6c1bbbc5a2d18d5302aa55ed45,https://cdn.pokedb.org/d93fb90bdc2ee50ccb8f262d9e69f5cbd26e7e6c1bbbc5a2d18d5302aa55ed45w20h20,scarlet-violet
phantump-twig,https://cdn.pokedb.org/d93fb90bdc2ee50ccb8f262d9e69f5cbd26e7e6c1bbbc5a2d18d5302aa55ed45,https://cdn.pokedb.org/d93fb90bdc2ee50ccb8f262d9e69f5cbd26e7e6c1bbbc5a2d18d5302aa55ed45w20h20,scarlet-violet
photo-album,https://cdn.pokedb.org/807506d9abb0c4fb583f1216caa10be6b08f2bc3f3f18e0c0ffd989cb2ccc66d,https://cdn.pokedb.org/807506d9abb0c4fb583f1216caa10be6b08f2bc3f3f18e0c0ffd989cb2ccc66dw20h20,heartgold-soulsilver
pichu-fur,https://cdn.pokedb.org/d93fb90bdc2ee50ccb8f262d9e69f5cbd26e7e6c1bbbc5a2d18d5302aa55ed45,https://cdn.pokedb.org/d93fb90bdc2ee50ccb8f262d9e69f5cbd26e7e6c1bbbc5a2d18d5302aa55ed45w20h20,scarlet-violet
pickle,https://cdn.pokedb.org/40131e6e1672704952ac54bf791acc83f9341e107e188dbdf0eee4ef9a856ef8,https://cdn.pokedb.org/40131e6e1672704952ac54bf791acc83f9341e107e188dbdf0eee4ef9a856ef8w20h20,scarlet-violet
picnic-set,https://cdn.pokedb.org/69295ed4a7b4fa84f5af830ac5945b1da8d4889391e7886c6432ab9c16239824,https://cdn.pokedb.org/69295ed4a7b4fa84f5af830ac5945b1da8d4889391e7886c6432ab9c16239824w20h20,scarlet-violet
pidgeotite,https://cdn.pokedb.org/3e798f8a8b74df7fca2567a753a79d6eef4a0da9d145ad7f474f02be332a5036,https://cdn.pokedb.org/3e798f8a8b74df7fca2567a753a79d6eef4a0da9d145ad7f474f02be332a5036w20h20,platinum
pidgey-candy,https://cdn.pokedb.org/0e6cb1fcfba1551f901ec8ed2d1b53b891bb4f8d5ea8dd1573d49b6175bc9045,https://cdn.pokedb.org/0e6cb1fcfba1551f901ec8ed2d1b53b891bb4f8d5ea8dd1573d49b6175bc9045w20h20,go
pika-pika-pick,https://cdn.pokedb.org/69295ed4a7b4fa84f5af830ac5945b1da8d4889391e7886c6432ab9c16239824,https://cdn.pokedb.org/69295ed4a7b4fa84f5af830ac5945b1da8d4889391e7886c6432ab9c16239824w20h20,scarlet-violet
pikachu-candy,https://cdn.pokedb.org/f247426f007a4627bfaabc2f417e829f1bf98f06565afae809cc9f24c788184d,https://cdn.pokedb.org/f247426f007a4627bfaabc2f417e829f1bf98f06565afae809cc9f24c788184dw20h20,go
pikachu-cup,https://cdn.pokedb.org/69295ed4a7b4fa84f5af830ac5945b1da8d4889391e7886c6432ab9c16239824,https://cdn.pokedb.org/69295ed4a7b4fa84f5af830ac5945b1da8d4889391e7886c6432ab9c16239824w20h20,scarlet-violet
pikanium-z,https://cdn.pokedb.org/de4d4fdb911aa8084211bf2e6035e04bfcf830e61117deee95bfe9a38808da18,https://cdn.pokedb.org/de4d4fdb911aa8084211bf2e6035e04bfcf830e61117deee95bfe9a38808da18w20h20,sun-moon
pikanium-z,https://cdn.pokedb.org/3fda5124a11a576fbcf854b190f15c81cd61f2fad79c655cfdc3d968d962b004,https://cdn.pokedb.org/3fda5124a11a576fbcf854b190f15c81cd61f2fad79c655cfdc3d968d962b004w20h20,sun-moon
pikashunium-z,https://cdn.pokedb.org/81835d9e1cbcf852ac4ccfd5b4efe5741bbef34ad6c14da9272f0b0e3ac85f16,https://cdn.pokedb.org/81835d9e1cbcf852ac4ccfd5b4efe5741bbef34ad6c14da9272f0b0e3ac85f16w20h20,sun-moon
pikashunium-z,https://cdn.pokedb.org/c513bd53c48999ae6b23e213c7254dc55a7b0eb502c0c4d06103a1297bea46ae,https://cdn.pokedb.org/c513bd53c48999ae6b23e213c7254dc55a7b0eb502c0c4d06103a1297bea46aew20h20,sun-moon
pikipek-feather,https://cdn.pokedb.org/d93fb90bdc2ee50ccb8f262d9e69f5cbd26e7e6c1bbbc5a2d18d5302aa55ed45,https://cdn.pokedb.org/d93fb90bdc2ee50ccb8f262d9e69f5cbd26e7e6c1bbbc5a2d18d5302aa55ed45w20h20,scarlet-violet
pinap-berry,https://cdn.pokedb.org/31c93bfb98eb6cff108b948d1ff7521a871803cd7988cefa0edbd8a3e42c2304,https://cdn.pokedb.org/31c93bfb98eb6cff108b948d1ff7521a871803cd7988cefa0edbd8a3e42c2304w20h20,firered-leafgreen
pinap-berry,https://cdn.pokedb.org/31c3d8177f5999b854bafa28952ecd25d53cec2d75bb7b743907c816cf7b93e2,https://cdn.pokedb.org/31c3d8177f5999b854bafa28952ecd25d53cec2d75bb7b743907c816cf7b93e2w20h20,brilliant-diamond-shining-pearl
pinap-berry,https://cdn.pokedb.org/36d51ec301b6dc6c15802b653211ff2017dc79e1cb00ffc408b6e3f5d3dc8ddd,https://cdn.pokedb.org/36d51ec301b6dc6c15802b653211ff2017dc79e1cb00ffc408b6e3f5d3dc8dddw20h20,ruby-sapphire
pinap-berry,https://cdn.pokedb.org/daa03b563d99f10aae8e722aec11cf6c03fc6a47853a75902bf08e620950903a,https://cdn.pokedb.org/daa03b563d99f10aae8e722aec11cf6c03fc6a47853a75902bf08e620950903aw20h20,scarlet-violet
pinap-berry,https://cdn.pokedb.org/21e1be8ab04b2e66aa8c2cc510d2b9455f1d8b3accd7c49da35cbf9b95bea704,https://cdn.pokedb.org/21e1be8ab04b2e66aa8c2cc510d2b9455f1d8b3accd7c49da35cbf9b95bea704w20h20,legends-arceus
pincurchin-spines,https://cdn.pokedb.org/d93fb90bdc2ee50ccb8f262d9e69f5cbd26e7e6c1bbbc5a2d18d5302aa55ed45,https://cdn.pokedb.org/d93fb90bdc2ee50ccb8f262d9e69f5cbd26e7e6c1bbbc5a2d18d5302aa55ed45w20h20,scarlet-violet
pineapple,https://cdn.pokedb.org/b16b992dd7681dc9889f2931eedc4db7f92bd29f49fe98b78eaa2ae7a4d26bd5,https://cdn.pokedb.org/b16b992dd7681dc9889f2931eedc4db7f92bd29f49fe98b78eaa2ae7a4d26bd5w20h20,scarlet-violet
pineco-husk,https://cdn.pokedb.org/d93fb90bdc2ee50ccb8f262d9e69f5cbd26e7e6c1bbbc5a2d18d5302aa55ed45,https://cdn.pokedb.org/d93fb90bdc2ee50ccb8f262d9e69f5cbd26e7e6c1bbbc5a2d18d5302aa55ed45w20h20,scarlet-violet
pink-apricorn,https://cdn.pokedb.org/c96f04ab409e74f9a6a93b70ddc990bc74b53ea8fe29f46b44fa2eab0c6fe379,https://cdn.pokedb.org/c96f04ab409e74f9a6a93b70ddc990bc74b53ea8fe29f46b44fa2eab0c6fe379w20h20,heartgold-soulsilver
pink-apricorn,https://cdn.pokedb.org/d1f05ae64525f8d0463ee392f30f5d2966fc754af08d02b5f232035789c5de6b,https://cdn.pokedb.org/d1f05ae64525f8d0463ee392f30f5d2966fc754af08d02b5f232035789c5de6bw20h20,scarlet-violet
pink-bottle,https://cdn.pokedb.org/69295ed4a7b4fa84f5af830ac5945b1da8d4889391e7886c6432ab9c16239824,https://cdn.pokedb.org/69295ed4a7b4fa84f5af830ac5945b1da8d4889391e7886c6432ab9c16239824w20h20,scarlet-violet
pink-cup,https://cdn.pokedb.org/69295ed4a7b4fa84f5af830ac5945b1da8d4889391e7886c6432ab9c16239824,https://cdn.pokedb.org/69295ed4a7b4fa84f5af830ac5945b1da8d4889391e7886c6432ab9c16239824w20h20,scarlet-violet
pink-nectar,https://cdn.pokedb.org/c8b05648cadbe7dfba5de3d28189275f9313be79b11382dd9876b127c7437cbe,https://cdn.pokedb.org/c8b05648cadbe7dfba5de3d28189275f9313be79b11382dd9876b127c7437cbew20h20,scarlet-violet
pink-nectar,https://cdn.pokedb.org/82935acbc9b94bd9520b028752bead6f5124c5413cf20bba73f4003953ba1743,https://cdn.pokedb.org/82935acbc9b94bd9520b028752bead6f5124c5413cf20bba73f4003953ba1743w20h20,sun-moon
pink-petal,https://cdn.pokedb.org/1c294f9f94fb06bcf9e4c94bbf25e378d7a76f73e4adb27d0618c5abe69c885f,https://cdn.pokedb.org/1c294f9f94fb06bcf9e4c94bbf25e378d7a76f73e4adb27d0618c5abe69c885fw20h20,ultra-sun-ultra-moon
pink-petal,https://cdn.pokedb.org/194373e480e4cd24234fe8e5c6d56e03a5129b279719f54d5bcc7bb2c51f7b55,https://cdn.pokedb.org/194373e480e4cd24234fe8e5c6d56e03a5129b279719f54d5bcc7bb2c51f7b55w20h20,ultra-sun-ultra-moon
pink-scarf,https://cdn.pokedb.org/3a43f8faa6eb5c0d2531bbf5149e74c1c32f38c241c459f1895ea0ce4cf14404,https://cdn.pokedb.org/3a43f8faa6eb5c0d2531bbf5149e74c1c32f38c241c459f1895ea0ce4cf14404w20h20,firered-leafgreen
pink-scarf,https://cdn.pokedb.org/df13287247ee8f4b01564dd955d309183aa3cdb3a2d2d755c6919c32638e820a,https://cdn.pokedb.org/df13287247ee8f4b01564dd955d309183aa3cdb3a2d2d755c6919c32638e820aw20h20,brilliant-diamond-shining-pearl
pink-tablecloth,https://cdn.pokedb.org/69295ed4a7b4fa84f5af830ac5945b1da8d4889391e7886c6432ab9c16239824,https://cdn.pokedb.org/69295ed4a7b4fa84f5af830ac5945b1da8d4889391e7886c6432ab9c16239824w20h20,scarlet-violet
pinsir-candy,https://cdn.pokedb.org/d69492d01e3477dc98771893065ac1e623f78e3b17eaf69177e82496a8ace92d,https://cdn.pokedb.org/d69492d01e3477dc98771893065ac1e623f78e3b17eaf69177e82496a8ace92dw20h20,go
pinsirite,https://cdn.pokedb.org/765c277f98d394d560fc4bc9032a7a89a8163269eaad616ae93523f6104f4d2b,https://cdn.pokedb.org/765c277f98d394d560fc4bc9032a7a89a8163269eaad616ae93523f6104f4d2bw20h20,x-y
pixie-plate,https://cdn.pokedb.org/3c9900aa100898fd8cceac7a9ac3665b792c7bebbcad2854d4d6af635871f91e,https://cdn.pokedb.org/3c9900aa100898fd8cceac7a9ac3665b792c7bebbcad2854d4d6af635871f91ew20h20,brilliant-diamond-shining-pearl
pixie-plate,https://cdn.pokedb.org/fb81ed0ec8eb461bb9fe29315f0a23009665e6c0e5ce67d6cb70622a3154cc9f,https://cdn.pokedb.org/fb81ed0ec8eb461bb9fe29315f0a23009665e6c0e5ce67d6cb70622a3154cc9fw20h20,x-y
pixie-plate,https://cdn.pokedb.org/dbe03a8ea1bb69e7b467647e1cae371300c872a7aedf6fcf0286e267da2c14cb,https://cdn.pokedb.org/dbe03a8ea1bb69e7b467647e1cae371300c872a7aedf6fcf0286e267da2c14cbw20h20,scarlet-violet
plaid-tablecloth-b,https://cdn.pokedb.org/69295ed4a7b4fa84f5af830ac5945b1da8d4889391e7886c6432ab9c16239824,https://cdn.pokedb.org/69295ed4a7b4fa84f5af830ac5945b1da8d4889391e7886c6432ab9c16239824w20h20,scarlet-violet
plaid-tablecloth-r,https://cdn.pokedb.org/69295ed4a7b4fa84f5af830ac5945b1da8d4889391e7886c6432ab9c16239824,https://cdn.pokedb.org/69295ed4a7b4fa84f5af830ac5945b1da8d4889391e7886c6432ab9c16239824w20h20,scarlet-violet
plaid-tablecloth-y,https://cdn.pokedb.org/69295ed4a7b4fa84f5af830ac5945b1da8d4889391e7886c6432ab9c16239824,https://cdn.pokedb.org/69295ed4a7b4fa84f5af830ac5945b1da8d4889391e7886c6432ab9c16239824w20h20,scarlet-violet
plasma-card,https://cdn.pokedb.org/aebb0a7a860b870f67400485c49f5e85318342849f81e2732b46bd7687dc73ff,https://cdn.pokedb.org/aebb0a7a860b870f67400485c49f5e85318342849f81e2732b46bd7687dc73ffw20h20,black-2-white-2
plasma-card,https://cdn.pokedb.org/97c2fa2619b6371f1af7f327efdf280261b8a8c7539b5f50a9867acda086c5e1,https://cdn.pokedb.org/97c2fa2619b6371f1af7f327efdf280261b8a8c7539b5f50a9867acda086c5e1w20h20,black-2-white-2
plume-fossil,https://cdn.pokedb.org/04ba0204de31928a9c6b1372b8b577f5f97f5cef14aabe43573f820424a08107,https://cdn.pokedb.org/04ba0204de31928a9c6b1372b8b577f5f97f5cef14aabe43573f820424a08107w20h20,black-white
poffin-case,https://cdn.pokedb.org/4f20ceafaf44ff615f61fe762ca46eb360e98c39c3104936265f90bd947c7deb,https://cdn.pokedb.org/4f20ceafaf44ff615f61fe762ca46eb360e98c39c3104936265f90bd947c7debw20h20,brilliant-diamond-shining-pearl
poffin-case,https://cdn.pokedb.org/b12b9bae9a7ed19bbc5df69bf3e69732196528da9a7c409ad39a5af2d388febf,https://cdn.pokedb.org/b12b9bae9a7ed19bbc5df69bf3e69732196528da9a7c409ad39a5af2d388febfw20h20,diamond-pearl
point-card,https://cdn.pokedb.org/56345e1899835e50b52c3b49858a4eff33030a4daf3ddd98a395341e68c9dd2e,https://cdn.pokedb.org/56345e1899835e50b52c3b49858a4eff33030a4daf3ddd98a395341e68c9dd2ew20h20,brilliant-diamond-shining-pearl
point-card,https://cdn.pokedb.org/cc974c3250a83efbc2fd0518495447e2a5627cf1d4fa207b41acbaec12d5ef17,https://cdn.pokedb.org/cc974c3250a83efbc2fd0518495447e2a5627cf1d4fa207b41acbaec12d5ef17w20h20,diamond-pearl
poison-barb,https://cdn.pokedb.org/83b274fb542ae754958feef999e8018f75e6f0d237d67def5806c72659ac3e0b,https://cdn.pokedb.org/83b274fb542ae754958feef999e8018f75e6f0d237d67def5806c72659ac3e0bw20h20,brilliant-diamond-shining-pearl
poison-barb,https://cdn.pokedb.org/a4f25ad912852d8c1c299f40829490e1804f16d97662efc24606001469c1f232,https://cdn.pokedb.org/a4f25ad912852d8c1c299f40829490e1804f16d97662efc24606001469c1f232w20h20,scarlet-violet
poison-barb,https://cdn.pokedb.org/a1f5d8597d54daa29e13889d890b84c3fa81f1eb2b38a1217d5f9512d1396209,https://cdn.pokedb.org/a1f5d8597d54daa29e13889d890b84c3fa81f1eb2b38a1217d5f9512d1396209w20h20,firered-leafgreen
poison-gem,https://cdn.pokedb.org/1097d152b04cfe6fc74b29501fcf1da60fbdd1473803b11ef3d03a66741f3789,https://cdn.pokedb.org/1097d152b04cfe6fc74b29501fcf1da60fbdd1473803b11ef3d03a66741f3789w20h20,black-white
poison-memory,https://cdn.pokedb.org/1e0374faba6f1c58a2578609f2dcd179f014d6ffdc44ef6e090aa7bfe837c6c6,https://cdn.pokedb.org/1e0374faba6f1c58a2578609f2dcd179f014d6ffdc44ef6e090aa7bfe837c6c6w20h20,sun-moon
poison-tera-shard,https://cdn.pokedb.org/d20b41e980b013b70300b4f3f78027b704f45e6a9485d8758c4cca7b8fd3975a,https://cdn.pokedb.org/d20b41e980b013b70300b4f3f78027b704f45e6a9485d8758c4cca7b8fd3975aw20h20,scarlet-violet
poisonium-z,https://cdn.pokedb.org/edbcef3851f9a9bc644d2a69df64b052a633f0012e8c78fd385cceaeff470e73,https://cdn.pokedb.org/edbcef3851f9a9bc644d2a69df64b052a633f0012e8c78fd385cceaeff470e73w20h20,sun-moon
poisonium-z,https://cdn.pokedb.org/692941324f89065e3a9693a98dd8c97a72e91ae2d3229a7693f070c81febae68,https://cdn.pokedb.org/692941324f89065e3a9693a98dd8c97a72e91ae2d3229a7693f070c81febae68w20h20,sun-moon
poke-ball,https://cdn.pokedb.org/8f6b8047e272ddcdc7bb567e7fbe976d8c6291d8a06561145b93a3103f50a431,https://cdn.pokedb.org/8f6b8047e272ddcdc7bb567e7fbe976d8c6291d8a06561145b93a3103f50a431w20h20,home-mobile
poke-ball,https://cdn.pokedb.org/acc57458a17f1c2a81ad6c51b01b81a358ca26be8ce657b5e57525f75836f638,https://cdn.pokedb.org/acc57458a17f1c2a81ad6c51b01b81a358ca26be8ce657b5e57525f75836f638w20h20,home
poke-ball,https://cdn.pokedb.org/03e67137960998e9c28b4bdef1c4b6dfa76e38f100a29878d84971950dcd181a,https://cdn.pokedb.org/03e67137960998e9c28b4bdef1c4b6dfa76e38f100a29878d84971950dcd181aw20h20,scarlet-violet
poke-ball,https://cdn.pokedb.org/253ef38650bd458c63a17232edcc33c66bcd9e5ba6d9e9ceb79a114eb08da9a3,https://cdn.pokedb.org/253ef38650bd458c63a17232edcc33c66bcd9e5ba6d9e9ceb79a114eb08da9a3w20h20,firered-leafgreen
poke-ball,https://cdn.pokedb.org/66abbb036477b34bc4f9626b0ec62a403a9a8b18919ec2d1901f54e4400e8d4c,https://cdn.pokedb.org/66abbb036477b34bc4f9626b0ec62a403a9a8b18919ec2d1901f54e4400e8d4cw20h20,brilliant-diamond-shining-pearl
poke-ball,https://cdn.pokedb.org/56eb7897fd0a4ddbe8d8b4c2038e8c4454909258da915043f6d0042f87805351,https://cdn.pokedb.org/56eb7897fd0a4ddbe8d8b4c2038e8c4454909258da915043f6d0042f87805351w20h20,legends-arceus
poke-ball,https://cdn.pokedb.org/8888a14e2e8c41d6d985725b16568dd8f75888cdaf222015d3e77acf0ebd6d6b,https://cdn.pokedb.org/8888a14e2e8c41d6d985725b16568dd8f75888cdaf222015d3e77acf0ebd6d6bw20h20,home-mobile
poke-doll,https://cdn.pokedb.org/72128cdef5898d0b571194b00cc3e863178c511e1dac0bdc23aa34720c7ee68b,https://cdn.pokedb.org/72128cdef5898d0b571194b00cc3e863178c511e1dac0bdc23aa34720c7ee68bw20h20,scarlet-violet
poke-doll,https://cdn.pokedb.org/8344b3f20317be2ad14f432e5b3e3befaec1a07bb1843e96185a04e48dc9ee4e,https://cdn.pokedb.org/8344b3f20317be2ad14f432e5b3e3befaec1a07bb1843e96185a04e48dc9ee4ew20h20,firered-leafgreen
poke-doll,https://cdn.pokedb.org/cac292a0df66df017d66d5aba4d068e7371f1093e480942a1f0db5376f23289e,https://cdn.pokedb.org/cac292a0df66df017d66d5aba4d068e7371f1093e480942a1f0db5376f23289ew20h20,brilliant-diamond-shining-pearl
poke-flute,https://cdn.pokedb.org/378076c687cef8906d223cadf62d02cd1c0457132598c503c157f82626ec79c6,https://cdn.pokedb.org/378076c687cef8906d223cadf62d02cd1c0457132598c503c157f82626ec79c6w20h20,x-y
poke-flute,https://cdn.pokedb.org/e11e13776316f77cfa184e05a2f32c5836d9b4df0087615fbbfc380545d1913b,https://cdn.pokedb.org/e11e13776316f77cfa184e05a2f32c5836d9b4df0087615fbbfc380545d1913bw20h20,firered-leafgreen
poke-radar,https://cdn.pokedb.org/6b1f98397cb362c34dd9dcb7cb8bb0112ae4c770fb3573328a2dfac7555960b1,https://cdn.pokedb.org/6b1f98397cb362c34dd9dcb7cb8bb0112ae4c770fb3573328a2dfac7555960b1w20h20,diamond-pearl
poke-radar,https://cdn.pokedb.org/de865a5611a0a63f9f8a4a89eb4ed05f2221d01282ee5c318878b0d98ba3669e,https://cdn.pokedb.org/de865a5611a0a63f9f8a4a89eb4ed05f2221d01282ee5c318878b0d98ba3669ew20h20,brilliant-diamond-shining-pearl
poke-toy,https://cdn.pokedb.org/e548a502287227afb5a86aaf456cca72381c94c1b00cb795ff75e5828958ce2e,https://cdn.pokedb.org/e548a502287227afb5a86aaf456cca72381c94c1b00cb795ff75e5828958ce2ew20h20,black-white
pokeblock-case,https://cdn.pokedb.org/bd8c872758d0929988afd18d89d0d0e7391fa5a94fe2b9b4f32d2374ead900e7,https://cdn.pokedb.org/bd8c872758d0929988afd18d89d0d0e7391fa5a94fe2b9b4f32d2374ead900e7w20h20,firered-leafgreen
pokeblock-kit,https://cdn.pokedb.org/59358d952ae15cfeee7a413f880e67e17ddbc61bd3e9a050b050a9688bbbb1d4,https://cdn.pokedb.org/59358d952ae15cfeee7a413f880e67e17ddbc61bd3e9a050b050a9688bbbb1d4w20h20,platinum
pokemon-box-link,https://cdn.pokedb.org/4d25009212af5704a69d7c794cdff773a25eba3807a32a2806f7dfdacef3d39c,https://cdn.pokedb.org/4d25009212af5704a69d7c794cdff773a25eba3807a32a2806f7dfdacef3d39cw20h20,sword-shield
pokemon-box-link,https://cdn.pokedb.org/113dee210e7eb612dee5f2310fe5a91c29cd956400c4e849453ae04bd8c14df5,https://cdn.pokedb.org/113dee210e7eb612dee5f2310fe5a91c29cd956400c4e849453ae04bd8c14df5w20h20,lets-go-pikachu-lets-go-eevee
polished-mud-ball,https://cdn.pokedb.org/711ab8ca0736ee8a618e4cee692344690fa118f947ea6d5dc0b652e4fb27966a,https://cdn.pokedb.org/711ab8ca0736ee8a618e4cee692344690fa118f947ea6d5dc0b652e4fb27966aw20h20,lets-go-pikachu-lets-go-eevee
poliwag-candy,https://cdn.pokedb.org/1a563c103449ffc929005e9ec112f35fb7632a4c3c0f1af15ffd9a337d2d8ce4,https://cdn.pokedb.org/1a563c103449ffc929005e9ec112f35fb7632a4c3c0f1af15ffd9a337d2d8ce4w20h20,go
poliwag-slime,https://cdn.pokedb.org/d93fb90bdc2ee50ccb8f262d9e69f5cbd26e7e6c1bbbc5a2d18d5302aa55ed45,https://cdn.pokedb.org/d93fb90bdc2ee50ccb8f262d9e69f5cbd26e7e6c1bbbc5a2d18d5302aa55ed45w20h20,scarlet-violet
polka-dot-bottle,https://cdn.pokedb.org/69295ed4a7b4fa84f5af830ac5945b1da8d4889391e7886c6432ab9c16239824,https://cdn.pokedb.org/69295ed4a7b4fa84f5af830ac5945b1da8d4889391e7886c6432ab9c16239824w20h20,scarlet-violet
polka-dot-cup,https://cdn.pokedb.org/69295ed4a7b4fa84f5af830ac5945b1da8d4889391e7886c6432ab9c16239824,https://cdn.pokedb.org/69295ed4a7b4fa84f5af830ac5945b1da8d4889391e7886c6432ab9c16239824w20h20,scarlet-violet
polka-dot-tablecloth,https://cdn.pokedb.org/69295ed4a7b4fa84f5af830ac5945b1da8d4889391e7886c6432ab9c16239824,https://cdn.pokedb.org/69295ed4a7b4fa84f5af830ac5945b1da8d4889391e7886c6432ab9c16239824w20h20,scarlet-violet
poltchageist-powder,https://cdn.pokedb.org/d93fb90bdc2ee50ccb8f262d9e69f5cbd26e7e6c1bbbc5a2d18d5302aa55ed45,https://cdn.pokedb.org/d93fb90bdc2ee50ccb8f262d9e69f5cbd26e7e6c1bbbc5a2d18d5302aa55ed45w20h20,scarlet-violet
pomeg-berry,https://cdn.pokedb.org/c23cb7c7a93cd62e374899b0389b9ba8913f9d430761fd6fb1705377d4fcb7a8,https://cdn.pokedb.org/c23cb7c7a93cd62e374899b0389b9ba8913f9d430761fd6fb1705377d4fcb7a8w20h20,ruby-sapphire
pomeg-berry,https://cdn.pokedb.org/5d2a4a15a5b2d6f6bb67733da42025e9663c63c195e70433a2fcf4cce8a51d22,https://cdn.pokedb.org/5d2a4a15a5b2d6f6bb67733da42025e9663c63c195e70433a2fcf4cce8a51d22w20h20,brilliant-diamond-shining-pearl
pomeg-berry,https://cdn.pokedb.org/8baecb837c20f6046d3580d1100515a544cb0f1caef1a547a538c72f776c2a46,https://cdn.pokedb.org/8baecb837c20f6046d3580d1100515a544cb0f1caef1a547a538c72f776c2a46w20h20,firered-leafgreen
pomeg-berry,https://cdn.pokedb.org/82f0155bebbe6ac8eb3429753765bcae2c0054b9e395a614bb575d2159cf440d,https://cdn.pokedb.org/82f0155bebbe6ac8eb3429753765bcae2c0054b9e395a614bb575d2159cf440dw20h20,scarlet-violet
ponyta-candy,https://cdn.pokedb.org/b9177cf24e31c31f8eda7104834f186e1040366c43902bddb2334b7778465136,https://cdn.pokedb.org/b9177cf24e31c31f8eda7104834f186e1040366c43902bddb2334b7778465136w20h20,go
poochyena-fang,https://cdn.pokedb.org/d93fb90bdc2ee50ccb8f262d9e69f5cbd26e7e6c1bbbc5a2d18d5302aa55ed45,https://cdn.pokedb.org/d93fb90bdc2ee50ccb8f262d9e69f5cbd26e7e6c1bbbc5a2d18d5302aa55ed45w20h20,scarlet-violet
porygon-candy,https://cdn.pokedb.org/fc46fc86c4827f0e82434c536c664fb3e99eac121d08402936f843a4e9fc430b,https://cdn.pokedb.org/fc46fc86c4827f0e82434c536c664fb3e99eac121d08402936f843a4e9fc430bw20h20,go
porygon-fragment,https://cdn.pokedb.org/d93fb90bdc2ee50ccb8f262d9e69f5cbd26e7e6c1bbbc5a2d18d5302aa55ed45,https://cdn.pokedb.org/d93fb90bdc2ee50ccb8f262d9e69f5cbd26e7e6c1bbbc5a2d18d5302aa55ed45w20h20,scarlet-violet
potato-salad,https://cdn.pokedb.org/5fb15765096e2dd5ef91ce54a6fdf3c10b41baa12fb542a85a55ac3ce2e22925,https://cdn.pokedb.org/5fb15765096e2dd5ef91ce54a6fdf3c10b41baa12fb542a85a55ac3ce2e22925w20h20,scarlet-violet
potato-tortilla,https://cdn.pokedb.org/ca0175a95a564815435e774f07757a436a0c5d7901693887e1b7ac2e8bb48274,https://cdn.pokedb.org/ca0175a95a564815435e774f07757a436a0c5d7901693887e1b7ac2e8bb48274w20h20,scarlet-violet
potion,https://cdn.pokedb.org/532497fd7afa596e78a9e61928c4dab6b5131060b614f5a71cf5e30a52e88e89,https://cdn.pokedb.org/532497fd7afa596e78a9e61928c4dab6b5131060b614f5a71cf5e30a52e88e89w20h20,scarlet-violet
potion,https://cdn.pokedb.org/fccb6ff22e4e8a3427977d2919d4c86644abdf60c82065ff4798d9f06ec67e6c,https://cdn.pokedb.org/fccb6ff22e4e8a3427977d2919d4c86644abdf60c82065ff4798d9f06ec67e6cw20h20,legends-arceus
potion,https://cdn.pokedb.org/52d44f8bf056772be8da94af7d76d79f724bcb0ad069f1e776fd8a1de3ac37ba,https://cdn.pokedb.org/52d44f8bf056772be8da94af7d76d79f724bcb0ad069f1e776fd8a1de3ac37baw20h20,firered-leafgreen
potion,https://cdn.pokedb.org/cea48bc43ccb7fbbd0cebd328d5295f76b18921e9c636a31f0cb19dd24280b3e,https://cdn.pokedb.org/cea48bc43ccb7fbbd0cebd328d5295f76b18921e9c636a31f0cb19dd24280b3ew20h20,brilliant-diamond-shining-pearl
potion,https://cdn.pokedb.org/971d88b5f653da86923f155b8fbc311a9b5323f7fa2c6810d4ca37659e801278,https://cdn.pokedb.org/971d88b5f653da86923f155b8fbc311a9b5323f7fa2c6810d4ca37659e801278w20h20,black-white
powder-jar,https://cdn.pokedb.org/1382d5a342f469825909cdc9304ead1b4bde0662c8b9abbb43920a1cffd68970,https://cdn.pokedb.org/1382d5a342f469825909cdc9304ead1b4bde0662c8b9abbb43920a1cffd68970w20h20,firered-leafgreen
power-anklet,https://cdn.pokedb.org/1bbe0a8992078e4b02c3fc384defa095b1e670ccb9df5f9aef612f8eea8d9eb2,https://cdn.pokedb.org/1bbe0a8992078e4b02c3fc384defa095b1e670ccb9df5f9aef612f8eea8d9eb2w20h20,scarlet-violet
power-anklet,https://cdn.pokedb.org/6e91bc9046882fe34e9c9e17c7c0e4e158a4017b219c2bb13f0d0ca41016ca1b,https://cdn.pokedb.org/6e91bc9046882fe34e9c9e17c7c0e4e158a4017b219c2bb13f0d0ca41016ca1bw20h20,diamond-pearl
power-anklet,https://cdn.pokedb.org/541a801fe3a610121e9b15827ecd325923efb7f5d9e4ea4ad909ec6f24a99b69,https://cdn.pokedb.org/541a801fe3a610121e9b15827ecd325923efb7f5d9e4ea4ad909ec6f24a99b69w20h20,brilliant-diamond-shining-pearl
power-band,https://cdn.pokedb.org/ec3c9a0189028464945ed467dc07aabe31f6bff3873e3fee4f4d1d1ef43ad411,https://cdn.pokedb.org/ec3c9a0189028464945ed467dc07aabe31f6bff3873e3fee4f4d1d1ef43ad411w20h20,scarlet-violet
power-band,https://cdn.pokedb.org/efeb85801993111ac06182e1c9f937547d9b095461cd1ef3d09d4e074f0ec6d1,https://cdn.pokedb.org/efeb85801993111ac06182e1c9f937547d9b095461cd1ef3d09d4e074f0ec6d1w20h20,diamond-pearl
power-band,https://cdn.pokedb.org/28c814166f65d4a5a8632888a4bf3bb462c1a130acb21f7367b51a9f49836da8,https://cdn.pokedb.org/28c814166f65d4a5a8632888a4bf3bb462c1a130acb21f7367b51a9f49836da8w20h20,brilliant-diamond-shining-pearl
power-belt,https://cdn.pokedb.org/be736fa0c56d1c7cca80e38ee35682094491b8e99a1e92308b4a3fadf7a7d3fc,https://cdn.pokedb.org/be736fa0c56d1c7cca80e38ee35682094491b8e99a1e92308b4a3fadf7a7d3fcw20h20,scarlet-violet
power-belt,https://cdn.pokedb.org/c91c83e1e19187aadf41f99208dfc13c03c67168dcd635df04780dcdfd270fb2,https://cdn.pokedb.org/c91c83e1e19187aadf41f99208dfc13c03c67168dcd635df04780dcdfd270fb2w20h20,diamond-pearl
power-belt,https://cdn.pokedb.org/3af3486fff1c615f520f4752c369ca4df3b6617e69fe602ea64ffb7fd70ffbf4,https://cdn.pokedb.org/3af3486fff1c615f520f4752c369ca4df3b6617e69fe602ea64ffb7fd70ffbf4w20h20,brilliant-diamond-shining-pearl
power-bracer,https://cdn.pokedb.org/109c76f2149aefe97ea791d5ef94a446b11663874c9162c78adc10de662f22f5,https://cdn.pokedb.org/109c76f2149aefe97ea791d5ef94a446b11663874c9162c78adc10de662f22f5w20h20,diamond-pearl
power-bracer,https://cdn.pokedb.org/5704b426b4b344362ef2030b7d825d216d8d480e97135858b043c9fe272d529c,https://cdn.pokedb.org/5704b426b4b344362ef2030b7d825d216d8d480e97135858b043c9fe272d529cw20h20,brilliant-diamond-shining-pearl
power-bracer,https://cdn.pokedb.org/7cb03716d5c26760859237b9e2d146cfaf9b56992126cf1f23be5ac43e9e4737,https://cdn.pokedb.org/7cb03716d5c26760859237b9e2d146cfaf9b56992126cf1f23be5ac43e9e4737w20h20,scarlet-violet
power-herb,https://cdn.pokedb.org/ab8342a61d9e100baddf8e0719ad50e683afeed32ab94b60f0ab7fedc849fe5d,https://cdn.pokedb.org/ab8342a61d9e100baddf8e0719ad50e683afeed32ab94b60f0ab7fedc849fe5dw20h20,brilliant-diamond-shining-pearl
power-herb,https://cdn.pokedb.org/6c57bd3f9de479a3612941b698291e04d33b5604daecacefb728f01c688613fd,https://cdn.pokedb.org/6c57bd3f9de479a3612941b698291e04d33b5604daecacefb728f01c688613fdw20h20,diamond-pearl
power-herb,https://cdn.pokedb.org/6e89b3afc170adeb592be48f49cb0a55f5c2789c82bca6327073fd1cbba74b12,https://cdn.pokedb.org/6e89b3afc170adeb592be48f49cb0a55f5c2789c82bca6327073fd1cbba74b12w20h20,scarlet-violet
power-lens,https://cdn.pokedb.org/7294a6597fa31b8845d6e95128bd3e11c5d3c75987edb26f1a594c1afe8d25bd,https://cdn.pokedb.org/7294a6597fa31b8845d6e95128bd3e11c5d3c75987edb26f1a594c1afe8d25bdw20h20,brilliant-diamond-shining-pearl
power-lens,https://cdn.pokedb.org/debbc688ebda819b689e653ff9df36cd9517797d403e05cce79676949ebb3251,https://cdn.pokedb.org/debbc688ebda819b689e653ff9df36cd9517797d403e05cce79676949ebb3251w20h20,scarlet-violet
power-lens,https://cdn.pokedb.org/9ccb873e7277f75f9ba65fdc2acbbb158ec7a8f29ee1171a52e9ce93a070c6d4,https://cdn.pokedb.org/9ccb873e7277f75f9ba65fdc2acbbb158ec7a8f29ee1171a52e9ce93a070c6d4w20h20,diamond-pearl
power-plant-pass,https://cdn.pokedb.org/586ce46b7649d2206f2c2f84bc7d0438eaa2702daa9274b54135baf2b78b3e07,https://cdn.pokedb.org/586ce46b7649d2206f2c2f84bc7d0438eaa2702daa9274b54135baf2b78b3e07w20h20,x-y
power-up-pocket,https://cdn.pokedb.org/38a7ed391369bd2452314cc4bd69daf8138bd8e007b5caab7afc71ad6947ed37,https://cdn.pokedb.org/38a7ed391369bd2452314cc4bd69daf8138bd8e007b5caab7afc71ad6947ed37w20h20,lets-go-pikachu-lets-go-eevee
power-weight,https://cdn.pokedb.org/4cd542655aedaa50cf1ca729e94f8f838b978e966eb146299cefe4b3811dde05,https://cdn.pokedb.org/4cd542655aedaa50cf1ca729e94f8f838b978e966eb146299cefe4b3811dde05w20h20,diamond-pearl
power-weight,https://cdn.pokedb.org/abddb41a5cdbb5115c3220395ddb101b8b131608276d4eda1ba3621b305078c3,https://cdn.pokedb.org/abddb41a5cdbb5115c3220395ddb101b8b131608276d4eda1ba3621b305078c3w20h20,scarlet-violet
power-weight,https://cdn.pokedb.org/4ac2098550b1671da01ee7a06f99ae6f88430dca6116a0539b1ce7e996e6d10e,https://cdn.pokedb.org/4ac2098550b1671da01ee7a06f99ae6f88430dca6116a0539b1ce7e996e6d10ew20h20,brilliant-diamond-shining-pearl
pp-max,https://cdn.pokedb.org/11acab505c0128d2d430c4e603376d03ec727d0a6c6d40daca2ac8b3242ed1d7,https://cdn.pokedb.org/11acab505c0128d2d430c4e603376d03ec727d0a6c6d40daca2ac8b3242ed1d7w20h20,brilliant-diamond-shining-pearl
pp-max,https://cdn.pokedb.org/07245dcfaa923f6ff65be69ded39de043ffd91e0cd352c815b68b016c2eb4e3b,https://cdn.pokedb.org/07245dcfaa923f6ff65be69ded39de043ffd91e0cd352c815b68b016c2eb4e3bw20h20,scarlet-violet
pp-max,https://cdn.pokedb.org/988550583eb6247c1a2eda6e94fa9dc9ab770394255cce7d6042431bc463d38c,https://cdn.pokedb.org/988550583eb6247c1a2eda6e94fa9dc9ab770394255cce7d6042431bc463d38cw20h20,firered-leafgreen
pp-up,https://cdn.pokedb.org/d4181768bffb15a4ac2cd7177ddcf4b71616a63286085bed333186cc4f4c9648,https://cdn.pokedb.org/d4181768bffb15a4ac2cd7177ddcf4b71616a63286085bed333186cc4f4c9648w20h20,scarlet-violet
pp-up,https://cdn.pokedb.org/3b742f63476966686d4ab059043bd46896f70e36487d3e459afb08722c8ab313,https://cdn.pokedb.org/3b742f63476966686d4ab059043bd46896f70e36487d3e459afb08722c8ab313w20h20,brilliant-diamond-shining-pearl
pp-up,https://cdn.pokedb.org/3e596e0bf26e116b6f6e3e18708fb48660b417acfe3c2ed43c11177c367ccfff,https://cdn.pokedb.org/3e596e0bf26e116b6f6e3e18708fb48660b417acfe3c2ed43c11177c367ccfffw20h20,firered-leafgreen
precooked-burger,https://cdn.pokedb.org/7f21746b1ad4d91125341b81383af3c30a6171b6410088f5a29235a505f24960,https://cdn.pokedb.org/7f21746b1ad4d91125341b81383af3c30a6171b6410088f5a29235a505f24960w20h20,sword-shield
premier-ball,https://cdn.pokedb.org/7090fe8e0105cc92e348d8d59347646713ba7433b5556f90326abaef599f4b3a,https://cdn.pokedb.org/7090fe8e0105cc92e348d8d59347646713ba7433b5556f90326abaef599f4b3aw20h20,scarlet-violet
premier-ball,https://cdn.pokedb.org/fa283f8719075bfd1e7a509f71d19620db7290f8aa9cca645f40477a514d0916,https://cdn.pokedb.org/fa283f8719075bfd1e7a509f71d19620db7290f8aa9cca645f40477a514d0916w20h20,firered-leafgreen
premier-ball,https://cdn.pokedb.org/564f42cb5b5e169e5149e99c195ddc736dac1c9fc2c2ef74be8a08e9729456c2,https://cdn.pokedb.org/564f42cb5b5e169e5149e99c195ddc736dac1c9fc2c2ef74be8a08e9729456c2w20h20,home
pretty-feather,https://cdn.pokedb.org/f075f677a72e9a1af30ac2a1cf5a99f811a0b54fc5fa59de96d5d8f82c211bd1,https://cdn.pokedb.org/f075f677a72e9a1af30ac2a1cf5a99f811a0b54fc5fa59de96d5d8f82c211bd1w20h20,black-white
pretty-feather,https://cdn.pokedb.org/19c06931973525d85537137832bc8bd854bc9d61af8895050629765c4ec91aed,https://cdn.pokedb.org/19c06931973525d85537137832bc8bd854bc9d61af8895050629765c4ec91aedw20h20,scarlet-violet
primarium-z,https://cdn.pokedb.org/e1ed86411e5183f16022b0fe36b30360bec1843fa410165fd5f5e010c2ed8c20,https://cdn.pokedb.org/e1ed86411e5183f16022b0fe36b30360bec1843fa410165fd5f5e010c2ed8c20w20h20,sun-moon
primarium-z,https://cdn.pokedb.org/5db8476d47278451d88f8999979b8a6e22054d569d7d0a715b21b07f48f91e79,https://cdn.pokedb.org/5db8476d47278451d88f8999979b8a6e22054d569d7d0a715b21b07f48f91e79w20h20,sun-moon
prism-scale,https://cdn.pokedb.org/10cd5d66cf39da8bac60c7ddda32518971f7c217c48dbfc63757fb72f3bccc64,https://cdn.pokedb.org/10cd5d66cf39da8bac60c7ddda32518971f7c217c48dbfc63757fb72f3bccc64w20h20,black-white
prism-scale,https://cdn.pokedb.org/62035d3f34dc89e399ac880ac80ff53ab8bcb5186c4f94cfe04349c5394ec045,https://cdn.pokedb.org/62035d3f34dc89e399ac880ac80ff53ab8bcb5186c4f94cfe04349c5394ec045w20h20,scarlet-violet
prism-scale,https://cdn.pokedb.org/995aac023c4358edd87f1b0ba01961da6798ce09063638fb519b895f33784ca3,https://cdn.pokedb.org/995aac023c4358edd87f1b0ba01961da6798ce09063638fb519b895f33784ca3w20h20,brilliant-diamond-shining-pearl
prison-bottle,https://cdn.pokedb.org/4816a49281caaeaa5948ca89da97e5f50520dd87fa8a3f2939aef4d6fa4d1f4c,https://cdn.pokedb.org/4816a49281caaeaa5948ca89da97e5f50520dd87fa8a3f2939aef4d6fa4d1f4cw20h20,scarlet-violet
prison-bottle,https://cdn.pokedb.org/5b842e4d6352e46f301e08492ba050c041e80ea018a16cbcd5944f223eb5fb27,https://cdn.pokedb.org/5b842e4d6352e46f301e08492ba050c041e80ea018a16cbcd5944f223eb5fb27w20h20,platinum
professors-mask,https://cdn.pokedb.org/4f6e2de9a67a957e2fb098cf7505a72e4ffedab9d913e6a9d32c02b62be27d2e,https://cdn.pokedb.org/4f6e2de9a67a957e2fb098cf7505a72e4ffedab9d913e6a9d32c02b62be27d2ew20h20,sun-moon
professors-mask,https://cdn.pokedb.org/317c12d3e8b183c73669f69f0b5ad6b22317e525118e5fe5fe739a27a3b91a4d,https://cdn.pokedb.org/317c12d3e8b183c73669f69f0b5ad6b22317e525118e5fe5fe739a27a3b91a4dw20h20,sun-moon
profs-letter,https://cdn.pokedb.org/755f141ca84b5611f6e140fd79b0da3e8b2ab17059f0ddd6b13e82c4df4937e0,https://cdn.pokedb.org/755f141ca84b5611f6e140fd79b0da3e8b2ab17059f0ddd6b13e82c4df4937e0w20h20,x-y
prop-case,https://cdn.pokedb.org/e79a5b374e628d79a8c4b20c73d90c35e75f9f4871876f75130967d13bd16a31,https://cdn.pokedb.org/e79a5b374e628d79a8c4b20c73d90c35e75f9f4871876f75130967d13bd16a31w20h20,black-white
prop-case,https://cdn.pokedb.org/6517498c1534fb01e8d9f755785f04c1eee9ad02718ddde91e12774a41186026,https://cdn.pokedb.org/6517498c1534fb01e8d9f755785f04c1eee9ad02718ddde91e12774a41186026w20h20,black-white
prosciutto,https://cdn.pokedb.org/c81fc1e7ecb63c670be0a5adc51c0e7022a34748ee66c57c5aae900d4244c90a,https://cdn.pokedb.org/c81fc1e7ecb63c670be0a5adc51c0e7022a34748ee66c57c5aae900d4244c90aw20h20,scarlet-violet
protective-pads,https://cdn.pokedb.org/f156d1c03013bfeb57f5bbd7889b4997d7f3da1305bce2ba0427e91dbd13cfbb,https://cdn.pokedb.org/f156d1c03013bfeb57f5bbd7889b4997d7f3da1305bce2ba0427e91dbd13cfbbw20h20,scarlet-violet
protective-pads,https://cdn.pokedb.org/00eb734a3bc3e8ed46ac2b26e55a2ec490f0a19f90566e812366661f1f23b56b,https://cdn.pokedb.org/00eb734a3bc3e8ed46ac2b26e55a2ec490f0a19f90566e812366661f1f23b56bw20h20,sun-moon
protector,https://cdn.pokedb.org/a460dfe9c05f7598c9c9668d5944bbc326e418def634ad69b4f463ca08436147,https://cdn.pokedb.org/a460dfe9c05f7598c9c9668d5944bbc326e418def634ad69b4f463ca08436147w20h20,legends-arceus
protector,https://cdn.pokedb.org/a99dac4382ee6c97271d3889e55068b188b6dafc46e967486a57a38714d65eac,https://cdn.pokedb.org/a99dac4382ee6c97271d3889e55068b188b6dafc46e967486a57a38714d65eacw20h20,scarlet-violet
protector,https://cdn.pokedb.org/4837f12d6f34479384591d4daec2d5cf175bbf7d38f635d6606349319cf7fc53,https://cdn.pokedb.org/4837f12d6f34479384591d4daec2d5cf175bbf7d38f635d6606349319cf7fc53w20h20,brilliant-diamond-shining-pearl
protector,https://cdn.pokedb.org/9e75971f83238d70d2ce0a6e9ce06966e4e9217232dcce743962c2dc67a3baf3,https://cdn.pokedb.org/9e75971f83238d70d2ce0a6e9ce06966e4e9217232dcce743962c2dc67a3baf3w20h20,diamond-pearl
protein,https://cdn.pokedb.org/131dc2b4cd7472680e0b829471715970d6c0bcbb86c39b2537111ca15c58135d,https://cdn.pokedb.org/131dc2b4cd7472680e0b829471715970d6c0bcbb86c39b2537111ca15c58135dw20h20,scarlet-violet
protein,https://cdn.pokedb.org/d47fd3cdf46cd4a2522670392fac1540a65a9276b99a6b463a8c307587beae57,https://cdn.pokedb.org/d47fd3cdf46cd4a2522670392fac1540a65a9276b99a6b463a8c307587beae57w20h20,firered-leafgreen
protein,https://cdn.pokedb.org/d9d18c140179e83326ef35d117ae7ba2c8d3845bb9aaa1ba9a23e2927a5b5ad0,https://cdn.pokedb.org/d9d18c140179e83326ef35d117ae7ba2c8d3845bb9aaa1ba9a23e2927a5b5ad0w20h20,brilliant-diamond-shining-pearl
psychic-gem,https://cdn.pokedb.org/e2726a8ab4fd381ac2dd641d7851c360b4306de3a5d1b245788a76cf8bb0bff7,https://cdn.pokedb.org/e2726a8ab4fd381ac2dd641d7851c360b4306de3a5d1b245788a76cf8bb0bff7w20h20,black-white
psychic-memory,https://cdn.pokedb.org/d2fb7b44914e7c19163cd58b7402a232d74c059813f9eb28590d9cfcedf2c992,https://cdn.pokedb.org/d2fb7b44914e7c19163cd58b7402a232d74c059813f9eb28590d9cfcedf2c992w20h20,sun-moon
psychic-seed,https://cdn.pokedb.org/b9ad39e26f8b3ff694bdbbe090368c85ee7cd283df5769503191b1098511d792,https://cdn.pokedb.org/b9ad39e26f8b3ff694bdbbe090368c85ee7cd283df5769503191b1098511d792w20h20,sun-moon
psychic-seed,https://cdn.pokedb.org/4ac596605bd546e1e5d7e2bb4141504daec7d972a1a70514410e9212f02258df,https://cdn.pokedb.org/4ac596605bd546e1e5d7e2bb4141504daec7d972a1a70514410e9212f02258dfw20h20,scarlet-violet
psychic-tera-shard,https://cdn.pokedb.org/a5497f8eddcbc41ef3f7b1b5870ed520ccf28961bda70f1f30e70366db95ea91,https://cdn.pokedb.org/a5497f8eddcbc41ef3f7b1b5870ed520ccf28961bda70f1f30e70366db95ea91w20h20,scarlet-violet
psychium-z,https://cdn.pokedb.org/fd9a49ea5d5a3a9277c9155ae5e05b8d5542bd2efecb65ec071ccfed158fe81e,https://cdn.pokedb.org/fd9a49ea5d5a3a9277c9155ae5e05b8d5542bd2efecb65ec071ccfed158fe81ew20h20,sun-moon
psychium-z,https://cdn.pokedb.org/9c149b6175efc20829dbece177ceaa43db534f03b4245df5a301dcf91bab251e,https://cdn.pokedb.org/9c149b6175efc20829dbece177ceaa43db534f03b4245df5a301dcf91bab251ew20h20,sun-moon
psyduck-candy,https://cdn.pokedb.org/a48382e0194621da66495a9f16cd57434a63965d16fe569cd2c0098a57e4ee2b,https://cdn.pokedb.org/a48382e0194621da66495a9f16cd57434a63965d16fe569cd2c0098a57e4ee2bw20h20,go
psyduck-down,https://cdn.pokedb.org/d93fb90bdc2ee50ccb8f262d9e69f5cbd26e7e6c1bbbc5a2d18d5302aa55ed45,https://cdn.pokedb.org/d93fb90bdc2ee50ccb8f262d9e69f5cbd26e7e6c1bbbc5a2d18d5302aa55ed45w20h20,scarlet-violet
pumkin-berry,https://cdn.pokedb.org/1451cc2763dc737d208e5b6866e3f68fe98383ca88f8321ff01efc26ba88b553,https://cdn.pokedb.org/1451cc2763dc737d208e5b6866e3f68fe98383ca88f8321ff01efc26ba88b553w20h20,ruby-sapphire
punching-glove,https://cdn.pokedb.org/8ffdfc38950617dd899585c0e8f49bf0adc26e122ebfc64c4bdb1ccd46e52dd2,https://cdn.pokedb.org/8ffdfc38950617dd899585c0e8f49bf0adc26e122ebfc64c4bdb1ccd46e52dd2w20h20,scarlet-violet
pungent-root,https://cdn.pokedb.org/44007428827def2752a70d468aae50a96a2450c5d764b8f0a70b5d669f798574,https://cdn.pokedb.org/44007428827def2752a70d468aae50a96a2450c5d764b8f0a70b5d669f798574w20h20,sword-shield
pure-incense,https://cdn.pokedb.org/e217ef1a90e63f9fa9424c0c608f42e2245ec0c3da17f89ffccae9fede83c473,https://cdn.pokedb.org/e217ef1a90e63f9fa9424c0c608f42e2245ec0c3da17f89ffccae9fede83c473w20h20,diamond-pearl
pure-incense,https://cdn.pokedb.org/c78a799236e0e834cbdb764bc42703921693a544000dcd93146572e5b3cd4437,https://cdn.pokedb.org/c78a799236e0e834cbdb764bc42703921693a544000dcd93146572e5b3cd4437w20h20,scarlet-violet
pure-incense,https://cdn.pokedb.org/6f5248a4048115735ed2c69fab27bdae27579986ba5a9a05b3dce30321e5e797,https://cdn.pokedb.org/6f5248a4048115735ed2c69fab27bdae27579986ba5a9a05b3dce30321e5e797w20h20,brilliant-diamond-shining-pearl
purple-nectar,https://cdn.pokedb.org/718df4bb9d0ffa79fec9e232914ac263f0537d59076e185774f35a08c0725f0a,https://cdn.pokedb.org/718df4bb9d0ffa79fec9e232914ac263f0537d59076e185774f35a08c0725f0aw20h20,scarlet-violet
purple-nectar,https://cdn.pokedb.org/338c40645a5425bb3fe61855b326f6cd8b6dc0b425479b42ac0b1e716b9a4a80,https://cdn.pokedb.org/338c40645a5425bb3fe61855b326f6cd8b6dc0b425479b42ac0b1e716b9a4a80w20h20,sun-moon
purple-petal,https://cdn.pokedb.org/1fca5f7a97d8b1e0c27af40c9401f09f5dd891d0ff41fb495aea8c79e6fa3068,https://cdn.pokedb.org/1fca5f7a97d8b1e0c27af40c9401f09f5dd891d0ff41fb495aea8c79e6fa3068w20h20,ultra-sun-ultra-moon
purple-petal,https://cdn.pokedb.org/d871ed50671b1874e6718d9f80855850f254644033a83edf723e921816178cb8,https://cdn.pokedb.org/d871ed50671b1874e6718d9f80855850f254644033a83edf723e921816178cb8w20h20,ultra-sun-ultra-moon
qualot-berry,https://cdn.pokedb.org/0106d74516c42a5ee42d7f6736bc0bc94fb1dcebb207353b08f54f4f69647f57,https://cdn.pokedb.org/0106d74516c42a5ee42d7f6736bc0bc94fb1dcebb207353b08f54f4f69647f57w20h20,scarlet-violet
qualot-berry,https://cdn.pokedb.org/86f7f0daf5ca9ab87acc5b4258ed060c3dfa1e6ff8d49fda330b13039f327ed7,https://cdn.pokedb.org/86f7f0daf5ca9ab87acc5b4258ed060c3dfa1e6ff8d49fda330b13039f327ed7w20h20,brilliant-diamond-shining-pearl
qualot-berry,https://cdn.pokedb.org/37a3b55b75de2477503acfcc6ba4311d7008ba1fcca142c05525f3ed9df74317,https://cdn.pokedb.org/37a3b55b75de2477503acfcc6ba4311d7008ba1fcca142c05525f3ed9df74317w20h20,ruby-sapphire
qualot-berry,https://cdn.pokedb.org/58abb52ed787a4b49ef9a0b13dbbcf71b125c698da7dc15c3cb471163a18c3af,https://cdn.pokedb.org/58abb52ed787a4b49ef9a0b13dbbcf71b125c698da7dc15c3cb471163a18c3afw20h20,firered-leafgreen
quick-ball,https://cdn.pokedb.org/65ef83199a2ade187b93b865eb8ea2b07e36b1259205bb9fb3db8a40fee24788,https://cdn.pokedb.org/65ef83199a2ade187b93b865eb8ea2b07e36b1259205bb9fb3db8a40fee24788w20h20,home
quick-ball,https://cdn.pokedb.org/699ea330dbc4fe14c1091c107b3730e48ca444460543e536520464b2dd9dbd97,https://cdn.pokedb.org/699ea330dbc4fe14c1091c107b3730e48ca444460543e536520464b2dd9dbd97w20h20,brilliant-diamond-shining-pearl
quick-ball,https://cdn.pokedb.org/459dd1e5aa35ae3b648a2b1ba999ebb79b5ce316bf0291b99c99637c5bb225d4,https://cdn.pokedb.org/459dd1e5aa35ae3b648a2b1ba999ebb79b5ce316bf0291b99c99637c5bb225d4w20h20,scarlet-violet
quick-ball,https://cdn.pokedb.org/d82560687827c05afa837d45ec840d5c5bf7347223b7ed6c4871b71171103e8b,https://cdn.pokedb.org/d82560687827c05afa837d45ec840d5c5bf7347223b7ed6c4871b71171103e8bw20h20,diamond-pearl
quick-candy,https://cdn.pokedb.org/87c2568589c89c55ff1ea8a1b75d03af8dc64603a8573bcb8f6cf7617d859994,https://cdn.pokedb.org/87c2568589c89c55ff1ea8a1b75d03af8dc64603a8573bcb8f6cf7617d859994w20h20,lets-go-pikachu-lets-go-eevee
quick-candy-l,https://cdn.pokedb.org/f549c55acc73b84da12c47ec82ea86c1ecd6fe81db3636ab052b01f969dcbb33,https://cdn.pokedb.org/f549c55acc73b84da12c47ec82ea86c1ecd6fe81db3636ab052b01f969dcbb33w20h20,lets-go-pikachu-lets-go-eevee
quick-candy-xl,https://cdn.pokedb.org/c8daf3978efe32ead7de6b4d98512d5277dc37f79dad3d9bf114d6aebd69cac2,https://cdn.pokedb.org/c8daf3978efe32ead7de6b4d98512d5277dc37f79dad3d9bf114d6aebd69cac2w20h20,lets-go-pikachu-lets-go-eevee
quick-claw,https://cdn.pokedb.org/b0ae67bfb3d4626b660c114947f5480f80cd378f95170be4386c7423e9d66ea8,https://cdn.pokedb.org/b0ae67bfb3d4626b660c114947f5480f80cd378f95170be4386c7423e9d66ea8w20h20,brilliant-diamond-shining-pearl
quick-claw,https://cdn.pokedb.org/2c50336932d7f88c276532ad1619c491bb76218f8ee5c905f51d6ae0cb986c0e,https://cdn.pokedb.org/2c50336932d7f88c276532ad1619c491bb76218f8ee5c905f51d6ae0cb986c0ew20h20,scarlet-violet
quick-claw,https://cdn.pokedb.org/c1d05b8708f19cbc50c78eafbf8129e4be84278070247dec86d0e0aeb2b8d994,https://cdn.pokedb.org/c1d05b8708f19cbc50c78eafbf8129e4be84278070247dec86d0e0aeb2b8d994w20h20,firered-leafgreen
quick-powder,https://cdn.pokedb.org/cca889f5ae1502c7a0bf079617ee9e4f3fdb950d9b3bff87f9cb18fc3dc36bf7,https://cdn.pokedb.org/cca889f5ae1502c7a0bf079617ee9e4f3fdb950d9b3bff87f9cb18fc3dc36bf7w20h20,diamond-pearl
quick-powder,https://cdn.pokedb.org/7ec9b8502ca12b7910986f2b5c70354f0ce64179a1282ab008dbd7beac1def9f,https://cdn.pokedb.org/7ec9b8502ca12b7910986f2b5c70354f0ce64179a1282ab008dbd7beac1def9fw20h20,brilliant-diamond-shining-pearl
quiet-mint,https://cdn.pokedb.org/cf0b81d2b4b986a777cf63ed25c4e896d315aebf4f69e71b761613b9d5f2384f,https://cdn.pokedb.org/cf0b81d2b4b986a777cf63ed25c4e896d315aebf4f69e71b761613b9d5f2384fw20h20,scarlet-violet
quiet-mint,https://cdn.pokedb.org/81e0e1bb1a3221b50377ef5cd831d31061051495adf9fbf4a7dd6978f0eaec82,https://cdn.pokedb.org/81e0e1bb1a3221b50377ef5cd831d31061051495adf9fbf4a7dd6978f0eaec82w20h20,legends-arceus
quiet-mint,https://cdn.pokedb.org/6e293ebd765b66e0b3e749cf57a0115b04eef8281c653344fd3855ca0772217c,https://cdn.pokedb.org/6e293ebd765b66e0b3e749cf57a0115b04eef8281c653344fd3855ca0772217cw20h20,brilliant-diamond-shining-pearl
quiet-mint,https://cdn.pokedb.org/89c50fd8eb1984b09a7c17b64e91eb2d3d453c9d0d9159527617bfad09a31dd6,https://cdn.pokedb.org/89c50fd8eb1984b09a7c17b64e91eb2d3d453c9d0d9159527617bfad09a31dd6w20h20,sword-shield
qwilfish-spines,https://cdn.pokedb.org/d93fb90bdc2ee50ccb8f262d9e69f5cbd26e7e6c1bbbc5a2d18d5302aa55ed45,https://cdn.pokedb.org/d93fb90bdc2ee50ccb8f262d9e69f5cbd26e7e6c1bbbc5a2d18d5302aa55ed45w20h20,scarlet-violet
rabuta-berry,https://cdn.pokedb.org/0839359046bedc4fae794a9f6c968647cfc7dc009a643686be74fe8119ac3908,https://cdn.pokedb.org/0839359046bedc4fae794a9f6c968647cfc7dc009a643686be74fe8119ac3908w20h20,firered-leafgreen
rabuta-berry,https://cdn.pokedb.org/95f017f4045fbed08ed084ff4f05efd9a421520230dbb1a32abda630f103ff2c,https://cdn.pokedb.org/95f017f4045fbed08ed084ff4f05efd9a421520230dbb1a32abda630f103ff2cw20h20,brilliant-diamond-shining-pearl
rabuta-berry,https://cdn.pokedb.org/2953f3c5d8f6d9ce211e57286cf424caead403d0ac41f166ffc94dd88e3cffc4,https://cdn.pokedb.org/2953f3c5d8f6d9ce211e57286cf424caead403d0ac41f166ffc94dd88e3cffc4w20h20,scarlet-violet
rabuta-berry,https://cdn.pokedb.org/077bf1015424427a342720afb2ef2ab710972c30dc62b5a8c1048d2691baaf1b,https://cdn.pokedb.org/077bf1015424427a342720afb2ef2ab710972c30dc62b5a8c1048d2691baaf1bw20h20,ruby-sapphire
radiant-petal,https://cdn.pokedb.org/e1f9ff111b82ae1340587c7cc55b540c9f4b71fa15c6863bee0f5a96629b672d,https://cdn.pokedb.org/e1f9ff111b82ae1340587c7cc55b540c9f4b71fa15c6863bee0f5a96629b672dw20h20,sword-shield
rage-candy-bar,https://cdn.pokedb.org/a4ca09a7cd2bfb15f3786cf76efa2bc0db1dca56f89070d1351b4e1fac7b3807,https://cdn.pokedb.org/a4ca09a7cd2bfb15f3786cf76efa2bc0db1dca56f89070d1351b4e1fac7b3807w20h20,heartgold-soulsilver
raikou-treat,https://cdn.pokedb.org/11396ecb0ac496e1454467b99bdc139e62287d80089b8eba679dc61d57b11c9c,https://cdn.pokedb.org/11396ecb0ac496e1454467b99bdc139e62287d80089b8eba679dc61d57b11c9cw20h20,the-indigo-disk
rainbow-feather,https://cdn.pokedb.org/9311b1a76c2a877ae48ca2ba22fd42e8a8e68a9710b7a7b276545fc899ac4761,https://cdn.pokedb.org/9311b1a76c2a877ae48ca2ba22fd42e8a8e68a9710b7a7b276545fc899ac4761w20h20,heartgold-soulsilver
rainbow-flower,https://cdn.pokedb.org/8b844d219cb519ef97d4d9ad8342a75b71800f06c17b96308797f4dc6a65a3f9,https://cdn.pokedb.org/8b844d219cb519ef97d4d9ad8342a75b71800f06c17b96308797f4dc6a65a3f9w20h20,ultra-sun-ultra-moon
rainbow-flower,https://cdn.pokedb.org/92efa0a2deb8504b045e4922b75b33c5068f6f4fd6532afc8b4514242c9752b6,https://cdn.pokedb.org/92efa0a2deb8504b045e4922b75b33c5068f6f4fd6532afc8b4514242c9752b6w20h20,ultra-sun-ultra-moon
rainbow-pass,https://cdn.pokedb.org/a0da4ca2bcbc434c8a2f928cbdebd3653b7e90eaa91050e705fc14f165959d25,https://cdn.pokedb.org/a0da4ca2bcbc434c8a2f928cbdebd3653b7e90eaa91050e705fc14f165959d25w20h20,firered-leafgreen
rainbow-slate,https://cdn.pokedb.org/4f0ad1ab1a09a791c45ab7f9f6d44d9d8d95ea82900c2c3460618dbbd1a4fae8,https://cdn.pokedb.org/4f0ad1ab1a09a791c45ab7f9f6d44d9d8d95ea82900c2c3460618dbbd1a4fae8w20h20,brilliant-diamond-shining-pearl
ralts-dust,https://cdn.pokedb.org/d93fb90bdc2ee50ccb8f262d9e69f5cbd26e7e6c1bbbc5a2d18d5302aa55ed45,https://cdn.pokedb.org/d93fb90bdc2ee50ccb8f262d9e69f5cbd26e7e6c1bbbc5a2d18d5302aa55ed45w20h20,scarlet-violet
rare-bone,https://cdn.pokedb.org/448717c0f9e95516a62016a06db7d1e8d5550567ead4a6a07a5aa117102c92e3,https://cdn.pokedb.org/448717c0f9e95516a62016a06db7d1e8d5550567ead4a6a07a5aa117102c92e3w20h20,brilliant-diamond-shining-pearl
rare-bone,https://cdn.pokedb.org/1ce5141733f8a44c07c0e11737c217f1d5b4ba35f372191d0dde6b70745e0c67,https://cdn.pokedb.org/1ce5141733f8a44c07c0e11737c217f1d5b4ba35f372191d0dde6b70745e0c67w20h20,scarlet-violet
rare-bone,https://cdn.pokedb.org/8aa35fc19e8c2ed74426b216aa6d0cfa973a98f09cf05df29332c1693fb82ee1,https://cdn.pokedb.org/8aa35fc19e8c2ed74426b216aa6d0cfa973a98f09cf05df29332c1693fb82ee1w20h20,brilliant-diamond-shining-pearl
rare-bone,https://cdn.pokedb.org/e96eddc0f6ec8586577977965ecb6604caeda921e1e1db444560d457b407f334,https://cdn.pokedb.org/e96eddc0f6ec8586577977965ecb6604caeda921e1e1db444560d457b407f334w20h20,diamond-pearl
rare-candy,https://cdn.pokedb.org/e83b455eb7e6b11c6a43a038ad1dd466c83374e24e6b1779412146d12adeeda3,https://cdn.pokedb.org/e83b455eb7e6b11c6a43a038ad1dd466c83374e24e6b1779412146d12adeeda3w20h20,brilliant-diamond-shining-pearl
rare-candy,https://cdn.pokedb.org/9494f55be4a8eee84a7535bb018a01a8bb4f81fa42a32b3ff9ffab20db71a085,https://cdn.pokedb.org/9494f55be4a8eee84a7535bb018a01a8bb4f81fa42a32b3ff9ffab20db71a085w20h20,scarlet-violet
rare-candy,https://cdn.pokedb.org/0acebcedb539886ce95c9f45299a532ef509312b885ceaa8f6234cc20ff9fd44,https://cdn.pokedb.org/0acebcedb539886ce95c9f45299a532ef509312b885ceaa8f6234cc20ff9fd44w20h20,legends-arceus
rare-candy,https://cdn.pokedb.org/b84d19aa2c6027b2bbb9892837ee0a994326b94263d2d8db4b7ec8e2d590d73f,https://cdn.pokedb.org/b84d19aa2c6027b2bbb9892837ee0a994326b94263d2d8db4b7ec8e2d590d73fw20h20,firered-leafgreen
rash-mint,https://cdn.pokedb.org/81e0e1bb1a3221b50377ef5cd831d31061051495adf9fbf4a7dd6978f0eaec82,https://cdn.pokedb.org/81e0e1bb1a3221b50377ef5cd831d31061051495adf9fbf4a7dd6978f0eaec82w20h20,legends-arceus
rash-mint,https://cdn.pokedb.org/6e293ebd765b66e0b3e749cf57a0115b04eef8281c653344fd3855ca0772217c,https://cdn.pokedb.org/6e293ebd765b66e0b3e749cf57a0115b04eef8281c653344fd3855ca0772217cw20h20,brilliant-diamond-shining-pearl
rash-mint,https://cdn.pokedb.org/89c50fd8eb1984b09a7c17b64e91eb2d3d453c9d0d9159527617bfad09a31dd6,https://cdn.pokedb.org/89c50fd8eb1984b09a7c17b64e91eb2d3d453c9d0d9159527617bfad09a31dd6w20h20,sword-shield
rash-mint,https://cdn.pokedb.org/cf0b81d2b4b986a777cf63ed25c4e896d315aebf4f69e71b761613b9d5f2384f,https://cdn.pokedb.org/cf0b81d2b4b986a777cf63ed25c4e896d315aebf4f69e71b761613b9d5f2384fw20h20,scarlet-violet
rattata-candy,https://cdn.pokedb.org/8ff0d66ebb25682154896879c0d5dd6b38bf4a878ed5b31f4595192c7a0d32de,https://cdn.pokedb.org/8ff0d66ebb25682154896879c0d5dd6b38bf4a878ed5b31f4595192c7a0d32dew20h20,go
rawst-berry,https://cdn.pokedb.org/b386feb4023fbc34d9777e969e9a00b8edc6e917874cd0ec1a6c80a8d1ff91b4,https://cdn.pokedb.org/b386feb4023fbc34d9777e969e9a00b8edc6e917874cd0ec1a6c80a8d1ff91b4w20h20,firered-leafgreen
rawst-berry,https://cdn.pokedb.org/acf57a0569ba6304fa4e35927693f176b1f9a86843b37c917965b552b4bd2c54,https://cdn.pokedb.org/acf57a0569ba6304fa4e35927693f176b1f9a86843b37c917965b552b4bd2c54w20h20,brilliant-diamond-shining-pearl
rawst-berry,https://cdn.pokedb.org/f18756c810c7434f553882de3805d891aad73812d4290d8b8f7cf94d2d05e0d0,https://cdn.pokedb.org/f18756c810c7434f553882de3805d891aad73812d4290d8b8f7cf94d2d05e0d0w20h20,scarlet-violet
rawst-berry,https://cdn.pokedb.org/01a4f093e0a1c2dfd7605994a2eca36cdda6cf35cb9fabc0158e82fd78546f49,https://cdn.pokedb.org/01a4f093e0a1c2dfd7605994a2eca36cdda6cf35cb9fabc0158e82fd78546f49w20h20,legends-arceus
rawst-berry,https://cdn.pokedb.org/8696e7c749127eccdf771b1cb015ec625ca8288f1a674d2de5e4edb35f671d8f,https://cdn.pokedb.org/8696e7c749127eccdf771b1cb015ec625ca8288f1a674d2de5e4edb35f671d8fw20h20,ruby-sapphire
rayquaza-treat,https://cdn.pokedb.org/11396ecb0ac496e1454467b99bdc139e62287d80089b8eba679dc61d57b11c9c,https://cdn.pokedb.org/11396ecb0ac496e1454467b99bdc139e62287d80089b8eba679dc61d57b11c9cw20h20,the-indigo-disk
razor-claw,https://cdn.pokedb.org/b979aafa7e57e8689a15a826a137f1b2fc9a4e1cf24bac81b287edf174e15317,https://cdn.pokedb.org/b979aafa7e57e8689a15a826a137f1b2fc9a4e1cf24bac81b287edf174e15317w20h20,brilliant-diamond-shining-pearl
razor-claw,https://cdn.pokedb.org/cbf8719639c20c1f305c0bde98f5a95afc7b678947b6dcff571752c87d05b061,https://cdn.pokedb.org/cbf8719639c20c1f305c0bde98f5a95afc7b678947b6dcff571752c87d05b061w20h20,scarlet-violet
razor-claw,https://cdn.pokedb.org/793c5ae033fc47345da2b396c388ac5cdde1201e89ccc8774eb3d503407ff331,https://cdn.pokedb.org/793c5ae033fc47345da2b396c388ac5cdde1201e89ccc8774eb3d503407ff331w20h20,diamond-pearl
razor-claw,https://cdn.pokedb.org/0c8bdf0ecc50c333b22a23f8cb37c444217765f3f44a1c6229a9ba5577600bcc,https://cdn.pokedb.org/0c8bdf0ecc50c333b22a23f8cb37c444217765f3f44a1c6229a9ba5577600bccw20h20,legends-arceus
razor-fang,https://cdn.pokedb.org/01dd368e7a1c7e41064d68e5d6c5dd84e72840b05403413e23f2e7c47c303cf0,https://cdn.pokedb.org/01dd368e7a1c7e41064d68e5d6c5dd84e72840b05403413e23f2e7c47c303cf0w20h20,legends-arceus
razor-fang,https://cdn.pokedb.org/47c0b1cd696c1014575160b78d791c34cfbdf303cdec5e78da4c8a713ff94af0,https://cdn.pokedb.org/47c0b1cd696c1014575160b78d791c34cfbdf303cdec5e78da4c8a713ff94af0w20h20,diamond-pearl
razor-fang,https://cdn.pokedb.org/1dbdeee7a3f307807024b5a2db3d17d29af0239f1eece3daf7a3198dee68a9f1,https://cdn.pokedb.org/1dbdeee7a3f307807024b5a2db3d17d29af0239f1eece3daf7a3198dee68a9f1w20h20,brilliant-diamond-shining-pearl
razor-fang,https://cdn.pokedb.org/14ecd1d3e5bc678c0b5d4953a83b7998141e158b63a807e10ab7daa0d7e1db4e,https://cdn.pokedb.org/14ecd1d3e5bc678c0b5d4953a83b7998141e158b63a807e10ab7daa0d7e1db4ew20h20,scarlet-violet
razz-berry,https://cdn.pokedb.org/60342eef1c2cd9c68b4021e01674a82ef510d5e9126138349c306c8f3c174bc2,https://cdn.pokedb.org/60342eef1c2cd9c68b4021e01674a82ef510d5e9126138349c306c8f3c174bc2w20h20,scarlet-violet
razz-berry,https://cdn.pokedb.org/52bb17210ac3d1795d471cb324a525bc74f69d8f751d61d5252689c4d77ff27b,https://cdn.pokedb.org/52bb17210ac3d1795d471cb324a525bc74f69d8f751d61d5252689c4d77ff27bw20h20,legends-arceus
razz-berry,https://cdn.pokedb.org/960b54e0b1ab0d92247208602801d2c5a076334d35f7a5cb7d6ea7af034e2c12,https://cdn.pokedb.org/960b54e0b1ab0d92247208602801d2c5a076334d35f7a5cb7d6ea7af034e2c12w20h20,brilliant-diamond-shining-pearl
razz-berry,https://cdn.pokedb.org/a8fba75320689920ff3ba6137bc0af47d347a89f58d0323de3e49e6f0c17c206,https://cdn.pokedb.org/a8fba75320689920ff3ba6137bc0af47d347a89f58d0323de3e49e6f0c17c206w20h20,lets-go-pikachu-lets-go-eevee
razz-berry,https://cdn.pokedb.org/ae7e1097c88288318114c2c02492eae9a0f286c206e4a0287bc3f19086c82aff,https://cdn.pokedb.org/ae7e1097c88288318114c2c02492eae9a0f286c206e4a0287bc3f19086c82affw20h20,firered-leafgreen
razz-berry,https://cdn.pokedb.org/c9b332bd61769684b555e3a85acdabd26d75dbe6dba09c0592920eaaf792df8f,https://cdn.pokedb.org/c9b332bd61769684b555e3a85acdabd26d75dbe6dba09c0592920eaaf792df8fw20h20,ruby-sapphire
reaper-cloth,https://cdn.pokedb.org/509a79227e8c292c38e204a338b512679e44d0d69237481cd140ad240b64a0cf,https://cdn.pokedb.org/509a79227e8c292c38e204a338b512679e44d0d69237481cd140ad240b64a0cfw20h20,scarlet-violet
reaper-cloth,https://cdn.pokedb.org/b4b78917ea103ed081cef7ad5447e878ec66891794c38ff5534b6cf142f3a945,https://cdn.pokedb.org/b4b78917ea103ed081cef7ad5447e878ec66891794c38ff5534b6cf142f3a945w20h20,brilliant-diamond-shining-pearl
reaper-cloth,https://cdn.pokedb.org/91dd21e6d4d4989390eba96acc0712f3e526684e45a5d0ba2ffeadb81d80fc74,https://cdn.pokedb.org/91dd21e6d4d4989390eba96acc0712f3e526684e45a5d0ba2ffeadb81d80fc74w20h20,diamond-pearl
reaper-cloth,https://cdn.pokedb.org/6be4ed66772aa20224f76c377e4506159859b4f866c6d3f8de103df1eaa655ea,https://cdn.pokedb.org/6be4ed66772aa20224f76c377e4506159859b4f866c6d3f8de103df1eaa655eaw20h20,legends-arceus
red-apricorn,https://cdn.pokedb.org/588326839e08b1eed95d7d90e69206577aef0da9459ca481812bd05e8ca0c062,https://cdn.pokedb.org/588326839e08b1eed95d7d90e69206577aef0da9459ca481812bd05e8ca0c062w20h20,heartgold-soulsilver
red-apricorn,https://cdn.pokedb.org/8fea1b0d2f0012c02187223d48b99cb20c56a40703813397dea89cd1d7e3d782,https://cdn.pokedb.org/8fea1b0d2f0012c02187223d48b99cb20c56a40703813397dea89cd1d7e3d782w20h20,scarlet-violet
red-bell-pepper,https://cdn.pokedb.org/e615f223d927ab27376b6e22c45cda4917f01eb8afc6c99c8f38ac0e8522f5ec,https://cdn.pokedb.org/e615f223d927ab27376b6e22c45cda4917f01eb8afc6c99c8f38ac0e8522f5ecw20h20,scarlet-violet
red-card,https://cdn.pokedb.org/eab1ad402e0599446e4ac246508b88211830427e6e58ec7e6f4ee1da1e93917f,https://cdn.pokedb.org/eab1ad402e0599446e4ac246508b88211830427e6e58ec7e6f4ee1da1e93917fw20h20,black-white
red-card,https://cdn.pokedb.org/534eb5cf7fc2b260d5b7fe8defb60e89c74b64770cea71d0d212f273fee8796a,https://cdn.pokedb.org/534eb5cf7fc2b260d5b7fe8defb60e89c74b64770cea71d0d212f273fee8796aw20h20,scarlet-violet
red-chain,https://cdn.pokedb.org/3145c96024317a83420e9e120a61570bf977d60eadaea5db9c69a77ca0b501b6,https://cdn.pokedb.org/3145c96024317a83420e9e120a61570bf977d60eadaea5db9c69a77ca0b501b6w20h20,legends-arceus
red-chain,https://cdn.pokedb.org/03867b7fb7b0a4e08fe8612e9e9e94a4d9f449520fbc45068912045c57be2b4d,https://cdn.pokedb.org/03867b7fb7b0a4e08fe8612e9e9e94a4d9f449520fbc45068912045c57be2b4dw20h20,diamond-pearl
red-dish,https://cdn.pokedb.org/69295ed4a7b4fa84f5af830ac5945b1da8d4889391e7886c6432ab9c16239824,https://cdn.pokedb.org/69295ed4a7b4fa84f5af830ac5945b1da8d4889391e7886c6432ab9c16239824w20h20,scarlet-violet
red-flag-pick,https://cdn.pokedb.org/69295ed4a7b4fa84f5af830ac5945b1da8d4889391e7886c6432ab9c16239824,https://cdn.pokedb.org/69295ed4a7b4fa84f5af830ac5945b1da8d4889391e7886c6432ab9c16239824w20h20,scarlet-violet
red-flute,https://cdn.pokedb.org/b7b6b1049069e986d4ea3c4f10c1cf980d0c56fa4cda6ff71091ae3c2affd7a4,https://cdn.pokedb.org/b7b6b1049069e986d4ea3c4f10c1cf980d0c56fa4cda6ff71091ae3c2affd7a4w20h20,firered-leafgreen
red-nectar,https://cdn.pokedb.org/1b7b9cc252d32fdb99ca5f702c06c16e1cdd21060d7f9134ca39b4ca388a606d,https://cdn.pokedb.org/1b7b9cc252d32fdb99ca5f702c06c16e1cdd21060d7f9134ca39b4ca388a606dw20h20,scarlet-violet
red-nectar,https://cdn.pokedb.org/584a9b6a3086cbd08d09b4b5c5253ac5b666363a8a4e7147d1a5fd4f438a62bf,https://cdn.pokedb.org/584a9b6a3086cbd08d09b4b5c5253ac5b666363a8a4e7147d1a5fd4f438a62bfw20h20,sun-moon
red-onion,https://cdn.pokedb.org/1dc6ba50280648c353cc5e45f75c00cbf27fc7b16100a74eea5fda6ab90b031f,https://cdn.pokedb.org/1dc6ba50280648c353cc5e45f75c00cbf27fc7b16100a74eea5fda6ab90b031fw20h20,scarlet-violet
red-orb,https://cdn.pokedb.org/4aaaa37a7085e33d353fbb4da869c70342b8956016452fb9f84b021ee78db557,https://cdn.pokedb.org/4aaaa37a7085e33d353fbb4da869c70342b8956016452fb9f84b021ee78db557w20h20,heartgold-soulsilver
red-orb,https://cdn.pokedb.org/dc464167984e5a91423225f5c522cd4bf58e39f9b8999e807b0029ccfc9706fd,https://cdn.pokedb.org/dc464167984e5a91423225f5c522cd4bf58e39f9b8999e807b0029ccfc9706fdw20h20,platinum
red-orb,https://cdn.pokedb.org/30ec850b5f5029733c02cab4227f143360c0c370c8b7b5a83d3302f7ed414aa7,https://cdn.pokedb.org/30ec850b5f5029733c02cab4227f143360c0c370c8b7b5a83d3302f7ed414aa7w20h20,firered-leafgreen
red-petal,https://cdn.pokedb.org/3baf056cde8d27d57201422261552c62eb1bdb58be6133003792bf44ee68b6d1,https://cdn.pokedb.org/3baf056cde8d27d57201422261552c62eb1bdb58be6133003792bf44ee68b6d1w20h20,ultra-sun-ultra-moon
red-petal,https://cdn.pokedb.org/51bac986b08b3b1e3a015a2795c22a5200914dc7b66321ab045b49bc4b4e9b93,https://cdn.pokedb.org/51bac986b08b3b1e3a015a2795c22a5200914dc7b66321ab045b49bc4b4e9b93w20h20,ultra-sun-ultra-moon
red-poke-ball-pick,https://cdn.pokedb.org/69295ed4a7b4fa84f5af830ac5945b1da8d4889391e7886c6432ab9c16239824,https://cdn.pokedb.org/69295ed4a7b4fa84f5af830ac5945b1da8d4889391e7886c6432ab9c16239824w20h20,scarlet-violet
red-scale,https://cdn.pokedb.org/e8a6be4597df6e96c6658f67680c48163c56e415b93041c8299d599a6f9732a5,https://cdn.pokedb.org/e8a6be4597df6e96c6658f67680c48163c56e415b93041c8299d599a6f9732a5w20h20,platinum
red-scarf,https://cdn.pokedb.org/b87177668a3640672ae683f3bda99dde932284deb71f39c16a6566b5b887e252,https://cdn.pokedb.org/b87177668a3640672ae683f3bda99dde932284deb71f39c16a6566b5b887e252w20h20,brilliant-diamond-shining-pearl
red-scarf,https://cdn.pokedb.org/9b0c40a5213517ef5cdba629eaedf0b7f37f6bfdd016e3d802288b85db963765,https://cdn.pokedb.org/9b0c40a5213517ef5cdba629eaedf0b7f37f6bfdd016e3d802288b85db963765w20h20,heartgold-soulsilver
red-scarf,https://cdn.pokedb.org/cf9f6c64531f12b10945a76159442244a306cb49d51718ff864b2d08d92620fe,https://cdn.pokedb.org/cf9f6c64531f12b10945a76159442244a306cb49d51718ff864b2d08d92620few20h20,firered-leafgreen
red-shard,https://cdn.pokedb.org/0a2cde8a2777e810b7942d8a538ad5b73addad936b361a315e22e00be3687d12,https://cdn.pokedb.org/0a2cde8a2777e810b7942d8a538ad5b73addad936b361a315e22e00be3687d12w20h20,brilliant-diamond-shining-pearl
red-shard,https://cdn.pokedb.org/293da54c1060754dd166797a31937404e0441c66f3fbf6c835ed2c3fbafde723,https://cdn.pokedb.org/293da54c1060754dd166797a31937404e0441c66f3fbf6c835ed2c3fbafde723w20h20,legends-arceus
red-shard,https://cdn.pokedb.org/3daed6cb74d0d1bef8da55220819842344a7a55b1931748c06fcfeb366a86b43,https://cdn.pokedb.org/3daed6cb74d0d1bef8da55220819842344a7a55b1931748c06fcfeb366a86b43w20h20,firered-leafgreen
reins-of-unity,https://cdn.pokedb.org/6893b207859134dd8d9c77ca8fb957b5c465950113d37e201aae6be7f682e523,https://cdn.pokedb.org/6893b207859134dd8d9c77ca8fb957b5c465950113d37e201aae6be7f682e523w20h20,scarlet-violet
reins-of-unity,https://cdn.pokedb.org/3ebd5ebfbb665904613f66fe7a1a6c03a8bb53d33b8f7cf9f1436d2fe55aa8ab,https://cdn.pokedb.org/3ebd5ebfbb665904613f66fe7a1a6c03a8bb53d33b8f7cf9f1436d2fe55aa8abw20h20,sword-shield
relaxed-mint,https://cdn.pokedb.org/1362b3ecc02b0b4d31a95eb6fa3bf6b59edc4cc7fabc05514327d1ece58e2392,https://cdn.pokedb.org/1362b3ecc02b0b4d31a95eb6fa3bf6b59edc4cc7fabc05514327d1ece58e2392w20h20,sword-shield
relaxed-mint,https://cdn.pokedb.org/e85f7a2e8acc9646df7a89b24e7a19e9908b0593a231e781ae3610972947db77,https://cdn.pokedb.org/e85f7a2e8acc9646df7a89b24e7a19e9908b0593a231e781ae3610972947db77w20h20,brilliant-diamond-shining-pearl
relaxed-mint,https://cdn.pokedb.org/ac886e7ea476a067534d84dbfb2772153df01d6906363f339d4dab95ebbff618,https://cdn.pokedb.org/ac886e7ea476a067534d84dbfb2772153df01d6906363f339d4dab95ebbff618w20h20,legends-arceus
relaxed-mint,https://cdn.pokedb.org/6f1dca863b6421f148a96decb14edd490a3740127a8bb86e58ac2fddcef69efc,https://cdn.pokedb.org/6f1dca863b6421f148a96decb14edd490a3740127a8bb86e58ac2fddcef69efcw20h20,scarlet-violet
relic-band,https://cdn.pokedb.org/b8a1560820373745ed82f3d9accfd01075e03b99b1d5699d59e0532380bdd353,https://cdn.pokedb.org/b8a1560820373745ed82f3d9accfd01075e03b99b1d5699d59e0532380bdd353w20h20,black-white
relic-copper,https://cdn.pokedb.org/871db0eb995e9bc4dde274444bd9ff56e4242eab8cc401a366e3d18f6d5c7783,https://cdn.pokedb.org/871db0eb995e9bc4dde274444bd9ff56e4242eab8cc401a366e3d18f6d5c7783w20h20,black-white
relic-crown,https://cdn.pokedb.org/5d1685441a77c983cc0d2c92533098416441226110ed3678c806d10165548292,https://cdn.pokedb.org/5d1685441a77c983cc0d2c92533098416441226110ed3678c806d10165548292w20h20,black-white
relic-gold,https://cdn.pokedb.org/a0cf9f06e27b12c9a139c8c00d65f0f6f0b838b37c20f555c5e8e8b6b86e61a3,https://cdn.pokedb.org/a0cf9f06e27b12c9a139c8c00d65f0f6f0b838b37c20f555c5e8e8b6b86e61a3w20h20,black-white
relic-silver,https://cdn.pokedb.org/6c1f4dc3284118ba5f710454e087b5d3e737d62391e7135fe4be5e2b83956c39,https://cdn.pokedb.org/6c1f4dc3284118ba5f710454e087b5d3e737d62391e7135fe4be5e2b83956c39w20h20,black-white
relic-statue,https://cdn.pokedb.org/f8934ff060d7d4dc65164aef9f618babc0345f8f4fc7318a3987e08dbab18366,https://cdn.pokedb.org/f8934ff060d7d4dc65164aef9f618babc0345f8f4fc7318a3987e08dbab18366w20h20,black-white
relic-vase,https://cdn.pokedb.org/9aac713ab81fb3b134c350206bff468e4b9cfc7a1ca0bf96d3a68e2f639fd1ca,https://cdn.pokedb.org/9aac713ab81fb3b134c350206bff468e4b9cfc7a1ca0bf96d3a68e2f639fd1caw20h20,black-white
rellor-mud,https://cdn.pokedb.org/d93fb90bdc2ee50ccb8f262d9e69f5cbd26e7e6c1bbbc5a2d18d5302aa55ed45,https://cdn.pokedb.org/d93fb90bdc2ee50ccb8f262d9e69f5cbd26e7e6c1bbbc5a2d18d5302aa55ed45w20h20,scarlet-violet
repeat-ball,https://cdn.pokedb.org/33a376b69c487badaec316072c7cdea9f175899a3ba5ca8657f49df9569a170a,https://cdn.pokedb.org/33a376b69c487badaec316072c7cdea9f175899a3ba5ca8657f49df9569a170aw20h20,scarlet-violet
repeat-ball,https://cdn.pokedb.org/2d3856291b0c7d2c7270548f6c5c08fbfeaabdb2127236a97770282aa08e250c,https://cdn.pokedb.org/2d3856291b0c7d2c7270548f6c5c08fbfeaabdb2127236a97770282aa08e250cw20h20,firered-leafgreen
repeat-ball,https://cdn.pokedb.org/b457f33131471694948aa23b55f67f30dd64e81d76814433ce533dc9b2120658,https://cdn.pokedb.org/b457f33131471694948aa23b55f67f30dd64e81d76814433ce533dc9b2120658w20h20,home
repeat-ball,https://cdn.pokedb.org/236dee22da7f30eaac3bfe7b853b39a6538fa99ed4b4a540f8f2a4f4de2223a1,https://cdn.pokedb.org/236dee22da7f30eaac3bfe7b853b39a6538fa99ed4b4a540f8f2a4f4de2223a1w20h20,brilliant-diamond-shining-pearl
repel,https://cdn.pokedb.org/2808b0913d1069b15b13036c41cf11b1de4a6d6c22130ae05c488188bc74a44f,https://cdn.pokedb.org/2808b0913d1069b15b13036c41cf11b1de4a6d6c22130ae05c488188bc74a44fw20h20,scarlet-violet
repel,https://cdn.pokedb.org/076dbe8127142a3d73e6b64f5780b890fc2d2a44f2e5be33d0d342dd48488a52,https://cdn.pokedb.org/076dbe8127142a3d73e6b64f5780b890fc2d2a44f2e5be33d0d342dd48488a52w20h20,brilliant-diamond-shining-pearl
repel,https://cdn.pokedb.org/87a16a62b5a62dd2f4a6d80f2977378e8b1f8c793ff9c64069faa950b47c9c2a,https://cdn.pokedb.org/87a16a62b5a62dd2f4a6d80f2977378e8b1f8c793ff9c64069faa950b47c9c2aw20h20,firered-leafgreen
reply-mail,https://cdn.pokedb.org/5240efa6c7935d99918bda76e820009c301dc1fe21fff11314c029e997b6de25,https://cdn.pokedb.org/5240efa6c7935d99918bda76e820009c301dc1fe21fff11314c029e997b6de25w20h20,black-white
reset-urge,https://cdn.pokedb.org/fab00ea12cd66b222e9b95506622837ed3991bb2a6b971d34e32d227490a9cae,https://cdn.pokedb.org/fab00ea12cd66b222e9b95506622837ed3991bb2a6b971d34e32d227490a9caew20h20,black-white
reshiram-treat,https://cdn.pokedb.org/11396ecb0ac496e1454467b99bdc139e62287d80089b8eba679dc61d57b11c9c,https://cdn.pokedb.org/11396ecb0ac496e1454467b99bdc139e62287d80089b8eba679dc61d57b11c9cw20h20,the-indigo-disk
resist-feather,https://cdn.pokedb.org/2d42bc9459fc99deaf6125093afa9ed49db3a45e98b90414a1f0d81599f0dab3,https://cdn.pokedb.org/2d42bc9459fc99deaf6125093afa9ed49db3a45e98b90414a1f0d81599f0dab3w20h20,scarlet-violet
resist-feather,https://cdn.pokedb.org/b610aa75c5ee21fe06bcf807148c0bd085a87a6de0e770032c4cf2bf334b53bb,https://cdn.pokedb.org/b610aa75c5ee21fe06bcf807148c0bd085a87a6de0e770032c4cf2bf334b53bbw20h20,brilliant-diamond-shining-pearl
resist-feather,https://cdn.pokedb.org/608898e1057138370379e56a3145ffc033e6f1be0c9a3fd28042bbdbf9f7b127,https://cdn.pokedb.org/608898e1057138370379e56a3145ffc033e6f1be0c9a3fd28042bbdbf9f7b127w20h20,black-white
resist-mochi,https://cdn.pokedb.org/151f5b4e4bc7a82c561a6b5726e1887aff3d9dd725110890c5f2889acd282ec3,https://cdn.pokedb.org/151f5b4e4bc7a82c561a6b5726e1887aff3d9dd725110890c5f2889acd282ec3w20h20,scarlet-violet
retro-mail,https://cdn.pokedb.org/91d2dba22e66efa0737b728710a3daa40ffb48d4228fbe0b578aa1ec75f78184,https://cdn.pokedb.org/91d2dba22e66efa0737b728710a3daa40ffb48d4228fbe0b578aa1ec75f78184w20h20,firered-leafgreen
reveal-glass,https://cdn.pokedb.org/c8f0afb8261199b9ddc0439d8dbc850b02f41de224f87e210da5d3642c3543cc,https://cdn.pokedb.org/c8f0afb8261199b9ddc0439d8dbc850b02f41de224f87e210da5d3642c3543ccw20h20,legends-arceus
reveal-glass,https://cdn.pokedb.org/c8cb69cdf4ea100939a385b55b70c61002173014e63a590705a67cd01398aa6e,https://cdn.pokedb.org/c8cb69cdf4ea100939a385b55b70c61002173014e63a590705a67cd01398aa6ew20h20,scarlet-violet
reveal-glass,https://cdn.pokedb.org/5c9024ec5eb91a943c7f3a4d02d16292d0c2f6c90ff831a659f0608184daf81b,https://cdn.pokedb.org/5c9024ec5eb91a943c7f3a4d02d16292d0c2f6c90ff831a659f0608184daf81bw20h20,black-2-white-2
reveal-glass,https://cdn.pokedb.org/452416a8873753229a0c2e6dcd293bc5d99159b91b01163badbda1b8f056542f,https://cdn.pokedb.org/452416a8873753229a0c2e6dcd293bc5d99159b91b01163badbda1b8f056542fw20h20,black-2-white-2
revival-herb,https://cdn.pokedb.org/221022e9ab5c5371ebd10b51286d68eefa5114d3fac759f4385332893dcdf82d,https://cdn.pokedb.org/221022e9ab5c5371ebd10b51286d68eefa5114d3fac759f4385332893dcdf82dw20h20,scarlet-violet
revival-herb,https://cdn.pokedb.org/f4339a04a915267121007f37c9212b4b730bd1767a0a3128fa552963e7120380,https://cdn.pokedb.org/f4339a04a915267121007f37c9212b4b730bd1767a0a3128fa552963e7120380w20h20,firered-leafgreen
revival-herb,https://cdn.pokedb.org/e0fc922fd462cd3a8450c72c71190dfbc4e69b24b87e3f798b191749236deee7,https://cdn.pokedb.org/e0fc922fd462cd3a8450c72c71190dfbc4e69b24b87e3f798b191749236deee7w20h20,brilliant-diamond-shining-pearl
revive,https://cdn.pokedb.org/22414281d3b65c990fa0ed52395c52d8700378875b70f6d42239981d56ce7a94,https://cdn.pokedb.org/22414281d3b65c990fa0ed52395c52d8700378875b70f6d42239981d56ce7a94w20h20,brilliant-diamond-shining-pearl
revive,https://cdn.pokedb.org/0b3b2ec39c7f930546e3b77228c3acf9531464ab5dcfae9dea0730783a346586,https://cdn.pokedb.org/0b3b2ec39c7f930546e3b77228c3acf9531464ab5dcfae9dea0730783a346586w20h20,scarlet-violet
revive,https://cdn.pokedb.org/53970c3306b604434c50bfca5eb92de2ecf323b7ddfc429999885656087197b4,https://cdn.pokedb.org/53970c3306b604434c50bfca5eb92de2ecf323b7ddfc429999885656087197b4w20h20,legends-arceus
revive,https://cdn.pokedb.org/38c259679b4a27971c0680d23ebd8ff2a6b5931046f2110c108debaff482ae4d,https://cdn.pokedb.org/38c259679b4a27971c0680d23ebd8ff2a6b5931046f2110c108debaff482ae4dw20h20,black-white
revive,https://cdn.pokedb.org/eadff68204fe7a9491d99c6a3328f9b8c57a81337374d2f1edeca76718da88f5,https://cdn.pokedb.org/eadff68204fe7a9491d99c6a3328f9b8c57a81337374d2f1edeca76718da88f5w20h20,firered-leafgreen
rhyhorn-candy,https://cdn.pokedb.org/9b568724c4aecd33b9693709362f78b931e379a6de95cd5e18de37ff4272b284,https://cdn.pokedb.org/9b568724c4aecd33b9693709362f78b931e379a6de95cd5e18de37ff4272b284w20h20,go
rhyhorn-fang,https://cdn.pokedb.org/d93fb90bdc2ee50ccb8f262d9e69f5cbd26e7e6c1bbbc5a2d18d5302aa55ed45,https://cdn.pokedb.org/d93fb90bdc2ee50ccb8f262d9e69f5cbd26e7e6c1bbbc5a2d18d5302aa55ed45w20h20,scarlet-violet
ribbon-sweet,https://cdn.pokedb.org/b9bbee73719bc088c5e0171730df8ab718efcbe93330764ca1035b1934e86631,https://cdn.pokedb.org/b9bbee73719bc088c5e0171730df8ab718efcbe93330764ca1035b1934e86631w20h20,scarlet-violet
ribbon-sweet,https://cdn.pokedb.org/fa190dc5c7dcba950f114f932d25735e04d0e2a5839f7996c1308b24c2b2cb8f,https://cdn.pokedb.org/fa190dc5c7dcba950f114f932d25735e04d0e2a5839f7996c1308b24c2b2cb8fw20h20,sword-shield
rice,https://cdn.pokedb.org/5d46a1eabe5416f31479f0af82e80ef9a1914115e1b318acada2188de6c5c2ab,https://cdn.pokedb.org/5d46a1eabe5416f31479f0af82e80ef9a1914115e1b318acada2188de6c5c2abw20h20,scarlet-violet
rich-mulch,https://cdn.pokedb.org/8f48a85c92571007d7e36d242f34caf21fd396696920f61f4772a57882076536,https://cdn.pokedb.org/8f48a85c92571007d7e36d242f34caf21fd396696920f61f4772a57882076536w20h20,x-y
ride-pager,https://cdn.pokedb.org/8cf6668180bcb22fd483c1bf1b6693d2b9c9633c404d9710f14aba6e42557108,https://cdn.pokedb.org/8cf6668180bcb22fd483c1bf1b6693d2b9c9633c404d9710f14aba6e42557108w20h20,sun-moon
ride-pager,https://cdn.pokedb.org/8765618a978fc79862bfcfc3bde07e4dd3fc4b9097ffb42b456e4e6a154f95ed,https://cdn.pokedb.org/8765618a978fc79862bfcfc3bde07e4dd3fc4b9097ffb42b456e4e6a154f95edw20h20,sun-moon
rindo-berry,https://cdn.pokedb.org/f84adfe349c0ddc512c7f85eed3d07e49e127393fd96049d336413ac503acb99,https://cdn.pokedb.org/f84adfe349c0ddc512c7f85eed3d07e49e127393fd96049d336413ac503acb99w20h20,diamond-pearl
rindo-berry,https://cdn.pokedb.org/4e1e0643343d965db596d1f942634363c123dd5314f278cad5cf2c3b056db073,https://cdn.pokedb.org/4e1e0643343d965db596d1f942634363c123dd5314f278cad5cf2c3b056db073w20h20,scarlet-violet
rindo-berry,https://cdn.pokedb.org/4642f90166a4194cd75eed1b62bebe097249529295087c67ed869204a309f722,https://cdn.pokedb.org/4642f90166a4194cd75eed1b62bebe097249529295087c67ed869204a309f722w20h20,brilliant-diamond-shining-pearl
ring-target,https://cdn.pokedb.org/da54e5221a94e3d88b14156204ef1df01c0de81308fe7add5f1d66f1a134e25c,https://cdn.pokedb.org/da54e5221a94e3d88b14156204ef1df01c0de81308fe7add5f1d66f1a134e25cw20h20,black-white
ring-target,https://cdn.pokedb.org/9c502b084d5a80c7bdd14675d3f7b07761a07025ce8d8dce95ce657909a19897,https://cdn.pokedb.org/9c502b084d5a80c7bdd14675d3f7b07761a07025ce8d8dce95ce657909a19897w20h20,scarlet-violet
riolu-fur,https://cdn.pokedb.org/d93fb90bdc2ee50ccb8f262d9e69f5cbd26e7e6c1bbbc5a2d18d5302aa55ed45,https://cdn.pokedb.org/d93fb90bdc2ee50ccb8f262d9e69f5cbd26e7e6c1bbbc5a2d18d5302aa55ed45w20h20,scarlet-violet
rock-gem,https://cdn.pokedb.org/fc930565f2a6d23c4d90fb4edbce60a98ae9d6ed409c4bf63f199dfae9a23046,https://cdn.pokedb.org/fc930565f2a6d23c4d90fb4edbce60a98ae9d6ed409c4bf63f199dfae9a23046w20h20,black-white
rock-incense,https://cdn.pokedb.org/a31cf4997e3890f60c86e978fda7dd73771812be0509ed921617fd588e814437,https://cdn.pokedb.org/a31cf4997e3890f60c86e978fda7dd73771812be0509ed921617fd588e814437w20h20,scarlet-violet
rock-incense,https://cdn.pokedb.org/51a6544e57ca4bd22c98cb8a66efca6d4bb1c3bf1e5f24ef0eb84a29cbce4976,https://cdn.pokedb.org/51a6544e57ca4bd22c98cb8a66efca6d4bb1c3bf1e5f24ef0eb84a29cbce4976w20h20,diamond-pearl
rock-incense,https://cdn.pokedb.org/4da6830ef6fe437896dc1571c1bbb304b9ab9bfdb8d91a729cc72875d1cbeb10,https://cdn.pokedb.org/4da6830ef6fe437896dc1571c1bbb304b9ab9bfdb8d91a729cc72875d1cbeb10w20h20,brilliant-diamond-shining-pearl
rock-memory,https://cdn.pokedb.org/d1d311b8ffef2703578e8290bd047bd39d12a08766f6d394c9dafcf3bb398942,https://cdn.pokedb.org/d1d311b8ffef2703578e8290bd047bd39d12a08766f6d394c9dafcf3bb398942w20h20,sun-moon
rock-tera-shard,https://cdn.pokedb.org/ae409aa310acc60c2bb98e5052295c45ac41bb0670489b4d5786c9066b74ee71,https://cdn.pokedb.org/ae409aa310acc60c2bb98e5052295c45ac41bb0670489b4d5786c9066b74ee71w20h20,scarlet-violet
rockium-z,https://cdn.pokedb.org/abc715862f7d107c240d4c619e57e826bce0701b17e7d1a28d312ea7572cd30a,https://cdn.pokedb.org/abc715862f7d107c240d4c619e57e826bce0701b17e7d1a28d312ea7572cd30aw20h20,sun-moon
rockium-z,https://cdn.pokedb.org/4c42c1a1e9c9443612a146a43888fa0b6e25d3dfc7e56365515369a72239fad1,https://cdn.pokedb.org/4c42c1a1e9c9443612a146a43888fa0b6e25d3dfc7e56365515369a72239fad1w20h20,sun-moon
rockruff-rock,https://cdn.pokedb.org/d93fb90bdc2ee50ccb8f262d9e69f5cbd26e7e6c1bbbc5a2d18d5302aa55ed45,https://cdn.pokedb.org/d93fb90bdc2ee50ccb8f262d9e69f5cbd26e7e6c1bbbc5a2d18d5302aa55ed45w20h20,scarlet-violet
rocky-helmet,https://cdn.pokedb.org/d31b30adadb5ea486310e0333b6fab9e738e90fa57c3ca1946b9e0732b88e4ce,https://cdn.pokedb.org/d31b30adadb5ea486310e0333b6fab9e738e90fa57c3ca1946b9e0732b88e4cew20h20,scarlet-violet
rocky-helmet,https://cdn.pokedb.org/ba06c333b6ed6030e11d5828edfee685875d716a0cbc1e187ae66f471ee66c5f,https://cdn.pokedb.org/ba06c333b6ed6030e11d5828edfee685875d716a0cbc1e187ae66f471ee66c5fw20h20,black-white
roller-skates,https://cdn.pokedb.org/b9412ec273250275a41588d36a9688b44df6df345243b1075be77047bb26ed11,https://cdn.pokedb.org/b9412ec273250275a41588d36a9688b44df6df345243b1075be77047bb26ed11w20h20,x-y
rolycoly-coal,https://cdn.pokedb.org/d93fb90bdc2ee50ccb8f262d9e69f5cbd26e7e6c1bbbc5a2d18d5302aa55ed45,https://cdn.pokedb.org/d93fb90bdc2ee50ccb8f262d9e69f5cbd26e7e6c1bbbc5a2d18d5302aa55ed45w20h20,scarlet-violet
rookidee-feather,https://cdn.pokedb.org/d93fb90bdc2ee50ccb8f262d9e69f5cbd26e7e6c1bbbc5a2d18d5302aa55ed45,https://cdn.pokedb.org/d93fb90bdc2ee50ccb8f262d9e69f5cbd26e7e6c1bbbc5a2d18d5302aa55ed45w20h20,scarlet-violet
room-service,https://cdn.pokedb.org/ef73eaf46033df93d5acb6b701fb400ec3fdd83db1669e9f63fae26eda4d2d92,https://cdn.pokedb.org/ef73eaf46033df93d5acb6b701fb400ec3fdd83db1669e9f63fae26eda4d2d92w20h20,scarlet-violet
room-service,https://cdn.pokedb.org/34b16185673a843db54f697522a6b236f4fe44be5b6d3e5d0b07c2076c5ed6c3,https://cdn.pokedb.org/34b16185673a843db54f697522a6b236f4fe44be5b6d3e5d0b07c2076c5ed6c3w20h20,sword-shield
root-fossil,https://cdn.pokedb.org/4d1a4b534537fd7a08942e08e3b4cf65b9d0d0d9da94bded90a9fbf7b7eca280,https://cdn.pokedb.org/4d1a4b534537fd7a08942e08e3b4cf65b9d0d0d9da94bded90a9fbf7b7eca280w20h20,firered-leafgreen
rose-incense,https://cdn.pokedb.org/920c4d69bddbcaa4116b86ee76a86c42f8d802cbd709d521e540249cb922c41a,https://cdn.pokedb.org/920c4d69bddbcaa4116b86ee76a86c42f8d802cbd709d521e540249cb922c41aw20h20,diamond-pearl
rose-incense,https://cdn.pokedb.org/159a8248b21e6368e5f603e202f875a801a9b9f15150cc676f74cafc5b08ed31,https://cdn.pokedb.org/159a8248b21e6368e5f603e202f875a801a9b9f15150cc676f74cafc5b08ed31w20h20,brilliant-diamond-shining-pearl
rose-incense,https://cdn.pokedb.org/fef80584ff68a7d7607662913449ba780244a47acc2643a447f783bf8fa9c01e,https://cdn.pokedb.org/fef80584ff68a7d7607662913449ba780244a47acc2643a447f783bf8fa9c01ew20h20,scarlet-violet
roseli-berry,https://cdn.pokedb.org/36528103a8d9a5fd43f19f83733e3104ef38792a396f2be973e52b488b57f0a1,https://cdn.pokedb.org/36528103a8d9a5fd43f19f83733e3104ef38792a396f2be973e52b488b57f0a1w20h20,x-y
roseli-berry,https://cdn.pokedb.org/b8260ab39ac58985a0ac56dc9d8757b0c8f54b1d0ba8f922a2d8a9d210a57cc2,https://cdn.pokedb.org/b8260ab39ac58985a0ac56dc9d8757b0c8f54b1d0ba8f922a2d8a9d210a57cc2w20h20,brilliant-diamond-shining-pearl
roseli-berry,https://cdn.pokedb.org/70b44305b5d45ac623c0ee7312145d75e3d2795ab310a70de4cb12790db15fb4,https://cdn.pokedb.org/70b44305b5d45ac623c0ee7312145d75e3d2795ab310a70de4cb12790db15fb4w20h20,scarlet-violet
roto-bargain,https://cdn.pokedb.org/aec7421aad0046adbc5b003b644d2214440e97cf5c2c5685eadd0f202f72badb,https://cdn.pokedb.org/aec7421aad0046adbc5b003b644d2214440e97cf5c2c5685eadd0f202f72badbw20h20,ultra-sun-ultra-moon
roto-boost,https://cdn.pokedb.org/b528c595687fad83d64a40ea0fbb61ff39b99de8fe1b85c09097564c5ce31add,https://cdn.pokedb.org/b528c595687fad83d64a40ea0fbb61ff39b99de8fe1b85c09097564c5ce31addw20h20,ultra-sun-ultra-moon
roto-catch,https://cdn.pokedb.org/1f79e02303c187d1f927874f0fa8636f1a595eea46bdffc174c53a199d777d03,https://cdn.pokedb.org/1f79e02303c187d1f927874f0fa8636f1a595eea46bdffc174c53a199d777d03w20h20,ultra-sun-ultra-moon
roto-encounter,https://cdn.pokedb.org/2f994e64c31a0068cb99d9417326b97a4b1255a5a4128ba3f23daa22b2d5a0c7,https://cdn.pokedb.org/2f994e64c31a0068cb99d9417326b97a4b1255a5a4128ba3f23daa22b2d5a0c7w20h20,ultra-sun-ultra-moon
roto-exp-points,https://cdn.pokedb.org/2abc97648ac01307e427e4397c9c83a665b64a4ce41bc01e7d4488bde6571076,https://cdn.pokedb.org/2abc97648ac01307e427e4397c9c83a665b64a4ce41bc01e7d4488bde6571076w20h20,ultra-sun-ultra-moon
roto-friendship,https://cdn.pokedb.org/0efd9cfa1be33908e4b3934cf7bec419421ab54e5afd7e5a7075b20383f0a982,https://cdn.pokedb.org/0efd9cfa1be33908e4b3934cf7bec419421ab54e5afd7e5a7075b20383f0a982w20h20,ultra-sun-ultra-moon
roto-hatch,https://cdn.pokedb.org/71bd17d5a367cf2071d10f3af08382c2691511d54d4ae5e30112dac009973c2a,https://cdn.pokedb.org/71bd17d5a367cf2071d10f3af08382c2691511d54d4ae5e30112dac009973c2aw20h20,ultra-sun-ultra-moon
roto-hp-restore,https://cdn.pokedb.org/c3050ecb0e874c8e3fb7845322272903ab0d072d6f91334fab05e98fa877115a,https://cdn.pokedb.org/c3050ecb0e874c8e3fb7845322272903ab0d072d6f91334fab05e98fa877115aw20h20,ultra-sun-ultra-moon
roto-pp-restore,https://cdn.pokedb.org/229d3a52395403cc2f9cd3f2976e3927a848667aeca431688d54847330c648e4,https://cdn.pokedb.org/229d3a52395403cc2f9cd3f2976e3927a848667aeca431688d54847330c648e4w20h20,ultra-sun-ultra-moon
roto-prize-money,https://cdn.pokedb.org/eb5763e97701f903ad81d45f65ea76161f84ff1c8d77470ab617b6dc177e3224,https://cdn.pokedb.org/eb5763e97701f903ad81d45f65ea76161f84ff1c8d77470ab617b6dc177e3224w20h20,ultra-sun-ultra-moon
roto-stealth,https://cdn.pokedb.org/1fed5c73915cda322fe253f6d6b8a738844515c9bd36a4657890d17a069ff31a,https://cdn.pokedb.org/1fed5c73915cda322fe253f6d6b8a738844515c9bd36a4657890d17a069ff31aw20h20,ultra-sun-ultra-moon
roto-stick,https://cdn.pokedb.org/6ae60f8a7f08bcb9c0a37c912dcd26cd9e9130cdc828232d81e39bc99657cb11,https://cdn.pokedb.org/6ae60f8a7f08bcb9c0a37c912dcd26cd9e9130cdc828232d81e39bc99657cb11w20h20,scarlet-violet
rotom-bike,https://cdn.pokedb.org/218cbb3fbcdcc61dcf84adb9fc37092e552b4406513d5e5f677dfc324dcd2f1c,https://cdn.pokedb.org/218cbb3fbcdcc61dcf84adb9fc37092e552b4406513d5e5f677dfc324dcd2f1cw20h20,sword-shield
rotom-bike,https://cdn.pokedb.org/e05220774a79b59de91d82ee66f3c1525eddba87c3fa6d55a6287173750bc6ab,https://cdn.pokedb.org/e05220774a79b59de91d82ee66f3c1525eddba87c3fa6d55a6287173750bc6abw20h20,sword-shield
rotom-bike,https://cdn.pokedb.org/ba8b27d8222f79500f45da41abdf50c27c8fca9562f09f45f46a9e1c349b9c8d,https://cdn.pokedb.org/ba8b27d8222f79500f45da41abdf50c27c8fca9562f09f45f46a9e1c349b9c8dw20h20,sword-shield
rotom-bike,https://cdn.pokedb.org/4cee434f31c0fb25236f866e7e7da9dd4f182004811257c9f6f3a442a75248d3,https://cdn.pokedb.org/4cee434f31c0fb25236f866e7e7da9dd4f182004811257c9f6f3a442a75248d3w20h20,sword-shield
rotom-catalog,https://cdn.pokedb.org/20db8919a99035c4b14a8f9838093cdb73949047fc56bad1274ea1e43037e695,https://cdn.pokedb.org/20db8919a99035c4b14a8f9838093cdb73949047fc56bad1274ea1e43037e695w20h20,sword-shield
rotom-catalog,https://cdn.pokedb.org/70a296d36f47b4740dbeea97e439f86099af531b15776909d8a9732bde006ccf,https://cdn.pokedb.org/70a296d36f47b4740dbeea97e439f86099af531b15776909d8a9732bde006ccfw20h20,brilliant-diamond-shining-pearl
rotom-catalog,https://cdn.pokedb.org/540aee974e620a1b712dd031b1d2efa071b056b90fc2f5c11a98c44045e4764b,https://cdn.pokedb.org/540aee974e620a1b712dd031b1d2efa071b056b90fc2f5c11a98c44045e4764bw20h20,scarlet-violet
rotom-phone,https://cdn.pokedb.org/0adebc09aac6d703fc1430b4e369a1a54ee5e3dc492c4560d229180c38b247ae,https://cdn.pokedb.org/0adebc09aac6d703fc1430b4e369a1a54ee5e3dc492c4560d229180c38b247aew20h20,scarlet-violet
rotom-phone,https://cdn.pokedb.org/cab9f3f984a8d8ef9c14a24891c3a7e5b812e02deaf6e0937f2a35917a75417d,https://cdn.pokedb.org/cab9f3f984a8d8ef9c14a24891c3a7e5b812e02deaf6e0937f2a35917a75417dw20h20,scarlet-violet
rotom-phone,https://cdn.pokedb.org/b2d7f0ea76fc38e5bcf38d6fed2978ad30dd5b236463eb435eaefb217a571a07,https://cdn.pokedb.org/b2d7f0ea76fc38e5bcf38d6fed2978ad30dd5b236463eb435eaefb217a571a07w20h20,scarlet-violet
rotom-phone,https://cdn.pokedb.org/764f320d902241789110e2fd411ffe8d3e0fe2206840d0303daf8a60a80c521e,https://cdn.pokedb.org/764f320d902241789110e2fd411ffe8d3e0fe2206840d0303daf8a60a80c521ew20h20,scarlet-violet
rotom-phone,https://cdn.pokedb.org/b0a6d468a435e2052e11f3bb36d2cee20d9428fb4f4bc7c32b368496d5dcae46,https://cdn.pokedb.org/b0a6d468a435e2052e11f3bb36d2cee20d9428fb4f4bc7c32b368496d5dcae46w20h20,scarlet-violet
rotom-phone,https://cdn.pokedb.org/6a34b39fb9db181059049f952c4ab5ff8685dcd91bff73980d1c12779e3b8437,https://cdn.pokedb.org/6a34b39fb9db181059049f952c4ab5ff8685dcd91bff73980d1c12779e3b8437w20h20,scarlet-violet
rotom-phone,https://cdn.pokedb.org/fb57f8ea935badacfdd55a112726b7a38a3b371e50f15059965ccf348720ef4e,https://cdn.pokedb.org/fb57f8ea935badacfdd55a112726b7a38a3b371e50f15059965ccf348720ef4ew20h20,scarlet-violet
rotom-phone,https://cdn.pokedb.org/2a3dc088bd0689a700897500a1e66d54664aae82011d4d5969f9d28a97795646,https://cdn.pokedb.org/2a3dc088bd0689a700897500a1e66d54664aae82011d4d5969f9d28a97795646w20h20,scarlet-violet
rotom-phone,https://cdn.pokedb.org/6bff40b378570ffe8b1acd8a76106a19d6271631a61824337dbf192075c7e557,https://cdn.pokedb.org/6bff40b378570ffe8b1acd8a76106a19d6271631a61824337dbf192075c7e557w20h20,scarlet-violet
rotom-phone,https://cdn.pokedb.org/11f00d53769ded091d03e8a54a633b9aca3e80e55f8110bad77f06cf50666369,https://cdn.pokedb.org/11f00d53769ded091d03e8a54a633b9aca3e80e55f8110bad77f06cf50666369w20h20,scarlet-violet
rotom-phone,https://cdn.pokedb.org/2deaa01e8b571bb91928eada5818ebd6d1c8f4084f1c5bc6a4014539980a11fa,https://cdn.pokedb.org/2deaa01e8b571bb91928eada5818ebd6d1c8f4084f1c5bc6a4014539980a11faw20h20,scarlet-violet
rotom-phone,https://cdn.pokedb.org/e3dab3e3ab8bad43a7bde174e5f023d8581c2f3a4353b9f6a67bbf0e8630345f,https://cdn.pokedb.org/e3dab3e3ab8bad43a7bde174e5f023d8581c2f3a4353b9f6a67bbf0e8630345fw20h20,scarlet-violet
rotom-phone,https://cdn.pokedb.org/877a1892d4f3d79493dd68db36fd0e1029ec5605cb011c0236e34d9360677b6b,https://cdn.pokedb.org/877a1892d4f3d79493dd68db36fd0e1029ec5605cb011c0236e34d9360677b6bw20h20,scarlet-violet
rotom-phone,https://cdn.pokedb.org/9193af14373474d380cde649101faf405bc08a7c78e8b26b7fa373b777ad6122,https://cdn.pokedb.org/9193af14373474d380cde649101faf405bc08a7c78e8b26b7fa373b777ad6122w20h20,scarlet-violet
rotom-phone,https://cdn.pokedb.org/f8eec1cb404c9e0dcb4f0faf3476b08d7a632c0fb40311cfb6964d0b64c48010,https://cdn.pokedb.org/f8eec1cb404c9e0dcb4f0faf3476b08d7a632c0fb40311cfb6964d0b64c48010w20h20,scarlet-violet
rotom-phone,https://cdn.pokedb.org/fe2c6fc74d5c022f5ca2f7dac06ed87607d75eb02c4865d49bbb0fdb06ce55dd,https://cdn.pokedb.org/fe2c6fc74d5c022f5ca2f7dac06ed87607d75eb02c4865d49bbb0fdb06ce55ddw20h20,scarlet-violet
rotom-phone,https://cdn.pokedb.org/cfb47c9a15ec3406b66bbe81c9e1ff5379418c189216e45f66e9ab868f213719,https://cdn.pokedb.org/cfb47c9a15ec3406b66bbe81c9e1ff5379418c189216e45f66e9ab868f213719w20h20,scarlet-violet
rotom-phone,https://cdn.pokedb.org/30c07244084b6034940d9dc83538e244e30870137353047fb66f75e1b6a1dc15,https://cdn.pokedb.org/30c07244084b6034940d9dc83538e244e30870137353047fb66f75e1b6a1dc15w20h20,scarlet-violet
rotom-phone,https://cdn.pokedb.org/931893052405c167337615c5dfb799e24f53e524bc243d3a64b36f258d965e20,https://cdn.pokedb.org/931893052405c167337615c5dfb799e24f53e524bc243d3a64b36f258d965e20w20h20,scarlet-violet
rotom-phone,https://cdn.pokedb.org/616fd799354cf39c60366dd6fcd7e1e8d262a13e0d5ad6638a5d009bd2b71eaa,https://cdn.pokedb.org/616fd799354cf39c60366dd6fcd7e1e8d262a13e0d5ad6638a5d009bd2b71eaaw20h20,scarlet-violet
rotom-phone,https://cdn.pokedb.org/030a4d3a54c3faf2991bfd8e06bfd88860f89227971e683c29717f36ae63f3b4,https://cdn.pokedb.org/030a4d3a54c3faf2991bfd8e06bfd88860f89227971e683c29717f36ae63f3b4w20h20,scarlet-violet
rotom-phone,https://cdn.pokedb.org/4079484cdf618587ff8c2834ed5acc59ed0b6a18e7a7c02d3b886d49cbd44458,https://cdn.pokedb.org/4079484cdf618587ff8c2834ed5acc59ed0b6a18e7a7c02d3b886d49cbd44458w20h20,scarlet-violet
rotom-phone,https://cdn.pokedb.org/928732c0706e5170aa256cd6db5216b4f0b04e378f3040677a6b8807bd9914db,https://cdn.pokedb.org/928732c0706e5170aa256cd6db5216b4f0b04e378f3040677a6b8807bd9914dbw20h20,scarlet-violet
rotom-phone,https://cdn.pokedb.org/492c73433b921599067867ec41c780d7aa51f04fe70634c25d8666f9249c0635,https://cdn.pokedb.org/492c73433b921599067867ec41c780d7aa51f04fe70634c25d8666f9249c0635w20h20,scarlet-violet
rotom-phone,https://cdn.pokedb.org/5c1be9fdafe6ae293b154f648153e31058552f2bcdcb090e17d753998169715f,https://cdn.pokedb.org/5c1be9fdafe6ae293b154f648153e31058552f2bcdcb090e17d753998169715fw20h20,scarlet-violet
rotom-phone,https://cdn.pokedb.org/d1eb9526d209e849e2a8f87d144d0075d69e0bec35d5e3ea5feda86d17a3db03,https://cdn.pokedb.org/d1eb9526d209e849e2a8f87d144d0075d69e0bec35d5e3ea5feda86d17a3db03w20h20,scarlet-violet
rotom-phone,https://cdn.pokedb.org/52a07a98c5142af99b180ea2c87a4c74adaf5c213bd7bffa626c0ac60cb89e89,https://cdn.pokedb.org/52a07a98c5142af99b180ea2c87a4c74adaf5c213bd7bffa626c0ac60cb89e89w20h20,scarlet-violet
rotom-phone,https://cdn.pokedb.org/39b95b5905be2a95dd3a32df6e97c9d784d22538df07da902dc9d3a219b513a8,https://cdn.pokedb.org/39b95b5905be2a95dd3a32df6e97c9d784d22538df07da902dc9d3a219b513a8w20h20,scarlet-violet
rotom-phone,https://cdn.pokedb.org/c4469dde890d60caabc71a8eb4d2228ac4b1fa68ac929257b30f0a3e3508c750,https://cdn.pokedb.org/c4469dde890d60caabc71a8eb4d2228ac4b1fa68ac929257b30f0a3e3508c750w20h20,scarlet-violet
rotom-phone,https://cdn.pokedb.org/c9316345f7912bbf04e316bf3a1e6bbe9386b9993c6c6694c684dc70b5eb1fc5,https://cdn.pokedb.org/c9316345f7912bbf04e316bf3a1e6bbe9386b9993c6c6694c684dc70b5eb1fc5w20h20,scarlet-violet
rotom-phone,https://cdn.pokedb.org/7bb1fefe0e70e271d4d927b25e8e1f81fead90f49a2ea0b0e5b147566d6227bb,https://cdn.pokedb.org/7bb1fefe0e70e271d4d927b25e8e1f81fead90f49a2ea0b0e5b147566d6227bbw20h20,scarlet-violet
rotom-phone,https://cdn.pokedb.org/1b6ee7884325fb8875e00d73fd910d549f35da87d0876f7e33496588aade9327,https://cdn.pokedb.org/1b6ee7884325fb8875e00d73fd910d549f35da87d0876f7e33496588aade9327w20h20,scarlet-violet
rotom-phone,https://cdn.pokedb.org/4d0b74c411651ca110b1348d172d17989c68721864d392b72d9fad0f13e6faa0,https://cdn.pokedb.org/4d0b74c411651ca110b1348d172d17989c68721864d392b72d9fad0f13e6faa0w20h20,scarlet-violet
rotom-phone,https://cdn.pokedb.org/fe946da164ca8ede24f53c32644183fd420cae1b211319ab9f6165f325761b5c,https://cdn.pokedb.org/fe946da164ca8ede24f53c32644183fd420cae1b211319ab9f6165f325761b5cw20h20,scarlet-violet
rotom-phone,https://cdn.pokedb.org/a9984c1283d18be10c7445feb8960f2427c293b2a5812c01f6e629b15518895b,https://cdn.pokedb.org/a9984c1283d18be10c7445feb8960f2427c293b2a5812c01f6e629b15518895bw20h20,scarlet-violet
rotom-phone,https://cdn.pokedb.org/f5ad4fc3bad1cc59e5b677ef448bc7504018d6ee6c37f0bb6595ffe6dcce9d78,https://cdn.pokedb.org/f5ad4fc3bad1cc59e5b677ef448bc7504018d6ee6c37f0bb6595ffe6dcce9d78w20h20,scarlet-violet
rotom-phone,https://cdn.pokedb.org/ef458356ce23fc5360a3130fff1670a479321a2b301e59b993c87adfb290f092,https://cdn.pokedb.org/ef458356ce23fc5360a3130fff1670a479321a2b301e59b993c87adfb290f092w20h20,scarlet-violet
rotom-phone,https://cdn.pokedb.org/2305eadd7f99f1c995a54e592fec360f49dbf09d38c009daaa83896bdd54d0e4,https://cdn.pokedb.org/2305eadd7f99f1c995a54e592fec360f49dbf09d38c009daaa83896bdd54d0e4w20h20,scarlet-violet
rotom-phone,https://cdn.pokedb.org/bced636f5c9133a907bc99073b298be8481f737a873030a9e7c2bdf3d7535202,https://cdn.pokedb.org/bced636f5c9133a907bc99073b298be8481f737a873030a9e7c2bdf3d7535202w20h20,scarlet-violet
rotom-phone,https://cdn.pokedb.org/8d9707060452c2afa816a3a839970d5841f31d46674c88170a3f785cc80583d7,https://cdn.pokedb.org/8d9707060452c2afa816a3a839970d5841f31d46674c88170a3f785cc80583d7w20h20,scarlet-violet
rotom-phone,https://cdn.pokedb.org/55bb7c8dcefce3db559df266d8c52d7c769ba149af4bce221a4d4ad30e2e2eec,https://cdn.pokedb.org/55bb7c8dcefce3db559df266d8c52d7c769ba149af4bce221a4d4ad30e2e2eecw20h20,scarlet-violet
rotom-phone,https://cdn.pokedb.org/a9e34c90f1b6cc8189f972ee9fb9cdc1a7e5ccdfc43bdb03fdece3cc2c3e4884,https://cdn.pokedb.org/a9e34c90f1b6cc8189f972ee9fb9cdc1a7e5ccdfc43bdb03fdece3cc2c3e4884w20h20,scarlet-violet
rotom-phone,https://cdn.pokedb.org/e6d26530d98bc8beacb1fc7aaaa0b432eb97a85537bbbb7e09c018433b796578,https://cdn.pokedb.org/e6d26530d98bc8beacb1fc7aaaa0b432eb97a85537bbbb7e09c018433b796578w20h20,scarlet-violet
rotom-phone,https://cdn.pokedb.org/b7ac4378bd018f1c8e042ab164f9e8e0088d5dec78d1049210768d187f2d2a0f,https://cdn.pokedb.org/b7ac4378bd018f1c8e042ab164f9e8e0088d5dec78d1049210768d187f2d2a0fw20h20,scarlet-violet
rotom-phone,https://cdn.pokedb.org/9126312b171049f69fdd6a5a3a055813e1efeda346e6588a2a9de6ad0eb161d3,https://cdn.pokedb.org/9126312b171049f69fdd6a5a3a055813e1efeda346e6588a2a9de6ad0eb161d3w20h20,scarlet-violet
rotom-phone,https://cdn.pokedb.org/ce396688079eb2550a0b2f2e70c532b2cdc3846d99759fd52fc430db01dae55c,https://cdn.pokedb.org/ce396688079eb2550a0b2f2e70c532b2cdc3846d99759fd52fc430db01dae55cw20h20,scarlet-violet
rotom-phone,https://cdn.pokedb.org/57ba71ecbbf2f40d1b509b4a474e3437be7b1bdfa203fd1af29164c1bdf9b3c9,https://cdn.pokedb.org/57ba71ecbbf2f40d1b509b4a474e3437be7b1bdfa203fd1af29164c1bdf9b3c9w20h20,scarlet-violet
rotom-phone,https://cdn.pokedb.org/69ef58ecd1f7b7c8a6e12a8ea21e45cefec9532858584c79d809b8d7f86cd505,https://cdn.pokedb.org/69ef58ecd1f7b7c8a6e12a8ea21e45cefec9532858584c79d809b8d7f86cd505w20h20,scarlet-violet
rotom-phone,https://cdn.pokedb.org/73598da046dfc660c212a160437e71815ce9758af6a639b1b6b60e6c8bb47d09,https://cdn.pokedb.org/73598da046dfc660c212a160437e71815ce9758af6a639b1b6b60e6c8bb47d09w20h20,scarlet-violet
rotom-phone,https://cdn.pokedb.org/e049754ff4941855e6571f47a94584fd16fd0126a35663727a92e2eef4070c33,https://cdn.pokedb.org/e049754ff4941855e6571f47a94584fd16fd0126a35663727a92e2eef4070c33w20h20,scarlet-violet
rotom-phone,https://cdn.pokedb.org/975a0a3945fd3d557ec4e8bf4b76010ac4c9da92dac87a80e167a3073a2379fb,https://cdn.pokedb.org/975a0a3945fd3d557ec4e8bf4b76010ac4c9da92dac87a80e167a3073a2379fbw20h20,scarlet-violet
rotom-phone,https://cdn.pokedb.org/1cf0ad0e0dcbeada084a2a47de339ff5714e6e178358bed046440b9f1e489490,https://cdn.pokedb.org/1cf0ad0e0dcbeada084a2a47de339ff5714e6e178358bed046440b9f1e489490w20h20,scarlet-violet
rotom-phone,https://cdn.pokedb.org/edff6044a76c335b4db19875de1316569f771d2d925e59e03c5507d601c6d3e6,https://cdn.pokedb.org/edff6044a76c335b4db19875de1316569f771d2d925e59e03c5507d601c6d3e6w20h20,scarlet-violet
rotom-phone,https://cdn.pokedb.org/d2d9bcde934f9871e4c275a2f4f414ae8f78c813afda6c70d660a356191fadeb,https://cdn.pokedb.org/d2d9bcde934f9871e4c275a2f4f414ae8f78c813afda6c70d660a356191fadebw20h20,sword-shield
rotom-phone,https://cdn.pokedb.org/c168737f651a7be0557367bbea5cc7211e8477773fb2f5ea7337800f17b6ea87,https://cdn.pokedb.org/c168737f651a7be0557367bbea5cc7211e8477773fb2f5ea7337800f17b6ea87w20h20,scarlet-violet
rotom-phone,https://cdn.pokedb.org/8f401d42d147343470bbb15a9e13699d4174b0e1faa9fbfd7a95e43f57effe54,https://cdn.pokedb.org/8f401d42d147343470bbb15a9e13699d4174b0e1faa9fbfd7a95e43f57effe54w20h20,scarlet-violet
rotom-phone,https://cdn.pokedb.org/b9e0f00cb940d141ff0a36e0ca3ea4b926497ae3b6006e274c1e0abb94b7ac58,https://cdn.pokedb.org/b9e0f00cb940d141ff0a36e0ca3ea4b926497ae3b6006e274c1e0abb94b7ac58w20h20,scarlet-violet
rotom-phone,https://cdn.pokedb.org/df5018c765e9cbf5719d1f634ed985b8ff388ca2dae3e12e4a3b1aaaf76e95a9,https://cdn.pokedb.org/df5018c765e9cbf5719d1f634ed985b8ff388ca2dae3e12e4a3b1aaaf76e95a9w20h20,scarlet-violet
rotom-phone,https://cdn.pokedb.org/e350691d6559f8461780366b3ea9f3f0241e6dd07635bc75495184f08d4c3a09,https://cdn.pokedb.org/e350691d6559f8461780366b3ea9f3f0241e6dd07635bc75495184f08d4c3a09w20h20,scarlet-violet
rotom-phone,https://cdn.pokedb.org/3dd1b1d65b71482cf655fd11940eaa1774c4f4c80d10e34caab81d44959e3981,https://cdn.pokedb.org/3dd1b1d65b71482cf655fd11940eaa1774c4f4c80d10e34caab81d44959e3981w20h20,scarlet-violet
rotom-phone,https://cdn.pokedb.org/fcebd1571ebe6ca0045521d2949643931d4dc68c4103313d5fd07acd7f7a5d7b,https://cdn.pokedb.org/fcebd1571ebe6ca0045521d2949643931d4dc68c4103313d5fd07acd7f7a5d7bw20h20,scarlet-violet
rotom-phone,https://cdn.pokedb.org/5e2701ba53e4dc9b18bfe2de3498d99c7327503dd253b7a4fe89899147de346b,https://cdn.pokedb.org/5e2701ba53e4dc9b18bfe2de3498d99c7327503dd253b7a4fe89899147de346bw20h20,scarlet-violet
rotom-phone,https://cdn.pokedb.org/13db44e30a8f2d6b409f447b05e4f50240a4e512cdda61cac9aafc5412cb8f27,https://cdn.pokedb.org/13db44e30a8f2d6b409f447b05e4f50240a4e512cdda61cac9aafc5412cb8f27w20h20,scarlet-violet
rotom-phone,https://cdn.pokedb.org/cbdf6bedffda9610e8926174e855590ac8331fbb52db339b27bfcce1be1bd12e,https://cdn.pokedb.org/cbdf6bedffda9610e8926174e855590ac8331fbb52db339b27bfcce1be1bd12ew20h20,scarlet-violet
rotom-phone,https://cdn.pokedb.org/e36e209d579f0a18b0a557b307673321a470737f50a071732d2443059258bf89,https://cdn.pokedb.org/e36e209d579f0a18b0a557b307673321a470737f50a071732d2443059258bf89w20h20,scarlet-violet
rotom-phone,https://cdn.pokedb.org/ba2401df102fbc8bd20f4f1acfa641f5c692889cb20bb64a928046a72eeb00c3,https://cdn.pokedb.org/ba2401df102fbc8bd20f4f1acfa641f5c692889cb20bb64a928046a72eeb00c3w20h20,scarlet-violet
rotom-phone,https://cdn.pokedb.org/13fabf0eb7e3d0df4ec310a7473f1e13d55e3801a21bda381e600df5bc440406,https://cdn.pokedb.org/13fabf0eb7e3d0df4ec310a7473f1e13d55e3801a21bda381e600df5bc440406w20h20,scarlet-violet
rotom-phone,https://cdn.pokedb.org/fb90254f22179963290c466ae93fd8460962af47d0c96920a5b019c37f43d9c0,https://cdn.pokedb.org/fb90254f22179963290c466ae93fd8460962af47d0c96920a5b019c37f43d9c0w20h20,scarlet-violet
rotom-phone,https://cdn.pokedb.org/80112484dce3ad606f7e710c650054653ad4a329625334447ffd94832d25e26c,https://cdn.pokedb.org/80112484dce3ad606f7e710c650054653ad4a329625334447ffd94832d25e26cw20h20,scarlet-violet
rotom-phone,https://cdn.pokedb.org/ce34f219aa73af1c82be70aa2eda823c6af3180212bf41ab0d0dfbacd55630cd,https://cdn.pokedb.org/ce34f219aa73af1c82be70aa2eda823c6af3180212bf41ab0d0dfbacd55630cdw20h20,scarlet-violet
rotom-phone,https://cdn.pokedb.org/558d075cf7e979775ea1c0dfb07ad47517297b758a1815a1cfc1c9e21a25aecd,https://cdn.pokedb.org/558d075cf7e979775ea1c0dfb07ad47517297b758a1815a1cfc1c9e21a25aecdw20h20,scarlet-violet
rotom-phone,https://cdn.pokedb.org/966c243100fb3ad67cd47c4a33ea7171566d35ffbc9b55428208ab11c7674752,https://cdn.pokedb.org/966c243100fb3ad67cd47c4a33ea7171566d35ffbc9b55428208ab11c7674752w20h20,scarlet-violet
rotom-phone,https://cdn.pokedb.org/136a96d158d74863b73dd6ef636e86b2025b9a8713329021dcefe1af146766b2,https://cdn.pokedb.org/136a96d158d74863b73dd6ef636e86b2025b9a8713329021dcefe1af146766b2w20h20,scarlet-violet
rotom-phone,https://cdn.pokedb.org/9d84e781abfbcc67f1a3b9c89a8379a2d733149e2213c16ea293b150cb8f8eca,https://cdn.pokedb.org/9d84e781abfbcc67f1a3b9c89a8379a2d733149e2213c16ea293b150cb8f8ecaw20h20,scarlet-violet
rotom-sparks,https://cdn.pokedb.org/d93fb90bdc2ee50ccb8f262d9e69f5cbd26e7e6c1bbbc5a2d18d5302aa55ed45,https://cdn.pokedb.org/d93fb90bdc2ee50ccb8f262d9e69f5cbd26e7e6c1bbbc5a2d18d5302aa55ed45w20h20,scarlet-violet
rowap-berry,https://cdn.pokedb.org/93763e378256bad37dd59293ababb7260858db2cddc7c119af452348800a7fa3,https://cdn.pokedb.org/93763e378256bad37dd59293ababb7260858db2cddc7c119af452348800a7fa3w20h20,diamond-pearl
rowap-berry,https://cdn.pokedb.org/b2f7490c00500c9b38e2d54f3e4eaa7db41a41f4452c4d7f9af3f0afdab8abec,https://cdn.pokedb.org/b2f7490c00500c9b38e2d54f3e4eaa7db41a41f4452c4d7f9af3f0afdab8abecw20h20,brilliant-diamond-shining-pearl
rowap-berry,https://cdn.pokedb.org/54341bcf02f4f76851821e538279e996ee07d718ec6d732069f8ea814e0aaca9,https://cdn.pokedb.org/54341bcf02f4f76851821e538279e996ee07d718ec6d732069f8ea814e0aaca9w20h20,scarlet-violet
rsvp-mail,https://cdn.pokedb.org/5f9a6a4d7782868312383b0444e5917edf47d5ecbd71ba705239c5d824f95c9d,https://cdn.pokedb.org/5f9a6a4d7782868312383b0444e5917edf47d5ecbd71ba705239c5d824f95c9dw20h20,black-white
ruby,https://cdn.pokedb.org/02cab8143f40e46ddef9e42c0a9beb8a930fbd4b6eb17450d3a90738d8967a79,https://cdn.pokedb.org/02cab8143f40e46ddef9e42c0a9beb8a930fbd4b6eb17450d3a90738d8967a79w20h20,firered-leafgreen
rufflet-feather,https://cdn.pokedb.org/d93fb90bdc2ee50ccb8f262d9e69f5cbd26e7e6c1bbbc5a2d18d5302aa55ed45,https://cdn.pokedb.org/d93fb90bdc2ee50ccb8f262d9e69f5cbd26e7e6c1bbbc5a2d18d5302aa55ed45w20h20,scarlet-violet
rule-book,https://cdn.pokedb.org/5a6046b28f365e9868659e98c9aec934454805aa3f987e63d2e10c7f26c8cefe,https://cdn.pokedb.org/5a6046b28f365e9868659e98c9aec934454805aa3f987e63d2e10c7f26c8cefew20h20,diamond-pearl
rusted-shield,https://cdn.pokedb.org/8d249b18e00d2735165bade30232bda7e4e6f6c9aea632cdb7de55e0a81c73ac,https://cdn.pokedb.org/8d249b18e00d2735165bade30232bda7e4e6f6c9aea632cdb7de55e0a81c73acw20h20,sword-shield
rusted-shield,https://cdn.pokedb.org/55a5c3373901c836b4a33b4ce3fb3d67d0ae08f7043f1206f3d6c2bde2797a88,https://cdn.pokedb.org/55a5c3373901c836b4a33b4ce3fb3d67d0ae08f7043f1206f3d6c2bde2797a88w20h20,scarlet-violet
rusted-sword,https://cdn.pokedb.org/2194199e0504eae49ebe7d3d9ba6dd27b63dfdd1b439628c74b6b5a355f880ab,https://cdn.pokedb.org/2194199e0504eae49ebe7d3d9ba6dd27b63dfdd1b439628c74b6b5a355f880abw20h20,sword-shield
rusted-sword,https://cdn.pokedb.org/e8ae58d6c22aa46d65c7f3c7769a8716c0026986db9a74ca5c8535818e48ef60,https://cdn.pokedb.org/e8ae58d6c22aa46d65c7f3c7769a8716c0026986db9a74ca5c8535818e48ef60w20h20,scarlet-violet
sablenite,https://cdn.pokedb.org/6b580d477fc627c9001833119eebd9e9e89c485689a9e259095c438df0190a0c,https://cdn.pokedb.org/6b580d477fc627c9001833119eebd9e9e89c485689a9e259095c438df0190a0cw20h20,platinum
sableye-gem,https://cdn.pokedb.org/d93fb90bdc2ee50ccb8f262d9e69f5cbd26e7e6c1bbbc5a2d18d5302aa55ed45,https://cdn.pokedb.org/d93fb90bdc2ee50ccb8f262d9e69f5cbd26e7e6c1bbbc5a2d18d5302aa55ed45w20h20,scarlet-violet
sachet,https://cdn.pokedb.org/7e4a0a8c9946718d0171dbbd09edb490f4a1ecc9f507fd22179193354aeda992,https://cdn.pokedb.org/7e4a0a8c9946718d0171dbbd09edb490f4a1ecc9f507fd22179193354aeda992w20h20,x-y
sacred-ash,https://cdn.pokedb.org/f9b37580930fc1d4667f178e0211639e96228d53f95d3545f0c938ff761bc86a,https://cdn.pokedb.org/f9b37580930fc1d4667f178e0211639e96228d53f95d3545f0c938ff761bc86aw20h20,brilliant-diamond-shining-pearl
sacred-ash,https://cdn.pokedb.org/ec14d2a9eaebfdac96b4d294763c812d9f626496350a2fabdf73cd44b1508db6,https://cdn.pokedb.org/ec14d2a9eaebfdac96b4d294763c812d9f626496350a2fabdf73cd44b1508db6w20h20,firered-leafgreen
safari-ball,https://cdn.pokedb.org/5239d0b424fd2e2cff49f176367f740e2ebe565532ea40621476b05c2b78d7fc,https://cdn.pokedb.org/5239d0b424fd2e2cff49f176367f740e2ebe565532ea40621476b05c2b78d7fcw20h20,firered-leafgreen
safari-ball,https://cdn.pokedb.org/ad233f0e27f401efb9128d1d02d838dd7f0caa299134f766c84e38a0f39d0d74,https://cdn.pokedb.org/ad233f0e27f401efb9128d1d02d838dd7f0caa299134f766c84e38a0f39d0d74w20h20,home-mobile
safari-ball,https://cdn.pokedb.org/adfedd99900b702548fa752ca2793e6aa99a8f44c4009216d57e881cfb4736e5,https://cdn.pokedb.org/adfedd99900b702548fa752ca2793e6aa99a8f44c4009216d57e881cfb4736e5w20h20,scarlet-violet
safari-ball,https://cdn.pokedb.org/33027b50e4dc52b0630a2b19d1b996512727b1fbe62e2c59271b4d9340a7e1e6,https://cdn.pokedb.org/33027b50e4dc52b0630a2b19d1b996512727b1fbe62e2c59271b4d9340a7e1e6w20h20,brilliant-diamond-shining-pearl
safety-goggles,https://cdn.pokedb.org/e138304f6ce40bb808962cae3ab957e00742717d63f9c513899352c9410f9d3e,https://cdn.pokedb.org/e138304f6ce40bb808962cae3ab957e00742717d63f9c513899352c9410f9d3ew20h20,x-y
safety-goggles,https://cdn.pokedb.org/d6520b2ce6f4a7d63895d7f56899025d6a3fce4ba2b865e050fc8a9f692f5759,https://cdn.pokedb.org/d6520b2ce6f4a7d63895d7f56899025d6a3fce4ba2b865e050fc8a9f692f5759w20h20,scarlet-violet
sail-fossil,https://cdn.pokedb.org/dadb1ddfa10217abe7b28131d106a5086da2c312ab2298b8ab41acc4e151d0d7,https://cdn.pokedb.org/dadb1ddfa10217abe7b28131d106a5086da2c312ab2298b8ab41acc4e151d0d7w20h20,x-y
salac-berry,https://cdn.pokedb.org/f6ab7b2ccecaba7a8114cff95e6c8675c381879721c4e91e0c99164ab697b54b,https://cdn.pokedb.org/f6ab7b2ccecaba7a8114cff95e6c8675c381879721c4e91e0c99164ab697b54bw20h20,ruby-sapphire
salac-berry,https://cdn.pokedb.org/4dc75279459fd155de68a807861b0555fb8bad7981de1ddd8ea574965f597380,https://cdn.pokedb.org/4dc75279459fd155de68a807861b0555fb8bad7981de1ddd8ea574965f597380w20h20,scarlet-violet
salac-berry,https://cdn.pokedb.org/2e50566215aae23c6a9209aa594de0ad68f50611500086493dccf9883299c844,https://cdn.pokedb.org/2e50566215aae23c6a9209aa594de0ad68f50611500086493dccf9883299c844w20h20,brilliant-diamond-shining-pearl
salac-berry,https://cdn.pokedb.org/c4a12db9ee166316bc7cd337e8389aa165b205bd4d20e9b36dc6401b4fa36bfb,https://cdn.pokedb.org/c4a12db9ee166316bc7cd337e8389aa165b205bd4d20e9b36dc6401b4fa36bfbw20h20,firered-leafgreen
salad-mix,https://cdn.pokedb.org/ebcbf67d7efa5a3204a9253855f4368f71cf99ec0fea7ab37f20a092b3f12e52,https://cdn.pokedb.org/ebcbf67d7efa5a3204a9253855f4368f71cf99ec0fea7ab37f20a092b3f12e52w20h20,sword-shield
salamencite,https://cdn.pokedb.org/3d1f1d655fc69e15a47f4fc16bef7e8166b9846f5cc3a6c208c2a16c700f981a,https://cdn.pokedb.org/3d1f1d655fc69e15a47f4fc16bef7e8166b9846f5cc3a6c208c2a16c700f981aw20h20,platinum
salandit-gas,https://cdn.pokedb.org/d93fb90bdc2ee50ccb8f262d9e69f5cbd26e7e6c1bbbc5a2d18d5302aa55ed45,https://cdn.pokedb.org/d93fb90bdc2ee50ccb8f262d9e69f5cbd26e7e6c1bbbc5a2d18d5302aa55ed45w20h20,scarlet-violet
salt,https://cdn.pokedb.org/5d313456735d6b14fb319ee2c8c066714126f3d630948a716c0443fd9af8c224,https://cdn.pokedb.org/5d313456735d6b14fb319ee2c8c066714126f3d630948a716c0443fd9af8c224w20h20,scarlet-violet
salty-herba-mystica,https://cdn.pokedb.org/0ee47cf52b377017b6034507f15cb55bd47ada752c04359948586c24d4c8ec10,https://cdn.pokedb.org/0ee47cf52b377017b6034507f15cb55bd47ada752c04359948586c24d4c8ec10w20h20,scarlet-violet
sandile-claw,https://cdn.pokedb.org/d93fb90bdc2ee50ccb8f262d9e69f5cbd26e7e6c1bbbc5a2d18d5302aa55ed45,https://cdn.pokedb.org/d93fb90bdc2ee50ccb8f262d9e69f5cbd26e7e6c1bbbc5a2d18d5302aa55ed45w20h20,scarlet-violet
sandshrew-candy,https://cdn.pokedb.org/35d853742a7509a776d04806bc0508278d51397f94283a1f77e52ed3e9e9fac8,https://cdn.pokedb.org/35d853742a7509a776d04806bc0508278d51397f94283a1f77e52ed3e9e9fac8w20h20,go
sandshrew-claw,https://cdn.pokedb.org/d93fb90bdc2ee50ccb8f262d9e69f5cbd26e7e6c1bbbc5a2d18d5302aa55ed45,https://cdn.pokedb.org/d93fb90bdc2ee50ccb8f262d9e69f5cbd26e7e6c1bbbc5a2d18d5302aa55ed45w20h20,scarlet-violet
sandwich,https://cdn.pokedb.org/7bb4c8a663257d53ce831e62ebbbf356cda7dd550641e11f0da11f2c68acfb45,https://cdn.pokedb.org/7bb4c8a663257d53ce831e62ebbbf356cda7dd550641e11f0da11f2c68acfb45w20h20,scarlet-violet
sandygast-sand,https://cdn.pokedb.org/d93fb90bdc2ee50ccb8f262d9e69f5cbd26e7e6c1bbbc5a2d18d5302aa55ed45,https://cdn.pokedb.org/d93fb90bdc2ee50ccb8f262d9e69f5cbd26e7e6c1bbbc5a2d18d5302aa55ed45w20h20,scarlet-violet
sapphire,https://cdn.pokedb.org/e042cb74ac8828ebe6d5c7fa7096eec9acc06059d4e2c19965ea16d2348d8310,https://cdn.pokedb.org/e042cb74ac8828ebe6d5c7fa7096eec9acc06059d4e2c19965ea16d2348d8310w20h20,firered-leafgreen
sassy-mint,https://cdn.pokedb.org/cafd2d51761c70a3b8bf5c6845c31dbbb1f58e53e382cbaa7f46c949b1911554,https://cdn.pokedb.org/cafd2d51761c70a3b8bf5c6845c31dbbb1f58e53e382cbaa7f46c949b1911554w20h20,legends-arceus
sassy-mint,https://cdn.pokedb.org/25a23c25190c66d954c49f5af4fa17cab18e09968973209f3066b0321575f90d,https://cdn.pokedb.org/25a23c25190c66d954c49f5af4fa17cab18e09968973209f3066b0321575f90dw20h20,sword-shield
sassy-mint,https://cdn.pokedb.org/016e0839130f647c52e9cc0c39c7fa9c5d7dd96d86f93fa9bd5c2d0af935a3f6,https://cdn.pokedb.org/016e0839130f647c52e9cc0c39c7fa9c5d7dd96d86f93fa9bd5c2d0af935a3f6w20h20,brilliant-diamond-shining-pearl
sassy-mint,https://cdn.pokedb.org/7fe1e6d24293756531291dddf0c4df20f29c20953658d7c7b868037d9e2a1b96,https://cdn.pokedb.org/7fe1e6d24293756531291dddf0c4df20f29c20953658d7c7b868037d9e2a1b96w20h20,scarlet-violet
sausages,https://cdn.pokedb.org/d9004afc54518fe87d3d7a26307bd809b5f8564c004020249af7fa98234b7ecf,https://cdn.pokedb.org/d9004afc54518fe87d3d7a26307bd809b5f8564c004020249af7fa98234b7ecfw20h20,sword-shield
scanner,https://cdn.pokedb.org/6c964ba8aed506ae06ced7c8162fc5a623c35895a3d3cbd3abe06b6e1a3cb78b,https://cdn.pokedb.org/6c964ba8aed506ae06ced7c8162fc5a623c35895a3d3cbd3abe06b6e1a3cb78bw20h20,firered-leafgreen
scarlet-book,https://cdn.pokedb.org/986ca6ca68e6d5246602d7e6e83fe2f5be62f7741af96c03b2b1930b8be6abb6,https://cdn.pokedb.org/986ca6ca68e6d5246602d7e6e83fe2f5be62f7741af96c03b2b1930b8be6abb6w20h20,scarlet-violet
scatterbug-powder,https://cdn.pokedb.org/d93fb90bdc2ee50ccb8f262d9e69f5cbd26e7e6c1bbbc5a2d18d5302aa55ed45,https://cdn.pokedb.org/d93fb90bdc2ee50ccb8f262d9e69f5cbd26e7e6c1bbbc5a2d18d5302aa55ed45w20h20,scarlet-violet
sceptilite,https://cdn.pokedb.org/22b094e9cd59a62e9ece076962c826cc4af5852f3cfaaf708091767e15cbf109,https://cdn.pokedb.org/22b094e9cd59a62e9ece076962c826cc4af5852f3cfaaf708091767e15cbf109w20h20,platinum
scizorite,https://cdn.pokedb.org/9c8f6a0524aeba5af091a692b69ff1cd43afd451446d48c8201a18451dacb690,https://cdn.pokedb.org/9c8f6a0524aeba5af091a692b69ff1cd43afd451446d48c8201a18451dacb690w20h20,x-y
scope-lens,https://cdn.pokedb.org/e5622795aed5f5d43c4c12bba137e6e38b626293d1f273bb501e8cc84967f36a,https://cdn.pokedb.org/e5622795aed5f5d43c4c12bba137e6e38b626293d1f273bb501e8cc84967f36aw20h20,scarlet-violet
scope-lens,https://cdn.pokedb.org/e227a2e64cf80d5bf9204e69b2c088e36c5bb2c8d4c6c9dc1b89f0cd334a7010,https://cdn.pokedb.org/e227a2e64cf80d5bf9204e69b2c088e36c5bb2c8d4c6c9dc1b89f0cd334a7010w20h20,firered-leafgreen
scope-lens,https://cdn.pokedb.org/c0b5eaf8b2a43bd5e37e04ce5260fd5f81d8d8b3b0d3d2136498ff000b405cd3,https://cdn.pokedb.org/c0b5eaf8b2a43bd5e37e04ce5260fd5f81d8d8b3b0d3d2136498ff000b405cd3w20h20,brilliant-diamond-shining-pearl
scraggy-sweat,https://cdn.pokedb.org/d93fb90bdc2ee50ccb8f262d9e69f5cbd26e7e6c1bbbc5a2d18d5302aa55ed45,https://cdn.pokedb.org/d93fb90bdc2ee50ccb8f262d9e69f5cbd26e7e6c1bbbc5a2d18d5302aa55ed45w20h20,scarlet-violet
scroll-of-darkness,https://cdn.pokedb.org/6211e907b4ca98db47978bbabff3ce27d06c672019fd88727fe5dbfd60d56a31,https://cdn.pokedb.org/6211e907b4ca98db47978bbabff3ce27d06c672019fd88727fe5dbfd60d56a31w20h20,scarlet-violet
scroll-of-waters,https://cdn.pokedb.org/25192e8c1331a22e38ecddb1708950a1f32c638ec29fbc792c44f28c4f79d667,https://cdn.pokedb.org/25192e8c1331a22e38ecddb1708950a1f32c638ec29fbc792c44f28c4f79d667w20h20,scarlet-violet
scyther-candy,https://cdn.pokedb.org/8da211a8c72992c0253ff4d22c3796bf72773d1a6b4b2aa54c758f4adf452cf9,https://cdn.pokedb.org/8da211a8c72992c0253ff4d22c3796bf72773d1a6b4b2aa54c758f4adf452cf9w20h20,go
scyther-claw,https://cdn.pokedb.org/d93fb90bdc2ee50ccb8f262d9e69f5cbd26e7e6c1bbbc5a2d18d5302aa55ed45,https://cdn.pokedb.org/d93fb90bdc2ee50ccb8f262d9e69f5cbd26e7e6c1bbbc5a2d18d5302aa55ed45w20h20,scarlet-violet
sea-incense,https://cdn.pokedb.org/29878281e7894399b1647b3ec7d5f0231efd35f037484e9e3cb51b6c718a77cb,https://cdn.pokedb.org/29878281e7894399b1647b3ec7d5f0231efd35f037484e9e3cb51b6c718a77cbw20h20,brilliant-diamond-shining-pearl
sea-incense,https://cdn.pokedb.org/b4b97e7972ef06545201ab57f396afbc6f622820ac6d8112d25838a020552930,https://cdn.pokedb.org/b4b97e7972ef06545201ab57f396afbc6f622820ac6d8112d25838a020552930w20h20,firered-leafgreen
sea-incense,https://cdn.pokedb.org/e4e9bf5254ca2bd931284f49340dcbeff4b282dd03b4b822947e070281590c3c,https://cdn.pokedb.org/e4e9bf5254ca2bd931284f49340dcbeff4b282dd03b4b822947e070281590c3cw20h20,scarlet-violet
seal-bag,https://cdn.pokedb.org/287fa146abfb8e6cbcad9eb8371a308048d402eb1f39cc44952b8bb0affb2be8,https://cdn.pokedb.org/287fa146abfb8e6cbcad9eb8371a308048d402eb1f39cc44952b8bb0affb2be8w20h20,diamond-pearl
secret-key-kanto,https://cdn.pokedb.org/9f9195d4287371a5eeae63026dbb1a1af3b01a3620946871a5e342c6a4bf10bb,https://cdn.pokedb.org/9f9195d4287371a5eeae63026dbb1a1af3b01a3620946871a5e342c6a4bf10bbw20h20,lets-go-pikachu-lets-go-eevee
secret-key-kanto,https://cdn.pokedb.org/719c48648b59a2965028e43109c950aa2e2c5749a107462299526570069e600a,https://cdn.pokedb.org/719c48648b59a2965028e43109c950aa2e2c5749a107462299526570069e600aw20h20,firered-leafgreen
secret-key-sinnoh,https://cdn.pokedb.org/eee54be7867fa7da90f20cc3e13b8ba23628a86fceaf1899717d1d5a52d8113a,https://cdn.pokedb.org/eee54be7867fa7da90f20cc3e13b8ba23628a86fceaf1899717d1d5a52d8113aw20h20,brilliant-diamond-shining-pearl
secret-key-sinnoh,https://cdn.pokedb.org/c2687cdb09285c030d830e78ba5fa342c7b35f3c7ecacf952eb29c2210a1b13d,https://cdn.pokedb.org/c2687cdb09285c030d830e78ba5fa342c7b35f3c7ecacf952eb29c2210a1b13dw20h20,platinum
secret-medicine,https://cdn.pokedb.org/4b0fa5e809e12d5af7e03917b0736b79bab40f115a7d1083213d46fa79ccbcaf,https://cdn.pokedb.org/4b0fa5e809e12d5af7e03917b0736b79bab40f115a7d1083213d46fa79ccbcafw20h20,diamond-pearl
secret-medicine,https://cdn.pokedb.org/2ed31adc4a64c33eea248a1715a6dff00bc05af6a5f57a6d96b9829f2e1691fb,https://cdn.pokedb.org/2ed31adc4a64c33eea248a1715a6dff00bc05af6a5f57a6d96b9829f2e1691fbw20h20,legends-arceus
secret-medicine,https://cdn.pokedb.org/5ca9f4c774e3d9e88869dc637500ec9c71b56c6ee126c3d65d00261041f46727,https://cdn.pokedb.org/5ca9f4c774e3d9e88869dc637500ec9c71b56c6ee126c3d65d00261041f46727w20h20,brilliant-diamond-shining-pearl
seedot-stem,https://cdn.pokedb.org/d93fb90bdc2ee50ccb8f262d9e69f5cbd26e7e6c1bbbc5a2d18d5302aa55ed45,https://cdn.pokedb.org/d93fb90bdc2ee50ccb8f262d9e69f5cbd26e7e6c1bbbc5a2d18d5302aa55ed45w20h20,scarlet-violet
seel-candy,https://cdn.pokedb.org/a347b693e9e4be516713819b3c923ddb8a8accf15a2766d0f09ea25811aacb21,https://cdn.pokedb.org/a347b693e9e4be516713819b3c923ddb8a8accf15a2766d0f09ea25811aacb21w20h20,go
seel-fur,https://cdn.pokedb.org/d93fb90bdc2ee50ccb8f262d9e69f5cbd26e7e6c1bbbc5a2d18d5302aa55ed45,https://cdn.pokedb.org/d93fb90bdc2ee50ccb8f262d9e69f5cbd26e7e6c1bbbc5a2d18d5302aa55ed45w20h20,scarlet-violet
sentret-fur,https://cdn.pokedb.org/d93fb90bdc2ee50ccb8f262d9e69f5cbd26e7e6c1bbbc5a2d18d5302aa55ed45,https://cdn.pokedb.org/d93fb90bdc2ee50ccb8f262d9e69f5cbd26e7e6c1bbbc5a2d18d5302aa55ed45w20h20,scarlet-violet
serious-mint,https://cdn.pokedb.org/1098ccf808c89710bf811f56e5c131bc36e5c5c2ae7f98616b314d8c33c1bd94,https://cdn.pokedb.org/1098ccf808c89710bf811f56e5c131bc36e5c5c2ae7f98616b314d8c33c1bd94w20h20,legends-arceus
serious-mint,https://cdn.pokedb.org/5688749672d55986e6125d664f7a77a82dcd47df9055a676bcb7d21509ecc8ab,https://cdn.pokedb.org/5688749672d55986e6125d664f7a77a82dcd47df9055a676bcb7d21509ecc8abw20h20,sword-shield
serious-mint,https://cdn.pokedb.org/49f2980c13e212959de9956a4664ee8d6c1f23e1e3cfe160d2934c5407156d87,https://cdn.pokedb.org/49f2980c13e212959de9956a4664ee8d6c1f23e1e3cfe160d2934c5407156d87w20h20,brilliant-diamond-shining-pearl
serious-mint,https://cdn.pokedb.org/8b8cb19794944001c36594e27e2d9dbbd66458267380df1ec425d4502d541b0b,https://cdn.pokedb.org/8b8cb19794944001c36594e27e2d9dbbd66458267380df1ec425d4502d541b0bw20h20,scarlet-violet
seviper-fang,https://cdn.pokedb.org/d93fb90bdc2ee50ccb8f262d9e69f5cbd26e7e6c1bbbc5a2d18d5302aa55ed45,https://cdn.pokedb.org/d93fb90bdc2ee50ccb8f262d9e69f5cbd26e7e6c1bbbc5a2d18d5302aa55ed45w20h20,scarlet-violet
sewaddle-leaf,https://cdn.pokedb.org/d93fb90bdc2ee50ccb8f262d9e69f5cbd26e7e6c1bbbc5a2d18d5302aa55ed45,https://cdn.pokedb.org/d93fb90bdc2ee50ccb8f262d9e69f5cbd26e7e6c1bbbc5a2d18d5302aa55ed45w20h20,scarlet-violet
shaderoot-carrot,https://cdn.pokedb.org/666f3dac13094f13a2cc92df3e7e480e937a3546f5eb5225e00974a6cee7ce56,https://cdn.pokedb.org/666f3dac13094f13a2cc92df3e7e480e937a3546f5eb5225e00974a6cee7ce56w20h20,sword-shield
shadow-mail,https://cdn.pokedb.org/5465e09c3afe1fa25916a902bcb8a8d7eab1d6cefc8081533301ad58782c17b4,https://cdn.pokedb.org/5465e09c3afe1fa25916a902bcb8a8d7eab1d6cefc8081533301ad58782c17b4w20h20,firered-leafgreen
shalour-sable,https://cdn.pokedb.org/3395a899d31ef2251fe3229a70cc554755679b01c6232ce3ebea037ca9f3f6ca,https://cdn.pokedb.org/3395a899d31ef2251fe3229a70cc554755679b01c6232ce3ebea037ca9f3f6caw20h20,x-y
shalour-sable,https://cdn.pokedb.org/24ba1d43568ef4de8e4df6d28d69505768ee36122fd152c191914d8096b67f32,https://cdn.pokedb.org/24ba1d43568ef4de8e4df6d28d69505768ee36122fd152c191914d8096b67f32w20h20,scarlet-violet
sharp-beak,https://cdn.pokedb.org/502579c440f1382d5d06c3262c7297d8ab3d1b6eeb6a20e6ec5e65295d369bfc,https://cdn.pokedb.org/502579c440f1382d5d06c3262c7297d8ab3d1b6eeb6a20e6ec5e65295d369bfcw20h20,firered-leafgreen
sharp-beak,https://cdn.pokedb.org/a8b59dd677192ca4a6f9cc19ff154a406f724891f713f14c28bda276b7460e8f,https://cdn.pokedb.org/a8b59dd677192ca4a6f9cc19ff154a406f724891f713f14c28bda276b7460e8fw20h20,scarlet-violet
sharp-beak,https://cdn.pokedb.org/196f70d7e6da6df1e4ae55b2339edc1121a8acae253456909d73554ef965713f,https://cdn.pokedb.org/196f70d7e6da6df1e4ae55b2339edc1121a8acae253456909d73554ef965713fw20h20,brilliant-diamond-shining-pearl
sharpedonite,https://cdn.pokedb.org/e336f1b76f0219289dbe3f4abb4acb180d40339aa62f93b542595cfb77d68a1e,https://cdn.pokedb.org/e336f1b76f0219289dbe3f4abb4acb180d40339aa62f93b542595cfb77d68a1ew20h20,platinum
shed-shell,https://cdn.pokedb.org/3b44895962336d139aeae82d5b5ce8681415fd3a2b001dbd0cc468e58fd847d6,https://cdn.pokedb.org/3b44895962336d139aeae82d5b5ce8681415fd3a2b001dbd0cc468e58fd847d6w20h20,diamond-pearl
shed-shell,https://cdn.pokedb.org/0f7d7715fe14d29a9067b69d38f6346a0ad5a39c623de1be666bb402d83ae081,https://cdn.pokedb.org/0f7d7715fe14d29a9067b69d38f6346a0ad5a39c623de1be666bb402d83ae081w20h20,brilliant-diamond-shining-pearl
shed-shell,https://cdn.pokedb.org/f8d5781e7824a76e8df74f292523d5846d5f2f6ce45129709f781656565ec24c,https://cdn.pokedb.org/f8d5781e7824a76e8df74f292523d5846d5f2f6ce45129709f781656565ec24cw20h20,scarlet-violet
shell-bell,https://cdn.pokedb.org/b04412575629e66cb0be2b665e0172744cccbce5a246a2ec4d6bcec88f59df16,https://cdn.pokedb.org/b04412575629e66cb0be2b665e0172744cccbce5a246a2ec4d6bcec88f59df16w20h20,scarlet-violet
shell-bell,https://cdn.pokedb.org/e068f9966b8cc8fb1824b28700acbd0f6642773a3ef99f5a255525349914f930,https://cdn.pokedb.org/e068f9966b8cc8fb1824b28700acbd0f6642773a3ef99f5a255525349914f930w20h20,firered-leafgreen
shell-bell,https://cdn.pokedb.org/bf982130e98f42c44bf6a04e87783c12a9ed1d263f7fcfc5a37b0add9177e5d5,https://cdn.pokedb.org/bf982130e98f42c44bf6a04e87783c12a9ed1d263f7fcfc5a37b0add9177e5d5w20h20,brilliant-diamond-shining-pearl
shellder-candy,https://cdn.pokedb.org/b1408c71f84d81511709d3889398486a20e509a3d0e6719379596197d8902853,https://cdn.pokedb.org/b1408c71f84d81511709d3889398486a20e509a3d0e6719379596197d8902853w20h20,go
shellder-pearl,https://cdn.pokedb.org/d93fb90bdc2ee50ccb8f262d9e69f5cbd26e7e6c1bbbc5a2d18d5302aa55ed45,https://cdn.pokedb.org/d93fb90bdc2ee50ccb8f262d9e69f5cbd26e7e6c1bbbc5a2d18d5302aa55ed45w20h20,scarlet-violet
shellos-mucus,https://cdn.pokedb.org/d93fb90bdc2ee50ccb8f262d9e69f5cbd26e7e6c1bbbc5a2d18d5302aa55ed45,https://cdn.pokedb.org/d93fb90bdc2ee50ccb8f262d9e69f5cbd26e7e6c1bbbc5a2d18d5302aa55ed45w20h20,scarlet-violet
shieldon-claw,https://cdn.pokedb.org/d93fb90bdc2ee50ccb8f262d9e69f5cbd26e7e6c1bbbc5a2d18d5302aa55ed45,https://cdn.pokedb.org/d93fb90bdc2ee50ccb8f262d9e69f5cbd26e7e6c1bbbc5a2d18d5302aa55ed45w20h20,scarlet-violet
shinx-fang,https://cdn.pokedb.org/d93fb90bdc2ee50ccb8f262d9e69f5cbd26e7e6c1bbbc5a2d18d5302aa55ed45,https://cdn.pokedb.org/d93fb90bdc2ee50ccb8f262d9e69f5cbd26e7e6c1bbbc5a2d18d5302aa55ed45w20h20,scarlet-violet
shiny-charm,https://cdn.pokedb.org/8d2f0fbbe88c9725c3c1c8691e45da756783c0992f4814a704ac3caf14e20d44,https://cdn.pokedb.org/8d2f0fbbe88c9725c3c1c8691e45da756783c0992f4814a704ac3caf14e20d44w20h20,scarlet-violet
shiny-charm,https://cdn.pokedb.org/85d24227a2b934c7228e5c852956fe2e286c3d761580a355a5b1261b9e606b5e,https://cdn.pokedb.org/85d24227a2b934c7228e5c852956fe2e286c3d761580a355a5b1261b9e606b5ew20h20,legends-arceus
shiny-charm,https://cdn.pokedb.org/a12e4321b3ce86b73a80f6f7cc4a037488ceeb3fb59112523bb721af3a5c8069,https://cdn.pokedb.org/a12e4321b3ce86b73a80f6f7cc4a037488ceeb3fb59112523bb721af3a5c8069w20h20,brilliant-diamond-shining-pearl
shiny-charm,https://cdn.pokedb.org/072812d168f4ba3f01412b4f37734d19db8b653ae31c72fbd38cbc00c68cf62f,https://cdn.pokedb.org/072812d168f4ba3f01412b4f37734d19db8b653ae31c72fbd38cbc00c68cf62fw20h20,black-2-white-2
shiny-charm,https://cdn.pokedb.org/ed0c0a4ee3cb41efc7cb5c899229b51a62a8110050062773fb7c1d58c8582924,https://cdn.pokedb.org/ed0c0a4ee3cb41efc7cb5c899229b51a62a8110050062773fb7c1d58c8582924w20h20,black-2-white-2
shiny-stone,https://cdn.pokedb.org/0ddb72eea8b0f525ce0f07ca593408e369e3c60f7f4d5091bc5e2e44514620f0,https://cdn.pokedb.org/0ddb72eea8b0f525ce0f07ca593408e369e3c60f7f4d5091bc5e2e44514620f0w20h20,scarlet-violet
shiny-stone,https://cdn.pokedb.org/102cb9d8573787e74201e77a512c53a58b284af7b9de8c1945c2bab1e9e03e57,https://cdn.pokedb.org/102cb9d8573787e74201e77a512c53a58b284af7b9de8c1945c2bab1e9e03e57w20h20,brilliant-diamond-shining-pearl
shiny-stone,https://cdn.pokedb.org/266afa4ca6808269ee2ccbd50c8ab05a706fb209f1fe4f213459ca4ff6ce8eac,https://cdn.pokedb.org/266afa4ca6808269ee2ccbd50c8ab05a706fb209f1fe4f213459ca4ff6ce8eacw20h20,legends-arceus
shiny-stone,https://cdn.pokedb.org/a69cc19f17c79e6d7dabfe2cc57291ea338ed6692dea61f9915d28aaa3be0273,https://cdn.pokedb.org/a69cc19f17c79e6d7dabfe2cc57291ea338ed6692dea61f9915d28aaa3be0273w20h20,diamond-pearl
shoal-salt,https://cdn.pokedb.org/f0a0ce2dce317e3f7a4f1fa5e9297dcfe96861286c87d5d748296a0baa5d8a04,https://cdn.pokedb.org/f0a0ce2dce317e3f7a4f1fa5e9297dcfe96861286c87d5d748296a0baa5d8a04w20h20,firered-leafgreen
shoal-shell,https://cdn.pokedb.org/5cf0f3086204b1ef5a3dd6a8753f33f2a2c9918d7e60302c818933324ce23c44,https://cdn.pokedb.org/5cf0f3086204b1ef5a3dd6a8753f33f2a2c9918d7e60302c818933324ce23c44w20h20,firered-leafgreen
shock-drive,https://cdn.pokedb.org/1ad54c4ccf0dfd53417f2c706b6e789009fce2a79869186aabf74b6dc5d023c2,https://cdn.pokedb.org/1ad54c4ccf0dfd53417f2c706b6e789009fce2a79869186aabf74b6dc5d023c2w20h20,black-white
shroodle-ink,https://cdn.pokedb.org/d93fb90bdc2ee50ccb8f262d9e69f5cbd26e7e6c1bbbc5a2d18d5302aa55ed45,https://cdn.pokedb.org/d93fb90bdc2ee50ccb8f262d9e69f5cbd26e7e6c1bbbc5a2d18d5302aa55ed45w20h20,scarlet-violet
shroomish-spores,https://cdn.pokedb.org/d93fb90bdc2ee50ccb8f262d9e69f5cbd26e7e6c1bbbc5a2d18d5302aa55ed45,https://cdn.pokedb.org/d93fb90bdc2ee50ccb8f262d9e69f5cbd26e7e6c1bbbc5a2d18d5302aa55ed45w20h20,scarlet-violet
shuca-berry,https://cdn.pokedb.org/285e309cbcc85b3dbfb04a7a2480ee0d3f3dd1216119ced137deb2a9ec68ec93,https://cdn.pokedb.org/285e309cbcc85b3dbfb04a7a2480ee0d3f3dd1216119ced137deb2a9ec68ec93w20h20,brilliant-diamond-shining-pearl
shuca-berry,https://cdn.pokedb.org/826005fea063a94e3693a0641436307d5dac8ceaae1f8dca5082fc4ca0c2558d,https://cdn.pokedb.org/826005fea063a94e3693a0641436307d5dac8ceaae1f8dca5082fc4ca0c2558dw20h20,scarlet-violet
shuca-berry,https://cdn.pokedb.org/6e64cab84e3f6930ce3bc179fba6a5a5c9a565e4895920a95029937b3898945e,https://cdn.pokedb.org/6e64cab84e3f6930ce3bc179fba6a5a5c9a565e4895920a95029937b3898945ew20h20,diamond-pearl
shuppet-scrap,https://cdn.pokedb.org/d93fb90bdc2ee50ccb8f262d9e69f5cbd26e7e6c1bbbc5a2d18d5302aa55ed45,https://cdn.pokedb.org/d93fb90bdc2ee50ccb8f262d9e69f5cbd26e7e6c1bbbc5a2d18d5302aa55ed45w20h20,scarlet-violet
silicobra-sand,https://cdn.pokedb.org/d93fb90bdc2ee50ccb8f262d9e69f5cbd26e7e6c1bbbc5a2d18d5302aa55ed45,https://cdn.pokedb.org/d93fb90bdc2ee50ccb8f262d9e69f5cbd26e7e6c1bbbc5a2d18d5302aa55ed45w20h20,scarlet-violet
silk-scarf,https://cdn.pokedb.org/a3d2066bc382a5f2bcb2cf7c8363e3591cf26997314dfea4c375d46743b3b8c6,https://cdn.pokedb.org/a3d2066bc382a5f2bcb2cf7c8363e3591cf26997314dfea4c375d46743b3b8c6w20h20,scarlet-violet
silk-scarf,https://cdn.pokedb.org/2bd191382024fdc6035fe88468088f67cc083c0f052be871d5e68ef46451dac6,https://cdn.pokedb.org/2bd191382024fdc6035fe88468088f67cc083c0f052be871d5e68ef46451dac6w20h20,brilliant-diamond-shining-pearl
silk-scarf,https://cdn.pokedb.org/b2f1a792d3040390e622bbc25a6b9ece6a772691eb38f979a4403b866f78ad3b,https://cdn.pokedb.org/b2f1a792d3040390e622bbc25a6b9ece6a772691eb38f979a4403b866f78ad3bw20h20,firered-leafgreen
silph-scope,https://cdn.pokedb.org/d16012750c2a97735d0802d7a67b5e6d38d84af87ddddec40031713f38fde004,https://cdn.pokedb.org/d16012750c2a97735d0802d7a67b5e6d38d84af87ddddec40031713f38fde004w20h20,lets-go-pikachu-lets-go-eevee
silph-scope,https://cdn.pokedb.org/886c38332e44cdf8df4bdd2fa0f661f9446605afb4065453e70cea4047de2792,https://cdn.pokedb.org/886c38332e44cdf8df4bdd2fa0f661f9446605afb4065453e70cea4047de2792w20h20,firered-leafgreen
silver-bottle,https://cdn.pokedb.org/69295ed4a7b4fa84f5af830ac5945b1da8d4889391e7886c6432ab9c16239824,https://cdn.pokedb.org/69295ed4a7b4fa84f5af830ac5945b1da8d4889391e7886c6432ab9c16239824w20h20,scarlet-violet
silver-cup,https://cdn.pokedb.org/69295ed4a7b4fa84f5af830ac5945b1da8d4889391e7886c6432ab9c16239824,https://cdn.pokedb.org/69295ed4a7b4fa84f5af830ac5945b1da8d4889391e7886c6432ab9c16239824w20h20,scarlet-violet
silver-feather,https://cdn.pokedb.org/f86bfb12e3e3a64e1a51f8638e8912e097ffb4bd57d7968db6f8d465eb8ab8ec,https://cdn.pokedb.org/f86bfb12e3e3a64e1a51f8638e8912e097ffb4bd57d7968db6f8d465eb8ab8ecw20h20,heartgold-soulsilver
silver-feather,https://cdn.pokedb.org/9bce7618f2cbdae41a1aa50e3df083bbfc7ec339b328e66c8cdb2665e2bce68b,https://cdn.pokedb.org/9bce7618f2cbdae41a1aa50e3df083bbfc7ec339b328e66c8cdb2665e2bce68bw20h20,black-white
silver-leaf,https://cdn.pokedb.org/2bf09a7eeea303635cfecde5f60874591242ad74e9b46bb2bdf90063923abf82,https://cdn.pokedb.org/2bf09a7eeea303635cfecde5f60874591242ad74e9b46bb2bdf90063923abf82w20h20,lets-go-pikachu-lets-go-eevee
silver-nanab-berry,https://cdn.pokedb.org/4619b0a0657898d36e58912174236fe71e522f309ea62c3c380f18c4aad7cda7,https://cdn.pokedb.org/4619b0a0657898d36e58912174236fe71e522f309ea62c3c380f18c4aad7cda7w20h20,lets-go-pikachu-lets-go-eevee
silver-pick,https://cdn.pokedb.org/69295ed4a7b4fa84f5af830ac5945b1da8d4889391e7886c6432ab9c16239824,https://cdn.pokedb.org/69295ed4a7b4fa84f5af830ac5945b1da8d4889391e7886c6432ab9c16239824w20h20,scarlet-violet
silver-pinap-berry,https://cdn.pokedb.org/96f6cc295efe11651ddc66ad43facabe73cdd2dbfb15d7f411ef34767dbe91ea,https://cdn.pokedb.org/96f6cc295efe11651ddc66ad43facabe73cdd2dbfb15d7f411ef34767dbe91eaw20h20,lets-go-pikachu-lets-go-eevee
silver-powder,https://cdn.pokedb.org/57aafcfab719251e716080646e2a708621b2c687e294688ce70b0944c74ecd47,https://cdn.pokedb.org/57aafcfab719251e716080646e2a708621b2c687e294688ce70b0944c74ecd47w20h20,brilliant-diamond-shining-pearl
silver-powder,https://cdn.pokedb.org/2ce395aaf4915375f6359d6a2e58e13a3c5fc721678108d41d198075d46acbb5,https://cdn.pokedb.org/2ce395aaf4915375f6359d6a2e58e13a3c5fc721678108d41d198075d46acbb5w20h20,firered-leafgreen
silver-powder,https://cdn.pokedb.org/8b20b215bc01bacbd6b581f844c57670beb8cea882c8d73cb6d44619267d4e12,https://cdn.pokedb.org/8b20b215bc01bacbd6b581f844c57670beb8cea882c8d73cb6d44619267d4e12w20h20,scarlet-violet
silver-razz-berry,https://cdn.pokedb.org/996b8b80434e84ae962bfe3f72210c276703bb7f5ca1e9b5c1f7b19d800b8432,https://cdn.pokedb.org/996b8b80434e84ae962bfe3f72210c276703bb7f5ca1e9b5c1f7b19d800b8432w20h20,lets-go-pikachu-lets-go-eevee
sinistea-chip,https://cdn.pokedb.org/d93fb90bdc2ee50ccb8f262d9e69f5cbd26e7e6c1bbbc5a2d18d5302aa55ed45,https://cdn.pokedb.org/d93fb90bdc2ee50ccb8f262d9e69f5cbd26e7e6c1bbbc5a2d18d5302aa55ed45w20h20,scarlet-violet
sitrus-berry,https://cdn.pokedb.org/a7588fe5bd15f7decd31c0e94826d85cb6d6977db6b2aeda5d7ec965e4d86232,https://cdn.pokedb.org/a7588fe5bd15f7decd31c0e94826d85cb6d6977db6b2aeda5d7ec965e4d86232w20h20,ruby-sapphire
sitrus-berry,https://cdn.pokedb.org/6f5c84a081df398045ec561131ff3ebe348c75a0874ae1777ff2c2d31c80677d,https://cdn.pokedb.org/6f5c84a081df398045ec561131ff3ebe348c75a0874ae1777ff2c2d31c80677dw20h20,scarlet-violet
sitrus-berry,https://cdn.pokedb.org/89029db20a3bcf7fd8838d023956864068eff708a521dba40239997041fb06f5,https://cdn.pokedb.org/89029db20a3bcf7fd8838d023956864068eff708a521dba40239997041fb06f5w20h20,firered-leafgreen
sitrus-berry,https://cdn.pokedb.org/a649c9752910c16bd4b5377b4671ba495e7bd373b62a5349357a342475b24472,https://cdn.pokedb.org/a649c9752910c16bd4b5377b4671ba495e7bd373b62a5349357a342475b24472w20h20,brilliant-diamond-shining-pearl
sitrus-berry,https://cdn.pokedb.org/888e4a559251b7dd1148839e814f9227e0e0fe31f425066c88e2575af53665bb,https://cdn.pokedb.org/888e4a559251b7dd1148839e814f9227e0e0fe31f425066c88e2575af53665bbw20h20,legends-arceus
skiddo-leaf,https://cdn.pokedb.org/d93fb90bdc2ee50ccb8f262d9e69f5cbd26e7e6c1bbbc5a2d18d5302aa55ed45,https://cdn.pokedb.org/d93fb90bdc2ee50ccb8f262d9e69f5cbd26e7e6c1bbbc5a2d18d5302aa55ed45w20h20,scarlet-violet
skrelp-kelp,https://cdn.pokedb.org/d93fb90bdc2ee50ccb8f262d9e69f5cbd26e7e6c1bbbc5a2d18d5302aa55ed45,https://cdn.pokedb.org/d93fb90bdc2ee50ccb8f262d9e69f5cbd26e7e6c1bbbc5a2d18d5302aa55ed45w20h20,scarlet-violet
skull-fossil,https://cdn.pokedb.org/a9d8577f4c29918b801f472364f917a71fccab51828fc87f9350fb64c90530a5,https://cdn.pokedb.org/a9d8577f4c29918b801f472364f917a71fccab51828fc87f9350fb64c90530a5w20h20,diamond-pearl
skwovet-fur,https://cdn.pokedb.org/d93fb90bdc2ee50ccb8f262d9e69f5cbd26e7e6c1bbbc5a2d18d5302aa55ed45,https://cdn.pokedb.org/d93fb90bdc2ee50ccb8f262d9e69f5cbd26e7e6c1bbbc5a2d18d5302aa55ed45w20h20,scarlet-violet
sky-plate,https://cdn.pokedb.org/702a9ca91e6f22763eebd4f6d2f31023a72908d65b078145bda8825904975f05,https://cdn.pokedb.org/702a9ca91e6f22763eebd4f6d2f31023a72908d65b078145bda8825904975f05w20h20,brilliant-diamond-shining-pearl
sky-plate,https://cdn.pokedb.org/318fed8486876e4f80283762f5d36d77a9d782bed9a81bcee952ceed9aa61a5d,https://cdn.pokedb.org/318fed8486876e4f80283762f5d36d77a9d782bed9a81bcee952ceed9aa61a5dw20h20,legends-arceus
sky-plate,https://cdn.pokedb.org/4fb10f6382daf3104545fa8130bb878cf06cb77649a3a39ad2b4e7a537525bd3,https://cdn.pokedb.org/4fb10f6382daf3104545fa8130bb878cf06cb77649a3a39ad2b4e7a537525bd3w20h20,scarlet-violet
sky-plate,https://cdn.pokedb.org/40c551c717441bb73bc331019715713e0311f44ce9b6ebb437f025763753b636,https://cdn.pokedb.org/40c551c717441bb73bc331019715713e0311f44ce9b6ebb437f025763753b636w20h20,diamond-pearl
slakoth-fur,https://cdn.pokedb.org/d93fb90bdc2ee50ccb8f262d9e69f5cbd26e7e6c1bbbc5a2d18d5302aa55ed45,https://cdn.pokedb.org/d93fb90bdc2ee50ccb8f262d9e69f5cbd26e7e6c1bbbc5a2d18d5302aa55ed45w20h20,scarlet-violet
slowbronite,https://cdn.pokedb.org/31efa9a36b9492581a92a9d91602d37099ff3f78f7fb5c5279910accf15d0189,https://cdn.pokedb.org/31efa9a36b9492581a92a9d91602d37099ff3f78f7fb5c5279910accf15d0189w20h20,platinum
slowpoke-candy,https://cdn.pokedb.org/412f1d23a12e95edc8351a7903d1d776745069a27a1923e506a40ac93b2e2f80,https://cdn.pokedb.org/412f1d23a12e95edc8351a7903d1d776745069a27a1923e506a40ac93b2e2f80w20h20,go
slowpoke-claw,https://cdn.pokedb.org/d93fb90bdc2ee50ccb8f262d9e69f5cbd26e7e6c1bbbc5a2d18d5302aa55ed45,https://cdn.pokedb.org/d93fb90bdc2ee50ccb8f262d9e69f5cbd26e7e6c1bbbc5a2d18d5302aa55ed45w20h20,scarlet-violet
slowpoke-cup,https://cdn.pokedb.org/69295ed4a7b4fa84f5af830ac5945b1da8d4889391e7886c6432ab9c16239824,https://cdn.pokedb.org/69295ed4a7b4fa84f5af830ac5945b1da8d4889391e7886c6432ab9c16239824w20h20,scarlet-violet
slowpoke-tail,https://cdn.pokedb.org/3cdf1cee162fb55916d27fd914bc705db96370aef8f566f2af80610e1f12b43d,https://cdn.pokedb.org/3cdf1cee162fb55916d27fd914bc705db96370aef8f566f2af80610e1f12b43dw20h20,heartgold-soulsilver
slugma-lava,https://cdn.pokedb.org/d93fb90bdc2ee50ccb8f262d9e69f5cbd26e7e6c1bbbc5a2d18d5302aa55ed45,https://cdn.pokedb.org/d93fb90bdc2ee50ccb8f262d9e69f5cbd26e7e6c1bbbc5a2d18d5302aa55ed45w20h20,scarlet-violet
small-bouquet,https://cdn.pokedb.org/d5f2231f98aa6e9994ddf1f51b4eaf51bf642cbe92d26b1abfbaf2809478b725,https://cdn.pokedb.org/d5f2231f98aa6e9994ddf1f51b4eaf51bf642cbe92d26b1abfbaf2809478b725w20h20,lets-go-pikachu-lets-go-eevee
smart-candy,https://cdn.pokedb.org/1837dba590f2cf0e21f0f4053f102fc6acec29f27cad677593141b1b054f24dd,https://cdn.pokedb.org/1837dba590f2cf0e21f0f4053f102fc6acec29f27cad677593141b1b054f24ddw20h20,lets-go-pikachu-lets-go-eevee
smart-candy-l,https://cdn.pokedb.org/120b25428811bba76262194d32f490cc9b2d5f9c4ce1cb775bc732351669fc05,https://cdn.pokedb.org/120b25428811bba76262194d32f490cc9b2d5f9c4ce1cb775bc732351669fc05w20h20,lets-go-pikachu-lets-go-eevee
smart-candy-xl,https://cdn.pokedb.org/d927a6ad2e9886921ccf7c1fec2f7ffcd4c220ff192c347c631fd4921ee05463,https://cdn.pokedb.org/d927a6ad2e9886921ccf7c1fec2f7ffcd4c220ff192c347c631fd4921ee05463w20h20,lets-go-pikachu-lets-go-eevee
smiling-vee-pick,https://cdn.pokedb.org/69295ed4a7b4fa84f5af830ac5945b1da8d4889391e7886c6432ab9c16239824,https://cdn.pokedb.org/69295ed4a7b4fa84f5af830ac5945b1da8d4889391e7886c6432ab9c16239824w20h20,scarlet-violet
smoke-ball,https://cdn.pokedb.org/2d36a1ffc155223db482ff5f22d848c9d83f71d21c91e44e43bbf738104c7ff5,https://cdn.pokedb.org/2d36a1ffc155223db482ff5f22d848c9d83f71d21c91e44e43bbf738104c7ff5w20h20,firered-leafgreen
smoke-ball,https://cdn.pokedb.org/61e9d23802a0fe1dec8d0c5f8049cb0ae2457cbe1f1ec5583207d96bf52385a1,https://cdn.pokedb.org/61e9d23802a0fe1dec8d0c5f8049cb0ae2457cbe1f1ec5583207d96bf52385a1w20h20,brilliant-diamond-shining-pearl
smoke-ball,https://cdn.pokedb.org/6e8cc518df1df5566761b3b384a5ee211eba7c0c2214d398cbba98df97aae29f,https://cdn.pokedb.org/6e8cc518df1df5566761b3b384a5ee211eba7c0c2214d398cbba98df97aae29fw20h20,scarlet-violet
smoke-poke-tail,https://cdn.pokedb.org/ae5d13feac8c10f07d534a32a223a123688f42b1396faf28b82e22533a9f6095,https://cdn.pokedb.org/ae5d13feac8c10f07d534a32a223a123688f42b1396faf28b82e22533a9f6095w20h20,sword-shield
smoked-fillet,https://cdn.pokedb.org/cb41bd84b88e0baa141a521f5e4b053b73964fbda25e6f77850e405da806d78e,https://cdn.pokedb.org/cb41bd84b88e0baa141a521f5e4b053b73964fbda25e6f77850e405da806d78ew20h20,scarlet-violet
smoliv-oil,https://cdn.pokedb.org/d93fb90bdc2ee50ccb8f262d9e69f5cbd26e7e6c1bbbc5a2d18d5302aa55ed45,https://cdn.pokedb.org/d93fb90bdc2ee50ccb8f262d9e69f5cbd26e7e6c1bbbc5a2d18d5302aa55ed45w20h20,scarlet-violet
smooth-rock,https://cdn.pokedb.org/bf8004e7364b0920e7352cb1435eb6d0e7696b5eeec8a07bc5a9017564dcce59,https://cdn.pokedb.org/bf8004e7364b0920e7352cb1435eb6d0e7696b5eeec8a07bc5a9017564dcce59w20h20,scarlet-violet
smooth-rock,https://cdn.pokedb.org/bf5966a353b3ee3bd9f6a09a8a1287ba97afac2ad2bd7a4e387a50e9b8e095e8,https://cdn.pokedb.org/bf5966a353b3ee3bd9f6a09a8a1287ba97afac2ad2bd7a4e387a50e9b8e095e8w20h20,diamond-pearl
sneasel-claw,https://cdn.pokedb.org/d93fb90bdc2ee50ccb8f262d9e69f5cbd26e7e6c1bbbc5a2d18d5302aa55ed45,https://cdn.pokedb.org/d93fb90bdc2ee50ccb8f262d9e69f5cbd26e7e6c1bbbc5a2d18d5302aa55ed45w20h20,scarlet-violet
snom-thread,https://cdn.pokedb.org/d93fb90bdc2ee50ccb8f262d9e69f5cbd26e7e6c1bbbc5a2d18d5302aa55ed45,https://cdn.pokedb.org/d93fb90bdc2ee50ccb8f262d9e69f5cbd26e7e6c1bbbc5a2d18d5302aa55ed45w20h20,scarlet-violet
snorlax-candy,https://cdn.pokedb.org/93a09b0bc97d79ad3fe2c46782ae0344b2a6625d74a43c7292b3274bf97be504,https://cdn.pokedb.org/93a09b0bc97d79ad3fe2c46782ae0344b2a6625d74a43c7292b3274bf97be504w20h20,go
snorlium-z,https://cdn.pokedb.org/402700ec95b80df6a26a8f4485407064efcd22487a05d3352beeca551bd768ce,https://cdn.pokedb.org/402700ec95b80df6a26a8f4485407064efcd22487a05d3352beeca551bd768cew20h20,sun-moon
snorlium-z,https://cdn.pokedb.org/848a96ea3244edbb036d41e680f42b381245fb6fd9b9417bb1d9e6f454bad50b,https://cdn.pokedb.org/848a96ea3244edbb036d41e680f42b381245fb6fd9b9417bb1d9e6f454bad50bw20h20,sun-moon
snorunt-fur,https://cdn.pokedb.org/d93fb90bdc2ee50ccb8f262d9e69f5cbd26e7e6c1bbbc5a2d18d5302aa55ed45,https://cdn.pokedb.org/d93fb90bdc2ee50ccb8f262d9e69f5cbd26e7e6c1bbbc5a2d18d5302aa55ed45w20h20,scarlet-violet
snover-berries,https://cdn.pokedb.org/d93fb90bdc2ee50ccb8f262d9e69f5cbd26e7e6c1bbbc5a2d18d5302aa55ed45,https://cdn.pokedb.org/d93fb90bdc2ee50ccb8f262d9e69f5cbd26e7e6c1bbbc5a2d18d5302aa55ed45w20h20,scarlet-violet
snow-mail,https://cdn.pokedb.org/e290ce979ee01a3b810897cb2ec27bd804a10d41679a5dd1f7ebccded01090f3,https://cdn.pokedb.org/e290ce979ee01a3b810897cb2ec27bd804a10d41679a5dd1f7ebccded01090f3w20h20,diamond-pearl
snowball,https://cdn.pokedb.org/ddc8cabb3a21555d8d657ca5533dd5c119f9cc956e0e14c3430cb6bff0d39d28,https://cdn.pokedb.org/ddc8cabb3a21555d8d657ca5533dd5c119f9cc956e0e14c3430cb6bff0d39d28w20h20,scarlet-violet
snowball,https://cdn.pokedb.org/c5667dfb3648c79c5fcfd981f806b8bf97549ea08f583964df1e99a78128aabe,https://cdn.pokedb.org/c5667dfb3648c79c5fcfd981f806b8bf97549ea08f583964df1e99a78128aabew20h20,x-y
snowball,https://cdn.pokedb.org/53d4bb0eedff1d7cddb4ed7fa83810786e84ed9dc0f80f9bf0e0295533b6eaf9,https://cdn.pokedb.org/53d4bb0eedff1d7cddb4ed7fa83810786e84ed9dc0f80f9bf0e0295533b6eaf9w20h20,legends-arceus
snubbull-hair,https://cdn.pokedb.org/d93fb90bdc2ee50ccb8f262d9e69f5cbd26e7e6c1bbbc5a2d18d5302aa55ed45,https://cdn.pokedb.org/d93fb90bdc2ee50ccb8f262d9e69f5cbd26e7e6c1bbbc5a2d18d5302aa55ed45w20h20,scarlet-violet
soda-pop,https://cdn.pokedb.org/9e59cf05de06fc0cae943427b893f77d838165125170024e5e2ba9a35b37d631,https://cdn.pokedb.org/9e59cf05de06fc0cae943427b893f77d838165125170024e5e2ba9a35b37d631w20h20,scarlet-violet
soda-pop,https://cdn.pokedb.org/128beebe9c0584373e36037e91cfaa771443a4e15298b40512b8e787d6edce3a,https://cdn.pokedb.org/128beebe9c0584373e36037e91cfaa771443a4e15298b40512b8e787d6edce3aw20h20,brilliant-diamond-shining-pearl
soda-pop,https://cdn.pokedb.org/0330b6511f638a788b2078f2183a92cac670b5f70ef906432509ec1467c2192b,https://cdn.pokedb.org/0330b6511f638a788b2078f2183a92cac670b5f70ef906432509ec1467c2192bw20h20,firered-leafgreen
soft-sand,https://cdn.pokedb.org/c4e1465e046c4c51c5c87674938087b566badd4ca6bbadf381a1ea3fe15ee27e,https://cdn.pokedb.org/c4e1465e046c4c51c5c87674938087b566badd4ca6bbadf381a1ea3fe15ee27ew20h20,brilliant-diamond-shining-pearl
soft-sand,https://cdn.pokedb.org/ece0d9c3b4cf97c45994da5dc84dae1d0fb12d7a1819888a48dc4fbc252037e5,https://cdn.pokedb.org/ece0d9c3b4cf97c45994da5dc84dae1d0fb12d7a1819888a48dc4fbc252037e5w20h20,firered-leafgreen
soft-sand,https://cdn.pokedb.org/c0c137b72295e7453de0cf4ac13bd66680b204fdfb1ac0c77b2a704339562cf7,https://cdn.pokedb.org/c0c137b72295e7453de0cf4ac13bd66680b204fdfb1ac0c77b2a704339562cf7w20h20,scarlet-violet
solgaleo-treat,https://cdn.pokedb.org/11396ecb0ac496e1454467b99bdc139e62287d80089b8eba679dc61d57b11c9c,https://cdn.pokedb.org/11396ecb0ac496e1454467b99bdc139e62287d80089b8eba679dc61d57b11c9cw20h20,the-indigo-disk
solganium-z,https://cdn.pokedb.org/169ea1b1ff082e8927eaaef3f51e2c37874aa27aadfccc711f8c568d56ce9562,https://cdn.pokedb.org/169ea1b1ff082e8927eaaef3f51e2c37874aa27aadfccc711f8c568d56ce9562w20h20,ultra-sun-ultra-moon
solganium-z,https://cdn.pokedb.org/f37a13ec4e9724e333c045af288484be7f18c62270eb559c27ccea73961e0d51,https://cdn.pokedb.org/f37a13ec4e9724e333c045af288484be7f18c62270eb559c27ccea73961e0d51w20h20,ultra-sun-ultra-moon
solosis-gel,https://cdn.pokedb.org/d93fb90bdc2ee50ccb8f262d9e69f5cbd26e7e6c1bbbc5a2d18d5302aa55ed45,https://cdn.pokedb.org/d93fb90bdc2ee50ccb8f262d9e69f5cbd26e7e6c1bbbc5a2d18d5302aa55ed45w20h20,scarlet-violet
sonias-book,https://cdn.pokedb.org/55ff8c6bca96a1024656c486e84cb8eafc87216c7f93a6cf953dee1078de9657,https://cdn.pokedb.org/55ff8c6bca96a1024656c486e84cb8eafc87216c7f93a6cf953dee1078de9657w20h20,sword-shield
soot-sack,https://cdn.pokedb.org/268082c7faa3d906a2c53598a0f3e4948e20948b112c7b7f5f5f866e9fab96c1,https://cdn.pokedb.org/268082c7faa3d906a2c53598a0f3e4948e20948b112c7b7f5f5f866e9fab96c1w20h20,firered-leafgreen
soothe-bell,https://cdn.pokedb.org/f5ae169dffd4cb088af30884ba955a205e7da6d8c9a5e964d6cf8fe503b9c26a,https://cdn.pokedb.org/f5ae169dffd4cb088af30884ba955a205e7da6d8c9a5e964d6cf8fe503b9c26aw20h20,firered-leafgreen
soothe-bell,https://cdn.pokedb.org/55a080d8eeacbcfed3cabe0a105e91a2c64c9a8b794158e1f2b107bb9e4fbb74,https://cdn.pokedb.org/55a080d8eeacbcfed3cabe0a105e91a2c64c9a8b794158e1f2b107bb9e4fbb74w20h20,brilliant-diamond-shining-pearl
soothe-bell,https://cdn.pokedb.org/52c763ae8d5730c51a503d61e6eded4f291b2a184c8c429556c8cf0e2876425d,https://cdn.pokedb.org/52c763ae8d5730c51a503d61e6eded4f291b2a184c8c429556c8cf0e2876425dw20h20,scarlet-violet
soul-dew,https://cdn.pokedb.org/ca14ffc364ceef5ece0f9fae09043f35182600100e72d3a4e6e29a2d0fdbb3e0,https://cdn.pokedb.org/ca14ffc364ceef5ece0f9fae09043f35182600100e72d3a4e6e29a2d0fdbb3e0w20h20,scarlet-violet
soul-dew,https://cdn.pokedb.org/d391a8d32151500e627dc4de6eb093408ca75868b3ad4f22d172a778fc67d03c,https://cdn.pokedb.org/d391a8d32151500e627dc4de6eb093408ca75868b3ad4f22d172a778fc67d03cw20h20,brilliant-diamond-shining-pearl
soul-dew,https://cdn.pokedb.org/54fc2c88cea5b19f6449587c0e475e6d22695729b8a3ef89a216c885b8ff7541,https://cdn.pokedb.org/54fc2c88cea5b19f6449587c0e475e6d22695729b8a3ef89a216c885b8ff7541w20h20,firered-leafgreen
soul-slate,https://cdn.pokedb.org/b7b521b21a259ea7111809e08a816ba5c900588a200727dba9687ae74e4c841e,https://cdn.pokedb.org/b7b521b21a259ea7111809e08a816ba5c900588a200727dba9687ae74e4c841ew20h20,brilliant-diamond-shining-pearl
sour-herba-mystica,https://cdn.pokedb.org/057102893e54789d4bd4dbeaae8018d05decdcb292c68730564c1cbde3c2f7e6,https://cdn.pokedb.org/057102893e54789d4bd4dbeaae8018d05decdcb292c68730564c1cbde3c2f7e6w20h20,scarlet-violet
space-mail,https://cdn.pokedb.org/a0551e6b36db24efd66df3ab27cd3738f131e4a271ce56145dbe4509dff0dce4,https://cdn.pokedb.org/a0551e6b36db24efd66df3ab27cd3738f131e4a271ce56145dbe4509dff0dce4w20h20,diamond-pearl
sparkling-stone,https://cdn.pokedb.org/02a989028442c3aca5bbd9b258ea6a1040c1269867d7e18242114df073abc25b,https://cdn.pokedb.org/02a989028442c3aca5bbd9b258ea6a1040c1269867d7e18242114df073abc25bw20h20,ultra-sun-ultra-moon
sparkling-stone,https://cdn.pokedb.org/77e892bf1a1af194493e1b01b9dd9285308ef4efe158eee1b848136ce24ed816,https://cdn.pokedb.org/77e892bf1a1af194493e1b01b9dd9285308ef4efe158eee1b848136ce24ed816w20h20,sun-moon
sparkling-stone,https://cdn.pokedb.org/e9a130dfaf58dd9cff60538c4dbdae44ca25c885fb895307fea58db746153571,https://cdn.pokedb.org/e9a130dfaf58dd9cff60538c4dbdae44ca25c885fb895307fea58db746153571w20h20,ultra-sun-ultra-moon
sparkling-stone,https://cdn.pokedb.org/68e927bcbcedd7ec55c0623411400a89fed07f9697096e41110f69ae5d8a7cd9,https://cdn.pokedb.org/68e927bcbcedd7ec55c0623411400a89fed07f9697096e41110f69ae5d8a7cd9w20h20,sun-moon
spearow-candy,https://cdn.pokedb.org/b96808785bc58b5ddd0ca41ada75de96d5a11d7534ab70bdb6e59e448117d0a8,https://cdn.pokedb.org/b96808785bc58b5ddd0ca41ada75de96d5a11d7534ab70bdb6e59e448117d0a8w20h20,go
spectrier-treat,https://cdn.pokedb.org/11396ecb0ac496e1454467b99bdc139e62287d80089b8eba679dc61d57b11c9c,https://cdn.pokedb.org/11396ecb0ac496e1454467b99bdc139e62287d80089b8eba679dc61d57b11c9cw20h20,the-indigo-disk
spell-tag,https://cdn.pokedb.org/8de76cc7225638ecdd70221f760ddda304b2dbd1b1c3357605f5a4434796b7f4,https://cdn.pokedb.org/8de76cc7225638ecdd70221f760ddda304b2dbd1b1c3357605f5a4434796b7f4w20h20,firered-leafgreen
spell-tag,https://cdn.pokedb.org/7052f7ed2bb0dc47b378bb188ad94a6b608aef0571153138a9dd1d6225cf9275,https://cdn.pokedb.org/7052f7ed2bb0dc47b378bb188ad94a6b608aef0571153138a9dd1d6225cf9275w20h20,brilliant-diamond-shining-pearl
spell-tag,https://cdn.pokedb.org/907fbcf8686da6dad2fed662cd204dd7d23b4bd135809c0f49c55ee6c6b23ff9,https://cdn.pokedb.org/907fbcf8686da6dad2fed662cd204dd7d23b4bd135809c0f49c55ee6c6b23ff9w20h20,scarlet-violet
spelon-berry,https://cdn.pokedb.org/cf3249666ebf09e07af2ded3f6b0b44eb1c2c9a56ed447d3234cb00d538ebc6b,https://cdn.pokedb.org/cf3249666ebf09e07af2ded3f6b0b44eb1c2c9a56ed447d3234cb00d538ebc6bw20h20,scarlet-violet
spelon-berry,https://cdn.pokedb.org/9b0aa8f2358b212cf05cb6a911905b61d10bd8a9285154787cc72e752bd6ef85,https://cdn.pokedb.org/9b0aa8f2358b212cf05cb6a911905b61d10bd8a9285154787cc72e752bd6ef85w20h20,brilliant-diamond-shining-pearl
spelon-berry,https://cdn.pokedb.org/53a1ce35926c01192329216c3d538a1604285ff4f6ce0ad61934119dbdb3b8d3,https://cdn.pokedb.org/53a1ce35926c01192329216c3d538a1604285ff4f6ce0ad61934119dbdb3b8d3w20h20,ruby-sapphire
spelon-berry,https://cdn.pokedb.org/8eb79119efef5f6553d9466cf3c4baae435ff4efd3d325f12cd45a6d5388f61a,https://cdn.pokedb.org/8eb79119efef5f6553d9466cf3c4baae435ff4efd3d325f12cd45a6d5388f61aw20h20,firered-leafgreen
spice-mix,https://cdn.pokedb.org/22f03c4635ebc4dd9b15192dfb856e4bfa20bbca16740442c0b0d0a7cb6f3e7c,https://cdn.pokedb.org/22f03c4635ebc4dd9b15192dfb856e4bfa20bbca16740442c0b0d0a7cb6f3e7cw20h20,sword-shield
spicy-herba-mystica,https://cdn.pokedb.org/79431cd3b78033894bcb9b88aa1eba21eb1507b642573a0b29090ca5863dbea9,https://cdn.pokedb.org/79431cd3b78033894bcb9b88aa1eba21eb1507b642573a0b29090ca5863dbea9w20h20,scarlet-violet
spinarak-thread,https://cdn.pokedb.org/d93fb90bdc2ee50ccb8f262d9e69f5cbd26e7e6c1bbbc5a2d18d5302aa55ed45,https://cdn.pokedb.org/d93fb90bdc2ee50ccb8f262d9e69f5cbd26e7e6c1bbbc5a2d18d5302aa55ed45w20h20,scarlet-violet
spiritomb-fragment,https://cdn.pokedb.org/d93fb90bdc2ee50ccb8f262d9e69f5cbd26e7e6c1bbbc5a2d18d5302aa55ed45,https://cdn.pokedb.org/d93fb90bdc2ee50ccb8f262d9e69f5cbd26e7e6c1bbbc5a2d18d5302aa55ed45w20h20,scarlet-violet
splash-plate,https://cdn.pokedb.org/1d1bcf67796dda085ded199851528777990b8aac1f492f31943ba0b2c7c7a42e,https://cdn.pokedb.org/1d1bcf67796dda085ded199851528777990b8aac1f492f31943ba0b2c7c7a42ew20h20,scarlet-violet
splash-plate,https://cdn.pokedb.org/786af14de05c4b286c76a3b66f736e679f648cbc441d6611f9882b757637a8f9,https://cdn.pokedb.org/786af14de05c4b286c76a3b66f736e679f648cbc441d6611f9882b757637a8f9w20h20,brilliant-diamond-shining-pearl
splash-plate,https://cdn.pokedb.org/375d8311418492e915e764a5db43c554b345955cd448b0aec3afbb504dea3a3b,https://cdn.pokedb.org/375d8311418492e915e764a5db43c554b345955cd448b0aec3afbb504dea3a3bw20h20,legends-arceus
splash-plate,https://cdn.pokedb.org/57d6d446d465aca2e216329e6270aa70a41ae2d967e43882cc3f53b88cd64f19,https://cdn.pokedb.org/57d6d446d465aca2e216329e6270aa70a41ae2d967e43882cc3f53b88cd64f19w20h20,diamond-pearl
spoink-pearl,https://cdn.pokedb.org/d93fb90bdc2ee50ccb8f262d9e69f5cbd26e7e6c1bbbc5a2d18d5302aa55ed45,https://cdn.pokedb.org/d93fb90bdc2ee50ccb8f262d9e69f5cbd26e7e6c1bbbc5a2d18d5302aa55ed45w20h20,scarlet-violet
spooky-plate,https://cdn.pokedb.org/f373e57378c08205d551c2448d5163171f93584ba352bbb0e7405db173866fb1,https://cdn.pokedb.org/f373e57378c08205d551c2448d5163171f93584ba352bbb0e7405db173866fb1w20h20,brilliant-diamond-shining-pearl
spooky-plate,https://cdn.pokedb.org/f949fcc476a538554c92168dbffa874d75b2ee8a3018685bf4885f571eb9f721,https://cdn.pokedb.org/f949fcc476a538554c92168dbffa874d75b2ee8a3018685bf4885f571eb9f721w20h20,scarlet-violet
spooky-plate,https://cdn.pokedb.org/a769ca39b363f2f929cfb1145d35193020e321f04a19a16281e868d5b630426e,https://cdn.pokedb.org/a769ca39b363f2f929cfb1145d35193020e321f04a19a16281e868d5b630426ew20h20,legends-arceus
spooky-plate,https://cdn.pokedb.org/5f09dbdfc8e97ac0ec4aa10f9b642c6067740f07d42941650b355ea412f4d8a5,https://cdn.pokedb.org/5f09dbdfc8e97ac0ec4aa10f9b642c6067740f07d42941650b355ea412f4d8a5w20h20,platinum
spooky-plate,https://cdn.pokedb.org/defa0b4fcc2c4318bd68860a5a9357693a0039cdfcd03755f4700329206bbd2a,https://cdn.pokedb.org/defa0b4fcc2c4318bd68860a5a9357693a0039cdfcd03755f4700329206bbd2aw20h20,diamond-pearl
spooky-tablecloth,https://cdn.pokedb.org/69295ed4a7b4fa84f5af830ac5945b1da8d4889391e7886c6432ab9c16239824,https://cdn.pokedb.org/69295ed4a7b4fa84f5af830ac5945b1da8d4889391e7886c6432ab9c16239824w20h20,scarlet-violet
sport-ball,https://cdn.pokedb.org/88bfe41901a7635015c17d8a47f8a2436d3be5e2ce913dad43c25d88da3e49e0,https://cdn.pokedb.org/88bfe41901a7635015c17d8a47f8a2436d3be5e2ce913dad43c25d88da3e49e0w20h20,heartgold-soulsilver
sport-ball,https://cdn.pokedb.org/c9bb1f51f1c3ea3618cabb6984cef38607aa1bb824cd4123c9b8667a5186167e,https://cdn.pokedb.org/c9bb1f51f1c3ea3618cabb6984cef38607aa1bb824cd4123c9b8667a5186167ew20h20,home
sport-ball,https://cdn.pokedb.org/b928d4d5b4cb5320e7eaa1128f5737bcff01328fb602a5b1481cb28773220e3b,https://cdn.pokedb.org/b928d4d5b4cb5320e7eaa1128f5737bcff01328fb602a5b1481cb28773220e3bw20h20,scarlet-violet
sport-ball,https://cdn.pokedb.org/45b1e8b415d829a91f0ce017238a35c7c84985cd18034f3ddd53508b8bbb61ae,https://cdn.pokedb.org/45b1e8b415d829a91f0ce017238a35c7c84985cd18034f3ddd53508b8bbb61aew20h20,brilliant-diamond-shining-pearl
sprayduck,https://cdn.pokedb.org/55282594730bd77aecd8f60559819cc9ff25c4846453864cedc4e399bd084cf6,https://cdn.pokedb.org/55282594730bd77aecd8f60559819cc9ff25c4846453864cedc4e399bd084cf6w20h20,brilliant-diamond-shining-pearl
sprayduck,https://cdn.pokedb.org/0169bdee34c3b6b1f66cd330c97777eec03566e19553f17016827ce059244d59,https://cdn.pokedb.org/0169bdee34c3b6b1f66cd330c97777eec03566e19553f17016827ce059244d59w20h20,diamond-pearl
sprinklotad,https://cdn.pokedb.org/9892c693f67e8c9f85e41791f9ac8a109f1029dd15e90859709f8e19d2870dbc,https://cdn.pokedb.org/9892c693f67e8c9f85e41791f9ac8a109f1029dd15e90859709f8e19d2870dbcw20h20,x-y
squall-slate,https://cdn.pokedb.org/3b59fb0133331f14327bcf03b0fd3aff826f335dbfa17cbb49a361e6748c6055,https://cdn.pokedb.org/3b59fb0133331f14327bcf03b0fd3aff826f335dbfa17cbb49a361e6748c6055w20h20,brilliant-diamond-shining-pearl
squawkabilly-feather,https://cdn.pokedb.org/d93fb90bdc2ee50ccb8f262d9e69f5cbd26e7e6c1bbbc5a2d18d5302aa55ed45,https://cdn.pokedb.org/d93fb90bdc2ee50ccb8f262d9e69f5cbd26e7e6c1bbbc5a2d18d5302aa55ed45w20h20,scarlet-violet
squirt-bottle,https://cdn.pokedb.org/892e8c916fbf5b0620679e36f05f4fe22343b520d16fbcdddbfbeefaa037314d,https://cdn.pokedb.org/892e8c916fbf5b0620679e36f05f4fe22343b520d16fbcdddbfbeefaa037314dw20h20,heartgold-soulsilver
squirtle-candy,https://cdn.pokedb.org/ba5ff79ef05344d5fa66eb171ac5a28b75c7a90fb491dd4926c44d70acbdf4b6,https://cdn.pokedb.org/ba5ff79ef05344d5fa66eb171ac5a28b75c7a90fb491dd4926c44d70acbdf4b6w20h20,go
ss-ticket,https://cdn.pokedb.org/b8da5940bb4e10d9b0d5627389f69b3e4f7491c788bb229138a4767c57132efe,https://cdn.pokedb.org/b8da5940bb4e10d9b0d5627389f69b3e4f7491c788bb229138a4767c57132efew20h20,firered-leafgreen
ss-ticket,https://cdn.pokedb.org/b8da5940bb4e10d9b0d5627389f69b3e4f7491c788bb229138a4767c57132efe,https://cdn.pokedb.org/b8da5940bb4e10d9b0d5627389f69b3e4f7491c788bb229138a4767c57132efew20h20,firered-leafgreen
ss-ticket,https://cdn.pokedb.org/b8da5940bb4e10d9b0d5627389f69b3e4f7491c788bb229138a4767c57132efe,https://cdn.pokedb.org/b8da5940bb4e10d9b0d5627389f69b3e4f7491c788bb229138a4767c57132efew20h20,firered-leafgreen
stable-mulch,https://cdn.pokedb.org/d8c165aab90007da24b0ecb87d82b7f2003a9435a2bd3f9fae49a768d3bc1b63,https://cdn.pokedb.org/d8c165aab90007da24b0ecb87d82b7f2003a9435a2bd3f9fae49a768d3bc1b63w20h20,diamond-pearl
stantler-hair,https://cdn.pokedb.org/d93fb90bdc2ee50ccb8f262d9e69f5cbd26e7e6c1bbbc5a2d18d5302aa55ed45,https://cdn.pokedb.org/d93fb90bdc2ee50ccb8f262d9e69f5cbd26e7e6c1bbbc5a2d18d5302aa55ed45w20h20,scarlet-violet
star-piece,https://cdn.pokedb.org/f8d64d117ac5aab2475b5a598f53da2e4acdda3daaf8e00537dd059e2b5d5360,https://cdn.pokedb.org/f8d64d117ac5aab2475b5a598f53da2e4acdda3daaf8e00537dd059e2b5d5360w20h20,brilliant-diamond-shining-pearl
star-piece,https://cdn.pokedb.org/d2bab943b99737b5c077a1c60be332da18ff88a61600e13209889821b9145120,https://cdn.pokedb.org/d2bab943b99737b5c077a1c60be332da18ff88a61600e13209889821b9145120w20h20,scarlet-violet
star-piece,https://cdn.pokedb.org/a2d4a0ac3978e5d746a2fbe01f04679288da014e86667d2d8cc7f74f066f595b,https://cdn.pokedb.org/a2d4a0ac3978e5d746a2fbe01f04679288da014e86667d2d8cc7f74f066f595bw20h20,legends-arceus
star-piece,https://cdn.pokedb.org/dcbc2cba003f792b1dfb64f7b93c74533080a9e8e11f37d6c2735d92cac49536,https://cdn.pokedb.org/dcbc2cba003f792b1dfb64f7b93c74533080a9e8e11f37d6c2735d92cac49536w20h20,firered-leafgreen
star-sweet,https://cdn.pokedb.org/ddde5952e400ef6c8a9cdd6eaa0eee2c8d81f02d59b19ad6c7c4fd2d3daa501f,https://cdn.pokedb.org/ddde5952e400ef6c8a9cdd6eaa0eee2c8d81f02d59b19ad6c7c4fd2d3daa501fw20h20,scarlet-violet
star-sweet,https://cdn.pokedb.org/0cddc3a9243c246b4580b088b3dd0dde296187f501ce4755e2fbc44d5f6fe97d,https://cdn.pokedb.org/0cddc3a9243c246b4580b088b3dd0dde296187f501ce4755e2fbc44d5f6fe97dw20h20,sword-shield
stardust,https://cdn.pokedb.org/e5de91f06be3aa5b23be245079b872142870f8cb1d9e292275322e634f91a906,https://cdn.pokedb.org/e5de91f06be3aa5b23be245079b872142870f8cb1d9e292275322e634f91a906w20h20,firered-leafgreen
stardust,https://cdn.pokedb.org/d025bb4e5867e3eea4a862ec54df157981b9e3d5511e9fa9251fb6e79cdbb42b,https://cdn.pokedb.org/d025bb4e5867e3eea4a862ec54df157981b9e3d5511e9fa9251fb6e79cdbb42bw20h20,scarlet-violet
stardust,https://cdn.pokedb.org/3e79c2889bb47e82f975fbfbf996e1cfda6e5df3369f5b52feff1caedefa7bff,https://cdn.pokedb.org/3e79c2889bb47e82f975fbfbf996e1cfda6e5df3369f5b52feff1caedefa7bffw20h20,legends-arceus
stardust,https://cdn.pokedb.org/dfded70a76a54a0d77d4914ce233dc840b7d78d8c3bff8c8c95cbea765712042,https://cdn.pokedb.org/dfded70a76a54a0d77d4914ce233dc840b7d78d8c3bff8c8c95cbea765712042w20h20,brilliant-diamond-shining-pearl
starf-berry,https://cdn.pokedb.org/0fa698c47004b00b71e4f09e23df2ae8eeef0a2057f7176c48e433d03446ed9b,https://cdn.pokedb.org/0fa698c47004b00b71e4f09e23df2ae8eeef0a2057f7176c48e433d03446ed9bw20h20,scarlet-violet
starf-berry,https://cdn.pokedb.org/d16c4c4b00aa580e0769034facaf9e9c5c0a20e692068d002a74e4ffe2c892d3,https://cdn.pokedb.org/d16c4c4b00aa580e0769034facaf9e9c5c0a20e692068d002a74e4ffe2c892d3w20h20,brilliant-diamond-shining-pearl
starf-berry,https://cdn.pokedb.org/c4a0aa96ab7a110ff740531a8a63726cf42915dc8fc3ec59460ce6169d724762,https://cdn.pokedb.org/c4a0aa96ab7a110ff740531a8a63726cf42915dc8fc3ec59460ce6169d724762w20h20,ruby-sapphire
starf-berry,https://cdn.pokedb.org/5f2d956c09e70abd2e8f00ff04560d9c1975eff58348be448f8aca2c57810988,https://cdn.pokedb.org/5f2d956c09e70abd2e8f00ff04560d9c1975eff58348be448f8aca2c57810988w20h20,firered-leafgreen
starly-feather,https://cdn.pokedb.org/d93fb90bdc2ee50ccb8f262d9e69f5cbd26e7e6c1bbbc5a2d18d5302aa55ed45,https://cdn.pokedb.org/d93fb90bdc2ee50ccb8f262d9e69f5cbd26e7e6c1bbbc5a2d18d5302aa55ed45w20h20,scarlet-violet
staryu-candy,https://cdn.pokedb.org/d2da2e3005ece4c0c5153487a3966750268256e9571c84a65de120accf764bc2,https://cdn.pokedb.org/d2da2e3005ece4c0c5153487a3966750268256e9571c84a65de120accf764bc2w20h20,go
steel-bottle-b,https://cdn.pokedb.org/69295ed4a7b4fa84f5af830ac5945b1da8d4889391e7886c6432ab9c16239824,https://cdn.pokedb.org/69295ed4a7b4fa84f5af830ac5945b1da8d4889391e7886c6432ab9c16239824w20h20,scarlet-violet
steel-bottle-r,https://cdn.pokedb.org/69295ed4a7b4fa84f5af830ac5945b1da8d4889391e7886c6432ab9c16239824,https://cdn.pokedb.org/69295ed4a7b4fa84f5af830ac5945b1da8d4889391e7886c6432ab9c16239824w20h20,scarlet-violet
steel-bottle-y,https://cdn.pokedb.org/69295ed4a7b4fa84f5af830ac5945b1da8d4889391e7886c6432ab9c16239824,https://cdn.pokedb.org/69295ed4a7b4fa84f5af830ac5945b1da8d4889391e7886c6432ab9c16239824w20h20,scarlet-violet
steel-gem,https://cdn.pokedb.org/1aab8d177da153e2ac9a594b128a3bb4440703e15a07a797e087dda7f972f91b,https://cdn.pokedb.org/1aab8d177da153e2ac9a594b128a3bb4440703e15a07a797e087dda7f972f91bw20h20,black-white
steel-mail,https://cdn.pokedb.org/4138ec684936961f43092258ca4649935257e3dbab0d511f5601d854682006c7,https://cdn.pokedb.org/4138ec684936961f43092258ca4649935257e3dbab0d511f5601d854682006c7w20h20,diamond-pearl
steel-memory,https://cdn.pokedb.org/5fc36d33902c3be6d9c3ac8ddfec019327f9f97c342ea3294bd80070d791ddd4,https://cdn.pokedb.org/5fc36d33902c3be6d9c3ac8ddfec019327f9f97c342ea3294bd80070d791ddd4w20h20,sun-moon
steel-tera-shard,https://cdn.pokedb.org/6975b24bff5d544968481a91fe2a2935e5180e80133afd7b0463c8faf5fc7737,https://cdn.pokedb.org/6975b24bff5d544968481a91fe2a2935e5180e80133afd7b0463c8faf5fc7737w20h20,scarlet-violet
steelium-z,https://cdn.pokedb.org/4479bb86538f05a44671f2ef969ebed2d00f9040b1efc9aff8c831f9ab93358c,https://cdn.pokedb.org/4479bb86538f05a44671f2ef969ebed2d00f9040b1efc9aff8c831f9ab93358cw20h20,sun-moon
steelium-z,https://cdn.pokedb.org/fb749fc27a09bf950296ded59fc82402264b3096cb1616311874de10aa76d20d,https://cdn.pokedb.org/fb749fc27a09bf950296ded59fc82402264b3096cb1616311874de10aa76d20dw20h20,sun-moon
steelixite,https://cdn.pokedb.org/2f3e4c471efbc86fa0b4e009e047d667f8393eacaa53fd5867d6a0ae5e83ab01,https://cdn.pokedb.org/2f3e4c471efbc86fa0b4e009e047d667f8393eacaa53fd5867d6a0ae5e83ab01w20h20,platinum
sticker-case,https://cdn.pokedb.org/b2320272fe8f271e30558034194f13e1410bdda56da8af4886527fd30c612770,https://cdn.pokedb.org/b2320272fe8f271e30558034194f13e1410bdda56da8af4886527fd30c612770w20h20,diamond-pearl
sticky-barb,https://cdn.pokedb.org/f03a8e5ad3e6644ffdba315d5cc4f05873cc9a4c8cc9323c7400cdb9565a8a86,https://cdn.pokedb.org/f03a8e5ad3e6644ffdba315d5cc4f05873cc9a4c8cc9323c7400cdb9565a8a86w20h20,brilliant-diamond-shining-pearl
sticky-barb,https://cdn.pokedb.org/e1c2f1155b3cb36832c800e3e40cd83ac8054669333904598be2acaab25f2887,https://cdn.pokedb.org/e1c2f1155b3cb36832c800e3e40cd83ac8054669333904598be2acaab25f2887w20h20,scarlet-violet
sticky-barb,https://cdn.pokedb.org/93f3ee1051333e30a6f33bb8278ddfcda47f25b4e7d64da7abe66e7f6a1a0b1e,https://cdn.pokedb.org/93f3ee1051333e30a6f33bb8278ddfcda47f25b4e7d64da7abe66e7f6a1a0b1ew20h20,diamond-pearl
stone-plate,https://cdn.pokedb.org/56cd1a14579a620bd29689145126e7b754b1fa970118031b2343d0c78d53cdb0,https://cdn.pokedb.org/56cd1a14579a620bd29689145126e7b754b1fa970118031b2343d0c78d53cdb0w20h20,scarlet-violet
stone-plate,https://cdn.pokedb.org/89ca5b9a0964e2c86a16681a986b204cdf5b7d8383859983b6865b91ebbb2ca3,https://cdn.pokedb.org/89ca5b9a0964e2c86a16681a986b204cdf5b7d8383859983b6865b91ebbb2ca3w20h20,legends-arceus
stone-plate,https://cdn.pokedb.org/eabc2ee0ba6ace7ec6583eb788f0a3f3fc5cff327b9950609c6915fc238ddd18,https://cdn.pokedb.org/eabc2ee0ba6ace7ec6583eb788f0a3f3fc5cff327b9950609c6915fc238ddd18w20h20,brilliant-diamond-shining-pearl
stone-plate,https://cdn.pokedb.org/d0834b3c658d84fc7bf2ce6addb2fac92a989fe1c82d7d13169874eb7dc5c9bd,https://cdn.pokedb.org/d0834b3c658d84fc7bf2ce6addb2fac92a989fe1c82d7d13169874eb7dc5c9bdw20h20,diamond-pearl
stonjourner-stone,https://cdn.pokedb.org/d93fb90bdc2ee50ccb8f262d9e69f5cbd26e7e6c1bbbc5a2d18d5302aa55ed45,https://cdn.pokedb.org/d93fb90bdc2ee50ccb8f262d9e69f5cbd26e7e6c1bbbc5a2d18d5302aa55ed45w20h20,scarlet-violet
storage-key-hoenn,https://cdn.pokedb.org/97bcb8422464d881ced9f9dbb9217a977c8c0288d95908afd66bf70c84b71c54,https://cdn.pokedb.org/97bcb8422464d881ced9f9dbb9217a977c8c0288d95908afd66bf70c84b71c54w20h20,firered-leafgreen
storage-key-sinnoh,https://cdn.pokedb.org/c575e7d5b1691259691daaa7b21c805ecfd265213388e2659124900843c0c4c9,https://cdn.pokedb.org/c575e7d5b1691259691daaa7b21c805ecfd265213388e2659124900843c0c4c9w20h20,diamond-pearl
storage-key-sinnoh,https://cdn.pokedb.org/81e2ce1cc2d5a1077420509a25d688c267d7ba94baad46c8ccaf778c2484fb2c,https://cdn.pokedb.org/81e2ce1cc2d5a1077420509a25d688c267d7ba94baad46c8ccaf778c2484fb2cw20h20,brilliant-diamond-shining-pearl
strange-ball,https://cdn.pokedb.org/ef25ed22d1c4be5068aacfb3eba2807fb8c93e0d0baee251e1a9b4ff4b3987c4,https://cdn.pokedb.org/ef25ed22d1c4be5068aacfb3eba2807fb8c93e0d0baee251e1a9b4ff4b3987c4w20h20,home
strange-ball,https://cdn.pokedb.org/88188cadb18c2215423dc34239414bfd032cf3dafe2992df55e7b3b4a46b77ca,https://cdn.pokedb.org/88188cadb18c2215423dc34239414bfd032cf3dafe2992df55e7b3b4a46b77caw20h20,brilliant-diamond-shining-pearl
strange-ball,https://cdn.pokedb.org/cbef6b7c2cfa4a81e468902b9047016167abe10e7945c41607ebf5b12fba1e2d,https://cdn.pokedb.org/cbef6b7c2cfa4a81e468902b9047016167abe10e7945c41607ebf5b12fba1e2dw20h20,legends-arceus
strange-ball,https://cdn.pokedb.org/8a27717ef9b7538a5031e90a0e89bf12b2abbb3ef34c6067761f503dde0c58be,https://cdn.pokedb.org/8a27717ef9b7538a5031e90a0e89bf12b2abbb3ef34c6067761f503dde0c58bew20h20,scarlet-violet
strange-ball,https://cdn.pokedb.org/a5e0770d804551edadfc93991d594e0a056de8fc457e65a28b08e4d1ec188cce,https://cdn.pokedb.org/a5e0770d804551edadfc93991d594e0a056de8fc457e65a28b08e4d1ec188ccew20h20,home
strange-souvenir,https://cdn.pokedb.org/c0b38a99280cd62f0120a8aa0446c3db488acf59d3915cb794afa90386d5be55,https://cdn.pokedb.org/c0b38a99280cd62f0120a8aa0446c3db488acf59d3915cb794afa90386d5be55w20h20,x-y
stratospheric-slate,https://cdn.pokedb.org/826340d53ad48e93211186ee9b868990abccff81ea2299ecdaea6c04685a6d9a,https://cdn.pokedb.org/826340d53ad48e93211186ee9b868990abccff81ea2299ecdaea6c04685a6d9aw20h20,brilliant-diamond-shining-pearl
strawberry,https://cdn.pokedb.org/256a8009931ee6b1230e5957b8a471c0965999b3d5f3bab495960404beb3c8f8,https://cdn.pokedb.org/256a8009931ee6b1230e5957b8a471c0965999b3d5f3bab495960404beb3c8f8w20h20,scarlet-violet
strawberry-sweet,https://cdn.pokedb.org/abf153f6f8d84c0f1d15c09eed2ca5824edb4bb9f79eb2ee0ad46dde4500840a,https://cdn.pokedb.org/abf153f6f8d84c0f1d15c09eed2ca5824edb4bb9f79eb2ee0ad46dde4500840aw20h20,scarlet-violet
strawberry-sweet,https://cdn.pokedb.org/290ce11f614def1e0110a362af9c37f671f140034b72d436cbbbd3359ff55c41,https://cdn.pokedb.org/290ce11f614def1e0110a362af9c37f671f140034b72d436cbbbd3359ff55c41w20h20,sword-shield
stretchy-spring,https://cdn.pokedb.org/ee7ad3c33c335207b872de4a39b3188710da948cf8067be02a209f8c44cc0610,https://cdn.pokedb.org/ee7ad3c33c335207b872de4a39b3188710da948cf8067be02a209f8c44cc0610w20h20,lets-go-pikachu-lets-go-eevee
striped-bottle,https://cdn.pokedb.org/69295ed4a7b4fa84f5af830ac5945b1da8d4889391e7886c6432ab9c16239824,https://cdn.pokedb.org/69295ed4a7b4fa84f5af830ac5945b1da8d4889391e7886c6432ab9c16239824w20h20,scarlet-violet
striped-cup,https://cdn.pokedb.org/69295ed4a7b4fa84f5af830ac5945b1da8d4889391e7886c6432ab9c16239824,https://cdn.pokedb.org/69295ed4a7b4fa84f5af830ac5945b1da8d4889391e7886c6432ab9c16239824w20h20,scarlet-violet
striped-tablecloth,https://cdn.pokedb.org/69295ed4a7b4fa84f5af830ac5945b1da8d4889391e7886c6432ab9c16239824,https://cdn.pokedb.org/69295ed4a7b4fa84f5af830ac5945b1da8d4889391e7886c6432ab9c16239824w20h20,scarlet-violet
stunky-fur,https://cdn.pokedb.org/d93fb90bdc2ee50ccb8f262d9e69f5cbd26e7e6c1bbbc5a2d18d5302aa55ed45,https://cdn.pokedb.org/d93fb90bdc2ee50ccb8f262d9e69f5cbd26e7e6c1bbbc5a2d18d5302aa55ed45w20h20,scarlet-violet
style-card,https://cdn.pokedb.org/ba1d69286b92fe9718717484027ee3acad2912bde6e573070a88dccc5506674f,https://cdn.pokedb.org/ba1d69286b92fe9718717484027ee3acad2912bde6e573070a88dccc5506674fw20h20,sword-shield
suicune-treat,https://cdn.pokedb.org/11396ecb0ac496e1454467b99bdc139e62287d80089b8eba679dc61d57b11c9c,https://cdn.pokedb.org/11396ecb0ac496e1454467b99bdc139e62287d80089b8eba679dc61d57b11c9cw20h20,the-indigo-disk
suite-key,https://cdn.pokedb.org/0cde81f46624b65547db3333c0d2651d1b5c0a63024fc174c98be3b77b5f000c,https://cdn.pokedb.org/0cde81f46624b65547db3333c0d2651d1b5c0a63024fc174c98be3b77b5f000cw20h20,diamond-pearl
suite-key,https://cdn.pokedb.org/662781dff6716da5f930b2b539f93424b01645ea6ccc81e3826907d22e34fd09,https://cdn.pokedb.org/662781dff6716da5f930b2b539f93424b01645ea6ccc81e3826907d22e34fd09w20h20,brilliant-diamond-shining-pearl
sun-flute,https://cdn.pokedb.org/63e2d7a0d0a5b3ed8b7d0ebf3fba0a22b1b5505f82eef89b9c1c672172e05682,https://cdn.pokedb.org/63e2d7a0d0a5b3ed8b7d0ebf3fba0a22b1b5505f82eef89b9c1c672172e05682w20h20,sun-moon
sun-flute,https://cdn.pokedb.org/ec63601ba9f555fa14e945176d6f4f527d97e97da9a7f6b6e2af5e5a3be922fb,https://cdn.pokedb.org/ec63601ba9f555fa14e945176d6f4f527d97e97da9a7f6b6e2af5e5a3be922fbw20h20,sun-moon
sun-stone,https://cdn.pokedb.org/052565981248f92737635d803fd3424989cc320d9a8d61dfc61e28b9f8792aba,https://cdn.pokedb.org/052565981248f92737635d803fd3424989cc320d9a8d61dfc61e28b9f8792abaw20h20,firered-leafgreen
sun-stone,https://cdn.pokedb.org/a237612a935a41dcf13d2f54557b9195da4e214354d6fe1f12ea08e4ddbe8d7f,https://cdn.pokedb.org/a237612a935a41dcf13d2f54557b9195da4e214354d6fe1f12ea08e4ddbe8d7fw20h20,legends-arceus
sun-stone,https://cdn.pokedb.org/38b90795eb90afca226b7010114d66881cd064a47a8c406b965df388e17702c7,https://cdn.pokedb.org/38b90795eb90afca226b7010114d66881cd064a47a8c406b965df388e17702c7w20h20,scarlet-violet
sunkern-leaf,https://cdn.pokedb.org/d93fb90bdc2ee50ccb8f262d9e69f5cbd26e7e6c1bbbc5a2d18d5302aa55ed45,https://cdn.pokedb.org/d93fb90bdc2ee50ccb8f262d9e69f5cbd26e7e6c1bbbc5a2d18d5302aa55ed45w20h20,scarlet-violet
sunrise-flower-pick,https://cdn.pokedb.org/69295ed4a7b4fa84f5af830ac5945b1da8d4889391e7886c6432ab9c16239824,https://cdn.pokedb.org/69295ed4a7b4fa84f5af830ac5945b1da8d4889391e7886c6432ab9c16239824w20h20,scarlet-violet
sunset-flower-pick,https://cdn.pokedb.org/69295ed4a7b4fa84f5af830ac5945b1da8d4889391e7886c6432ab9c16239824,https://cdn.pokedb.org/69295ed4a7b4fa84f5af830ac5945b1da8d4889391e7886c6432ab9c16239824w20h20,scarlet-violet
super-lure,https://cdn.pokedb.org/15d4c8ad58b068ef53c111dba33fa5b885e9f2fb97dbb8eed4339d476324a154,https://cdn.pokedb.org/15d4c8ad58b068ef53c111dba33fa5b885e9f2fb97dbb8eed4339d476324a154w20h20,lets-go-pikachu-lets-go-eevee
super-potion,https://cdn.pokedb.org/b44d894d9d2f688f13f8544a06eccc224cf0adfeab107ce51fc56316c1bc8daa,https://cdn.pokedb.org/b44d894d9d2f688f13f8544a06eccc224cf0adfeab107ce51fc56316c1bc8daaw20h20,scarlet-violet
super-potion,https://cdn.pokedb.org/3da6b61d8f0df0de0e0eb67b89636dd50c8570c78c1d7a06ad8dadb163cb052e,https://cdn.pokedb.org/3da6b61d8f0df0de0e0eb67b89636dd50c8570c78c1d7a06ad8dadb163cb052ew20h20,brilliant-diamond-shining-pearl
super-potion,https://cdn.pokedb.org/caaf5ff51944926c9d8567ccc968f41049da4a4b87270d1645144cad71efc7c1,https://cdn.pokedb.org/caaf5ff51944926c9d8567ccc968f41049da4a4b87270d1645144cad71efc7c1w20h20,legends-arceus
super-potion,https://cdn.pokedb.org/7e70ca4cefc34104eef029ef832ff34e5d0797ef826b5e283ae940a4156e21bf,https://cdn.pokedb.org/7e70ca4cefc34104eef029ef832ff34e5d0797ef826b5e283ae940a4156e21bfw20h20,black-white
super-potion,https://cdn.pokedb.org/0ed558aa2f72b4f128623368ec9dec11af86561821ce159d36cd8ac559fb9fd0,https://cdn.pokedb.org/0ed558aa2f72b4f128623368ec9dec11af86561821ce159d36cd8ac559fb9fd0w20h20,firered-leafgreen
super-repel,https://cdn.pokedb.org/6519da53e6e5d1bfa7ae5ab391e225844d5547a90030db9120fad7410c156a5e,https://cdn.pokedb.org/6519da53e6e5d1bfa7ae5ab391e225844d5547a90030db9120fad7410c156a5ew20h20,scarlet-violet
super-repel,https://cdn.pokedb.org/de747fbaa058c1f0e5be886becc59175cf091049634c18a5df308e7836e2eb5a,https://cdn.pokedb.org/de747fbaa058c1f0e5be886becc59175cf091049634c18a5df308e7836e2eb5aw20h20,brilliant-diamond-shining-pearl
super-repel,https://cdn.pokedb.org/e95ab67461688bf2b14b0d516f63a2d46c27548b13a8ad470a1c60c530cc65ac,https://cdn.pokedb.org/e95ab67461688bf2b14b0d516f63a2d46c27548b13a8ad470a1c60c530cc65acw20h20,firered-leafgreen
super-rod,https://cdn.pokedb.org/56efe6cc115c6499b75c034b3d4f8f4cde6137a2d4f2aa97907af46f8f5b4021,https://cdn.pokedb.org/56efe6cc115c6499b75c034b3d4f8f4cde6137a2d4f2aa97907af46f8f5b4021w20h20,firered-leafgreen
super-rod,https://cdn.pokedb.org/0194bf4269bf5f99323580774d4703e042a96dc18b63954d09edaca4e7c4a3f0,https://cdn.pokedb.org/0194bf4269bf5f99323580774d4703e042a96dc18b63954d09edaca4e7c4a3f0w20h20,brilliant-diamond-shining-pearl
super-rod,https://cdn.pokedb.org/42b6f7118c688079bcbfeca257ff840177e4f60a934ff475011623d713bc8d27,https://cdn.pokedb.org/42b6f7118c688079bcbfeca257ff840177e4f60a934ff475011623d713bc8d27w20h20,x-y
super-rod,https://cdn.pokedb.org/63a35ccfcabc39d24f2729d843670a2fbabd8b6653bbe27b7b00cce57d20e690,https://cdn.pokedb.org/63a35ccfcabc39d24f2729d843670a2fbabd8b6653bbe27b7b00cce57d20e690w20h20,black-white
surge-badge,https://cdn.pokedb.org/22223dcb6bf79f1da8dc46af9549b8eef9479b213bbbb46869ae0cc42f0571c5,https://cdn.pokedb.org/22223dcb6bf79f1da8dc46af9549b8eef9479b213bbbb46869ae0cc42f0571c5w20h20,ultra-sun-ultra-moon
surprise-mulch,https://cdn.pokedb.org/38c90dedf57b345c11b19197398ec849b91af3001eabea32ed4fd4a303e78591,https://cdn.pokedb.org/38c90dedf57b345c11b19197398ec849b91af3001eabea32ed4fd4a303e78591w20h20,x-y
surskit-syrup,https://cdn.pokedb.org/d93fb90bdc2ee50ccb8f262d9e69f5cbd26e7e6c1bbbc5a2d18d5302aa55ed45,https://cdn.pokedb.org/d93fb90bdc2ee50ccb8f262d9e69f5cbd26e7e6c1bbbc5a2d18d5302aa55ed45w20h20,scarlet-violet
swablu-fluff,https://cdn.pokedb.org/d93fb90bdc2ee50ccb8f262d9e69f5cbd26e7e6c1bbbc5a2d18d5302aa55ed45,https://cdn.pokedb.org/d93fb90bdc2ee50ccb8f262d9e69f5cbd26e7e6c1bbbc5a2d18d5302aa55ed45w20h20,scarlet-violet
swampertite,https://cdn.pokedb.org/0917c988fca78dae2cbe6f43de92a6db52cdb639180937690037fa37ae78e51e,https://cdn.pokedb.org/0917c988fca78dae2cbe6f43de92a6db52cdb639180937690037fa37ae78e51ew20h20,platinum
sweet-apple,https://cdn.pokedb.org/40b9dbe218618baf573b44ef21be8169ef5f65de950825f7b0e8ec6c2d658597,https://cdn.pokedb.org/40b9dbe218618baf573b44ef21be8169ef5f65de950825f7b0e8ec6c2d658597w20h20,scarlet-violet
sweet-apple,https://cdn.pokedb.org/62d8a69acb9456a27bdc345f6eda89c7fc1277d58f75630ffa2f74a0602fa672,https://cdn.pokedb.org/62d8a69acb9456a27bdc345f6eda89c7fc1277d58f75630ffa2f74a0602fa672w20h20,sword-shield
sweet-heart,https://cdn.pokedb.org/86c5a9494542317ea4d669fd632e9f64d5884a2af00b2975eeb60ea95f3cd2ce,https://cdn.pokedb.org/86c5a9494542317ea4d669fd632e9f64d5884a2af00b2975eeb60ea95f3cd2cew20h20,black-white
sweet-heart,https://cdn.pokedb.org/e012528f31249b0ddb33f3455514c6fb88005d2aa9ed980ff82765476408f5bd,https://cdn.pokedb.org/e012528f31249b0ddb33f3455514c6fb88005d2aa9ed980ff82765476408f5bdw20h20,brilliant-diamond-shining-pearl
sweet-herba-mystica,https://cdn.pokedb.org/27741bfd88dd2b818fb536e8ce2a104d7bfd229f849da0db0b9804e5d24fb8b7,https://cdn.pokedb.org/27741bfd88dd2b818fb536e8ce2a104d7bfd229f849da0db0b9804e5d24fb8b7w20h20,scarlet-violet
swift-feather,https://cdn.pokedb.org/519c0759a95fdfdfe20b88b36d94c8a43a60dca015b2a8e3c7234520399970fe,https://cdn.pokedb.org/519c0759a95fdfdfe20b88b36d94c8a43a60dca015b2a8e3c7234520399970few20h20,scarlet-violet
swift-feather,https://cdn.pokedb.org/debef41de1615e1fec0794f800325f65ac6139a6d0f5b9f8fe1f1bae5d940719,https://cdn.pokedb.org/debef41de1615e1fec0794f800325f65ac6139a6d0f5b9f8fe1f1bae5d940719w20h20,black-white
swift-feather,https://cdn.pokedb.org/d2e04753900b9320c9c83644fb6fb19cdb1ad57f23892745a972486e3f0cf01e,https://cdn.pokedb.org/d2e04753900b9320c9c83644fb6fb19cdb1ad57f23892745a972486e3f0cf01ew20h20,brilliant-diamond-shining-pearl
swift-mochi,https://cdn.pokedb.org/72f09b5110bfa88ebb1afb2d3a162acba1a262f9311c0010ea4cdeca031f33b8,https://cdn.pokedb.org/72f09b5110bfa88ebb1afb2d3a162acba1a262f9311c0010ea4cdeca031f33b8w20h20,scarlet-violet
swinub-hair,https://cdn.pokedb.org/d93fb90bdc2ee50ccb8f262d9e69f5cbd26e7e6c1bbbc5a2d18d5302aa55ed45,https://cdn.pokedb.org/d93fb90bdc2ee50ccb8f262d9e69f5cbd26e7e6c1bbbc5a2d18d5302aa55ed45w20h20,scarlet-violet
syrupy-apple,https://cdn.pokedb.org/c1a5975720d4de02657dc6a9e432278870a2926e88744140461befd648a8fd70,https://cdn.pokedb.org/c1a5975720d4de02657dc6a9e432278870a2926e88744140461befd648a8fd70w20h20,scarlet-violet
tadbulb-mucus,https://cdn.pokedb.org/d93fb90bdc2ee50ccb8f262d9e69f5cbd26e7e6c1bbbc5a2d18d5302aa55ed45,https://cdn.pokedb.org/d93fb90bdc2ee50ccb8f262d9e69f5cbd26e7e6c1bbbc5a2d18d5302aa55ed45w20h20,scarlet-violet
tamato-berry,https://cdn.pokedb.org/cf84b4ccfb101be8fc8babb8f1a217fed3d5c01de29a618516bc9a6318f6784c,https://cdn.pokedb.org/cf84b4ccfb101be8fc8babb8f1a217fed3d5c01de29a618516bc9a6318f6784cw20h20,firered-leafgreen
tamato-berry,https://cdn.pokedb.org/2e69b7fcaf431e6dae330faf2a2346e06ddaf3f091fd7af776c27c9fce41dd24,https://cdn.pokedb.org/2e69b7fcaf431e6dae330faf2a2346e06ddaf3f091fd7af776c27c9fce41dd24w20h20,scarlet-violet
tamato-berry,https://cdn.pokedb.org/d479cc34e17fdaa360476d547b86914763d90640fcd910ae3c09f9f6297e9c74,https://cdn.pokedb.org/d479cc34e17fdaa360476d547b86914763d90640fcd910ae3c09f9f6297e9c74w20h20,brilliant-diamond-shining-pearl
tamato-berry,https://cdn.pokedb.org/0a1a94a24078d34403f504e442f5f806f62c12a819b1f73bce58a5182d6a5cb5,https://cdn.pokedb.org/0a1a94a24078d34403f504e442f5f806f62c12a819b1f73bce58a5182d6a5cb5w20h20,ruby-sapphire
tandemaus-fur,https://cdn.pokedb.org/d93fb90bdc2ee50ccb8f262d9e69f5cbd26e7e6c1bbbc5a2d18d5302aa55ed45,https://cdn.pokedb.org/d93fb90bdc2ee50ccb8f262d9e69f5cbd26e7e6c1bbbc5a2d18d5302aa55ed45w20h20,scarlet-violet
tanga-berry,https://cdn.pokedb.org/1125821caa594df3a18257e408031378d5f17dd2f163072da91d6c9c443bf9be,https://cdn.pokedb.org/1125821caa594df3a18257e408031378d5f17dd2f163072da91d6c9c443bf9bew20h20,scarlet-violet
tanga-berry,https://cdn.pokedb.org/82155cb90fea9ff3cf303c02e22f08ea20e782fb3a6a03132b5da72334ffd1a5,https://cdn.pokedb.org/82155cb90fea9ff3cf303c02e22f08ea20e782fb3a6a03132b5da72334ffd1a5w20h20,diamond-pearl
tanga-berry,https://cdn.pokedb.org/622b818b451dbdfd68d463d41f202dabf54ea904523a93bd3d5fa17f46c57a7c,https://cdn.pokedb.org/622b818b451dbdfd68d463d41f202dabf54ea904523a93bd3d5fa17f46c57a7cw20h20,brilliant-diamond-shining-pearl
tangela-candy,https://cdn.pokedb.org/9b869e66375b23641b1ca37e54189a71f7c08fc8ea6760c377e2249d6e8bbea3,https://cdn.pokedb.org/9b869e66375b23641b1ca37e54189a71f7c08fc8ea6760c377e2249d6e8bbea3w20h20,go
tapunium-z,https://cdn.pokedb.org/ab755b7f64c0861085b2708e96ab631e6c1fbd5ae7720d8a68cc2f8eb82ab39c,https://cdn.pokedb.org/ab755b7f64c0861085b2708e96ab631e6c1fbd5ae7720d8a68cc2f8eb82ab39cw20h20,sun-moon
tapunium-z,https://cdn.pokedb.org/c97ae132ae1ec36d512952ab9f7eb2e72bbb61956492d2cd22a5f9e23ae23440,https://cdn.pokedb.org/c97ae132ae1ec36d512952ab9f7eb2e72bbb61956492d2cd22a5f9e23ae23440w20h20,sun-moon
tarountula-thread,https://cdn.pokedb.org/d93fb90bdc2ee50ccb8f262d9e69f5cbd26e7e6c1bbbc5a2d18d5302aa55ed45,https://cdn.pokedb.org/d93fb90bdc2ee50ccb8f262d9e69f5cbd26e7e6c1bbbc5a2d18d5302aa55ed45w20h20,scarlet-violet
tart-apple,https://cdn.pokedb.org/b75a7ab259df4abf570c9787e7c9262608437bdbf34b843d2c9ebd74581e7885,https://cdn.pokedb.org/b75a7ab259df4abf570c9787e7c9262608437bdbf34b843d2c9ebd74581e7885w20h20,scarlet-violet
tart-apple,https://cdn.pokedb.org/896d4fb59c09a4145a55239e0a94ad6a25323935f234a6955bb4b15e75c1e17b,https://cdn.pokedb.org/896d4fb59c09a4145a55239e0a94ad6a25323935f234a6955bb4b15e75c1e17bw20h20,sword-shield
tatsugiri-scales,https://cdn.pokedb.org/d93fb90bdc2ee50ccb8f262d9e69f5cbd26e7e6c1bbbc5a2d18d5302aa55ed45,https://cdn.pokedb.org/d93fb90bdc2ee50ccb8f262d9e69f5cbd26e7e6c1bbbc5a2d18d5302aa55ed45w20h20,scarlet-violet
tauros-candy,https://cdn.pokedb.org/466633629863d657bec3d0dc4250cc0fafe5222b053603c48e96f6f4429abc7b,https://cdn.pokedb.org/466633629863d657bec3d0dc4250cc0fafe5222b053603c48e96f6f4429abc7bw20h20,go
tauros-hair,https://cdn.pokedb.org/d93fb90bdc2ee50ccb8f262d9e69f5cbd26e7e6c1bbbc5a2d18d5302aa55ed45,https://cdn.pokedb.org/d93fb90bdc2ee50ccb8f262d9e69f5cbd26e7e6c1bbbc5a2d18d5302aa55ed45w20h20,scarlet-violet
tea,https://cdn.pokedb.org/cc63658d38f5175738f7dada4b1916bc4338b5923ad770e9368d6ee8c980ec8e,https://cdn.pokedb.org/cc63658d38f5175738f7dada4b1916bc4338b5923ad770e9368d6ee8c980ec8ew20h20,firered-leafgreen
tea,https://cdn.pokedb.org/830c2e549dcf8666babbcc08febae9b826d876035d0be39967ab317366d5e597,https://cdn.pokedb.org/830c2e549dcf8666babbcc08febae9b826d876035d0be39967ab317366d5e597w20h20,lets-go-pikachu-lets-go-eevee
teachy-tv,https://cdn.pokedb.org/0fc1d114afed1cba0a807e22e75f438a4045a6a9b1e0014c3af56e9ac066e3c6,https://cdn.pokedb.org/0fc1d114afed1cba0a807e22e75f438a4045a6a9b1e0014c3af56e9ac066e3c6w20h20,firered-leafgreen
teal-mask,https://cdn.pokedb.org/0e1d72c656f4130a9a5097a0ad7bdfe808c118cca033ce0020ac78f70528b700,https://cdn.pokedb.org/0e1d72c656f4130a9a5097a0ad7bdfe808c118cca033ce0020ac78f70528b700w20h20,scarlet-violet
teal-style-card,https://cdn.pokedb.org/9acf6531cc2973014ed63d2228312a91bfe37947e4b4de7910c37a342fee30e3,https://cdn.pokedb.org/9acf6531cc2973014ed63d2228312a91bfe37947e4b4de7910c37a342fee30e3w20h20,scarlet-violet
tectonic-slate,https://cdn.pokedb.org/551bf80e52b19289e676940f0613fe731222d62ce4268882a2389b6bc6b3e9f6,https://cdn.pokedb.org/551bf80e52b19289e676940f0613fe731222d62ce4268882a2389b6bc6b3e9f6w20h20,brilliant-diamond-shining-pearl
teddiursa-claw,https://cdn.pokedb.org/d93fb90bdc2ee50ccb8f262d9e69f5cbd26e7e6c1bbbc5a2d18d5302aa55ed45,https://cdn.pokedb.org/d93fb90bdc2ee50ccb8f262d9e69f5cbd26e7e6c1bbbc5a2d18d5302aa55ed45w20h20,scarlet-violet
tentacool-candy,https://cdn.pokedb.org/47a37bbd17dc6741a10645eeb71e72b1542fef169dcd50df036d7cfc3c8032d5,https://cdn.pokedb.org/47a37bbd17dc6741a10645eeb71e72b1542fef169dcd50df036d7cfc3c8032d5w20h20,go
tentacool-stinger,https://cdn.pokedb.org/d93fb90bdc2ee50ccb8f262d9e69f5cbd26e7e6c1bbbc5a2d18d5302aa55ed45,https://cdn.pokedb.org/d93fb90bdc2ee50ccb8f262d9e69f5cbd26e7e6c1bbbc5a2d18d5302aa55ed45w20h20,scarlet-violet
tera-orb,https://cdn.pokedb.org/67eb14b18d3871081202f3fbb40e63140625aa732b18aa478d4008efa4785918,https://cdn.pokedb.org/67eb14b18d3871081202f3fbb40e63140625aa732b18aa478d4008efa4785918w20h20,scarlet-violet
terrain-extender,https://cdn.pokedb.org/88cbd0be3ce20585599a4ca5a523283484b3e3be0585277d29f6307592d0c1e5,https://cdn.pokedb.org/88cbd0be3ce20585599a4ca5a523283484b3e3be0585277d29f6307592d0c1e5w20h20,scarlet-violet
terrain-extender,https://cdn.pokedb.org/a8c5697bc4c0660cf8334c392c2284722ff7ceb0532b027c8085e92e1110cb9b,https://cdn.pokedb.org/a8c5697bc4c0660cf8334c392c2284722ff7ceb0532b027c8085e92e1110cb9bw20h20,sun-moon
terrakion-treat,https://cdn.pokedb.org/11396ecb0ac496e1454467b99bdc139e62287d80089b8eba679dc61d57b11c9c,https://cdn.pokedb.org/11396ecb0ac496e1454467b99bdc139e62287d80089b8eba679dc61d57b11c9cw20h20,the-indigo-disk
thanks-mail,https://cdn.pokedb.org/e5858d131530f7dcf26baadb850d25727592b3fbd5793e59e2aeff38478c5b3f,https://cdn.pokedb.org/e5858d131530f7dcf26baadb850d25727592b3fbd5793e59e2aeff38478c5b3fw20h20,black-white
thick-club,https://cdn.pokedb.org/6fbdd55cbb995490133f1b23a60d58820b52cbfe9752cdd65d705df3d9efe117,https://cdn.pokedb.org/6fbdd55cbb995490133f1b23a60d58820b52cbfe9752cdd65d705df3d9efe117w20h20,brilliant-diamond-shining-pearl
thick-club,https://cdn.pokedb.org/86368322b6e8dec2ce6e7eddd020032adc812451ace242f08fe3a53349479055,https://cdn.pokedb.org/86368322b6e8dec2ce6e7eddd020032adc812451ace242f08fe3a53349479055w20h20,firered-leafgreen
throat-spray,https://cdn.pokedb.org/281d39e81a45662e09b5ea33ceccbdf4ce68382df87bf4f1cfa88a4ab21e5dcc,https://cdn.pokedb.org/281d39e81a45662e09b5ea33ceccbdf4ce68382df87bf4f1cfa88a4ab21e5dccw20h20,sword-shield
throat-spray,https://cdn.pokedb.org/7645113d1080a5ce73ed5a2554e5bd1a247bf89a24b7aa7888763b2b6feecb75,https://cdn.pokedb.org/7645113d1080a5ce73ed5a2554e5bd1a247bf89a24b7aa7888763b2b6feecb75w20h20,scarlet-violet
thunder-stone,https://cdn.pokedb.org/6abccd70473fc0818ed3532dba7b68a1b87006afc0f7e5fb6c7ce528f06bb946,https://cdn.pokedb.org/6abccd70473fc0818ed3532dba7b68a1b87006afc0f7e5fb6c7ce528f06bb946w20h20,legends-arceus
thunder-stone,https://cdn.pokedb.org/c64cc6584539e36f1e5d9b9279e58937ad9026f3105a1422f5086c15b735d2f7,https://cdn.pokedb.org/c64cc6584539e36f1e5d9b9279e58937ad9026f3105a1422f5086c15b735d2f7w20h20,scarlet-violet
thunder-stone,https://cdn.pokedb.org/f58c524bffd2d2b12eb9a971fbabc24efaf01e4756ff356ecb4975a5b282d7b6,https://cdn.pokedb.org/f58c524bffd2d2b12eb9a971fbabc24efaf01e4756ff356ecb4975a5b282d7b6w20h20,firered-leafgreen
tidal-bell,https://cdn.pokedb.org/a4d2eb67559df416e6bfc515d38e8f32669d7e434a39a4e7a482eb36a2d2611a,https://cdn.pokedb.org/a4d2eb67559df416e6bfc515d38e8f32669d7e434a39a4e7a482eb36a2d2611aw20h20,heartgold-soulsilver
timburr-sweat,https://cdn.pokedb.org/d93fb90bdc2ee50ccb8f262d9e69f5cbd26e7e6c1bbbc5a2d18d5302aa55ed45,https://cdn.pokedb.org/d93fb90bdc2ee50ccb8f262d9e69f5cbd26e7e6c1bbbc5a2d18d5302aa55ed45w20h20,scarlet-violet
timer-ball,https://cdn.pokedb.org/aec005d6536b39bd95101fa16b7aa03ce76a9de47047bd6123d3992f33ac45cd,https://cdn.pokedb.org/aec005d6536b39bd95101fa16b7aa03ce76a9de47047bd6123d3992f33ac45cdw20h20,scarlet-violet
timer-ball,https://cdn.pokedb.org/de8e6719b6d3fd09c0214735fa01186338913f3ada59f1b2d2bdfcc1fc529948,https://cdn.pokedb.org/de8e6719b6d3fd09c0214735fa01186338913f3ada59f1b2d2bdfcc1fc529948w20h20,home
timer-ball,https://cdn.pokedb.org/1254c906edb1368329b9b108236ad4574037867a207203e24eb7c737f44da696,https://cdn.pokedb.org/1254c906edb1368329b9b108236ad4574037867a207203e24eb7c737f44da696w20h20,brilliant-diamond-shining-pearl
timer-ball,https://cdn.pokedb.org/3df7357107459ca66dde22bc8df2536a4016b4714d8393b06105fa5251a3be07,https://cdn.pokedb.org/3df7357107459ca66dde22bc8df2536a4016b4714d8393b06105fa5251a3be07w20h20,firered-leafgreen
timid-mint,https://cdn.pokedb.org/6ba3c5fbae9f2d4417020712160626bb64973c203e613c3d87971dbac14fcb61,https://cdn.pokedb.org/6ba3c5fbae9f2d4417020712160626bb64973c203e613c3d87971dbac14fcb61w20h20,legends-arceus
timid-mint,https://cdn.pokedb.org/0da2904350f6b3a697aa07a449e5b7640b0500016b55c9f58db6c428d5db97ed,https://cdn.pokedb.org/0da2904350f6b3a697aa07a449e5b7640b0500016b55c9f58db6c428d5db97edw20h20,scarlet-violet
timid-mint,https://cdn.pokedb.org/0b56ee5f4f6b7d15dbe44ab41e6f9d409e11b4da0fcd61477eb84641b8e91632,https://cdn.pokedb.org/0b56ee5f4f6b7d15dbe44ab41e6f9d409e11b4da0fcd61477eb84641b8e91632w20h20,brilliant-diamond-shining-pearl
tin-of-beans,https://cdn.pokedb.org/defcf44d1b6eb2a6ab990b48a022d78cf87f09b34c385e20917b73dfa268bb68,https://cdn.pokedb.org/defcf44d1b6eb2a6ab990b48a022d78cf87f09b34c385e20917b73dfa268bb68w20h20,sword-shield
tinkatink-hair,https://cdn.pokedb.org/d93fb90bdc2ee50ccb8f262d9e69f5cbd26e7e6c1bbbc5a2d18d5302aa55ed45,https://cdn.pokedb.org/d93fb90bdc2ee50ccb8f262d9e69f5cbd26e7e6c1bbbc5a2d18d5302aa55ed45w20h20,scarlet-violet
tiny-bamboo-shoot,https://cdn.pokedb.org/55541b5e88ba0d74b05895e4452fd3a9223b778a4298720eb124699231874df3,https://cdn.pokedb.org/55541b5e88ba0d74b05895e4452fd3a9223b778a4298720eb124699231874df3w20h20,scarlet-violet
tiny-mushroom,https://cdn.pokedb.org/fea2fb4d41773adeb72bd1b63d6e0e097ebf1c1e8c3b8fc23de2d8822f7f548f,https://cdn.pokedb.org/fea2fb4d41773adeb72bd1b63d6e0e097ebf1c1e8c3b8fc23de2d8822f7f548fw20h20,firered-leafgreen
tiny-mushroom,https://cdn.pokedb.org/353b7ab79914ccc21f2f3df334bb3af908fe816291c271637b257389b334360e,https://cdn.pokedb.org/353b7ab79914ccc21f2f3df334bb3af908fe816291c271637b257389b334360ew20h20,scarlet-violet
tiny-mushroom,https://cdn.pokedb.org/f7ca7e272d1e4390d7a1c719b11728abdaa6688b649c495b981d58bf52ec723d,https://cdn.pokedb.org/f7ca7e272d1e4390d7a1c719b11728abdaa6688b649c495b981d58bf52ec723dw20h20,brilliant-diamond-shining-pearl
tm-case,https://cdn.pokedb.org/f191e66b3d64a36147062eb66372460bc075ca7a7b41799c709f230a04186fa7,https://cdn.pokedb.org/f191e66b3d64a36147062eb66372460bc075ca7a7b41799c709f230a04186fa7w20h20,lets-go-pikachu-lets-go-eevee
tm-case,https://cdn.pokedb.org/8458f4c86915d92beb537431ef88d4aab84351644bdc2733bb0f1220d8b571f0,https://cdn.pokedb.org/8458f4c86915d92beb537431ef88d4aab84351644bdc2733bb0f1220d8b571f0w20h20,firered-leafgreen
tm00,https://cdn.pokedb.org/eb6a747341b654930bfc8f80ecaea82de87144faecfd38e3a5e60d7d6a50559f,https://cdn.pokedb.org/eb6a747341b654930bfc8f80ecaea82de87144faecfd38e3a5e60d7d6a50559fw20h20,scarlet-violet
tm001,https://cdn.pokedb.org/eb6a747341b654930bfc8f80ecaea82de87144faecfd38e3a5e60d7d6a50559f,https://cdn.pokedb.org/eb6a747341b654930bfc8f80ecaea82de87144faecfd38e3a5e60d7d6a50559fw20h20,scarlet-violet
tm002,https://cdn.pokedb.org/eb6a747341b654930bfc8f80ecaea82de87144faecfd38e3a5e60d7d6a50559f,https://cdn.pokedb.org/eb6a747341b654930bfc8f80ecaea82de87144faecfd38e3a5e60d7d6a50559fw20h20,scarlet-violet
tm003,https://cdn.pokedb.org/eb6a747341b654930bfc8f80ecaea82de87144faecfd38e3a5e60d7d6a50559f,https://cdn.pokedb.org/eb6a747341b654930bfc8f80ecaea82de87144faecfd38e3a5e60d7d6a50559fw20h20,scarlet-violet
tm004,https://cdn.pokedb.org/eb6a747341b654930bfc8f80ecaea82de87144faecfd38e3a5e60d7d6a50559f,https://cdn.pokedb.org/eb6a747341b654930bfc8f80ecaea82de87144faecfd38e3a5e60d7d6a50559fw20h20,scarlet-violet
tm005,https://cdn.pokedb.org/eb6a747341b654930bfc8f80ecaea82de87144faecfd38e3a5e60d7d6a50559f,https://cdn.pokedb.org/eb6a747341b654930bfc8f80ecaea82de87144faecfd38e3a5e60d7d6a50559fw20h20,scarlet-violet
tm006,https://cdn.pokedb.org/eb6a747341b654930bfc8f80ecaea82de87144faecfd38e3a5e60d7d6a50559f,https://cdn.pokedb.org/eb6a747341b654930bfc8f80ecaea82de87144faecfd38e3a5e60d7d6a50559fw20h20,scarlet-violet
tm007,https://cdn.pokedb.org/eb6a747341b654930bfc8f80ecaea82de87144faecfd38e3a5e60d7d6a50559f,https://cdn.pokedb.org/eb6a747341b654930bfc8f80ecaea82de87144faecfd38e3a5e60d7d6a50559fw20h20,scarlet-violet
tm008,https://cdn.pokedb.org/eb6a747341b654930bfc8f80ecaea82de87144faecfd38e3a5e60d7d6a50559f,https://cdn.pokedb.org/eb6a747341b654930bfc8f80ecaea82de87144faecfd38e3a5e60d7d6a50559fw20h20,scarlet-violet
tm009,https://cdn.pokedb.org/eb6a747341b654930bfc8f80ecaea82de87144faecfd38e3a5e60d7d6a50559f,https://cdn.pokedb.org/eb6a747341b654930bfc8f80ecaea82de87144faecfd38e3a5e60d7d6a50559fw20h20,scarlet-violet
tm011,https://cdn.pokedb.org/eb6a747341b654930bfc8f80ecaea82de87144faecfd38e3a5e60d7d6a50559f,https://cdn.pokedb.org/eb6a747341b654930bfc8f80ecaea82de87144faecfd38e3a5e60d7d6a50559fw20h20,scarlet-violet
tm012,https://cdn.pokedb.org/eb6a747341b654930bfc8f80ecaea82de87144faecfd38e3a5e60d7d6a50559f,https://cdn.pokedb.org/eb6a747341b654930bfc8f80ecaea82de87144faecfd38e3a5e60d7d6a50559fw20h20,scarlet-violet
tm013,https://cdn.pokedb.org/eb6a747341b654930bfc8f80ecaea82de87144faecfd38e3a5e60d7d6a50559f,https://cdn.pokedb.org/eb6a747341b654930bfc8f80ecaea82de87144faecfd38e3a5e60d7d6a50559fw20h20,scarlet-violet
tm014,https://cdn.pokedb.org/eb6a747341b654930bfc8f80ecaea82de87144faecfd38e3a5e60d7d6a50559f,https://cdn.pokedb.org/eb6a747341b654930bfc8f80ecaea82de87144faecfd38e3a5e60d7d6a50559fw20h20,scarlet-violet
tm015,https://cdn.pokedb.org/eb6a747341b654930bfc8f80ecaea82de87144faecfd38e3a5e60d7d6a50559f,https://cdn.pokedb.org/eb6a747341b654930bfc8f80ecaea82de87144faecfd38e3a5e60d7d6a50559fw20h20,scarlet-violet
tm016,https://cdn.pokedb.org/eb6a747341b654930bfc8f80ecaea82de87144faecfd38e3a5e60d7d6a50559f,https://cdn.pokedb.org/eb6a747341b654930bfc8f80ecaea82de87144faecfd38e3a5e60d7d6a50559fw20h20,scarlet-violet
tm017,https://cdn.pokedb.org/eb6a747341b654930bfc8f80ecaea82de87144faecfd38e3a5e60d7d6a50559f,https://cdn.pokedb.org/eb6a747341b654930bfc8f80ecaea82de87144faecfd38e3a5e60d7d6a50559fw20h20,scarlet-violet
tm018,https://cdn.pokedb.org/eb6a747341b654930bfc8f80ecaea82de87144faecfd38e3a5e60d7d6a50559f,https://cdn.pokedb.org/eb6a747341b654930bfc8f80ecaea82de87144faecfd38e3a5e60d7d6a50559fw20h20,scarlet-violet
tm019,https://cdn.pokedb.org/eb6a747341b654930bfc8f80ecaea82de87144faecfd38e3a5e60d7d6a50559f,https://cdn.pokedb.org/eb6a747341b654930bfc8f80ecaea82de87144faecfd38e3a5e60d7d6a50559fw20h20,scarlet-violet
tm020,https://cdn.pokedb.org/eb6a747341b654930bfc8f80ecaea82de87144faecfd38e3a5e60d7d6a50559f,https://cdn.pokedb.org/eb6a747341b654930bfc8f80ecaea82de87144faecfd38e3a5e60d7d6a50559fw20h20,scarlet-violet
tm021,https://cdn.pokedb.org/eb6a747341b654930bfc8f80ecaea82de87144faecfd38e3a5e60d7d6a50559f,https://cdn.pokedb.org/eb6a747341b654930bfc8f80ecaea82de87144faecfd38e3a5e60d7d6a50559fw20h20,scarlet-violet
tm022,https://cdn.pokedb.org/eb6a747341b654930bfc8f80ecaea82de87144faecfd38e3a5e60d7d6a50559f,https://cdn.pokedb.org/eb6a747341b654930bfc8f80ecaea82de87144faecfd38e3a5e60d7d6a50559fw20h20,scarlet-violet
tm023,https://cdn.pokedb.org/eb6a747341b654930bfc8f80ecaea82de87144faecfd38e3a5e60d7d6a50559f,https://cdn.pokedb.org/eb6a747341b654930bfc8f80ecaea82de87144faecfd38e3a5e60d7d6a50559fw20h20,scarlet-violet
tm024,https://cdn.pokedb.org/eb6a747341b654930bfc8f80ecaea82de87144faecfd38e3a5e60d7d6a50559f,https://cdn.pokedb.org/eb6a747341b654930bfc8f80ecaea82de87144faecfd38e3a5e60d7d6a50559fw20h20,scarlet-violet
tm025,https://cdn.pokedb.org/eb6a747341b654930bfc8f80ecaea82de87144faecfd38e3a5e60d7d6a50559f,https://cdn.pokedb.org/eb6a747341b654930bfc8f80ecaea82de87144faecfd38e3a5e60d7d6a50559fw20h20,scarlet-violet
tm026,https://cdn.pokedb.org/eb6a747341b654930bfc8f80ecaea82de87144faecfd38e3a5e60d7d6a50559f,https://cdn.pokedb.org/eb6a747341b654930bfc8f80ecaea82de87144faecfd38e3a5e60d7d6a50559fw20h20,scarlet-violet
tm027,https://cdn.pokedb.org/eb6a747341b654930bfc8f80ecaea82de87144faecfd38e3a5e60d7d6a50559f,https://cdn.pokedb.org/eb6a747341b654930bfc8f80ecaea82de87144faecfd38e3a5e60d7d6a50559fw20h20,scarlet-violet
tm028,https://cdn.pokedb.org/eb6a747341b654930bfc8f80ecaea82de87144faecfd38e3a5e60d7d6a50559f,https://cdn.pokedb.org/eb6a747341b654930bfc8f80ecaea82de87144faecfd38e3a5e60d7d6a50559fw20h20,scarlet-violet
tm029,https://cdn.pokedb.org/eb6a747341b654930bfc8f80ecaea82de87144faecfd38e3a5e60d7d6a50559f,https://cdn.pokedb.org/eb6a747341b654930bfc8f80ecaea82de87144faecfd38e3a5e60d7d6a50559fw20h20,scarlet-violet
tm030,https://cdn.pokedb.org/eb6a747341b654930bfc8f80ecaea82de87144faecfd38e3a5e60d7d6a50559f,https://cdn.pokedb.org/eb6a747341b654930bfc8f80ecaea82de87144faecfd38e3a5e60d7d6a50559fw20h20,scarlet-violet
tm031,https://cdn.pokedb.org/eb6a747341b654930bfc8f80ecaea82de87144faecfd38e3a5e60d7d6a50559f,https://cdn.pokedb.org/eb6a747341b654930bfc8f80ecaea82de87144faecfd38e3a5e60d7d6a50559fw20h20,scarlet-violet
tm032,https://cdn.pokedb.org/eb6a747341b654930bfc8f80ecaea82de87144faecfd38e3a5e60d7d6a50559f,https://cdn.pokedb.org/eb6a747341b654930bfc8f80ecaea82de87144faecfd38e3a5e60d7d6a50559fw20h20,scarlet-violet
tm033,https://cdn.pokedb.org/eb6a747341b654930bfc8f80ecaea82de87144faecfd38e3a5e60d7d6a50559f,https://cdn.pokedb.org/eb6a747341b654930bfc8f80ecaea82de87144faecfd38e3a5e60d7d6a50559fw20h20,scarlet-violet
tm034,https://cdn.pokedb.org/eb6a747341b654930bfc8f80ecaea82de87144faecfd38e3a5e60d7d6a50559f,https://cdn.pokedb.org/eb6a747341b654930bfc8f80ecaea82de87144faecfd38e3a5e60d7d6a50559fw20h20,scarlet-violet
tm035,https://cdn.pokedb.org/eb6a747341b654930bfc8f80ecaea82de87144faecfd38e3a5e60d7d6a50559f,https://cdn.pokedb.org/eb6a747341b654930bfc8f80ecaea82de87144faecfd38e3a5e60d7d6a50559fw20h20,scarlet-violet
tm036,https://cdn.pokedb.org/eb6a747341b654930bfc8f80ecaea82de87144faecfd38e3a5e60d7d6a50559f,https://cdn.pokedb.org/eb6a747341b654930bfc8f80ecaea82de87144faecfd38e3a5e60d7d6a50559fw20h20,scarlet-violet
tm037,https://cdn.pokedb.org/eb6a747341b654930bfc8f80ecaea82de87144faecfd38e3a5e60d7d6a50559f,https://cdn.pokedb.org/eb6a747341b654930bfc8f80ecaea82de87144faecfd38e3a5e60d7d6a50559fw20h20,scarlet-violet
tm038,https://cdn.pokedb.org/eb6a747341b654930bfc8f80ecaea82de87144faecfd38e3a5e60d7d6a50559f,https://cdn.pokedb.org/eb6a747341b654930bfc8f80ecaea82de87144faecfd38e3a5e60d7d6a50559fw20h20,scarlet-violet
tm039,https://cdn.pokedb.org/eb6a747341b654930bfc8f80ecaea82de87144faecfd38e3a5e60d7d6a50559f,https://cdn.pokedb.org/eb6a747341b654930bfc8f80ecaea82de87144faecfd38e3a5e60d7d6a50559fw20h20,scarlet-violet
tm040,https://cdn.pokedb.org/eb6a747341b654930bfc8f80ecaea82de87144faecfd38e3a5e60d7d6a50559f,https://cdn.pokedb.org/eb6a747341b654930bfc8f80ecaea82de87144faecfd38e3a5e60d7d6a50559fw20h20,scarlet-violet
tm041,https://cdn.pokedb.org/eb6a747341b654930bfc8f80ecaea82de87144faecfd38e3a5e60d7d6a50559f,https://cdn.pokedb.org/eb6a747341b654930bfc8f80ecaea82de87144faecfd38e3a5e60d7d6a50559fw20h20,scarlet-violet
tm042,https://cdn.pokedb.org/eb6a747341b654930bfc8f80ecaea82de87144faecfd38e3a5e60d7d6a50559f,https://cdn.pokedb.org/eb6a747341b654930bfc8f80ecaea82de87144faecfd38e3a5e60d7d6a50559fw20h20,scarlet-violet
tm043,https://cdn.pokedb.org/eb6a747341b654930bfc8f80ecaea82de87144faecfd38e3a5e60d7d6a50559f,https://cdn.pokedb.org/eb6a747341b654930bfc8f80ecaea82de87144faecfd38e3a5e60d7d6a50559fw20h20,scarlet-violet
tm044,https://cdn.pokedb.org/eb6a747341b654930bfc8f80ecaea82de87144faecfd38e3a5e60d7d6a50559f,https://cdn.pokedb.org/eb6a747341b654930bfc8f80ecaea82de87144faecfd38e3a5e60d7d6a50559fw20h20,scarlet-violet
tm045,https://cdn.pokedb.org/eb6a747341b654930bfc8f80ecaea82de87144faecfd38e3a5e60d7d6a50559f,https://cdn.pokedb.org/eb6a747341b654930bfc8f80ecaea82de87144faecfd38e3a5e60d7d6a50559fw20h20,scarlet-violet
tm046,https://cdn.pokedb.org/eb6a747341b654930bfc8f80ecaea82de87144faecfd38e3a5e60d7d6a50559f,https://cdn.pokedb.org/eb6a747341b654930bfc8f80ecaea82de87144faecfd38e3a5e60d7d6a50559fw20h20,scarlet-violet
tm047,https://cdn.pokedb.org/eb6a747341b654930bfc8f80ecaea82de87144faecfd38e3a5e60d7d6a50559f,https://cdn.pokedb.org/eb6a747341b654930bfc8f80ecaea82de87144faecfd38e3a5e60d7d6a50559fw20h20,scarlet-violet
tm048,https://cdn.pokedb.org/eb6a747341b654930bfc8f80ecaea82de87144faecfd38e3a5e60d7d6a50559f,https://cdn.pokedb.org/eb6a747341b654930bfc8f80ecaea82de87144faecfd38e3a5e60d7d6a50559fw20h20,scarlet-violet
tm049,https://cdn.pokedb.org/eb6a747341b654930bfc8f80ecaea82de87144faecfd38e3a5e60d7d6a50559f,https://cdn.pokedb.org/eb6a747341b654930bfc8f80ecaea82de87144faecfd38e3a5e60d7d6a50559fw20h20,scarlet-violet
tm050,https://cdn.pokedb.org/eb6a747341b654930bfc8f80ecaea82de87144faecfd38e3a5e60d7d6a50559f,https://cdn.pokedb.org/eb6a747341b654930bfc8f80ecaea82de87144faecfd38e3a5e60d7d6a50559fw20h20,scarlet-violet
tm051,https://cdn.pokedb.org/eb6a747341b654930bfc8f80ecaea82de87144faecfd38e3a5e60d7d6a50559f,https://cdn.pokedb.org/eb6a747341b654930bfc8f80ecaea82de87144faecfd38e3a5e60d7d6a50559fw20h20,scarlet-violet
tm052,https://cdn.pokedb.org/eb6a747341b654930bfc8f80ecaea82de87144faecfd38e3a5e60d7d6a50559f,https://cdn.pokedb.org/eb6a747341b654930bfc8f80ecaea82de87144faecfd38e3a5e60d7d6a50559fw20h20,scarlet-violet
tm053,https://cdn.pokedb.org/eb6a747341b654930bfc8f80ecaea82de87144faecfd38e3a5e60d7d6a50559f,https://cdn.pokedb.org/eb6a747341b654930bfc8f80ecaea82de87144faecfd38e3a5e60d7d6a50559fw20h20,scarlet-violet
tm054,https://cdn.pokedb.org/eb6a747341b654930bfc8f80ecaea82de87144faecfd38e3a5e60d7d6a50559f,https://cdn.pokedb.org/eb6a747341b654930bfc8f80ecaea82de87144faecfd38e3a5e60d7d6a50559fw20h20,scarlet-violet
tm055,https://cdn.pokedb.org/eb6a747341b654930bfc8f80ecaea82de87144faecfd38e3a5e60d7d6a50559f,https://cdn.pokedb.org/eb6a747341b654930bfc8f80ecaea82de87144faecfd38e3a5e60d7d6a50559fw20h20,scarlet-violet
tm056,https://cdn.pokedb.org/eb6a747341b654930bfc8f80ecaea82de87144faecfd38e3a5e60d7d6a50559f,https://cdn.pokedb.org/eb6a747341b654930bfc8f80ecaea82de87144faecfd38e3a5e60d7d6a50559fw20h20,scarlet-violet
tm057,https://cdn.pokedb.org/eb6a747341b654930bfc8f80ecaea82de87144faecfd38e3a5e60d7d6a50559f,https://cdn.pokedb.org/eb6a747341b654930bfc8f80ecaea82de87144faecfd38e3a5e60d7d6a50559fw20h20,scarlet-violet
tm058,https://cdn.pokedb.org/eb6a747341b654930bfc8f80ecaea82de87144faecfd38e3a5e60d7d6a50559f,https://cdn.pokedb.org/eb6a747341b654930bfc8f80ecaea82de87144faecfd38e3a5e60d7d6a50559fw20h20,scarlet-violet
tm059,https://cdn.pokedb.org/eb6a747341b654930bfc8f80ecaea82de87144faecfd38e3a5e60d7d6a50559f,https://cdn.pokedb.org/eb6a747341b654930bfc8f80ecaea82de87144faecfd38e3a5e60d7d6a50559fw20h20,scarlet-violet
tm060,https://cdn.pokedb.org/eb6a747341b654930bfc8f80ecaea82de87144faecfd38e3a5e60d7d6a50559f,https://cdn.pokedb.org/eb6a747341b654930bfc8f80ecaea82de87144faecfd38e3a5e60d7d6a50559fw20h20,scarlet-violet
tm061,https://cdn.pokedb.org/eb6a747341b654930bfc8f80ecaea82de87144faecfd38e3a5e60d7d6a50559f,https://cdn.pokedb.org/eb6a747341b654930bfc8f80ecaea82de87144faecfd38e3a5e60d7d6a50559fw20h20,scarlet-violet
tm062,https://cdn.pokedb.org/eb6a747341b654930bfc8f80ecaea82de87144faecfd38e3a5e60d7d6a50559f,https://cdn.pokedb.org/eb6a747341b654930bfc8f80ecaea82de87144faecfd38e3a5e60d7d6a50559fw20h20,scarlet-violet
tm063,https://cdn.pokedb.org/eb6a747341b654930bfc8f80ecaea82de87144faecfd38e3a5e60d7d6a50559f,https://cdn.pokedb.org/eb6a747341b654930bfc8f80ecaea82de87144faecfd38e3a5e60d7d6a50559fw20h20,scarlet-violet
tm064,https://cdn.pokedb.org/eb6a747341b654930bfc8f80ecaea82de87144faecfd38e3a5e60d7d6a50559f,https://cdn.pokedb.org/eb6a747341b654930bfc8f80ecaea82de87144faecfd38e3a5e60d7d6a50559fw20h20,scarlet-violet
tm065,https://cdn.pokedb.org/eb6a747341b654930bfc8f80ecaea82de87144faecfd38e3a5e60d7d6a50559f,https://cdn.pokedb.org/eb6a747341b654930bfc8f80ecaea82de87144faecfd38e3a5e60d7d6a50559fw20h20,scarlet-violet
tm066,https://cdn.pokedb.org/eb6a747341b654930bfc8f80ecaea82de87144faecfd38e3a5e60d7d6a50559f,https://cdn.pokedb.org/eb6a747341b654930bfc8f80ecaea82de87144faecfd38e3a5e60d7d6a50559fw20h20,scarlet-violet
tm067,https://cdn.pokedb.org/eb6a747341b654930bfc8f80ecaea82de87144faecfd38e3a5e60d7d6a50559f,https://cdn.pokedb.org/eb6a747341b654930bfc8f80ecaea82de87144faecfd38e3a5e60d7d6a50559fw20h20,scarlet-violet
tm068,https://cdn.pokedb.org/eb6a747341b654930bfc8f80ecaea82de87144faecfd38e3a5e60d7d6a50559f,https://cdn.pokedb.org/eb6a747341b654930bfc8f80ecaea82de87144faecfd38e3a5e60d7d6a50559fw20h20,scarlet-violet
tm069,https://cdn.pokedb.org/eb6a747341b654930bfc8f80ecaea82de87144faecfd38e3a5e60d7d6a50559f,https://cdn.pokedb.org/eb6a747341b654930bfc8f80ecaea82de87144faecfd38e3a5e60d7d6a50559fw20h20,scarlet-violet
tm070,https://cdn.pokedb.org/eb6a747341b654930bfc8f80ecaea82de87144faecfd38e3a5e60d7d6a50559f,https://cdn.pokedb.org/eb6a747341b654930bfc8f80ecaea82de87144faecfd38e3a5e60d7d6a50559fw20h20,scarlet-violet
tm071,https://cdn.pokedb.org/eb6a747341b654930bfc8f80ecaea82de87144faecfd38e3a5e60d7d6a50559f,https://cdn.pokedb.org/eb6a747341b654930bfc8f80ecaea82de87144faecfd38e3a5e60d7d6a50559fw20h20,scarlet-violet
tm072,https://cdn.pokedb.org/eb6a747341b654930bfc8f80ecaea82de87144faecfd38e3a5e60d7d6a50559f,https://cdn.pokedb.org/eb6a747341b654930bfc8f80ecaea82de87144faecfd38e3a5e60d7d6a50559fw20h20,scarlet-violet
tm073,https://cdn.pokedb.org/eb6a747341b654930bfc8f80ecaea82de87144faecfd38e3a5e60d7d6a50559f,https://cdn.pokedb.org/eb6a747341b654930bfc8f80ecaea82de87144faecfd38e3a5e60d7d6a50559fw20h20,scarlet-violet
tm074,https://cdn.pokedb.org/eb6a747341b654930bfc8f80ecaea82de87144faecfd38e3a5e60d7d6a50559f,https://cdn.pokedb.org/eb6a747341b654930bfc8f80ecaea82de87144faecfd38e3a5e60d7d6a50559fw20h20,scarlet-violet
tm075,https://cdn.pokedb.org/eb6a747341b654930bfc8f80ecaea82de87144faecfd38e3a5e60d7d6a50559f,https://cdn.pokedb.org/eb6a747341b654930bfc8f80ecaea82de87144faecfd38e3a5e60d7d6a50559fw20h20,scarlet-violet
tm076,https://cdn.pokedb.org/eb6a747341b654930bfc8f80ecaea82de87144faecfd38e3a5e60d7d6a50559f,https://cdn.pokedb.org/eb6a747341b654930bfc8f80ecaea82de87144faecfd38e3a5e60d7d6a50559fw20h20,scarlet-violet
tm077,https://cdn.pokedb.org/eb6a747341b654930bfc8f80ecaea82de87144faecfd38e3a5e60d7d6a50559f,https://cdn.pokedb.org/eb6a747341b654930bfc8f80ecaea82de87144faecfd38e3a5e60d7d6a50559fw20h20,scarlet-violet
tm078,https://cdn.pokedb.org/eb6a747341b654930bfc8f80ecaea82de87144faecfd38e3a5e60d7d6a50559f,https://cdn.pokedb.org/eb6a747341b654930bfc8f80ecaea82de87144faecfd38e3a5e60d7d6a50559fw20h20,scarlet-violet
tm079,https://cdn.pokedb.org/eb6a747341b654930bfc8f80ecaea82de87144faecfd38e3a5e60d7d6a50559f,https://cdn.pokedb.org/eb6a747341b654930bfc8f80ecaea82de87144faecfd38e3a5e60d7d6a50559fw20h20,scarlet-violet
tm080,https://cdn.pokedb.org/eb6a747341b654930bfc8f80ecaea82de87144faecfd38e3a5e60d7d6a50559f,https://cdn.pokedb.org/eb6a747341b654930bfc8f80ecaea82de87144faecfd38e3a5e60d7d6a50559fw20h20,scarlet-violet
tm081,https://cdn.pokedb.org/eb6a747341b654930bfc8f80ecaea82de87144faecfd38e3a5e60d7d6a50559f,https://cdn.pokedb.org/eb6a747341b654930bfc8f80ecaea82de87144faecfd38e3a5e60d7d6a50559fw20h20,scarlet-violet
tm082,https://cdn.pokedb.org/eb6a747341b654930bfc8f80ecaea82de87144faecfd38e3a5e60d7d6a50559f,https://cdn.pokedb.org/eb6a747341b654930bfc8f80ecaea82de87144faecfd38e3a5e60d7d6a50559fw20h20,scarlet-violet
tm083,https://cdn.pokedb.org/eb6a747341b654930bfc8f80ecaea82de87144faecfd38e3a5e60d7d6a50559f,https://cdn.pokedb.org/eb6a747341b654930bfc8f80ecaea82de87144faecfd38e3a5e60d7d6a50559fw20h20,scarlet-violet
tm084,https://cdn.pokedb.org/eb6a747341b654930bfc8f80ecaea82de87144faecfd38e3a5e60d7d6a50559f,https://cdn.pokedb.org/eb6a747341b654930bfc8f80ecaea82de87144faecfd38e3a5e60d7d6a50559fw20h20,scarlet-violet
tm085,https://cdn.pokedb.org/eb6a747341b654930bfc8f80ecaea82de87144faecfd38e3a5e60d7d6a50559f,https://cdn.pokedb.org/eb6a747341b654930bfc8f80ecaea82de87144faecfd38e3a5e60d7d6a50559fw20h20,scarlet-violet
tm086,https://cdn.pokedb.org/eb6a747341b654930bfc8f80ecaea82de87144faecfd38e3a5e60d7d6a50559f,https://cdn.pokedb.org/eb6a747341b654930bfc8f80ecaea82de87144faecfd38e3a5e60d7d6a50559fw20h20,scarlet-violet
tm087,https://cdn.pokedb.org/eb6a747341b654930bfc8f80ecaea82de87144faecfd38e3a5e60d7d6a50559f,https://cdn.pokedb.org/eb6a747341b654930bfc8f80ecaea82de87144faecfd38e3a5e60d7d6a50559fw20h20,scarlet-violet
tm088,https://cdn.pokedb.org/eb6a747341b654930bfc8f80ecaea82de87144faecfd38e3a5e60d7d6a50559f,https://cdn.pokedb.org/eb6a747341b654930bfc8f80ecaea82de87144faecfd38e3a5e60d7d6a50559fw20h20,scarlet-violet
tm089,https://cdn.pokedb.org/eb6a747341b654930bfc8f80ecaea82de87144faecfd38e3a5e60d7d6a50559f,https://cdn.pokedb.org/eb6a747341b654930bfc8f80ecaea82de87144faecfd38e3a5e60d7d6a50559fw20h20,scarlet-violet
tm090,https://cdn.pokedb.org/eb6a747341b654930bfc8f80ecaea82de87144faecfd38e3a5e60d7d6a50559f,https://cdn.pokedb.org/eb6a747341b654930bfc8f80ecaea82de87144faecfd38e3a5e60d7d6a50559fw20h20,scarlet-violet
tm091,https://cdn.pokedb.org/eb6a747341b654930bfc8f80ecaea82de87144faecfd38e3a5e60d7d6a50559f,https://cdn.pokedb.org/eb6a747341b654930bfc8f80ecaea82de87144faecfd38e3a5e60d7d6a50559fw20h20,scarlet-violet
tm092,https://cdn.pokedb.org/eb6a747341b654930bfc8f80ecaea82de87144faecfd38e3a5e60d7d6a50559f,https://cdn.pokedb.org/eb6a747341b654930bfc8f80ecaea82de87144faecfd38e3a5e60d7d6a50559fw20h20,scarlet-violet
tm093,https://cdn.pokedb.org/eb6a747341b654930bfc8f80ecaea82de87144faecfd38e3a5e60d7d6a50559f,https://cdn.pokedb.org/eb6a747341b654930bfc8f80ecaea82de87144faecfd38e3a5e60d7d6a50559fw20h20,scarlet-violet
tm094,https://cdn.pokedb.org/eb6a747341b654930bfc8f80ecaea82de87144faecfd38e3a5e60d7d6a50559f,https://cdn.pokedb.org/eb6a747341b654930bfc8f80ecaea82de87144faecfd38e3a5e60d7d6a50559fw20h20,scarlet-violet
tm095,https://cdn.pokedb.org/eb6a747341b654930bfc8f80ecaea82de87144faecfd38e3a5e60d7d6a50559f,https://cdn.pokedb.org/eb6a747341b654930bfc8f80ecaea82de87144faecfd38e3a5e60d7d6a50559fw20h20,scarlet-violet
tm096,https://cdn.pokedb.org/eb6a747341b654930bfc8f80ecaea82de87144faecfd38e3a5e60d7d6a50559f,https://cdn.pokedb.org/eb6a747341b654930bfc8f80ecaea82de87144faecfd38e3a5e60d7d6a50559fw20h20,scarlet-violet
tm097,https://cdn.pokedb.org/eb6a747341b654930bfc8f80ecaea82de87144faecfd38e3a5e60d7d6a50559f,https://cdn.pokedb.org/eb6a747341b654930bfc8f80ecaea82de87144faecfd38e3a5e60d7d6a50559fw20h20,scarlet-violet
tm098,https://cdn.pokedb.org/eb6a747341b654930bfc8f80ecaea82de87144faecfd38e3a5e60d7d6a50559f,https://cdn.pokedb.org/eb6a747341b654930bfc8f80ecaea82de87144faecfd38e3a5e60d7d6a50559fw20h20,scarlet-violet
tm099,https://cdn.pokedb.org/eb6a747341b654930bfc8f80ecaea82de87144faecfd38e3a5e60d7d6a50559f,https://cdn.pokedb.org/eb6a747341b654930bfc8f80ecaea82de87144faecfd38e3a5e60d7d6a50559fw20h20,scarlet-violet
tm100,https://cdn.pokedb.org/eb6a747341b654930bfc8f80ecaea82de87144faecfd38e3a5e60d7d6a50559f,https://cdn.pokedb.org/eb6a747341b654930bfc8f80ecaea82de87144faecfd38e3a5e60d7d6a50559fw20h20,scarlet-violet
tm100,https://cdn.pokedb.org/eb6a747341b654930bfc8f80ecaea82de87144faecfd38e3a5e60d7d6a50559f,https://cdn.pokedb.org/eb6a747341b654930bfc8f80ecaea82de87144faecfd38e3a5e60d7d6a50559fw20h20,scarlet-violet
tm101,https://cdn.pokedb.org/d93fb90bdc2ee50ccb8f262d9e69f5cbd26e7e6c1bbbc5a2d18d5302aa55ed45,https://cdn.pokedb.org/d93fb90bdc2ee50ccb8f262d9e69f5cbd26e7e6c1bbbc5a2d18d5302aa55ed45w20h20,scarlet-violet
tm102,https://cdn.pokedb.org/d93fb90bdc2ee50ccb8f262d9e69f5cbd26e7e6c1bbbc5a2d18d5302aa55ed45,https://cdn.pokedb.org/d93fb90bdc2ee50ccb8f262d9e69f5cbd26e7e6c1bbbc5a2d18d5302aa55ed45w20h20,scarlet-violet
tm103,https://cdn.pokedb.org/d93fb90bdc2ee50ccb8f262d9e69f5cbd26e7e6c1bbbc5a2d18d5302aa55ed45,https://cdn.pokedb.org/d93fb90bdc2ee50ccb8f262d9e69f5cbd26e7e6c1bbbc5a2d18d5302aa55ed45w20h20,scarlet-violet
tm104,https://cdn.pokedb.org/d93fb90bdc2ee50ccb8f262d9e69f5cbd26e7e6c1bbbc5a2d18d5302aa55ed45,https://cdn.pokedb.org/d93fb90bdc2ee50ccb8f262d9e69f5cbd26e7e6c1bbbc5a2d18d5302aa55ed45w20h20,scarlet-violet
tm105,https://cdn.pokedb.org/d93fb90bdc2ee50ccb8f262d9e69f5cbd26e7e6c1bbbc5a2d18d5302aa55ed45,https://cdn.pokedb.org/d93fb90bdc2ee50ccb8f262d9e69f5cbd26e7e6c1bbbc5a2d18d5302aa55ed45w20h20,scarlet-violet
tm106,https://cdn.pokedb.org/d93fb90bdc2ee50ccb8f262d9e69f5cbd26e7e6c1bbbc5a2d18d5302aa55ed45,https://cdn.pokedb.org/d93fb90bdc2ee50ccb8f262d9e69f5cbd26e7e6c1bbbc5a2d18d5302aa55ed45w20h20,scarlet-violet
tm107,https://cdn.pokedb.org/d93fb90bdc2ee50ccb8f262d9e69f5cbd26e7e6c1bbbc5a2d18d5302aa55ed45,https://cdn.pokedb.org/d93fb90bdc2ee50ccb8f262d9e69f5cbd26e7e6c1bbbc5a2d18d5302aa55ed45w20h20,scarlet-violet
tm108,https://cdn.pokedb.org/d93fb90bdc2ee50ccb8f262d9e69f5cbd26e7e6c1bbbc5a2d18d5302aa55ed45,https://cdn.pokedb.org/d93fb90bdc2ee50ccb8f262d9e69f5cbd26e7e6c1bbbc5a2d18d5302aa55ed45w20h20,scarlet-violet
tm109,https://cdn.pokedb.org/d93fb90bdc2ee50ccb8f262d9e69f5cbd26e7e6c1bbbc5a2d18d5302aa55ed45,https://cdn.pokedb.org/d93fb90bdc2ee50ccb8f262d9e69f5cbd26e7e6c1bbbc5a2d18d5302aa55ed45w20h20,scarlet-violet
tm110,https://cdn.pokedb.org/d93fb90bdc2ee50ccb8f262d9e69f5cbd26e7e6c1bbbc5a2d18d5302aa55ed45,https://cdn.pokedb.org/d93fb90bdc2ee50ccb8f262d9e69f5cbd26e7e6c1bbbc5a2d18d5302aa55ed45w20h20,scarlet-violet
tm111,https://cdn.pokedb.org/d93fb90bdc2ee50ccb8f262d9e69f5cbd26e7e6c1bbbc5a2d18d5302aa55ed45,https://cdn.pokedb.org/d93fb90bdc2ee50ccb8f262d9e69f5cbd26e7e6c1bbbc5a2d18d5302aa55ed45w20h20,scarlet-violet
tm112,https://cdn.pokedb.org/d93fb90bdc2ee50ccb8f262d9e69f5cbd26e7e6c1bbbc5a2d18d5302aa55ed45,https://cdn.pokedb.org/d93fb90bdc2ee50ccb8f262d9e69f5cbd26e7e6c1bbbc5a2d18d5302aa55ed45w20h20,scarlet-violet
tm113,https://cdn.pokedb.org/d93fb90bdc2ee50ccb8f262d9e69f5cbd26e7e6c1bbbc5a2d18d5302aa55ed45,https://cdn.pokedb.org/d93fb90bdc2ee50ccb8f262d9e69f5cbd26e7e6c1bbbc5a2d18d5302aa55ed45w20h20,scarlet-violet
tm114,https://cdn.pokedb.org/d93fb90bdc2ee50ccb8f262d9e69f5cbd26e7e6c1bbbc5a2d18d5302aa55ed45,https://cdn.pokedb.org/d93fb90bdc2ee50ccb8f262d9e69f5cbd26e7e6c1bbbc5a2d18d5302aa55ed45w20h20,scarlet-violet
tm115,https://cdn.pokedb.org/d93fb90bdc2ee50ccb8f262d9e69f5cbd26e7e6c1bbbc5a2d18d5302aa55ed45,https://cdn.pokedb.org/d93fb90bdc2ee50ccb8f262d9e69f5cbd26e7e6c1bbbc5a2d18d5302aa55ed45w20h20,scarlet-violet
tm116,https://cdn.pokedb.org/d93fb90bdc2ee50ccb8f262d9e69f5cbd26e7e6c1bbbc5a2d18d5302aa55ed45,https://cdn.pokedb.org/d93fb90bdc2ee50ccb8f262d9e69f5cbd26e7e6c1bbbc5a2d18d5302aa55ed45w20h20,scarlet-violet
tm117,https://cdn.pokedb.org/d93fb90bdc2ee50ccb8f262d9e69f5cbd26e7e6c1bbbc5a2d18d5302aa55ed45,https://cdn.pokedb.org/d93fb90bdc2ee50ccb8f262d9e69f5cbd26e7e6c1bbbc5a2d18d5302aa55ed45w20h20,scarlet-violet
tm118,https://cdn.pokedb.org/d93fb90bdc2ee50ccb8f262d9e69f5cbd26e7e6c1bbbc5a2d18d5302aa55ed45,https://cdn.pokedb.org/d93fb90bdc2ee50ccb8f262d9e69f5cbd26e7e6c1bbbc5a2d18d5302aa55ed45w20h20,scarlet-violet
tm119,https://cdn.pokedb.org/d93fb90bdc2ee50ccb8f262d9e69f5cbd26e7e6c1bbbc5a2d18d5302aa55ed45,https://cdn.pokedb.org/d93fb90bdc2ee50ccb8f262d9e69f5cbd26e7e6c1bbbc5a2d18d5302aa55ed45w20h20,scarlet-violet
tm120,https://cdn.pokedb.org/d93fb90bdc2ee50ccb8f262d9e69f5cbd26e7e6c1bbbc5a2d18d5302aa55ed45,https://cdn.pokedb.org/d93fb90bdc2ee50ccb8f262d9e69f5cbd26e7e6c1bbbc5a2d18d5302aa55ed45w20h20,scarlet-violet
tm121,https://cdn.pokedb.org/d93fb90bdc2ee50ccb8f262d9e69f5cbd26e7e6c1bbbc5a2d18d5302aa55ed45,https://cdn.pokedb.org/d93fb90bdc2ee50ccb8f262d9e69f5cbd26e7e6c1bbbc5a2d18d5302aa55ed45w20h20,scarlet-violet
tm122,https://cdn.pokedb.org/d93fb90bdc2ee50ccb8f262d9e69f5cbd26e7e6c1bbbc5a2d18d5302aa55ed45,https://cdn.pokedb.org/d93fb90bdc2ee50ccb8f262d9e69f5cbd26e7e6c1bbbc5a2d18d5302aa55ed45w20h20,scarlet-violet
tm123,https://cdn.pokedb.org/d93fb90bdc2ee50ccb8f262d9e69f5cbd26e7e6c1bbbc5a2d18d5302aa55ed45,https://cdn.pokedb.org/d93fb90bdc2ee50ccb8f262d9e69f5cbd26e7e6c1bbbc5a2d18d5302aa55ed45w20h20,scarlet-violet
tm124,https://cdn.pokedb.org/d93fb90bdc2ee50ccb8f262d9e69f5cbd26e7e6c1bbbc5a2d18d5302aa55ed45,https://cdn.pokedb.org/d93fb90bdc2ee50ccb8f262d9e69f5cbd26e7e6c1bbbc5a2d18d5302aa55ed45w20h20,scarlet-violet
tm125,https://cdn.pokedb.org/d93fb90bdc2ee50ccb8f262d9e69f5cbd26e7e6c1bbbc5a2d18d5302aa55ed45,https://cdn.pokedb.org/d93fb90bdc2ee50ccb8f262d9e69f5cbd26e7e6c1bbbc5a2d18d5302aa55ed45w20h20,scarlet-violet
tm126,https://cdn.pokedb.org/d93fb90bdc2ee50ccb8f262d9e69f5cbd26e7e6c1bbbc5a2d18d5302aa55ed45,https://cdn.pokedb.org/d93fb90bdc2ee50ccb8f262d9e69f5cbd26e7e6c1bbbc5a2d18d5302aa55ed45w20h20,scarlet-violet
tm127,https://cdn.pokedb.org/d93fb90bdc2ee50ccb8f262d9e69f5cbd26e7e6c1bbbc5a2d18d5302aa55ed45,https://cdn.pokedb.org/d93fb90bdc2ee50ccb8f262d9e69f5cbd26e7e6c1bbbc5a2d18d5302aa55ed45w20h20,scarlet-violet
tm128,https://cdn.pokedb.org/d93fb90bdc2ee50ccb8f262d9e69f5cbd26e7e6c1bbbc5a2d18d5302aa55ed45,https://cdn.pokedb.org/d93fb90bdc2ee50ccb8f262d9e69f5cbd26e7e6c1bbbc5a2d18d5302aa55ed45w20h20,scarlet-violet
tm129,https://cdn.pokedb.org/d93fb90bdc2ee50ccb8f262d9e69f5cbd26e7e6c1bbbc5a2d18d5302aa55ed45,https://cdn.pokedb.org/d93fb90bdc2ee50ccb8f262d9e69f5cbd26e7e6c1bbbc5a2d18d5302aa55ed45w20h20,scarlet-violet
tm130,https://cdn.pokedb.org/d93fb90bdc2ee50ccb8f262d9e69f5cbd26e7e6c1bbbc5a2d18d5302aa55ed45,https://cdn.pokedb.org/d93fb90bdc2ee50ccb8f262d9e69f5cbd26e7e6c1bbbc5a2d18d5302aa55ed45w20h20,scarlet-violet
tm131,https://cdn.pokedb.org/d93fb90bdc2ee50ccb8f262d9e69f5cbd26e7e6c1bbbc5a2d18d5302aa55ed45,https://cdn.pokedb.org/d93fb90bdc2ee50ccb8f262d9e69f5cbd26e7e6c1bbbc5a2d18d5302aa55ed45w20h20,scarlet-violet
tm132,https://cdn.pokedb.org/d93fb90bdc2ee50ccb8f262d9e69f5cbd26e7e6c1bbbc5a2d18d5302aa55ed45,https://cdn.pokedb.org/d93fb90bdc2ee50ccb8f262d9e69f5cbd26e7e6c1bbbc5a2d18d5302aa55ed45w20h20,scarlet-violet
tm133,https://cdn.pokedb.org/d93fb90bdc2ee50ccb8f262d9e69f5cbd26e7e6c1bbbc5a2d18d5302aa55ed45,https://cdn.pokedb.org/d93fb90bdc2ee50ccb8f262d9e69f5cbd26e7e6c1bbbc5a2d18d5302aa55ed45w20h20,scarlet-violet
tm134,https://cdn.pokedb.org/d93fb90bdc2ee50ccb8f262d9e69f5cbd26e7e6c1bbbc5a2d18d5302aa55ed45,https://cdn.pokedb.org/d93fb90bdc2ee50ccb8f262d9e69f5cbd26e7e6c1bbbc5a2d18d5302aa55ed45w20h20,scarlet-violet
tm135,https://cdn.pokedb.org/d93fb90bdc2ee50ccb8f262d9e69f5cbd26e7e6c1bbbc5a2d18d5302aa55ed45,https://cdn.pokedb.org/d93fb90bdc2ee50ccb8f262d9e69f5cbd26e7e6c1bbbc5a2d18d5302aa55ed45w20h20,scarlet-violet
tm136,https://cdn.pokedb.org/d93fb90bdc2ee50ccb8f262d9e69f5cbd26e7e6c1bbbc5a2d18d5302aa55ed45,https://cdn.pokedb.org/d93fb90bdc2ee50ccb8f262d9e69f5cbd26e7e6c1bbbc5a2d18d5302aa55ed45w20h20,scarlet-violet
tm137,https://cdn.pokedb.org/d93fb90bdc2ee50ccb8f262d9e69f5cbd26e7e6c1bbbc5a2d18d5302aa55ed45,https://cdn.pokedb.org/d93fb90bdc2ee50ccb8f262d9e69f5cbd26e7e6c1bbbc5a2d18d5302aa55ed45w20h20,scarlet-violet
tm138,https://cdn.pokedb.org/d93fb90bdc2ee50ccb8f262d9e69f5cbd26e7e6c1bbbc5a2d18d5302aa55ed45,https://cdn.pokedb.org/d93fb90bdc2ee50ccb8f262d9e69f5cbd26e7e6c1bbbc5a2d18d5302aa55ed45w20h20,scarlet-violet
tm139,https://cdn.pokedb.org/d93fb90bdc2ee50ccb8f262d9e69f5cbd26e7e6c1bbbc5a2d18d5302aa55ed45,https://cdn.pokedb.org/d93fb90bdc2ee50ccb8f262d9e69f5cbd26e7e6c1bbbc5a2d18d5302aa55ed45w20h20,scarlet-violet
tm140,https://cdn.pokedb.org/d93fb90bdc2ee50ccb8f262d9e69f5cbd26e7e6c1bbbc5a2d18d5302aa55ed45,https://cdn.pokedb.org/d93fb90bdc2ee50ccb8f262d9e69f5cbd26e7e6c1bbbc5a2d18d5302aa55ed45w20h20,scarlet-violet
tm141,https://cdn.pokedb.org/d93fb90bdc2ee50ccb8f262d9e69f5cbd26e7e6c1bbbc5a2d18d5302aa55ed45,https://cdn.pokedb.org/d93fb90bdc2ee50ccb8f262d9e69f5cbd26e7e6c1bbbc5a2d18d5302aa55ed45w20h20,scarlet-violet
tm142,https://cdn.pokedb.org/d93fb90bdc2ee50ccb8f262d9e69f5cbd26e7e6c1bbbc5a2d18d5302aa55ed45,https://cdn.pokedb.org/d93fb90bdc2ee50ccb8f262d9e69f5cbd26e7e6c1bbbc5a2d18d5302aa55ed45w20h20,scarlet-violet
tm143,https://cdn.pokedb.org/d93fb90bdc2ee50ccb8f262d9e69f5cbd26e7e6c1bbbc5a2d18d5302aa55ed45,https://cdn.pokedb.org/d93fb90bdc2ee50ccb8f262d9e69f5cbd26e7e6c1bbbc5a2d18d5302aa55ed45w20h20,scarlet-violet
tm144,https://cdn.pokedb.org/d93fb90bdc2ee50ccb8f262d9e69f5cbd26e7e6c1bbbc5a2d18d5302aa55ed45,https://cdn.pokedb.org/d93fb90bdc2ee50ccb8f262d9e69f5cbd26e7e6c1bbbc5a2d18d5302aa55ed45w20h20,scarlet-violet
tm145,https://cdn.pokedb.org/d93fb90bdc2ee50ccb8f262d9e69f5cbd26e7e6c1bbbc5a2d18d5302aa55ed45,https://cdn.pokedb.org/d93fb90bdc2ee50ccb8f262d9e69f5cbd26e7e6c1bbbc5a2d18d5302aa55ed45w20h20,scarlet-violet
tm146,https://cdn.pokedb.org/d93fb90bdc2ee50ccb8f262d9e69f5cbd26e7e6c1bbbc5a2d18d5302aa55ed45,https://cdn.pokedb.org/d93fb90bdc2ee50ccb8f262d9e69f5cbd26e7e6c1bbbc5a2d18d5302aa55ed45w20h20,scarlet-violet
tm147,https://cdn.pokedb.org/d93fb90bdc2ee50ccb8f262d9e69f5cbd26e7e6c1bbbc5a2d18d5302aa55ed45,https://cdn.pokedb.org/d93fb90bdc2ee50ccb8f262d9e69f5cbd26e7e6c1bbbc5a2d18d5302aa55ed45w20h20,scarlet-violet
tm148,https://cdn.pokedb.org/d93fb90bdc2ee50ccb8f262d9e69f5cbd26e7e6c1bbbc5a2d18d5302aa55ed45,https://cdn.pokedb.org/d93fb90bdc2ee50ccb8f262d9e69f5cbd26e7e6c1bbbc5a2d18d5302aa55ed45w20h20,scarlet-violet
tm149,https://cdn.pokedb.org/d93fb90bdc2ee50ccb8f262d9e69f5cbd26e7e6c1bbbc5a2d18d5302aa55ed45,https://cdn.pokedb.org/d93fb90bdc2ee50ccb8f262d9e69f5cbd26e7e6c1bbbc5a2d18d5302aa55ed45w20h20,scarlet-violet
tm150,https://cdn.pokedb.org/d93fb90bdc2ee50ccb8f262d9e69f5cbd26e7e6c1bbbc5a2d18d5302aa55ed45,https://cdn.pokedb.org/d93fb90bdc2ee50ccb8f262d9e69f5cbd26e7e6c1bbbc5a2d18d5302aa55ed45w20h20,scarlet-violet
tm151,https://cdn.pokedb.org/d93fb90bdc2ee50ccb8f262d9e69f5cbd26e7e6c1bbbc5a2d18d5302aa55ed45,https://cdn.pokedb.org/d93fb90bdc2ee50ccb8f262d9e69f5cbd26e7e6c1bbbc5a2d18d5302aa55ed45w20h20,scarlet-violet
tm152,https://cdn.pokedb.org/d93fb90bdc2ee50ccb8f262d9e69f5cbd26e7e6c1bbbc5a2d18d5302aa55ed45,https://cdn.pokedb.org/d93fb90bdc2ee50ccb8f262d9e69f5cbd26e7e6c1bbbc5a2d18d5302aa55ed45w20h20,scarlet-violet
tm153,https://cdn.pokedb.org/d93fb90bdc2ee50ccb8f262d9e69f5cbd26e7e6c1bbbc5a2d18d5302aa55ed45,https://cdn.pokedb.org/d93fb90bdc2ee50ccb8f262d9e69f5cbd26e7e6c1bbbc5a2d18d5302aa55ed45w20h20,scarlet-violet
tm154,https://cdn.pokedb.org/d93fb90bdc2ee50ccb8f262d9e69f5cbd26e7e6c1bbbc5a2d18d5302aa55ed45,https://cdn.pokedb.org/d93fb90bdc2ee50ccb8f262d9e69f5cbd26e7e6c1bbbc5a2d18d5302aa55ed45w20h20,scarlet-violet
tm155,https://cdn.pokedb.org/d93fb90bdc2ee50ccb8f262d9e69f5cbd26e7e6c1bbbc5a2d18d5302aa55ed45,https://cdn.pokedb.org/d93fb90bdc2ee50ccb8f262d9e69f5cbd26e7e6c1bbbc5a2d18d5302aa55ed45w20h20,scarlet-violet
tm156,https://cdn.pokedb.org/d93fb90bdc2ee50ccb8f262d9e69f5cbd26e7e6c1bbbc5a2d18d5302aa55ed45,https://cdn.pokedb.org/d93fb90bdc2ee50ccb8f262d9e69f5cbd26e7e6c1bbbc5a2d18d5302aa55ed45w20h20,scarlet-violet
tm157,https://cdn.pokedb.org/d93fb90bdc2ee50ccb8f262d9e69f5cbd26e7e6c1bbbc5a2d18d5302aa55ed45,https://cdn.pokedb.org/d93fb90bdc2ee50ccb8f262d9e69f5cbd26e7e6c1bbbc5a2d18d5302aa55ed45w20h20,scarlet-violet
tm158,https://cdn.pokedb.org/d93fb90bdc2ee50ccb8f262d9e69f5cbd26e7e6c1bbbc5a2d18d5302aa55ed45,https://cdn.pokedb.org/d93fb90bdc2ee50ccb8f262d9e69f5cbd26e7e6c1bbbc5a2d18d5302aa55ed45w20h20,scarlet-violet
tm159,https://cdn.pokedb.org/d93fb90bdc2ee50ccb8f262d9e69f5cbd26e7e6c1bbbc5a2d18d5302aa55ed45,https://cdn.pokedb.org/d93fb90bdc2ee50ccb8f262d9e69f5cbd26e7e6c1bbbc5a2d18d5302aa55ed45w20h20,scarlet-violet
tm160,https://cdn.pokedb.org/d93fb90bdc2ee50ccb8f262d9e69f5cbd26e7e6c1bbbc5a2d18d5302aa55ed45,https://cdn.pokedb.org/d93fb90bdc2ee50ccb8f262d9e69f5cbd26e7e6c1bbbc5a2d18d5302aa55ed45w20h20,scarlet-violet
tm161,https://cdn.pokedb.org/d93fb90bdc2ee50ccb8f262d9e69f5cbd26e7e6c1bbbc5a2d18d5302aa55ed45,https://cdn.pokedb.org/d93fb90bdc2ee50ccb8f262d9e69f5cbd26e7e6c1bbbc5a2d18d5302aa55ed45w20h20,scarlet-violet
tm162,https://cdn.pokedb.org/d93fb90bdc2ee50ccb8f262d9e69f5cbd26e7e6c1bbbc5a2d18d5302aa55ed45,https://cdn.pokedb.org/d93fb90bdc2ee50ccb8f262d9e69f5cbd26e7e6c1bbbc5a2d18d5302aa55ed45w20h20,scarlet-violet
tm163,https://cdn.pokedb.org/d93fb90bdc2ee50ccb8f262d9e69f5cbd26e7e6c1bbbc5a2d18d5302aa55ed45,https://cdn.pokedb.org/d93fb90bdc2ee50ccb8f262d9e69f5cbd26e7e6c1bbbc5a2d18d5302aa55ed45w20h20,scarlet-violet
tm164,https://cdn.pokedb.org/d93fb90bdc2ee50ccb8f262d9e69f5cbd26e7e6c1bbbc5a2d18d5302aa55ed45,https://cdn.pokedb.org/d93fb90bdc2ee50ccb8f262d9e69f5cbd26e7e6c1bbbc5a2d18d5302aa55ed45w20h20,scarlet-violet
tm165,https://cdn.pokedb.org/d93fb90bdc2ee50ccb8f262d9e69f5cbd26e7e6c1bbbc5a2d18d5302aa55ed45,https://cdn.pokedb.org/d93fb90bdc2ee50ccb8f262d9e69f5cbd26e7e6c1bbbc5a2d18d5302aa55ed45w20h20,scarlet-violet
tm166,https://cdn.pokedb.org/d93fb90bdc2ee50ccb8f262d9e69f5cbd26e7e6c1bbbc5a2d18d5302aa55ed45,https://cdn.pokedb.org/d93fb90bdc2ee50ccb8f262d9e69f5cbd26e7e6c1bbbc5a2d18d5302aa55ed45w20h20,scarlet-violet
tm167,https://cdn.pokedb.org/d93fb90bdc2ee50ccb8f262d9e69f5cbd26e7e6c1bbbc5a2d18d5302aa55ed45,https://cdn.pokedb.org/d93fb90bdc2ee50ccb8f262d9e69f5cbd26e7e6c1bbbc5a2d18d5302aa55ed45w20h20,scarlet-violet
tm168,https://cdn.pokedb.org/eb6a747341b654930bfc8f80ecaea82de87144faecfd38e3a5e60d7d6a50559f,https://cdn.pokedb.org/eb6a747341b654930bfc8f80ecaea82de87144faecfd38e3a5e60d7d6a50559fw20h20,scarlet-violet
tm169,https://cdn.pokedb.org/eb6a747341b654930bfc8f80ecaea82de87144faecfd38e3a5e60d7d6a50559f,https://cdn.pokedb.org/eb6a747341b654930bfc8f80ecaea82de87144faecfd38e3a5e60d7d6a50559fw20h20,scarlet-violet
tm170,https://cdn.pokedb.org/eb6a747341b654930bfc8f80ecaea82de87144faecfd38e3a5e60d7d6a50559f,https://cdn.pokedb.org/eb6a747341b654930bfc8f80ecaea82de87144faecfd38e3a5e60d7d6a50559fw20h20,scarlet-violet
tm171,https://cdn.pokedb.org/eb6a747341b654930bfc8f80ecaea82de87144faecfd38e3a5e60d7d6a50559f,https://cdn.pokedb.org/eb6a747341b654930bfc8f80ecaea82de87144faecfd38e3a5e60d7d6a50559fw20h20,scarlet-violet
tm172,https://cdn.pokedb.org/eb6a747341b654930bfc8f80ecaea82de87144faecfd38e3a5e60d7d6a50559f,https://cdn.pokedb.org/eb6a747341b654930bfc8f80ecaea82de87144faecfd38e3a5e60d7d6a50559fw20h20,scarlet-violet
tm173,https://cdn.pokedb.org/eb6a747341b654930bfc8f80ecaea82de87144faecfd38e3a5e60d7d6a50559f,https://cdn.pokedb.org/eb6a747341b654930bfc8f80ecaea82de87144faecfd38e3a5e60d7d6a50559fw20h20,scarlet-violet
tm174,https://cdn.pokedb.org/eb6a747341b654930bfc8f80ecaea82de87144faecfd38e3a5e60d7d6a50559f,https://cdn.pokedb.org/eb6a747341b654930bfc8f80ecaea82de87144faecfd38e3a5e60d7d6a50559fw20h20,scarlet-violet
tm175,https://cdn.pokedb.org/eb6a747341b654930bfc8f80ecaea82de87144faecfd38e3a5e60d7d6a50559f,https://cdn.pokedb.org/eb6a747341b654930bfc8f80ecaea82de87144faecfd38e3a5e60d7d6a50559fw20h20,scarlet-violet
tm176,https://cdn.pokedb.org/eb6a747341b654930bfc8f80ecaea82de87144faecfd38e3a5e60d7d6a50559f,https://cdn.pokedb.org/eb6a747341b654930bfc8f80ecaea82de87144faecfd38e3a5e60d7d6a50559fw20h20,scarlet-violet
tm177,https://cdn.pokedb.org/eb6a747341b654930bfc8f80ecaea82de87144faecfd38e3a5e60d7d6a50559f,https://cdn.pokedb.org/eb6a747341b654930bfc8f80ecaea82de87144faecfd38e3a5e60d7d6a50559fw20h20,scarlet-violet
tm178,https://cdn.pokedb.org/eb6a747341b654930bfc8f80ecaea82de87144faecfd38e3a5e60d7d6a50559f,https://cdn.pokedb.org/eb6a747341b654930bfc8f80ecaea82de87144faecfd38e3a5e60d7d6a50559fw20h20,scarlet-violet
tm179,https://cdn.pokedb.org/eb6a747341b654930bfc8f80ecaea82de87144faecfd38e3a5e60d7d6a50559f,https://cdn.pokedb.org/eb6a747341b654930bfc8f80ecaea82de87144faecfd38e3a5e60d7d6a50559fw20h20,scarlet-violet
tm180,https://cdn.pokedb.org/eb6a747341b654930bfc8f80ecaea82de87144faecfd38e3a5e60d7d6a50559f,https://cdn.pokedb.org/eb6a747341b654930bfc8f80ecaea82de87144faecfd38e3a5e60d7d6a50559fw20h20,scarlet-violet
tm181,https://cdn.pokedb.org/eb6a747341b654930bfc8f80ecaea82de87144faecfd38e3a5e60d7d6a50559f,https://cdn.pokedb.org/eb6a747341b654930bfc8f80ecaea82de87144faecfd38e3a5e60d7d6a50559fw20h20,scarlet-violet
tm182,https://cdn.pokedb.org/eb6a747341b654930bfc8f80ecaea82de87144faecfd38e3a5e60d7d6a50559f,https://cdn.pokedb.org/eb6a747341b654930bfc8f80ecaea82de87144faecfd38e3a5e60d7d6a50559fw20h20,scarlet-violet
tm183,https://cdn.pokedb.org/eb6a747341b654930bfc8f80ecaea82de87144faecfd38e3a5e60d7d6a50559f,https://cdn.pokedb.org/eb6a747341b654930bfc8f80ecaea82de87144faecfd38e3a5e60d7d6a50559fw20h20,scarlet-violet
tm184,https://cdn.pokedb.org/eb6a747341b654930bfc8f80ecaea82de87144faecfd38e3a5e60d7d6a50559f,https://cdn.pokedb.org/eb6a747341b654930bfc8f80ecaea82de87144faecfd38e3a5e60d7d6a50559fw20h20,scarlet-violet
tm185,https://cdn.pokedb.org/eb6a747341b654930bfc8f80ecaea82de87144faecfd38e3a5e60d7d6a50559f,https://cdn.pokedb.org/eb6a747341b654930bfc8f80ecaea82de87144faecfd38e3a5e60d7d6a50559fw20h20,scarlet-violet
tm186,https://cdn.pokedb.org/eb6a747341b654930bfc8f80ecaea82de87144faecfd38e3a5e60d7d6a50559f,https://cdn.pokedb.org/eb6a747341b654930bfc8f80ecaea82de87144faecfd38e3a5e60d7d6a50559fw20h20,scarlet-violet
tm187,https://cdn.pokedb.org/eb6a747341b654930bfc8f80ecaea82de87144faecfd38e3a5e60d7d6a50559f,https://cdn.pokedb.org/eb6a747341b654930bfc8f80ecaea82de87144faecfd38e3a5e60d7d6a50559fw20h20,scarlet-violet
tm188,https://cdn.pokedb.org/eb6a747341b654930bfc8f80ecaea82de87144faecfd38e3a5e60d7d6a50559f,https://cdn.pokedb.org/eb6a747341b654930bfc8f80ecaea82de87144faecfd38e3a5e60d7d6a50559fw20h20,scarlet-violet
tm189,https://cdn.pokedb.org/eb6a747341b654930bfc8f80ecaea82de87144faecfd38e3a5e60d7d6a50559f,https://cdn.pokedb.org/eb6a747341b654930bfc8f80ecaea82de87144faecfd38e3a5e60d7d6a50559fw20h20,scarlet-violet
tm190,https://cdn.pokedb.org/eb6a747341b654930bfc8f80ecaea82de87144faecfd38e3a5e60d7d6a50559f,https://cdn.pokedb.org/eb6a747341b654930bfc8f80ecaea82de87144faecfd38e3a5e60d7d6a50559fw20h20,scarlet-violet
tm191,https://cdn.pokedb.org/eb6a747341b654930bfc8f80ecaea82de87144faecfd38e3a5e60d7d6a50559f,https://cdn.pokedb.org/eb6a747341b654930bfc8f80ecaea82de87144faecfd38e3a5e60d7d6a50559fw20h20,scarlet-violet
tm192,https://cdn.pokedb.org/eb6a747341b654930bfc8f80ecaea82de87144faecfd38e3a5e60d7d6a50559f,https://cdn.pokedb.org/eb6a747341b654930bfc8f80ecaea82de87144faecfd38e3a5e60d7d6a50559fw20h20,scarlet-violet
tm193,https://cdn.pokedb.org/eb6a747341b654930bfc8f80ecaea82de87144faecfd38e3a5e60d7d6a50559f,https://cdn.pokedb.org/eb6a747341b654930bfc8f80ecaea82de87144faecfd38e3a5e60d7d6a50559fw20h20,scarlet-violet
tm194,https://cdn.pokedb.org/eb6a747341b654930bfc8f80ecaea82de87144faecfd38e3a5e60d7d6a50559f,https://cdn.pokedb.org/eb6a747341b654930bfc8f80ecaea82de87144faecfd38e3a5e60d7d6a50559fw20h20,scarlet-violet
tm195,https://cdn.pokedb.org/eb6a747341b654930bfc8f80ecaea82de87144faecfd38e3a5e60d7d6a50559f,https://cdn.pokedb.org/eb6a747341b654930bfc8f80ecaea82de87144faecfd38e3a5e60d7d6a50559fw20h20,scarlet-violet
tm196,https://cdn.pokedb.org/eb6a747341b654930bfc8f80ecaea82de87144faecfd38e3a5e60d7d6a50559f,https://cdn.pokedb.org/eb6a747341b654930bfc8f80ecaea82de87144faecfd38e3a5e60d7d6a50559fw20h20,scarlet-violet
tm197,https://cdn.pokedb.org/eb6a747341b654930bfc8f80ecaea82de87144faecfd38e3a5e60d7d6a50559f,https://cdn.pokedb.org/eb6a747341b654930bfc8f80ecaea82de87144faecfd38e3a5e60d7d6a50559fw20h20,scarlet-violet
tm198,https://cdn.pokedb.org/eb6a747341b654930bfc8f80ecaea82de87144faecfd38e3a5e60d7d6a50559f,https://cdn.pokedb.org/eb6a747341b654930bfc8f80ecaea82de87144faecfd38e3a5e60d7d6a50559fw20h20,scarlet-violet
tm199,https://cdn.pokedb.org/eb6a747341b654930bfc8f80ecaea82de87144faecfd38e3a5e60d7d6a50559f,https://cdn.pokedb.org/eb6a747341b654930bfc8f80ecaea82de87144faecfd38e3a5e60d7d6a50559fw20h20,scarlet-violet
tm200,https://cdn.pokedb.org/eb6a747341b654930bfc8f80ecaea82de87144faecfd38e3a5e60d7d6a50559f,https://cdn.pokedb.org/eb6a747341b654930bfc8f80ecaea82de87144faecfd38e3a5e60d7d6a50559fw20h20,scarlet-violet
tm201,https://cdn.pokedb.org/eb6a747341b654930bfc8f80ecaea82de87144faecfd38e3a5e60d7d6a50559f,https://cdn.pokedb.org/eb6a747341b654930bfc8f80ecaea82de87144faecfd38e3a5e60d7d6a50559fw20h20,scarlet-violet
tm202,https://cdn.pokedb.org/eb6a747341b654930bfc8f80ecaea82de87144faecfd38e3a5e60d7d6a50559f,https://cdn.pokedb.org/eb6a747341b654930bfc8f80ecaea82de87144faecfd38e3a5e60d7d6a50559fw20h20,scarlet-violet
tm203,https://cdn.pokedb.org/eb6a747341b654930bfc8f80ecaea82de87144faecfd38e3a5e60d7d6a50559f,https://cdn.pokedb.org/eb6a747341b654930bfc8f80ecaea82de87144faecfd38e3a5e60d7d6a50559fw20h20,scarlet-violet
tm204,https://cdn.pokedb.org/eb6a747341b654930bfc8f80ecaea82de87144faecfd38e3a5e60d7d6a50559f,https://cdn.pokedb.org/eb6a747341b654930bfc8f80ecaea82de87144faecfd38e3a5e60d7d6a50559fw20h20,scarlet-violet
tm205,https://cdn.pokedb.org/eb6a747341b654930bfc8f80ecaea82de87144faecfd38e3a5e60d7d6a50559f,https://cdn.pokedb.org/eb6a747341b654930bfc8f80ecaea82de87144faecfd38e3a5e60d7d6a50559fw20h20,scarlet-violet
tm206,https://cdn.pokedb.org/eb6a747341b654930bfc8f80ecaea82de87144faecfd38e3a5e60d7d6a50559f,https://cdn.pokedb.org/eb6a747341b654930bfc8f80ecaea82de87144faecfd38e3a5e60d7d6a50559fw20h20,scarlet-violet
tm207,https://cdn.pokedb.org/eb6a747341b654930bfc8f80ecaea82de87144faecfd38e3a5e60d7d6a50559f,https://cdn.pokedb.org/eb6a747341b654930bfc8f80ecaea82de87144faecfd38e3a5e60d7d6a50559fw20h20,scarlet-violet
tm208,https://cdn.pokedb.org/eb6a747341b654930bfc8f80ecaea82de87144faecfd38e3a5e60d7d6a50559f,https://cdn.pokedb.org/eb6a747341b654930bfc8f80ecaea82de87144faecfd38e3a5e60d7d6a50559fw20h20,scarlet-violet
tm209,https://cdn.pokedb.org/eb6a747341b654930bfc8f80ecaea82de87144faecfd38e3a5e60d7d6a50559f,https://cdn.pokedb.org/eb6a747341b654930bfc8f80ecaea82de87144faecfd38e3a5e60d7d6a50559fw20h20,scarlet-violet
tm210,https://cdn.pokedb.org/eb6a747341b654930bfc8f80ecaea82de87144faecfd38e3a5e60d7d6a50559f,https://cdn.pokedb.org/eb6a747341b654930bfc8f80ecaea82de87144faecfd38e3a5e60d7d6a50559fw20h20,scarlet-violet
tm211,https://cdn.pokedb.org/eb6a747341b654930bfc8f80ecaea82de87144faecfd38e3a5e60d7d6a50559f,https://cdn.pokedb.org/eb6a747341b654930bfc8f80ecaea82de87144faecfd38e3a5e60d7d6a50559fw20h20,scarlet-violet
tm212,https://cdn.pokedb.org/eb6a747341b654930bfc8f80ecaea82de87144faecfd38e3a5e60d7d6a50559f,https://cdn.pokedb.org/eb6a747341b654930bfc8f80ecaea82de87144faecfd38e3a5e60d7d6a50559fw20h20,scarlet-violet
tm213,https://cdn.pokedb.org/eb6a747341b654930bfc8f80ecaea82de87144faecfd38e3a5e60d7d6a50559f,https://cdn.pokedb.org/eb6a747341b654930bfc8f80ecaea82de87144faecfd38e3a5e60d7d6a50559fw20h20,scarlet-violet
tm214,https://cdn.pokedb.org/eb6a747341b654930bfc8f80ecaea82de87144faecfd38e3a5e60d7d6a50559f,https://cdn.pokedb.org/eb6a747341b654930bfc8f80ecaea82de87144faecfd38e3a5e60d7d6a50559fw20h20,scarlet-violet
tm215,https://cdn.pokedb.org/eb6a747341b654930bfc8f80ecaea82de87144faecfd38e3a5e60d7d6a50559f,https://cdn.pokedb.org/eb6a747341b654930bfc8f80ecaea82de87144faecfd38e3a5e60d7d6a50559fw20h20,scarlet-violet
tm216,https://cdn.pokedb.org/eb6a747341b654930bfc8f80ecaea82de87144faecfd38e3a5e60d7d6a50559f,https://cdn.pokedb.org/eb6a747341b654930bfc8f80ecaea82de87144faecfd38e3a5e60d7d6a50559fw20h20,scarlet-violet
tm217,https://cdn.pokedb.org/eb6a747341b654930bfc8f80ecaea82de87144faecfd38e3a5e60d7d6a50559f,https://cdn.pokedb.org/eb6a747341b654930bfc8f80ecaea82de87144faecfd38e3a5e60d7d6a50559fw20h20,scarlet-violet
tm218,https://cdn.pokedb.org/eb6a747341b654930bfc8f80ecaea82de87144faecfd38e3a5e60d7d6a50559f,https://cdn.pokedb.org/eb6a747341b654930bfc8f80ecaea82de87144faecfd38e3a5e60d7d6a50559fw20h20,scarlet-violet
tm219,https://cdn.pokedb.org/eb6a747341b654930bfc8f80ecaea82de87144faecfd38e3a5e60d7d6a50559f,https://cdn.pokedb.org/eb6a747341b654930bfc8f80ecaea82de87144faecfd38e3a5e60d7d6a50559fw20h20,scarlet-violet
tm220,https://cdn.pokedb.org/eb6a747341b654930bfc8f80ecaea82de87144faecfd38e3a5e60d7d6a50559f,https://cdn.pokedb.org/eb6a747341b654930bfc8f80ecaea82de87144faecfd38e3a5e60d7d6a50559fw20h20,scarlet-violet
tm221,https://cdn.pokedb.org/eb6a747341b654930bfc8f80ecaea82de87144faecfd38e3a5e60d7d6a50559f,https://cdn.pokedb.org/eb6a747341b654930bfc8f80ecaea82de87144faecfd38e3a5e60d7d6a50559fw20h20,scarlet-violet
tm222,https://cdn.pokedb.org/eb6a747341b654930bfc8f80ecaea82de87144faecfd38e3a5e60d7d6a50559f,https://cdn.pokedb.org/eb6a747341b654930bfc8f80ecaea82de87144faecfd38e3a5e60d7d6a50559fw20h20,scarlet-violet
tm223,https://cdn.pokedb.org/eb6a747341b654930bfc8f80ecaea82de87144faecfd38e3a5e60d7d6a50559f,https://cdn.pokedb.org/eb6a747341b654930bfc8f80ecaea82de87144faecfd38e3a5e60d7d6a50559fw20h20,scarlet-violet
tm224,https://cdn.pokedb.org/eb6a747341b654930bfc8f80ecaea82de87144faecfd38e3a5e60d7d6a50559f,https://cdn.pokedb.org/eb6a747341b654930bfc8f80ecaea82de87144faecfd38e3a5e60d7d6a50559fw20h20,scarlet-violet
tm225,https://cdn.pokedb.org/eb6a747341b654930bfc8f80ecaea82de87144faecfd38e3a5e60d7d6a50559f,https://cdn.pokedb.org/eb6a747341b654930bfc8f80ecaea82de87144faecfd38e3a5e60d7d6a50559fw20h20,scarlet-violet
tm226,https://cdn.pokedb.org/eb6a747341b654930bfc8f80ecaea82de87144faecfd38e3a5e60d7d6a50559f,https://cdn.pokedb.org/eb6a747341b654930bfc8f80ecaea82de87144faecfd38e3a5e60d7d6a50559fw20h20,scarlet-violet
tm227,https://cdn.pokedb.org/eb6a747341b654930bfc8f80ecaea82de87144faecfd38e3a5e60d7d6a50559f,https://cdn.pokedb.org/eb6a747341b654930bfc8f80ecaea82de87144faecfd38e3a5e60d7d6a50559fw20h20,scarlet-violet
tm228,https://cdn.pokedb.org/eb6a747341b654930bfc8f80ecaea82de87144faecfd38e3a5e60d7d6a50559f,https://cdn.pokedb.org/eb6a747341b654930bfc8f80ecaea82de87144faecfd38e3a5e60d7d6a50559fw20h20,scarlet-violet
tm229,https://cdn.pokedb.org/eb6a747341b654930bfc8f80ecaea82de87144faecfd38e3a5e60d7d6a50559f,https://cdn.pokedb.org/eb6a747341b654930bfc8f80ecaea82de87144faecfd38e3a5e60d7d6a50559fw20h20,scarlet-violet
tmv-pass,https://cdn.pokedb.org/978f21b760c870e1687db5c883369630f4a66c01166462dd62ea26a444434898,https://cdn.pokedb.org/978f21b760c870e1687db5c883369630f4a66c01166462dd62ea26a444434898w20h20,x-y
toedscool-flaps,https://cdn.pokedb.org/d93fb90bdc2ee50ccb8f262d9e69f5cbd26e7e6c1bbbc5a2d18d5302aa55ed45,https://cdn.pokedb.org/d93fb90bdc2ee50ccb8f262d9e69f5cbd26e7e6c1bbbc5a2d18d5302aa55ed45w20h20,scarlet-violet
tofu,https://cdn.pokedb.org/3523fd132c619244239f5048d9a9f49d33b1da0a95df392d7c87bd652facd047,https://cdn.pokedb.org/3523fd132c619244239f5048d9a9f49d33b1da0a95df392d7c87bd652facd047w20h20,scarlet-violet
tomato,https://cdn.pokedb.org/50412fd04de1853439be3e3fe01f58b9ae3ce9c3d664c6fbf278079f4a08b395,https://cdn.pokedb.org/50412fd04de1853439be3e3fe01f58b9ae3ce9c3d664c6fbf278079f4a08b395w20h20,scarlet-violet
torkoal-coal,https://cdn.pokedb.org/d93fb90bdc2ee50ccb8f262d9e69f5cbd26e7e6c1bbbc5a2d18d5302aa55ed45,https://cdn.pokedb.org/d93fb90bdc2ee50ccb8f262d9e69f5cbd26e7e6c1bbbc5a2d18d5302aa55ed45w20h20,scarlet-violet
tough-candy,https://cdn.pokedb.org/3158934a09327e59e17a028d1ee592d9488da186d58509aed861272a0e5b90e1,https://cdn.pokedb.org/3158934a09327e59e17a028d1ee592d9488da186d58509aed861272a0e5b90e1w20h20,lets-go-pikachu-lets-go-eevee
tough-candy-l,https://cdn.pokedb.org/98b549d2436c7ed1f211cf1c6f420ca87ca0f73fc59a589f5bc6a46c2b38b926,https://cdn.pokedb.org/98b549d2436c7ed1f211cf1c6f420ca87ca0f73fc59a589f5bc6a46c2b38b926w20h20,lets-go-pikachu-lets-go-eevee
tough-candy-xl,https://cdn.pokedb.org/172b63c7f7d79b4b4fb3000811f324416f352ca7e239ec77cb62b01cdf948e94,https://cdn.pokedb.org/172b63c7f7d79b4b4fb3000811f324416f352ca7e239ec77cb62b01cdf948e94w20h20,lets-go-pikachu-lets-go-eevee
town-map,https://cdn.pokedb.org/3af0cf4c4632f4e1cd7b3777c95558632dab1a432a67e7fbde4ab261c6c8e9ae,https://cdn.pokedb.org/3af0cf4c4632f4e1cd7b3777c95558632dab1a432a67e7fbde4ab261c6c8e9aew20h20,lets-go-pikachu-lets-go-eevee
town-map,https://cdn.pokedb.org/53fcde6b1dc53983be99b6f28b68f04fe2ccfc948003d9d06d272552c3d6225e,https://cdn.pokedb.org/53fcde6b1dc53983be99b6f28b68f04fe2ccfc948003d9d06d272552c3d6225ew20h20,black-white
town-map,https://cdn.pokedb.org/1da8ea88480470ca4222bf9fdaa26a8ef84a529c13b0be77fcc5624dfe76d04b,https://cdn.pokedb.org/1da8ea88480470ca4222bf9fdaa26a8ef84a529c13b0be77fcc5624dfe76d04bw20h20,diamond-pearl
town-map,https://cdn.pokedb.org/d8de6a886d81c8059a2221f4c578e520c50b1bb0fbbe63037613cedd0607139b,https://cdn.pokedb.org/d8de6a886d81c8059a2221f4c578e520c50b1bb0fbbe63037613cedd0607139bw20h20,firered-leafgreen
toxel-sparks,https://cdn.pokedb.org/d93fb90bdc2ee50ccb8f262d9e69f5cbd26e7e6c1bbbc5a2d18d5302aa55ed45,https://cdn.pokedb.org/d93fb90bdc2ee50ccb8f262d9e69f5cbd26e7e6c1bbbc5a2d18d5302aa55ed45w20h20,scarlet-violet
toxic-orb,https://cdn.pokedb.org/0a11b0e5b7537d4283dd11b199fe809d56818ac5d66a866253a1df470d341268,https://cdn.pokedb.org/0a11b0e5b7537d4283dd11b199fe809d56818ac5d66a866253a1df470d341268w20h20,diamond-pearl
toxic-orb,https://cdn.pokedb.org/4bf6a5003b657e2a6ced6048e962a35a842ea94bf4083a83f76587d1111dd8fc,https://cdn.pokedb.org/4bf6a5003b657e2a6ced6048e962a35a842ea94bf4083a83f76587d1111dd8fcw20h20,scarlet-violet
toxic-orb,https://cdn.pokedb.org/6b56d394e10e78ecc2d0c07e33d1d275d7165b7d0bbf199c54caee40631fa989,https://cdn.pokedb.org/6b56d394e10e78ecc2d0c07e33d1d275d7165b7d0bbf199c54caee40631fa989w20h20,brilliant-diamond-shining-pearl
toxic-plate,https://cdn.pokedb.org/3ed81ee4990c921be041c35c78fc4f81c4a26028c80c278b14363ca78e580a72,https://cdn.pokedb.org/3ed81ee4990c921be041c35c78fc4f81c4a26028c80c278b14363ca78e580a72w20h20,legends-arceus
toxic-plate,https://cdn.pokedb.org/2f17a9e92922463106515b4c37e7dd2f205969560d43f8c57cb964c3ef279387,https://cdn.pokedb.org/2f17a9e92922463106515b4c37e7dd2f205969560d43f8c57cb964c3ef279387w20h20,scarlet-violet
toxic-plate,https://cdn.pokedb.org/401dea3e349dc52cb654d47c31063cd1e86be99663e54e2abf018916b2b2d476,https://cdn.pokedb.org/401dea3e349dc52cb654d47c31063cd1e86be99663e54e2abf018916b2b2d476w20h20,brilliant-diamond-shining-pearl
toxic-plate,https://cdn.pokedb.org/a6db9a4c4bf4136f2c52236fb399a7fa3dbedfdba614eee7b0ffc5aad0583ee3,https://cdn.pokedb.org/a6db9a4c4bf4136f2c52236fb399a7fa3dbedfdba614eee7b0ffc5aad0583ee3w20h20,diamond-pearl
tr00,https://cdn.pokedb.org/4ae34949786e6e157b507edb02dd0eae54b23f2017e0c684f8ba4ddb88101773,https://cdn.pokedb.org/4ae34949786e6e157b507edb02dd0eae54b23f2017e0c684f8ba4ddb88101773w20h20,sword-shield
tr01,https://cdn.pokedb.org/4ae34949786e6e157b507edb02dd0eae54b23f2017e0c684f8ba4ddb88101773,https://cdn.pokedb.org/4ae34949786e6e157b507edb02dd0eae54b23f2017e0c684f8ba4ddb88101773w20h20,sword-shield
tr02,https://cdn.pokedb.org/4ae34949786e6e157b507edb02dd0eae54b23f2017e0c684f8ba4ddb88101773,https://cdn.pokedb.org/4ae34949786e6e157b507edb02dd0eae54b23f2017e0c684f8ba4ddb88101773w20h20,sword-shield
tr03,https://cdn.pokedb.org/4ae34949786e6e157b507edb02dd0eae54b23f2017e0c684f8ba4ddb88101773,https://cdn.pokedb.org/4ae34949786e6e157b507edb02dd0eae54b23f2017e0c684f8ba4ddb88101773w20h20,sword-shield
tr04,https://cdn.pokedb.org/4ae34949786e6e157b507edb02dd0eae54b23f2017e0c684f8ba4ddb88101773,https://cdn.pokedb.org/4ae34949786e6e157b507edb02dd0eae54b23f2017e0c684f8ba4ddb88101773w20h20,sword-shield
tr05,https://cdn.pokedb.org/4ae34949786e6e157b507edb02dd0eae54b23f2017e0c684f8ba4ddb88101773,https://cdn.pokedb.org/4ae34949786e6e157b507edb02dd0eae54b23f2017e0c684f8ba4ddb88101773w20h20,sword-shield
tr06,https://cdn.pokedb.org/4ae34949786e6e157b507edb02dd0eae54b23f2017e0c684f8ba4ddb88101773,https://cdn.pokedb.org/4ae34949786e6e157b507edb02dd0eae54b23f2017e0c684f8ba4ddb88101773w20h20,sword-shield
tr07,https://cdn.pokedb.org/4ae34949786e6e157b507edb02dd0eae54b23f2017e0c684f8ba4ddb88101773,https://cdn.pokedb.org/4ae34949786e6e157b507edb02dd0eae54b23f2017e0c684f8ba4ddb88101773w20h20,sword-shield
tr08,https://cdn.pokedb.org/4ae34949786e6e157b507edb02dd0eae54b23f2017e0c684f8ba4ddb88101773,https://cdn.pokedb.org/4ae34949786e6e157b507edb02dd0eae54b23f2017e0c684f8ba4ddb88101773w20h20,sword-shield
tr09,https://cdn.pokedb.org/4ae34949786e6e157b507edb02dd0eae54b23f2017e0c684f8ba4ddb88101773,https://cdn.pokedb.org/4ae34949786e6e157b507edb02dd0eae54b23f2017e0c684f8ba4ddb88101773w20h20,sword-shield
tr10,https://cdn.pokedb.org/4ae34949786e6e157b507edb02dd0eae54b23f2017e0c684f8ba4ddb88101773,https://cdn.pokedb.org/4ae34949786e6e157b507edb02dd0eae54b23f2017e0c684f8ba4ddb88101773w20h20,sword-shield
tr11,https://cdn.pokedb.org/4ae34949786e6e157b507edb02dd0eae54b23f2017e0c684f8ba4ddb88101773,https://cdn.pokedb.org/4ae34949786e6e157b507edb02dd0eae54b23f2017e0c684f8ba4ddb88101773w20h20,sword-shield
tr12,https://cdn.pokedb.org/4ae34949786e6e157b507edb02dd0eae54b23f2017e0c684f8ba4ddb88101773,https://cdn.pokedb.org/4ae34949786e6e157b507edb02dd0eae54b23f2017e0c684f8ba4ddb88101773w20h20,sword-shield
tr13,https://cdn.pokedb.org/4ae34949786e6e157b507edb02dd0eae54b23f2017e0c684f8ba4ddb88101773,https://cdn.pokedb.org/4ae34949786e6e157b507edb02dd0eae54b23f2017e0c684f8ba4ddb88101773w20h20,sword-shield
tr14,https://cdn.pokedb.org/4ae34949786e6e157b507edb02dd0eae54b23f2017e0c684f8ba4ddb88101773,https://cdn.pokedb.org/4ae34949786e6e157b507edb02dd0eae54b23f2017e0c684f8ba4ddb88101773w20h20,sword-shield
tr15,https://cdn.pokedb.org/4ae34949786e6e157b507edb02dd0eae54b23f2017e0c684f8ba4ddb88101773,https://cdn.pokedb.org/4ae34949786e6e157b507edb02dd0eae54b23f2017e0c684f8ba4ddb88101773w20h20,sword-shield
tr16,https://cdn.pokedb.org/4ae34949786e6e157b507edb02dd0eae54b23f2017e0c684f8ba4ddb88101773,https://cdn.pokedb.org/4ae34949786e6e157b507edb02dd0eae54b23f2017e0c684f8ba4ddb88101773w20h20,sword-shield
tr17,https://cdn.pokedb.org/4ae34949786e6e157b507edb02dd0eae54b23f2017e0c684f8ba4ddb88101773,https://cdn.pokedb.org/4ae34949786e6e157b507edb02dd0eae54b23f2017e0c684f8ba4ddb88101773w20h20,sword-shield
tr18,https://cdn.pokedb.org/4ae34949786e6e157b507edb02dd0eae54b23f2017e0c684f8ba4ddb88101773,https://cdn.pokedb.org/4ae34949786e6e157b507edb02dd0eae54b23f2017e0c684f8ba4ddb88101773w20h20,sword-shield
tr19,https://cdn.pokedb.org/4ae34949786e6e157b507edb02dd0eae54b23f2017e0c684f8ba4ddb88101773,https://cdn.pokedb.org/4ae34949786e6e157b507edb02dd0eae54b23f2017e0c684f8ba4ddb88101773w20h20,sword-shield
tr20,https://cdn.pokedb.org/4ae34949786e6e157b507edb02dd0eae54b23f2017e0c684f8ba4ddb88101773,https://cdn.pokedb.org/4ae34949786e6e157b507edb02dd0eae54b23f2017e0c684f8ba4ddb88101773w20h20,sword-shield
tr21,https://cdn.pokedb.org/4ae34949786e6e157b507edb02dd0eae54b23f2017e0c684f8ba4ddb88101773,https://cdn.pokedb.org/4ae34949786e6e157b507edb02dd0eae54b23f2017e0c684f8ba4ddb88101773w20h20,sword-shield
tr22,https://cdn.pokedb.org/4ae34949786e6e157b507edb02dd0eae54b23f2017e0c684f8ba4ddb88101773,https://cdn.pokedb.org/4ae34949786e6e157b507edb02dd0eae54b23f2017e0c684f8ba4ddb88101773w20h20,sword-shield
tr23,https://cdn.pokedb.org/4ae34949786e6e157b507edb02dd0eae54b23f2017e0c684f8ba4ddb88101773,https://cdn.pokedb.org/4ae34949786e6e157b507edb02dd0eae54b23f2017e0c684f8ba4ddb88101773w20h20,sword-shield
tr24,https://cdn.pokedb.org/4ae34949786e6e157b507edb02dd0eae54b23f2017e0c684f8ba4ddb88101773,https://cdn.pokedb.org/4ae34949786e6e157b507edb02dd0eae54b23f2017e0c684f8ba4ddb88101773w20h20,sword-shield
tr25,https://cdn.pokedb.org/4ae34949786e6e157b507edb02dd0eae54b23f2017e0c684f8ba4ddb88101773,https://cdn.pokedb.org/4ae34949786e6e157b507edb02dd0eae54b23f2017e0c684f8ba4ddb88101773w20h20,sword-shield
tr26,https://cdn.pokedb.org/4ae34949786e6e157b507edb02dd0eae54b23f2017e0c684f8ba4ddb88101773,https://cdn.pokedb.org/4ae34949786e6e157b507edb02dd0eae54b23f2017e0c684f8ba4ddb88101773w20h20,sword-shield
tr27,https://cdn.pokedb.org/4ae34949786e6e157b507edb02dd0eae54b23f2017e0c684f8ba4ddb88101773,https://cdn.pokedb.org/4ae34949786e6e157b507edb02dd0eae54b23f2017e0c684f8ba4ddb88101773w20h20,sword-shield
tr28,https://cdn.pokedb.org/4ae34949786e6e157b507edb02dd0eae54b23f2017e0c684f8ba4ddb88101773,https://cdn.pokedb.org/4ae34949786e6e157b507edb02dd0eae54b23f2017e0c684f8ba4ddb88101773w20h20,sword-shield
tr29,https://cdn.pokedb.org/4ae34949786e6e157b507edb02dd0eae54b23f2017e0c684f8ba4ddb88101773,https://cdn.pokedb.org/4ae34949786e6e157b507edb02dd0eae54b23f2017e0c684f8ba4ddb88101773w20h20,sword-shield
tr30,https://cdn.pokedb.org/4ae34949786e6e157b507edb02dd0eae54b23f2017e0c684f8ba4ddb88101773,https://cdn.pokedb.org/4ae34949786e6e157b507edb02dd0eae54b23f2017e0c684f8ba4ddb88101773w20h20,sword-shield
tr31,https://cdn.pokedb.org/4ae34949786e6e157b507edb02dd0eae54b23f2017e0c684f8ba4ddb88101773,https://cdn.pokedb.org/4ae34949786e6e157b507edb02dd0eae54b23f2017e0c684f8ba4ddb88101773w20h20,sword-shield
tr32,https://cdn.pokedb.org/4ae34949786e6e157b507edb02dd0eae54b23f2017e0c684f8ba4ddb88101773,https://cdn.pokedb.org/4ae34949786e6e157b507edb02dd0eae54b23f2017e0c684f8ba4ddb88101773w20h20,sword-shield
tr33,https://cdn.pokedb.org/4ae34949786e6e157b507edb02dd0eae54b23f2017e0c684f8ba4ddb88101773,https://cdn.pokedb.org/4ae34949786e6e157b507edb02dd0eae54b23f2017e0c684f8ba4ddb88101773w20h20,sword-shield
tr34,https://cdn.pokedb.org/4ae34949786e6e157b507edb02dd0eae54b23f2017e0c684f8ba4ddb88101773,https://cdn.pokedb.org/4ae34949786e6e157b507edb02dd0eae54b23f2017e0c684f8ba4ddb88101773w20h20,sword-shield
tr35,https://cdn.pokedb.org/4ae34949786e6e157b507edb02dd0eae54b23f2017e0c684f8ba4ddb88101773,https://cdn.pokedb.org/4ae34949786e6e157b507edb02dd0eae54b23f2017e0c684f8ba4ddb88101773w20h20,sword-shield
tr36,https://cdn.pokedb.org/4ae34949786e6e157b507edb02dd0eae54b23f2017e0c684f8ba4ddb88101773,https://cdn.pokedb.org/4ae34949786e6e157b507edb02dd0eae54b23f2017e0c684f8ba4ddb88101773w20h20,sword-shield
tr37,https://cdn.pokedb.org/4ae34949786e6e157b507edb02dd0eae54b23f2017e0c684f8ba4ddb88101773,https://cdn.pokedb.org/4ae34949786e6e157b507edb02dd0eae54b23f2017e0c684f8ba4ddb88101773w20h20,sword-shield
tr38,https://cdn.pokedb.org/4ae34949786e6e157b507edb02dd0eae54b23f2017e0c684f8ba4ddb88101773,https://cdn.pokedb.org/4ae34949786e6e157b507edb02dd0eae54b23f2017e0c684f8ba4ddb88101773w20h20,sword-shield
tr39,https://cdn.pokedb.org/4ae34949786e6e157b507edb02dd0eae54b23f2017e0c684f8ba4ddb88101773,https://cdn.pokedb.org/4ae34949786e6e157b507edb02dd0eae54b23f2017e0c684f8ba4ddb88101773w20h20,sword-shield
tr40,https://cdn.pokedb.org/4ae34949786e6e157b507edb02dd0eae54b23f2017e0c684f8ba4ddb88101773,https://cdn.pokedb.org/4ae34949786e6e157b507edb02dd0eae54b23f2017e0c684f8ba4ddb88101773w20h20,sword-shield
tr41,https://cdn.pokedb.org/4ae34949786e6e157b507edb02dd0eae54b23f2017e0c684f8ba4ddb88101773,https://cdn.pokedb.org/4ae34949786e6e157b507edb02dd0eae54b23f2017e0c684f8ba4ddb88101773w20h20,sword-shield
tr42,https://cdn.pokedb.org/4ae34949786e6e157b507edb02dd0eae54b23f2017e0c684f8ba4ddb88101773,https://cdn.pokedb.org/4ae34949786e6e157b507edb02dd0eae54b23f2017e0c684f8ba4ddb88101773w20h20,sword-shield
tr43,https://cdn.pokedb.org/4ae34949786e6e157b507edb02dd0eae54b23f2017e0c684f8ba4ddb88101773,https://cdn.pokedb.org/4ae34949786e6e157b507edb02dd0eae54b23f2017e0c684f8ba4ddb88101773w20h20,sword-shield
tr44,https://cdn.pokedb.org/4ae34949786e6e157b507edb02dd0eae54b23f2017e0c684f8ba4ddb88101773,https://cdn.pokedb.org/4ae34949786e6e157b507edb02dd0eae54b23f2017e0c684f8ba4ddb88101773w20h20,sword-shield
tr45,https://cdn.pokedb.org/4ae34949786e6e157b507edb02dd0eae54b23f2017e0c684f8ba4ddb88101773,https://cdn.pokedb.org/4ae34949786e6e157b507edb02dd0eae54b23f2017e0c684f8ba4ddb88101773w20h20,sword-shield
tr46,https://cdn.pokedb.org/4ae34949786e6e157b507edb02dd0eae54b23f2017e0c684f8ba4ddb88101773,https://cdn.pokedb.org/4ae34949786e6e157b507edb02dd0eae54b23f2017e0c684f8ba4ddb88101773w20h20,sword-shield
tr47,https://cdn.pokedb.org/4ae34949786e6e157b507edb02dd0eae54b23f2017e0c684f8ba4ddb88101773,https://cdn.pokedb.org/4ae34949786e6e157b507edb02dd0eae54b23f2017e0c684f8ba4ddb88101773w20h20,sword-shield
tr48,https://cdn.pokedb.org/4ae34949786e6e157b507edb02dd0eae54b23f2017e0c684f8ba4ddb88101773,https://cdn.pokedb.org/4ae34949786e6e157b507edb02dd0eae54b23f2017e0c684f8ba4ddb88101773w20h20,sword-shield
tr49,https://cdn.pokedb.org/4ae34949786e6e157b507edb02dd0eae54b23f2017e0c684f8ba4ddb88101773,https://cdn.pokedb.org/4ae34949786e6e157b507edb02dd0eae54b23f2017e0c684f8ba4ddb88101773w20h20,sword-shield
tr50,https://cdn.pokedb.org/4ae34949786e6e157b507edb02dd0eae54b23f2017e0c684f8ba4ddb88101773,https://cdn.pokedb.org/4ae34949786e6e157b507edb02dd0eae54b23f2017e0c684f8ba4ddb88101773w20h20,sword-shield
tr51,https://cdn.pokedb.org/4ae34949786e6e157b507edb02dd0eae54b23f2017e0c684f8ba4ddb88101773,https://cdn.pokedb.org/4ae34949786e6e157b507edb02dd0eae54b23f2017e0c684f8ba4ddb88101773w20h20,sword-shield
tr52,https://cdn.pokedb.org/4ae34949786e6e157b507edb02dd0eae54b23f2017e0c684f8ba4ddb88101773,https://cdn.pokedb.org/4ae34949786e6e157b507edb02dd0eae54b23f2017e0c684f8ba4ddb88101773w20h20,sword-shield
tr53,https://cdn.pokedb.org/4ae34949786e6e157b507edb02dd0eae54b23f2017e0c684f8ba4ddb88101773,https://cdn.pokedb.org/4ae34949786e6e157b507edb02dd0eae54b23f2017e0c684f8ba4ddb88101773w20h20,sword-shield
tr54,https://cdn.pokedb.org/4ae34949786e6e157b507edb02dd0eae54b23f2017e0c684f8ba4ddb88101773,https://cdn.pokedb.org/4ae34949786e6e157b507edb02dd0eae54b23f2017e0c684f8ba4ddb88101773w20h20,sword-shield
tr55,https://cdn.pokedb.org/4ae34949786e6e157b507edb02dd0eae54b23f2017e0c684f8ba4ddb88101773,https://cdn.pokedb.org/4ae34949786e6e157b507edb02dd0eae54b23f2017e0c684f8ba4ddb88101773w20h20,sword-shield
tr56,https://cdn.pokedb.org/4ae34949786e6e157b507edb02dd0eae54b23f2017e0c684f8ba4ddb88101773,https://cdn.pokedb.org/4ae34949786e6e157b507edb02dd0eae54b23f2017e0c684f8ba4ddb88101773w20h20,sword-shield
tr57,https://cdn.pokedb.org/4ae34949786e6e157b507edb02dd0eae54b23f2017e0c684f8ba4ddb88101773,https://cdn.pokedb.org/4ae34949786e6e157b507edb02dd0eae54b23f2017e0c684f8ba4ddb88101773w20h20,sword-shield
tr58,https://cdn.pokedb.org/4ae34949786e6e157b507edb02dd0eae54b23f2017e0c684f8ba4ddb88101773,https://cdn.pokedb.org/4ae34949786e6e157b507edb02dd0eae54b23f2017e0c684f8ba4ddb88101773w20h20,sword-shield
tr59,https://cdn.pokedb.org/4ae34949786e6e157b507edb02dd0eae54b23f2017e0c684f8ba4ddb88101773,https://cdn.pokedb.org/4ae34949786e6e157b507edb02dd0eae54b23f2017e0c684f8ba4ddb88101773w20h20,sword-shield
tr60,https://cdn.pokedb.org/4ae34949786e6e157b507edb02dd0eae54b23f2017e0c684f8ba4ddb88101773,https://cdn.pokedb.org/4ae34949786e6e157b507edb02dd0eae54b23f2017e0c684f8ba4ddb88101773w20h20,sword-shield
tr61,https://cdn.pokedb.org/4ae34949786e6e157b507edb02dd0eae54b23f2017e0c684f8ba4ddb88101773,https://cdn.pokedb.org/4ae34949786e6e157b507edb02dd0eae54b23f2017e0c684f8ba4ddb88101773w20h20,sword-shield
tr62,https://cdn.pokedb.org/4ae34949786e6e157b507edb02dd0eae54b23f2017e0c684f8ba4ddb88101773,https://cdn.pokedb.org/4ae34949786e6e157b507edb02dd0eae54b23f2017e0c684f8ba4ddb88101773w20h20,sword-shield
tr63,https://cdn.pokedb.org/4ae34949786e6e157b507edb02dd0eae54b23f2017e0c684f8ba4ddb88101773,https://cdn.pokedb.org/4ae34949786e6e157b507edb02dd0eae54b23f2017e0c684f8ba4ddb88101773w20h20,sword-shield
tr64,https://cdn.pokedb.org/4ae34949786e6e157b507edb02dd0eae54b23f2017e0c684f8ba4ddb88101773,https://cdn.pokedb.org/4ae34949786e6e157b507edb02dd0eae54b23f2017e0c684f8ba4ddb88101773w20h20,sword-shield
tr65,https://cdn.pokedb.org/4ae34949786e6e157b507edb02dd0eae54b23f2017e0c684f8ba4ddb88101773,https://cdn.pokedb.org/4ae34949786e6e157b507edb02dd0eae54b23f2017e0c684f8ba4ddb88101773w20h20,sword-shield
tr66,https://cdn.pokedb.org/4ae34949786e6e157b507edb02dd0eae54b23f2017e0c684f8ba4ddb88101773,https://cdn.pokedb.org/4ae34949786e6e157b507edb02dd0eae54b23f2017e0c684f8ba4ddb88101773w20h20,sword-shield
tr67,https://cdn.pokedb.org/4ae34949786e6e157b507edb02dd0eae54b23f2017e0c684f8ba4ddb88101773,https://cdn.pokedb.org/4ae34949786e6e157b507edb02dd0eae54b23f2017e0c684f8ba4ddb88101773w20h20,sword-shield
tr68,https://cdn.pokedb.org/4ae34949786e6e157b507edb02dd0eae54b23f2017e0c684f8ba4ddb88101773,https://cdn.pokedb.org/4ae34949786e6e157b507edb02dd0eae54b23f2017e0c684f8ba4ddb88101773w20h20,sword-shield
tr69,https://cdn.pokedb.org/4ae34949786e6e157b507edb02dd0eae54b23f2017e0c684f8ba4ddb88101773,https://cdn.pokedb.org/4ae34949786e6e157b507edb02dd0eae54b23f2017e0c684f8ba4ddb88101773w20h20,sword-shield
tr70,https://cdn.pokedb.org/4ae34949786e6e157b507edb02dd0eae54b23f2017e0c684f8ba4ddb88101773,https://cdn.pokedb.org/4ae34949786e6e157b507edb02dd0eae54b23f2017e0c684f8ba4ddb88101773w20h20,sword-shield
tr71,https://cdn.pokedb.org/4ae34949786e6e157b507edb02dd0eae54b23f2017e0c684f8ba4ddb88101773,https://cdn.pokedb.org/4ae34949786e6e157b507edb02dd0eae54b23f2017e0c684f8ba4ddb88101773w20h20,sword-shield
tr72,https://cdn.pokedb.org/4ae34949786e6e157b507edb02dd0eae54b23f2017e0c684f8ba4ddb88101773,https://cdn.pokedb.org/4ae34949786e6e157b507edb02dd0eae54b23f2017e0c684f8ba4ddb88101773w20h20,sword-shield
tr73,https://cdn.pokedb.org/4ae34949786e6e157b507edb02dd0eae54b23f2017e0c684f8ba4ddb88101773,https://cdn.pokedb.org/4ae34949786e6e157b507edb02dd0eae54b23f2017e0c684f8ba4ddb88101773w20h20,sword-shield
tr74,https://cdn.pokedb.org/4ae34949786e6e157b507edb02dd0eae54b23f2017e0c684f8ba4ddb88101773,https://cdn.pokedb.org/4ae34949786e6e157b507edb02dd0eae54b23f2017e0c684f8ba4ddb88101773w20h20,sword-shield
tr75,https://cdn.pokedb.org/4ae34949786e6e157b507edb02dd0eae54b23f2017e0c684f8ba4ddb88101773,https://cdn.pokedb.org/4ae34949786e6e157b507edb02dd0eae54b23f2017e0c684f8ba4ddb88101773w20h20,sword-shield
tr76,https://cdn.pokedb.org/4ae34949786e6e157b507edb02dd0eae54b23f2017e0c684f8ba4ddb88101773,https://cdn.pokedb.org/4ae34949786e6e157b507edb02dd0eae54b23f2017e0c684f8ba4ddb88101773w20h20,sword-shield
tr77,https://cdn.pokedb.org/4ae34949786e6e157b507edb02dd0eae54b23f2017e0c684f8ba4ddb88101773,https://cdn.pokedb.org/4ae34949786e6e157b507edb02dd0eae54b23f2017e0c684f8ba4ddb88101773w20h20,sword-shield
tr78,https://cdn.pokedb.org/4ae34949786e6e157b507edb02dd0eae54b23f2017e0c684f8ba4ddb88101773,https://cdn.pokedb.org/4ae34949786e6e157b507edb02dd0eae54b23f2017e0c684f8ba4ddb88101773w20h20,sword-shield
tr79,https://cdn.pokedb.org/4ae34949786e6e157b507edb02dd0eae54b23f2017e0c684f8ba4ddb88101773,https://cdn.pokedb.org/4ae34949786e6e157b507edb02dd0eae54b23f2017e0c684f8ba4ddb88101773w20h20,sword-shield
tr80,https://cdn.pokedb.org/4ae34949786e6e157b507edb02dd0eae54b23f2017e0c684f8ba4ddb88101773,https://cdn.pokedb.org/4ae34949786e6e157b507edb02dd0eae54b23f2017e0c684f8ba4ddb88101773w20h20,sword-shield
tr81,https://cdn.pokedb.org/4ae34949786e6e157b507edb02dd0eae54b23f2017e0c684f8ba4ddb88101773,https://cdn.pokedb.org/4ae34949786e6e157b507edb02dd0eae54b23f2017e0c684f8ba4ddb88101773w20h20,sword-shield
tr82,https://cdn.pokedb.org/4ae34949786e6e157b507edb02dd0eae54b23f2017e0c684f8ba4ddb88101773,https://cdn.pokedb.org/4ae34949786e6e157b507edb02dd0eae54b23f2017e0c684f8ba4ddb88101773w20h20,sword-shield
tr83,https://cdn.pokedb.org/4ae34949786e6e157b507edb02dd0eae54b23f2017e0c684f8ba4ddb88101773,https://cdn.pokedb.org/4ae34949786e6e157b507edb02dd0eae54b23f2017e0c684f8ba4ddb88101773w20h20,sword-shield
tr84,https://cdn.pokedb.org/4ae34949786e6e157b507edb02dd0eae54b23f2017e0c684f8ba4ddb88101773,https://cdn.pokedb.org/4ae34949786e6e157b507edb02dd0eae54b23f2017e0c684f8ba4ddb88101773w20h20,sword-shield
tr85,https://cdn.pokedb.org/4ae34949786e6e157b507edb02dd0eae54b23f2017e0c684f8ba4ddb88101773,https://cdn.pokedb.org/4ae34949786e6e157b507edb02dd0eae54b23f2017e0c684f8ba4ddb88101773w20h20,sword-shield
tr86,https://cdn.pokedb.org/4ae34949786e6e157b507edb02dd0eae54b23f2017e0c684f8ba4ddb88101773,https://cdn.pokedb.org/4ae34949786e6e157b507edb02dd0eae54b23f2017e0c684f8ba4ddb88101773w20h20,sword-shield
tr87,https://cdn.pokedb.org/4ae34949786e6e157b507edb02dd0eae54b23f2017e0c684f8ba4ddb88101773,https://cdn.pokedb.org/4ae34949786e6e157b507edb02dd0eae54b23f2017e0c684f8ba4ddb88101773w20h20,sword-shield
tr88,https://cdn.pokedb.org/4ae34949786e6e157b507edb02dd0eae54b23f2017e0c684f8ba4ddb88101773,https://cdn.pokedb.org/4ae34949786e6e157b507edb02dd0eae54b23f2017e0c684f8ba4ddb88101773w20h20,sword-shield
tr89,https://cdn.pokedb.org/4ae34949786e6e157b507edb02dd0eae54b23f2017e0c684f8ba4ddb88101773,https://cdn.pokedb.org/4ae34949786e6e157b507edb02dd0eae54b23f2017e0c684f8ba4ddb88101773w20h20,sword-shield
tr90,https://cdn.pokedb.org/4ae34949786e6e157b507edb02dd0eae54b23f2017e0c684f8ba4ddb88101773,https://cdn.pokedb.org/4ae34949786e6e157b507edb02dd0eae54b23f2017e0c684f8ba4ddb88101773w20h20,sword-shield
tr91,https://cdn.pokedb.org/4ae34949786e6e157b507edb02dd0eae54b23f2017e0c684f8ba4ddb88101773,https://cdn.pokedb.org/4ae34949786e6e157b507edb02dd0eae54b23f2017e0c684f8ba4ddb88101773w20h20,sword-shield
tr92,https://cdn.pokedb.org/4ae34949786e6e157b507edb02dd0eae54b23f2017e0c684f8ba4ddb88101773,https://cdn.pokedb.org/4ae34949786e6e157b507edb02dd0eae54b23f2017e0c684f8ba4ddb88101773w20h20,sword-shield
tr93,https://cdn.pokedb.org/4ae34949786e6e157b507edb02dd0eae54b23f2017e0c684f8ba4ddb88101773,https://cdn.pokedb.org/4ae34949786e6e157b507edb02dd0eae54b23f2017e0c684f8ba4ddb88101773w20h20,sword-shield
tr94,https://cdn.pokedb.org/4ae34949786e6e157b507edb02dd0eae54b23f2017e0c684f8ba4ddb88101773,https://cdn.pokedb.org/4ae34949786e6e157b507edb02dd0eae54b23f2017e0c684f8ba4ddb88101773w20h20,sword-shield
tr95,https://cdn.pokedb.org/4ae34949786e6e157b507edb02dd0eae54b23f2017e0c684f8ba4ddb88101773,https://cdn.pokedb.org/4ae34949786e6e157b507edb02dd0eae54b23f2017e0c684f8ba4ddb88101773w20h20,sword-shield
tr96,https://cdn.pokedb.org/4ae34949786e6e157b507edb02dd0eae54b23f2017e0c684f8ba4ddb88101773,https://cdn.pokedb.org/4ae34949786e6e157b507edb02dd0eae54b23f2017e0c684f8ba4ddb88101773w20h20,sword-shield
tr97,https://cdn.pokedb.org/4ae34949786e6e157b507edb02dd0eae54b23f2017e0c684f8ba4ddb88101773,https://cdn.pokedb.org/4ae34949786e6e157b507edb02dd0eae54b23f2017e0c684f8ba4ddb88101773w20h20,sword-shield
tr98,https://cdn.pokedb.org/4ae34949786e6e157b507edb02dd0eae54b23f2017e0c684f8ba4ddb88101773,https://cdn.pokedb.org/4ae34949786e6e157b507edb02dd0eae54b23f2017e0c684f8ba4ddb88101773w20h20,sword-shield
tr99,https://cdn.pokedb.org/4ae34949786e6e157b507edb02dd0eae54b23f2017e0c684f8ba4ddb88101773,https://cdn.pokedb.org/4ae34949786e6e157b507edb02dd0eae54b23f2017e0c684f8ba4ddb88101773w20h20,sword-shield
trapinch-shell,https://cdn.pokedb.org/d93fb90bdc2ee50ccb8f262d9e69f5cbd26e7e6c1bbbc5a2d18d5302aa55ed45,https://cdn.pokedb.org/d93fb90bdc2ee50ccb8f262d9e69f5cbd26e7e6c1bbbc5a2d18d5302aa55ed45w20h20,scarlet-violet
travel-trunk,https://cdn.pokedb.org/292774cfd540f30ddae86ec5e1eb99a378ee3438407b841a0c7ab222586ccada,https://cdn.pokedb.org/292774cfd540f30ddae86ec5e1eb99a378ee3438407b841a0c7ab222586ccadaw20h20,x-y
travel-trunk,https://cdn.pokedb.org/15c0aeae76f4406de815bd126efa31715a1f789785311843800ceef1e1794aa2,https://cdn.pokedb.org/15c0aeae76f4406de815bd126efa31715a1f789785311843800ceef1e1794aa2w20h20,x-y
tri-pass,https://cdn.pokedb.org/5d0750538a0e6c9970ca8e8bea706a010cc12b7bf9d6bc19fe22b88a9bb17dcb,https://cdn.pokedb.org/5d0750538a0e6c9970ca8e8bea706a010cc12b7bf9d6bc19fe22b88a9bb17dcbw20h20,firered-leafgreen
tropic-mail,https://cdn.pokedb.org/c26b888d24b01a5847f4075fe24bc44f8a4058285342266b094b9652496def6b,https://cdn.pokedb.org/c26b888d24b01a5847f4075fe24bc44f8a4058285342266b094b9652496def6bw20h20,firered-leafgreen
tropical-shell,https://cdn.pokedb.org/77944735c5132f3fa768ae2a663d07d6c2edfd24c9435e3c6290037369f0f60b,https://cdn.pokedb.org/77944735c5132f3fa768ae2a663d07d6c2edfd24c9435e3c6290037369f0f60bw20h20,lets-go-pikachu-lets-go-eevee
tropius-leaf,https://cdn.pokedb.org/d93fb90bdc2ee50ccb8f262d9e69f5cbd26e7e6c1bbbc5a2d18d5302aa55ed45,https://cdn.pokedb.org/d93fb90bdc2ee50ccb8f262d9e69f5cbd26e7e6c1bbbc5a2d18d5302aa55ed45w20h20,scarlet-violet
tunnel-mail,https://cdn.pokedb.org/38641d78f0fb6fa298fd3e6efbcdf34fc43d605dcc1803edafd91fc83e17d010,https://cdn.pokedb.org/38641d78f0fb6fa298fd3e6efbcdf34fc43d605dcc1803edafd91fc83e17d010w20h20,diamond-pearl
twisted-spoon,https://cdn.pokedb.org/509ec5874d37f5a2e0f4000c86891705a66023da3f2055372645e4e602ff8ae3,https://cdn.pokedb.org/509ec5874d37f5a2e0f4000c86891705a66023da3f2055372645e4e602ff8ae3w20h20,scarlet-violet
twisted-spoon,https://cdn.pokedb.org/7ea2bd49354bfc51e2f3a7e80ad1f3d53bad8992c29040f5576d2e25bc0f251c,https://cdn.pokedb.org/7ea2bd49354bfc51e2f3a7e80ad1f3d53bad8992c29040f5576d2e25bc0f251cw20h20,brilliant-diamond-shining-pearl
twisted-spoon,https://cdn.pokedb.org/636f386f6e8d1bb2ad60d562ebadfd0144b65bf8e843bf2dc3d21ab9b2a6fbb6,https://cdn.pokedb.org/636f386f6e8d1bb2ad60d562ebadfd0144b65bf8e843bf2dc3d21ab9b2a6fbb6w20h20,firered-leafgreen
tynamo-slime,https://cdn.pokedb.org/d93fb90bdc2ee50ccb8f262d9e69f5cbd26e7e6c1bbbc5a2d18d5302aa55ed45,https://cdn.pokedb.org/d93fb90bdc2ee50ccb8f262d9e69f5cbd26e7e6c1bbbc5a2d18d5302aa55ed45w20h20,scarlet-violet
tyranitarite,https://cdn.pokedb.org/9bf88b1f202ca879851ee0f478b8173ff4115786ec7c58dcc816462ccf49c11c,https://cdn.pokedb.org/9bf88b1f202ca879851ee0f478b8173ff4115786ec7c58dcc816462ccf49c11cw20h20,x-y
tyrogue-sweat,https://cdn.pokedb.org/d93fb90bdc2ee50ccb8f262d9e69f5cbd26e7e6c1bbbc5a2d18d5302aa55ed45,https://cdn.pokedb.org/d93fb90bdc2ee50ccb8f262d9e69f5cbd26e7e6c1bbbc5a2d18d5302aa55ed45w20h20,scarlet-violet
ultra-ball,https://cdn.pokedb.org/fabfcbc7db8b409a0c2eea102eea55816b551a4156a1a355a4dcbb336fcf362e,https://cdn.pokedb.org/fabfcbc7db8b409a0c2eea102eea55816b551a4156a1a355a4dcbb336fcf362ew20h20,legends-arceus
ultra-ball,https://cdn.pokedb.org/bec1c725c46c0d5309d304811b654df5466173532c98994a102b6d950a89496e,https://cdn.pokedb.org/bec1c725c46c0d5309d304811b654df5466173532c98994a102b6d950a89496ew20h20,home
ultra-ball,https://cdn.pokedb.org/6e636c37772d6157685ace6d68db0a79bfb8ae78312ecc043c5f8702065385b9,https://cdn.pokedb.org/6e636c37772d6157685ace6d68db0a79bfb8ae78312ecc043c5f8702065385b9w20h20,home-mobile
ultra-ball,https://cdn.pokedb.org/b92d636a828d21a0c3dc5ba07c76344673258a8422d6a6db3bec384f93b62220,https://cdn.pokedb.org/b92d636a828d21a0c3dc5ba07c76344673258a8422d6a6db3bec384f93b62220w20h20,firered-leafgreen
ultra-ball,https://cdn.pokedb.org/8c8480e8b759809561c2481c5b4bb674d8d4facfba769ad72d46b7addf9264bd,https://cdn.pokedb.org/8c8480e8b759809561c2481c5b4bb674d8d4facfba769ad72d46b7addf9264bdw20h20,brilliant-diamond-shining-pearl
ultra-ball,https://cdn.pokedb.org/54db341019aa4fe41b41268bc6beac43ce1ba05ae4909e5c0ae699bc30c4ffb8,https://cdn.pokedb.org/54db341019aa4fe41b41268bc6beac43ce1ba05ae4909e5c0ae699bc30c4ffb8w20h20,home-mobile
ultra-ball,https://cdn.pokedb.org/b7ab61fc5436f16c90ff340b490e7a5bc5690bc2bb239b09514bb524310af38d,https://cdn.pokedb.org/b7ab61fc5436f16c90ff340b490e7a5bc5690bc2bb239b09514bb524310af38dw20h20,scarlet-violet
ultranecrozium-z,https://cdn.pokedb.org/40bab94fb81895f16d716c4c7d134c9fc33a44b42f3379d6035683dc3f86c60b,https://cdn.pokedb.org/40bab94fb81895f16d716c4c7d134c9fc33a44b42f3379d6035683dc3f86c60bw20h20,ultra-sun-ultra-moon
ultranecrozium-z,https://cdn.pokedb.org/3eaf8dbcd3f5a2e64e5a66f07744d6b71a711e0a512108b88468cb0685de717b,https://cdn.pokedb.org/3eaf8dbcd3f5a2e64e5a66f07744d6b71a711e0a512108b88468cb0685de717bw20h20,ultra-sun-ultra-moon
unown-report,https://cdn.pokedb.org/9e195eb700f239bba8e6f646223c5c7939b7ad82d7fd7e0b82f663d27fbf1681,https://cdn.pokedb.org/9e195eb700f239bba8e6f646223c5c7939b7ad82d7fd7e0b82f663d27fbf1681w20h20,heartgold-soulsilver
unremarkable-teacup,https://cdn.pokedb.org/b506b6cafdc9e910da41275fbdffee833eb2f4ff71b423f5d3a8f69211f9fc37,https://cdn.pokedb.org/b506b6cafdc9e910da41275fbdffee833eb2f4ff71b423f5d3a8f69211f9fc37w20h20,scarlet-violet
upgrade,https://cdn.pokedb.org/326156a2e128327206fcaedbca913877961de3c5eecfa5b0f6edef2720bc666a,https://cdn.pokedb.org/326156a2e128327206fcaedbca913877961de3c5eecfa5b0f6edef2720bc666aw20h20,scarlet-violet
upgrade,https://cdn.pokedb.org/395bc19cd985e874e80ea5bb0dffb528804f4d5334b642948162705a187df413,https://cdn.pokedb.org/395bc19cd985e874e80ea5bb0dffb528804f4d5334b642948162705a187df413w20h20,legends-arceus
upgrade,https://cdn.pokedb.org/477edce345574266ac5e9535a98ff0d1d28af36dbf9b882c1d3581b4722b332d,https://cdn.pokedb.org/477edce345574266ac5e9535a98ff0d1d28af36dbf9b882c1d3581b4722b332dw20h20,brilliant-diamond-shining-pearl
upgrade,https://cdn.pokedb.org/d1aee6a29248dd7b4b4bd2d9b9d0f668ee4a52da4832558b4c36c0740b382f44,https://cdn.pokedb.org/d1aee6a29248dd7b4b4bd2d9b9d0f668ee4a52da4832558b4c36c0740b382f44w20h20,firered-leafgreen
utility-umbrella,https://cdn.pokedb.org/e16df83ec4858600960fb03231a4c77632fbc87a5da0cd79b900a02f969cccc5,https://cdn.pokedb.org/e16df83ec4858600960fb03231a4c77632fbc87a5da0cd79b900a02f969cccc5w20h20,scarlet-violet
utility-umbrella,https://cdn.pokedb.org/c4809debb99b3d426a16449ba19fc461fc1974261218a227e988e1fee3d25612,https://cdn.pokedb.org/c4809debb99b3d426a16449ba19fc461fc1974261218a227e988e1fee3d25612w20h20,sword-shield
varoom-fume,https://cdn.pokedb.org/d93fb90bdc2ee50ccb8f262d9e69f5cbd26e7e6c1bbbc5a2d18d5302aa55ed45,https://cdn.pokedb.org/d93fb90bdc2ee50ccb8f262d9e69f5cbd26e7e6c1bbbc5a2d18d5302aa55ed45w20h20,scarlet-violet
vee-vee-pick,https://cdn.pokedb.org/69295ed4a7b4fa84f5af830ac5945b1da8d4889391e7886c6432ab9c16239824,https://cdn.pokedb.org/69295ed4a7b4fa84f5af830ac5945b1da8d4889391e7886c6432ab9c16239824w20h20,scarlet-violet
veluza-fillet,https://cdn.pokedb.org/d93fb90bdc2ee50ccb8f262d9e69f5cbd26e7e6c1bbbc5a2d18d5302aa55ed45,https://cdn.pokedb.org/d93fb90bdc2ee50ccb8f262d9e69f5cbd26e7e6c1bbbc5a2d18d5302aa55ed45w20h20,scarlet-violet
venonat-candy,https://cdn.pokedb.org/d2ef50f2549ea7bb679dab2de3a08fbaa9fe39840b06b588b53c859360df9045,https://cdn.pokedb.org/d2ef50f2549ea7bb679dab2de3a08fbaa9fe39840b06b588b53c859360df9045w20h20,go
venonat-fang,https://cdn.pokedb.org/d93fb90bdc2ee50ccb8f262d9e69f5cbd26e7e6c1bbbc5a2d18d5302aa55ed45,https://cdn.pokedb.org/d93fb90bdc2ee50ccb8f262d9e69f5cbd26e7e6c1bbbc5a2d18d5302aa55ed45w20h20,scarlet-violet
venusaurite,https://cdn.pokedb.org/962567a47a37ab587976347c0d7ce29eb0c03fd5f3fed6698c7dbfe276bd3e14,https://cdn.pokedb.org/962567a47a37ab587976347c0d7ce29eb0c03fd5f3fed6698c7dbfe276bd3e14w20h20,x-y
vinegar,https://cdn.pokedb.org/8b5c45945d040c77b972f2bf7d1bc2f939e8fb516c8732386e23863ec26bf2b4,https://cdn.pokedb.org/8b5c45945d040c77b972f2bf7d1bc2f939e8fb516c8732386e23863ec26bf2b4w20h20,scarlet-violet
violet-book,https://cdn.pokedb.org/623ee66e0ced6392848b8fe8542051beadc7fb3bd21989d7fa7c32dc6548baab,https://cdn.pokedb.org/623ee66e0ced6392848b8fe8542051beadc7fb3bd21989d7fa7c32dc6548baabw20h20,scarlet-violet
virizion-treat,https://cdn.pokedb.org/11396ecb0ac496e1454467b99bdc139e62287d80089b8eba679dc61d57b11c9c,https://cdn.pokedb.org/11396ecb0ac496e1454467b99bdc139e62287d80089b8eba679dc61d57b11c9cw20h20,the-indigo-disk
volbeat-fluid,https://cdn.pokedb.org/d93fb90bdc2ee50ccb8f262d9e69f5cbd26e7e6c1bbbc5a2d18d5302aa55ed45,https://cdn.pokedb.org/d93fb90bdc2ee50ccb8f262d9e69f5cbd26e7e6c1bbbc5a2d18d5302aa55ed45w20h20,scarlet-violet
voltorb-candy,https://cdn.pokedb.org/0945d60a0313e0dabc003e6b6a916ebdf04cbbd5f4c1eaa3d52a6e6df992ed06,https://cdn.pokedb.org/0945d60a0313e0dabc003e6b6a916ebdf04cbbd5f4c1eaa3d52a6e6df992ed06w20h20,go
voltorb-sparks,https://cdn.pokedb.org/d93fb90bdc2ee50ccb8f262d9e69f5cbd26e7e6c1bbbc5a2d18d5302aa55ed45,https://cdn.pokedb.org/d93fb90bdc2ee50ccb8f262d9e69f5cbd26e7e6c1bbbc5a2d18d5302aa55ed45w20h20,scarlet-violet
vs-recorder,https://cdn.pokedb.org/69737a6b3355ac75b668c3d85fe2d70f44f476976cd78ed3d70651bbfc08ff5d,https://cdn.pokedb.org/69737a6b3355ac75b668c3d85fe2d70f44f476976cd78ed3d70651bbfc08ff5dw20h20,black-white
vs-recorder,https://cdn.pokedb.org/aa2173ea284ca8c5f82537947d4d306f95da1e1e73d5fae2ef46a6fef8c76c51,https://cdn.pokedb.org/aa2173ea284ca8c5f82537947d4d306f95da1e1e73d5fae2ef46a6fef8c76c51w20h20,platinum
vs-seeker,https://cdn.pokedb.org/88ee7f50b0dd058d1374abea1246305a5333d5fd86ed63ef911c96b42ff58a58,https://cdn.pokedb.org/88ee7f50b0dd058d1374abea1246305a5333d5fd86ed63ef911c96b42ff58a58w20h20,brilliant-diamond-shining-pearl
vs-seeker,https://cdn.pokedb.org/961367100018de1d0bb34fa075800fb2c7420747ac489cd00d5cba1fb6d321e6,https://cdn.pokedb.org/961367100018de1d0bb34fa075800fb2c7420747ac489cd00d5cba1fb6d321e6w20h20,firered-leafgreen
vullaby-feather,https://cdn.pokedb.org/d93fb90bdc2ee50ccb8f262d9e69f5cbd26e7e6c1bbbc5a2d18d5302aa55ed45,https://cdn.pokedb.org/d93fb90bdc2ee50ccb8f262d9e69f5cbd26e7e6c1bbbc5a2d18d5302aa55ed45w20h20,scarlet-violet
vulpix-candy,https://cdn.pokedb.org/de0eeb80b7c04efdd79d1df21cf967a7d2e8bbf2220a16276e1fae5a5094d216,https://cdn.pokedb.org/de0eeb80b7c04efdd79d1df21cf967a7d2e8bbf2220a16276e1fae5a5094d216w20h20,go
vulpix-fur,https://cdn.pokedb.org/d93fb90bdc2ee50ccb8f262d9e69f5cbd26e7e6c1bbbc5a2d18d5302aa55ed45,https://cdn.pokedb.org/d93fb90bdc2ee50ccb8f262d9e69f5cbd26e7e6c1bbbc5a2d18d5302aa55ed45w20h20,scarlet-violet
wacan-berry,https://cdn.pokedb.org/1b3ecaae06090bb46aa3a03d88bd6103c7635d5d604c3a33d434ede4063c1cf4,https://cdn.pokedb.org/1b3ecaae06090bb46aa3a03d88bd6103c7635d5d604c3a33d434ede4063c1cf4w20h20,diamond-pearl
wacan-berry,https://cdn.pokedb.org/ac5d9ee5881599e897bd36a9c08f1c2b562f43f80c3c44270c48b831082daeff,https://cdn.pokedb.org/ac5d9ee5881599e897bd36a9c08f1c2b562f43f80c3c44270c48b831082daeffw20h20,brilliant-diamond-shining-pearl
wacan-berry,https://cdn.pokedb.org/3b272a6e9bfd8ab9d303061abf4da3a11f8ed5fd81a4291fb9ae5e798ae3183e,https://cdn.pokedb.org/3b272a6e9bfd8ab9d303061abf4da3a11f8ed5fd81a4291fb9ae5e798ae3183ew20h20,scarlet-violet
wailmer-pail,https://cdn.pokedb.org/9b6f945f241d063e0d5fda2066b51bdb49058b739b39c6e83ebe2733cc273c6d,https://cdn.pokedb.org/9b6f945f241d063e0d5fda2066b51bdb49058b739b39c6e83ebe2733cc273c6dw20h20,firered-leafgreen
wasabi,https://cdn.pokedb.org/6df14d24a3e8f18c364490168e2afc99f7d98dbac3bec664da2aebf244d0246d,https://cdn.pokedb.org/6df14d24a3e8f18c364490168e2afc99f7d98dbac3bec664da2aebf244d0246dw20h20,scarlet-violet
water-gem,https://cdn.pokedb.org/ef987e8b911853141da27e1651acfe74a332bf471e6f28212216f7d1fe67be22,https://cdn.pokedb.org/ef987e8b911853141da27e1651acfe74a332bf471e6f28212216f7d1fe67be22w20h20,black-white
water-memory,https://cdn.pokedb.org/35cec2105185a3ecf316e4f0373ddf8e0ffc6016055a9a337e3e87992c626066,https://cdn.pokedb.org/35cec2105185a3ecf316e4f0373ddf8e0ffc6016055a9a337e3e87992c626066w20h20,sun-moon
water-stone,https://cdn.pokedb.org/1b7a84724c12a1298eea753b74110e7cb4cc2a958dce877dd4b274312c86606f,https://cdn.pokedb.org/1b7a84724c12a1298eea753b74110e7cb4cc2a958dce877dd4b274312c86606fw20h20,legends-arceus
water-stone,https://cdn.pokedb.org/33e99ec5f8f02735ecb7c7dc473292956dee0191cb3354d277c95820341e0f4b,https://cdn.pokedb.org/33e99ec5f8f02735ecb7c7dc473292956dee0191cb3354d277c95820341e0f4bw20h20,firered-leafgreen
water-stone,https://cdn.pokedb.org/cf9ed4e2d4b434ce22fe34e7b6d738f3bd4bd634169ddb04f05d13cf85ad56aa,https://cdn.pokedb.org/cf9ed4e2d4b434ce22fe34e7b6d738f3bd4bd634169ddb04f05d13cf85ad56aaw20h20,scarlet-violet
water-tera-shard,https://cdn.pokedb.org/853ca3dd0d7b3558e40324a0cb7c72a393332d07cb2f2d9a75e8aa7c5fb631d9,https://cdn.pokedb.org/853ca3dd0d7b3558e40324a0cb7c72a393332d07cb2f2d9a75e8aa7c5fb631d9w20h20,scarlet-violet
watercress,https://cdn.pokedb.org/8de1b1366d62321cc62a32a63cb7e613173f36c163a574c18ede7ea3b482a4e5,https://cdn.pokedb.org/8de1b1366d62321cc62a32a63cb7e613173f36c163a574c18ede7ea3b482a4e5w20h20,scarlet-violet
waterium-z,https://cdn.pokedb.org/e3e6c5b40ce4d6a906d4ee6308e4ed369832227c399c10ebca231b4409a6a429,https://cdn.pokedb.org/e3e6c5b40ce4d6a906d4ee6308e4ed369832227c399c10ebca231b4409a6a429w20h20,sun-moon
waterium-z,https://cdn.pokedb.org/9b6a5f74e919bc965aa03ca486adda7ce4ef674ffe7f02c8dd01d39bcd8fe20e,https://cdn.pokedb.org/9b6a5f74e919bc965aa03ca486adda7ce4ef674ffe7f02c8dd01d39bcd8fe20ew20h20,sun-moon
watmel-berry,https://cdn.pokedb.org/c7195f1306ca625a3335947638c8c2d81dbf00efdd24464bc6d82f66778b46b2,https://cdn.pokedb.org/c7195f1306ca625a3335947638c8c2d81dbf00efdd24464bc6d82f66778b46b2w20h20,firered-leafgreen
watmel-berry,https://cdn.pokedb.org/4e14dd6ccda1c57eab951e38682605bdb4828cc5c1417a03e90f5fab41f0ed25,https://cdn.pokedb.org/4e14dd6ccda1c57eab951e38682605bdb4828cc5c1417a03e90f5fab41f0ed25w20h20,scarlet-violet
watmel-berry,https://cdn.pokedb.org/83e636c32f0895c5c04d4fd75d027531310bbd7a2f9eac4c5824c925ea55b412,https://cdn.pokedb.org/83e636c32f0895c5c04d4fd75d027531310bbd7a2f9eac4c5824c925ea55b412w20h20,brilliant-diamond-shining-pearl
watmel-berry,https://cdn.pokedb.org/de5bc9a1f41cbf3eb855bd659d6544fb3cd08ce65c86bf40ae117a9b327b4064,https://cdn.pokedb.org/de5bc9a1f41cbf3eb855bd659d6544fb3cd08ce65c86bf40ae117a9b327b4064w20h20,ruby-sapphire
wattrel-feather,https://cdn.pokedb.org/d93fb90bdc2ee50ccb8f262d9e69f5cbd26e7e6c1bbbc5a2d18d5302aa55ed45,https://cdn.pokedb.org/d93fb90bdc2ee50ccb8f262d9e69f5cbd26e7e6c1bbbc5a2d18d5302aa55ed45w20h20,scarlet-violet
wave-incense,https://cdn.pokedb.org/1188eac17916728509f803c3890793134913657cd6562190c9126aecc1db161f,https://cdn.pokedb.org/1188eac17916728509f803c3890793134913657cd6562190c9126aecc1db161fw20h20,diamond-pearl
wave-incense,https://cdn.pokedb.org/867659013289092c0d9c16c60cfe7c4de4d85d6ba31196c26d65cef0bd443914,https://cdn.pokedb.org/867659013289092c0d9c16c60cfe7c4de4d85d6ba31196c26d65cef0bd443914w20h20,scarlet-violet
wave-incense,https://cdn.pokedb.org/e20d78f40710a78f580d90af644600b27c219cbc84aba2eba493cee19aba0dc6,https://cdn.pokedb.org/e20d78f40710a78f580d90af644600b27c219cbc84aba2eba493cee19aba0dc6w20h20,brilliant-diamond-shining-pearl
wave-mail,https://cdn.pokedb.org/c41b41f00a4f3f8052d502c2c5f80e565c9a00aec4770c17ade036075cf6c666,https://cdn.pokedb.org/c41b41f00a4f3f8052d502c2c5f80e565c9a00aec4770c17ade036075cf6c666w20h20,firered-leafgreen
weakness-policy,https://cdn.pokedb.org/b31390cb7fd3a7e1149fa7d609d492ac2adb7dc268eeb29be8840b31c9189653,https://cdn.pokedb.org/b31390cb7fd3a7e1149fa7d609d492ac2adb7dc268eeb29be8840b31c9189653w20h20,scarlet-violet
weakness-policy,https://cdn.pokedb.org/088406350719488c4b2aa179c8fb6ad724e9aa64ce637b416196360132e842e5,https://cdn.pokedb.org/088406350719488c4b2aa179c8fb6ad724e9aa64ce637b416196360132e842e5w20h20,x-y
weedle-candy,https://cdn.pokedb.org/499262bd2244902281d135334610b12f14e3e9906c7b6409e6b359c2fd5ee9a2,https://cdn.pokedb.org/499262bd2244902281d135334610b12f14e3e9906c7b6409e6b359c2fd5ee9a2w20h20,go
wellspring-mask,https://cdn.pokedb.org/a31f11b89eb119100cf7ad0c0cac6bf5e0b359af845a85f3f0cb84b9a8f9a4e4,https://cdn.pokedb.org/a31f11b89eb119100cf7ad0c0cac6bf5e0b359af845a85f3f0cb84b9a8f9a4e4w20h20,scarlet-violet
wepear-berry,https://cdn.pokedb.org/392a92e444f6a5ad450378728f8c3e2579039f2de9305b56966b5f889f21f8b8,https://cdn.pokedb.org/392a92e444f6a5ad450378728f8c3e2579039f2de9305b56966b5f889f21f8b8w20h20,firered-leafgreen
wepear-berry,https://cdn.pokedb.org/8e978942664567099551425c642eb0449f44680580be1571e04a9483c3097645,https://cdn.pokedb.org/8e978942664567099551425c642eb0449f44680580be1571e04a9483c3097645w20h20,scarlet-violet
wepear-berry,https://cdn.pokedb.org/75603aa558be38862f081cc2fa6e24d62485dc132b7a937fd0a141c87ec74e59,https://cdn.pokedb.org/75603aa558be38862f081cc2fa6e24d62485dc132b7a937fd0a141c87ec74e59w20h20,brilliant-diamond-shining-pearl
wepear-berry,https://cdn.pokedb.org/206bc80ef5ea9d722a12243ec4e9675b96b4034370215fdc2ebfbb1f560ce640,https://cdn.pokedb.org/206bc80ef5ea9d722a12243ec4e9675b96b4034370215fdc2ebfbb1f560ce640w20h20,ruby-sapphire
whimsical-tablecloth,https://cdn.pokedb.org/69295ed4a7b4fa84f5af830ac5945b1da8d4889391e7886c6432ab9c16239824,https://cdn.pokedb.org/69295ed4a7b4fa84f5af830ac5945b1da8d4889391e7886c6432ab9c16239824w20h20,scarlet-violet
whipped-cream,https://cdn.pokedb.org/427d3e610d81ef34adf8a788780ec633c0de18b69dd7c9c2f02dce7d69fcf7cc,https://cdn.pokedb.org/427d3e610d81ef34adf8a788780ec633c0de18b69dd7c9c2f02dce7d69fcf7ccw20h20,scarlet-violet
whipped-dream,https://cdn.pokedb.org/732676fd22c4d0a2162c8df5722f79cc17c657ce43246997f9de53c9366b33dd,https://cdn.pokedb.org/732676fd22c4d0a2162c8df5722f79cc17c657ce43246997f9de53c9366b33ddw20h20,x-y
white-apricorn,https://cdn.pokedb.org/9bf1eeace9c37a3ea46511bbc1255ae3c3ba5190fd73c02256229141f3719fa1,https://cdn.pokedb.org/9bf1eeace9c37a3ea46511bbc1255ae3c3ba5190fd73c02256229141f3719fa1w20h20,heartgold-soulsilver
white-apricorn,https://cdn.pokedb.org/b373789783944304be8f029cb842ac7c40949959b7e0df7f38ebb4913b7aeb1c,https://cdn.pokedb.org/b373789783944304be8f029cb842ac7c40949959b7e0df7f38ebb4913b7aeb1cw20h20,scarlet-violet
white-dish,https://cdn.pokedb.org/69295ed4a7b4fa84f5af830ac5945b1da8d4889391e7886c6432ab9c16239824,https://cdn.pokedb.org/69295ed4a7b4fa84f5af830ac5945b1da8d4889391e7886c6432ab9c16239824w20h20,scarlet-violet
white-flute,https://cdn.pokedb.org/7b670246fe5279a66cbef20cf2df498e3e45ab5077aba64df72d1902828540a8,https://cdn.pokedb.org/7b670246fe5279a66cbef20cf2df498e3e45ab5077aba64df72d1902828540a8w20h20,firered-leafgreen
white-herb,https://cdn.pokedb.org/82dd8a16225d8028bb4b91ea1b4b20d40a3dff07ea6e45e1755a618dcca72ec1,https://cdn.pokedb.org/82dd8a16225d8028bb4b91ea1b4b20d40a3dff07ea6e45e1755a618dcca72ec1w20h20,brilliant-diamond-shining-pearl
white-herb,https://cdn.pokedb.org/68d03dae3107c687bf1157f6286447063813463dba074c2a6cfda44d4886dd8a,https://cdn.pokedb.org/68d03dae3107c687bf1157f6286447063813463dba074c2a6cfda44d4886dd8aw20h20,scarlet-violet
white-herb,https://cdn.pokedb.org/d6f425f492c745da3589011c9890298f869b6e247b7735ad8fdb1c41b21de152,https://cdn.pokedb.org/d6f425f492c745da3589011c9890298f869b6e247b7735ad8fdb1c41b21de152w20h20,firered-leafgreen
white-mane-hair,https://cdn.pokedb.org/d824a9eac31398d9acbeda56d073fd51274ba4c27bd72d7fa2270f95713ae928,https://cdn.pokedb.org/d824a9eac31398d9acbeda56d073fd51274ba4c27bd72d7fa2270f95713ae928w20h20,sword-shield
wide-lens,https://cdn.pokedb.org/f7c26184541f909223907d0f2dae094a496c00d4cb2de0eba168f1b05742aa42,https://cdn.pokedb.org/f7c26184541f909223907d0f2dae094a496c00d4cb2de0eba168f1b05742aa42w20h20,scarlet-violet
wide-lens,https://cdn.pokedb.org/2d6d28da5e0607b082363569fb667c4c29907ddb4937fe9d9623ad69f7ea061e,https://cdn.pokedb.org/2d6d28da5e0607b082363569fb667c4c29907ddb4937fe9d9623ad69f7ea061ew20h20,diamond-pearl
wide-lens,https://cdn.pokedb.org/7c1bc34b4e7f6b96905cc7c0ddae1676c4dc369a712843ac96ab9c6d55e51d9a,https://cdn.pokedb.org/7c1bc34b4e7f6b96905cc7c0ddae1676c4dc369a712843ac96ab9c6d55e51d9aw20h20,brilliant-diamond-shining-pearl
wiglett-sand,https://cdn.pokedb.org/d93fb90bdc2ee50ccb8f262d9e69f5cbd26e7e6c1bbbc5a2d18d5302aa55ed45,https://cdn.pokedb.org/d93fb90bdc2ee50ccb8f262d9e69f5cbd26e7e6c1bbbc5a2d18d5302aa55ed45w20h20,scarlet-violet
wiki-berry,https://cdn.pokedb.org/80909f93220f001837d04c6fb6197eca47e635641a154b77514986d74f2b2d73,https://cdn.pokedb.org/80909f93220f001837d04c6fb6197eca47e635641a154b77514986d74f2b2d73w20h20,legends-arceus
wiki-berry,https://cdn.pokedb.org/1f7d59bd4038415e1a69927ce9d4662df645bc3edd8d9d62b89fda6b63ee2b88,https://cdn.pokedb.org/1f7d59bd4038415e1a69927ce9d4662df645bc3edd8d9d62b89fda6b63ee2b88w20h20,brilliant-diamond-shining-pearl
wiki-berry,https://cdn.pokedb.org/9dd4eeeac3a4ffaef6a0678f7c3619cd6c700a353f8a13c4e42af24a52167d2d,https://cdn.pokedb.org/9dd4eeeac3a4ffaef6a0678f7c3619cd6c700a353f8a13c4e42af24a52167d2dw20h20,ruby-sapphire
wiki-berry,https://cdn.pokedb.org/5460798c93271aba338f1bd023d09bc443af09687b4590a3030cefb18b94cb21,https://cdn.pokedb.org/5460798c93271aba338f1bd023d09bc443af09687b4590a3030cefb18b94cb21w20h20,scarlet-violet
wiki-berry,https://cdn.pokedb.org/d96ccaa10f1c7470cfaa10880f1a47ed70ace669103e8c02dff8a68347c8c6ca,https://cdn.pokedb.org/d96ccaa10f1c7470cfaa10880f1a47ed70ace669103e8c02dff8a68347c8c6caw20h20,firered-leafgreen
wingull-feather,https://cdn.pokedb.org/d93fb90bdc2ee50ccb8f262d9e69f5cbd26e7e6c1bbbc5a2d18d5302aa55ed45,https://cdn.pokedb.org/d93fb90bdc2ee50ccb8f262d9e69f5cbd26e7e6c1bbbc5a2d18d5302aa55ed45w20h20,scarlet-violet
winking-pika-pick,https://cdn.pokedb.org/69295ed4a7b4fa84f5af830ac5945b1da8d4889391e7886c6432ab9c16239824,https://cdn.pokedb.org/69295ed4a7b4fa84f5af830ac5945b1da8d4889391e7886c6432ab9c16239824w20h20,scarlet-violet
wise-glasses,https://cdn.pokedb.org/9b486a6675ed79bd1687e9a4e432ada062d49014ca1643c2e258e81ff19cd93e,https://cdn.pokedb.org/9b486a6675ed79bd1687e9a4e432ada062d49014ca1643c2e258e81ff19cd93ew20h20,brilliant-diamond-shining-pearl
wise-glasses,https://cdn.pokedb.org/6c1def391e2c2974fe4c37bfa96b182d0b1c9c71418901291409fd2985539abf,https://cdn.pokedb.org/6c1def391e2c2974fe4c37bfa96b182d0b1c9c71418901291409fd2985539abfw20h20,diamond-pearl
wise-glasses,https://cdn.pokedb.org/bd7576d9c05ae569b7e9283d5622fd9da4a1bf79b59d58cb65f8f74152df965c,https://cdn.pokedb.org/bd7576d9c05ae569b7e9283d5622fd9da4a1bf79b59d58cb65f8f74152df965cw20h20,scarlet-violet
wishing-chip,https://cdn.pokedb.org/64484a9bc60371d9dc93ebfe8b004c48709a7c2ccba3793aff05e50c5a6bcf1b,https://cdn.pokedb.org/64484a9bc60371d9dc93ebfe8b004c48709a7c2ccba3793aff05e50c5a6bcf1bw20h20,sword-shield
wishing-piece,https://cdn.pokedb.org/2bde35d5811435b8bf637878cc41dbbe0f66c9cde92356a7362c4984d79688e4,https://cdn.pokedb.org/2bde35d5811435b8bf637878cc41dbbe0f66c9cde92356a7362c4984d79688e4w20h20,sword-shield
wishing-star,https://cdn.pokedb.org/49f9ad2a95bc8761b16f5c6fd2d6850d590be3ed098b6b148a586b92d5791e3f,https://cdn.pokedb.org/49f9ad2a95bc8761b16f5c6fd2d6850d590be3ed098b6b148a586b92d5791e3fw20h20,sword-shield
wood-mail,https://cdn.pokedb.org/cbab29c0dd898a517b0a8d111187885a0295b595a1fd34a5bb1c03865fc88c2a,https://cdn.pokedb.org/cbab29c0dd898a517b0a8d111187885a0295b595a1fd34a5bb1c03865fc88c2aw20h20,firered-leafgreen
wooden-crown,https://cdn.pokedb.org/cefdf16f3cf535be21f560b5619ed8c99cf38d95095bbef9bb62c8c7382945b6,https://cdn.pokedb.org/cefdf16f3cf535be21f560b5619ed8c99cf38d95095bbef9bb62c8c7382945b6w20h20,sword-shield
wooper-slime,https://cdn.pokedb.org/d93fb90bdc2ee50ccb8f262d9e69f5cbd26e7e6c1bbbc5a2d18d5302aa55ed45,https://cdn.pokedb.org/d93fb90bdc2ee50ccb8f262d9e69f5cbd26e7e6c1bbbc5a2d18d5302aa55ed45w20h20,scarlet-violet
works-key,https://cdn.pokedb.org/63e4fc46c94fbf036b4591eb6fc71fbc6772c0ed699e591990b79096a22e1280,https://cdn.pokedb.org/63e4fc46c94fbf036b4591eb6fc71fbc6772c0ed699e591990b79096a22e1280w20h20,brilliant-diamond-shining-pearl
works-key,https://cdn.pokedb.org/b5d72255810445be8e1cb7a0e6fa0a20b528f53e58b3b508780d57bb68048169,https://cdn.pokedb.org/b5d72255810445be8e1cb7a0e6fa0a20b528f53e58b3b508780d57bb68048169w20h20,diamond-pearl
x-accuracy,https://cdn.pokedb.org/cf2c60d9f383aa334cdcf0cafbe690b858e04af3d20163d3e457d5b917a66373,https://cdn.pokedb.org/cf2c60d9f383aa334cdcf0cafbe690b858e04af3d20163d3e457d5b917a66373w20h20,black-white
x-accuracy,https://cdn.pokedb.org/d583a8876688725860e347c8197dd1890c44d9feb90508c1721a34bc56ce5a74,https://cdn.pokedb.org/d583a8876688725860e347c8197dd1890c44d9feb90508c1721a34bc56ce5a74w20h20,scarlet-violet
x-accuracy,https://cdn.pokedb.org/5e18173bc66a0c2fb04dfab3c4289704dcbe94087ae610b58f48f5db2de2acdb,https://cdn.pokedb.org/5e18173bc66a0c2fb04dfab3c4289704dcbe94087ae610b58f48f5db2de2acdbw20h20,firered-leafgreen
x-accuracy,https://cdn.pokedb.org/e83affb03002a967d92d4237fbaf80dcaa47965cf845ec1bdff1d6eb562328ed,https://cdn.pokedb.org/e83affb03002a967d92d4237fbaf80dcaa47965cf845ec1bdff1d6eb562328edw20h20,brilliant-diamond-shining-pearl
x-accuracy-2,https://cdn.pokedb.org/d6351f69a6b53bb6ae84b3326b926945c9b70a9531b9c2bfb8ea79daf4405ca4,https://cdn.pokedb.org/d6351f69a6b53bb6ae84b3326b926945c9b70a9531b9c2bfb8ea79daf4405ca4w20h20,black-white
x-accuracy-3,https://cdn.pokedb.org/debb2b38d7f1c6ef263e3c3b9f8a4f456f475d16be70b785722d988994c56702,https://cdn.pokedb.org/debb2b38d7f1c6ef263e3c3b9f8a4f456f475d16be70b785722d988994c56702w20h20,black-white
x-accuracy-6,https://cdn.pokedb.org/8eed83a1b2f0931c0bb652e008aa1869e385636b025f404258cc456d8fc8eae1,https://cdn.pokedb.org/8eed83a1b2f0931c0bb652e008aa1869e385636b025f404258cc456d8fc8eae1w20h20,black-white
x-attack,https://cdn.pokedb.org/14d31749a8b7e8f407551cca624b9409572f578f08d8ace88a08811a1931dea4,https://cdn.pokedb.org/14d31749a8b7e8f407551cca624b9409572f578f08d8ace88a08811a1931dea4w20h20,scarlet-violet
x-attack,https://cdn.pokedb.org/8ce7d108179961ed7a22580a9e4e62e9d83645087180f62c1d0b1d8b6755f5c1,https://cdn.pokedb.org/8ce7d108179961ed7a22580a9e4e62e9d83645087180f62c1d0b1d8b6755f5c1w20h20,brilliant-diamond-shining-pearl
x-attack,https://cdn.pokedb.org/d8c402c038705a84e0223f4c734077ed6c38e6910a60f8d6e5ce6ef1776aeff3,https://cdn.pokedb.org/d8c402c038705a84e0223f4c734077ed6c38e6910a60f8d6e5ce6ef1776aeff3w20h20,black-white
x-attack,https://cdn.pokedb.org/f56eb2bda7bdb4ed9e4351bd0c5571366e2d9db9727e476d4a4a253b29896169,https://cdn.pokedb.org/f56eb2bda7bdb4ed9e4351bd0c5571366e2d9db9727e476d4a4a253b29896169w20h20,firered-leafgreen
x-attack-2,https://cdn.pokedb.org/43e6598a0a13580dd168c222223fa41f050d5736a97b43f284d2b28ec3e6bba2,https://cdn.pokedb.org/43e6598a0a13580dd168c222223fa41f050d5736a97b43f284d2b28ec3e6bba2w20h20,black-white
x-attack-3,https://cdn.pokedb.org/44d1da8ab32c4b53b0ee9abe290126290b1604f80da55263451dc00f2258cdbc,https://cdn.pokedb.org/44d1da8ab32c4b53b0ee9abe290126290b1604f80da55263451dc00f2258cdbcw20h20,black-white
x-attack-6,https://cdn.pokedb.org/5cf5621662bf60a003da82e74fc34bd08d6d856ee33f13665c38b4edfb880f22,https://cdn.pokedb.org/5cf5621662bf60a003da82e74fc34bd08d6d856ee33f13665c38b4edfb880f22w20h20,black-white
x-defend-2,https://cdn.pokedb.org/5ba620fc67dfb4e4a36cc3083f3342eed50ad252ae1d93c72369a5ac89119f7f,https://cdn.pokedb.org/5ba620fc67dfb4e4a36cc3083f3342eed50ad252ae1d93c72369a5ac89119f7fw20h20,black-white
x-defend-3,https://cdn.pokedb.org/96f667d6caedd18514d5a0270d89ed551353f6a9c30c218b45f294d14ea02e0b,https://cdn.pokedb.org/96f667d6caedd18514d5a0270d89ed551353f6a9c30c218b45f294d14ea02e0bw20h20,black-white
x-defend-6,https://cdn.pokedb.org/b922fcf98636d60aa7606d011e67978f9d372e8eff04394762da88ace20c4e00,https://cdn.pokedb.org/b922fcf98636d60aa7606d011e67978f9d372e8eff04394762da88ace20c4e00w20h20,black-white
x-defense,https://cdn.pokedb.org/c7067475af82b0874f2d5655b5de1d6ce755c3f0bc476b29a20aea9c5e041d25,https://cdn.pokedb.org/c7067475af82b0874f2d5655b5de1d6ce755c3f0bc476b29a20aea9c5e041d25w20h20,black-white
x-defense,https://cdn.pokedb.org/8788cd6d28a08428141135562c77bde3c25d24ab0332485d24b7fbb719c16fa1,https://cdn.pokedb.org/8788cd6d28a08428141135562c77bde3c25d24ab0332485d24b7fbb719c16fa1w20h20,scarlet-violet
x-defense,https://cdn.pokedb.org/62d0593d3ca68f49829fd8e95fb2453b5bef947129786a93345cada51e69dba7,https://cdn.pokedb.org/62d0593d3ca68f49829fd8e95fb2453b5bef947129786a93345cada51e69dba7w20h20,firered-leafgreen
x-defense,https://cdn.pokedb.org/e0a15d5f06bbcd9bade9f3c152a8bcad1bfa3b3af18f3112e4bb01f4607c890d,https://cdn.pokedb.org/e0a15d5f06bbcd9bade9f3c152a8bcad1bfa3b3af18f3112e4bb01f4607c890dw20h20,brilliant-diamond-shining-pearl
x-sp-atk,https://cdn.pokedb.org/0a03125a25b0b552a8fc18a9e7a77d1779341f1802b6e92bbea77db1294341cd,https://cdn.pokedb.org/0a03125a25b0b552a8fc18a9e7a77d1779341f1802b6e92bbea77db1294341cdw20h20,black-white
x-sp-atk,https://cdn.pokedb.org/384109ad9ad116b6141bd2d51c6b1fc6c0db8d63dbb13db86a762be39b2c15fe,https://cdn.pokedb.org/384109ad9ad116b6141bd2d51c6b1fc6c0db8d63dbb13db86a762be39b2c15few20h20,scarlet-violet
x-sp-atk,https://cdn.pokedb.org/7bb14f19da0157112eaf161e45d1d44005c309622596e197cc47ae8c580c41c5,https://cdn.pokedb.org/7bb14f19da0157112eaf161e45d1d44005c309622596e197cc47ae8c580c41c5w20h20,brilliant-diamond-shining-pearl
x-sp-atk,https://cdn.pokedb.org/2ada998988c0f2740cd4006a18c2c5ce6ee0b867eefa59798d8e493e56b41a3c,https://cdn.pokedb.org/2ada998988c0f2740cd4006a18c2c5ce6ee0b867eefa59798d8e493e56b41a3cw20h20,firered-leafgreen
x-sp-atk-2,https://cdn.pokedb.org/d495be5efdd84078571378e10abdd5e6ec1d63794279e6012d32900590f61b5b,https://cdn.pokedb.org/d495be5efdd84078571378e10abdd5e6ec1d63794279e6012d32900590f61b5bw20h20,black-white
x-sp-atk-3,https://cdn.pokedb.org/034680b05f95b1b96bddca8fcbd02dbbd3794fccf6c2cae0bd7e3cdc5c2c27ce,https://cdn.pokedb.org/034680b05f95b1b96bddca8fcbd02dbbd3794fccf6c2cae0bd7e3cdc5c2c27cew20h20,black-white
x-sp-atk-6,https://cdn.pokedb.org/e6badb70e0cbb292f26765a132bed48c1019e0466ad53617d0c5ae41a2ec9fb5,https://cdn.pokedb.org/e6badb70e0cbb292f26765a132bed48c1019e0466ad53617d0c5ae41a2ec9fb5w20h20,black-white
x-sp-def,https://cdn.pokedb.org/8c628cc9a8dc8e4b256c9243a2371c41f21d9ca36d30d521c21b32753220cf94,https://cdn.pokedb.org/8c628cc9a8dc8e4b256c9243a2371c41f21d9ca36d30d521c21b32753220cf94w20h20,diamond-pearl
x-sp-def,https://cdn.pokedb.org/a2551dce19b0e33951c489160ff11eb6de617ad3a6e94ed0ee0490f46e6c10c6,https://cdn.pokedb.org/a2551dce19b0e33951c489160ff11eb6de617ad3a6e94ed0ee0490f46e6c10c6w20h20,scarlet-violet
x-sp-def,https://cdn.pokedb.org/b345b8294f9adc1719c5c90e8aaf067eaa68ee22d201758fbb86ae636beed6c5,https://cdn.pokedb.org/b345b8294f9adc1719c5c90e8aaf067eaa68ee22d201758fbb86ae636beed6c5w20h20,brilliant-diamond-shining-pearl
x-sp-def,https://cdn.pokedb.org/fd8fe2f172321584e167455af1b9893509c5068dd0bc98a8e59beaa87371303a,https://cdn.pokedb.org/fd8fe2f172321584e167455af1b9893509c5068dd0bc98a8e59beaa87371303aw20h20,black-white
x-sp-def-2,https://cdn.pokedb.org/8dcfb6b4a2e08dae847e5a10145bb6c17ef41c3f4ca94bd6972bf2cc7794a748,https://cdn.pokedb.org/8dcfb6b4a2e08dae847e5a10145bb6c17ef41c3f4ca94bd6972bf2cc7794a748w20h20,black-white
x-sp-def-3,https://cdn.pokedb.org/e282155dcfbea3811fc7b5869b70631bfbfdd57a5f8294f0127cdaded10b8e5d,https://cdn.pokedb.org/e282155dcfbea3811fc7b5869b70631bfbfdd57a5f8294f0127cdaded10b8e5dw20h20,black-white
x-sp-def-6,https://cdn.pokedb.org/37474c19061a032c556421d44456e7b0c4a4c424373a534489b19aa7d3e04c85,https://cdn.pokedb.org/37474c19061a032c556421d44456e7b0c4a4c424373a534489b19aa7d3e04c85w20h20,black-white
x-speed,https://cdn.pokedb.org/368df5c2bbf83bbf280f87ef444f876d8dc2877854023a89b096c4bf229e6d99,https://cdn.pokedb.org/368df5c2bbf83bbf280f87ef444f876d8dc2877854023a89b096c4bf229e6d99w20h20,black-white
x-speed,https://cdn.pokedb.org/9c35ee66890c98242eac12b5d44aa18309dd7fcb10fb0ce757f7969006741e71,https://cdn.pokedb.org/9c35ee66890c98242eac12b5d44aa18309dd7fcb10fb0ce757f7969006741e71w20h20,scarlet-violet
x-speed,https://cdn.pokedb.org/f806007dbba61035421a27b94a1eda1dec9faa1089decd3767d9ae49c0961908,https://cdn.pokedb.org/f806007dbba61035421a27b94a1eda1dec9faa1089decd3767d9ae49c0961908w20h20,firered-leafgreen
x-speed,https://cdn.pokedb.org/c3df90f38374e91d30651fa53cc1f50107946931b1c38b7ce848d13c523efb39,https://cdn.pokedb.org/c3df90f38374e91d30651fa53cc1f50107946931b1c38b7ce848d13c523efb39w20h20,brilliant-diamond-shining-pearl
x-speed-2,https://cdn.pokedb.org/1a101b9682628444e200e96f0aaff9312de13a50e5481865103f524361f3b262,https://cdn.pokedb.org/1a101b9682628444e200e96f0aaff9312de13a50e5481865103f524361f3b262w20h20,black-white
x-speed-3,https://cdn.pokedb.org/37fef5438f6ce477ffa4ed57aa76cf3a4213561989504377a7b8400ece1010bf,https://cdn.pokedb.org/37fef5438f6ce477ffa4ed57aa76cf3a4213561989504377a7b8400ece1010bfw20h20,black-white
x-speed-6,https://cdn.pokedb.org/c8f115aeea022eb54240be35a18ba538379e8276eefaafe8c11b8ce09e085000,https://cdn.pokedb.org/c8f115aeea022eb54240be35a18ba538379e8276eefaafe8c11b8ce09e085000w20h20,black-white
xtransceiver,https://cdn.pokedb.org/744678fcbb110476411fcc175cc906ede32e681f4bcfc11eec14b6024274da79,https://cdn.pokedb.org/744678fcbb110476411fcc175cc906ede32e681f4bcfc11eec14b6024274da79w20h20,black-2-white-2
xtransceiver,https://cdn.pokedb.org/43a364be01ed58510d59a5385f4e124a6c4d2bc54fe351cd3cf5f933ecc2f35c,https://cdn.pokedb.org/43a364be01ed58510d59a5385f4e124a6c4d2bc54fe351cd3cf5f933ecc2f35cw20h20,black-2-white-2
xtransceiver,https://cdn.pokedb.org/a80373730cc5cf38ec64883cde027565951722f4f95b68bd650211ec843282e2,https://cdn.pokedb.org/a80373730cc5cf38ec64883cde027565951722f4f95b68bd650211ec843282e2w20h20,black-white
xtransceiver,https://cdn.pokedb.org/e23c9341b2c53d92ff4588003d7d4501cb5497f9ed425b20359696a6162d9beb,https://cdn.pokedb.org/e23c9341b2c53d92ff4588003d7d4501cb5497f9ed425b20359696a6162d9bebw20h20,black-white
xtransceiver,https://cdn.pokedb.org/cbe80b4a87e3b4c22d50ffd32fa7d050b33b824c2d70e84b86649fa51681e9c0,https://cdn.pokedb.org/cbe80b4a87e3b4c22d50ffd32fa7d050b33b824c2d70e84b86649fa51681e9c0w20h20,black-2-white-2
xtransceiver,https://cdn.pokedb.org/d5fe47002aa6a22346dcf02621127d0d4640d76b90de9c02029801e0779e9fdb,https://cdn.pokedb.org/d5fe47002aa6a22346dcf02621127d0d4640d76b90de9c02029801e0779e9fdbw20h20,black-white
xtransceiver,https://cdn.pokedb.org/041c74c59c57d139b68a5bba3b69fe95f805eef8a5ec6763bf2096f9807f5b7c,https://cdn.pokedb.org/041c74c59c57d139b68a5bba3b69fe95f805eef8a5ec6763bf2096f9807f5b7cw20h20,black-white
yache-berry,https://cdn.pokedb.org/0c841b48f721fc3ef14eccd39608fd093d09fe1d9f67ad3bf39b657ce33d94de,https://cdn.pokedb.org/0c841b48f721fc3ef14eccd39608fd093d09fe1d9f67ad3bf39b657ce33d94dew20h20,scarlet-violet
yache-berry,https://cdn.pokedb.org/82900942143fe066c2ad35ba03c8146825a4e240889afd91435e2f38a27e06f3,https://cdn.pokedb.org/82900942143fe066c2ad35ba03c8146825a4e240889afd91435e2f38a27e06f3w20h20,brilliant-diamond-shining-pearl
yache-berry,https://cdn.pokedb.org/779d56aa0dc5dbf277b5310daf97e9ea88a63919cd10cbd9cae7eefa3de193b5,https://cdn.pokedb.org/779d56aa0dc5dbf277b5310daf97e9ea88a63919cd10cbd9cae7eefa3de193b5w20h20,diamond-pearl
yanma-spike,https://cdn.pokedb.org/d93fb90bdc2ee50ccb8f262d9e69f5cbd26e7e6c1bbbc5a2d18d5302aa55ed45,https://cdn.pokedb.org/d93fb90bdc2ee50ccb8f262d9e69f5cbd26e7e6c1bbbc5a2d18d5302aa55ed45w20h20,scarlet-violet
yarn-ball,https://cdn.pokedb.org/69295ed4a7b4fa84f5af830ac5945b1da8d4889391e7886c6432ab9c16239824,https://cdn.pokedb.org/69295ed4a7b4fa84f5af830ac5945b1da8d4889391e7886c6432ab9c16239824w20h20,scarlet-violet
yellow-apricorn,https://cdn.pokedb.org/2f80540d54f7e1a0a7a1d53f9a302f24140100609337569a3d338fb96b034a54,https://cdn.pokedb.org/2f80540d54f7e1a0a7a1d53f9a302f24140100609337569a3d338fb96b034a54w20h20,heartgold-soulsilver
yellow-apricorn,https://cdn.pokedb.org/93c720e303abdb1f900d7fee9ed28d7f827f83f84ca80ccf998775ef70c15ca1,https://cdn.pokedb.org/93c720e303abdb1f900d7fee9ed28d7f827f83f84ca80ccf998775ef70c15ca1w20h20,scarlet-violet
yellow-bell-pepper,https://cdn.pokedb.org/5f76b1b1e96b3944fba427a73355593833e83214b91bc1079a4c6cdcc50fe806,https://cdn.pokedb.org/5f76b1b1e96b3944fba427a73355593833e83214b91bc1079a4c6cdcc50fe806w20h20,scarlet-violet
yellow-bottle,https://cdn.pokedb.org/69295ed4a7b4fa84f5af830ac5945b1da8d4889391e7886c6432ab9c16239824,https://cdn.pokedb.org/69295ed4a7b4fa84f5af830ac5945b1da8d4889391e7886c6432ab9c16239824w20h20,scarlet-violet
yellow-cup,https://cdn.pokedb.org/69295ed4a7b4fa84f5af830ac5945b1da8d4889391e7886c6432ab9c16239824,https://cdn.pokedb.org/69295ed4a7b4fa84f5af830ac5945b1da8d4889391e7886c6432ab9c16239824w20h20,scarlet-violet
yellow-dish,https://cdn.pokedb.org/69295ed4a7b4fa84f5af830ac5945b1da8d4889391e7886c6432ab9c16239824,https://cdn.pokedb.org/69295ed4a7b4fa84f5af830ac5945b1da8d4889391e7886c6432ab9c16239824w20h20,scarlet-violet
yellow-flute,https://cdn.pokedb.org/0c477a4444a4e025ba1611bfaacd4c2d92129c4c514314b0bf613c5ca98328ee,https://cdn.pokedb.org/0c477a4444a4e025ba1611bfaacd4c2d92129c4c514314b0bf613c5ca98328eew20h20,firered-leafgreen
yellow-nectar,https://cdn.pokedb.org/292fef767b04495789509c946ae8f04d682fefcd6c1892808ab2786ab170f117,https://cdn.pokedb.org/292fef767b04495789509c946ae8f04d682fefcd6c1892808ab2786ab170f117w20h20,sun-moon
yellow-nectar,https://cdn.pokedb.org/22f73d769aabbf40da6ed5385a482e57861b9f46dc6435b3442d46e7f65dd3f1,https://cdn.pokedb.org/22f73d769aabbf40da6ed5385a482e57861b9f46dc6435b3442d46e7f65dd3f1w20h20,scarlet-violet
yellow-petal,https://cdn.pokedb.org/107f6d1ec100ef6e51911a9e243fcb087243cf8b4895fc163fed52d7d93000dd,https://cdn.pokedb.org/107f6d1ec100ef6e51911a9e243fcb087243cf8b4895fc163fed52d7d93000ddw20h20,ultra-sun-ultra-moon
yellow-petal,https://cdn.pokedb.org/7cb421669a4fa839809e103dc34f0844a16ea576ed82589787af080494a0d84f,https://cdn.pokedb.org/7cb421669a4fa839809e103dc34f0844a16ea576ed82589787af080494a0d84fw20h20,ultra-sun-ultra-moon
yellow-scarf,https://cdn.pokedb.org/ba52f5d51b7e63350c34eadf1a2d029ff0f156e08b720c87840ad2b78cd0853e,https://cdn.pokedb.org/ba52f5d51b7e63350c34eadf1a2d029ff0f156e08b720c87840ad2b78cd0853ew20h20,brilliant-diamond-shining-pearl
yellow-scarf,https://cdn.pokedb.org/902238e28a35c0d58ceb017e9600330dd3f9ac14c78ec8d981b26f33afaf9951,https://cdn.pokedb.org/902238e28a35c0d58ceb017e9600330dd3f9ac14c78ec8d981b26f33afaf9951w20h20,firered-leafgreen
yellow-shard,https://cdn.pokedb.org/a9e724933c7dfe35dd5e734046c3cbb609b7cbde7da1829973be4bfc03e3e628,https://cdn.pokedb.org/a9e724933c7dfe35dd5e734046c3cbb609b7cbde7da1829973be4bfc03e3e628w20h20,brilliant-diamond-shining-pearl
yellow-shard,https://cdn.pokedb.org/6977e33b0ac00f66a6ee914e1560741ccd59af5a793e9328d5b0f678645f797e,https://cdn.pokedb.org/6977e33b0ac00f66a6ee914e1560741ccd59af5a793e9328d5b0f678645f797ew20h20,firered-leafgreen
yellow-tablecloth,https://cdn.pokedb.org/69295ed4a7b4fa84f5af830ac5945b1da8d4889391e7886c6432ab9c16239824,https://cdn.pokedb.org/69295ed4a7b4fa84f5af830ac5945b1da8d4889391e7886c6432ab9c16239824w20h20,scarlet-violet
yogurt,https://cdn.pokedb.org/285ad0efc1788b70103e86c1d96200476cd549de3d277988dc0710c9a9774ff8,https://cdn.pokedb.org/285ad0efc1788b70103e86c1d96200476cd549de3d277988dc0710c9a9774ff8w20h20,scarlet-violet
yungoos-fur,https://cdn.pokedb.org/d93fb90bdc2ee50ccb8f262d9e69f5cbd26e7e6c1bbbc5a2d18d5302aa55ed45,https://cdn.pokedb.org/d93fb90bdc2ee50ccb8f262d9e69f5cbd26e7e6c1bbbc5a2d18d5302aa55ed45w20h20,scarlet-violet
z-power-ring,https://cdn.pokedb.org/e5784cc4e4fd54ebe4830df40a0acf1b09ca38f4a7eb6ecf808e36ff9fa0bd78,https://cdn.pokedb.org/e5784cc4e4fd54ebe4830df40a0acf1b09ca38f4a7eb6ecf808e36ff9fa0bd78w20h20,ultra-sun-ultra-moon
z-ring,https://cdn.pokedb.org/c3b0e3d2eaface6a293335a11d75d83ed986e0d8c0fd0830118e291dcb341b9c,https://cdn.pokedb.org/c3b0e3d2eaface6a293335a11d75d83ed986e0d8c0fd0830118e291dcb341b9cw20h20,sun-moon
zangoose-claw,https://cdn.pokedb.org/d93fb90bdc2ee50ccb8f262d9e69f5cbd26e7e6c1bbbc5a2d18d5302aa55ed45,https://cdn.pokedb.org/d93fb90bdc2ee50ccb8f262d9e69f5cbd26e7e6c1bbbc5a2d18d5302aa55ed45w20h20,scarlet-violet
zap-plate,https://cdn.pokedb.org/6418f29dc463802e0948287bb457bd210c0037dc59abb1670f68eb180cb5a604,https://cdn.pokedb.org/6418f29dc463802e0948287bb457bd210c0037dc59abb1670f68eb180cb5a604w20h20,diamond-pearl
zap-plate,https://cdn.pokedb.org/e700d85f90ca32426f2728b3360bb68a9430f837cce2064b79d98b262325acc2,https://cdn.pokedb.org/e700d85f90ca32426f2728b3360bb68a9430f837cce2064b79d98b262325acc2w20h20,legends-arceus
zap-plate,https://cdn.pokedb.org/518b869de881ab4ec1608fd4b22517b318d513641557c435838df9ea1fd74088,https://cdn.pokedb.org/518b869de881ab4ec1608fd4b22517b318d513641557c435838df9ea1fd74088w20h20,scarlet-violet
zap-plate,https://cdn.pokedb.org/2adeeb21557f2e00e5f008e39150d56aaa6a3cd84592aaa2a19cc5963bad85d1,https://cdn.pokedb.org/2adeeb21557f2e00e5f008e39150d56aaa6a3cd84592aaa2a19cc5963bad85d1w20h20,brilliant-diamond-shining-pearl
zapdos-candy,https://cdn.pokedb.org/4796bc91b7572814c1958776488d894a213f598f4c3e5b163d33871a4509c69e,https://cdn.pokedb.org/4796bc91b7572814c1958776488d894a213f598f4c3e5b163d33871a4509c69ew20h20,go
zapdos-treat,https://cdn.pokedb.org/11396ecb0ac496e1454467b99bdc139e62287d80089b8eba679dc61d57b11c9c,https://cdn.pokedb.org/11396ecb0ac496e1454467b99bdc139e62287d80089b8eba679dc61d57b11c9cw20h20,the-indigo-disk
zekrom-treat,https://cdn.pokedb.org/11396ecb0ac496e1454467b99bdc139e62287d80089b8eba679dc61d57b11c9c,https://cdn.pokedb.org/11396ecb0ac496e1454467b99bdc139e62287d80089b8eba679dc61d57b11c9cw20h20,the-indigo-disk
zinc,https://cdn.pokedb.org/493c5c162d08636212f046d5293f2b5a9495fd02d09f5ff985ee34552decc863,https://cdn.pokedb.org/493c5c162d08636212f046d5293f2b5a9495fd02d09f5ff985ee34552decc863w20h20,scarlet-violet
zinc,https://cdn.pokedb.org/411af10eb915ae6621fa2e1101656927dfd589689d7089259c6d5d9e2d851c2f,https://cdn.pokedb.org/411af10eb915ae6621fa2e1101656927dfd589689d7089259c6d5d9e2d851c2fw20h20,firered-leafgreen
zinc,https://cdn.pokedb.org/6d05566939c4a6fa09e6c15e0e2a130acfd89e282f54767050b893686ceb74ed,https://cdn.pokedb.org/6d05566939c4a6fa09e6c15e0e2a130acfd89e282f54767050b893686ceb74edw20h20,brilliant-diamond-shining-pearl
zoom-lens,https://cdn.pokedb.org/ef352434e81d476fd953115771a9e5945f9181adf3daada770041b99547754df,https://cdn.pokedb.org/ef352434e81d476fd953115771a9e5945f9181adf3daada770041b99547754dfw20h20,scarlet-violet
zoom-lens,https://cdn.pokedb.org/1e69dcdf4339ff220b4ff8c044f930cfcceed166bbe90dcbd67cd87c0a531540,https://cdn.pokedb.org/1e69dcdf4339ff220b4ff8c044f930cfcceed166bbe90dcbd67cd87c0a531540w20h20,brilliant-diamond-shining-pearl
zoom-lens,https://cdn.pokedb.org/42de9cd8e384a8fd06c835de9aefcf9f72133a4222e310d04c47690917457b55,https://cdn.pokedb.org/42de9cd8e384a8fd06c835de9aefcf9f72133a4222e310d04c47690917457b55w20h20,diamond-pearl
zorua-fur,https://cdn.pokedb.org/d93fb90bdc2ee50ccb8f262d9e69f5cbd26e7e6c1bbbc5a2d18d5302aa55ed45,https://cdn.pokedb.org/d93fb90bdc2ee50ccb8f262d9e69f5cbd26e7e6c1bbbc5a2d18d5302aa55ed45w20h20,scarlet-violet
zubat-candy,https://cdn.pokedb.org/c32f5275407d9bddd8f00ad75f6201e54c906f5530ed10c44c1bf04da16fe73b,https://cdn.pokedb.org/c32f5275407d9bddd8f00ad75f6201e54c906f5530ed10c44c1bf04da16fe73bw20h20,go
zygarde-cube,https://cdn.pokedb.org/d853068723015fe9a1b820a24723c5e1b21ac25fc37dbf851584cf0af8f3abcd,https://cdn.pokedb.org/d853068723015fe9a1b820a24723c5e1b21ac25fc37dbf851584cf0af8f3abcdw20h20,sun-moon
zygarde-cube,https://cdn.pokedb.org/c5f76a5a32d33fd805b320ec0cc973aaaef406e79e6a1ec4685458159f4abbd1,https://cdn.pokedb.org/c5f76a5a32d33fd805b320ec0cc973aaaef406e79e6a1ec4685458159f4abbd1w20h20,sun-moon
zygarde-cube,https://cdn.pokedb.org/36934ebe192b7c5271a448a6d0f8bae34173a06e0106475ed47fffc157d2fdb7,https://cdn.pokedb.org/36934ebe192b7c5271a448a6d0f8bae34173a06e0106475ed47fffc157d2fdb7w20h20,sun-moon