item_identifier,version_identifier,item_acquisition_type_identifier,item_acquisition_subtype_identifier,location_area_identifier,location_detail,is_repeatable,is_hidden,is_guaranteed,quantity,probability,cost_amount,pokemon_currency_identifier,required_badge,unlock_condition,notes
ability-capsule,x,exchange,,battle-maison,,true,false,true,,,200,battle-points,,,
ability-patch,brilliant-diamond,exchange,,battle-park-sinnoh,,true,false,true,,,200,battle-points,,,
ability-patch,scarlet,tera-raid,tera-raid-6star,,,true,false,false,,,,,,,
ability-patch,shield,max-lair,dynite-ore-trader,,,true,false,true,,,,dynite-ore,,,
ability-patch,shining-pearl,exchange,,battle-park-sinnoh,,true,false,true,,,200,battle-points,,,
ability-patch,sword,max-lair,reward,,After catching and keeping Necrozma from a Dynamax Adventure,false,false,true,,,,,,,
ability-patch,violet,tera-raid,tera-raid-7star,,,true,false,false,,,,,,,
ability-shield,scarlet,shop,specialty-shop,mesagoza,Delibird Presents (Mesagoza Branch),true,false,true,,,20000,pokedollars,,,
ability-shield,violet,shop,specialty-shop,mesagoza,Delibird Presents (Mesagoza Branch),true,false,true,,,20000,pokedollars,,,
abomasite,alpha-sapphire,story,,hoenn-route-123,After defeating or capturing Kyogre,false,false,true,,,,,,,
abomasite,legends-za,shop,specialty-shop,stone-emporium,Stone Emporium,false,false,true,,,50000,pokedollars,,"After completing Main Mission 09: ""Chase That Mysterious Pokémon!""",
abomasite,omega-ruby,story,,hoenn-route-123,After defeating or capturing Groudon,false,false,true,,,,,,,
abomasite,ultra-moon,exchange,,battle-tree,Battle Tree,true,false,true,,,64,battle-points,,,
abomasite,ultra-sun,exchange,,battle-tree,Battle Tree,true,false,true,,,64,battle-points,,,
abomasite,x,story,,frost-cavern,From Abomasnow after defeating Team Flare,false,false,true,,,,,,,
abomasite,y,story,,frost-cavern,From Abomasnow after defeating Team Flare,false,false,true,,,,,,,
absolite,alpha-sapphire,overworld,visible,safari-zone-hoenn,Requires Acro Bike,false,false,true,,,,,,,
absolite,legends-za,story,,,Defeat the Rogue Mega Absol in Main Mission 09,false,false,true,,,,,,Main Mission 09: Chase That Mysterious Pokémon!,
absolite,moon,exchange,,battle-tree,Battle Tree,true,false,true,,,64,battle-points,,,
absolite,omega-ruby,overworld,visible,safari-zone-hoenn,Requires Acro Bike,false,false,true,,,,,,,
absolite,sun,exchange,,battle-tree,Battle Tree,true,false,true,,,64,battle-points,,,
absolite,ultra-moon,exchange,,battle-tree,Battle Tree,true,false,true,,,64,battle-points,,,
absolite,ultra-sun,exchange,,battle-tree,Battle Tree,true,false,true,,,64,battle-points,,,
absolite,x,npc-gift,,kiloude-city,From Calem/Serena after defeating them,false,false,true,,,,,,After defeating Calem/Serena,
absolite,y,npc-gift,,kiloude-city,From Calem/Serena after defeating them,false,false,true,,,,,,After defeating Calem/Serena,
absolite-z,legends-za,story,,,"Hyperspace Mission 01: ""Hyperspace Lumiose Survey No. 1""",false,false,true,,,,,,Obtained upon defeating and catching the Rogue Mega Absol Z,
absorb-bulb,black,exchange,,battle-subway,,true,false,true,,,32,battle-points,,,
academy-ball,scarlet,story,,mesagoza,,false,false,true,,,,,,Automatically obtained after beginning the Treasure Hunt,
academy-ball,violet,story,,mesagoza,,false,false,true,,,,,,Automatically obtained after beginning the Treasure Hunt,
academy-bottle,scarlet,story,,mesagoza,Automatically obtained after beginning the Treasure Hunt,false,false,true,,,,,,After beginning the Treasure Hunt,
academy-bottle,violet,story,,mesagoza,Automatically obtained after beginning the Treasure Hunt,false,false,true,,,,,,After beginning the Treasure Hunt,
academy-chairs,scarlet,npc-gift,,revelers-road,From a picnicker,false,false,true,,,,,,If the player owns the Academy Tablecloth,
academy-chairs,violet,npc-gift,,revelers-road,From a picnicker,false,false,true,,,,,,If the player owns the Academy Tablecloth,
academy-cup,scarlet,story,,mesagoza,Automatically obtained after beginning the Treasure Hunt,false,false,true,,,,,,After beginning the Treasure Hunt,
academy-cup,violet,story,,mesagoza,Automatically obtained after beginning the Treasure Hunt,false,false,true,,,,,,After beginning the Treasure Hunt,
academy-tablecloth,scarlet,story,,mesagoza,Automatically obtained after beginning the Treasure Hunt,false,false,true,,,,,,After beginning the Treasure Hunt,
academy-tablecloth,violet,story,,mesagoza,Automatically obtained after beginning the Treasure Hunt,false,false,true,,,,,,After beginning the Treasure Hunt,
acro-bike,alpha-sapphire,choice,,rydels-cycles,Choice between Acro Bike and Mach Bike; both obtainable after specific NPC interactions,true,false,true,,,,,,After speaking to required NPCs in Hoenn,
acro-bike,emerald,choice,,rydels-cycles,Choice between Acro Bike and Mach Bike,true,false,true,,,,,,,
acro-bike,omega-ruby,choice,,rydels-cycles,Choice between Acro Bike and Mach Bike; both obtainable after specific NPC interactions,true,false,true,,,,,,After speaking to required NPCs in Hoenn,
acro-bike,ruby,choice,,rydels-cycles,Choice between Acro Bike and Mach Bike,true,false,true,,,,,,,
acro-bike,sapphire,choice,,rydels-cycles,Choice between Acro Bike and Mach Bike,true,false,true,,,,,,,
adamant-crystal,legends-arceus,request,,lake-valor-hisui,"Reward for defeating Adaman to complete Request 89: ""The Diamond Clan's Treasure""",false,false,true,,,,,,,
adamant-crystal,scarlet,auction,,porto-marinada,Porto Marinada auction,true,false,false,,,,,,If the player owns a Dialga,
adamant-crystal,violet,auction,,porto-marinada,Porto Marinada auction,true,false,false,,,,,,If the player owns a Dialga,
adamant-mint,shield,exchange,,,Battle Tower,true,false,true,,,50,battle-points,,,
adamant-mint,sword,exchange,,,Battle Tower,true,false,true,,,50,battle-points,,,
adamant-orb,black,npc-gift,,marvelous-bridge,Given by the Shadow Triad,false,false,true,,,,,,,
adamant-orb,black-2,overworld,visible,dragonspiral-tower,,false,false,true,,,,,,,
adamant-orb,brilliant-diamond,overworld,visible,spear-pillar,,false,false,true,,,,,,,
adamant-orb,diamond,overworld,visible,spear-pillar,,false,false,true,,,,,,,
adamant-orb,heartgold,wild-pokemon,,sinjoh-ruins,Held by Dialga,false,false,true,,,,,,,
adamant-orb,omega-ruby,overworld,visible,hoenn-route-128,Underwater,false,false,true,,,,,,,
adamant-orb,platinum,overworld,visible,mount-coronet,,false,false,true,,,,,,,
adamant-orb,scarlet,auction,,porto-marinada,Auction,false,false,true,,,,,,If the player owns a Dialga,
adamant-orb,sun,shop,specialty-shop,hauoli-city,"Antiquities of the Ages, Hau'oli City Mall",false,false,true,,,,,,,
adamant-orb,sword,bargain-shop,,stow-on-side,Bargain shop keeper,false,false,true,,,,,,If the player owns a Dialga,
adamant-orb,x,overworld,visible,terminus-cave,,false,false,true,,,,,,,
adrenaline-orb,moon,shop,poke-mart,,All Poké Marts,true,false,true,,,300,pokedollars,,After completing three trials,
adrenaline-orb,scarlet,shop,specialty-shop,levincia,Delibird Presents,true,false,true,,,5000,pokedollars,,After earning 4 Gym Badges,
adrenaline-orb,sun,overworld,visible,alola-route-04,,false,false,true,,,,,,,
adrenaline-orb,sword,exchange,,battle-tower-galar,,true,false,true,,,10,battle-points,,,
adventure-guide,scarlet,starting-item,bag,cabo-poco,In the player's Bag when obtained,false,false,true,,,,,,,
adventure-guide,shield,starting-item,bag,postwick,In the player's Bag when obtained,false,false,true,,,,,,,
adventure-guide,sword,starting-item,bag,postwick,In the player's Bag when obtained,false,false,true,,,,,,,
adventure-guide,violet,starting-item,bag,cabo-poco,In the player's Bag when obtained,false,false,true,,,,,,,
adventure-guide,x,npc-gift,,kalos-route-03,From Calem or Serena upon arrival,false,false,true,,,,,,,
adventure-guide,y,npc-gift,,kalos-route-03,From Calem or Serena upon arrival,false,false,true,,,,,,,
aerodactylite,alpha-sapphire,overworld,visible,meteor-falls,,false,false,true,,,,,,,
aerodactylite,legends-za,exchange,,quasartico-inc-building,,false,false,true,,,240,,,,Costs Mega Shards.
aerodactylite,lets-go-eevee,overworld,visible,indigo-plateau,,false,false,true,,,,,,,
aerodactylite,lets-go-pikachu,overworld,visible,indigo-plateau,,false,false,true,,,,,,,
aerodactylite,moon,exchange,,battle-tree,,true,false,true,,,64,battle-points,,,
aerodactylite,omega-ruby,overworld,visible,meteor-falls,,false,false,true,,,,,,,
aerodactylite,sun,exchange,,battle-tree,,true,false,true,,,64,battle-points,,,
aerodactylite,ultra-moon,exchange,,battle-tree,,true,false,true,,,64,battle-points,,,
aerodactylite,ultra-sun,exchange,,battle-tree,,true,false,true,,,64,battle-points,,,
aerodactylite,x,story,,ambrette-town,Fossil Lab (after finding the scientist in Glittering Cave),false,false,true,,,,,,,
aerodactylite,y,story,,ambrette-town,Fossil Lab (after finding the scientist in Glittering Cave),false,false,true,,,,,,,
aggronite,alpha-sapphire,overworld,visible,rusturf-tunnel,,false,false,true,,,,,,,
aggronite,omega-ruby,overworld,visible,rusturf-tunnel,,false,false,true,,,,,,,
aggronite,ultra-moon,exchange,,battle-tree,Battle Tree,true,false,true,,,64,battle-points,,,
aggronite,ultra-sun,exchange,,battle-tree,Battle Tree,true,false,true,,,64,battle-points,,,
aggronite,y,overworld,visible,cyllage-city,Cyllage Gym,false,false,true,,,,,,Requires upgraded Mega Ring,
air-balloon,black,exchange,,,Battle Subway,true,false,true,,,48,battle-points,,,
air-balloon,black-2,wild-pokemon,,,Held by wild Drifblim in dark grass,true,false,false,,1.0,,,,,
air-mail,diamond,shop,poke-mart,jubilife-city,Poké Mart,true,false,true,,,50,pokedollars,,,
air-mail,heartgold,starting-item,pc,,Mail from Lyra/Ethan,false,false,true,,,,,,,
air-mail,pearl,shop,poke-mart,jubilife-city,Poké Mart,true,false,true,,,50,pokedollars,,,
air-mail,platinum,shop,poke-mart,jubilife-city,Poké Mart,true,false,true,,,50,pokedollars,,,
air-mail,soulsilver,starting-item,pc,,Mail from Lyra/Ethan,false,false,true,,,,,,,
alakazite,alpha-sapphire,shop,vendor,slateport-city,Slateport Market,false,false,true,,,,,,,
alakazite,lets-go-eevee,overworld,visible,indigo-plateau,,false,false,true,,,,,,,
alakazite,lets-go-pikachu,overworld,visible,indigo-plateau,,false,false,true,,,,,,,
alakazite,moon,npc-gift,,ancient-poni-path,From Dexio after becoming Champion,false,false,true,,,,,,After becoming Champion,
alakazite,omega-ruby,shop,vendor,slateport-city,Slateport Market,false,false,true,,,,,,,
alakazite,sun,npc-gift,,ancient-poni-path,From Dexio after becoming Champion,false,false,true,,,,,,After becoming Champion,
alakazite,ultra-moon,npc-gift,,poni-plains,From Dexio after becoming Champion,false,false,true,,,,,,After becoming Champion,
alakazite,ultra-sun,npc-gift,,poni-plains,From Dexio after becoming Champion,false,false,true,,,,,,After becoming Champion,
alakazite,x,overworld,visible,reflection-cave,"B2F, requires an upgraded Mega Ring",false,false,true,,,,,,After obtaining an upgraded Mega Ring,
alakazite,y,overworld,visible,reflection-cave,"B2F, requires an upgraded Mega Ring",false,false,true,,,,,,After obtaining an upgraded Mega Ring,
aloraichium-z,moon,npc-gift,,seafolk-village,Lady in the Steelix Boat for showing her an Alolan Raichu,false,false,true,,,,,,,
aloraichium-z,sun,npc-gift,,seafolk-village,Lady in the Steelix Boat for showing her an Alolan Raichu,false,false,true,,,,,,,
aloraichium-z,ultra-moon,npc-gift,,seafolk-village,Lady in the Steelix Boat for showing her an Alolan Raichu,false,false,true,,,,,,,
aloraichium-z,ultra-sun,npc-gift,,seafolk-village,Lady in the Steelix Boat for showing her an Alolan Raichu,false,false,true,,,,,,,
altarianite,alpha-sapphire,npc-gift,,lilycove-city,,false,false,true,,,,,,Requires Altaria in party,
altarianite,legends-za,story,,,Main Mission 28: A Rogue Mega Altaria,false,false,true,,,,,,After defeating the Rogue Mega Altaria,
altarianite,moon,event,,,,false,false,true,,,,,,,
altarianite,omega-ruby,npc-gift,,lilycove-city,,false,false,true,,,,,,Requires Altaria in party,
altarianite,sun,event,,,,false,false,true,,,,,,,
altarianite,ultra-moon,exchange,,battle-tree,,true,false,true,,,64,battle-points,,,
altarianite,ultra-sun,exchange,,battle-tree,,true,false,true,,,64,battle-points,,,
amaze-mulch,alpha-sapphire,exchange,,,Trade,true,false,true,,,,,,,
amaze-mulch,omega-ruby,exchange,,,Trade,true,false,true,,,,,,,
amaze-mulch,x,crafting,recipe,,Berry fields composter,true,false,true,,,,,,Using one Maranga Berry or Kee Berry and two other Berries,
amaze-mulch,y,crafting,recipe,,Berry fields composter,true,false,true,,,,,,Using one Maranga Berry or Kee Berry and two other Berries,
amazing-butter,legends-za,story,,hyperspace-sushi-paradise,"After defeating the Rogue Mega Tatsugiri during Hyperspace Mission 06: ""Hyperspace Lumiose Survey No. 2""",false,false,true,,,,,,,
ampharosite,alpha-sapphire,overworld,visible,new-mauville,,false,false,true,,,,,,,
ampharosite,legends-za,story,,,Defeat Rogue Mega Ampharos (Main Mission 23),false,false,true,,,,,,,
ampharosite,omega-ruby,overworld,visible,new-mauville,,false,false,true,,,,,,,
ampharosite,ultra-moon,exchange,,battle-tree,,true,false,true,,,64,battle-points,,,
ampharosite,ultra-sun,exchange,,battle-tree,,true,false,true,,,64,battle-points,,,
ampharosite,x,npc-gift,,azure-bay,Old man,false,false,true,,,,,,,
ampharosite,y,npc-gift,,azure-bay,Old man,false,false,true,,,,,,,
amulet-coin,gold,overworld,visible,goldenrod-department-store-basement,,false,false,true,,,,,,,
amulet-coin,ruby,npc-gift,,littleroot-town,From Mom after earning the Balance Badge,false,false,true,,,,,balance-badge,,
apicot-berry,ruby,event,,,Event distribution,false,false,true,,,,,,,
apicot-berry,scarlet,overworld,sparkling,area-zero,Sparkling overworld item,true,false,false,,,,,,,
apicot-berry,sword,berry-tree,,galar-route-09,Berry trees,true,false,false,,,,,,,"Also found in Dappled Grove, Giant's Cap, Lake of Outrage"
apple,scarlet,shop,vendor,,Peachy's,true,false,true,,,,,,The Teal Mask,
apple,scarlet,shop,vendor,,Sure Cans,true,false,true,,,,,,,
apple,scarlet,vending-machine,,terarium,Vending machines,true,false,true,,,,,,The Indigo Disk,
apple,scarlet,story,,south-province-area-two,Olive Roll reward,false,false,true,,,,,,,
apple,violet,vending-machine,,terarium,Vending machines,true,false,true,,,,,,The Indigo Disk,
apple,violet,story,,south-province-area-two,Olive Roll reward,false,false,true,,,,,,,
apple,violet,shop,vendor,,Sure Cans,true,false,true,,,,,,,
apple,violet,shop,vendor,,Peachy's,true,false,true,,,,,,The Teal Mask,
apricorn,legends-arceus,npc-gift,,jubilife-village,From Rei/Akari during Mission 3: The Basics of Crafting,false,false,true,20,,,,,During Mission 3,
apricorn,legends-arceus,trainer-reward,,galaxy-hall,Reward for completing Request 95: A New Anomaly,false,false,true,60,,,,,,
apricorn,legends-arceus,trainer-reward,,crimson-mirelands,Reward for completing Request 97: Massive Mass Outbreak in the Mirelands,false,false,true,20,,,,,,
apricorn,legends-arceus,trainer-reward,,coronet-highlands,Reward for completing Request 100: Massive Mass Outbreak in the Highlands,false,false,true,30,,,,,,
apricorn,legends-arceus,harvest,,,Apricorn trees across Hisui,true,false,false,,,,,,,
apricorn,legends-arceus,crafting,craftworks,,,true,false,true,,,,,,,
apricorn-box,heartgold,npc-gift,,route-30-johto,Man inside the southernmost house,false,false,true,,,,,,,
apricorn-box,soulsilver,npc-gift,,route-30-johto,Man inside the southernmost house,false,false,true,,,,,,,
aqua-suit,alpha-sapphire,story,,sootopolis-city,Received from Archie after Kyogre has been awoken,false,false,true,,,,,,After Kyogre has been awoken,
arboliva-oil,legends-za,story,,hotel-z,"Obtained from Corbeau during Hyperspace Mission 12: ""The Greatest Gift""",false,false,true,,,,,,,
armor-fossil,diamond,mining,,underground,,true,false,false,,,,,,,
armor-pass,shield,starting-item,bag,,,false,false,true,,,,,,After purchasing the Expansion Pass and updating to at least version 1.2.0,
armor-pass,sword,starting-item,bag,,,false,false,true,,,,,,After purchasing the Expansion Pass and updating to at least version 1.2.0,
armorite-ore,shield,overworld,recurring,,"Hidden spots in Soothing Wetlands, Brawlers' Cave, Courageous Cavern, Potbottom Desert",true,true,true,,,,,,,
armorite-ore,shield,event,,,Wild Area News,false,false,true,,,,,,"June 30 to July 31, 2020",
armorite-ore,shield,raid,max-raid,,Max Raid Battles,true,false,false,,,,,,,All levels
armorite-ore,sword,event,,,Wild Area News,false,false,true,,,,,,"June 30 to July 31, 2020",
armorite-ore,sword,raid,max-raid,,Max Raid Battles,true,false,false,,,,,,,All levels
armorite-ore,sword,overworld,recurring,,"Hidden spots in Soothing Wetlands, Brawlers' Cave, Courageous Cavern, Potbottom Desert",true,true,true,,,,,,,
articuno-treat,scarlet,npc-gift,,blueberry-academy,"Blueberry Academy entrance, from Snacksworth",false,false,true,,,,,,After completing 10 solo Blueberry Quests,Requires The Indigo Disk DLC.
articuno-treat,violet,npc-gift,,blueberry-academy,"Blueberry Academy entrance, from Snacksworth",false,false,true,,,,,,After completing 10 solo Blueberry Quests,Requires The Indigo Disk DLC.
assault-vest,scarlet,shop,specialty-shop,mesagoza,Delibird Presents,true,false,true,,,50000,pokedollars,,After completing the main storyline,
assault-vest,sun,exchange,,,Battle Tree,true,false,true,,,48,battle-points,,,
assault-vest,sword,overworld,visible,lake-of-outrage,,false,false,true,,,,,,,
assault-vest,sword,exchange,,,Battle Tower,true,false,true,,,25,battle-points,,,
assault-vest,x,exchange,,,Battle Maison,true,false,true,,,48,battle-points,,,
audinite,alpha-sapphire,npc-gift,,battle-resort,Given by Looker,false,false,true,,,,,,,
audinite,legends-za,exchange,,quasartico-inc-building,,false,false,true,,,180,,,,Requires Mega Shards
audinite,moon,event,,,First Mega Stone Gift,false,false,true,,,,,,,
audinite,omega-ruby,npc-gift,,battle-resort,Given by Looker,false,false,true,,,,,,,
audinite,sun,event,,,First Mega Stone Gift,false,false,true,,,,,,,
audinite,ultra-moon,exchange,,battle-tree,,true,false,true,,,64,battle-points,,,
audinite,ultra-sun,exchange,,battle-tree,,true,false,true,,,64,battle-points,,,
auspicious-armor,legends-za,story,,,Side Mission 132: Bitter Blue Flames vs. Blazing Crimson,false,false,true,,,,,,Given by Adver if chosen over Malicious Armor,
auspicious-armor,scarlet,exchange,,zapapico,Man next to the fountain near the eastern Pokémon Center,true,false,true,,,10,,,Exchange for ten Bronzor Fragments,
auspicious-armor,violet,exchange,,,Trade,true,false,true,,,,,,,
autograph,lets-go-eevee,trainer-reward,gym-leader,vermilion-gym,Reward for defeating Lt. Surge,false,false,true,,,,,,,
autograph,lets-go-pikachu,trainer-reward,gym-leader,vermilion-gym,Reward for defeating Lt. Surge,false,false,true,,,,,,,
autographed-plush,legends-za,npc-gift,,racine-construction,"Obtained during Main Mission 14: ""Reaching Rank E"" from Canari",false,false,true,,,,,,After battling and defeating Canari in the Z-A Royale,
aux-evasion,legends-arceus,crafting,recipe,,Crafted using 2 Doppel Bonnets and 1 Candy Truffle,true,false,true,1,,,,,,
aux-evasion,legends-arceus,request,,jubilife-village,"Reward for completing Request 41: ""An Elegant Tail""",false,false,true,2,,,,,,
aux-guard,legends-arceus,request,,jubilife-village,"Reward for completing Request 21: ""Back-Alley Mr. Mime""",false,false,true,2,,,,,,
aux-guard,legends-arceus,crafting,recipe,,Craft using 2 Iron Barktongues and 1 Pep-Up Plant,true,false,true,,,,,,,
aux-power,legends-arceus,request,,jubilife-village,"Reward for completing Request 9: ""Zubat's Eyes""",false,false,true,2,,,,,,
aux-power,legends-arceus,crafting,recipe,,,true,false,true,,,,,,,Requires 2 Swordcaps and 1 Pep-Up Plant
aux-powerguard,legends-arceus,request,,ginkgo-landing,Reward for completing Request 56: Getting Help from Machoke,false,false,true,,,,,,,
aux-powerguard,legends-arceus,crafting,recipe,,"Crafted using 1 Aux Power, 1 Aux Guard, and 1 King's Leaf",true,false,true,,,,,,,
avocado,scarlet,shop,vendor,,Peachy's,true,false,true,,,180,pokedollars,,After earning 2 Badges,
avocado,scarlet,shop,vendor,,Deli Cioso,true,false,true,,,180,pokedollars,,After earning 2 Gym Badges,
avocado,scarlet,shop,vendor,,Aquiesta Supermarket,true,false,true,,,180,pokedollars,,After earning 2 Gym Badges,
avocado,violet,shop,vendor,,Deli Cioso,true,false,true,,,180,pokedollars,,After earning 2 Gym Badges,
avocado,violet,shop,vendor,,Peachy's,true,false,true,,,180,pokedollars,,After earning 2 Badges,
avocado,violet,shop,vendor,,Aquiesta Supermarket,true,false,true,,,180,pokedollars,,After earning 2 Gym Badges,
azelfs-fang,legends-arceus,npc-gift,,valor-cavern-hisui,"Received from Azelf after completing its challenge during Mission 15: ""The Trial of Lake Valor""",false,false,true,,,,,,During Mission 15: The Trial of Lake Valor,
azure-flute,brilliant-diamond,event,,twinleaf-town,Save data bonus from Pokémon Legends: Arceus with all Missions completed,false,false,true,,,,,,Requires completed Pokémon Legends: Arceus save data,Available in Version 1.3.0+
azure-flute,legends-arceus,story,,temple-of-sinnoh,Reward after defeating Volo and Giratina (Mission 26: Seeking the Remaining Plates),false,false,true,,,,,,,
azure-flute,shining-pearl,event,,twinleaf-town,Save data bonus from Pokémon Legends: Arceus with all Missions completed,false,false,true,,,,,,Requires completed Pokémon Legends: Arceus save data,Available in Version 1.3.0+
bachs-food-tin,shield,shop,vendor,rolling-fields,Ingredients Seller,true,false,true,,,950,pokedollars,,,
bachs-food-tin,shield,shop,vendor,hammerlocke-hills,Ingredients Seller,true,false,true,,,950,pokedollars,,,
bachs-food-tin,shield,shop,vendor,fields-of-honor,Ingredients Seller,true,false,true,,,950,pokedollars,,,
bacon,scarlet,shop,vendor,,Deli Cioso,true,false,true,,,150,pokedollars,,After earning 1 Gym Badge,
bacon,the-indigo-disk,vending-machine,,terarium,Vending machines,true,false,true,,,,,,,
bacon,violet,shop,vendor,,Deli Cioso,true,false,true,,,150,pokedollars,,After earning 1 Gym Badge,
ball-of-mud,legends-arceus,request,,,"Highlands, Mountain, or Summit Camp",false,false,true,20,,,,,"Reward for completing Request 100: ""Massive Mass Outbreak in the Highlands""",
ball-of-mud,legends-arceus,request,,,Snowfields or Icepeak Camp,false,false,true,20,,,,,"Reward for completing Request 101: ""Massive Mass Outbreak in the Icelands""",
ball-of-mud,legends-arceus,overworld,recurring,lava-dome-sanctum,,true,false,true,,,,,,,
ball-of-mud,legends-arceus,overworld,sparkling,alabaster-icelands,Snow piles,true,false,false,,,,,,,
ball-of-mud,legends-arceus,dropped,,,Practice field balloon minigame,true,false,false,,,,,,,Random reward
ball-of-mud,legends-arceus,harvest,,,Found by Ursaluna,true,true,false,,,,,,,
ball-of-mud,legends-arceus,story,,,"Highlands, Mountain, or Summit Camp",false,false,true,100,,,,,"From Adaman during Request 100: ""Massive Mass Outbreak in the Highlands""",
banana,scarlet,vending-machine,,,Sure Cans,true,false,true,,,,,,,
banana,scarlet,vending-machine,,terarium,Vending machines,true,false,true,,,,,,The Indigo Disk,
banana,violet,vending-machine,,,Sure Cans,true,false,true,,,,,,,
banana,violet,vending-machine,,terarium,Vending machines,true,false,true,,,,,,The Indigo Disk,
banettite,alpha-sapphire,overworld,visible,mt-pyre,,false,false,true,,,,,,,
banettite,legends-za,npc-defeat,,,Rogue Mega Banette (Main Mission 18),false,false,true,,,,,,After completing Main Mission 18,
banettite,moon,event,,,Third Mega Stone Gift,false,false,true,,,,,,,
banettite,omega-ruby,overworld,visible,mt-pyre,,false,false,true,,,,,,,
banettite,sun,event,,,Third Mega Stone Gift,false,false,true,,,,,,,
banettite,ultra-moon,exchange,,battle-tree,,true,false,true,,,64,battle-points,,,
banettite,ultra-sun,exchange,,battle-tree,,true,false,true,,,64,battle-points,,,
banettite,x,overworld,visible,chamber-of-emptiness,Requires an upgraded Mega Ring,false,false,true,,,,,,After obtaining an upgraded Mega Ring,
banettite,y,overworld,visible,chamber-of-emptiness,Requires an upgraded Mega Ring,false,false,true,,,,,,After obtaining an upgraded Mega Ring,
barbaracite,legends-za,npc-defeat,,,"Rogue Mega Barbaracle (Main Mission 22: ""A Rogue Mega Barbaracle"")",false,false,true,,,,,,During Main Mission 22,
barred-cup,scarlet,shop,specialty-shop,mesagoza,Picnic-Knacks (Mesagoza Branch),true,false,true,,,800,pokedollars,,,
barred-cup,violet,shop,specialty-shop,mesagoza,Picnic-Knacks (Mesagoza Branch),true,false,true,,,800,pokedollars,,,
basculegion-food,legends-arceus,npc-gift,,aipom-hill,"From Iscan after bringing him a Dusclops during Mission 10: ""The Lordless Island""",false,false,true,,,,,,"After progressing Mission 10: ""The Lordless Island""",
basement-key-hoenn,emerald,npc-gift,,mauville-city,From Wattson,false,false,true,,,,,,After defeating Norman,
basement-key-hoenn,ruby,npc-gift,,mauville-city,From Wattson,false,false,true,,,,,,After defeating Norman,
basement-key-hoenn,sapphire,npc-gift,,mauville-city,From Wattson,false,false,true,,,,,,After defeating Norman,
basement-key-johto,crystal,npc-defeat,,goldenrod-radio-tower,Imposter Radio Director,false,false,true,,,,,,After defeating the imposter Radio Director,
basement-key-johto,gold,npc-defeat,,goldenrod-radio-tower,Imposter Radio Director,false,false,true,,,,,,After defeating the imposter Radio Director,
basement-key-johto,heartgold,npc-defeat,,goldenrod-radio-tower,Petrel,false,false,true,,,,,,After defeating Petrel,
basement-key-johto,silver,npc-defeat,,goldenrod-radio-tower,Imposter Radio Director,false,false,true,,,,,,After defeating the imposter Radio Director,
basement-key-johto,soulsilver,npc-defeat,,goldenrod-radio-tower,Petrel,false,false,true,,,,,,After defeating Petrel,
basil,scarlet,shop,vendor,,Deli Cioso,true,false,true,,,280,pokedollars,,After earning 3 Gym Badges,
basil,scarlet,shop,vendor,,Aquiesta Supermarket,true,false,true,,,280,pokedollars,,After earning 3 Gym Badges,
basil,scarlet,vending-machine,,terarium,Vending machines,true,false,true,,,,,,The Indigo Disk,
basil,violet,shop,vendor,,Aquiesta Supermarket,true,false,true,,,280,pokedollars,,After earning 3 Gym Badges,
basil,violet,vending-machine,,terarium,Vending machines,true,false,true,,,,,,The Indigo Disk,
basil,violet,shop,vendor,,Deli Cioso,true,false,true,,,280,pokedollars,,After earning 3 Gym Badges,
battle-chairs,scarlet,npc-gift,,revelers-road,Picnicker,false,false,true,,,,,,If the player owns the Battle Tablecloth (The Teal Mask),
battle-chairs,violet,npc-gift,,revelers-road,Picnicker,false,false,true,,,,,,If the player owns the Battle Tablecloth (The Teal Mask),
battle-tablecloth,scarlet,shop,specialty-shop,cascarrafa,Picnic-Knacks (Cascarrafa Branch),true,false,true,,,4000,pokedollars,,,
battle-tablecloth,violet,shop,specialty-shop,cascarrafa,Picnic-Knacks (Cascarrafa Branch),true,false,true,,,4000,pokedollars,,,
baxcalibrite,legends-za,tournament,,,Ranked Battles Season 4,false,false,true,,,,,,"Reach Rank S in Ranked Battles Season 4 (December 18, 2025 – January 8, 2026)",
beach-glass,lets-go-eevee,npc-gift,,,Partner Eevee,true,false,true,,,,,,,
beach-glass,lets-go-pikachu,npc-gift,,,Partner Pikachu,true,false,true,,,,,,,
bead-mail,emerald,overworld,visible,trick-house,,false,false,true,,,,,,,
bead-mail,emerald,npc-gift,,lilycove-city,Quiz Lady,false,false,true,,,,,,,
bead-mail,firered,transfer,,,Trade from Ruby/Sapphire/Emerald,true,false,true,,,,,,,
bead-mail,leafgreen,transfer,,,Trade from Ruby/Sapphire/Emerald,true,false,true,,,,,,,
bead-mail,ruby,overworld,visible,trick-house,,false,false,true,,,,,,,
bead-mail,sapphire,overworld,visible,trick-house,,false,false,true,,,,,,,
bean-cake,legends-arceus,shop,vendor,,Ginkgo Guild cart (Ginter),true,false,false,10,,,pokedollars,,,Randomly sold
bean-cake,legends-arceus,shop,vendor,jubilife-village,General store and base camp stores,true,false,true,,,400,pokedollars,,"After completing Request 61: ""Even More New Wares""",
bean-cake,legends-arceus,npc-gift,,jubilife-village,"Reward for completing Request 53: ""Octillery's Ink""",false,false,true,5,,,,,,
bean-cake,legends-arceus,crafting,recipe,,Crafting using 1 Plump Beans and 1 Cake-Lure Base,true,false,true,,,,,,,
beedrillite,alpha-sapphire,overworld,visible,sea-mauville,Storage Room,false,false,true,,,,,,,
beedrillite,legends-za,story,,,Defeat the Rogue Mega Beedrill in Main Mission 16,false,false,true,,,,,,Main Mission 16: A Rogue Mega Beedrill,
beedrillite,lets-go-eevee,overworld,visible,indigo-plateau,,false,false,true,,,,,,,
beedrillite,lets-go-pikachu,overworld,visible,indigo-plateau,,false,false,true,,,,,,,
beedrillite,omega-ruby,overworld,visible,sea-mauville,Storage Room,false,false,true,,,,,,,
beedrillite,ultra-moon,exchange,,battle-tree,,true,false,true,,,64,battle-points,,,
beedrillite,ultra-sun,exchange,,battle-tree,,true,false,true,,,64,battle-points,,,
berry-gen2,gold,overworld,visible,route-30-johto,,false,false,true,,,,,,,
berry-pots,heartgold,npc-gift,,route-36-johto,From Floria after catching or defeating Sudowoodo,false,false,true,,,,,,After encountering Sudowoodo on Route 36,
berry-pots,soulsilver,npc-gift,,route-36-johto,From Floria after catching or defeating Sudowoodo,false,false,true,,,,,,After encountering Sudowoodo on Route 36,
berry-pouch,firered,story,,route-03-kanto,Automatically obtained upon acquiring the first Berry,false,false,true,,,,,,,
berry-pouch,leafgreen,story,,route-03-kanto,Automatically obtained upon acquiring the first Berry,false,false,true,,,,,,,
berry-sweet,scarlet,crafting,item-printer,,Item Printer,true,false,false,,,,,,The Indigo Disk,
berry-sweet,scarlet,overworld,visible,,"Coastal Biome, Polar Biome, Savanna Biome",false,false,true,,,,,,The Indigo Disk,
berry-sweet,shield,npc-gift,,,Battle Café,true,false,true,,,,,,,
berry-sweet,shield,dropped,,,Wild Area News event,true,false,false,,,,,,"During Wild Area News January 30 - February 16, 2020",Dropped by Gigantamax Factor Milcery
berry-sweet,shield,shop,watt-trader,snowslide-slope,Snowslide Slope Watt Trader (Highlight Item),true,false,true,,,7980,watts,,The Crown Tundra,
berry-sweet,shield,crafting,cram-o-matic,,Cram-o-matic,true,false,false,,,,,,Isle of Armor; Fairy type recipe 92–100 points,
berry-sweet,sword,dropped,,,Wild Area News event,true,false,false,,,,,,"During Wild Area News January 30 - February 16, 2020",Dropped by Gigantamax Factor Milcery
berry-sweet,sword,npc-gift,,,Battle Café,true,false,true,,,,,,,
berry-sweet,sword,crafting,cram-o-matic,,Cram-o-matic,true,false,false,,,,,,Isle of Armor; Fairy type recipe 92–100 points,
berry-sweet,sword,shop,watt-trader,snowslide-slope,Snowslide Slope Watt Trader (Highlight Item),true,false,true,,,7980,watts,,The Crown Tundra,
berry-sweet,violet,overworld,visible,,"Coastal Biome, Polar Biome, Savanna Biome",false,false,true,,,,,,The Indigo Disk,
berry-sweet,violet,crafting,item-printer,,Item Printer,true,false,false,,,,,,The Indigo Disk,
berserk-gene,crystal,overworld,visible,cerulean-city,Former Cerulean Cave entrance,false,false,true,,,,,,,
berserk-gene,gold,overworld,visible,cerulean-city,Former Cerulean Cave entrance,false,false,true,,,,,,,
berserk-gene,silver,overworld,visible,cerulean-city,Former Cerulean Cave entrance,false,false,true,,,,,,,
bicycle,diamond,npc-gift,,eterna-city,Rad Rickshaw's Cycle Shop,false,false,true,,,,,,After saving Rad Rickshaw from Team Galactic,
bicycle,gold,npc-gift,,goldenrod-city,Bike Shop owner,false,false,true,,,,,,,
bicycle,red,exchange,,cerulean-city,Bike Shop (exchange for Bike Voucher),false,false,true,,,,,,,
big-bamboo-shoot,scarlet,overworld,sparkling,north-province-area-two,,true,false,true,,,,,,,
big-bamboo-shoot,scarlet,tournament,,,"Ogre Oustin' (Easy, Normal)",true,false,false,,,,,,The Teal Mask,
big-bamboo-shoot,scarlet,crafting,item-printer,,Item Printer,true,false,false,,,,,,The Indigo Disk,
big-bamboo-shoot,violet,tournament,,,"Ogre Oustin' (Easy, Normal)",true,false,false,,,,,,The Teal Mask,
big-bamboo-shoot,violet,overworld,sparkling,north-province-area-two,,true,false,true,,,,,,,
big-bamboo-shoot,violet,crafting,item-printer,,Item Printer,true,false,false,,,,,,The Indigo Disk,
big-malasada,moon,overworld,visible,aether-paradise,,false,false,true,,,,,,,
big-malasada,sun,npc-gift,,hauoli-city,,true,false,true,1,,,,,,One per day per location
big-malasada,sun,overworld,visible,aether-paradise,,false,false,true,,,,,,,
big-malasada,sword,npc-gift,,,,true,false,false,,,,,,,
big-malasada,ultra-moon,overworld,visible,royal-avenue,,false,false,true,,,,,,,
big-malasada,ultra-sun,overworld,visible,ancient-poni-path,,false,false,true,,,,,,,
big-root,black,overworld,visible,pinwheel-forest,,false,false,true,,,,,,,
big-root,diamond,overworld,visible,route-214-sinnoh,,false,false,true,,,,,,,
big-root,heartgold,overworld,visible,route-03-kanto,,false,false,true,,,,,,,
big-root,scarlet,shop,specialty-shop,cascarrafa,Delibird Presents,true,false,true,,,10000,pokedollars,,,
bike-voucher,blue,npc-gift,,vermilion-city,Pokémon Fan Club Chairman,false,false,true,,,,,,,
bike-voucher,firered,npc-gift,,vermilion-city,Pokémon Fan Club Chairman,false,false,true,,,,,,,
bike-voucher,green,npc-gift,,vermilion-city,Pokémon Fan Club Chairman,false,false,true,,,,,,,
bike-voucher,leafgreen,npc-gift,,vermilion-city,Pokémon Fan Club Chairman,false,false,true,,,,,,,
bike-voucher,red,npc-gift,,vermilion-city,Pokémon Fan Club Chairman,false,false,true,,,,,,,
bike-voucher,yellow,npc-gift,,vermilion-city,Pokémon Fan Club Chairman,false,false,true,,,,,,,
binding-band,black,exchange,,,Battle Subway,true,false,true,,,48,battle-points,,,
binding-band,white,exchange,,,Battle Subway,true,false,true,,,48,battle-points,,,
bitter-berry,gold,wild-pokemon,,,Held by various wild Pokémon,true,false,false,,,,,,,"Includes many species such as Bulbasaur, Charmander, Squirtle, Eevee, and others."
bitter-berry,silver,berry-tree,,route-31-johto,,true,false,false,,,,,,,
bitter-herba-mystica,scarlet,tera-raid,tera-raid-5star,,Tera Raid Battles,true,false,false,,,,,,,
bitter-herba-mystica,the-indigo-disk,npc-defeat,,league-club-room,Reward for defeating Tyme,false,false,true,3,,,,,,
bitter-herba-mystica,the-teal-mask,story,,revelers-road,Reward for showing all 19 tablecloths to a picnicker,false,false,true,2,,,,,,
bitter-herba-mystica,the-teal-mask,tournament,,,Ogre Oustin' (Hard difficulty),true,false,false,,,,,,,
bitter-herba-mystica,violet,tera-raid,tera-raid-5star,,Tera Raid Battles,true,false,false,,,,,,,
black-apricorn,crystal,harvest,,route-37-johto,,true,false,true,,,,,,,
black-apricorn,gold,harvest,,route-37-johto,,true,false,true,,,,,,,
black-apricorn,silver,harvest,,route-37-johto,,true,false,true,,,,,,,
black-augurite,legends-arceus,request,,jubilife-village,"Reward for completing Request 68: ""A Nosepass to Guide the Way""",false,false,true,,,,,,,
black-augurite,legends-arceus,shop,vendor,jubilife-village,"Ginkgo Guild cart (Ginter, sold as ""Jet-Black Rock"")",true,false,false,,,,pokedollars,,Random daily stock,
black-augurite,legends-arceus,harvest,,,Found by Ursaluna,true,false,false,,,,,,,
black-augurite,legends-arceus,dropped,,,Space-time distortions,true,false,false,,,,,,,
black-augurite,legends-za,dropped,,hyperspace-zone-4-star,Destroy Floating Poké Ball in 4★ and 5★ Hyperspace Zones with Item Power: Special,true,false,false,,,,,,,
black-augurite,legends-za,dropped,,hyperspace-zone-5-star,Destroy Floating Poké Ball in 4★ and 5★ Hyperspace Zones with Item Power: Special,true,false,false,,,,,,,
black-belt,gold,overworld,visible,lake-of-rage,,false,false,true,,,,,,,
black-belt,silver,overworld,visible,lake-of-rage,,false,false,true,,,,,,,
black-flute,black,npc-gift,,unova-route-13,Treasure hunter,true,false,false,,,,,,,
black-flute,diamond,overworld,visible,mount-coronet,,false,false,true,,,,,,Platinum only,
black-flute,heartgold,overworld,visible,dark-cave,,false,false,true,,,,,,,
black-flute,omega-ruby,exchange,,hoenn-route-113,Glass Workshop (1000 grams),true,false,true,,,1000,,,,
black-flute,ruby,walking-pokemon,,hoenn-route-113,Glass Workshop (1000 steps),true,false,true,,,,,,,
black-mane-hair,shield,story,,freezington,Obtained upon defeating Spectrier after planting Carrot Seeds in the Old Cemetery,false,false,true,,,,,,If the player chose to plant the Carrot Seeds in the Old Cemetery,The Crown Tundra
black-mane-hair,sword,story,,freezington,Obtained upon defeating Spectrier after planting Carrot Seeds in the Old Cemetery,false,false,true,,,,,,If the player chose to plant the Carrot Seeds in the Old Cemetery,The Crown Tundra
black-tumblestone,legends-arceus,request,,,Mirelands or Bogbound Camp,false,false,true,30,,,,,"Reward for completing Request 97: ""Massive Mass Outbreak in the Mirelands""",
black-tumblestone,legends-arceus,mining,,,"Black ore deposits (Obsidian Fieldlands, Crimson Mirelands, Cobalt Coastlands, Coronet Highlands, Alabaster Icelands)",true,false,false,,,,,,,
black-tumblestone,legends-arceus,crafting,craftworks,,,true,false,true,,,,,,,
black-tumblestone,legends-arceus,harvest,,,Sometimes found by Ursaluna,true,false,false,,,,,,,
blank-plate,legends-arceus,story,,snowpoint-temple,"Reward for catching Regigigas at the end of Mission 24: ""The Plate of Snowpoint Temple""",false,false,true,,,,,,Complete Mission 24 and catch Regigigas,
blastoisinite,alpha-sapphire,overworld,visible,ss-tidal,,false,false,true,,,,,,,
blastoisinite,legends-za,shop,specialty-shop,stone-emporium,,true,false,true,,,100000,pokedollars,,"After completing Main Mission 09: ""Chase That Mysterious Pokémon!""",
blastoisinite,omega-ruby,overworld,visible,ss-tidal,,false,false,true,,,,,,,
blastoisinite,x,npc-gift,,pokemon-research-lab-kalos,If Squirtle is chosen,false,false,true,,,,,,,
blastoisinite,y,shop,specialty-shop,stone-emporium,If Squirtle is not chosen,true,false,true,,,,pokedollars,,,
blazikenite,alpha-sapphire,overworld,visible,hoenn-route-120,If first partner Pokémon was Torchic,false,false,true,,,,,,,
blazikenite,omega-ruby,overworld,visible,hoenn-route-120,If first partner Pokémon was Torchic,false,false,true,,,,,,,
blazikenite,ultra-moon,exchange,,battle-tree,Battle Tree,true,false,true,,,64,battle-points,,,
blazikenite,ultra-sun,exchange,,battle-tree,Battle Tree,true,false,true,,,64,battle-points,,,
blazikenite,x,event,,,,false,false,true,,,,,,,
blazikenite,y,event,,,,false,false,true,,,,,,,
bloom-mail,diamond,shop,poke-mart,floaroma-town,Floaroma Town Poké Mart,true,false,true,,,50,pokedollars,,,
bloom-mail,heartgold,shop,department-store,celadon-city,Celadon Department Store,true,false,true,,,50,pokedollars,,,
bloom-mail,heartgold,shop,poke-mart,azalea-town,Azalea Town Poké Mart,true,false,true,,,50,pokedollars,,,
bloom-mail,pearl,shop,poke-mart,floaroma-town,Floaroma Town Poké Mart,true,false,true,,,50,pokedollars,,,
bloom-mail,platinum,shop,poke-mart,floaroma-town,Floaroma Town Poké Mart,true,false,true,,,50,pokedollars,,,
bloom-mail,soulsilver,shop,poke-mart,azalea-town,Azalea Town Poké Mart,true,false,true,,,50,pokedollars,,,
bloom-mail,soulsilver,shop,department-store,celadon-city,Celadon Department Store,true,false,true,,,50,pokedollars,,,
blue-apricorn,crystal,berry-tree,,route-37-johto,,true,false,true,,,,,,,
blue-apricorn,gold,berry-tree,,route-37-johto,,true,false,true,,,,,,,
blue-apricorn,shield,berry-tree,,giants-foot,Crown Tundra,true,false,false,,,,,,Requires The Crown Tundra,
blue-apricorn,silver,berry-tree,,route-37-johto,,true,false,true,,,,,,,
blue-apricorn,sword,berry-tree,,fields-of-honor,Isle of Armor,true,false,false,,,,,,Requires The Isle of Armor,
blue-bottle,scarlet,shop,specialty-shop,cascarrafa,Picnic-Knacks (Cascarrafa Branch),true,false,true,,,2000,pokedollars,,,
blue-bottle,violet,shop,specialty-shop,cascarrafa,Picnic-Knacks (Cascarrafa Branch),true,false,true,,,2000,pokedollars,,,
blue-canari-plush-lv-1,legends-za,exchange,craftworks,racine-construction,Colorful Screw Exchange,true,false,true,,,3,colorful-screws,,,Requires Colorful Screws
blue-canari-plush-lv-2,legends-za,exchange,craftworks,racine-construction,Colorful Screw Exchange,true,false,true,,,5,colorful-screws,,,Requires Colorful Screws
blue-canari-plush-lv-3,legends-za,exchange,craftworks,racine-construction,Colorful Screw Exchange,true,false,true,,,8,colorful-screws,,,Requires Colorful Screws
blue-card,crystal,npc-gift,,goldenrod-radio-tower,"2F, from Buena",false,false,true,,,,,,,
blue-card,heartgold,npc-gift,,goldenrod-radio-tower,"2F, from Buena",false,false,true,,,,,,,
blue-card,soulsilver,npc-gift,,goldenrod-radio-tower,"2F, from Buena",false,false,true,,,,,,,
blue-chairs,the-teal-mask,npc-gift,,revelers-road,Picnicker,false,false,true,,,,,,If the player owns the Blue Tablecloth,
blue-cup,scarlet,shop,specialty-shop,cascarrafa,Picnic-Knacks (Cascarrafa Branch),true,false,true,,,1500,pokedollars,,,
blue-cup,violet,shop,specialty-shop,cascarrafa,Picnic-Knacks (Cascarrafa Branch),true,false,true,,,1500,pokedollars,,,
blue-flag-pick,scarlet,vending-machine,,,Vending machines (Terarium),true,false,true,,,120,pokedollars,,,
blue-flag-pick,scarlet,shop,vendor,,Artisan Bakery,true,false,true,,,120,pokedollars,,,
blue-flag-pick,scarlet,shop,vendor,,Peachy's,true,false,true,,,120,pokedollars,,After earning 1 Badge,
blue-flag-pick,violet,vending-machine,,,Vending machines (Terarium),true,false,true,,,120,pokedollars,,,
blue-flag-pick,violet,shop,vendor,,Artisan Bakery,true,false,true,,,120,pokedollars,,,
blue-flag-pick,violet,shop,vendor,,Peachy's,true,false,true,,,120,pokedollars,,After earning 1 Badge,
blue-flute,black,overworld,recurring,unova-route-13,Treasure Hunter,true,false,false,,,,,,,
blue-flute,heartgold,overworld,visible,viridian-forest,,false,false,true,,,,,,,
blue-flute,ruby,overworld,recurring,hoenn-route-113,Glass Workshop (250 steps),true,false,true,,,,,,,
blue-orb,alpha-sapphire,npc-gift,,sootopolis-city,Archie after battling Kyogre,false,false,true,,,,,,,
blue-orb,heartgold,npc-gift,,route-30-johto,Mr. Pokémon,false,false,true,,,,,,After defeating Red and obtaining the National Pokédex and a Kanto starter,
blue-orb,moon,shop,specialty-shop,hauoli-city,Antiquities of the Ages,false,false,true,,,10000,pokedollars,,,
blue-orb,omega-ruby,story,,mt-pyre,Summit after defeating Courtney,false,false,true,,,,,,,
blue-orb,sapphire,story,,mt-pyre,Summit after confronting Team Aqua,false,false,true,,,,,,,
blue-orb,sun,shop,specialty-shop,hauoli-city,Antiquities of the Ages,false,false,true,,,10000,pokedollars,,,
blue-petal,ultra-moon,story,,lush-jungle,"During Mina's trial, after defeating Lana",false,false,true,,,,,,,
blue-petal,ultra-sun,story,,lush-jungle,"During Mina's trial, after defeating Mallow",false,false,true,,,,,,,
blue-poke-ball-pick,scarlet,shop,vendor,,Artisan Bakery,true,false,true,,,200,pokedollars,,,
blue-poke-ball-pick,the-indigo-disk,vending-machine,,terarium,Vending machines,true,false,true,,,200,pokedollars,,,
blue-poke-ball-pick,the-teal-mask,shop,vendor,,Peachy's,true,false,true,,,200,pokedollars,,,
blue-poke-ball-pick,violet,shop,vendor,,Artisan Bakery,true,false,true,,,200,pokedollars,,,
blue-scarf,diamond,npc-gift,,pastoria-city,Scarf Guy,false,false,true,,,,,,Show a Pokémon with Beauty of 200 or more,
blue-scarf,emerald,npc-gift,,slateport-city,Pokémon Fan Club chairman,false,false,true,,,,,,Show a Pokémon with Beauty of 200 or more,
blue-scarf,pearl,npc-gift,,pastoria-city,Scarf Guy,false,false,true,,,,,,Show a Pokémon with Beauty of 200 or more,
blue-scarf,platinum,npc-gift,,pastoria-city,Scarf Guy,false,false,true,,,,,,Show a Pokémon with Beauty of 200 or more,
blue-scarf,ruby,npc-gift,,slateport-city,Pokémon Fan Club chairman,false,false,true,,,,,,Show a Pokémon with Beauty of 200 or more,
blue-scarf,sapphire,npc-gift,,slateport-city,Pokémon Fan Club chairman,false,false,true,,,,,,Show a Pokémon with Beauty of 200 or more,
blue-sky-flower-pick,scarlet,shop,specialty-shop,,Artisan Bakery,true,false,true,,,1000,pokedollars,,,
blue-sky-flower-pick,violet,shop,specialty-shop,,Artisan Bakery,true,false,true,,,1000,pokedollars,,,
blue-tablecloth,scarlet,shop,specialty-shop,levincia,Picnic-Knacks (Levincia Branch),true,false,true,,,5000,pokedollars,,,
blue-tablecloth,violet,shop,specialty-shop,levincia,Picnic-Knacks (Levincia Branch),true,false,true,,,5000,pokedollars,,,
blueberry-chairs,scarlet,npc-gift,,revelers-road,Picnicker,false,false,true,,,,,,If the player owns the Blueberry Tablecloth,Available in The Indigo Disk
blueberry-chairs,violet,npc-gift,,revelers-road,Picnicker,false,false,true,,,,,,If the player owns the Blueberry Tablecloth,Available in The Indigo Disk
blueberry-tablecloth,scarlet,vending-machine,,terarium,,true,false,true,,,1000,pokedollars,,,
blueberry-tablecloth,violet,vending-machine,,terarium,,true,false,true,,,1000,pokedollars,,,
bluesky-mail,crystal,event,,pokecom-center,"Hard ""Pokémon Character Maze"" prize",false,false,true,3,,,,,Available via the Mobile System GB service (Japanese version only),
blunder-policy,scarlet,shop,vendor,mesagoza,Delibird Presents (Mesagoza Branch),true,false,true,,,30000,pokedollars,,After completing the main storyline,
blunder-policy,shield,crafting,cram-o-matic,,Flying: 62–70 points,true,false,false,,,,,,The Isle of Armor,
blunder-policy,shield,exchange,,battle-tower-galar,,true,false,true,,,20,battle-points,,,
blunder-policy,shield,overworld,visible,freezington,,false,false,true,,,,,,The Crown Tundra,
blunder-policy,sword,overworld,visible,freezington,,false,false,true,,,,,,The Crown Tundra,
blunder-policy,sword,exchange,,battle-tower-galar,,true,false,true,,,20,battle-points,,,
blunder-policy,sword,crafting,cram-o-matic,,Flying: 62–70 points,true,false,false,,,,,,The Isle of Armor,
blunder-policy,violet,shop,vendor,mesagoza,Delibird Presents (Mesagoza Branch),true,false,true,,,30000,pokedollars,,After completing the main storyline,
bobs-food-tin,sword,shop,specialty-shop,fields-of-honor,Ingredients Seller,true,false,true,,,950,pokedollars,,,
bobs-food-tin,sword,shop,specialty-shop,rolling-fields,Ingredients Seller,true,false,true,,,950,pokedollars,,,
bobs-food-tin,sword,shop,specialty-shop,hammerlocke-hills,Ingredients Seller,true,false,true,,,950,pokedollars,,,
boiled-egg,shield,shop,vendor,fields-of-honor,Ingredients Seller,true,false,true,,,2200,pokedollars,,The Isle of Armor expansion,
boiled-egg,shield,shop,vendor,hammerlocke-hills,Ingredients Seller,true,false,true,,,2200,pokedollars,,,
boiled-egg,sword,shop,vendor,hammerlocke-hills,Ingredients Seller,true,false,true,,,2200,pokedollars,,,
boiled-egg,sword,shop,vendor,fields-of-honor,Ingredients Seller,true,false,true,,,2200,pokedollars,,The Isle of Armor expansion,
bold-mint,brilliant-diamond,exchange,,,Battle Park,true,false,true,,,50,battle-points,,,
bold-mint,legends-arceus,harvest,,,Farm (mint harvest),true,false,false,,,,,,,
bold-mint,scarlet,shop,vendor,,Chansey Supply,true,false,true,,,20000,pokedollars,,After earning 6 Gym Badges,
bold-mint,shield,exchange,,,Battle Tower,true,false,true,,,50,battle-points,,,
bold-mint,shield,overworld,recurring,soothing-wetlands,Hidden recurring item,true,true,true,,,,,,The Isle of Armor,
bold-mint,shield,overworld,recurring,giants-bed,Hidden recurring item,true,true,true,,,,,,The Crown Tundra,
bold-mint,shining-pearl,exchange,,,Battle Park,true,false,true,,,50,battle-points,,,
bold-mint,sword,overworld,recurring,soothing-wetlands,Hidden recurring item,true,true,true,,,,,,The Isle of Armor,
bold-mint,sword,exchange,,,Battle Tower,true,false,true,,,50,battle-points,,,
bold-mint,sword,overworld,recurring,giants-bed,Hidden recurring item,true,true,true,,,,,,The Crown Tundra,
bold-mint,violet,shop,vendor,,Chansey Supply,true,false,true,,,20000,pokedollars,,After earning 6 Gym Badges,
boost-mulch,alpha-sapphire,exchange,,,Trade,true,false,true,,,,,,,
boost-mulch,omega-ruby,exchange,,,Trade,true,false,true,,,,,,,
boost-mulch,x,crafting,recipe,berry-fields-kalos,Berry fields composter,true,false,true,,,,,,Using two Berries of the same color and one differently colored Berry,
boost-mulch,y,crafting,recipe,berry-fields-kalos,Berry fields composter,true,false,true,,,,,,Using two Berries of the same color and one differently colored Berry,
booster-energy,scarlet,overworld,visible,zero-lab,,false,false,true,,,,,,,
booster-energy,violet,overworld,visible,zero-lab,,false,false,true,,,,,,,
brave-mint,brilliant-diamond,exchange,,,Battle Park,true,false,true,,,50,battle-points,,,
brave-mint,legends-arceus,harvest,,,Farm (mint harvest),true,false,false,,,,,,,
brave-mint,scarlet,shop,vendor,,Chansey Supply,true,false,true,,,20000,pokedollars,,After earning 6 Gym Badges,
brave-mint,shield,exchange,,,Battle Tower,true,false,true,,,50,battle-points,,,
brave-mint,shining-pearl,exchange,,,Battle Park,true,false,true,,,50,battle-points,,,
brave-mint,sword,exchange,,,Battle Tower,true,false,true,,,50,battle-points,,,
brave-mint,violet,shop,vendor,,Chansey Supply,true,false,true,,,20000,pokedollars,,After earning 6 Gym Badges,
bread,shield,npc-gift,,,After cooking curry,true,false,false,,,,,,,
bread,shield,trainer-reward,trainer,,Poké Job reward (Tiers I–IV),true,false,false,,,,,,,
bread,shield,shop,vendor,rolling-fields,Ingredients Seller,true,false,true,,,150,pokedollars,,,
bread,shield,shop,vendor,freezington,Freezington Peddler,true,false,true,,,150,pokedollars,,The Crown Tundra expansion,
bread,sword,trainer-reward,trainer,,Poké Job reward (Tiers I–IV),true,false,false,,,,,,,
bread,sword,shop,vendor,rolling-fields,Ingredients Seller,true,false,true,,,150,pokedollars,,,
bread,sword,npc-gift,,,After cooking curry,true,false,false,,,,,,,
bread,sword,shop,vendor,freezington,Freezington Peddler,true,false,true,,,150,pokedollars,,The Crown Tundra expansion,
briars-book,scarlet,npc-gift,,blueberry-academy,From Briar after catching Terapagos,false,false,true,,,,,,After catching Terapagos,
briars-book,violet,npc-gift,,blueberry-academy,From Briar after catching Terapagos,false,false,true,,,,,,After catching Terapagos,
brick-mail,diamond,event,,,Held by GTS event Heracross,false,false,true,,,,,,,
brick-mail,heartgold,exchange,,,Trade,true,false,true,,,,,,,
brick-mail,pearl,event,,,Held by GTS event Heracross,false,false,true,,,,,,,
brick-mail,platinum,exchange,,,Trade,true,false,true,,,,,,,
brick-mail,soulsilver,exchange,,,Trade,true,false,true,,,,,,,
brick-piece,crystal,wild-pokemon,,,Held by wild Machop,true,false,false,,,,,,,Machop originates from Generation I.
brick-piece,gold,wild-pokemon,,,Held by wild Machop,true,false,false,,,,,,,Machop originates from Generation I.
brick-piece,silver,wild-pokemon,,,Held by wild Machop,true,false,false,,,,,,,Machop originates from Generation I.
bridgemail-d,black,shop,poke-mart,driftveil-city,Poké Mart,true,false,true,,,50,pokedollars,,,
bridgemail-d,black-2,shop,poke-mart,driftveil-city,Poké Mart,true,false,true,,,50,pokedollars,,,
bridgemail-d,white,shop,poke-mart,driftveil-city,Poké Mart,true,false,true,,,50,pokedollars,,,
bridgemail-d,white-2,shop,poke-mart,driftveil-city,Poké Mart,true,false,true,,,50,pokedollars,,,
bridgemail-m,black,shop,poke-mart,black-city,Black City Poké Mart,true,false,true,,,50,pokedollars,,,
bridgemail-m,black-2,shop,poke-mart,black-city,Black City Poké Mart,true,false,true,,,50,pokedollars,,,
bridgemail-m,white,shop,poke-mart,white-forest,White Forest Poké Mart,true,false,true,,,50,pokedollars,,,
bridgemail-m,white-2,shop,poke-mart,white-forest,White Forest Poké Mart,true,false,true,,,50,pokedollars,,,
bridgemail-s,black,shop,poke-mart,castelia-city,Poké Mart,true,false,true,,,50,pokedollars,,,
bridgemail-s,black,shop,poke-mart,nacrene-city,Poké Mart,true,false,true,,,50,pokedollars,,,
bridgemail-s,black-2,shop,poke-mart,nacrene-city,Poké Mart,true,false,true,,,50,pokedollars,,,
bridgemail-s,white,shop,poke-mart,nacrene-city,Poké Mart,true,false,true,,,50,pokedollars,,,
bridgemail-s,white,shop,poke-mart,castelia-city,Poké Mart,true,false,true,,,50,pokedollars,,,
bridgemail-s,white-2,shop,poke-mart,nacrene-city,Poké Mart,true,false,true,,,50,pokedollars,,,
bridgemail-t,black,shop,poke-mart,opelucid-city,Poké Mart,true,false,true,,,50,pokedollars,,,
bridgemail-t,black-2,shop,poke-mart,icirrus-city,Poké Mart,true,false,true,,,50,pokedollars,,,
bridgemail-t,white,shop,poke-mart,opelucid-city,Poké Mart,true,false,true,,,50,pokedollars,,,
bridgemail-t,white-2,shop,poke-mart,icirrus-city,Poké Mart,true,false,true,,,50,pokedollars,,,
bridgemail-v,black,shop,poke-mart,opelucid-city,Poké Mart,true,false,true,,,50,pokedollars,,,
bridgemail-v,black,shop,poke-mart,lacunosa-town,Poké Mart,true,false,true,,,50,pokedollars,,,
bridgemail-v,black-2,shop,poke-mart,opelucid-city,Poké Mart,true,false,true,,,50,pokedollars,,,
bridgemail-v,white,shop,poke-mart,lacunosa-town,Poké Mart,true,false,true,,,50,pokedollars,,,
bridgemail-v,white,shop,poke-mart,opelucid-city,Poké Mart,true,false,true,,,50,pokedollars,,,
bridgemail-v,white-2,shop,poke-mart,opelucid-city,Poké Mart,true,false,true,,,50,pokedollars,,,
bright-powder,gold,wild-pokemon,held,,"Held by Articuno, Zapdos, Moltres, and Mewtwo when traded from Generation I",true,false,false,,,,,,Trade from Generation I,
bright-powder,heartgold,overworld,visible,goldenrod-radio-tower,,false,false,true,,,,,,,
bright-powder,scarlet,shop,vendor,cascarrafa,Delibird Presents,true,false,true,,,30000,pokedollars,,After completing the main storyline,
brittle-bones,shield,shop,vendor,hammerlocke-hills,Ingredients Seller,true,false,true,,,950,pokedollars,,,
brittle-bones,shield,npc-gift,,,After cooking curry,true,false,false,,,,,,Possible gift after cooking curry,
brittle-bones,sword,shop,vendor,fields-of-honor,Ingredients Seller,true,false,true,,,950,pokedollars,,The Isle of Armor,
brittle-bones,sword,shop,vendor,rolling-fields,Ingredients Seller,true,false,true,,,950,pokedollars,,,
bronze-bottle,scarlet,shop,specialty-shop,levincia,Picnic-Knacks (Levincia Branch),true,false,true,,,10000,pokedollars,,,
bronze-bottle,violet,shop,specialty-shop,levincia,Picnic-Knacks (Levincia Branch),true,false,true,,,10000,pokedollars,,,
bronze-cup,scarlet,shop,specialty-shop,levincia,Picnic-Knacks (Levincia Branch),true,false,true,,,5000,pokedollars,,,
bronze-cup,violet,shop,specialty-shop,levincia,Picnic-Knacks (Levincia Branch),true,false,true,,,5000,pokedollars,,,
bubble-mail,diamond,shop,department-store,veilstone-city,Veilstone Department Store,true,false,true,,,50,pokedollars,,,
bubble-mail,heartgold,shop,department-store,goldenrod-city,Goldenrod Department Store,true,false,true,,,50,pokedollars,,,
bubble-mail,heartgold,shop,department-store,celadon-city,Celadon Department Store,true,false,true,,,50,pokedollars,,,
bubble-mail,pearl,shop,department-store,veilstone-city,Veilstone Department Store,true,false,true,,,50,pokedollars,,,
bubble-mail,platinum,shop,department-store,veilstone-city,Veilstone Department Store,true,false,true,,,50,pokedollars,,,
bubble-mail,soulsilver,shop,department-store,celadon-city,Celadon Department Store,true,false,true,,,50,pokedollars,,,
bubble-mail,soulsilver,shop,department-store,goldenrod-city,Goldenrod Department Store,true,false,true,,,50,pokedollars,,,
bug-gem,black,event,,,,false,false,true,,,,,,,
bug-gem,black-2,overworld,visible,pinwheel-forest,,false,false,true,,,,,,,
bug-gem,dream,grotto,,icy-cave,,true,false,false,,,,,,,Dream World
bug-gem,white,overworld,sparkling,,Dust cloud,true,false,false,,,,,,,
bug-gem,white-2,overworld,sparkling,,Dust cloud,true,false,false,,,,,,,"Chargestone Cave, Mistralton Cave, Clay Tunnel, Twist Mountain, Underground Ruins, Victory Road, Wellspring Cave, Seaside Cave, Giant Chasm"
bug-memory,moon,npc-gift,,aether-paradise,Gladion,false,false,true,,,,,,After becoming Champion,
bug-memory,shield,npc-gift,,battle-tower-galar,League Staff member,false,false,true,,,,,,,
bug-memory,sun,npc-gift,,aether-paradise,Gladion,false,false,true,,,,,,After becoming Champion,
bug-memory,sword,npc-gift,,battle-tower-galar,League Staff member,false,false,true,,,,,,,
bug-memory,ultra-moon,npc-gift,,ancient-poni-path,Wicke,false,false,true,,,,,,After becoming Champion,
bug-memory,ultra-sun,npc-gift,,ancient-poni-path,Wicke,false,false,true,,,,,,After becoming Champion,
bug-tera-shard,scarlet,overworld,visible,area-zero,,false,false,true,,,,,,,
bug-tera-shard,scarlet,raid,tera-raid-5star,,Tera Raid Battles (3★ onwards),true,false,false,,,,,,,
bug-tera-shard,scarlet,tournament,,,Academy Ace Tournament,true,false,false,,,,,,,
bug-tera-shard,violet,raid,tera-raid-5star,,Tera Raid Battles (3★ onwards),true,false,false,,,,,,,
bug-tera-shard,violet,tournament,,,Academy Ace Tournament,true,false,false,,,,,,,
bug-tera-shard,violet,overworld,visible,area-zero,,false,false,true,,,,,,,
buginium-z,moon,story,,shady-house,Po Town – Shady House (after defeating Guzma),false,false,true,,,,,,After defeating Guzma,
buginium-z,sun,story,,shady-house,Po Town – Shady House (after defeating Guzma),false,false,true,,,,,,After defeating Guzma,
buginium-z,ultra-moon,story,,shady-house,Po Town – Shady House (after defeating Guzma),false,false,true,,,,,,After defeating Guzma,
buginium-z,ultra-sun,story,,shady-house,Po Town – Shady House (after defeating Guzma),false,false,true,,,,,,After defeating Guzma,
bugwort,legends-arceus,overworld,recurring,coronet-highlands,,true,false,true,,,,,,,
bugwort,legends-arceus,harvest,,,Farm (medicinal harvest),true,false,true,,,,,,,
bugwort,legends-arceus,shop,vendor,,Ginkgo Guild cart (Tuli),true,false,true,,,,,,,
bugwort,legends-arceus,overworld,recurring,alabaster-icelands,,true,false,true,,,,,,,
bugwort,legends-arceus,overworld,recurring,obsidian-fieldlands,,true,false,true,,,,,,,
bugwort,legends-arceus,overworld,recurring,crimson-mirelands,,true,false,true,,,,,,,
bugwort,legends-arceus,overworld,recurring,cobalt-coastlands,,true,false,true,,,,,,,
burn-drive,alpha-sapphire,npc-gift,,mauville-city,Show Genesect to a Street Thug,false,false,true,,,,,,,
burn-drive,black,npc-gift,,p2-laboratory,Show Genesect to Scientist Dudley,false,false,true,,,,,,,
burn-drive,black-2,npc-gift,,p2-laboratory,Show Genesect to Scientist Dudley,false,false,true,,,,,,,
burn-drive,legends-za,exchange,,vert-sector-7,540 Mega Shards,true,false,true,,,540,,,"After initiating Side Mission 191: ""Collecting Four Drives""",
burn-drive,moon,npc-gift,,alola-route-08,From Colress after becoming Champion,false,false,true,,,,,,After becoming Champion,
burn-drive,omega-ruby,npc-gift,,mauville-city,Show Genesect to a Street Thug,false,false,true,,,,,,,
burn-drive,shield,shop,bargain-shop,stow-on-side,Bargain shop keeper,false,false,true,,,,,,If the player owns a Genesect,
burn-drive,sun,npc-gift,,alola-route-08,From Colress after becoming Champion,false,false,true,,,,,,After becoming Champion,
burn-drive,sword,shop,bargain-shop,stow-on-side,Bargain shop keeper,false,false,true,,,,,,If the player owns a Genesect,
burn-drive,ultra-moon,npc-gift,,alola-route-08,From Colress after becoming Champion,false,false,true,,,,,,After becoming Champion,
burn-drive,ultra-sun,npc-gift,,alola-route-08,From Colress after becoming Champion,false,false,true,,,,,,After becoming Champion,
burn-drive,white,npc-gift,,p2-laboratory,Show Genesect to Scientist Dudley,false,false,true,,,,,,,
burn-drive,white-2,npc-gift,,p2-laboratory,Show Genesect to Scientist Dudley,false,false,true,,,,,,,
burn-drive,x,npc-gift,,ambrette-town,Fossil Lab (show Genesect to a Hiker),false,false,true,,,,,,,
burn-drive,y,npc-gift,,ambrette-town,Fossil Lab (show Genesect to a Hiker),false,false,true,,,,,,,
burn-heal,red,shop,poke-mart,,"Viridian, Pewter, Cerulean, Lavender Poké Marts; Celadon Department Store",true,false,true,,,250,pokedollars,,,
burnt-berry,crystal,event,,,Mystery Gift,true,false,false,,,,,,,
burnt-berry,crystal,berry-tree,,fuchsia-city,,true,false,true,,,,,,,
burnt-berry,gold,berry-tree,,fuchsia-city,,true,false,true,,,,,,,
burnt-berry,gold,npc-gift,,pewter-city,Held by in-game trade Rapidash,false,false,true,,,,,,,
burnt-berry,gold,event,,,Mystery Gift,true,false,false,,,,,,,
burnt-berry,silver,berry-tree,,fuchsia-city,,true,false,true,,,,,,,
burnt-berry,silver,event,,,Mystery Gift,true,false,false,,,,,,,
burnt-berry,silver,npc-gift,,pewter-city,Held by in-game trade Rapidash,false,false,true,,,,,,,
butter,scarlet,shop,vendor,,Artisan Bakery,true,false,true,,,250,pokedollars,,,
butter,scarlet,shop,vendor,,Aquiesta Supermarket,true,false,true,,,250,pokedollars,,,
butter,scarlet,shop,vendor,,Peachy's,true,false,true,,,250,pokedollars,,Available in The Teal Mask DLC,
butter,scarlet,vending-machine,,,Vending machines (Terarium),true,false,true,,,,,,Available in The Indigo Disk DLC,
butter,violet,vending-machine,,,Vending machines (Terarium),true,false,true,,,,,,Available in The Indigo Disk DLC,
butter,violet,shop,vendor,,Artisan Bakery,true,false,true,,,250,pokedollars,,,
butter,violet,shop,vendor,,Peachy's,true,false,true,,,250,pokedollars,,Available in The Teal Mask DLC,
butter,violet,shop,vendor,,Aquiesta Supermarket,true,false,true,,,250,pokedollars,,,
bw-grass-chairs,the-teal-mask,npc-gift,,revelers-road,Picnicker,false,false,true,,,,,,If the player owns the B&W Grass Tablecloth,
bw-grass-tablecloth,scarlet,story,,south-province-area-two,Olive Roll,false,false,true,,,,,,,
bw-grass-tablecloth,violet,story,,south-province-area-two,Olive Roll,false,false,true,,,,,,,
cake-lure-base,legends-arceus,request,,,"Reward from Morel after giving a Springy Mushroom during Request 6: ""Mushroom Cake Marketing""",false,false,true,5,,,,,"During Request 6: ""Mushroom Cake Marketing""",
cake-lure-base,legends-arceus,shop,vendor,,General store,true,false,true,,,100,pokedollars,,,
cake-lure-base,legends-arceus,shop,vendor,,Craftworks,true,false,true,,,100,pokedollars,,,
cake-lure-base,legends-arceus,shop,vendor,,Base camp stores,true,false,true,,,100,pokedollars,,,
cake-lure-base,legends-arceus,shop,vendor,ancient-retreat,Sold by Volo,true,false,true,,,100,pokedollars,,"Available during Missions 14, 15, and 16 only",
calm-mint,brilliant-diamond,exchange,,,Battle Park,true,false,true,,,50,battle-points,,,
calm-mint,legends-arceus,harvest,,,Farm (mint harvest),true,false,false,,,,,,,
calm-mint,scarlet,shop,vendor,,Chansey Supply,true,false,true,,,20000,pokedollars,,After earning 6 Gym Badges,
calm-mint,shield,exchange,,,Battle Tower,true,false,true,,,50,battle-points,,,
calm-mint,shining-pearl,exchange,,,Battle Park,true,false,true,,,50,battle-points,,,
calm-mint,sword,exchange,,,Battle Tower,true,false,true,,,50,battle-points,,,
calm-mint,violet,shop,vendor,,Chansey Supply,true,false,true,,,20000,pokedollars,,After earning 6 Gym Badges,
cameruptite,alpha-sapphire,story,,battle-resort,From Team Magma during the first visit,false,false,true,,,,,,First visit to Battle Resort,
cameruptite,legends-za,story,,,Main Mission 12: A Rogue Mega Camerupt,false,false,true,,,,,,Defeat the Rogue Mega Camerupt,
cameruptite,moon,event,,,,false,false,true,,,,,,,
cameruptite,omega-ruby,story,,team-magma-hideout,From Maxie during the Delta Episode,false,false,true,,,,,,During the Delta Episode,
cameruptite,sun,event,,,,false,false,true,,,,,,,
cameruptite,ultra-moon,exchange,,battle-tree,Battle Tree,true,false,true,,,64,battle-points,,,
cameruptite,ultra-sun,exchange,,battle-tree,Battle Tree,true,false,true,,,64,battle-points,,,
camping-gear,shield,npc-gift,,wedgehurst,Mum at Wedgehurst Station,false,false,true,,,,,,Before departing on a train for the first time,
camping-gear,sword,npc-gift,,wedgehurst,Mum at Wedgehurst Station,false,false,true,,,,,,Before departing on a train for the first time,
canari-bread,legends-za,shop,vendor,racine-construction,Racine Construction,true,false,true,1,,,,,,Available once per day.
candy-truffle,legends-arceus,story,,,"From Melli during Mission 18: ""The Counterpart""",false,false,true,3,,,,,During Mission 18: The Counterpart,
candy-truffle,legends-arceus,request,,jubilife-village,"Reward for completing Request 33: ""What a Massive Mushroom!""",false,false,true,5,,,,,After completing Request 33,
candy-truffle,legends-arceus,harvest,,jubilife-village-farm,Mushroom harvest,true,false,false,,,,,,,
candy-truffle,legends-arceus,dropped,,,Found by Ursaluna,true,false,false,,,,,,,
candy-truffle,legends-arceus,shop,vendor,ginkgo-guild-cart,Tuli,true,false,true,,,600,pokedollars,,After starting Mission 10: The Lordless Island,
card-key-johto,crystal,npc-gift,,goldenrod-tunnel-warehouse,Radio Director,false,false,true,,,,,,,
card-key-johto,gold,npc-gift,,goldenrod-tunnel-warehouse,Radio Director,false,false,true,,,,,,,
card-key-johto,heartgold,npc-gift,,goldenrod-tunnel-warehouse,Radio Director,false,false,true,,,,,,,
card-key-johto,silver,npc-gift,,goldenrod-tunnel-warehouse,Radio Director,false,false,true,,,,,,,
card-key-johto,soulsilver,npc-gift,,goldenrod-tunnel-warehouse,Radio Director,false,false,true,,,,,,,
card-key-kanto,blue,overworld,visible,silph-co,5F,false,false,true,,,,,,,
card-key-kanto,firered,overworld,visible,silph-co,5F,false,false,true,,,,,,,
card-key-kanto,leafgreen,overworld,visible,silph-co,5F,false,false,true,,,,,,,
card-key-kanto,lets-go-eevee,npc-gift,,silph-co,"5F, from Trace after defeating Archer",false,false,true,,,,,,After defeating Archer,
card-key-kanto,lets-go-pikachu,npc-gift,,silph-co,"5F, from Trace after defeating Archer",false,false,true,,,,,,After defeating Archer,
card-key-kanto,red,overworld,visible,silph-co,5F,false,false,true,,,,,,,
card-key-kanto,yellow,overworld,visible,silph-co,5F,false,false,true,,,,,,,
careful-mint,brilliant-diamond,exchange,,battle-park-sinnoh,,true,false,true,,,50,battle-points,,,
careful-mint,legends-arceus,harvest,,jubilife-village-farm,Mint harvest,true,false,false,,,,,,,
careful-mint,scarlet,shop,vendor,,,true,false,true,,,20000,pokedollars,,After earning 6 Gym Badges,
careful-mint,shield,exchange,,battle-tower-galar,,true,false,true,,,50,battle-points,,,
careful-mint,shining-pearl,exchange,,battle-park-sinnoh,,true,false,true,,,50,battle-points,,,
careful-mint,sword,exchange,,battle-tower-galar,,true,false,true,,,50,battle-points,,,
careful-mint,violet,shop,vendor,,,true,false,true,,,20000,pokedollars,,After earning 6 Gym Badges,
carrot-seeds,shield,exchange,dynite-ore,freezington,Old man near the crop plots,false,false,true,,,8,dynite-ore,,During The Crown Tundra storyline,
carrot-seeds,sword,exchange,dynite-ore,freezington,Old man near the crop plots,false,false,true,,,8,dynite-ore,,During The Crown Tundra storyline,
casteliacone,black,shop,vendor,castelia-city,"Ice cream stand (Tuesday–Sunday, Spring–Autumn)",true,false,true,,,100,pokedollars,,,
casteliacone,white,shop,vendor,castelia-city,"Ice cream stand (Tuesday–Sunday, Spring–Autumn)",true,false,true,,,100,pokedollars,,,
caster-fern,legends-arceus,dropped,,,Dropped by wild Pokémon,true,false,false,,,,,,,"Dropped by Carnivine, Lickitung, Lickilicky, Glameow, Purugly, Hisuian Voltorb, and Hisuian Electrode"
caster-fern,legends-arceus,harvest,,,Farm,true,false,true,,,,,,,Vegetable harvest
caster-fern,legends-arceus,crafting,craftworks,,,true,false,true,,,,,,,
caster-fern,legends-arceus,npc-gift,,,Adaman during Request 100: Massive Mass Outbreak in the Highlands,false,false,true,100,,,,,Completing Request 100,
caster-fern,legends-arceus,npc-gift,,,Reward for completing Request 101: Massive Mass Outbreak in the Icelands,false,false,true,20,,,,,Completing Request 101,
caster-fern,legends-arceus,overworld,recurring,,"Crimson Mirelands, Cobalt Coastlands, Coronet Highlands, Alabaster Icelands",true,false,false,,,,,,,Recurring item
caster-fern,legends-arceus,overworld,,crimson-mirelands,Haystacks,true,false,false,,,,,,,
catching-charm,brilliant-diamond,npc-gift,,hotel-grand-lake,From the Game Director in Game Freak's bungalow after obtaining the National Pokédex,false,false,true,,,,,,After obtaining the National Pokédex,
catching-charm,shield,npc-gift,,circhester,From the Game Freak director in the western building of Hotel Ionia,false,false,true,,,,,,,
catching-charm,shining-pearl,npc-gift,,hotel-grand-lake,From the Game Director in Game Freak's bungalow after obtaining the National Pokédex,false,false,true,,,,,,After obtaining the National Pokédex,
catching-charm,sword,npc-gift,,circhester,From the Game Freak director in the western building of Hotel Ionia,false,false,true,,,,,,,
catching-charm,the-indigo-disk,npc-gift,,league-club-room,From Drayton after donating 150 BP to Mitch,false,false,true,,,150,battle-points,,,
celestica-flute,legends-arceus,story,,,"Received from Adaman during Mission 7: ""The Frenzy of the Lord of the Woods""",false,false,true,,,,,,,
cell-battery,black,exchange,,battle-subway,,true,false,true,,,32,battle-points,,,
cell-battery,black,overworld,visible,opelucid-city,,false,false,true,,,,,,,
cell-battery,white,overworld,visible,opelucid-city,,false,false,true,,,,,,,
chalky-stone,lets-go-eevee,npc-gift,,,Partner Eevee,true,false,true,,,,,,,
chalky-stone,lets-go-pikachu,npc-gift,,,Partner Pikachu,true,false,true,,,,,,,
chandelurite,legends-za,exchange,,quasartico-inc-building,Quasartico Inc. headquarters,false,false,true,,,360,,,"After completing Main Mission 19: ""Reaching Rank D""",Requires Mega Shards
charizardite-x,legends-za,shop,specialty-shop,stone-emporium,,true,false,true,,,100000,pokedollars,,After completing Main Mission 09: Chase That Mysterious Pokémon!,
charizardite-x,omega-ruby,overworld,visible,fiery-path,After defeating or capturing Groudon,false,false,true,,,,,,,
charizardite-x,x,npc-gift,,pokemon-research-lab-kalos,If Charmander is chosen,false,false,true,,,,,,,
charizardite-y,x,event,,,,false,false,true,,,,,,,
charizardite-y,y,story,,pokemon-research-lab-kalos,If Charmander is chosen,false,false,true,,,,,,,
charti-berry,diamond,overworld,visible,pastoria-city,,true,false,true,,,,,,,
charti-berry,sword,berry-tree,,lake-of-outrage,,true,false,true,,,,,,,
charti-berry,violet,overworld,sparkling,socarrat-trail,,true,false,false,,,,,,,
cheese,scarlet,shop,vendor,,Artisan Bakery,true,false,true,,,120,pokedollars,,After earning 1 Gym Badge,
cheese,scarlet,overworld,visible,south-province-area-two,,false,false,true,,,,,,,
cheese,scarlet,overworld,visible,west-province-area-one,,false,false,true,,,,,,,
cheese,scarlet,shop,vendor,,Aquiesta Supermarket,true,false,true,,,120,pokedollars,,After earning 1 Gym Badge,
cheese,scarlet,vending-machine,,terarium,Vending machines,true,false,true,,,,,,The Indigo Disk,
cheese,violet,overworld,visible,south-province-area-two,,false,false,true,,,,,,,
cheese,violet,shop,vendor,,Artisan Bakery,true,false,true,,,120,pokedollars,,After earning 1 Gym Badge,
cheese,violet,shop,vendor,,Aquiesta Supermarket,true,false,true,,,120,pokedollars,,After earning 1 Gym Badge,
cheese,violet,vending-machine,,terarium,Vending machines,true,false,true,,,,,,The Indigo Disk,
cheese,violet,overworld,visible,west-province-area-one,,false,false,true,,,,,,,
cherished-ring-first,legends-za,npc-defeat,,,Side Mission 003: Sableye in the Cemetery,false,false,true,,,,,,After fighting Sableye,
cherished-ring-second,legends-za,npc-defeat,,,Side Mission 140: A Message from Across Dimensions,false,false,true,,,,,,After fighting Tarragon,
cherry-tomatoes,scarlet,shop,vendor,,Aquiesta Supermarket,true,false,true,,,120,pokedollars,,After earning 1 Gym Badge,
cherry-tomatoes,scarlet,shop,vendor,,Sure Cans,true,false,true,,,120,pokedollars,,After earning 1 Gym Badge,
cherry-tomatoes,the-indigo-disk,vending-machine,,terarium,Vending machines,true,false,true,,,,,,,
cherry-tomatoes,the-teal-mask,shop,vendor,,Peachy's,true,false,true,,,120,pokedollars,,After earning 1 Badge,
cherry-tomatoes,violet,shop,vendor,,Aquiesta Supermarket,true,false,true,,,120,pokedollars,,After earning 1 Gym Badge,
cherry-tomatoes,violet,shop,vendor,,Sure Cans,true,false,true,,,120,pokedollars,,After earning 1 Gym Badge,
chesnaughtite,legends-za,event,,,Ranked Battles Season 3 reward,false,false,true,,,,,,"Reach Rank S in Ranked Battles Season 3 (November 27 – December 18, 2025)",
chilan-berry,diamond,wild-pokemon,,,Held by wild Rattata or Raticate,true,false,false,,5.0,,,,,
chilan-berry,scarlet,overworld,sparkling,north-province-area-one,,true,false,false,,,,,,,
chilan-berry,sword,berry-tree,,galar-route-05,,true,false,true,,,,,,,
chili-sauce,scarlet,vending-machine,,terarium,Vending machines,true,false,true,,,,,,The Indigo Disk,
chili-sauce,scarlet,shop,vendor,,"Deli Cioso, Aquiesta Supermarket",true,false,true,,,320,pokedollars,,After earning 3 Gym Badges,
chili-sauce,violet,shop,vendor,,"Deli Cioso, Aquiesta Supermarket",true,false,true,,,320,pokedollars,,After earning 3 Gym Badges,
chili-sauce,violet,vending-machine,,terarium,Vending machines,true,false,true,,,,,,The Indigo Disk,
chill-drive,black,npc-gift,,p2-laboratory,Show Genesect to Scientist Dudley,false,false,true,,,,,,,
chill-drive,black-2,npc-gift,,p2-laboratory,Show Genesect to Scientist Dudley,false,false,true,,,,,,,
chill-drive,white,npc-gift,,p2-laboratory,Show Genesect to Scientist Dudley,false,false,true,,,,,,,
chill-drive,white-2,npc-gift,,p2-laboratory,Show Genesect to Scientist Dudley,false,false,true,,,,,,,
chimechite,legends-za,story,,,Calming down Rogue Mega Chimecho in a 2-star unknown hyperspace distortion,false,false,true,,,,,,,
chipped-pot,scarlet,auction,,porto-marinada,Auction,true,false,false,,,,,,,
chipped-pot,shield,event,,,The Isle of Armor promotion packs,false,false,true,,,,,,,
chipped-pot,shield,bargain-shop,,stow-on-side,Bargain shop,true,false,true,,,,,,,
chipped-pot,sword,bargain-shop,,stow-on-side,Bargain shop,true,false,true,,,,,,,
chipped-pot,sword,event,,,The Isle of Armor promotion packs,false,false,true,,,,,,,
chipped-pot,violet,auction,,porto-marinada,Auction,true,false,false,,,,,,,
choice-band,ruby,exchange,,battle-tower-hoenn,35+ win streak,true,false,true,,,64,battle-points,,,
choice-band,sword,exchange,,battle-tower-galar,,true,false,true,,,25,battle-points,,,
choice-dumpling,legends-arceus,crafting,recipe,,"Crafting using 3 Caster Ferns, 1 Swordcap, 1 Direshroom, and 2 Hearty Grains",true,false,true,,,,,,,
choice-specs,black,exchange,,battle-subway,,true,false,true,,,48,battle-points,,,
choice-specs,diamond,overworld,visible,celestic-town,Morning,false,false,true,,,,,,,
choice-specs,heartgold,overworld,visible,lake-of-rage,,false,false,true,,,,,,,
choice-specs,scarlet,shop,vendor,mesagoza,Delibird Presents (after completing the main storyline),true,false,true,,,100000,pokedollars,,After completing the main storyline,
chorizo,scarlet,shop,specialty-shop,,Deli Cioso,true,false,true,,,150,pokedollars,,,
chorizo,scarlet,vending-machine,,terarium,Vending machines,true,false,true,,,,,,Requires The Indigo Disk,
chorizo,violet,shop,specialty-shop,,Deli Cioso,true,false,true,,,150,pokedollars,,,
chorizo,violet,vending-machine,,terarium,Vending machines,true,false,true,,,,,,Requires The Indigo Disk,
claw-fossil,emerald,overworld,visible,mirage-tower,Choice between Claw Fossil and Root Fossil,false,false,true,,,,,,,
claw-fossil,ruby,choice,,hoenn-route-111,Choice between Claw Fossil and Root Fossil,false,false,true,,,,,,,
cleanse-tag,crystal,overworld,visible,route-05-kanto,,false,false,true,,,,,,,
cleanse-tag,gold,overworld,visible,route-05-kanto,,false,false,true,,,,,,,
cleanse-tag,silver,overworld,visible,route-05-kanto,,false,false,true,,,,,,,
clear-amulet,scarlet,shop,vendor,mesagoza,Delibird Presents (Mesagoza Branch),true,false,true,,,30000,pokedollars,,After earning 4 Gym Badges,
clear-amulet,scarlet,npc-gift,,west-province-area-one,Pokémon League representative,false,false,true,,,,,,After defeating 9 Trainers in the area,
clear-amulet,violet,npc-gift,,west-province-area-one,Pokémon League representative,false,false,true,,,,,,After defeating 9 Trainers in the area,
clear-amulet,violet,shop,vendor,mesagoza,Delibird Presents (Mesagoza Branch),true,false,true,,,30000,pokedollars,,After earning 4 Gym Badges,
clear-bell,crystal,npc-gift,,goldenrod-radio-tower,From the Director after defeating Team Rocket,false,false,true,,,,,,After defeating Team Rocket at the Goldenrod Radio Tower,
clear-bell,heartgold,npc-gift,,ecruteak-city,Reward for defeating the Kimono Girls,false,false,true,,,,,,After defeating the Kimono Girls,
clear-bell,omega-ruby,exchange,,slateport-city,From Captain Stern in exchange for the Scanner,false,false,true,,,,,,After obtaining the Scanner,
clefablite,legends-za,exchange,,quasartico-inc-building,Quasartico Inc. headquarters,false,false,true,,,240,,,"After completing Main Mission 30: ""Reaching Rank B""",Costs 240 Mega Shards
clever-feather,black,overworld,recurring,marvelous-bridge,Flying Pokémon's shadow,true,false,true,,,,,,,
clever-feather,black,overworld,recurring,driftveil-drawbridge,Flying Pokémon's shadow,true,false,true,,,,,,,
clever-feather,scarlet,auction,,porto-marinada,Auction house,true,false,false,,,,,,,
clever-feather,sword,overworld,hidden,galar-route-05,Hidden recurring item,true,true,true,,,,,,,
clever-mochi,scarlet,tournament,,,Ogre Oustin',true,false,false,,,,,,,
clever-mochi,violet,tournament,,,Ogre Oustin',true,false,false,,,,,,,
clover-sweet,scarlet,crafting,item-printer,,Item Printer,true,false,false,,,,,,The Indigo Disk expansion,
clover-sweet,scarlet,overworld,visible,coastal-biome,,false,false,true,,,,,,The Indigo Disk expansion,
clover-sweet,shield,shop,watt-trader,snowslide-slope,Watt Trader (Highlight Item),true,false,true,,,7980,watts,,Crown Tundra expansion,
clover-sweet,shield,npc-gift,,,Battle Café,true,false,false,,,,,,,
clover-sweet,shield,crafting,cram-o-matic,,Cram-o-matic,true,false,false,,,,,,Isle of Armor expansion,"Fairy-type input, 92–100 points"
clover-sweet,sword,crafting,cram-o-matic,,Cram-o-matic,true,false,false,,,,,,Isle of Armor expansion,"Fairy-type input, 92–100 points"
clover-sweet,sword,npc-gift,,,Battle Café,true,false,false,,,,,,,
clover-sweet,sword,shop,watt-trader,snowslide-slope,Watt Trader (Highlight Item),true,false,true,,,7980,watts,,Crown Tundra expansion,
clover-sweet,violet,overworld,visible,coastal-biome,,false,false,true,,,,,,The Indigo Disk expansion,
clover-sweet,violet,crafting,item-printer,,Item Printer,true,false,false,,,,,,The Indigo Disk expansion,
cobalion-treat,scarlet,npc-gift,,blueberry-academy-entrance,Snacksworth,false,false,true,,,,,,After completing one group Blueberry Quest,
cobalion-treat,violet,npc-gift,,blueberry-academy-entrance,Snacksworth,false,false,true,,,,,,After completing 10 solo Blueberry Quests,
coconut-milk,shield,shop,vendor,rolling-fields,Ingredients Seller,true,false,true,,,950,pokedollars,,,
coconut-milk,shield,shop,vendor,fields-of-honor,Ingredients Seller,true,false,true,,,950,pokedollars,,The Isle of Armor,
coconut-milk,shield,shop,vendor,hammerlocke-hills,Ingredients Seller,true,false,true,,,950,pokedollars,,,
coconut-milk,shield,npc-gift,,,Gift after cooking curry,true,false,false,,,,,,,
coconut-milk,sword,shop,vendor,rolling-fields,Ingredients Seller,true,false,true,,,950,pokedollars,,,
coconut-milk,sword,shop,vendor,hammerlocke-hills,Ingredients Seller,true,false,true,,,950,pokedollars,,,
coconut-milk,sword,shop,vendor,fields-of-honor,Ingredients Seller,true,false,true,,,950,pokedollars,,The Isle of Armor,
coconut-milk,sword,npc-gift,,,Gift after cooking curry,true,false,false,,,,,,,
coin-case,blue,npc-gift,,celadon-city,Man in the restaurant,false,false,true,,,,,,,
coin-case,crystal,overworld,visible,goldenrod-tunnel,Southern part,false,false,true,,,,,,,
coin-case,gold,overworld,visible,goldenrod-tunnel,Southern part,false,false,true,,,,,,,
coin-case,red,npc-gift,,celadon-city,Man in the restaurant,false,false,true,,,,,,,
coin-case,silver,overworld,visible,goldenrod-tunnel,Southern part,false,false,true,,,,,,,
coin-case,yellow,npc-gift,,celadon-city,Man in the restaurant,false,false,true,,,,,,,
colbur-berry,black,wild-pokemon,,,Held by wild Chimecho,true,false,false,,5.0,,,,,
colbur-berry,diamond,transfer,,,Transfer from My Pokémon Ranch (held by Hayley's Wynaut),false,false,true,,,,,,,
colbur-berry,diamond,wild-pokemon,,,Held by wild Chingling or Chimecho,true,false,false,,5.0,,,,,
colbur-berry,heartgold,mom,,,Bought by player's Mom,true,false,true,,,,,,,
colbur-berry,scarlet,overworld,sparkling,north-province-area-one,,true,false,false,,,,,,,
colbur-berry,x,berry-tree,,,Purple Berry trees,true,false,true,,,,,,,
colorful-screw,legends-za,overworld,visible,lumiose-city,Rooftops and scaffolding obstacle courses,true,false,true,,,,,,,There are 100 Colorful Screws scattered around the city.
colress-machine,black-2,npc-gift,,unova-route-22,From Colress upon approaching Terrakion,false,false,true,,,,,,,
colress-machine,white-2,npc-gift,,unova-route-22,From Colress upon approaching Terrakion,false,false,true,,,,,,,
contest-costume,alpha-sapphire,npc-gift,,contest-hall,Received from Lisia upon approaching the registration desk,false,false,true,,,,,,,
contest-costume,omega-ruby,npc-gift,,contest-hall,Received from Lisia upon approaching the registration desk,false,false,true,,,,,,,
contest-pass,alpha-sapphire,npc-gift,,slateport-city,After delivering the Devon Parts to Captain Stern,false,false,true,,,,,,After delivering the Devon Parts to Captain Stern,
contest-pass,omega-ruby,npc-gift,,slateport-city,After delivering the Devon Parts to Captain Stern,false,false,true,,,,,,After delivering the Devon Parts to Captain Stern,
contest-pass,ruby,npc-gift,,verdanturf-town,Contest Hall,false,false,true,,,,,,,
contest-pass,sapphire,npc-gift,,verdanturf-town,Contest Hall,false,false,true,,,,,,,
cornerstone-mask,scarlet,story,,dreaded-den,After capturing Ogerpon,false,false,true,,,,,,After capturing Ogerpon,
cornerstone-mask,violet,story,,dreaded-den,After capturing Ogerpon,false,false,true,,,,,,After capturing Ogerpon,
coupon-1,diamond,npc-gift,,jubilife-city,Clown between the Poké Mart and Pokémon Center,false,false,true,,,,,,,
coupon-2,diamond,npc-gift,,jubilife-city,Clown in front of the Pokétch Company,false,false,true,,,,,,,
coupon-3,diamond,npc-gift,,jubilife-city,Clown in front of the Jubilife TV Station,false,false,true,,,,,,,
courage-candy,lets-go-eevee,overworld,recurring,,"Rocket Game Corner, Pokémon Mansion, Victory Road",true,true,true,,,,,,,
courage-candy,lets-go-eevee,transfer,,,Catch or transfer certain Pokémon,true,false,true,,,,,,,Obtained by catching or transferring specific Pokémon
courage-candy,lets-go-pikachu,transfer,,,Catch or transfer certain Pokémon,true,false,true,,,,,,,Obtained by catching or transferring specific Pokémon
courage-candy,lets-go-pikachu,overworld,recurring,,"Rocket Game Corner, Pokémon Mansion, Victory Road",true,true,true,,,,,,,
courage-candy-l,lets-go-eevee,overworld,recurring,celadon-game-corner,Hidden recurring item,true,true,true,,,,,,,
courage-candy-l,lets-go-eevee,wild-pokemon,,,Obtained by catching or transferring specific Pokémon species,true,false,true,,,,,,,"Species include Ivysaur, Venusaur, Wartortle, Blastoise, Butterfree, Beedrill, Ninetales, Venonat, Tentacool, Tentacruel, Seel, Dewgong, Drowzee, Hypno, Hitmonchan, Mr. Mime, Eevee, Articuno"
courage-candy-l,lets-go-eevee,walking-pokemon,,,Poké Ball Plus,true,false,false,,,,,,,
courage-candy-l,lets-go-pikachu,wild-pokemon,,,Obtained by catching or transferring specific Pokémon species,true,false,true,,,,,,,"Species include Ivysaur, Venusaur, Wartortle, Blastoise, Butterfree, Beedrill, Ninetales, Venonat, Tentacool, Tentacruel, Seel, Dewgong, Drowzee, Hypno, Hitmonchan, Mr. Mime, Eevee, Articuno"
courage-candy-l,lets-go-pikachu,walking-pokemon,,,Poké Ball Plus,true,false,false,,,,,,,
courage-candy-l,lets-go-pikachu,overworld,recurring,celadon-game-corner,Hidden recurring item,true,true,true,,,,,,,
courage-candy-xl,lets-go-eevee,overworld,recurring,celadon-game-corner,,true,true,true,,,,,,,Hidden recurring item.
courage-candy-xl,lets-go-pikachu,overworld,recurring,celadon-game-corner,,true,true,true,,,,,,,Hidden recurring item.
cover-fossil,black,choice,,relic-castle,Choice between Cover Fossil and Plume Fossil,false,false,true,,,,,,,
cover-fossil,white,choice,,relic-castle,Choice between Cover Fossil and Plume Fossil,false,false,true,,,,,,,
covert-cloak,scarlet,overworld,visible,montenevera,,false,false,true,,,,,,,
covert-cloak,scarlet,shop,vendor,levincia,Delibird Presents (Levincia Branch),true,false,true,,,20000,pokedollars,,,
covert-cloak,the-indigo-disk,crafting,item-printer,,Item Printer,true,false,false,,,,,,,
covert-cloak,violet,overworld,visible,montenevera,,false,false,true,,,,,,,
covert-cloak,violet,shop,vendor,levincia,Delibird Presents (Levincia Branch),true,false,true,,,20000,pokedollars,,,
crabominite,legends-za,story,,,Side Mission 141: Rogue Mega Showdown,false,false,true,,,,,,Upon completing Side Mission 141,
cracked-pot,scarlet,overworld,visible,socarrat-trail,South Province (Area Two),false,false,true,,,,,,,
cracked-pot,shield,bargain-shop,,stow-on-side,Bargain shop,true,false,true,,,,,,,
cracked-pot,sword,bargain-shop,,stow-on-side,Bargain shop,true,false,true,,,,,,,
cracked-pot,sword,story,,stow-on-side,Event,false,false,true,,,,,,,
cracked-pot,violet,auction,,porto-marinada,Auction house,true,false,false,,,,,,,
crafting-kit,legends-arceus,npc-gift,,horseshoe-plains,"Received from Rei/Akari during Mission 4: ""Getting to Work on Research Tasks""",false,false,true,,,,,,During Mission 4: Getting to Work on Research Tasks,
cream-cheese,scarlet,overworld,visible,south-province-area-two,,false,false,true,,,,,,,
cream-cheese,scarlet,shop,vendor,,Artisan Bakery,true,false,true,,,280,pokedollars,,,
cream-cheese,scarlet,shop,vendor,,Aquiesta Supermarket,true,false,true,,,280,pokedollars,,,
cream-cheese,scarlet,vending-machine,,terarium,Vending machines,true,false,true,,,280,pokedollars,,The Indigo Disk,
cream-cheese,violet,vending-machine,,terarium,Vending machines,true,false,true,,,280,pokedollars,,The Indigo Disk,
cream-cheese,violet,overworld,visible,south-province-area-two,,false,false,true,,,,,,,
cream-cheese,violet,shop,vendor,,Aquiesta Supermarket,true,false,true,,,280,pokedollars,,,
cream-cheese,violet,shop,vendor,,Artisan Bakery,true,false,true,,,280,pokedollars,,,
crown-pass,shield,starting-item,bag,,,false,false,true,,,,,,After purchasing the Expansion Pass and updating to version 1.3.0 or later.,
crown-pass,sword,starting-item,bag,,,false,false,true,,,,,,After purchasing the Expansion Pass and updating to version 1.3.0 or later.,
crunchy-salt,legends-arceus,crafting,craftworks,,,true,false,true,,,,,,,
crunchy-salt,legends-arceus,harvest,,coronet-highlands,Ursaluna,true,false,false,,,,,,,Sometimes found
crunchy-salt,legends-arceus,harvest,,alabaster-icelands,Ursaluna,true,false,false,,,,,,,Sometimes found
crunchy-salt,legends-arceus,overworld,recurring,coronet-highlands,,true,false,true,,,,,,,
crunchy-salt,legends-arceus,overworld,recurring,alabaster-icelands,,true,false,true,,,,,,,
crystal-cluster,scarlet,overworld,visible,crystal-pool,After defeating the wild Milotic,false,false,true,,,,,,After defeating the wild Milotic,
crystal-cluster,violet,overworld,visible,crystal-pool,After defeating the wild Milotic,false,false,true,,,,,,After defeating the wild Milotic,
cucumber,scarlet,shop,vendor,,"Deli Cioso, Aquiesta Supermarket",true,false,true,,,130,pokedollars,,After earning 1 Gym Badge,
cucumber,the-indigo-disk,vending-machine,,terarium,Vending machines,true,false,true,,,,,,,
cucumber,the-teal-mask,shop,vendor,,Peachy's,true,false,true,,,130,pokedollars,,After earning 1 Badge,
cucumber,violet,shop,vendor,,"Deli Cioso, Aquiesta Supermarket",true,false,true,,,130,pokedollars,,After earning 1 Gym Badge,
curry-powder,scarlet,shop,vendor,,Aquiesta Supermarket,true,false,true,,,450,pokedollars,,After earning 7 Gym Badges,
curry-powder,scarlet,shop,vendor,,Peachy's,true,false,true,,,450,pokedollars,,After earning 7 Badges,
curry-powder,scarlet,auction,,porto-marinada,Porto Marinada auction,true,false,false,,,,,,,
curry-powder,violet,shop,vendor,,Peachy's,true,false,true,,,450,pokedollars,,After earning 7 Badges,
curry-powder,violet,shop,vendor,,Aquiesta Supermarket,true,false,true,,,450,pokedollars,,After earning 7 Gym Badges,
curry-powder,violet,auction,,porto-marinada,Porto Marinada auction,true,false,false,,,,,,,
custap-berry,diamond,event,,,,false,false,true,,,,,,,
cyber-ball,scarlet,shop,vendor,levincia,Picnic-Knacks (Levincia Branch),true,false,true,,,2000,pokedollars,,,
cyber-ball,violet,shop,vendor,levincia,Picnic-Knacks (Levincia Branch),true,false,true,,,2000,pokedollars,,,
damp-mulch,black,exchange,,,Trade,true,false,true,,,,,,,
damp-mulch,black-2,overworld,recurring,,"Hidden Grottoes, Join Avenue (Flower Shop)",true,false,false,,,,,,,
damp-mulch,diamond,overworld,recurring,route-208-sinnoh,Berry Master's house,true,false,true,,,,,,,
damp-mulch,heartgold,shop,specialty-shop,goldenrod-city,Goldenrod Flower Shop,true,false,true,,,,,,After acquiring the Berry Pots,
damp-mulch,pearl,overworld,recurring,route-208-sinnoh,Berry Master's house,true,false,true,,,,,,,
damp-mulch,platinum,overworld,recurring,route-208-sinnoh,Berry Master's house,true,false,true,,,,,,,
damp-mulch,soulsilver,shop,specialty-shop,goldenrod-city,Goldenrod Flower Shop,true,false,true,,,,,,After acquiring the Berry Pots,
damp-mulch,white,exchange,,,Trade,true,false,true,,,,,,,
damp-mulch,white-2,overworld,recurring,,"Hidden Grottoes, Join Avenue (Flower Shop)",true,false,false,,,,,,,
dark-gem,black,event,,,,false,false,true,,,,,,,
dark-gem,black-2,overworld,visible,unova-route-09,,false,false,true,,,,,,,
dark-gem,dream,dream,,icy-cave,,true,false,false,,,,,,,
dark-gem,white,overworld,recurring,,Dust cloud,true,false,false,,,,,,,
dark-gem,white-2,overworld,recurring,,Dust cloud locations,true,false,false,,,,,,,
dark-memory,moon,npc-gift,,aether-paradise,From Gladion,false,false,true,,,,,,After becoming Champion,
dark-memory,shield,npc-gift,,battle-tower-galar,From League Staff member,false,false,true,,,,,,,
dark-memory,sun,npc-gift,,aether-paradise,From Gladion,false,false,true,,,,,,After becoming Champion,
dark-memory,sword,npc-gift,,battle-tower-galar,From League Staff member,false,false,true,,,,,,,
dark-memory,ultra-moon,npc-gift,,ancient-poni-path,From Wicke,false,false,true,,,,,,After becoming Champion,
dark-memory,ultra-sun,npc-gift,,ancient-poni-path,From Wicke,false,false,true,,,,,,After becoming Champion,
dark-stone,black-2,npc-gift,,ns-castle,Received from N after the player defeats him and Zekrom,false,false,true,,,,,,After defeating N and Zekrom,
dark-stone,white,npc-gift,,nacrene-city,Received from Lenora after clearing Relic Castle,false,false,true,,,,,,After clearing Relic Castle,
dark-tera-shard,scarlet,overworld,visible,area-zero,,false,false,true,,,,,,,
dark-tera-shard,scarlet,raid,tera-raid-5star,,Tera Raid Battles (3★ onwards),true,false,false,,,,,,,
dark-tera-shard,the-indigo-disk,item-printer,,,,true,false,false,,,,,,,
dark-tera-shard,violet,raid,tera-raid-5star,,Tera Raid Battles (3★ onwards),true,false,false,,,,,,,
dark-tera-shard,violet,overworld,visible,area-zero,,false,false,true,,,,,,,
darkinium-z,moon,trainer-reward,gym-leader,malie-city,Nanu (after defeating him in the Ula'ula Island grand trial),false,false,true,,,,,,After defeating Nanu in the Ula'ula Island grand trial,
darkinium-z,sun,trainer-reward,gym-leader,malie-city,Nanu (after defeating him in the Ula'ula Island grand trial),false,false,true,,,,,,After defeating Nanu in the Ula'ula Island grand trial,
darkinium-z,ultra-moon,trainer-reward,gym-leader,malie-city,Nanu (after defeating him in the Ula'ula Island grand trial),false,false,true,,,,,,After defeating Nanu in the Ula'ula Island grand trial,
darkinium-z,ultra-sun,trainer-reward,gym-leader,malie-city,Nanu (after defeating him in the Ula'ula Island grand trial),false,false,true,,,,,,After defeating Nanu in the Ula'ula Island grand trial,
darkranite,legends-za,story,,,"Defeat and catch the Rogue Mega Darkrai in Hyperspace Mission 11: ""Hyperspace Lumiose Survey No. 6""",false,false,true,,,,,,,
data-card-01,heartgold,exchange,pokeathlon-points,pokeathlon-dome,Central reception desk,true,false,true,,,500,pokeathlon-points,,,
dazzling-honey,legends-arceus,npc-gift,,jubilife-village,"Reward for completing Request 57: ""The Taste of Honey""",false,false,true,3,,,,,After completing Request 57,
dazzling-honey,legends-arceus,overworld,recurring,obsidian-fieldlands,Recurring item spawn,true,false,false,,,,,,,
dazzling-honey,legends-arceus,harvest,,crimson-mirelands,Leaf piles,true,false,false,,,,,,,
dazzling-honey,legends-arceus,harvest,,cobalt-coastlands,Leaf piles,true,false,false,,,,,,,
dazzling-honey,legends-arceus,crafting,craftworks,,Craftworks,true,false,true,,,,,,,
dazzling-honey,legends-arceus,dropped,,,Dropped by wild Pokémon,true,false,false,,,,,,,"Dropped by Beautifly, Dustox, Mothim, Combee, Heracross, Teddiursa, and Ursaring"
dazzling-honey,legends-arceus,npc-gift,,jubilife-village,"Reward for completing Request 1: ""Wurmple Can Evolve""",false,false,true,3,,,,,After completing Request 1,
decidium-z,moon,npc-gift,,alola-route-01,Hau (if the player did not start with Rowlet),false,false,true,,,,,,If the player did not start with Rowlet,
decidium-z,moon,npc-gift,,malie-garden,Professor Kukui (if the player started with Rowlet),false,false,true,,,,,,If the player started with Rowlet,
decidium-z,sun,npc-gift,,malie-garden,Professor Kukui (if the player started with Rowlet),false,false,true,,,,,,If the player started with Rowlet,
decidium-z,sun,npc-gift,,alola-route-01,Hau (if the player did not start with Rowlet),false,false,true,,,,,,If the player did not start with Rowlet,
decidium-z,ultra-moon,npc-gift,,malie-garden,Professor Kukui (if the player started with Rowlet),false,false,true,,,,,,If the player started with Rowlet,
decidium-z,ultra-moon,npc-gift,,iki-town,Hala (after defeating him in a rematch if the player did not choose Rowlet),false,false,true,,,,,,After defeating Hala in a rematch and if the player did not choose Rowlet,
decidium-z,ultra-sun,npc-gift,,malie-garden,Professor Kukui (if the player started with Rowlet),false,false,true,,,,,,If the player started with Rowlet,
decidium-z,ultra-sun,npc-gift,,iki-town,Hala (after defeating him in a rematch if the player did not choose Rowlet),false,false,true,,,,,,After defeating Hala in a rematch and if the player did not choose Rowlet,
deep-sea-scale,ruby,choice,,slateport-city,NPC choice between Deep Sea Scale and Deep Sea Tooth,false,false,true,1,,,,,,
delphoxite,legends-za,achievement,,,Ranked Battles Season 2,false,false,true,,,,,,"Reach Rank S in Ranked Battles Season 2 (November 6–26, 2025)",
delphoxite,legends-za,achievement,,,Ranked Battles Season 3,false,false,true,,,,,,"Reach Rank V in Ranked Battles Season 3 (November 27–December 18, 2025)",
devon-parts,alpha-sapphire,npc-defeat,,rusturf-tunnel,Team Aqua Grunt,false,false,true,,,,,stone-badge,After earning the Stone Badge,
devon-parts,emerald,npc-defeat,,rusturf-tunnel,Team Aqua Grunt,false,false,true,,,,,stone-badge,After earning the Stone Badge,
devon-parts,omega-ruby,npc-defeat,,rusturf-tunnel,Team Magma Grunt,false,false,true,,,,,stone-badge,After earning the Stone Badge,
devon-parts,ruby,npc-defeat,,rusturf-tunnel,Team Magma Grunt,false,false,true,,,,,stone-badge,After earning the Stone Badge,
devon-parts,sapphire,npc-defeat,,rusturf-tunnel,Team Aqua Grunt,false,false,true,,,,,stone-badge,After earning the Stone Badge,
devon-scope,alpha-sapphire,npc-gift,,hoenn-route-120,From Steven on the northern bridge,false,false,true,,,,,,,
devon-scope,emerald,npc-gift,,hoenn-route-120,From Steven on the northern bridge,false,false,true,,,,,,,
devon-scope,omega-ruby,npc-gift,,hoenn-route-120,From Steven on the northern bridge,false,false,true,,,,,,,
devon-scope,ruby,npc-gift,,hoenn-route-120,From Steven on the northern bridge,false,false,true,,,,,,,
devon-scope,sapphire,npc-gift,,hoenn-route-120,From Steven on the northern bridge,false,false,true,,,,,,,
devon-scuba-gear,alpha-sapphire,npc-gift,,mossdeep-city,"From Steven after obtaining the Mind Badge, along with HM07 (Dive)",false,false,true,,,,,mind-badge,,
devon-scuba-gear,omega-ruby,npc-gift,,mossdeep-city,"From Steven after obtaining the Mind Badge, along with HM07 (Dive)",false,false,true,,,,,mind-badge,,
diamond-bottle,scarlet,shop,specialty-shop,levincia,Picnic-Knacks (Levincia Branch),true,false,true,,,1000,pokedollars,,,
diamond-bottle,violet,shop,specialty-shop,levincia,Picnic-Knacks (Levincia Branch),true,false,true,,,1000,pokedollars,,,
diamond-chairs,scarlet,npc-gift,,revelers-road,Picnicker,false,false,true,,,,,,If the player owns the Diamond Tablecloth,
diamond-chairs,violet,npc-gift,,revelers-road,Picnicker,false,false,true,,,,,,If the player owns the Diamond Tablecloth,
diamond-pattern-cup,scarlet,shop,specialty-shop,levincia,Picnic-Knacks (Levincia Branch),true,false,true,,,800,pokedollars,,,
diamond-pattern-cup,violet,shop,specialty-shop,levincia,Picnic-Knacks (Levincia Branch),true,false,true,,,800,pokedollars,,,
diamond-tablecloth,scarlet,shop,specialty-shop,levincia,Picnic-Knacks (Levincia Branch),true,false,true,,,1500,pokedollars,,,
diamond-tablecloth,violet,shop,specialty-shop,levincia,Picnic-Knacks (Levincia Branch),true,false,true,,,1500,pokedollars,,,
diancite,alpha-sapphire,npc-gift,,,Any Pokémon Center,false,false,true,,,,,,Enter with a fateful encounter Diancie in the party,
diancite,legends-za,event,,,,false,false,true,,,,,,,
diancite,moon,event,,,,false,false,true,,,,,,,
diancite,omega-ruby,npc-gift,,,Any Pokémon Center,false,false,true,,,,,,Enter with a fateful encounter Diancie in the party,
diancite,sun,event,,,,false,false,true,,,,,,,
diancite,ultra-moon,npc-gift,,konikoni-city,Olivia's jewelry store,false,false,true,,,,,,If the player has a Diancie in their party,
diancite,ultra-sun,npc-gift,,konikoni-city,Olivia's jewelry store,false,false,true,,,,,,If the player has a Diancie in their party,
digger-drill,brilliant-diamond,exchange,,,Sphere traders,true,false,true,,,,,,,
digger-drill,brilliant-diamond,npc-gift,,eterna-city,Underground Man,false,false,true,,,,,,,
digger-drill,diamond,npc-gift,,eterna-city,Underground Man,false,false,true,,,,,,,
digger-drill,diamond,exchange,,underground,Trap Merchant,true,false,true,,,,,,,Requires Blue Sphere (Size 10–20)
digger-drill,pearl,exchange,,underground,Trap Merchant,true,false,true,,,,,,,Requires Blue Sphere (Size 10–20)
digger-drill,pearl,npc-gift,,eterna-city,Underground Man,false,false,true,,,,,,,
digger-drill,platinum,exchange,,underground,Trap Merchant,true,false,true,,,,,,,Requires Blue Sphere (Size 10–20)
digger-drill,platinum,npc-gift,,eterna-city,Underground Man,false,false,true,,,,,,,
digger-drill,shining-pearl,npc-gift,,eterna-city,Underground Man,false,false,true,,,,,,,
digger-drill,shining-pearl,exchange,,,Sphere traders,true,false,true,,,,,,,
direshroom,legends-arceus,overworld,recurring,crimson-mirelands,,true,false,true,,,,,,,
direshroom,legends-arceus,overworld,recurring,cobalt-coastlands,,true,false,true,,,,,,,
direshroom,legends-arceus,overworld,recurring,coronet-highlands,,true,false,true,,,,,,,
direshroom,legends-arceus,harvest,,,Farm (mushroom harvest),true,false,true,,,,,,,
direshroom,legends-arceus,shop,vendor,jubilife-village,Ginkgo Guild cart (Tuli),true,false,true,,,480,pokedollars,,"After starting Mission 10: ""The Lordless Island""",
discount-coupon,alpha-sapphire,exchange,,,Trade,true,false,true,,,,,,,
discount-coupon,omega-ruby,exchange,,,Trade,true,false,true,,,,,,,
discount-coupon,x,event,,,Pokémon Global Link,false,false,true,,,,,,,
discount-coupon,y,event,,,Pokémon Global Link,false,false,true,,,,,,,
discovery-slate,brilliant-diamond,exchange,,ramanas-park,Ramanas Park exchange,true,false,true,,,,,,,Obtained in exchange for Mysterious Shards.
discovery-slate,shining-pearl,exchange,,ramanas-park,Ramanas Park exchange,true,false,true,,,,,,,Obtained in exchange for Mysterious Shards.
distortion-slate,brilliant-diamond,exchange,,ramanas-park,Purchase using Mysterious Shards,true,false,true,,,,,,"After catching Regirock, Regice, Registeel, and Giratina",Costs 3 Mysterious Shards S or 1 Mysterious Shard L
distortion-slate,shining-pearl,exchange,,ramanas-park,Purchase using Mysterious Shards,true,false,true,,,,,,"After catching Regirock, Regice, Registeel, and Giratina",Costs 3 Mysterious Shards S or 1 Mysterious Shard L
dna-splicers,alpha-sapphire,overworld,hidden,gnarled-den,Inside the cave,false,true,true,,,,,,,
dna-splicers,black-2,dropped,,giant-chasm,Dropped by Kyurem,false,false,true,,,,,,,
dna-splicers,moon,npc-gift,,aether-paradise,Aether Foundation Employee in Secret Lab A,false,false,true,,,,,,,
dna-splicers,omega-ruby,overworld,hidden,gnarled-den,Inside the cave,false,true,true,,,,,,,
dna-splicers,scarlet,auction,,porto-marinada,Auction house,true,false,false,,,,,,If the player owns a Kyurem,
dna-splicers,shield,bargain-shop,,stow-on-side,Bargain shop keeper,false,false,true,,,,,,If the player owns a Kyurem,
dna-splicers,sun,npc-gift,,aether-paradise,Aether Foundation Employee in Secret Lab A,false,false,true,,,,,,,
dna-splicers,sword,bargain-shop,,stow-on-side,Bargain shop keeper,false,false,true,,,,,,If the player owns a Kyurem,
dna-splicers,violet,auction,,porto-marinada,Auction house,true,false,false,,,,,,If the player owns a Kyurem,
dna-splicers,white-2,dropped,,giant-chasm,Dropped by Kyurem,false,false,true,,,,,,,
dna-splicers,x,npc-gift,,kiloude-city,Punk Girl in a northeastern house,false,false,true,,,,,,If shown a Kyurem,
dna-splicers,y,npc-gift,,kiloude-city,Punk Girl in a northeastern house,false,false,true,,,,,,If shown a Kyurem,
dome-fossil,diamond,mining,,underground,After obtaining the National Pokédex,true,false,false,,,,,,After obtaining the National Pokédex,
dome-fossil,red,choice,,mt-moon,Choice between Dome Fossil and Helix Fossil,false,false,true,,,,,,,
doppel-bonnets,legends-arceus,overworld,recurring,coronet-highlands,,true,false,true,,,,,,,Recurring item spawn
doppel-bonnets,legends-arceus,overworld,recurring,alabaster-icelands,,true,false,true,,,,,,,Recurring item spawn
doppel-bonnets,legends-arceus,harvest,,,Farm mushroom harvest,true,false,true,,,,,,,
doppel-bonnets,legends-arceus,shop,vendor,jubilife-village,Ginkgo Guild cart (Tuli),true,false,true,,,480,pokedollars,,After starting Mission 11: Scaling Perilous Heights,
douse-drive,alpha-sapphire,npc-gift,,mauville-city,Show Genesect to a Street Thug,false,false,true,,,,,,,
douse-drive,black,npc-gift,,p2-laboratory,Show Genesect to Scientist Dudley,false,false,true,,,,,,,
douse-drive,black-2,npc-gift,,p2-laboratory,Show Genesect to Scientist Dudley,false,false,true,,,,,,,
douse-drive,legends-za,exchange,,vert-sector-7,Mega Shard exchange after Side Mission 191,true,false,true,,,540,,,After initiating Side Mission 191: Collecting Four Drives,
douse-drive,moon,npc-gift,,alola-route-08,From Colress after becoming Champion,false,false,true,,,,,,After becoming Champion,
douse-drive,omega-ruby,npc-gift,,mauville-city,Show Genesect to a Street Thug,false,false,true,,,,,,,
douse-drive,shield,bargain-shop,,stow-on-side,Bargain shop keeper,false,false,true,,,,,,If the player owns a Genesect,
douse-drive,sun,npc-gift,,alola-route-08,From Colress after becoming Champion,false,false,true,,,,,,After becoming Champion,
douse-drive,sword,bargain-shop,,stow-on-side,Bargain shop keeper,false,false,true,,,,,,If the player owns a Genesect,
douse-drive,ultra-moon,npc-gift,,alola-route-08,From Colress after becoming Champion,false,false,true,,,,,,After becoming Champion,
douse-drive,ultra-sun,npc-gift,,alola-route-08,From Colress after becoming Champion,false,false,true,,,,,,After becoming Champion,
douse-drive,white,npc-gift,,p2-laboratory,Show Genesect to Scientist Dudley,false,false,true,,,,,,,
douse-drive,white-2,npc-gift,,p2-laboratory,Show Genesect to Scientist Dudley,false,false,true,,,,,,,
douse-drive,x,npc-gift,,ambrette-town,Show Genesect to a Hiker at the Fossil Lab,false,false,true,,,,,,,
douse-drive,y,npc-gift,,ambrette-town,Show Genesect to a Hiker at the Fossil Lab,false,false,true,,,,,,,
dowsing-machine,black,npc-gift,,nacrene-city,From Bianca after obtaining the Basic Badge,false,false,true,,,,,basic-badge,,
dowsing-machine,gold,npc-gift,,ecruteak-city,Man in a house next to the Gym,false,false,true,,,,,,,
dowsing-machine,red,npc-gift,,route-11-kanto,Gate 2F from Oak's aide after obtaining 30 Pokémon,false,false,true,,,,,,After obtaining 30 Pokémon,
dowsing-machine,ruby,npc-defeat,,hoenn-route-110,From Brendan/May after defeating them,false,false,true,,,,,,,
dowsing-machine,x,npc-gift,,kalos-route-08,From a Swimmer after clearing Glittering Cave,false,false,true,,,,,,After clearing Glittering Cave,
draco-plate,alpha-sapphire,overworld,visible,hoenn-route-128,Underwater,false,false,true,,,,,,,
draco-plate,black,overworld,visible,unova-route-13,,false,false,true,,,,,,,
draco-plate,black-2,overworld,visible,undella-bay,,false,false,true,,,,,,,
draco-plate,brilliant-diamond,overworld,visible,eterna-city,,false,false,true,,,,,,,Also obtainable in Grand Underground
draco-plate,diamond,overworld,visible,eterna-city,,false,false,true,,,,,,,Also obtainable Underground
draco-plate,heartgold,npc-gift,,ss-aqua,Captain (after all 16 Badges),false,false,true,,,,,,After obtaining all 16 Gym Badges,
draco-plate,legends-arceus,story,,lake-verity-hisui,Mission 21 reward,false,false,true,,,,,,"Reward for catching Uxie, Mesprit, and Azelf",
draco-plate,moon,overworld,visible,hauoli-city,Shopping District,false,false,true,,,,,,,
draco-plate,omega-ruby,overworld,visible,hoenn-route-128,Underwater,false,false,true,,,,,,,
draco-plate,pearl,overworld,visible,eterna-city,,false,false,true,,,,,,,Also obtainable Underground
draco-plate,platinum,overworld,visible,eterna-city,,false,false,true,,,,,,,Also obtainable Underground
draco-plate,scarlet,auction,,porto-marinada,Auction,false,false,false,,,,,,If the player owns an Arceus,
draco-plate,shining-pearl,overworld,visible,eterna-city,,false,false,true,,,,,,,Also obtainable in Grand Underground
draco-plate,soulsilver,npc-gift,,ss-aqua,Captain (after all 16 Badges),false,false,true,,,,,,After obtaining all 16 Gym Badges,
draco-plate,sun,overworld,visible,hauoli-city,Shopping District,false,false,true,,,,,,,
draco-plate,ultra-moon,overworld,visible,hauoli-city,Shopping District,false,false,true,,,,,,,
draco-plate,ultra-sun,overworld,visible,hauoli-city,Shopping District,false,false,true,,,,,,,
draco-plate,violet,auction,,porto-marinada,Auction,false,false,false,,,,,,If the player owns an Arceus,
draco-plate,white,overworld,visible,unova-route-13,,false,false,true,,,,,,,
draco-plate,white-2,overworld,visible,undella-bay,,false,false,true,,,,,,,
draco-plate,x,overworld,visible,kalos-route-22,,false,false,true,,,,,,,
draco-plate,y,overworld,visible,kalos-route-22,,false,false,true,,,,,,,
dragalgite,legends-za,exchange,,quasartico-inc-building,Quasartico Inc. headquarters,false,false,true,,,240,,,"After completing Main Mission 30: ""Reaching Rank B""",Exchanged for 240 Mega Shards
dragon-gem,black,event,,,,false,false,true,,,,,,,
dragon-gem,black-2,overworld,visible,mistralton-cave,,false,false,true,,,,,,,
dragon-gem,white,event,,,,false,false,true,,,,,,,
dragon-gem,white-2,overworld,visible,mistralton-cave,,false,false,true,,,,,,,
dragon-memory,moon,npc-gift,,aether-paradise,From Gladion,false,false,true,,,,,,After becoming Champion,
dragon-memory,shield,npc-gift,,battle-tower-galar,From League Staff member,false,false,true,,,,,,,
dragon-memory,sun,npc-gift,,aether-paradise,From Gladion,false,false,true,,,,,,After becoming Champion,
dragon-memory,sword,npc-gift,,battle-tower-galar,From League Staff member,false,false,true,,,,,,,
dragon-memory,ultra-moon,npc-gift,,ancient-poni-path,From Wicke,false,false,true,,,,,,After becoming Champion,
dragon-memory,ultra-sun,npc-gift,,ancient-poni-path,From Wicke,false,false,true,,,,,,After becoming Champion,
dragon-skull,black,npc-defeat,,pinwheel-forest,Last Team Plasma Grunt,false,false,true,,,,,basic-badge,After earning the Basic Badge,
dragon-skull,white,npc-defeat,,pinwheel-forest,Last Team Plasma Grunt,false,false,true,,,,,basic-badge,After earning the Basic Badge,
dragon-tera-shard,scarlet,npc-gift,,naranja-academy,Hassel,false,false,true,,,,,,After completing Hassel’s storyline,
dragon-tera-shard,scarlet,overworld,visible,area-zero,,false,false,true,,,,,,,
dragon-tera-shard,scarlet,tournament,,,Academy Ace Tournament,true,false,false,,,,,,,
dragon-tera-shard,the-indigo-disk,item-printer,,,Item Printer,true,false,false,,,,,,,
dragon-tera-shard,the-indigo-disk,overworld,visible,area-zero-underdepths,,false,false,true,,,,,,,
dragon-tera-shard,the-teal-mask,contest,,,Ogre Oustin',true,false,false,,,,,,,
dragon-tera-shard,the-teal-mask,overworld,visible,crystal-pool,,false,false,true,,,,,,,
dragon-tera-shard,violet,raid,tera-raid-3star,,Tera Raid Battles,true,false,false,,,,,,3★ raids or higher,
dragon-tera-shard,violet,overworld,visible,casseroya-lake,,false,false,true,,,,,,,
dragon-tera-shard,violet,npc-gift,,uva-academy,Hassel,false,false,true,,,,,,After completing Hassel’s storyline,
dragoninite,legends-za,npc-defeat,,,"Defeating the Rogue Mega Dragonite in Main Mission 32: ""A Rogue Mega Dragonite""",false,false,true,,,,,,,
dragonium-z,moon,story,,vast-poni-canyon,Reward for completing the trial,false,false,true,,,,,,,
dragonium-z,sun,story,,vast-poni-canyon,Reward for completing the trial,false,false,true,,,,,,,
dragonium-z,ultra-moon,story,,vast-poni-canyon,Reward for completing the trial,false,false,true,,,,,,,
dragonium-z,ultra-sun,story,,vast-poni-canyon,Reward for completing the trial,false,false,true,,,,,,,
drampanite,legends-za,exchange,,quasartico-inc-building,Quasartico Inc. headquarters,true,false,true,,,360,,,,Costs 360 Mega Shards
dread-plate,diamond,overworld,visible,old-chateau,,false,false,true,,,,,,,
dread-plate,heartgold,npc-gift,,ss-aqua,Captain,false,false,true,,,,,,After obtaining all 16 Gym Badges,
dread-plate,legends-arceus,story,,moonview-arena,Mission 23 reward for catching Cresselia,false,false,true,,,,,,,
dread-plate,scarlet,auction,,porto-marinada,,false,false,false,,,,,,If the player owns an Arceus,
dream-ball,black,overworld,recurring,entree-forest,,true,false,true,,,,,,,
dream-ball,white,overworld,recurring,entree-forest,,true,false,true,,,,,,,
dream-mail,emerald,exchange,,,Trade,true,false,true,,,,,,,
dream-mail,firered,shop,poke-mart,six-island,Six Island Poké Mart,true,false,true,,,50,pokedollars,,,
dream-mail,leafgreen,shop,poke-mart,six-island,Six Island Poké Mart,true,false,true,,,50,pokedollars,,,
dream-mail,ruby,exchange,,,Trade,true,false,true,,,,,,,
dream-mail,sapphire,exchange,,,Trade,true,false,true,,,,,,,
dropped-item,black-2,overworld,visible,nimbasa-city,Near the flower bed in the amusement park,false,false,true,,,,,,,
dropped-item,white-2,overworld,visible,nimbasa-city,Near the flower bed in the amusement park,false,false,true,,,,,,,
ds-sounds,brilliant-diamond,npc-gift,,hotel-grand-lake,Sound designer,false,false,true,,,,,,After entering the Hall of Fame,
ds-sounds,shining-pearl,npc-gift,,hotel-grand-lake,Sound designer,false,false,true,,,,,,After entering the Hall of Fame,
dubious-disc,diamond,overworld,visible,route-225-sinnoh,,false,false,true,,,,,,,
dynamax-band,shield,npc-gift,,galar-route-02,From Professor Magnolia after obtaining the Wishing Star,false,false,true,,,,,,After obtaining the Wishing Star,
dynamax-band,sword,npc-gift,,galar-route-02,From Professor Magnolia after obtaining the Wishing Star,false,false,true,,,,,,After obtaining the Wishing Star,
dynamax-candy,shield,max-lair,dynite-ore-trader,,Max Lair,true,false,true,,,,dynite-ore,,Access to The Crown Tundra,
dynamax-candy,shield,raid,max-raid,,Max Raid Battles (all levels),true,false,false,,,,,,,
dynamax-candy,sword,max-lair,dynite-ore-trader,,Max Lair,true,false,true,,,,dynite-ore,,Access to The Crown Tundra,
dynamax-candy,sword,raid,max-raid,,Max Raid Battles (all levels),true,false,false,,,,,,,
dynamax-crystal,shield,event,,,Event distribution (various ★ star designations),false,false,true,,,,,,,
dynamax-crystal,sword,event,,,Event distribution (various ★ star designations),false,false,true,,,,,,,
dynite-ore,shield,overworld,recurring,slippery-slope,,true,true,true,1,,,,,,
dynite-ore,shield,exchange,watts,snowslide-slope,Watt Trader (Highlight Item),true,false,true,1,,1980,watts,,,
dynite-ore,shield,overworld,recurring,roaring-sea-caves,,true,true,true,1,,,,,,
dynite-ore,shield,max-lair,reward,max-lair,Dynamax Adventure,true,false,true,,,,,,,
dynite-ore,shield,raid,max-raid,,Max Raid Battles,true,false,false,,,,,,,
dynite-ore,sword,overworld,recurring,slippery-slope,,true,true,true,1,,,,,,
dynite-ore,sword,max-lair,reward,max-lair,Dynamax Adventure,true,false,true,,,,,,,
dynite-ore,sword,overworld,recurring,roaring-sea-caves,,true,true,true,1,,,,,,
dynite-ore,sword,raid,max-raid,,Max Raid Battles,true,false,false,,,,,,,
dynite-ore,sword,exchange,watts,snowslide-slope,Watt Trader (Highlight Item),true,false,true,1,,1980,watts,,,
earth-plate,black,overworld,visible,abyssal-ruins,,false,false,true,,,,,,,
earth-plate,brilliant-diamond,overworld,visible,oreburgh-gate,,false,false,true,,,,,,,
earth-plate,brilliant-diamond,mining,,,,true,false,false,,,,,,,
earth-plate,diamond,overworld,visible,oreburgh-gate,,false,false,true,,,,,,,
earth-plate,heartgold,npc-gift,,ss-aqua,Captain,false,false,true,,,,,,After obtaining all 16 Gym Badges,
earth-plate,legends-arceus,story,,sludge-mound,Mission 8: Arezu's Predicament,false,false,true,,,,,,After defeating Ursaluna,
earth-plate,omega-ruby,overworld,visible,hoenn-route-130,Underwater,false,false,true,,,,,,,
earth-plate,scarlet,auction,,porto-marinada,,false,false,true,,,,,,If the player owns an Arceus,
earth-plate,sun,overworld,visible,alola-route-01,,false,false,true,,,,,,,
earth-plate,x,overworld,visible,reflection-cave,,false,false,true,,,,,,,
eelektrossite,legends-za,exchange,,quasartico-inc-building,Quasartico Inc. headquarters,false,false,true,,,240,,,"After completing Main Mission 14: ""Reaching Rank E""",Requires Mega Shards
eevee-candy,lets-go-eevee,trainer-reward,trainer,route-11-kanto,Coach Trainer Will,false,false,true,5,,,,,,
eevee-candy,lets-go-eevee,trainer-reward,trainer,pokemon-tower,Coach Trainer Holly,false,false,true,5,,,,,,
eevee-candy,lets-go-eevee,trainer-reward,trainer,victory-road-kanto,Coach Trainer Alemana,false,false,true,10,,,,,,
eevee-cup,scarlet,shop,specialty-shop,cascarrafa,Picnic-Knacks (Cascarrafa Branch),true,false,true,,,2000,pokedollars,,,
eevee-cup,violet,shop,specialty-shop,cascarrafa,Picnic-Knacks (Cascarrafa Branch),true,false,true,,,2000,pokedollars,,,
eevium-z,moon,npc-gift,,thrifty-megamart,Given by Kagetora after defeating all Eevee users and Kagetora himself,false,false,true,,,,,,,
eevium-z,sun,npc-gift,,thrifty-megamart,Given by Kagetora after defeating all Eevee users and Kagetora himself,false,false,true,,,,,,,
eevium-z,ultra-moon,npc-gift,,thrifty-megamart,Given by Kagetora after defeating all Eevee users and Kagetora himself,false,false,true,,,,,,,
eevium-z,ultra-sun,npc-gift,,thrifty-megamart,Given by Kagetora after defeating all Eevee users and Kagetora himself,false,false,true,,,,,,,
egg,scarlet,overworld,visible,south-province-area-three,,false,false,true,,,,,,,
egg,scarlet,shop,vendor,,Deli Cioso,true,false,true,,,80,pokedollars,,,
egg,scarlet,vending-machine,,terarium,Vending machines,true,false,true,,,,,,,
egg,violet,overworld,visible,south-province-area-three,,false,false,true,,,,,,,
egg,violet,shop,vendor,,Deli Cioso,true,false,true,,,80,pokedollars,,,
egg,violet,vending-machine,,terarium,Vending machines,true,false,true,,,,,,,
egg-ticket,crystal,npc-gift,,route-34-johto,Received from the Day-Care Man if the Mobile Game Boy Adapter is connected or has been connected before (Japanese cartridge only).,false,false,true,,,,,,Mobile Game Boy Adapter connected or previously connected,Unavailable in Virtual Console releases.
eggant-berry,ruby,npc-gift,,petalburg-gym,From Norman after scanning the Eggant Berry e-Reader card,true,false,true,,,,,,After scanning the Eggant Berry e-Reader card,
eggant-berry,sapphire,npc-gift,,petalburg-gym,From Norman after scanning the Eggant Berry e-Reader card,true,false,true,,,,,,After scanning the Eggant Berry e-Reader card,
eject-pack,scarlet,shop,specialty-shop,levincia,Delibird Presents (Levincia Branch),true,false,true,,,30000,pokedollars,,After earning 4 Gym Badges,
eject-pack,shield,exchange,,battle-tower-galar,Battle Tower,true,false,true,,,20,battle-points,,,
eject-pack,shield,overworld,visible,snowslide-slope,,false,false,true,,,,,,The Crown Tundra,
eject-pack,sword,exchange,,battle-tower-galar,Battle Tower,true,false,true,,,20,battle-points,,,
eject-pack,sword,overworld,visible,snowslide-slope,,false,false,true,,,,,,The Crown Tundra,
eject-pack,violet,shop,specialty-shop,levincia,Delibird Presents (Levincia Branch),true,false,true,,,30000,pokedollars,,After earning 4 Gym Badges,
electric-gem,black,overworld,recurring,,Dust cloud,true,false,false,,,,,,,
electric-gem,black-2,overworld,visible,chargestone-cave,,false,false,true,,,,,,,
electric-gem,black-2,overworld,recurring,,Dust cloud,true,false,false,,,,,,,Multiple caves
electric-gem,dream,overworld,recurring,icy-cave,,true,false,false,,,,,,,Dream World
electric-gem,white,overworld,recurring,,Dust cloud,true,false,false,,,,,,,
electric-gem,white-2,overworld,visible,chargestone-cave,,false,false,true,,,,,,,
electric-gem,white-2,overworld,recurring,,Dust cloud,true,false,false,,,,,,,Multiple caves
electric-memory,moon,npc-gift,,aether-paradise,From Gladion,false,false,true,,,,,,After becoming Champion,
electric-memory,shield,npc-gift,,battle-tower-galar,From a League Staff member,false,false,true,,,,,,,
electric-memory,sun,npc-gift,,aether-paradise,From Gladion,false,false,true,,,,,,After becoming Champion,
electric-memory,sword,npc-gift,,battle-tower-galar,From a League Staff member,false,false,true,,,,,,,
electric-memory,ultra-moon,npc-gift,,ancient-poni-path,From Wicke,false,false,true,,,,,,After becoming Champion,
electric-memory,ultra-sun,npc-gift,,ancient-poni-path,From Wicke,false,false,true,,,,,,After becoming Champion,
electric-seed,moon,overworld,visible,mahalo-trail,,false,false,true,,,,,,,
electric-seed,scarlet,overworld,sparkling,west-province-area-three,,true,false,true,,,,,,,
electric-seed,scarlet,shop,specialty-shop,cascarrafa,Delibird Presents,true,false,true,,,20000,pokedollars,,After completing the main storyline,
electric-seed,shield,overworld,recurring,stepping-stone-sea,,true,true,true,,,,,,The Isle of Armor,
electric-seed,shield,overworld,visible,wyndon,,false,false,true,,,,,,,
electric-seed,sun,overworld,visible,mahalo-trail,,false,false,true,,,,,,,
electric-seed,sword,overworld,recurring,stepping-stone-sea,,true,true,true,,,,,,The Isle of Armor,
electric-seed,sword,overworld,visible,wyndon,,false,false,true,,,,,,,
electric-seed,ultra-moon,overworld,visible,mahalo-trail,,false,false,true,,,,,,,
electric-seed,ultra-sun,overworld,visible,mahalo-trail,,false,false,true,,,,,,,
electric-seed,violet,overworld,sparkling,west-province-area-three,,true,false,true,,,,,,,
electric-seed,violet,shop,specialty-shop,cascarrafa,Delibird Presents,true,false,true,,,20000,pokedollars,,After completing the main storyline,
electric-tera-shard,scarlet,overworld,visible,area-zero,,false,false,true,,,,,,,
electric-tera-shard,scarlet,overworld,visible,levincia,,false,false,true,,,,,,,
electric-tera-shard,scarlet,tournament,,,Academy Ace Tournament,true,false,false,,,,,,,
electric-tera-shard,scarlet,tera-raid,tera-raid-5star,,Tera Raid Battles (3★ onwards),true,false,false,,,,,,,
electric-tera-shard,scarlet,overworld,visible,oni-mountain,,false,false,true,,,,,,The Teal Mask,
electric-tera-shard,scarlet,contest,,,Ogre Oustin',true,false,false,,,,,,The Teal Mask,
electric-tera-shard,scarlet,overworld,visible,area-zero-underdepths,,false,false,true,,,,,,The Indigo Disk,
electric-tera-shard,scarlet,item-printer,item-printer,,Item Printer,true,false,false,,,,,,The Indigo Disk,
electric-tera-shard,violet,item-printer,item-printer,,Item Printer,true,false,false,,,,,,The Indigo Disk,
electric-tera-shard,violet,overworld,visible,area-zero,,false,false,true,,,,,,,
electric-tera-shard,violet,overworld,visible,oni-mountain,,false,false,true,,,,,,The Teal Mask,
electric-tera-shard,violet,overworld,visible,levincia,,false,false,true,,,,,,,
electric-tera-shard,violet,overworld,visible,area-zero-underdepths,,false,false,true,,,,,,The Indigo Disk,
electric-tera-shard,violet,tournament,,,Academy Ace Tournament,true,false,false,,,,,,,
electric-tera-shard,violet,contest,,,Ogre Oustin',true,false,false,,,,,,The Teal Mask,
electric-tera-shard,violet,tera-raid,tera-raid-5star,,Tera Raid Battles (3★ onwards),true,false,false,,,,,,,
electrium-z,moon,trainer-reward,trainer,ten-carat-hill,Reward from Professor Kukui after defeating Totem Hakamo-o (Demo),false,false,true,,,,,,Pokémon Sun and Moon Demo completion,
electrium-z,moon,trainer-reward,trainer,hokulani-observatory,Reward for completing Sophocles's trial,false,false,true,,,,,,,
electrium-z,sun,trainer-reward,trainer,ten-carat-hill,Reward from Professor Kukui after defeating Totem Hakamo-o (Demo),false,false,true,,,,,,Pokémon Sun and Moon Demo completion,
electrium-z,sun,trainer-reward,trainer,hokulani-observatory,Reward for completing Sophocles's trial,false,false,true,,,,,,,
electrium-z,ultra-moon,trainer-reward,trainer,hokulani-observatory,Reward for completing Sophocles's trial,false,false,true,,,,,,,
electrium-z,ultra-sun,trainer-reward,trainer,hokulani-observatory,Reward for completing Sophocles's trial,false,false,true,,,,,,,
elevator-key,legends-za,story,,lysandre-labs,,false,false,true,,,,,,,
elevator-key,x,npc-defeat,,lysandre-labs,From Mable after defeating her,false,false,true,,,,,,,
elevator-key,y,npc-defeat,,lysandre-labs,From Mable after defeating her,false,false,true,,,,,,,
elixir,gold,overworld,visible,,"Routes 2, 12, 44, 45; Mt. Mortar; Dark Cave; Rock Tunnel; Union Cave; Lake of Rage (event)",false,false,true,,,,,,,
elixir,red,overworld,visible,,"Route 25, Pokémon Tower, Silph Co., Underground Path (Routes 7–8)",false,false,true,,,,,,,
emboarite,legends-za,story,,,"Obtained from AZ during Main Mission 10: ""The Secrets of Mega Evolution""",false,false,true,,,,,,If the player's first partner Pokémon was Tepig,
emboarite,legends-za,shop,specialty-shop,,Stone Emporium,true,false,true,,,,,,"If the player's first partner Pokémon was not Tepig, after completing Main Mission 37: ""Operation Protect Lumiose""",
endorsement,shield,npc-gift,,galar-route-02,From Leon after battling Hop,false,false,true,,,,,,,
endorsement,sword,npc-gift,,galar-route-02,From Leon after battling Hop,false,false,true,,,,,,,
enigma-stone,heartgold,event,,,Wi-Fi Mystery Gift,false,false,true,,,,,,After receiving the National Pokédex,
enigma-stone,soulsilver,event,,,Wi-Fi Mystery Gift,false,false,true,,,,,,After receiving the National Pokédex,
enigmatic-card,moon,npc-gift,,alola-route-01,Man in front of the player's house,false,false,true,,,,,,After entering the Hall of Fame,
enigmatic-card,sun,npc-gift,,alola-route-01,Man in front of the player's house,false,false,true,,,,,,After entering the Hall of Fame,
entei-treat,scarlet,npc-gift,,blueberry-academy,Entrance (Snacksworth),false,false,true,,,,,,After completing 10 solo Blueberry Quests,
entei-treat,violet,npc-gift,,blueberry-academy,Entrance (Snacksworth),false,false,true,,,,,,After completing one group Blueberry Quest,
eon-flute,alpha-sapphire,npc-gift,,sootopolis-city,Steven,false,false,true,,,,,,After ending the world disaster caused by Kyogre.,
eon-flute,omega-ruby,npc-gift,,sootopolis-city,Steven,false,false,true,,,,,,After ending the world disaster caused by Groudon.,
eon-mail,crystal,event,,,Mystery Gift,true,false,true,,,,,,,
eon-mail,gold,event,,,Mystery Gift,true,false,true,,,,,,,
eon-mail,silver,event,,,Mystery Gift,true,false,true,,,,,,,
epice-noire,legends-za,story,,lumiose-city,"Corbeau at Hotel Z during Hyperspace Mission 11: ""Hyperspace Lumiose Survey No. 6""",false,false,true,,,,,,,
escape-rope,red,shop,poke-mart,,Various Poké Marts,true,false,true,,,550,pokedollars,,,
eternal-ice,legends-arceus,overworld,visible,avaluggs-legacy,On top of the biggest ice formation; requires Ride Braviary,false,false,true,,,,,,,
excadrite,legends-za,exchange,,quasartico-inc-building,Quasartico Inc. headquarters,false,false,true,,,360,,,"After completing Main Mission 14: ""Reaching Rank E""",Requires Mega Shards
exercise-ball,scarlet,shop,specialty-shop,levincia,Picnic-Knacks (Levincia Branch),true,false,true,,,2000,pokedollars,,,
exercise-ball,violet,shop,specialty-shop,levincia,Picnic-Knacks (Levincia Branch),true,false,true,,,2000,pokedollars,,,
exp-candy-s,legends-arceus,request,,jubilife-village,Rewards from multiple Requests,false,false,true,,,,,,By completing specific requests,
exp-candy-s,scarlet,raid,tera-raid-1star,,Tera Raid Battles (1★–3★),true,false,false,,,,,,,
exp-candy-s,sword,raid,max-raid,,"Max Raid Battles (1★, 2★)",true,false,false,,,,,,,
exp-candy-xl,legends-arceus,npc-gift,,jubilife-village,From Vessa for collecting 90 wisps,false,false,true,,,,,,After collecting 90 wisps,
exp-candy-xl,scarlet,tera-raid,tera-raid-5star,,Tera Raid Battles,true,false,false,,,,,,,Also obtainable from 6★ and 7★ raids
exp-candy-xl,shield,raid,max-raid,,Max Raid Battles (5★),true,false,false,,,,,,,
exp-candy-xl,sword,raid,max-raid,,Max Raid Battles (5★),true,false,false,,,,,,,
exp-candy-xl,violet,tera-raid,tera-raid-5star,,Tera Raid Battles,true,false,false,,,,,,,Also obtainable from 6★ and 7★ raids
exp-charm,scarlet,achievement,,,Ogre Oustin',false,false,true,,,,,,After completing Easy difficulty for the first time,The Teal Mask
exp-charm,shield,npc-gift,,master-dojo,Hyde (upon entering for the first time),false,false,true,,,,,,Upon first entering the Master Dojo,
exp-charm,sword,npc-gift,,master-dojo,Hyde (upon entering for the first time),false,false,true,,,,,,Upon first entering the Master Dojo,
exp-charm,violet,achievement,,,Ogre Oustin',false,false,true,,,,,,After completing Easy difficulty for the first time,The Teal Mask
exp-share,red,npc-gift,,route-15-kanto,Route 15 gate 2F from Oak's aide after obtaining 50 Pokémon,false,false,true,,,,,,After obtaining 50 Pokémon,
explorer-kit,brilliant-diamond,npc-gift,,eterna-city,Underground Man,false,false,true,,,,,,,
explorer-kit,diamond,npc-gift,,eterna-city,Underground Man,false,false,true,,,,,,,
explorer-kit,pearl,npc-gift,,eterna-city,Underground Man,false,false,true,,,,,,,
explorer-kit,platinum,npc-gift,,eterna-city,Underground Man,false,false,true,,,,,,,
explorer-kit,shining-pearl,npc-gift,,eterna-city,Underground Man,false,false,true,,,,,,,
fab-mail,emerald,trade,,,Trade with another player,true,false,true,,,,,,,
fab-mail,firered,npc-gift,,cerulean-city,In-game trade Jynx,false,false,true,,,,,,,Held by the received Jynx.
fab-mail,leafgreen,npc-gift,,cerulean-city,In-game trade Jynx,false,false,true,,,,,,,Held by the received Jynx.
fab-mail,ruby,trade,,,Trade with another player,true,false,true,,,,,,,
fab-mail,sapphire,trade,,,Trade with another player,true,false,true,,,,,,,
fairium-z,moon,npc-gift,,vast-poni-canyon,Gift from Mina,false,false,true,,,,,,,
fairium-z,sun,npc-gift,,vast-poni-canyon,Gift from Mina,false,false,true,,,,,,,
fairium-z,ultra-moon,trainer-reward,trainer,seafolk-village,Reward for completing Mina's trial,false,false,true,,,,,,,
fairium-z,ultra-sun,trainer-reward,trainer,seafolk-village,Reward for completing Mina's trial,false,false,true,,,,,,,
fairy-feather,legends-za,shop,specialty-shop,,Racine Construction Shop,true,false,true,,,4980,pokedollars,,,
fairy-feather,legends-za,story,,,Side Mission 042: A Fan of Fairy Types,false,false,true,,,,,,,
fairy-feather,scarlet,item-printer,,,Item Printer,true,false,false,,,,,,,
fairy-feather,scarlet,achievement,,,Ogre Oustin',false,false,true,,,,,,After completing Normal difficulty for the first time,
fairy-feather,violet,item-printer,,,Item Printer,true,false,false,,,,,,,
fairy-feather,violet,achievement,,,Ogre Oustin',false,false,true,,,,,,After completing Normal difficulty for the first time,
fairy-memory,moon,npc-gift,,aether-paradise,From Gladion,false,false,true,,,,,,After becoming Champion,
fairy-memory,shield,npc-gift,,battle-tower-galar,From a League Staff member,false,false,true,,,,,,,
fairy-memory,sun,npc-gift,,aether-paradise,From Gladion,false,false,true,,,,,,After becoming Champion,
fairy-memory,sword,npc-gift,,battle-tower-galar,From a League Staff member,false,false,true,,,,,,,
fairy-memory,ultra-moon,npc-gift,,ancient-poni-path,From Wicke,false,false,true,,,,,,After becoming Champion,
fairy-memory,ultra-sun,npc-gift,,ancient-poni-path,From Wicke,false,false,true,,,,,,After becoming Champion,
fairy-tera-shard,scarlet,tournament,,,Academy Ace Tournament,true,false,false,,,,,,,
fairy-tera-shard,scarlet,overworld,visible,west-province-area-three,Ruchbah Squad's Base,false,false,true,,,,,,,
fairy-tera-shard,scarlet,tera-raid,tera-raid-5star,,Tera Raid Battles (3★ onwards),true,false,false,,,,,,,
fairy-tera-shard,violet,tournament,,,Academy Ace Tournament,true,false,false,,,,,,,
fairy-tera-shard,violet,tera-raid,tera-raid-5star,,Tera Raid Battles (3★ onwards),true,false,false,,,,,,,
fairy-tera-shard,violet,overworld,visible,west-province-area-three,Ruchbah Squad's Base,false,false,true,,,,,,,
falinksite,legends-za,exchange,,quasartico-inc-building,Exchange for 240 Mega Shards,false,false,true,,,240,,,"After completing Main Mission 19: ""Reaching Rank D""",
fame-checker,firered,npc-gift,,cerulean-city,From Blue after defeating him,false,false,true,,,,,,After defeating Blue,
fame-checker,leafgreen,npc-gift,,cerulean-city,From Blue after defeating him,false,false,true,,,,,,After defeating Blue,
fancy-apple,shield,overworld,recurring,axews-eye,,true,true,true,,,,,,,
fancy-apple,sword,overworld,recurring,dappled-grove,,true,true,true,,,,,,,
fashion-case,diamond,npc-gift,,jubilife-city,Gift after defeating Team Galactic,false,false,true,,,,,,After defeating Team Galactic in Jubilife City,
fashion-case,heartgold,npc-gift,,goldenrod-tunnel,From Ethan/Lyra upon entering for the first time,false,false,true,,,,,,First visit to Goldenrod Tunnel,
fashion-case,pearl,npc-gift,,jubilife-city,Gift after defeating Team Galactic,false,false,true,,,,,,After defeating Team Galactic in Jubilife City,
fashion-case,platinum,npc-gift,,jubilife-city,Gift after defeating Team Galactic,false,false,true,,,,,,After defeating Team Galactic in Jubilife City,
fashion-case,soulsilver,npc-gift,,goldenrod-tunnel,From Ethan/Lyra upon entering for the first time,false,false,true,,,,,,First visit to Goldenrod Tunnel,
fast-ball,gold,crafting,apricorn,azalea-town,White Apricorn to Kurt,true,false,true,,,,,,,
fast-ball,heartgold,npc-gift,,azalea-town,Kurt,false,false,true,,,,,,,
favored-mail,black,shop,poke-mart,,Shopping Mall Nine and most Poké Marts,true,false,true,,,50,pokedollars,,,"Unavailable in Nimbasa, Mistralton, Icirrus, and Pokémon League Poké Marts"
favored-mail,black-2,overworld,visible,unova-route-11,,false,false,true,,,,,,,
favored-mail,black-2,trainer-reward,trainer,pokestar-studios,Gift after completing a movie,true,false,true,,,,,,,
favored-mail,white,shop,poke-mart,,Shopping Mall Nine and most Poké Marts,true,false,true,,,50,pokedollars,,,"Unavailable in Nimbasa, Mistralton, Icirrus, and Pokémon League Poké Marts"
favored-mail,white-2,trainer-reward,trainer,pokestar-studios,Gift after completing a movie,true,false,true,,,,,,,
favored-mail,white-2,overworld,visible,unova-route-11,,false,false,true,,,,,,,
feather-ball,legends-arceus,shop,vendor,,General store and base camp stores,true,false,true,,,140,pokedollars,,"After completing Request 23: ""Getting Ahold of New Wares""",
feather-ball,legends-arceus,request,,,"Reward for completing Request 15: ""Balloon Race in the Fieldlands""",false,false,true,15,,,,,,
feather-ball,legends-arceus,shop,vendor,,Ginkgo Guild cart (Ginter),true,false,false,30,,,,,,Randomly sold
feather-ball,legends-arceus,crafting,recipe,,1 Apricorn and 1 Sky Tumblestone,true,false,true,,,,,,,
feraligite,legends-za,npc-gift,,,AZ,false,false,true,,,,,,"During Main Mission 10: ""The Secrets of Mega Evolution"" if the player's first partner Pokémon was Totodile",
feraligite,legends-za,shop,specialty-shop,,Stone Emporium,true,false,true,,,,,,"Available if the player's first partner Pokémon was not Totodile, after completing Main Mission 37: ""Operation Protect Lumiose""",
festival-ticket,moon,npc-gift,,festival-plaza,"Festival Plaza activities (gift from Sophocles, haunted houses, daily from the Dancer by the castle's bridge, or declining a one-star offer)",true,false,true,,,,,,,Includes daily and activity-based rewards.
festival-ticket,sun,npc-gift,,festival-plaza,"Festival Plaza activities (gift from Sophocles, haunted houses, daily from the Dancer by the castle's bridge, or declining a one-star offer)",true,false,true,,,,,,,Includes daily and activity-based rewards.
festival-ticket,ultra-moon,npc-gift,,festival-plaza,"Festival Plaza activities (gift from Sophocles, haunted houses, daily from the Dancer by the castle's bridge, or declining a one-star offer)",true,false,true,,,,,,,Includes daily and activity-based rewards.
festival-ticket,ultra-sun,npc-gift,,festival-plaza,"Festival Plaza activities (gift from Sophocles, haunted houses, daily from the Dancer by the castle's bridge, or declining a one-star offer)",true,false,true,,,,,,,Includes daily and activity-based rewards.
fiery-pick,scarlet,npc-gift,,league-club-room,Gift from Crispin after beating him in a rematch,false,false,true,20,,,,,After unlocking the Indigo Disk and rematching Crispin,
fiery-pick,scarlet,vending-machine,,terarium,Vending machines,true,false,true,,,,,,Available in the Terarium,
fiery-pick,violet,vending-machine,,terarium,Vending machines,true,false,true,,,,,,Available in the Terarium,
fiery-pick,violet,npc-gift,,league-club-room,Gift from Crispin after beating him in a rematch,false,false,true,20,,,,,After unlocking the Indigo Disk and rematching Crispin,
fighting-gem,black,event,,,,false,false,true,,,,,,,
fighting-gem,white,overworld,recurring,,Dust cloud,true,false,false,,,,,,,
fighting-memory,moon,npc-gift,,aether-paradise,From Gladion,false,false,true,,,,,,After becoming Champion,
fighting-memory,shield,npc-gift,,battle-tower-galar,From a League Staff member,false,false,true,,,,,,,
fighting-memory,sun,npc-gift,,aether-paradise,From Gladion,false,false,true,,,,,,After becoming Champion,
fighting-memory,sword,npc-gift,,battle-tower-galar,From a League Staff member,false,false,true,,,,,,,
fighting-memory,ultra-moon,npc-gift,,ancient-poni-path,From Wicke,false,false,true,,,,,,After becoming Champion,
fighting-memory,ultra-sun,npc-gift,,ancient-poni-path,From Wicke,false,false,true,,,,,,After becoming Champion,
fighting-tera-shard,scarlet,tournament,,,Academy Ace Tournament,true,false,false,,,,,,,
fighting-tera-shard,scarlet,overworld,visible,area-zero,,false,false,true,,,,,,,
fighting-tera-shard,violet,overworld,visible,west-province-area-two,,false,false,true,,,,,,,
fighting-tera-shard,violet,tera-raid,tera-raid-5star,,Tera Raid Battles (3★ onwards),true,false,false,,,,,,,
fightinium-z,moon,trainer-reward,trainer,iki-town,Hala (Melemele Island grand trial),false,false,true,,,,,,After defeating Hala in the Melemele Island grand trial,
fightinium-z,sun,trainer-reward,trainer,iki-town,Hala (Melemele Island grand trial),false,false,true,,,,,,After defeating Hala in the Melemele Island grand trial,
fightinium-z,ultra-moon,trainer-reward,trainer,iki-town,Hala (Melemele Island grand trial),false,false,true,,,,,,After defeating Hala in the Melemele Island grand trial,
fightinium-z,ultra-sun,trainer-reward,trainer,iki-town,Hala (Melemele Island grand trial),false,false,true,,,,,,After defeating Hala in the Melemele Island grand trial,
fine-remedy,legends-arceus,crafting,recipe,,,true,false,true,,,,,,Requires 1 Remedy and 1 Pep-Up Plant,
fine-remedy,legends-arceus,npc-gift,,jubilife-village,"Reward for completing Request 29: ""The Search for Bitter Leaves""",false,false,true,3,,,,,,
fire-gem,black,event,,,,false,false,true,,,,,,,
fire-gem,black,overworld,sparkling,,Dust cloud,true,false,false,,,,,,,
fire-gem,black-2,npc-gift,,accumula-town,,false,false,true,,,,,,If the player chose Tepig,
fire-gem,dream,dream,,icy-cave,,true,false,false,,,,,,,Pokémon Dream World.
fire-gem,white-2,overworld,visible,reversal-mountain,,false,false,true,,,,,,,
fire-gem,white-2,overworld,sparkling,,Dust clouds in various caves,true,false,false,,,,,,,"Includes Chargestone Cave, Mistralton Cave, Clay Tunnel, Twist Mountain, Underground Ruins, Victory Road, Wellspring Cave, Seaside Cave, Giant Chasm."
fire-memory,moon,npc-gift,,aether-paradise,From Gladion after becoming Champion,false,false,true,,,,,,After becoming Champion,
fire-memory,shield,npc-gift,,battle-tower-galar,From a League Staff member,false,false,true,,,,,,,
fire-memory,sun,npc-gift,,aether-paradise,From Gladion after becoming Champion,false,false,true,,,,,,After becoming Champion,
fire-memory,sword,npc-gift,,battle-tower-galar,From a League Staff member,false,false,true,,,,,,,
fire-memory,ultra-moon,npc-gift,,ancient-poni-path,From Wicke after becoming Champion,false,false,true,,,,,,After becoming Champion,
fire-memory,ultra-sun,npc-gift,,ancient-poni-path,From Wicke after becoming Champion,false,false,true,,,,,,After becoming Champion,
fire-pattern-cup,scarlet,shop,specialty-shop,mesagoza,Picnic-Knacks (Mesagoza Branch),true,false,true,,,800,pokedollars,,,
fire-pattern-cup,violet,shop,specialty-shop,mesagoza,Picnic-Knacks (Mesagoza Branch),true,false,true,,,800,pokedollars,,,
fire-tera-shard,scarlet,story,,schedar-squads-base,,false,false,true,,,,,,,
fire-tera-shard,scarlet,tournament,,,Academy Ace Tournament,true,false,false,,,,,,,
fire-tera-shard,violet,tera-raid,tera-raid-3star,,Tera Raid Battles (3★ onwards),true,false,false,,,,,,,
fire-tera-shard,violet,story,,schedar-squads-base,,false,false,true,,,,,,,
firium-z,moon,trainer-reward,trainer,wela-volcano-park,Reward for completing Kiawe's trial,false,false,true,,,,,,,
firium-z,sun,trainer-reward,trainer,wela-volcano-park,Reward for completing Kiawe's trial,false,false,true,,,,,,,
firium-z,ultra-moon,trainer-reward,trainer,wela-volcano-park,Reward for completing Kiawe's trial,false,false,true,,,,,,,
firium-z,ultra-sun,trainer-reward,trainer,wela-volcano-park,Reward for completing Kiawe's trial,false,false,true,,,,,,,
fishing-rod,moon,npc-gift,,brooklet-hill,From Lana for completing the trial,false,false,true,,,,,,After completing Lana's trial,
fishing-rod,shield,starting-item,bag,postwick,In the Bag when obtained,false,false,true,,,,,,,
fishing-rod,sun,npc-gift,,brooklet-hill,From Lana for completing the trial,false,false,true,,,,,,After completing Lana's trial,
fishing-rod,sword,starting-item,bag,postwick,In the Bag when obtained,false,false,true,,,,,,,
fishing-rod,ultra-moon,npc-gift,,brooklet-hill,From Lana for completing the trial,false,false,true,,,,,,After completing Lana's trial,
fishing-rod,ultra-sun,npc-gift,,brooklet-hill,From Lana for completing the trial,false,false,true,,,,,,After completing Lana's trial,
fist-plate,black,overworld,visible,abyssal-ruins,,false,false,true,,,,,,,
fist-plate,diamond,overworld,visible,route-215-sinnoh,,false,false,true,,,,,,,
fist-plate,heartgold,npc-gift,,ss-aqua,Captain,false,false,true,,,,,,After obtaining all 16 Gym Badges,
fist-plate,legends-arceus,story,,prelude-beach,Mission 25 reward from Kamado,false,false,true,,,,,,After defeating Kamado,
fist-plate,scarlet,auction,,porto-marinada,,false,false,false,,,,,,If the player owns an Arceus,
flame-mail,diamond,shop,department-store,veilstone-city,Veilstone Department Store,true,false,true,,,50,pokedollars,,,
flame-mail,heartgold,shop,department-store,goldenrod-city,Goldenrod Department Store,true,false,true,,,50,pokedollars,,,
flame-mail,heartgold,shop,department-store,celadon-city,Celadon Department Store,true,false,true,,,50,pokedollars,,,
flame-mail,pearl,shop,department-store,veilstone-city,Veilstone Department Store,true,false,true,,,50,pokedollars,,,
flame-mail,platinum,shop,department-store,veilstone-city,Veilstone Department Store,true,false,true,,,50,pokedollars,,,
flame-mail,soulsilver,shop,department-store,goldenrod-city,Goldenrod Department Store,true,false,true,,,50,pokedollars,,,
flame-mail,soulsilver,shop,department-store,celadon-city,Celadon Department Store,true,false,true,,,50,pokedollars,,,
flame-plate,diamond,overworld,visible,stark-mountain,,false,false,true,,,,,,,
flame-plate,heartgold,npc-gift,,ss-aqua,Captain,false,false,true,,,,,,After obtaining all 16 Gym Badges,
flame-plate,legends-arceus,story,,molten-arena,Reward for defeating Noble Hisuian Arcanine,false,false,true,,,,,,Mission 10: The Lordless Island,
float-stone,black,overworld,visible,opelucid-city,,false,false,true,,,,,,,
float-stone,white,overworld,visible,opelucid-city,,false,false,true,,,,,,,
floettite,legends-za,trainer-reward,trainer,,Defeating Urbain/Taunie as the fifteenth opponent in the Infinite Z-A Royale during Main Mission 39,false,false,true,,,,,,During Main Mission 39: The Infinite Z-A Royale,
flower-mail,crystal,wild-pokemon,,route-35-johto,Held by Webster's Spearow,false,false,true,,,,,,,
flower-mail,crystal,shop,poke-mart,,"Violet, Azalea, Viridian, Cerulean, Saffron, Fuchsia Poké Marts; Goldenrod Department Store",true,false,true,,,50,pokedollars,,,
flower-mail,gold,shop,poke-mart,,"Violet, Azalea, Viridian, Cerulean, Saffron, Fuchsia Poké Marts; Goldenrod Department Store",true,false,true,,,50,pokedollars,,,
flower-mail,gold,wild-pokemon,,route-35-johto,Held by Webster's Spearow,false,false,true,,,,,,,
flower-mail,silver,wild-pokemon,,route-35-johto,Held by Webster's Spearow,false,false,true,,,,,,,
flower-mail,silver,shop,poke-mart,,"Violet, Azalea, Viridian, Cerulean, Saffron, Fuchsia Poké Marts; Goldenrod Department Store",true,false,true,,,50,pokedollars,,,
flower-pattern-cup,scarlet,shop,specialty-shop,mesagoza,Picnic-Knacks (Mesagoza Branch),true,false,true,,,800,pokedollars,,,
flower-pattern-cup,violet,shop,specialty-shop,mesagoza,Picnic-Knacks (Mesagoza Branch),true,false,true,,,800,pokedollars,,,
flower-sweet,shield,dropped,,,"Dropped by Gigantamax Factor Milcery (Wild Area News January 30 - February 16, 2020)",true,false,false,,,,,,,
flower-sweet,sword,dropped,,,"Dropped by Gigantamax Factor Milcery (Wild Area News January 30 - February 16, 2020)",true,false,false,,,,,,,
flower-sweet,the-crown-tundra,exchange,watts,snowslide-slope,Watt Trader (Highlight Item),true,false,true,,,7980,watts,,,
flower-sweet,the-indigo-disk,overworld,visible,coastal-biome,,false,false,true,,,,,,,
flower-sweet,the-indigo-disk,crafting,item-printer,,Item Printer,true,false,false,,,,,,,
flower-sweet,the-isle-of-armor,crafting,cram-o-matic,,Cram-o-matic (Fairy: 92-100 points),true,false,false,,,,,,,
fluffy-tail,ruby,shop,poke-mart,verdanturf-town,Poké Mart,true,false,true,,,1000,pokedollars,,,
flying-gem,black,overworld,recurring,,Dust cloud,true,false,false,,,,,,,
flying-gem,black-2,overworld,visible,mistralton-city,,false,false,true,,,,,,,
flying-gem,white,overworld,recurring,,Dust cloud,true,false,false,,,,,,,
flying-gem,white-2,overworld,visible,mistralton-city,,false,false,true,,,,,,,
flying-memory,moon,npc-gift,,aether-paradise,From Gladion after becoming Champion,false,false,true,,,,,,After becoming Champion,
flying-memory,shield,npc-gift,,battle-tower-galar,From a League Staff member,false,false,true,,,,,,,
flying-memory,sun,npc-gift,,aether-paradise,From Gladion after becoming Champion,false,false,true,,,,,,After becoming Champion,
flying-memory,sword,npc-gift,,battle-tower-galar,From a League Staff member,false,false,true,,,,,,,
flying-memory,ultra-moon,npc-gift,,ancient-poni-path,From Wicke after becoming Champion,false,false,true,,,,,,After becoming Champion,
flying-memory,ultra-sun,npc-gift,,ancient-poni-path,From Wicke after becoming Champion,false,false,true,,,,,,After becoming Champion,
flying-tera-shard,scarlet,overworld,visible,area-zero,,false,false,true,,,,,,,
flying-tera-shard,scarlet,raid,tera-raid-3star,,Tera Raid Battles,true,false,false,,,,,,3★ raids or higher,
flying-tera-shard,violet,raid,tera-raid-3star,,Tera Raid Battles,true,false,false,,,,,,3★ raids or higher,
flying-tera-shard,violet,overworld,visible,area-zero,,false,false,true,,,,,,,
flyinium-z,moon,overworld,visible,ten-carat-hill,Requires Machamp Shove,false,false,true,,,,,,,
flyinium-z,sun,overworld,visible,ten-carat-hill,Requires Machamp Shove,false,false,true,,,,,,,
flyinium-z,ultra-moon,overworld,visible,ten-carat-hill,Requires Machamp Shove,false,false,true,,,,,,,
flyinium-z,ultra-sun,overworld,visible,ten-carat-hill,Requires Machamp Shove,false,false,true,,,,,,,
forage-bag,moon,npc-gift,,lush-jungle,From Mallow at the beginning of the trial,false,false,true,,,,,,,
forage-bag,sun,npc-gift,,lush-jungle,From Mallow at the beginning of the trial,false,false,true,,,,,,,
forage-bag,ultra-moon,npc-gift,,lush-jungle,From Mallow at the beginning of the trial,false,false,true,,,,,,,
forage-bag,ultra-sun,npc-gift,,lush-jungle,From Mallow at the beginning of the trial,false,false,true,,,,,,,
forest-balm,legends-arceus,story,,grandtree-arena,"During Mission 7: ""The Frenzy of the Lord of the Woods"" and post-game rematches",true,false,true,,,,,,During Mission 7 and in post-game rematches against Kleavor,
fossilized-bird,shield,raid,max-raid,snowslide-slope,Max Raid Battles,true,false,false,,,,,,The Crown Tundra,
fossilized-bird,shield,npc-gift,,bridge-field,Digging Duo,true,false,false,,,,,,,
fossilized-bird,sword,npc-gift,,bridge-field,Digging Duo,true,false,false,,,,,,,
fossilized-bird,sword,overworld,visible,stow-on-side,,false,false,true,,,,,,,
fossilized-bird,sword,raid,max-raid,snowslide-slope,Max Raid Battles,true,false,false,,,,,,The Crown Tundra,
fossilized-bird,sword,overworld,hidden,dusty-bowl,Hidden recurring item,true,true,false,,,,,,,
fossilized-dino,sword,exchange,vendor,bridge-field,Digging Duo,true,false,false,,,,,,,
fossilized-dino,sword,overworld,visible,galar-route-06,,false,false,true,,,,,,,
fossilized-dino,sword,overworld,hidden,dusty-bowl,Hidden recurring item,true,true,false,,,,,,,
fossilized-dino,sword,raid,max-raid,snowslide-slope,,true,false,false,,,,,,The Crown Tundra,
fossilized-drake,shield,overworld,visible,stow-on-side,,false,false,true,,,,,,,
fossilized-drake,shield,overworld,hidden,dusty-bowl,,true,true,false,,,,,,,Hidden recurring item
fossilized-drake,shield,raid,max-raid,snowslide-slope,,true,false,false,,,,,,The Crown Tundra,
fossilized-drake,sword,raid,max-raid,snowslide-slope,,true,false,false,,,,,,The Crown Tundra,
fossilized-drake,sword,overworld,recurring,bridge-field,Digging Duo,true,false,false,,,,,,,
fossilized-fish,shield,overworld,recurring,dusty-bowl,,true,true,false,,,,,,,
fossilized-fish,shield,overworld,visible,galar-route-06,,false,false,true,,,,,,,
fossilized-fish,shield,raid,max-raid,snowslide-slope,Max Raid Battles,true,false,false,,,,,,The Crown Tundra,
fossilized-fish,sword,raid,max-raid,snowslide-slope,Max Raid Battles,true,false,false,,,,,,The Crown Tundra,
fossilized-fish,sword,exchange,vendor,bridge-field,Digging Duo,true,false,false,,,,,,,
fresh-cream,shield,shop,vendor,hammerlocke-hills,Ingredients Seller,true,false,true,,,950,pokedollars,,,
fresh-cream,shield,shop,vendor,fields-of-honor,Ingredients Seller,true,false,true,,,950,pokedollars,,,The Isle of Armor
fresh-cream,shield,npc-gift,,,Possible gift after cooking curry,true,false,false,,,,,,After cooking curry,
fresh-cream,sword,shop,vendor,rolling-fields,Ingredients Seller,true,false,true,,,950,pokedollars,,,
fresh-cream,sword,shop,vendor,fields-of-honor,Ingredients Seller,true,false,true,,,950,pokedollars,,,The Isle of Armor
fresh-cream,sword,npc-gift,,,Possible gift after cooking curry,true,false,false,,,,,,After cooking curry,
fresh-start-mochi,scarlet,tournament,,,Ogre Oustin',true,false,false,,,,,,Available in The Teal Mask,
fresh-start-mochi,violet,tournament,,,Ogre Oustin',true,false,false,,,,,,Available in The Teal Mask,
fried-fillet,scarlet,overworld,visible,west-province-area-two,,false,false,true,,,,,,,
fried-fillet,scarlet,shop,vendor,,Deli Cioso,true,false,true,,,360,pokedollars,,After earning 4 Gym Badges,
fried-fillet,scarlet,auction,,porto-marinada,,true,false,false,,,,,,,
fried-fillet,the-indigo-disk,vending-machine,,terarium,Vending machines,true,false,true,,,,,,,
fried-fillet,violet,auction,,porto-marinada,,true,false,false,,,,,,,
fried-fillet,violet,shop,vendor,,Deli Cioso,true,false,true,,,360,pokedollars,,After earning 4 Gym Badges,
fried-fillet,violet,overworld,visible,west-province-area-two,,false,false,true,,,,,,,
fried-food,shield,event,,,Gift after cooking curry,true,false,false,,,,,,,
fried-food,shield,exchange,,,Gift from other players,true,false,false,,,,,,,
fried-food,shield,shop,vendor,rolling-fields,Ingredients Seller,true,false,true,,,150,pokedollars,,,
fried-food,sword,shop,vendor,rolling-fields,Ingredients Seller,true,false,true,,,150,pokedollars,,,
fried-food,sword,event,,,Gift after cooking curry,true,false,false,,,,,,,
fried-food,sword,exchange,,,Gift from other players,true,false,false,,,,,,,
froslassite,legends-za,npc-defeat,,,"Defeating the Rogue Mega Froslass in Main Mission 27: ""A Rogue Mega Froslass""",false,false,true,,,,,,,
fruit-bunch,shield,shop,vendor,fields-of-honor,Ingredients Seller,true,false,true,,,2200,pokedollars,,,
fruit-bunch,shield,shop,vendor,hammerlocke-hills,Ingredients Seller,true,false,true,,,2200,pokedollars,,,
fruit-bunch,shield,vending-machine,,master-dojo,Refrigerator,true,false,true,,,100000,watts,,"After donating 100,000 Watts to the Master Dojo",
fruit-bunch,sword,shop,vendor,hammerlocke-hills,Ingredients Seller,true,false,true,,,2200,pokedollars,,,
fruit-bunch,sword,shop,vendor,fields-of-honor,Ingredients Seller,true,false,true,,,2200,pokedollars,,,
fruit-bunch,sword,vending-machine,,master-dojo,Refrigerator,true,false,true,,,100000,watts,,"After donating 100,000 Watts to the Master Dojo",
full-incense,diamond,overworld,visible,veilstone-city,,false,false,true,,,,,,,
full-incense,pearl,overworld,visible,veilstone-city,,false,false,true,,,,,,,
full-incense,platinum,overworld,visible,veilstone-city,,false,false,true,,,,,,,
galactic-key,brilliant-diamond,overworld,visible,galactic-warehouse,,false,false,true,,,,,,,
galactic-key,diamond,overworld,visible,galactic-warehouse,,false,false,true,,,,,,,
galactic-key,pearl,overworld,visible,galactic-warehouse,,false,false,true,,,,,,,
galactic-key,platinum,overworld,visible,galactic-warehouse,,false,false,true,,,,,,,
galactic-key,shining-pearl,overworld,visible,galactic-warehouse,,false,false,true,,,,,,,
galactic-key,ultra-moon,npc-gift,,team-rockets-castle,From Cyrus after defeating him,false,false,true,,,,,,During Episode RR,
galactic-key,ultra-sun,npc-gift,,team-rockets-castle,From Cyrus after defeating him,false,false,true,,,,,,During Episode RR,
galarica-cuff,legends-za,story,,vert-sector-9,Side Mission 75: Some Unusual Pokémon,false,false,true,,,,,,Complete Side Mission 75,
galarica-cuff,legends-za,dropped,,,Floating Poké Ball in Hyperspace Zones,true,false,false,,,,,,2★ or higher Hyperspace Zones with Item Power: Special,
galarica-cuff,scarlet,exchange,,coastal-plaza,Girl near the vending machines,true,false,true,,,8,,,Exchange eight Galarica Twigs,The Indigo Disk
galarica-cuff,shield,exchange,,workout-sea,Woman on a small island,true,false,true,,,8,,,Exchange eight Galarica Twigs,The Isle of Armor
galarica-cuff,sword,exchange,,workout-sea,Woman on a small island,true,false,true,,,8,,,Exchange eight Galarica Twigs,The Isle of Armor
galarica-cuff,violet,exchange,,coastal-plaza,Girl near the vending machines,true,false,true,,,8,,,Exchange eight Galarica Twigs,The Indigo Disk
galarica-twig,scarlet,overworld,sparkling,coastal-biome,,true,false,true,,,,,,The Indigo Disk,
galarica-twig,shield,overworld,recurring,,Fields of Honor; Soothing Wetlands; Loop Lagoon; Workout Sea; Stepping-Stone Sea; Insular Sea,true,true,true,,,,,,Isle of Armor,
galarica-twig,shield,overworld,recurring,,Roaring-Sea Caves; Ballimere Lake,true,true,true,,,,,,The Crown Tundra,
galarica-twig,shield,shop,watt-trader,snowslide-slope,Watt Trader (Highlight Item),true,false,true,,,1980,watts,,The Crown Tundra,
galarica-twig,sword,overworld,recurring,,Roaring-Sea Caves; Ballimere Lake,true,true,true,,,,,,The Crown Tundra,
galarica-twig,sword,overworld,recurring,,Fields of Honor; Soothing Wetlands; Loop Lagoon; Workout Sea; Stepping-Stone Sea; Insular Sea,true,true,true,,,,,,Isle of Armor,
galarica-twig,sword,shop,watt-trader,snowslide-slope,Watt Trader (Highlight Item),true,false,true,,,1980,watts,,The Crown Tundra,
galarica-twig,violet,overworld,sparkling,coastal-biome,,true,false,true,,,,,,The Indigo Disk,
galarica-wreath,legends-za,request,,vert-sector-9,Side Mission 75: Some Unusual Pokémon,false,false,true,,,,,,Complete Side Mission 75,
galarica-wreath,scarlet,exchange,,coastal-plaza,Girl near the vending machines,true,false,true,,,15,,,The Indigo Disk,Exchange for Galarica Twigs
galarica-wreath,shield,event,,,Crown Tournament distribution,false,false,true,,,,,,,
galarica-wreath,shield,exchange,,roaring-sea-caves,Woman in the cavern,true,false,true,,,15,,,The Crown Tundra,Exchange for Galarica Twigs
galarica-wreath,sword,exchange,,roaring-sea-caves,Woman in the cavern,true,false,true,,,15,,,The Crown Tundra,Exchange for Galarica Twigs
galarica-wreath,sword,event,,,Crown Tournament distribution,false,false,true,,,,,,,
galarica-wreath,violet,exchange,,coastal-plaza,Girl near the vending machines,true,false,true,,,15,,,The Indigo Disk,Exchange for Galarica Twigs
galladite,alpha-sapphire,npc-gift,,fallarbor-town,Given by Professor Cozmo after the Delta Episode,false,false,true,,,,,,After completing the Delta Episode,
galladite,legends-za,exchange,,quasartico-inc-building,,false,false,true,,,240,,,After completing Main Mission 24: Reaching Rank C,Requires Mega Shards
galladite,moon,event,,,,false,false,true,,,,,,,
galladite,omega-ruby,npc-gift,,fallarbor-town,Given by Professor Cozmo after the Delta Episode,false,false,true,,,,,,After completing the Delta Episode,
galladite,sun,event,,,,false,false,true,,,,,,,
galladite,ultra-moon,exchange,,battle-tree,,true,false,true,,,64,battle-points,,,
galladite,ultra-sun,exchange,,battle-tree,,true,false,true,,,64,battle-points,,,
ganlon-berry,ruby,event,,,,false,false,true,,,,,,,
ganlon-berry,sword,berry-tree,,galar-route-07,,true,false,false,,,,,,,
garchompite,alpha-sapphire,npc-gift,,fortree-city,From Aarune after reaching Platinum rank Secret Base,false,false,true,,,,,,,
garchompite,legends-za,shop,specialty-shop,stone-emporium,,true,false,true,,,70000,pokedollars,,After completing Main Mission 09: Chase That Mysterious Pokémon!,
garchompite,moon,exchange,,battle-tree,,true,false,true,,,64,battle-points,,,
garchompite,omega-ruby,npc-gift,,fortree-city,From Aarune after reaching Platinum rank Secret Base,false,false,true,,,,,,,
garchompite,sun,exchange,,battle-tree,,true,false,true,,,64,battle-points,,,
garchompite,ultra-moon,exchange,,battle-tree,,true,false,true,,,64,battle-points,,,
garchompite,ultra-sun,exchange,,battle-tree,,true,false,true,,,64,battle-points,,,
garchompite,x,overworld,visible,victory-road-kalos,Requires upgraded Mega Ring,false,false,true,,,,,,,
garchompite,y,overworld,visible,victory-road-kalos,Requires upgraded Mega Ring,false,false,true,,,,,,,
garchompite-z,legends-za,event,,,Calming down Rogue Mega Garchomp Z in an unknown hyperspace distortion,false,false,true,,,,,,Requires Mystery Gift activation,
gardevoirite,alpha-sapphire,story,,verdanturf-town,,false,false,true,,,,,,After defeating or capturing Kyogre,
gardevoirite,legends-za,exchange,,quasartico-inc-building,,false,false,true,,,240,,,After completing Main Mission 24: Reaching Rank C,Requires Mega Shards
gardevoirite,omega-ruby,story,,verdanturf-town,,false,false,true,,,,,,After defeating or capturing Groudon,
gardevoirite,ultra-moon,exchange,,battle-tree,,true,false,true,,,64,battle-points,,,
gardevoirite,ultra-sun,exchange,,battle-tree,,true,false,true,,,64,battle-points,,,
gardevoirite,x,npc-gift,,lumiose-city,"Café Soleil, held by Diantha's traded Ralts",false,false,true,,,,,,,
gardevoirite,y,npc-gift,,lumiose-city,"Café Soleil, held by Diantha's traded Ralts",false,false,true,,,,,,,
gb-sounds,heartgold,npc-gift,,celadon-city,"Celadon Condominiums 3F, from Game Freak sound designer",false,false,true,,,,,,After obtaining all 16 Badges,
gb-sounds,soulsilver,npc-gift,,celadon-city,"Celadon Condominiums 3F, from Game Freak sound designer",false,false,true,,,,,,After obtaining all 16 Badges,
gengarite,legends-za,shop,specialty-shop,stone-emporium,,false,false,true,,,50000,pokedollars,,After completing Main Mission 09: Chase That Mysterious Pokémon!,
gengarite,lets-go-pikachu,overworld,visible,indigo-plateau,,false,false,true,,,,,,,
gengarite,omega-ruby,overworld,visible,battle-resort,,false,false,true,,,,,,,
gengarite,sun,exchange,,battle-tree,,true,false,true,,,64,battle-points,,,
gengarite,x,npc-gift,,laverre-city,Hex Maniac,false,false,true,,,,,,"Must have seen Gastly, Haunter, or Gengar in the Pokédex",
genius-mochi,scarlet,contest,,,Ogre Oustin',true,false,true,,,,,,,
genius-mochi,violet,contest,,,Ogre Oustin',true,false,true,,,,,,,
genome-slate,brilliant-diamond,exchange,,ramanas-park,,true,false,true,,,,,,"After catching Raikou, Entei, and Suicune",Costs 3 Mysterious Shards S or 1 Mysterious Shard L
genome-slate,shining-pearl,exchange,,ramanas-park,,true,false,true,,,,,,"After catching Articuno, Zapdos, and Moltres",Costs 3 Mysterious Shards S or 1 Mysterious Shard L
gentle-mint,brilliant-diamond,exchange,,,Battle Park,true,false,true,,,50,battle-points,,,
gentle-mint,legends-arceus,harvest,,,Farm (mint harvest),true,false,false,,,,,,,
gentle-mint,scarlet,tournament,,,Academy Ace Tournament,true,false,false,,,,,,,
gentle-mint,scarlet,overworld,visible,area-zero,South Province (Area Three),false,false,true,,,,,,,
gentle-mint,scarlet,tera-raid,tera-raid-5star,,,true,false,false,,,,,,,
gentle-mint,scarlet,shop,specialty-shop,,Chansey Supply,true,false,true,,,20000,pokedollars,,After earning 6 Gym Badges,
gentle-mint,shield,exchange,,,Battle Tower,true,false,true,,,50,battle-points,,,
gentle-mint,shining-pearl,exchange,,,Battle Park,true,false,true,,,50,battle-points,,,
gentle-mint,sword,exchange,,,Battle Tower,true,false,true,,,50,battle-points,,,
gentle-mint,the-crown-tundra,overworld,recurring,giants-bed,,true,true,true,,,,,,,
gentle-mint,the-indigo-disk,overworld,visible,savanna-biome,,false,false,true,,,,,,,
gentle-mint,the-isle-of-armor,overworld,recurring,soothing-wetlands,,true,true,true,,,,,,,
gentle-mint,the-teal-mask,contest,,,Ogre Oustin',true,false,false,,,,,,,
gentle-mint,violet,shop,specialty-shop,,Chansey Supply,true,false,true,,,20000,pokedollars,,After earning 6 Gym Badges,
gentle-mint,violet,tournament,,,Academy Ace Tournament,true,false,false,,,,,,,
gentle-mint,violet,overworld,visible,area-zero,South Province (Area Three),false,false,true,,,,,,,
gentle-mint,violet,tera-raid,tera-raid-5star,,,true,false,false,,,,,,,
ghost-gem,black,event,,,,false,false,true,,,,,,,
ghost-gem,black-2,overworld,visible,celestial-tower,,false,false,true,,,,,,,
ghost-gem,dream,overworld,,icy-cave,,true,false,false,,,,,,,Dream World
ghost-gem,white,overworld,sparkling,,Dust cloud,true,false,false,,,,,,,
ghost-gem,white-2,overworld,sparkling,,Dust cloud in various caves,true,false,false,,,,,,,"Chargestone Cave, Mistralton Cave, Clay Tunnel, Twist Mountain, Underground Ruins, Victory Road, Wellspring Cave, Seaside Cave, Giant Chasm."
ghost-memory,moon,npc-gift,,aether-paradise,Gladion,false,false,true,,,,,,After becoming Champion,
ghost-memory,shield,npc-gift,,battle-tower-galar,League Staff member,false,false,true,,,,,,,
ghost-memory,sun,npc-gift,,aether-paradise,Gladion,false,false,true,,,,,,After becoming Champion,
ghost-memory,sword,npc-gift,,battle-tower-galar,League Staff member,false,false,true,,,,,,,
ghost-memory,ultra-moon,npc-gift,,ancient-poni-path,Wicke,false,false,true,,,,,,After becoming Champion,
ghost-memory,ultra-sun,npc-gift,,ancient-poni-path,Wicke,false,false,true,,,,,,After becoming Champion,
ghost-tera-shard,scarlet,tournament,,,Academy Ace Tournament,true,false,false,,,,,,,
ghost-tera-shard,scarlet,overworld,visible,area-zero,,false,false,true,,,,,,,
ghost-tera-shard,scarlet,tournament,,,Ogre Oustin',true,false,false,,,,,,The Teal Mask,
ghost-tera-shard,violet,tera-raid,,,Tera Raid Battles (3★ onwards),true,false,false,,,,,,,
ghost-tera-shard,violet,overworld,visible,glaseado-mountain,,false,false,true,,,,,,,
ghost-tera-shard,violet,item-printer,item-printer,,Blueberry Academy,true,false,false,,,,,,The Indigo Disk,
ghostium-z,moon,story,,alola-route-14,Reward for completing Acerola's trial,false,false,true,,,,,,,
ghostium-z,sun,story,,alola-route-14,Reward for completing Acerola's trial,false,false,true,,,,,,,
ghostium-z,ultra-moon,story,,alola-route-14,Reward for completing Acerola's trial,false,false,true,,,,,,,
ghostium-z,ultra-sun,story,,alola-route-14,Reward for completing Acerola's trial,false,false,true,,,,,,,
gigantamix,shield,raid,max-raid,,Max Raid Battles (all levels),true,false,false,,,,,,,
gigantamix,shield,exchange,watts,snowslide-slope,Watt Trader (Highlight Item),true,false,true,,,2480,watts,,The Crown Tundra,
gigantamix,sword,raid,max-raid,,Max Raid Battles (all levels),true,false,false,,,,,,,
gigantamix,sword,exchange,watts,snowslide-slope,Watt Trader (Highlight Item),true,false,true,,,2480,watts,,The Crown Tundra,
gigaton-ball,legends-arceus,event,,,"Ultra, Gigaton and Jet Balls event",false,false,true,,,,,,,
gigaton-ball,legends-arceus,crafting,recipe,,"Crafting using 1 Apricorn, 2 Black Tumblestones, and 2 Iron Chunks",true,false,true,,,,,,,
gigaton-ball,legends-arceus,shop,vendor,,Ginkgo Guild cart (Ginter),true,false,false,20,,,,,Randomly sold,
glalitite,alpha-sapphire,overworld,visible,shoal-cave,,false,false,true,,,,,,,
glalitite,legends-za,exchange,,quasartico-inc-building,,false,false,true,,,240,,,After completing Main Mission 14: Reaching Rank E,Requires Mega Shards.
glalitite,moon,exchange,,battle-tree,,true,false,true,,,64,battle-points,,,
glalitite,omega-ruby,overworld,visible,shoal-cave,,false,false,true,,,,,,,
glalitite,sun,exchange,,battle-tree,,true,false,true,,,64,battle-points,,,
glalitite,ultra-moon,exchange,,battle-tree,,true,false,true,,,64,battle-points,,,
glalitite,ultra-sun,exchange,,battle-tree,,true,false,true,,,64,battle-points,,,
glastrier-treat,scarlet,npc-gift,,blueberry-academy,Blueberry Academy entrance (from Snacksworth),false,false,true,,,,,,After completing 10 solo Blueberry Quests,
glastrier-treat,violet,npc-gift,,blueberry-academy,Blueberry Academy entrance (from Snacksworth),false,false,true,,,,,,After completing one group Blueberry Quest,
glimmering-charm,scarlet,npc-gift,,revelers-road,From Jacq,false,false,true,,,,,,After obtaining all Pokémon in the Kitakami Pokédex,Available in The Teal Mask.
glimmering-charm,violet,npc-gift,,revelers-road,From Jacq,false,false,true,,,,,,After obtaining all Pokémon in the Kitakami Pokédex,Available in The Teal Mask.
glimmoranite,legends-za,story,,,Obtained upon calming down Rogue Mega Glimmora in a 4-star unknown hyperspace distortion,false,false,true,,,,,,,
glitter-mail,emerald,npc-gift,,lilycove-city,Quiz Lady,false,false,true,,,,,,,
glitter-mail,firered,exchange,,,Trade,true,false,true,,,,,,,
glitter-mail,leafgreen,exchange,,,Trade,true,false,true,,,,,,,
glitter-mail,ruby,story,,trick-house,Trick House reward,false,false,true,,,,,,,
glitter-mail,sapphire,wild-pokemon,,fortree-city,Held by in-game trade Skitty,false,false,true,,,,,,,
go-goggles,alpha-sapphire,npc-gift,,lavaridge-town,From May or Brendan,false,false,true,,,,,heat-badge,After obtaining the Heat Badge,
go-goggles,emerald,npc-gift,,lavaridge-town,From May or Brendan,false,false,true,,,,,heat-badge,After obtaining the Heat Badge,
go-goggles,omega-ruby,npc-gift,,lavaridge-town,From May or Brendan,false,false,true,,,,,heat-badge,After obtaining the Heat Badge,
go-goggles,ruby,npc-gift,,lavaridge-town,From May or Brendan,false,false,true,,,,,heat-badge,After obtaining the Heat Badge,
go-goggles,sapphire,npc-gift,,lavaridge-town,From May or Brendan,false,false,true,,,,,heat-badge,After obtaining the Heat Badge,
gold-berry,crystal,overworld,visible,ruins-of-alph,,false,false,true,,,,,,,
gold-berry,crystal,contest,,national-park,Bug-Catching Contest third prize,true,false,false,,,,,,,
gold-berry,gold,overworld,visible,ruins-of-alph,,false,false,true,,,,,,,
gold-berry,gold,event,,,Mystery Gift,true,false,false,,,,,,,
gold-berry,gold,contest,,national-park,Bug-Catching Contest third prize,true,false,false,,,,,,,
gold-berry,silver,overworld,visible,ruins-of-alph,,false,false,true,,,,,,,
gold-berry,silver,contest,,national-park,Bug-Catching Contest third prize,true,false,false,,,,,,,
gold-bottle,scarlet,shop,specialty-shop,levincia,Picnic-Knacks (Levincia Branch),true,false,true,,,30000,pokedollars,,,
gold-bottle,violet,shop,specialty-shop,levincia,Picnic-Knacks (Levincia Branch),true,false,true,,,30000,pokedollars,,,
gold-canari-plush-lv-1,legends-za,exchange,,racine-construction,Colorful Screw Exchange,true,false,true,,,3,,,,Requires Colorful Screws
gold-canari-plush-lv-2,legends-za,exchange,,racine-construction,Colorful Screw Exchange,true,false,true,,,5,,,,Requires Colorful Screws
gold-canari-plush-lv-3,legends-za,exchange,,racine-construction,Colorful Screw Exchange,true,false,true,,,8,,,,Requires Colorful Screws
gold-cup,scarlet,shop,specialty-shop,levincia,Picnic-Knacks (Levincia Branch),true,false,true,,,15000,pokedollars,,,
gold-cup,violet,shop,specialty-shop,levincia,Picnic-Knacks (Levincia Branch),true,false,true,,,15000,pokedollars,,,
gold-leaf,crystal,wild-pokemon,,,Held by various Generation I Pokémon,true,false,false,,,,,,,
gold-leaf,gold,wild-pokemon,,,Held by various Generation I Pokémon,true,false,false,,,,,,,
gold-leaf,lets-go-eevee,npc-gift,,,Gift from Partner Eevee,true,false,true,,,,,,,
gold-leaf,lets-go-pikachu,npc-gift,,,Gift from Partner Pikachu,true,false,true,,,,,,,
gold-leaf,silver,wild-pokemon,,,Held by various Generation I Pokémon,true,false,false,,,,,,,
gold-pick,scarlet,shop,specialty-shop,,Artisan Bakery,true,false,true,,,400,pokedollars,,,
gold-pick,violet,shop,specialty-shop,,Artisan Bakery,true,false,true,,,400,pokedollars,,,
gold-teeth,blue,overworld,visible,safari-zone-kanto-area-3,,false,false,true,,,,,,,
gold-teeth,firered,overworld,visible,safari-zone-kanto-area-3,,false,false,true,,,,,,,
gold-teeth,green,overworld,visible,safari-zone-kanto-area-3,,false,false,true,,,,,,,
gold-teeth,leafgreen,overworld,visible,safari-zone-kanto-area-3,,false,false,true,,,,,,,
gold-teeth,lets-go-eevee,npc-gift,,route-19-kanto,Jessie,false,false,true,,,,,,,
gold-teeth,lets-go-pikachu,npc-gift,,route-19-kanto,Jessie,false,false,true,,,,,,,
gold-teeth,red,overworld,visible,safari-zone-kanto-area-3,,false,false,true,,,,,,,
gold-teeth,yellow,overworld,visible,safari-zone-kanto-area-3,,false,false,true,,,,,,,
golden-nanab-berry,lets-go-eevee,walking-pokemon,,route-14-kanto,,true,false,false,,,,,,,
golden-nanab-berry,lets-go-eevee,overworld,recurring,route-15-kanto,Hidden recurring item,true,true,true,,,,,,,
golden-nanab-berry,lets-go-eevee,overworld,recurring,cerulean-cave,Hidden recurring item,true,true,true,,,,,,,
golden-nanab-berry,lets-go-eevee,walking-pokemon,,route-07-kanto,,true,false,false,,,,,,,
golden-nanab-berry,lets-go-eevee,walking-pokemon,,route-17-kanto,,true,false,false,,,,,,,
golden-nanab-berry,lets-go-eevee,achievement,,,Capture reward,true,false,false,,,,,,,
golden-nanab-berry,lets-go-pikachu,walking-pokemon,,route-07-kanto,,true,false,false,,,,,,,
golden-nanab-berry,lets-go-pikachu,walking-pokemon,,route-17-kanto,,true,false,false,,,,,,,
golden-nanab-berry,lets-go-pikachu,overworld,recurring,cerulean-cave,Hidden recurring item,true,true,true,,,,,,,
golden-nanab-berry,lets-go-pikachu,walking-pokemon,,route-14-kanto,,true,false,false,,,,,,,
golden-nanab-berry,lets-go-pikachu,achievement,,,Capture reward,true,false,false,,,,,,,
golden-nanab-berry,lets-go-pikachu,overworld,recurring,route-15-kanto,Hidden recurring item,true,true,true,,,,,,,
golden-pinap-berry,lets-go-eevee,walking-pokemon,,route-17-kanto,,true,false,false,,,,,,,
golden-pinap-berry,lets-go-eevee,achievement,,,Capture reward,true,false,false,,,,,,,
golden-pinap-berry,lets-go-eevee,overworld,recurring,route-13-kanto,Hidden recurring item,true,true,true,,,,,,,
golden-pinap-berry,lets-go-eevee,overworld,recurring,cerulean-cave,Hidden recurring item,true,true,true,,,,,,,
golden-pinap-berry,lets-go-eevee,walking-pokemon,,route-08-kanto,,true,false,false,,,,,,,
golden-pinap-berry,lets-go-eevee,walking-pokemon,,route-15-kanto,,true,false,false,,,,,,,
golden-pinap-berry,lets-go-pikachu,walking-pokemon,,route-15-kanto,,true,false,false,,,,,,,
golden-pinap-berry,lets-go-pikachu,achievement,,,Capture reward,true,false,false,,,,,,,
golden-pinap-berry,lets-go-pikachu,overworld,recurring,cerulean-cave,Hidden recurring item,true,true,true,,,,,,,
golden-pinap-berry,lets-go-pikachu,walking-pokemon,,route-17-kanto,,true,false,false,,,,,,,
golden-pinap-berry,lets-go-pikachu,walking-pokemon,,route-08-kanto,,true,false,false,,,,,,,
golden-pinap-berry,lets-go-pikachu,overworld,recurring,route-13-kanto,Hidden recurring item,true,true,true,,,,,,,
golden-razz-berry,lets-go-eevee,overworld,recurring,cerulean-cave,Hidden item,true,true,true,,,,,,,
golden-razz-berry,lets-go-pikachu,walking-pokemon,,route-11-kanto,,true,false,true,,,,,,,
golden-razz-berry,lets-go-pikachu,walking-pokemon,,route-18-kanto,,true,false,true,,,,,,,
golden-razz-berry,lets-go-pikachu,walking-pokemon,,route-24-kanto,,true,false,true,,,,,,,
golden-razz-berry,lets-go-pikachu,achievement,,,Capture reward,true,false,true,,,,,,,
golden-razz-berry,lets-go-pikachu,overworld,recurring,route-14-kanto,Hidden item,true,true,true,,,,,,,
golisopite,legends-za,story,,,Calming a Rogue Mega Golisopod in a 3-star unknown hyperspace distortion,false,false,true,,,,,,,
golurkite,legends-za,npc-defeat,,,Calming down Rogue Mega Golurk in a 3-star unknown hyperspace distortion,false,false,true,,,,,,,
good-rod,brilliant-diamond,npc-gift,,route-209-sinnoh,Fisher near the Hearthome City gate,false,false,true,,,,,,,
good-rod,diamond,npc-gift,,route-209-sinnoh,Fisherman near the Hearthome City gate,false,false,true,,,,,,,
good-rod,gold,npc-gift,,olivine-city,Fisherman north of the Pokémon Center,false,false,true,,,,,,,
good-rod,red,npc-gift,,fuchsia-city,Fuchsia City Fishing Guru,false,false,true,,,,,,,
good-rod,ruby,npc-gift,,hoenn-route-118,Fisherman on the eastern shore,false,false,true,,,,,,,
good-rod,x,npc-gift,,coumarine-city,Fisherman at the marina,false,false,true,,,,,,,
gooey-mulch,diamond,npc-gift,,route-208-sinnoh,Berry Master's house,true,false,true,,,,,,,
gooey-mulch,heartgold,shop,specialty-shop,goldenrod-city,Goldenrod Flower Shop,true,false,true,,,200,pokedollars,,After acquiring the Berry Pots,
gooey-mulch,pearl,npc-gift,,route-208-sinnoh,Berry Master's house,true,false,true,,,,,,,
gooey-mulch,platinum,npc-gift,,route-208-sinnoh,Berry Master's house,true,false,true,,,,,,,
gooey-mulch,soulsilver,shop,specialty-shop,goldenrod-city,Goldenrod Flower Shop,true,false,true,,,200,pokedollars,,After acquiring the Berry Pots,
gorgeous-box,crystal,transfer,,,Held by Pokémon won in Round 2 of Pokémon Stadium when traded,true,false,false,,,,,,Win Round 2 in Pokémon Stadium and trade,
gorgeous-box,crystal,transfer,,,Held by Amnesia Psyduck from Pokémon Stadium when traded,false,false,true,,,,,,Trade from Pokémon Stadium,
gorgeous-box,gold,transfer,,,Held by Amnesia Psyduck from Pokémon Stadium when traded,false,false,true,,,,,,Trade from Pokémon Stadium,
gorgeous-box,gold,transfer,,,Held by Pokémon won in Round 2 of Pokémon Stadium when traded,true,false,false,,,,,,Win Round 2 in Pokémon Stadium and trade,
gorgeous-box,silver,transfer,,,Held by Pokémon won in Round 2 of Pokémon Stadium when traded,true,false,false,,,,,,Win Round 2 in Pokémon Stadium and trade,
gorgeous-box,silver,transfer,,,Held by Amnesia Psyduck from Pokémon Stadium when traded,false,false,true,,,,,,Trade from Pokémon Stadium,
gracidea,heartgold,npc-gift,,goldenrod-city,Goldenrod Flower Shop,false,false,true,,,,,,Show a fateful encounter Shaymin,
gracidea,platinum,npc-gift,,floaroma-town,,false,false,true,,,,,,Show a fateful encounter Shaymin,
gracidea,scarlet,auction,,porto-marinada,,true,false,false,,,,,,If the player owns a Shaymin,
gracidea,soulsilver,npc-gift,,goldenrod-city,Goldenrod Flower Shop,false,false,true,,,,,,Show a fateful encounter Shaymin,
gracidea,violet,auction,,porto-marinada,,true,false,false,,,,,,If the player owns a Shaymin,
grain-cake,legends-arceus,request,,,"Reward for completing Request 30: ""A Beautiful Rose...""",false,false,true,5,,,,,,
grain-cake,legends-arceus,crafting,recipe,,,true,false,true,,,,,,,Requires 1 Hearty Grains and 1 Cake-Lure Base.
grain-cake,legends-arceus,overworld,recurring,cobalt-coastlands,Boxes,true,false,false,,,,,,,
grain-cake,legends-arceus,overworld,recurring,coronet-highlands,Boxes,true,false,false,,,,,,,
grain-cake,legends-arceus,shop,vendor,jubilife-village,General store and base camp stores,true,false,true,,,400,pokedollars,,"After completing Request 43: ""More New Wares""",
grain-cake,legends-arceus,shop,vendor,ginkgo-guild,Ginkgo Guild cart (Ginter),true,false,false,10,,,,,,Randomly sold.
gram-1,black,npc-gift,,unova-route-13,Old man northeast of Fisherman Jones,false,false,true,,,,,,,
gram-2,black,overworld,visible,unova-route-13,Cliff south of Artist Zach,false,false,true,,,,,,,
gram-3,black,npc-gift,,unova-route-13,Parasol Lady south of Parasol Lady Laura,false,false,true,,,,,,,
grass-gem,black,overworld,recurring,,Dust cloud,true,false,false,,,,,,,
grass-gem,black-2,overworld,recurring,,Dust cloud in various caves,true,false,false,,,,,,,"Chargestone Cave, Mistralton Cave, Clay Tunnel, Twist Mountain, Underground Ruins, Victory Road, Wellspring Cave, Seaside Cave, Giant Chasm"
grass-gem,black-2,overworld,visible,lostlorn-forest,,false,false,true,,,,,,,
grass-gem,dream,dream,,icy-cave,,true,false,false,,,,,,,
grass-gem,white,overworld,recurring,,Dust cloud,true,false,false,,,,,,,
grass-gem,white-2,overworld,visible,accumula-town,If the player chose Snivy,false,false,true,,,,,,If the player chose Snivy,
grass-gem,white-2,overworld,recurring,,Dust cloud in various caves,true,false,false,,,,,,,"Chargestone Cave, Mistralton Cave, Clay Tunnel, Twist Mountain, Underground Ruins, Victory Road, Wellspring Cave, Seaside Cave, Giant Chasm"
grass-mail,diamond,shop,department-store,veilstone-city,Veilstone Department Store,true,false,true,,,50,pokedollars,,,
grass-mail,heartgold,wild-pokemon,,route-35-johto,Held by Webster's Spearow,false,false,true,,,,,,,
grass-mail,heartgold,shop,department-store,goldenrod-city,Goldenrod Department Store,true,false,true,,,50,pokedollars,,,
grass-mail,pearl,shop,department-store,veilstone-city,Veilstone Department Store,true,false,true,,,50,pokedollars,,,
grass-mail,platinum,shop,department-store,veilstone-city,Veilstone Department Store,true,false,true,,,50,pokedollars,,,
grass-mail,soulsilver,shop,department-store,goldenrod-city,Goldenrod Department Store,true,false,true,,,50,pokedollars,,,
grass-mail,soulsilver,wild-pokemon,,route-35-johto,Held by Webster's Spearow,false,false,true,,,,,,,
grass-memory,moon,npc-gift,,aether-paradise,From Gladion after becoming Champion,false,false,true,,,,,,After becoming Champion,
grass-memory,shield,npc-gift,,battle-tower-galar,From a League Staff member,false,false,true,,,,,,,
grass-memory,sun,npc-gift,,aether-paradise,From Gladion after becoming Champion,false,false,true,,,,,,After becoming Champion,
grass-memory,sword,npc-gift,,battle-tower-galar,From a League Staff member,false,false,true,,,,,,,
grass-memory,ultra-moon,npc-gift,,ancient-poni-path,From Wicke after becoming Champion,false,false,true,,,,,,After becoming Champion,
grass-memory,ultra-sun,npc-gift,,ancient-poni-path,From Wicke after becoming Champion,false,false,true,,,,,,After becoming Champion,
grass-tera-shard,scarlet,tournament,,mesagoza,,true,false,false,,,,,,,
grass-tera-shard,scarlet,overworld,visible,south-province-area-six,,false,false,true,,,,,,,
grass-tera-shard,scarlet,tera-raid,tera-raid-3star,,,true,false,false,,,,,,3★ raids or higher,
grass-tera-shard,violet,overworld,visible,south-province-area-six,,false,false,true,,,,,,,
grass-tera-shard,violet,tera-raid,tera-raid-3star,,,true,false,false,,,,,,3★ raids or higher,
grass-tera-shard,violet,tournament,,mesagoza,,true,false,false,,,,,,,
grassium-z,moon,story,,lush-jungle,Reward for completing Mallow's trial,false,false,true,,,,,,,
grassium-z,sun,story,,lush-jungle,Reward for completing Mallow's trial,false,false,true,,,,,,,
grassium-z,ultra-moon,story,,lush-jungle,Reward for completing Mallow's trial,false,false,true,,,,,,,
grassium-z,ultra-sun,story,,lush-jungle,Reward for completing Mallow's trial,false,false,true,,,,,,,
grassy-seed,moon,overworld,visible,malie-garden,,false,false,true,,,,,,,
grassy-seed,sun,overworld,visible,malie-garden,,false,false,true,,,,,,,
grassy-seed,ultra-moon,overworld,visible,alola-route-14,,false,false,true,,,,,,,
grassy-seed,ultra-sun,overworld,visible,alola-route-14,,false,false,true,,,,,,,
great-ball-hisuian,legends-arceus,npc-gift,,jubilife-village,"Reward for completing Request 26: ""Aim for the Big Leagues!""",false,false,true,15,,,,,,
great-ball-hisuian,legends-arceus,crafting,recipe,,"1 Apricorn, 1 Tumblestone, and 1 Iron Chunk",true,false,true,,,,,,,
great-ball-hisuian,legends-arceus,shop,vendor,jubilife-village,General store and base camp stores,true,false,true,,,300,pokedollars,,"After completing Request 43: ""More New Wares""",
great-butter,legends-za,story,,hyperspace-hunting-grounds,"Reward for defeating the Rogue Mega Staraptor during Hyperspace Mission 03: ""Hyperspace Lumiose Survey No. 2""",false,false,true,,,,,,,
green-apricorn,crystal,overworld,recurring,route-42-johto,,true,false,true,,,,,,,
green-apricorn,gold,overworld,recurring,route-42-johto,,true,false,true,,,,,,,
green-apricorn,silver,overworld,recurring,route-42-johto,,true,false,true,,,,,,,
green-bell-pepper,scarlet,shop,vendor,,"Deli Cioso, Aquiesta Supermarket",true,false,true,,,230,pokedollars,,After earning 3 Gym Badges,
green-bell-pepper,scarlet,shop,vendor,,Peachy's,true,false,true,,,230,pokedollars,,After earning 3 Badges,
green-bell-pepper,violet,shop,vendor,,"Deli Cioso, Aquiesta Supermarket",true,false,true,,,230,pokedollars,,After earning 3 Gym Badges,
green-bell-pepper,violet,shop,vendor,,Peachy's,true,false,true,,,230,pokedollars,,After earning 3 Badges,
green-canari-plush-lv-1,legends-za,exchange,,racine-construction,Colorful Screw Exchange,false,false,true,1,,3,,,,Requires Colorful Screws
green-canari-plush-lv-2,legends-za,exchange,,racine-construction,Colorful Screw Exchange,false,false,true,1,,5,,,,Requires Colorful Screws
green-canari-plush-lv-3,legends-za,exchange,,racine-construction,Colorful Screw Exchange,false,false,true,1,,8,,,,Requires Colorful Screws
green-dish,scarlet,story,,mesagoza,Automatically obtained after beginning the Treasure Hunt,false,false,true,,,,,,After beginning the Treasure Hunt,
green-dish,violet,story,,mesagoza,Automatically obtained after beginning the Treasure Hunt,false,false,true,,,,,,After beginning the Treasure Hunt,
green-petal,ultra-moon,npc-gift,,lush-jungle,"During Mina's trial, after defeating Lana",false,false,true,,,,,,During Mina's trial,
green-petal,ultra-sun,npc-gift,,lush-jungle,"During Mina's trial, after defeating Mallow",false,false,true,,,,,,During Mina's trial,
green-poke-ball-pick,scarlet,vending-machine,,,Vending machines (Terarium),true,false,true,,,200,pokedollars,,,
green-poke-ball-pick,scarlet,shop,vendor,,Artisan Bakery,true,false,true,,,200,pokedollars,,,
green-poke-ball-pick,scarlet,shop,vendor,,Peachy's,true,false,true,,,200,pokedollars,,,
green-poke-ball-pick,violet,shop,vendor,,Artisan Bakery,true,false,true,,,200,pokedollars,,,
green-poke-ball-pick,violet,vending-machine,,,Vending machines (Terarium),true,false,true,,,200,pokedollars,,,
green-poke-ball-pick,violet,shop,vendor,,Peachy's,true,false,true,,,200,pokedollars,,,
green-scarf,diamond,npc-gift,,pastoria-city,Scarf Guy,false,false,true,,,,,,Show a Pokémon with Smart stat of 200 or more,
green-scarf,omega-ruby,npc-gift,,slateport-city,Pokémon Fan Club chairman,false,false,true,,,,,,Show a Pokémon with Clever stat of 200 or more,
green-scarf,ruby,npc-gift,,slateport-city,Pokémon Fan Club chairman,false,false,true,,,,,,Show a Pokémon with Smart stat of 200 or more,
greet-mail,black,shop,poke-mart,,Shopping Mall Nine and most Poké Marts,true,false,true,,,50,pokedollars,,"Unavailable in Nimbasa City, Mistralton City, Icirrus City, and the Pokémon League",
greet-mail,black-2,shop,poke-mart,,Shopping Mall Nine and most Poké Marts,true,false,true,,,50,pokedollars,,"Unavailable in Nimbasa City, Mistralton City, Lacunosa Town, Victory Road, Pokémon League, and Striaton City",
greet-mail,white,shop,poke-mart,,Shopping Mall Nine and most Poké Marts,true,false,true,,,50,pokedollars,,"Unavailable in Nimbasa City, Mistralton City, Icirrus City, and the Pokémon League",
greet-mail,white-2,shop,poke-mart,,Shopping Mall Nine and most Poké Marts,true,false,true,,,50,pokedollars,,"Unavailable in Nimbasa City, Mistralton City, Lacunosa Town, Victory Road, Pokémon League, and Striaton City",
greninjite,legends-za,tournament,,,Ranked Battles,false,false,true,,,,,,Reach Rank K in Ranked Battles Season 1 (2025-10-16 to 2025-11-05) or Rank Y in Ranked Battles Season 2 (2025-11-06 to 2025-11-26) or Season 3 (2025-11-27 to 2025-12-18),
grip-claw,diamond,overworld,visible,wayward-cave,,false,false,true,,,,,,,
grip-claw,heartgold,overworld,visible,seafoam-islands,,false,false,true,,,,,,,
grip-claw,pearl,overworld,visible,wayward-cave,,false,false,true,,,,,,,
grip-claw,platinum,overworld,visible,wayward-cave,,false,false,true,,,,,,,
grip-claw,soulsilver,overworld,visible,seafoam-islands,,false,false,true,,,,,,,
griseous-core,legends-arceus,request,,turnback-cave,"Reward for completing Request 91: ""On the Trail of Giratina"" after catching or defeating Giratina",false,false,true,,,,,,,
griseous-core,scarlet,auction,,porto-marinada,Porto Marinada auction,true,false,false,,,,,,If the player owns a Giratina,
griseous-core,violet,auction,,porto-marinada,Porto Marinada auction,true,false,false,,,,,,If the player owns a Giratina,
griseous-orb,black,npc-gift,,marvelous-bridge,Given by the Shadow Triad,false,false,true,,,,,,,
griseous-orb,heartgold,wild-pokemon,,sinjoh-ruins,Held by Giratina,false,false,true,,,,,,,
griseous-orb,platinum,overworld,visible,distortion-world,From Turnback Cave,false,false,true,,,,,,,
griseous-orb,soulsilver,wild-pokemon,,sinjoh-ruins,Held by Giratina,false,false,true,,,,,,,
grit-dust,legends-arceus,tournament,,training-grounds,Random Path of Solitude reward,true,false,false,3,,,,,,
grit-dust,legends-arceus,request,,jubilife-village,"Reward for completing Request 5: ""What It Takes to Be Awesome""",false,false,true,3,,,,,,
grit-dust,legends-arceus,dropped,,,Dropped by wild Pokémon,true,false,false,,,,,,,
grit-dust,legends-arceus,story,,pastures,Obtained after releasing Pokémon,true,false,true,,,,,,,
grit-gravel,legends-arceus,npc-gift,,jubilife-village,"From Lian during Mission 10: ""The Lordless Island""",false,false,true,3,,,,,During Mission 10,
grit-gravel,legends-arceus,request,,,"Reward for completing Request 35: ""Battling with Pachirisu""",false,false,true,,,,,,,
grit-gravel,legends-arceus,request,,,"Reward for completing Request 40: ""The Charm Lost in the Swamp""",false,false,true,,,,,,,
grit-gravel,legends-arceus,request,,jubilife-village,"Reward for completing Request 41: ""An Elegant Tail""",false,false,true,2,,,,,,
grit-gravel,legends-arceus,request,,ginkgo-landing,"Reward for completing Request 56: ""Getting Help from Machoke""",false,false,true,3,,,,,,
grit-gravel,legends-arceus,dropped,,,Dropped by wild Pokémon,true,false,false,,,,,,,
grit-gravel,legends-arceus,dropped,,pastures,After releasing Pokémon,true,false,false,,,,,,,
grit-gravel,legends-arceus,exchange,,training-grounds,Trade 10 Grit Dusts with Zisu,true,false,true,,,10,,,,
grit-pebble,legends-arceus,npc-gift,,jubilife-village,"From Lian during Mission 10: ""The Lordless Island""",false,false,true,2,,,,,During Mission 10,
grit-pebble,legends-arceus,npc-gift,,jubilife-village,From Vessa for collecting 60 wisps,false,false,true,5,,,,,After collecting 60 wisps,
grit-pebble,legends-arceus,request,,pearl-settlement,"Reward for completing Request 84: ""The Bergmite Enthusiast""",false,false,true,3,,,,,After completing Request 84,
grit-pebble,legends-arceus,achievement,,galaxy-hall,From Cyllene for achieving Ninth Star rank,false,false,true,20,,,,,After achieving Ninth Star rank,
grit-pebble,legends-arceus,dropped,,,Dropped by wild Pokémon,true,false,false,,,,,,,
grit-pebble,legends-arceus,dropped,,pastures,After releasing Pokémon,true,false,false,,,,,,,
grit-pebble,legends-arceus,exchange,,training-grounds,Trade 10 Grit Gravels with Zisu,true,false,true,1,,10,,,,Cost is 10 Grit Gravels
grit-pebble,legends-arceus,npc-defeat,,moonview-arena,From Melli for defeating noble Electrode in a rematch without taking damage,true,false,true,3,,,,,Defeat noble Electrode in a rematch without taking damage,
grit-pebble,legends-arceus,npc-defeat,,icepeak-arena,From Gaeric for defeating noble Avalugg in a rematch without taking damage,true,false,true,3,,,,,Defeat noble Avalugg in a rematch without taking damage,
grit-rock,legends-arceus,request,,training-grounds,Reward for completing Request 88: Steely Lucario,false,false,true,,,,,,,
grit-rock,legends-arceus,npc-gift,,jubilife-village,From Vessa for collecting 100 wisps,false,false,true,3,,,,,After collecting 100 wisps,
grit-rock,legends-arceus,request,,galaxy-hall,Reward for completing Request 91: On the Trail of Giratina,false,false,true,,,,,,,
grit-rock,legends-arceus,request,,floaro-gardens,Reward for completing Request 92: A Token of Gratitude,false,false,true,,,,,,,
grit-rock,legends-arceus,request,,oreburrow-tunnel,Reward for completing Request 103: Digging for Tomorrow,false,false,true,,,,,,,
grit-rock,legends-arceus,request,,training-grounds,Reward for completing Request 104: Battling the Security Corps' Secret Weapon,false,false,true,3,,,,,,
grit-rock,legends-arceus,npc-gift,,galaxy-hall,From Cyllene for achieving Full Star rank,false,false,true,10,,,,,After achieving Full Star rank,
grit-rock,legends-arceus,dropped,,,Dropped by wild Pokémon,true,false,false,,,,,,,
grit-rock,legends-arceus,dropped,,pastures,After releasing Pokémon,true,false,false,,,,,,,
grit-rock,legends-arceus,exchange,,training-grounds,Trade 10 Grit Pebbles with Zisu,true,false,true,,,10,,,,Cost is in Grit Pebbles
grit-rock,legends-arceus,tournament,,,Eternal Battle Reverie,true,false,false,,,,,,,
groudon-treat,scarlet,npc-gift,,blueberry-academy-entrance,Snacksworth,false,false,true,,,,,,After completing 10 solo Blueberry Quests,
groudon-treat,violet,npc-gift,,blueberry-academy-entrance,Snacksworth,false,false,true,,,,,,After completing one group Blueberry Quest,
ground-gem,black,overworld,recurring,,Dust clouds,true,false,false,,,,,,,
ground-gem,black,dream,,icy-cave,,true,false,false,,,,,,,
ground-gem,black-2,overworld,recurring,,"Dust clouds (Chargestone Cave, Mistralton Cave, Clay Tunnel, Twist Mountain, Underground Ruins, Victory Road, Wellspring Cave, Seaside Cave, Giant Chasm)",true,false,false,,,,,,,
ground-gem,black-2,overworld,visible,desert-resort,,false,false,true,,,,,,,
ground-gem,white,overworld,recurring,,Dust clouds,true,false,false,,,,,,,
ground-gem,white,dream,,icy-cave,,true,false,false,,,,,,,
ground-gem,white-2,overworld,recurring,,"Dust clouds (Chargestone Cave, Mistralton Cave, Clay Tunnel, Twist Mountain, Underground Ruins, Victory Road, Wellspring Cave, Seaside Cave, Giant Chasm)",true,false,false,,,,,,,
ground-gem,white-2,overworld,visible,desert-resort,,false,false,true,,,,,,,
ground-memory,moon,npc-gift,,aether-paradise,Gladion,false,false,true,,,,,,After becoming Champion,
ground-memory,shield,npc-gift,,battle-tower-galar,League Staff member,false,false,true,,,,,,,
ground-memory,sun,npc-gift,,aether-paradise,Gladion,false,false,true,,,,,,After becoming Champion,
ground-memory,sword,npc-gift,,battle-tower-galar,League Staff member,false,false,true,,,,,,,
ground-memory,ultra-moon,npc-gift,,ancient-poni-path,Wicke,false,false,true,,,,,,After becoming Champion,
ground-memory,ultra-sun,npc-gift,,ancient-poni-path,Wicke,false,false,true,,,,,,After becoming Champion,
ground-tera-shard,scarlet,tournament,,,Academy Ace Tournament,true,false,false,,,,,,,
ground-tera-shard,scarlet,overworld,visible,area-zero,Area Zero; South Province (Area Five),false,false,true,,,,,,,
ground-tera-shard,scarlet,tera-raid,tera-raid-5star,,Tera Raid Battles (3★ onwards),true,false,false,,,,,,,
ground-tera-shard,scarlet,item-printer,,,Item Printer,true,false,false,,,,,,The Indigo Disk,
ground-tera-shard,violet,item-printer,,,Item Printer,true,false,false,,,,,,The Indigo Disk,
ground-tera-shard,violet,tera-raid,tera-raid-5star,,Tera Raid Battles (3★ onwards),true,false,false,,,,,,,
ground-tera-shard,violet,overworld,visible,area-zero,Area Zero; South Province (Area Five),false,false,true,,,,,,,
ground-tera-shard,violet,tournament,,,Academy Ace Tournament,true,false,false,,,,,,,
groundium-z,moon,npc-gift,,vast-poni-canyon,"Hapu, after defeating her in the Poni Island grand trial",false,false,true,,,,,,After completing the Poni Island grand trial,
groundium-z,sun,npc-gift,,vast-poni-canyon,"Hapu, after defeating her in the Poni Island grand trial",false,false,true,,,,,,After completing the Poni Island grand trial,
groundium-z,ultra-moon,npc-gift,,exeggutor-island,"Hapu, after defeating her in the Poni Island grand trial",false,false,true,,,,,,After completing the Poni Island grand trial,
groundium-z,ultra-sun,npc-gift,,exeggutor-island,"Hapu, after defeating her in the Poni Island grand trial",false,false,true,,,,,,After completing the Poni Island grand trial,
growth-mulch,black,exchange,,,Trade,true,false,true,,,,,,,
growth-mulch,black-2,overworld,recurring,,"Hidden Grottoes, Join Avenue Flower Shop",true,false,false,,,,,,,
growth-mulch,diamond,overworld,recurring,route-208-sinnoh,Berry Master's house,true,false,true,,,,,,,
growth-mulch,heartgold,shop,specialty-shop,goldenrod-city,Goldenrod Flower Shop,true,false,true,,,,,,After acquiring the Berry Pots,
growth-mulch,pearl,overworld,recurring,route-208-sinnoh,Berry Master's house,true,false,true,,,,,,,
growth-mulch,platinum,overworld,recurring,route-208-sinnoh,Berry Master's house,true,false,true,,,,,,,
growth-mulch,soulsilver,shop,specialty-shop,goldenrod-city,Goldenrod Flower Shop,true,false,true,,,,,,After acquiring the Berry Pots,
growth-mulch,white,exchange,,,Trade,true,false,true,,,,,,,
growth-mulch,white-2,overworld,recurring,,"Hidden Grottoes, Join Avenue Flower Shop",true,false,false,,,,,,,
grubby-hanky,black-2,npc-gift,,nacrene-city,"Café Warehouse, from a customer (Sunday)",false,false,true,,,,,,,
grubby-hanky,white-2,npc-gift,,nacrene-city,"Café Warehouse, from a customer (Sunday)",false,false,true,,,,,,,
gs-ball,crystal,event,,goldenrod-city,Pokémon Communication Center / Goldenrod City Pokémon Center,false,false,true,,,,,,After entering the Hall of Fame (Virtual Console releases),Originally required a Japanese-only event in cartridge releases.
guidebook,brilliant-diamond,npc-gift,,twinleaf-town,From the player's mother after returning from Sandgem Town,false,false,true,,,,,,,
guidebook,diamond,npc-gift,,twinleaf-town,From the player's mother after returning from Sandgem Town,false,false,true,,,,,,,
guidebook,pearl,npc-gift,,twinleaf-town,From the player's mother after returning from Sandgem Town,false,false,true,,,,,,,
guidebook,platinum,npc-gift,,twinleaf-town,From the player's mother after returning from Sandgem Town,false,false,true,,,,,,,
guidebook,shining-pearl,npc-gift,,twinleaf-town,From the player's mother after returning from Sandgem Town,false,false,true,,,,,,,
gyaradosite,alpha-sapphire,npc-gift,,hoenn-route-123,From Chomper the Poochyena,false,false,true,,,,,,,
gyaradosite,omega-ruby,npc-gift,,hoenn-route-123,From Chomper the Poochyena,false,false,true,,,,,,,
gyaradosite,x,overworld,visible,couriway-town,Requires an upgraded Mega Ring,false,false,true,,,,,,,
gyaradosite,y,overworld,visible,couriway-town,Requires an upgraded Mega Ring,false,false,true,,,,,,,
haban-berry,black-2,overworld,visible,driftveil-city,,false,false,true,,,,,,,
haban-berry,heartgold,mom,,,Bought by player's Mom,true,false,true,,,,,,,
haban-berry,omega-ruby,overworld,visible,hoenn-route-123,,false,false,true,,,,,,,
haban-berry,platinum,wild-pokemon,,,Held by wild Gible and Gabite,true,false,false,,5.0,,,,,
haban-berry,scarlet,overworld,sparkling,socarrat-trail,,true,false,false,,,,,,,
haban-berry,sun,overworld,recurring,poni-wilds,Berry piles,true,false,true,,,,,,,
haban-berry,sword,berry-tree,,lake-of-outrage,,true,false,true,,,,,,,
haban-berry,x,berry-tree,,,Red Berry trees,true,false,true,,,,,,,
ham,scarlet,shop,vendor,aquiesta-supermarket,,true,false,true,,,170,pokedollars,,,
ham,scarlet,shop,vendor,,Peachy's,true,false,true,,,170,pokedollars,,,
ham,scarlet,shop,vendor,,,true,false,true,,,170,pokedollars,,,
ham,violet,shop,vendor,,Peachy's,true,false,true,,,170,pokedollars,,,
ham,violet,shop,vendor,,,true,false,true,,,170,pokedollars,,,
ham,violet,shop,vendor,aquiesta-supermarket,,true,false,true,,,170,pokedollars,,,
hamburger,scarlet,shop,specialty-shop,,Deli Cioso,true,false,true,,,380,pokedollars,,After earning 2 Gym Badges,
hamburger,scarlet,vending-machine,,terarium,Vending machines,true,false,true,,,,,,The Indigo Disk,
hamburger,violet,shop,specialty-shop,,Deli Cioso,true,false,true,,,380,pokedollars,,After earning 2 Gym Badges,
hamburger,violet,vending-machine,,terarium,Vending machines,true,false,true,,,,,,The Indigo Disk,
harbor-mail,emerald,shop,poke-mart,slateport-city,Poké Mart,true,false,true,,,50,pokedollars,,,
harbor-mail,firered,exchange,,,Trade,true,false,true,,,,,,,
harbor-mail,leafgreen,exchange,,,Trade,true,false,true,,,,,,,
harbor-mail,ruby,shop,poke-mart,slateport-city,Poké Mart,true,false,true,,,50,pokedollars,,,
harbor-mail,ruby,overworld,visible,abandoned-ship,,false,false,true,,,,,,,
harbor-mail,ruby,overworld,visible,trick-house,,false,false,true,,,,,,,
harbor-mail,sapphire,shop,poke-mart,slateport-city,Poké Mart,true,false,true,,,50,pokedollars,,,
hasty-mint,brilliant-diamond,exchange,,,Battle Park,true,false,true,,,50,battle-points,,,
hasty-mint,legends-arceus,harvest,,,Farm mint harvest,true,false,false,,,,,,,
hasty-mint,scarlet,shop,vendor,,Chansey Supply,true,false,true,,,20000,pokedollars,,After earning 6 Gym Badges,
hasty-mint,scarlet,tournament,,,Academy Ace Tournament,true,false,false,,,,,,,
hasty-mint,scarlet,tera-raid,tera-raid-5star,,,true,false,false,,,,,,,
hasty-mint,shield,exchange,,,Battle Tower,true,false,true,,,50,battle-points,,,
hasty-mint,sword,overworld,recurring,soothing-wetlands,Hidden item,true,true,true,,,,,,The Isle of Armor,
hasty-mint,sword,overworld,recurring,giants-bed,Hidden item,true,true,true,,,,,,The Crown Tundra,
hasty-mint,sword,exchange,,,Battle Tower,true,false,true,,,50,battle-points,,,
hawluchanite,legends-za,npc-defeat,,,"Rogue Mega Hawlucha (Main Mission 17: ""A Rogue Mega Hawlucha"")",false,false,true,,,,,,,
health-candy,lets-go-eevee,overworld,visible,celadon-condominiums,,false,false,true,,,,,,,
health-candy,lets-go-eevee,overworld,recurring,pokemon-mansion-kanto,,true,true,true,,,,,,,Hidden recurring item
health-candy,lets-go-pikachu,overworld,visible,celadon-condominiums,,false,false,true,,,,,,,
health-candy,lets-go-pikachu,overworld,recurring,celadon-game-corner,,true,true,true,,,,,,,Hidden recurring item
health-candy,lets-go-pikachu,transfer,,go-park,,true,false,true,,,,,,,
health-candy-l,lets-go-eevee,overworld,recurring,celadon-game-corner,Hidden recurring item,true,true,true,,,,,,,
health-candy-l,lets-go-eevee,wild-pokemon,,,Catch or transfer certain Pokémon,true,false,false,,,,,,,"Obtained by catching or transferring specific Pokémon such as Caterpie, Chansey, Snorlax, or Mew."
health-candy-l,lets-go-eevee,event,,,Poké Ball Plus,true,false,true,,,,,,,
health-candy-l,lets-go-pikachu,event,,,Poké Ball Plus,true,false,true,,,,,,,
health-candy-l,lets-go-pikachu,overworld,recurring,celadon-game-corner,Hidden recurring item,true,true,true,,,,,,,
health-candy-l,lets-go-pikachu,wild-pokemon,,,Catch or transfer certain Pokémon,true,false,false,,,,,,,"Obtained by catching or transferring specific Pokémon such as Caterpie, Chansey, Snorlax, or Mew."
health-candy-xl,lets-go-eevee,transfer,,,Transfer or catch specific Pokémon,true,false,true,,,,,,,"Obtained by catching or transferring certain Pokémon such as Caterpie, Chansey, Snorlax, or Mew."
health-candy-xl,lets-go-eevee,overworld,recurring,celadon-game-corner,,true,true,true,,,,,,,
health-candy-xl,lets-go-pikachu,overworld,recurring,celadon-game-corner,,true,true,true,,,,,,,
health-candy-xl,lets-go-pikachu,transfer,,,Transfer or catch specific Pokémon,true,false,true,,,,,,,"Obtained by catching or transferring certain Pokémon such as Caterpie, Chansey, Snorlax, or Mew."
health-mochi,scarlet,contest,,,Ogre Oustin',true,false,false,,,,,,,
health-mochi,violet,contest,,,Ogre Oustin',true,false,false,,,,,,,
heart-mail,diamond,shop,poke-mart,hearthome-city,Poké Mart,true,false,true,,,50,pokedollars,,,
heart-mail,heartgold,shop,poke-mart,olivine-city,Poké Mart,true,false,true,,,50,pokedollars,,,
heart-mail,heartgold,overworld,recurring,mt-moon-square,,true,false,true,,,,,,,
heart-mail,pearl,shop,poke-mart,hearthome-city,Poké Mart,true,false,true,,,50,pokedollars,,,
heart-mail,platinum,shop,poke-mart,hearthome-city,Poké Mart,true,false,true,,,50,pokedollars,,,
heart-mail,soulsilver,overworld,recurring,mt-moon-square,,true,false,true,,,,,,,
heart-mail,soulsilver,shop,poke-mart,olivine-city,Poké Mart,true,false,true,,,50,pokedollars,,,
hearthflame-mask,scarlet,story,,dreaded-den,After capturing Ogerpon,false,false,true,,,,,,After capturing Ogerpon,
hearthflame-mask,violet,story,,dreaded-den,After capturing Ogerpon,false,false,true,,,,,,After capturing Ogerpon,
hearty-grains,legends-arceus,overworld,recurring,coronet-highlands,Recurring item locations,true,false,true,,,,,,,
hearty-grains,legends-arceus,dropped,,,Dropped by wild Budew,true,false,false,,,,,,,
hearty-grains,legends-arceus,dropped,,,Dropped by wild Roselia,true,false,false,,,,,,,
hearty-grains,legends-arceus,dropped,,,Dropped by wild Roserade,true,false,false,,,,,,,
hearty-grains,legends-arceus,dropped,,,Dropped by wild Yanma,true,false,false,,,,,,,
hearty-grains,legends-arceus,dropped,,,Dropped by wild Yanmega,true,false,false,,,,,,,
hearty-grains,legends-arceus,harvest,,,Farm (vegetable harvest),true,false,true,,,,,,,
hearty-grains,legends-arceus,crafting,craftworks,,Craftworks,true,false,true,,,,,,,
hearty-grains,legends-arceus,overworld,recurring,crimson-mirelands,Recurring item locations,true,false,true,,,,,,,
heat-rock,black,overworld,recurring,unova-route-08,"Once per day, daytime",true,false,true,,,,,,Daytime only,Daily item
heat-rock,diamond,mining,,underground,Underground,true,false,false,,,,,,,
heat-rock,pearl,mining,,underground,Underground,true,false,false,,,,,,,
heat-rock,platinum,mining,,underground,Underground,true,false,false,,,,,,,
heat-rock,scarlet,shop,vendor,cascarrafa,Delibird Presents,true,false,true,,,8000,pokedollars,,After earning 4 Gym Badges,
heat-rock,violet,overworld,sparkling,east-province-area-three,Sparkling overworld item,true,false,false,,,,,,,
heat-rock,white,overworld,recurring,unova-route-08,"Once per day, daytime",true,false,true,,,,,,Daytime only,Daily item
heatranite,legends-za,story,,,"Hyperspace Mission 09: ""Hyperspace Lumiose Survey No. 5""",false,false,true,,,,,,After defeating and catching the Rogue Mega Heatran,
heavy-ball,crystal,crafting,apricorn,azalea-town,Kurt (Black Apricorn),true,false,true,,,,,,,
heavy-ball,gold,crafting,apricorn,azalea-town,Kurt (Black Apricorn),true,false,true,,,,,,,
heavy-ball,legends-arceus,shop,vendor,,General store and base camp stores,true,false,true,,,120,pokedollars,,After completing Request 23: Getting Ahold of New Wares,
heavy-ball,legends-arceus,shop,vendor,,Ginkgo Guild cart (Ginter),true,false,false,30,,,pokedollars,,,Randomly sold.
heavy-ball,legends-arceus,request,,,Reward for completing Request 36: Watering with Care,false,false,true,15,,,,,,
heavy-ball,legends-arceus,crafting,recipe,,Crafting with 1 Apricorn and 1 Black Tumblestone,true,false,true,,,,,,,
heavy-ball,silver,crafting,apricorn,azalea-town,Kurt (Black Apricorn),true,false,true,,,,,,,
heavy-duty-boots,scarlet,shop,specialty-shop,levincia,Delibird Presents (Levincia Branch),true,false,true,,,20000,pokedollars,,After earning 4 Gym Badges,
heavy-duty-boots,scarlet,crafting,item-printer,,Item Printer,true,false,false,,,,,,The Indigo Disk,
heavy-duty-boots,shield,overworld,visible,galar-mine,,false,false,true,,,,,,,
heavy-duty-boots,shield,overworld,visible,tunnel-to-the-top,,false,false,true,,,,,,The Crown Tundra,
heavy-duty-boots,sword,overworld,visible,galar-mine,,false,false,true,,,,,,,
heavy-duty-boots,sword,overworld,visible,tunnel-to-the-top,,false,false,true,,,,,,The Crown Tundra,
heavy-duty-boots,violet,shop,specialty-shop,levincia,Delibird Presents (Levincia Branch),true,false,true,,,20000,pokedollars,,After earning 4 Gym Badges,
heavy-duty-boots,violet,crafting,item-printer,,Item Printer,true,false,false,,,,,,The Indigo Disk,
helix-fossil,diamond,mining,,underground,After obtaining the National Pokédex,true,false,false,,,,,,After obtaining the National Pokédex,
helix-fossil,red,choice,,mt-moon,Choice between Helix Fossil and Dome Fossil,false,false,true,,,,,,,
helix-fossil,ultra-sun,shop,vendor,konikoni-city,Olivia's jewelry shop,true,false,true,,,,,,,
heracronite,alpha-sapphire,overworld,visible,hoenn-route-127,,false,false,true,,,,,,,
heracronite,legends-za,exchange,,quasartico-inc-building,,false,false,true,,,240,,,,Requires Mega Shards
heracronite,omega-ruby,overworld,visible,hoenn-route-127,,false,false,true,,,,,,,
heracronite,ultra-moon,exchange,,battle-tree,,true,false,true,,,64,battle-points,,,
heracronite,ultra-sun,exchange,,battle-tree,,true,false,true,,,64,battle-points,,,
heracronite,x,event,,,,false,false,true,,,,,,,
heracronite,y,overworld,visible,santalune-forest,Requires upgraded Mega Ring,false,false,true,,,,,,,
herbed-sausage,scarlet,shop,specialty-shop,,Deli Cioso,true,false,true,,,400,pokedollars,,After earning 6 Gym Badges,
herbed-sausage,scarlet,auction,,porto-marinada,Auction,true,false,false,,,,pokedollars,,,
herbed-sausage,scarlet,shop,specialty-shop,,Peachy's,true,false,true,,,400,pokedollars,,After earning 6 Badges,
herbed-sausage,violet,auction,,porto-marinada,Auction,true,false,false,,,,pokedollars,,,
herbed-sausage,violet,shop,specialty-shop,,Deli Cioso,true,false,true,,,400,pokedollars,,After earning 6 Gym Badges,
herbed-sausage,violet,shop,specialty-shop,,Peachy's,true,false,true,,,400,pokedollars,,After earning 6 Badges,
heroic-sword-pick,scarlet,shop,vendor,,Artisan Bakery,true,false,true,,,2000,pokedollars,,,
heroic-sword-pick,violet,shop,vendor,,Artisan Bakery,true,false,true,,,2000,pokedollars,,,
hi-tech-earbuds,shield,npc-gift,,motostoke,Man in front of the record shop,false,false,true,,,,,,,
hi-tech-earbuds,sword,npc-gift,,motostoke,Man in front of the record shop,false,false,true,,,,,,,
hm01,blue,hm-tm-reward,,ss-anne,Captain of the S.S. Anne,false,false,true,,,,,cascade-badge,,
hm01,crystal,hm-tm-reward,,ilex-forest,,false,false,true,,,,,hive-badge,,
hm01,gold,hm-tm-reward,,ilex-forest,,false,false,true,,,,,hive-badge,,
hm01,red,hm-tm-reward,,ss-anne,Captain of the S.S. Anne,false,false,true,,,,,cascade-badge,,
hm01,silver,hm-tm-reward,,ilex-forest,,false,false,true,,,,,hive-badge,,
hm01,yellow,hm-tm-reward,,ss-anne,Captain of the S.S. Anne,false,false,true,,,,,cascade-badge,,
hm02,blue,npc-gift,,route-16-kanto,,false,false,true,,,,,thunder-badge,,
hm02,red,npc-gift,,route-16-kanto,,false,false,true,,,,,thunder-badge,,
hm02,yellow,npc-gift,,route-16-kanto,,false,false,true,,,,,thunder-badge,,
hm03,red,npc-gift,,safari-zone-kanto,,false,false,true,,,,,soul-badge,,
hm04,blue,npc-gift,,fuchsia-city,,false,false,true,,,,,rainbow-badge,,
hm04,crystal,npc-gift,,olivine-city,,false,false,true,,,,,plain-badge,,
hm04,gold,npc-gift,,olivine-city,,false,false,true,,,,,plain-badge,,
hm04,red,npc-gift,,fuchsia-city,,false,false,true,,,,,rainbow-badge,,
hm04,silver,npc-gift,,olivine-city,,false,false,true,,,,,plain-badge,,
hm04,yellow,npc-gift,,fuchsia-city,,false,false,true,,,,,rainbow-badge,,
hm05,blue,overworld,visible,route-02-kanto,,false,false,true,,,,,boulder-badge,,
hm05,red,overworld,visible,route-02-kanto,,false,false,true,,,,,boulder-badge,,
hm05,yellow,overworld,visible,route-02-kanto,,false,false,true,,,,,boulder-badge,,
hm06,alpha-sapphire,npc-gift,,mauville-city,,false,false,true,,,,,dynamo-badge,,
hm06,black,npc-gift,,undella-town,,false,false,true,,,,,,,
hm06,black-2,npc-gift,,undella-town,,false,false,true,,,,,,,
hm06,crystal,npc-gift,,team-rocket-hideout,,false,false,true,,,,,glacier-badge,,
hm06,diamond,npc-gift,,oreburgh-gate,,false,false,true,,,,,coal-badge,,
hm06,emerald,npc-gift,,mauville-city,,false,false,true,,,,,dynamo-badge,,
hm06,firered,npc-gift,,ember-spa,,false,false,true,,,,,marsh-badge,,
hm06,gold,npc-gift,,team-rocket-hideout,,false,false,true,,,,,glacier-badge,,
hm06,heartgold,npc-gift,,route-36-johto,,false,false,true,,,,,zephyr-badge,,
hm06,leafgreen,npc-gift,,ember-spa,,false,false,true,,,,,marsh-badge,,
hm06,omega-ruby,npc-gift,,mauville-city,,false,false,true,,,,,dynamo-badge,,
hm06,pearl,npc-gift,,oreburgh-gate,,false,false,true,,,,,coal-badge,,
hm06,platinum,npc-gift,,oreburgh-gate,,false,false,true,,,,,coal-badge,,
hm06,ruby,npc-gift,,mauville-city,,false,false,true,,,,,dynamo-badge,,
hm06,sapphire,npc-gift,,mauville-city,,false,false,true,,,,,dynamo-badge,,
hm06,silver,npc-gift,,team-rocket-hideout,,false,false,true,,,,,glacier-badge,,
hm06,soulsilver,npc-gift,,route-36-johto,,false,false,true,,,,,zephyr-badge,,
hm06,white,npc-gift,,undella-town,,false,false,true,,,,,,,
hm06,white-2,npc-gift,,undella-town,,false,false,true,,,,,,,
hm07,alpha-sapphire,hm-tm-reward,,mossdeep-city,,false,false,true,,,,,mind-badge,,
hm07,crystal,hm-tm-reward,,ice-path,,false,false,true,,,,,rising-badge,,
hm07,diamond,hm-tm-reward,,sunyshore-city,,false,false,true,,,,,beacon-badge,,
hm07,emerald,hm-tm-reward,,sootopolis-city,,false,false,true,,,,,rain-badge,,
hm07,firered,hm-tm-reward,,icefall-cave,,false,false,true,,,,,volcano-badge,,
hm07,gold,hm-tm-reward,,ice-path,,false,false,true,,,,,rising-badge,,
hm07,heartgold,hm-tm-reward,,ice-path,,false,false,true,,,,,rising-badge,,
hm07,leafgreen,hm-tm-reward,,icefall-cave,,false,false,true,,,,,volcano-badge,,
hm07,omega-ruby,hm-tm-reward,,mossdeep-city,,false,false,true,,,,,mind-badge,,
hm07,pearl,hm-tm-reward,,sunyshore-city,,false,false,true,,,,,beacon-badge,,
hm07,platinum,hm-tm-reward,,sunyshore-city,,false,false,true,,,,,beacon-badge,,
hm07,ruby,hm-tm-reward,,cave-of-origin,,false,false,true,,,,,rain-badge,,
hm07,sapphire,hm-tm-reward,,cave-of-origin,,false,false,true,,,,,rain-badge,,
hm07,silver,hm-tm-reward,,ice-path,,false,false,true,,,,,rising-badge,,
hm07,soulsilver,hm-tm-reward,,ice-path,,false,false,true,,,,,rising-badge,,
hm08,diamond,npc-gift,,route-217-sinnoh,,false,false,true,,,,,icicle-badge,,
hm08,emerald,npc-gift,,mossdeep-city,,false,false,true,,,,,mind-badge,,
hm08,heartgold,npc-gift,,professor-oaks-laboratory,,false,false,true,,,,,earth-badge,,
hm08,pearl,npc-gift,,route-217-sinnoh,,false,false,true,,,,,icicle-badge,,
hm08,platinum,npc-gift,,route-217-sinnoh,,false,false,true,,,,,icicle-badge,,
hm08,ruby,npc-gift,,mossdeep-city,,false,false,true,,,,,mind-badge,,
hm08,sapphire,npc-gift,,mossdeep-city,,false,false,true,,,,,mind-badge,,
hm08,soulsilver,npc-gift,,professor-oaks-laboratory,,false,false,true,,,,,earth-badge,,
ho-oh-treat,scarlet,npc-gift,,blueberry-academy-entrance,Snacksworth,false,false,true,,,,,,After completing 10 solo Blueberry Quests (The Indigo Disk),
ho-oh-treat,violet,npc-gift,,blueberry-academy-entrance,Snacksworth,false,false,true,,,,,,After completing one group Blueberry Quest (The Indigo Disk),
hoennian-salt,legends-za,npc-gift,,nouveau-cafe,"Grisham during Hyperspace Mission 12: ""The Greatest Gift""",false,false,true,,,,,,,
holo-caster,x,starting-item,bag,vaniville-town,Automatically obtained at the start of the game,false,false,true,,,,,,,
holo-caster,y,starting-item,bag,vaniville-town,Automatically obtained at the start of the game,false,false,true,,,,,,,
hometown-muffin,legends-arceus,request,,jubilife-village,Given by Floaro after completing Request 48,false,false,true,,,,,,"After giving Floaro 3 Hearty Grains, 2 Hopo Berries, and 1 Razz Berry",
honey-cake,legends-arceus,npc-gift,,jubilife-village,"Reward for completing Request 12: ""A Perfect Pickling Stone""",false,false,true,3,,,,,,
honey-cake,legends-arceus,crafting,recipe,,1 Dazzling Honey and 1 Cake-Lure Base,true,false,true,,,,,,,
honey-cake,legends-arceus,dropped,,cobalt-coastlands,Boxes,true,false,false,,,,,,,
honey-cake,legends-arceus,dropped,,coronet-highlands,Boxes,true,false,false,,,,,,,
honey-cake,legends-arceus,shop,vendor,jubilife-village,General store and base camp stores,true,false,true,,,400,pokedollars,,"After completing Request 23: ""Getting Ahold of New Wares""",
honey-cake,legends-arceus,shop,vendor,,Ginkgo Guild cart (Ginter),true,false,false,10,,,,,,Randomly sold
honor-of-kalos,x,story,,lumiose-city,From Professor Sycamore during the parade after entering the Hall of Fame,false,false,true,,,,,,After entering the Hall of Fame,
honor-of-kalos,y,story,,lumiose-city,From Professor Sycamore during the parade after entering the Hall of Fame,false,false,true,,,,,,After entering the Hall of Fame,
hopo-berry,legends-arceus,berry-tree,,,"Yellow berry trees in Crimson Mirelands, Coronet Highlands, and Alabaster Icelands",true,false,false,,,,,,,
hopo-berry,legends-arceus,harvest,,jubilife-village-farm,Usual berry harvest,true,false,false,,,,,,,
hopo-berry,legends-arceus,shop,vendor,jubilife-village,"Ginkgo Guild cart (Ginter, random)",true,false,false,10,,,,,,
hopo-berry,legends-arceus,shop,vendor,jubilife-village,Ginkgo Guild cart (Tuli),true,false,false,,,,,,,
hopo-berry,legends-arceus,request,,jubilife-village,"Reward for completing Request 29: ""The Search for Bitter Leaves""",false,false,true,5,,,,,,
horseradish,scarlet,shop,vendor,aquiesta-supermarket,Aquiesta Supermarket,true,false,true,,,410,pokedollars,,After earning 6 Gym Badges,
horseradish,scarlet,auction,,porto-marinada,Porto Marinada auction,true,false,false,,,,,,,
horseradish,scarlet,shop,vendor,,Peachy's,true,false,true,,,410,pokedollars,,After earning 6 Gym Badges,Available in The Teal Mask
horseradish,violet,shop,vendor,aquiesta-supermarket,Aquiesta Supermarket,true,false,true,,,410,pokedollars,,After earning 6 Gym Badges,
horseradish,violet,auction,,porto-marinada,Porto Marinada auction,true,false,false,,,,,,,
horseradish,violet,shop,vendor,,Peachy's,true,false,true,,,410,pokedollars,,After earning 6 Gym Badges,Available in The Teal Mask
houndoominite,alpha-sapphire,story,,lavaridge-town,After defeating or capturing Kyogre,false,false,true,,,,,,After Kyogre encounter,
houndoominite,legends-za,exchange,,quasartico-inc-building,180 Mega Shards,false,false,true,,,180,,,,
houndoominite,omega-ruby,story,,lavaridge-town,After defeating or capturing Groudon,false,false,true,,,,,,After Groudon encounter,
houndoominite,ultra-moon,exchange,,battle-tree,64 BP,true,false,true,,,64,battle-points,,,
houndoominite,ultra-sun,exchange,,battle-tree,64 BP,true,false,true,,,64,battle-points,,,
houndoominite,x,exchange,,,Trade,true,false,true,,,,,,,
houndoominite,y,overworld,visible,kalos-route-16,Requires upgraded Mega Ring,false,false,true,,,,,,After obtaining an upgraded Mega Ring,
hyper-aspear-berry,legends-za,overworld,recurring,hyperspace-lumiose,,true,false,true,,,,,,,
hyper-babiri-berry,legends-za,overworld,,hyperspace-lumiose,,true,false,true,,,,,,,
hyper-charti-berry,legends-za,overworld,recurring,hyperspace-lumiose,,true,false,true,,,,,,,
hyper-cheri-berry,legends-za,overworld,recurring,hyperspace-lumiose,,true,false,true,,,,,,,
hyper-chesto-berry,legends-za,overworld,visible,hyperspace-lumiose,,true,false,true,,,,,,,
hyper-chilan-berry,legends-za,overworld,visible,hyperspace-lumiose,,true,false,true,,,,,,,
hyper-chople-berry,legends-za,overworld,recurring,hyperspace-lumiose,,true,false,true,,,,,,,
hyper-coba-berry,legends-za,overworld,recurring,hyperspace-lumiose,,true,false,true,,,,,,,
hyper-colbur-berry,legends-za,overworld,recurring,hyperspace-lumiose,,true,false,true,,,,,,,
hyper-grepa-berry,legends-za,overworld,recurring,hyperspace-lumiose,,true,false,true,,,,,,,
hyper-haban-berry,legends-za,overworld,recurring,hyperspace-lumiose,,true,false,true,,,,,,,
hyper-hondew-berry,legends-za,overworld,recurring,hyperspace-lumiose,,true,false,true,,,,,,,
hyper-kasib-berry,legends-za,overworld,recurring,hyperspace-lumiose,,true,false,true,,,,,,,
hyper-kebia-berry,legends-za,overworld,recurring,hyperspace-lumiose,,true,false,true,,,,,,,
hyper-kelpsy-berry,legends-za,overworld,recurring,hyperspace-lumiose,,true,false,true,,,,,,,
hyper-lum-berry,legends-za,overworld,recurring,hyperspace-lumiose,,true,false,true,,,,,,,
hyper-occa-berry,legends-za,overworld,recurring,hyperspace-lumiose,,true,false,true,,,,,,,
hyper-oran-berry,legends-za,overworld,recurring,hyperspace-lumiose,,true,false,true,,,,,,,
hyper-passho-berry,legends-za,overworld,recurring,hyperspace-lumiose,,true,false,true,,,,,,,
hyper-payapa-berry,legends-za,overworld,recurring,hyperspace-lumiose,,true,false,true,,,,,,,
hyper-pecha-berry,legends-za,overworld,recurring,hyperspace-lumiose,,true,false,true,,,,,,,
hyper-persim-berry,legends-za,overworld,visible,hyperspace-lumiose,,true,false,true,,,,,,,
hyper-pomeg-berry,legends-za,overworld,recurring,hyperspace-lumiose,,true,false,true,,,,,,,
hyper-qualot-berry,legends-za,overworld,visible,hyperspace-lumiose,,true,false,true,,,,,,,
hyper-rawst-berry,legends-za,overworld,visible,hyperspace-lumiose,,true,false,true,,,,,,,
hyper-rindo-berry,legends-za,overworld,recurring,hyperspace-lumiose,,true,false,true,,,,,,,
hyper-roseli-berry,legends-za,overworld,,hyperspace-lumiose,,true,false,true,,,,,,,
hyper-shuca-berry,legends-za,overworld,recurring,hyperspace-lumiose,,true,false,true,,,,,,,
hyper-sitrus-berry,legends-za,overworld,recurring,hyperspace-lumiose,,true,false,true,,,,,,,
hyper-tamato-berry,legends-za,overworld,recurring,hyperspace-lumiose,,true,false,true,,,,,,,
hyper-tanga-berry,legends-za,overworld,visible,hyperspace-lumiose,,true,false,true,,,,,,,
hyper-wacan-berry,legends-za,overworld,recurring,hyperspace-lumiose,,true,false,true,,,,,,,
hyper-yache-berry,legends-za,overworld,recurring,hyperspace-lumiose,,true,false,true,,,,,,,
hyperspace-butter,legends-za,npc-defeat,,hyperspace-infernal-arena,"After defeating the Rogue Mega Heatran during Hyperspace Mission 09: ""Hyperspace Lumiose Survey No. 5""",false,false,true,,,,,,,
ice-berry,crystal,event,,,Mystery Gift,true,false,false,,,,,,,
ice-berry,crystal,berry-tree,,pewter-city,,true,false,true,,,,,,,
ice-berry,crystal,berry-tree,,route-26-kanto,,true,false,true,,,,,,,
ice-berry,crystal,berry-tree,,route-36-johto,,true,false,true,,,,,,,
ice-berry,gold,event,,,Mystery Gift,true,false,false,,,,,,,
ice-berry,gold,berry-tree,,pewter-city,,true,false,true,,,,,,,
ice-berry,gold,berry-tree,,route-36-johto,,true,false,true,,,,,,,
ice-berry,gold,berry-tree,,route-36-johto,,true,false,true,,,,,,,
ice-berry,silver,berry-tree,,pewter-city,,true,false,true,,,,,,,
ice-berry,silver,berry-tree,,route-26-kanto,,true,false,true,,,,,,,
ice-berry,silver,berry-tree,,route-36-johto,,true,false,true,,,,,,,
ice-berry,silver,event,,,Mystery Gift,true,false,false,,,,,,,
ice-gem,black,mining,,,Dust cloud,true,false,false,,,,,,,
ice-gem,black-2,overworld,visible,giant-chasm,,false,false,true,,,,,,,
ice-gem,dream,event,,icy-cave,,true,false,false,,,,,,,Pokémon Dream World
ice-gem,white,mining,,,Dust cloud,true,false,false,,,,,,,
ice-gem,white-2,overworld,visible,giant-chasm,,false,false,true,,,,,,,
ice-memory,moon,npc-gift,,aether-paradise,From Gladion,false,false,true,,,,,,After becoming Champion,
ice-memory,shield,npc-gift,,battle-tower-galar,From a League Staff member,false,false,true,,,,,,,
ice-memory,sun,npc-gift,,aether-paradise,From Gladion,false,false,true,,,,,,After becoming Champion,
ice-memory,sword,npc-gift,,battle-tower-galar,From a League Staff member,false,false,true,,,,,,,
ice-memory,ultra-moon,npc-gift,,ancient-poni-path,From Wicke,false,false,true,,,,,,After becoming Champion,
ice-memory,ultra-sun,npc-gift,,ancient-poni-path,From Wicke,false,false,true,,,,,,After becoming Champion,
ice-tera-shard,scarlet,tera-raid,tera-raid-5star,,Tera Raid Battles (3★ onwards),true,false,false,,,,,,,
ice-tera-shard,scarlet,overworld,visible,area-zero,,false,false,true,,,,,,,
ice-tera-shard,violet,tera-raid,tera-raid-5star,,Tera Raid Battles (3★ onwards),true,false,false,,,,,,,
ice-tera-shard,violet,overworld,visible,area-zero,,false,false,true,,,,,,,
iceroot-carrot,shield,harvest,,snowslide-slope,Planting Carrot Seeds in the area's crop plots,false,false,true,,,,,,The Crown Tundra story progression,
iceroot-carrot,sword,harvest,,snowslide-slope,Planting Carrot Seeds in the area's crop plots,false,false,true,,,,,,The Crown Tundra story progression,
icicle-plate,diamond,overworld,visible,route-217-sinnoh,,false,false,true,,,,,,,
icicle-plate,heartgold,npc-gift,,ss-aqua,From the captain after obtaining all 16 Gym Badges,false,false,true,,,,,,After obtaining all 16 Gym Badges,
icicle-plate,legends-arceus,story,,icepeak-arena,Reward for defeating the noble Hisuian Avalugg during Mission 12,false,false,true,,,,,,Mission 12: The Slumbering Lord of the Tundra,
icicle-plate,platinum,overworld,visible,route-217-sinnoh,,false,false,true,,,,,,,
icicle-plate,scarlet,auction,,porto-marinada,,false,false,false,,,,,,If the player owns an Arceus,
icicle-plate,soulsilver,npc-gift,,ss-aqua,From the captain after obtaining all 16 Gym Badges,false,false,true,,,,,,After obtaining all 16 Gym Badges,
icicle-plate,violet,auction,,porto-marinada,,false,false,false,,,,,,If the player owns an Arceus,
icium-z,moon,overworld,visible,mount-lanakila,,false,false,true,,,,,,,
icium-z,sun,overworld,visible,mount-lanakila,,false,false,true,,,,,,,
icium-z,ultra-moon,overworld,visible,mount-lanakila,,false,false,true,,,,,,,
icium-z,ultra-sun,overworld,visible,mount-lanakila,,false,false,true,,,,,,,
ilimas-normalium-z,ultra-moon,npc-gift,,hauoli-city,Ilima's room,false,false,true,,,,,,After becoming Champion,
ilimas-normalium-z,ultra-sun,npc-gift,,hauoli-city,Ilima's room,false,false,true,,,,,,After becoming Champion,
impish-mint,brilliant-diamond,exchange,,,Battle Park,true,false,true,,,50,battle-points,,,
impish-mint,legends-arceus,harvest,,jubilife-village-farm,Mint harvest,true,false,true,,,,,,,
impish-mint,scarlet,overworld,visible,area-zero,,false,false,true,,,,,,,
impish-mint,scarlet,shop,vendor,,Chansey Supply,true,false,true,,,20000,pokedollars,,After earning 6 Gym Badges,
impish-mint,shield,exchange,,,Battle Tower,true,false,true,,,50,battle-points,,,
impish-mint,shield,overworld,recurring,giants-bed,,true,true,true,,,,,,The Crown Tundra,
impish-mint,shining-pearl,exchange,,,Battle Park,true,false,true,,,50,battle-points,,,
impish-mint,sword,overworld,recurring,soothing-wetlands,,true,true,true,,,,,,The Isle of Armor,
impish-mint,sword,exchange,,,Battle Tower,true,false,true,,,50,battle-points,,,
impish-mint,violet,shop,vendor,,Chansey Supply,true,false,true,,,20000,pokedollars,,After earning 6 Gym Badges,
impish-mint,violet,overworld,visible,area-zero,,false,false,true,,,,,,,
incinium-z,moon,npc-gift,,alola-route-01,Hau (if the player did not start with Litten),false,false,true,,,,,,,
incinium-z,sun,npc-gift,,malie-garden,Professor Kukui (if the player started with Litten),false,false,true,,,,,,,
incinium-z,ultra-moon,npc-gift,,iki-town,Hala (after defeating him in a rematch if the player did not choose Litten),false,false,true,,,,,,After defeating Hala in a rematch,
incinium-z,ultra-sun,npc-gift,,malie-garden,Professor Kukui (if the player started with Litten),false,false,true,,,,,,,
indigo-disk,scarlet,npc-gift,,blueberry-academy,Geeta in Classroom 1-4,false,false,true,,,,,,After defeating Kieran,
indigo-disk,violet,npc-gift,,blueberry-academy,Geeta in Classroom 1-4,false,false,true,,,,,,After defeating Kieran,
indigo-style-card,scarlet,npc-gift,,blueberry-academy,Entrance (from Cyrano),false,false,true,,,,,,After battling Lacey for the first time,
indigo-style-card,violet,npc-gift,,blueberry-academy,Entrance (from Cyrano),false,false,true,,,,,,After battling Lacey for the first time,
inquiry-mail,black,shop,poke-mart,shopping-mall-nine,Shopping Mall Nine,true,false,true,,,50,pokedollars,,,"Also sold in most Poké Marts except Nimbasa, Mistralton, Icirrus, and Pokémon League."
inquiry-mail,black-2,shop,poke-mart,shopping-mall-nine,Shopping Mall Nine,true,false,true,,,50,pokedollars,,,"Also sold in most Poké Marts except Nimbasa, Mistralton, Lacunosa, Victory Road, Pokémon League, and Striaton."
inquiry-mail,white,shop,poke-mart,shopping-mall-nine,Shopping Mall Nine,true,false,true,,,50,pokedollars,,,"Also sold in most Poké Marts except Nimbasa, Mistralton, Icirrus, and Pokémon League."
inquiry-mail,white-2,shop,poke-mart,shopping-mall-nine,Shopping Mall Nine,true,false,true,,,50,pokedollars,,,"Also sold in most Poké Marts except Nimbasa, Mistralton, Lacunosa, Victory Road, Pokémon League, and Striaton."
insect-plate,diamond,overworld,visible,eterna-forest,,false,false,true,,,,,,,
insect-plate,heartgold,npc-gift,,ss-aqua,Captain after obtaining all 16 Gym Badges,false,false,true,,,,,,After obtaining all 16 Gym Badges,
insect-plate,legends-arceus,story,,grandtree-arena,Reward for defeating Noble Kleavor during Mission 7,false,false,true,,,,,,,
insect-plate,pearl,overworld,visible,eterna-forest,,false,false,true,,,,,,,
insect-plate,platinum,overworld,visible,eterna-forest,,false,false,true,,,,,,,
insect-plate,scarlet,auction,,porto-marinada,,false,false,true,,,,,,If the player owns an Arceus,
insect-plate,soulsilver,npc-gift,,ss-aqua,Captain after obtaining all 16 Gym Badges,false,false,true,,,,,,After obtaining all 16 Gym Badges,
insect-plate,violet,auction,,porto-marinada,,false,false,true,,,,,,If the player owns an Arceus,
instant-noodles,shield,shop,vendor,rolling-fields,Ingredients Seller,true,false,true,,,150,pokedollars,,,
instant-noodles,shield,event,,,Gift after cooking curry,true,false,false,,,,,,,
instant-noodles,sword,shop,vendor,rolling-fields,Ingredients Seller,true,false,true,,,150,pokedollars,,,
instant-noodles,sword,event,,,Gift after cooking curry,true,false,false,,,,,,,
intriguing-stone,alpha-sapphire,npc-gift,,verdanturf-town,From the girl with the missing Shroomish found behind the Verdanturf Town sign,false,false,true,,,,,,,
intriguing-stone,omega-ruby,npc-gift,,verdanturf-town,From the girl with the missing Shroomish found behind the Verdanturf Town sign,false,false,true,,,,,,,
intriguing-stone,x,npc-gift,,shalour-city,From Tierno before entering the Tower of Mastery,false,false,true,,,,,,,
intriguing-stone,y,npc-gift,,shalour-city,From Tierno before entering the Tower of Mastery,false,false,true,,,,,,,
iron,red,shop,department-store,celadon-city,Celadon Department Store,true,false,true,,,9800,pokedollars,,,
iron,scarlet,shop,specialty-shop,,After earning 3 Gym Badges,true,false,true,,,10000,pokedollars,,After earning 3 Gym Badges,
iron-ball,diamond,overworld,visible,stark-mountain,,false,false,true,,,,,,,
iron-ball,diamond,overworld,visible,iron-island,,false,false,true,,,,,,,
iron-barktongue,legends-arceus,overworld,recurring,crimson-mirelands,,true,false,true,,,,,,,
iron-barktongue,legends-arceus,overworld,recurring,obsidian-fieldlands,,true,false,true,,,,,,,
iron-barktongue,legends-arceus,overworld,recurring,cobalt-coastlands,,true,false,true,,,,,,,
iron-barktongue,legends-arceus,overworld,recurring,coronet-highlands,,true,false,true,,,,,,,
iron-barktongue,legends-arceus,harvest,,,Farm (mushroom harvest),true,false,true,,,,,,,
iron-barktongue,legends-arceus,shop,vendor,,Ginkgo Guild cart (Tuli),true,false,true,,,,,,,
iron-chunk,legends-arceus,request,,,Request 40: The Charm Lost in the Swamp,false,false,true,5,,,,,,
iron-chunk,legends-arceus,mining,,oreburrow-tunnel,Breakable rock,true,false,true,3,,,,,,
iron-chunk,legends-arceus,crafting,craftworks,,Craftworks,true,false,true,,,,,,,
iron-chunk,legends-arceus,walking-pokemon,,,Found by Ursaluna,true,false,false,,,,,,,Sometimes
iron-plate,alpha-sapphire,npc-gift,,mossdeep-city,Steven's Beldum,false,false,true,,,,,,,
iron-plate,black,overworld,visible,abyssal-ruins,,false,false,true,,,,,,,
iron-plate,brilliant-diamond,overworld,visible,iron-island,,false,false,true,,,,,,,
iron-plate,diamond,overworld,visible,iron-island,,false,false,true,,,,,,,
iron-plate,heartgold,npc-gift,,ss-aqua,Captain,false,false,true,,,,,,After obtaining all 16 Gym Badges,
iron-plate,legends-arceus,story,,lava-dome-sanctum,Mission 22 reward,false,false,true,,,,,,After catching Heatran,
iron-plate,moon,shop,specialty-shop,hauoli-city,Antiquities of the Ages,false,false,true,,,10000,pokedollars,,,
iron-plate,omega-ruby,npc-gift,,mossdeep-city,Steven's Beldum,false,false,true,,,,,,,
iron-plate,pearl,overworld,visible,iron-island,,false,false,true,,,,,,,
iron-plate,platinum,overworld,visible,iron-island,,false,false,true,,,,,,,
iron-plate,scarlet,auction,,porto-marinada,,false,false,true,,,,pokedollars,,If the player owns an Arceus,
iron-plate,shining-pearl,overworld,visible,iron-island,,false,false,true,,,,,,,
iron-plate,soulsilver,npc-gift,,ss-aqua,Captain,false,false,true,,,,,,After obtaining all 16 Gym Badges,
iron-plate,sun,shop,specialty-shop,hauoli-city,Antiquities of the Ages,false,false,true,,,10000,pokedollars,,,
iron-plate,violet,auction,,porto-marinada,,false,false,true,,,,pokedollars,,If the player owns an Arceus,
iron-plate,white,overworld,visible,abyssal-ruins,,false,false,true,,,,,,,
iron-plate,x,overworld,visible,terminus-cave,,false,false,true,,,,,,,
iron-plate,y,overworld,visible,terminus-cave,,false,false,true,,,,,,,
jaboca-berry,diamond,event,,,,false,false,true,,,,,,,
jade-orb,heartgold,npc-gift,,pallet-town,Professor Oak's Laboratory,false,false,true,,,,,,Show Professor Oak a Kyogre from HeartGold and a Groudon from SoulSilver.,
jade-orb,soulsilver,npc-gift,,pallet-town,Professor Oak's Laboratory,false,false,true,,,,,,Show Professor Oak a Kyogre from HeartGold and a Groudon from SoulSilver.,
jalapeno,scarlet,vending-machine,,,Sure Cans,true,false,true,,,,,,After earning 4 Gym Badges,
jalapeno,scarlet,vending-machine,,,Vending machines (Terarium),true,false,true,,,,,,,
jalapeno,violet,vending-machine,,,Vending machines (Terarium),true,false,true,,,,,,,
jalapeno,violet,vending-machine,,,Sure Cans,true,false,true,,,,,,After earning 4 Gym Badges,
jam,scarlet,overworld,visible,south-province-area-two,,false,false,true,,,,,,,
jam,scarlet,shop,vendor,,Artisan Bakery,true,false,true,,,120,pokedollars,,,
jam,scarlet,shop,vendor,,Aquiesta Supermarket,true,false,true,,,120,pokedollars,,,
jam,scarlet,shop,vendor,,Peachy's,true,false,true,,,120,pokedollars,,,
jam,violet,shop,vendor,,Peachy's,true,false,true,,,120,pokedollars,,,
jam,violet,overworld,visible,south-province-area-two,,false,false,true,,,,,,,
jam,violet,shop,vendor,,Aquiesta Supermarket,true,false,true,,,120,pokedollars,,,
jam,violet,shop,vendor,,Artisan Bakery,true,false,true,,,120,pokedollars,,,
jaw-fossil,x,choice,,glittering-cave,Choice between this and the Sail Fossil,false,false,true,,,,,,,
jaw-fossil,y,choice,,glittering-cave,Choice between this and the Sail Fossil,false,false,true,,,,,,,
jet-ball,legends-arceus,event,,,,false,false,true,,,,,,,
jet-ball,legends-arceus,crafting,recipe,,,true,false,true,,,,,,"Requires 1 Apricorn, 2 Sky Tumblestones, and 2 Iron Chunks",
jet-ball,legends-arceus,shop,vendor,,Ginkgo Guild cart (Ginter),true,false,false,20,,,,,Randomly sold,
johto-slate,brilliant-diamond,exchange,,ramanas-park,Ramanas Park vendor,true,false,true,,,3,,,"After catching Regirock, Regice, and Registeel",Exchange requires Mysterious Shards
jolly-mint,brilliant-diamond,exchange,,,Battle Park,true,false,true,,,50,battle-points,,,
jolly-mint,legends-arceus,harvest,,,Farm (mint harvest),true,false,false,,,,,,,
jolly-mint,scarlet,shop,vendor,,Chansey Supply,true,false,true,,,20000,pokedollars,,After earning 6 Gym Badges,
jolly-mint,shield,overworld,recurring,giants-bed,Hidden recurring item,true,true,true,,,,,,The Crown Tundra,
jolly-mint,shield,exchange,,,Battle Tower,true,false,true,,,50,battle-points,,,
jolly-mint,shining-pearl,exchange,,,Battle Park,true,false,true,,,50,battle-points,,,
jolly-mint,sword,overworld,recurring,soothing-wetlands,Hidden recurring item,true,true,true,,,,,,The Isle of Armor,
jolly-mint,sword,exchange,,,Battle Tower,true,false,true,,,50,battle-points,,,
jolly-mint,violet,tournament,,,Academy Ace Tournament,true,false,false,,,,,,,
jubilife-muffin,legends-arceus,crafting,recipe,,"Crafting using 2 Hearty Grains, 2 Hopo Berries, 1 Razz Berry, and 1 Cake-Lure Base",true,false,true,,,,,,,
kangaskhanite,alpha-sapphire,overworld,visible,pacifidlog-town,,false,false,true,,,,,,,
kangaskhanite,legends-za,shop,specialty-shop,stone-emporium,,false,false,true,,,70000,pokedollars,,After completing Main Mission 09: Chase That Mysterious Pokémon!,
kangaskhanite,lets-go-eevee,overworld,visible,indigo-plateau,,false,false,true,,,,,,,
kangaskhanite,lets-go-pikachu,overworld,visible,indigo-plateau,,false,false,true,,,,,,,
kangaskhanite,moon,exchange,,battle-tree,,true,false,true,,,64,battle-points,,,
kangaskhanite,omega-ruby,overworld,visible,pacifidlog-town,,false,false,true,,,,,,,
kangaskhanite,sun,exchange,,battle-tree,,true,false,true,,,64,battle-points,,,
kangaskhanite,ultra-moon,exchange,,battle-tree,,true,false,true,,,64,battle-points,,,
kangaskhanite,ultra-sun,exchange,,battle-tree,,true,false,true,,,64,battle-points,,,
kangaskhanite,x,overworld,visible,glittering-cave,Requires upgraded Mega Ring,false,false,true,,,,,,After obtaining an upgraded Mega Ring,
kangaskhanite,y,overworld,visible,glittering-cave,Requires upgraded Mega Ring,false,false,true,,,,,,After obtaining an upgraded Mega Ring,
kanto-slate,shining-pearl,exchange,,ramanas-park,,true,false,true,,,,,,"After catching Regirock, Regice, and Registeel",Exchanged for Mysterious Shards.
kee-berry,alpha-sapphire,overworld,recurring,,Gather Berries skill,true,false,true,,,,,,,
kee-berry,moon,overworld,recurring,alola-route-10,Berry piles,true,false,false,,,,,,,
kee-berry,omega-ruby,overworld,recurring,,Gather Berries skill,true,false,true,,,,,,,
kee-berry,scarlet,tournament,,,Ogre Oustin',true,false,false,,,,,,The Teal Mask,
kee-berry,shield,berry-tree,,axews-eye,Berry trees,true,false,false,,,,,,,
kee-berry,sun,overworld,recurring,alola-route-10,Berry piles,true,false,false,,,,,,,
kee-berry,sword,berry-tree,,axews-eye,Berry trees,true,false,false,,,,,,,
kee-berry,ultra-moon,overworld,recurring,alola-route-10,Berry piles,true,false,false,,,,,,,
kee-berry,ultra-sun,overworld,recurring,alola-route-10,Berry piles,true,false,false,,,,,,,
kee-berry,violet,tournament,,,Ogre Oustin',true,false,false,,,,,,The Teal Mask,
kee-berry,x,crafting,recipe,,Mutation of Liechi and Ganlon Berries,true,false,true,,,,,,,
kee-berry,y,crafting,recipe,,Mutation of Liechi and Ganlon Berries,true,false,true,,,,,,,
ketchup,scarlet,shop,specialty-shop,,Artisan Bakery,true,false,true,,,110,pokedollars,,,
ketchup,scarlet,shop,specialty-shop,,Peachy's,true,false,true,,,110,pokedollars,,The Teal Mask,
ketchup,scarlet,shop,specialty-shop,,Aquiesta Supermarket,true,false,true,,,110,pokedollars,,,
ketchup,scarlet,vending-machine,,terarium,Vending machines,true,false,true,,,110,pokedollars,,The Indigo Disk,
ketchup,scarlet,overworld,visible,south-province-area-three,,false,false,true,1,,,,,,
ketchup,scarlet,overworld,visible,west-province-area-two,,false,false,true,1,,,,,,
ketchup,violet,shop,specialty-shop,,Artisan Bakery,true,false,true,,,110,pokedollars,,,
ketchup,violet,overworld,visible,south-province-area-three,,false,false,true,1,,,,,,
ketchup,violet,overworld,visible,west-province-area-two,,false,false,true,1,,,,,,
ketchup,violet,shop,specialty-shop,,Aquiesta Supermarket,true,false,true,,,110,pokedollars,,,
ketchup,violet,shop,specialty-shop,,Peachy's,true,false,true,,,110,pokedollars,,The Teal Mask,
ketchup,violet,vending-machine,,terarium,Vending machines,true,false,true,,,110,pokedollars,,The Indigo Disk,
key-stone,alpha-sapphire,npc-gift,,southern-island,From Steven after obtaining Latias (Mega Bracelet),false,false,true,,,,,,After obtaining Latias,
key-stone,legends-za,npc-gift,,jaune-sector-10,From AZ before facing the Rogue Mega Absol (Mega Ring),false,false,true,,,,,,Before facing the Rogue Mega Absol,
key-stone,lets-go-eevee,npc-gift,,professor-oaks-laboratory,From Blue after earning seven Badges,false,false,true,,,,,,After earning seven Badges,
key-stone,lets-go-pikachu,npc-gift,,professor-oaks-laboratory,From Blue after earning seven Badges,false,false,true,,,,,,After earning seven Badges,
key-stone,moon,npc-gift,,ancient-poni-path,From Dexio after becoming Champion,false,false,true,,,,,,After becoming Champion,
key-stone,omega-ruby,npc-gift,,southern-island,From Steven after obtaining Latios (Mega Bracelet),false,false,true,,,,,,After obtaining Latios,
key-stone,sun,npc-gift,,ancient-poni-path,From Dexio after becoming Champion,false,false,true,,,,,,After becoming Champion,
key-stone,ultra-moon,npc-gift,,poni-plains,From Dexio after becoming Champion,false,false,true,,,,,,After becoming Champion,
key-stone,ultra-sun,npc-gift,,poni-plains,From Dexio after becoming Champion,false,false,true,,,,,,After becoming Champion,
key-stone,x,npc-gift,,tower-of-mastery,From Korrina after earning the Rumble Badge (Mega Ring),false,false,true,,,,,rumble-badge,,
key-stone,y,npc-gift,,tower-of-mastery,From Korrina after earning the Rumble Badge (Mega Ring),false,false,true,,,,,rumble-badge,,
key-to-room-1-hoenn,alpha-sapphire,npc-gift,,sea-mauville,Female Tuber on the right side,false,false,true,,,,,,,
key-to-room-1-hoenn,emerald,overworld,visible,abandoned-ship,Room 3,false,false,true,,,,,,,
key-to-room-1-hoenn,omega-ruby,npc-gift,,sea-mauville,Female Tuber on the right side,false,false,true,,,,,,,
key-to-room-1-hoenn,ruby,overworld,visible,abandoned-ship,Room 3,false,false,true,,,,,,,
key-to-room-1-hoenn,sapphire,overworld,visible,abandoned-ship,Room 3,false,false,true,,,,,,,
key-to-room-2,alpha-sapphire,overworld,visible,sea-mauville,Room 1,false,false,true,,,,,,,
key-to-room-2,emerald,overworld,visible,abandoned-ship,Room 3,false,false,true,,,,,,,
key-to-room-2,omega-ruby,overworld,visible,sea-mauville,Room 1,false,false,true,,,,,,,
key-to-room-2,ruby,overworld,visible,abandoned-ship,Room 3,false,false,true,,,,,,,
key-to-room-2,sapphire,overworld,visible,abandoned-ship,Room 3,false,false,true,,,,,,,
key-to-room-202,legends-za,npc-gift,,hotel-z,"Received from AZ during Main Mission 2: ""Escape from the Battle Zone!""",false,false,true,,,,,,During Main Mission 2,
key-to-room-4,alpha-sapphire,npc-gift,,sea-mauville,Northern exterior; Fisherman,false,false,true,,,,,,,
key-to-room-4,emerald,overworld,visible,abandoned-ship,Room 1,false,false,true,,,,,,,
key-to-room-4,omega-ruby,npc-gift,,sea-mauville,Northern exterior; Fisherman,false,false,true,,,,,,,
key-to-room-4,ruby,overworld,visible,abandoned-ship,Room 1,false,false,true,,,,,,,
key-to-room-4,sapphire,overworld,visible,abandoned-ship,Room 1,false,false,true,,,,,,,
key-to-room-6,alpha-sapphire,npc-gift,,sea-mauville,Room 2; from the Teammates,false,false,true,,,,,,,
key-to-room-6,emerald,overworld,visible,abandoned-ship,Room 4,false,false,true,,,,,,,
key-to-room-6,omega-ruby,npc-gift,,sea-mauville,Room 2; from the Teammates,false,false,true,,,,,,,
key-to-room-6,ruby,overworld,visible,abandoned-ship,Room 4,false,false,true,,,,,,,
key-to-room-6,sapphire,overworld,visible,abandoned-ship,Room 4,false,false,true,,,,,,,
kings-leaf,legends-arceus,harvest,,jubilife-village-farm,Medicinal harvest,true,false,false,,,,,,,
kings-leaf,legends-arceus,shop,vendor,jubilife-village,Ginkgo Guild cart (Tuli),true,false,true,,,1000,pokedollars,,"After starting Mission 12: ""The Slumbering Lord of the Tundra""",
kings-leaf,legends-arceus,overworld,visible,,"Leaf piles in Crimson Mirelands, Cobalt Coastlands, Coronet Highlands",true,false,false,,,,,,,
kings-leaf,legends-arceus,npc-gift,,jubilife-village,"Reward for completing Request 57: ""The Taste of Honey""",false,false,true,3,,,,,,
kings-leaf,legends-arceus,overworld,recurring,,"Obsidian Fieldlands, Crimson Mirelands, Cobalt Coastlands, Coronet Highlands, Alabaster Icelands",true,false,false,,,,,,,Recurring item
kiwi,scarlet,vending-machine,,,Sure Cans,true,false,true,,,180,pokedollars,,After earning 3 Gym Badges,
kiwi,scarlet,vending-machine,,terarium,Vending machines,true,false,true,,,,,,The Indigo Disk,
kiwi,violet,vending-machine,,,Sure Cans,true,false,true,,,180,pokedollars,,After earning 3 Gym Badges,
kiwi,violet,vending-machine,,terarium,Vending machines,true,false,true,,,,,,The Indigo Disk,
klawf-stick,scarlet,shop,specialty-shop,aquiesta-supermarket,Aquiesta Supermarket,true,false,true,,,500,pokedollars,,After earning 8 Gym Badges,
klawf-stick,scarlet,auction,,porto-marinada,Porto Marinada auction,true,false,false,,,,,,,
klawf-stick,scarlet,vending-machine,,terarium,Vending machines,true,false,true,,,,,,Available in The Indigo Disk,
klawf-stick,violet,shop,specialty-shop,aquiesta-supermarket,Aquiesta Supermarket,true,false,true,,,500,pokedollars,,After earning 8 Gym Badges,
klawf-stick,violet,auction,,porto-marinada,Porto Marinada auction,true,false,false,,,,,,,
klawf-stick,violet,vending-machine,,terarium,Vending machines,true,false,true,,,,,,Available in The Indigo Disk,
kofus-wallet,scarlet,npc-gift,,cascarrafa,Gym staffer near the Cascarrafa Gym,false,false,true,,,,,,During the Cascarrafa Gym Test,
kofus-wallet,violet,npc-gift,,cascarrafa,Gym staffer near the Cascarrafa Gym,false,false,true,,,,,,During the Cascarrafa Gym Test,
kommonium-z,ultra-moon,overworld,visible,plains-grotto,,false,false,true,,,,,,,
kommonium-z,ultra-sun,overworld,visible,plains-grotto,,false,false,true,,,,,,,
koraidons-poke-ball,scarlet,npc-defeat,,poco-path,Arven,false,false,true,,,,,,After defeating Arven,
kubfu-treat,scarlet,npc-gift,,blueberry-academy,Entrance (Snacksworth),false,false,true,,,,,,After completing 10 solo Blueberry Quests,Available in The Indigo Disk.
kubfu-treat,violet,npc-gift,,blueberry-academy,Entrance (Snacksworth),false,false,true,,,,,,After completing 10 solo Blueberry Quests,Available in The Indigo Disk.
kyogre-treat,scarlet,npc-gift,,blueberry-academy,Entrance (Snacksworth),false,false,true,,,,,,After completing one group Blueberry Quest,Available in The Indigo Disk.
kyogre-treat,violet,npc-gift,,blueberry-academy,Entrance (Snacksworth),false,false,true,,,,,,After completing 10 solo Blueberry Quests,Available in The Indigo Disk.
kyurem-treat,scarlet,npc-gift,,blueberry-academy,Blueberry Academy entrance (Snacksworth),false,false,true,,,,,,After completing a group Blueberry Quest,
kyurem-treat,violet,npc-gift,,blueberry-academy,Blueberry Academy entrance (Snacksworth),false,false,true,,,,,,After completing a group Blueberry Quest,
lab-key-card-a,legends-za,overworld,visible,lysandre-labs,,false,false,true,,,,,,,
lab-key-card-b,legends-za,story,,lysandre-labs,,false,false,true,,,,,,,
lab-key-card-c,legends-za,story,,lysandre-labs,,false,false,true,,,,,,,
lagging-tail,diamond,overworld,visible,route-226-sinnoh,,false,false,true,,,,,,,
lagging-tail,pearl,overworld,visible,route-226-sinnoh,,false,false,true,,,,,,,
lansat-berry,diamond,event,,,Event distribution,false,false,true,1,,,,,,
lansat-berry,emerald,npc-gift,,battle-frontier-hoenn,From Scott after obtaining all seven Silver Frontier Symbols,false,false,true,1,,,,,After obtaining all seven Silver Frontier Symbols,
lansat-berry,sword,tournament,,battle-tower-galar,After 100 consecutive victories,true,false,true,1,,,,,After 100 consecutive Battle Tower victories,
large-leek,shield,overworld,recurring,challenge-beach,Hidden recurring item,true,true,true,,,,,,Isle of Armor,
large-leek,shield,overworld,recurring,giants-cap,Hidden recurring item,true,true,true,,,,,,,
large-leek,shield,overworld,recurring,freezington,Hidden recurring item,true,true,true,,,,,,Crown Tundra,
large-leek,sword,overworld,recurring,giants-cap,Hidden recurring item,true,true,true,,,,,,,
large-leek,sword,overworld,recurring,challenge-beach,Hidden recurring item,true,true,true,,,,,,Isle of Armor,
large-leek,sword,overworld,recurring,freezington,Hidden recurring item,true,true,true,,,,,,Crown Tundra,
latias-treat,scarlet,npc-gift,,blueberry-academy,Entrance (Snacksworth),false,false,true,,,,,,After completing one group Blueberry Quest,
latias-treat,violet,npc-gift,,blueberry-academy,Entrance (Snacksworth),false,false,true,,,,,,After completing 10 solo Blueberry Quests,
latiasite,alpha-sapphire,wild-pokemon,static,southern-island,Held by Latias,false,false,true,,,,,,,
latiasite,legends-za,story,,,Side Mission 189: Siblings of the Sky,false,false,true,,,,,,After defeating Brother and Sister,
latiasite,moon,event,,,,false,false,true,,,,,,,
latiasite,omega-ruby,npc-gift,,littleroot-town,From Mom after completing the Delta Episode,false,false,true,,,,,,After completing the Delta Episode,
latiasite,sun,event,,,,false,false,true,,,,,,,
latiasite,ultra-moon,exchange,,battle-tree,Battle Tree,true,false,true,,,64,battle-points,,,
latiasite,ultra-sun,exchange,,battle-tree,Battle Tree,true,false,true,,,64,battle-points,,,
latiasite,x,exchange,,,Trade,true,false,true,,,,,,,
latiasite,y,exchange,,,Trade,true,false,true,,,,,,,
latios-treat,scarlet,npc-gift,,blueberry-academy-entrance,Snacksworth,false,false,true,,,,,,After completing 10 solo Blueberry Quests,
latios-treat,violet,npc-gift,,blueberry-academy-entrance,Snacksworth,false,false,true,,,,,,After completing one group Blueberry Quest,
latiosite,alpha-sapphire,npc-gift,,littleroot-town,From Mom after completing the Delta Episode,false,false,true,,,,,,After completing the Delta Episode,
latiosite,legends-za,story,,,Side Mission 189: Siblings of the Sky,false,false,true,,,,,,After defeating Brother and Sister,
latiosite,omega-ruby,wild-pokemon,static,southern-island,Held by Latios,false,false,true,,,,,,,
latiosite,ultra-sun,exchange,,battle-tree,,true,false,true,,,64,battle-points,,,
latiosite,x,transfer,,,Trade,true,false,true,,,,,,,
lava-cookie,firered,overworld,visible,ss-anne,Harbor,false,false,true,,,,,,,
lava-cookie,ruby,overworld,recurring,mt-chimney,,true,false,true,,,,,,,
lax-incense,black,shop,vendor,driftveil-city,Driftveil Market,true,false,true,,,9600,pokedollars,,Post-National Pokédex,
lax-incense,diamond,overworld,visible,route-225-sinnoh,,false,false,true,,,,,,,
lax-incense,firered,overworld,visible,lost-cave,,false,false,true,,,,,,,
lax-incense,ruby,overworld,visible,mt-pyre,,false,false,true,,,,,,,
lax-mint,brilliant-diamond,exchange,,battle-park-sinnoh,Battle Park,true,false,true,,,50,battle-points,,,
lax-mint,legends-arceus,harvest,,jubilife-village-farm,Mint harvest,true,false,false,,,,,,,
lax-mint,scarlet,shop,vendor,,Chansey Supply,true,false,true,,,20000,pokedollars,,After earning 6 Gym Badges,
lax-mint,shield,exchange,,battle-tower-galar,Battle Tower,true,false,true,,,50,battle-points,,,
lax-mint,sword,overworld,recurring,giants-bed,Hidden recurring item,true,true,true,,,,,,The Crown Tundra,
lax-mint,sword,exchange,,battle-tower-galar,Battle Tower,true,false,true,,,50,battle-points,,,
lax-mint,sword,overworld,recurring,soothing-wetlands,Hidden recurring item,true,true,true,,,,,,The Isle of Armor,
leaden-ball,legends-arceus,crafting,recipe,,"Crafting using 1 Apricorn, 1 Black Tumblestone, and 1 Iron Chunk",true,false,true,1,,,,,,
leaden-ball,legends-arceus,shop,vendor,,General store and base camp stores,true,false,true,1,,320,pokedollars,,After completing Request 61: Even More New Wares,
leaden-ball,legends-arceus,shop,vendor,,Ginkgo Guild cart (Ginter),true,false,false,20,,,,,,Randomly sold
leaden-ball,legends-arceus,contest,,practice-field,Balloon minigame reward,true,false,false,,,,,,,Random reward
leaden-ball,legends-arceus,contest,,cobalt-coastlands,Balloon Race,true,false,false,,,,,,,Random reward
leaders-crest,scarlet,wild-pokemon,,,Held by wild Bisharp leading a group of Pawniard,true,false,false,,,,,,,
leaders-crest,violet,wild-pokemon,,,Held by wild Bisharp leading a group of Pawniard,true,false,false,,,,,,,
leaf-letter,lets-go-eevee,npc-gift,,,Gift from Partner Eevee,true,false,true,,,,,,,
leaf-letter,lets-go-pikachu,npc-gift,,,Gift from Partner Pikachu,true,false,true,,,,,,,
leafy-chairs,scarlet,npc-gift,,revelers-road,Picnicker,false,false,true,,,,,,If the player owns the Leafy Tablecloth,
leafy-chairs,violet,npc-gift,,revelers-road,Picnicker,false,false,true,,,,,,If the player owns the Leafy Tablecloth,
leafy-tablecloth,scarlet,shop,specialty-shop,mesagoza,Picnic-Knacks (Mesagoza Branch),true,false,true,,,2000,pokedollars,,,
leafy-tablecloth,violet,shop,specialty-shop,mesagoza,Picnic-Knacks (Mesagoza Branch),true,false,true,,,2000,pokedollars,,,
leek,diamond,wild-pokemon,,,Held by wild Farfetch'd,true,false,false,,5.0,,,,,
leek,gold,wild-pokemon,,,Held by wild Farfetch'd,true,false,false,,2.0,,,,,
leek,sword,wild-pokemon,,,Held by wild Farfetch'd,true,false,false,,50.0,,,,,
left-poke-ball,ultra-moon,overworld,visible,heahea-city,Aether Office,false,false,true,,,,,,,
left-poke-ball,ultra-sun,overworld,visible,heahea-city,Aether Office,false,false,true,,,,,,,
legend-plate,legends-arceus,story,,hall-of-origin,"Reward for defeating Arceus during Mission 27: ""The Deified Pokémon""",false,false,true,,,,,,,
legendary-clue-1,shield,npc-gift,,freezington,"Peony at the Freeze Inn, after the first Dynamax Adventure",false,false,true,,,,,,After completing the first Dynamax Adventure,
legendary-clue-1,sword,npc-gift,,freezington,"Peony at the Freeze Inn, after the first Dynamax Adventure",false,false,true,,,,,,After completing the first Dynamax Adventure,
legendary-clue-2,shield,npc-gift,,freezington,Peony in the Freeze Inn,false,false,true,,,,,,After the first Dynamax Adventure,Crown Tundra
legendary-clue-2,sword,npc-gift,,freezington,Peony in the Freeze Inn,false,false,true,,,,,,After the first Dynamax Adventure,Crown Tundra
legendary-clue-3,shield,npc-gift,,freezington,"Peony at the Freeze Inn, after the first Dynamax Adventure",false,false,true,,,,,,After completing the first Dynamax Adventure,Crown Tundra
legendary-clue-3,sword,npc-gift,,freezington,"Peony at the Freeze Inn, after the first Dynamax Adventure",false,false,true,,,,,,After completing the first Dynamax Adventure,Crown Tundra
legendary-clue-question,shield,overworld,visible,freezington,On the doormat in the Freeze Inn after completing all Legendary Clues,false,false,true,,,,,,After completing all the Legendary Clues,The Crown Tundra
legendary-clue-question,sword,overworld,visible,freezington,On the doormat in the Freeze Inn after completing all Legendary Clues,false,false,true,,,,,,After completing all the Legendary Clues,The Crown Tundra
lemonade,red,vending-machine,,celadon-city,Celadon Department Store,true,false,true,,,350,pokedollars,,,
lens-case,moon,npc-gift,,hauoli-city,"Lillie, outside the apparel shop",false,false,true,,,,,,,
lens-case,sun,npc-gift,,hauoli-city,"Lillie, outside the apparel shop",false,false,true,,,,,,,
lens-case,ultra-moon,npc-gift,,hauoli-city,"Lillie, outside the apparel shop",false,false,true,,,,,,,
lens-case,ultra-sun,npc-gift,,hauoli-city,"Lillie, outside the apparel shop",false,false,true,,,,,,,
lens-case,x,npc-gift,,lumiose-city,Punk Girl in the PR Video Studio,false,false,true,,,,,,,
lens-case,y,npc-gift,,lumiose-city,Punk Girl in the PR Video Studio,false,false,true,,,,,,,
letter,alpha-sapphire,npc-gift,,devon-corporation,Mr. Stone after retrieving the stolen briefcase,false,false,true,,,,,,After retrieving the stolen briefcase,
letter,emerald,npc-gift,,devon-corporation,Mr. Stone after retrieving the stolen briefcase,false,false,true,,,,,,After retrieving the stolen briefcase,
letter,omega-ruby,npc-gift,,devon-corporation,Mr. Stone after retrieving the stolen briefcase,false,false,true,,,,,,After retrieving the stolen briefcase,
letter,ruby,npc-gift,,devon-corporation,Mr. Stone after retrieving the stolen briefcase,false,false,true,,,,,,After retrieving the stolen briefcase,
letter,sapphire,npc-gift,,devon-corporation,Mr. Stone after retrieving the stolen briefcase,false,false,true,,,,,,After retrieving the stolen briefcase,
lettuce,scarlet,shop,vendor,,Aquiesta Supermarket,true,false,true,,,90,pokedollars,,,
lettuce,scarlet,shop,vendor,,Artisan Bakery,true,false,true,,,90,pokedollars,,,
lettuce,scarlet,shop,vendor,,Peachy's,true,false,true,,,90,pokedollars,,The Teal Mask,
lettuce,scarlet,vending-machine,,,Terarium vending machines,true,false,true,,,90,pokedollars,,The Indigo Disk,
lettuce,violet,vending-machine,,,Terarium vending machines,true,false,true,,,90,pokedollars,,The Indigo Disk,
lettuce,violet,shop,vendor,,Peachy's,true,false,true,,,90,pokedollars,,The Teal Mask,
lettuce,violet,shop,vendor,,Artisan Bakery,true,false,true,,,90,pokedollars,,,
lettuce,violet,shop,vendor,,Aquiesta Supermarket,true,false,true,,,90,pokedollars,,,
liberty-pass,black,event,,,Wireless distribution,false,false,true,,,,,,,
liberty-pass,white,event,,,Wireless distribution,false,false,true,,,,,,,
lidas-things,legends-za,npc-gift,,hotel-z,Obtained from AZ,false,false,true,,,,,,,
liechi-berry,emerald,overworld,visible,mirage-island,,false,false,true,,,,,,,
liechi-berry,sword,berry-tree,,galar-route-07,,true,false,false,,,,,,,
lift-key,blue,npc-defeat,,team-rocket-hideout,Dropped by a Team Rocket Grunt on BF4 after being defeated and spoken to again,false,false,true,,,,,,,
lift-key,firered,npc-defeat,,team-rocket-hideout,Dropped by a Team Rocket Grunt on BF4 immediately after being defeated,false,false,true,,,,,,,
lift-key,leafgreen,npc-defeat,,team-rocket-hideout,Dropped by a Team Rocket Grunt on BF4 immediately after being defeated,false,false,true,,,,,,,
lift-key,lets-go-eevee,overworld,visible,team-rocket-hideout,Found on a wall on BF4 after defeating a Grunt,false,false,true,,,,,,,
lift-key,lets-go-pikachu,overworld,visible,team-rocket-hideout,Found on a wall on BF4 after defeating a Grunt,false,false,true,,,,,,,
lift-key,red,npc-defeat,,team-rocket-hideout,Dropped by a Team Rocket Grunt on BF4 after being defeated and spoken to again,false,false,true,,,,,,,
lift-key,yellow,npc-defeat,,team-rocket-hideout,Dropped by a Team Rocket Grunt on BF4 immediately after being defeated,false,false,true,,,,,,,
light-stone,black,npc-gift,,nacrene-city,Received from Lenora after clearing Relic Castle,false,false,true,,,,,,After clearing Relic Castle,
light-stone,white-2,npc-gift,,ns-castle,Received from N after defeating him and Reshiram,false,false,true,,,,,,After defeating N and Reshiram,
like-mail,black,shop,poke-mart,,Shopping Mall Nine and most Poké Marts (exceptions apply),true,false,true,,,50,pokedollars,,,
like-mail,black-2,shop,poke-mart,,Shopping Mall Nine and most Poké Marts (exceptions apply),true,false,true,,,50,pokedollars,,,
like-mail,white,shop,poke-mart,,Shopping Mall Nine and most Poké Marts (exceptions apply),true,false,true,,,50,pokedollars,,,
like-mail,white-2,shop,poke-mart,,Shopping Mall Nine and most Poké Marts (exceptions apply),true,false,true,,,50,pokedollars,,,
lilac-chairs,scarlet,npc-gift,,revelers-road,Picnicker,false,false,true,,,,,,If the player owns the Lilac Tablecloth,
lilac-chairs,violet,npc-gift,,revelers-road,Picnicker,false,false,true,,,,,,If the player owns the Lilac Tablecloth,
lilac-tablecloth,scarlet,shop,specialty-shop,mesagoza,Picnic-Knacks (Mesagoza Branch),true,false,true,,,1000,pokedollars,,,
lilac-tablecloth,violet,shop,specialty-shop,mesagoza,Picnic-Knacks (Mesagoza Branch),true,false,true,,,1000,pokedollars,,,
linking-cord,legends-arceus,story,,jubilife-village,Reward from Vessa for collecting 50 wisps; Request 64: Getting to Know Ghosts,false,false,true,,,,,,,
linking-cord,legends-arceus,exchange,,trading-post,Trading Post,true,false,true,,,1000,league-points,,,Cost is in Merit Points (MP)
linking-cord,legends-arceus,shop,vendor,jubilife-village,"Ginkgo Guild cart (Ginter, sold as Mysterious Cord)",true,false,false,,,,,,,Randomly sold
linking-cord,legends-arceus,overworld,recurring,,Space-time distortions,true,false,false,,,,,,,
litebluemail,crystal,shop,poke-mart,vermilion-city,Vermilion City Poké Mart,true,false,true,,,50,pokedollars,,,
litebluemail,gold,shop,poke-mart,vermilion-city,Vermilion City Poké Mart,true,false,true,,,50,pokedollars,,,
litebluemail,silver,shop,poke-mart,vermilion-city,Vermilion City Poké Mart,true,false,true,,,50,pokedollars,,,
loaded-dice,scarlet,npc-gift,,east-province-area-one,Pokémon League representative,false,false,true,,,,,,After defeating 5 Trainers in the area,
loaded-dice,scarlet,shop,specialty-shop,levincia,Delibird Presents (Levincia Branch),true,false,true,,,20000,pokedollars,,,
loaded-dice,scarlet,item-printer,,,,true,false,false,,,,,,The Indigo Disk,
loaded-dice,violet,shop,specialty-shop,levincia,Delibird Presents (Levincia Branch),true,false,true,,,20000,pokedollars,,,
loaded-dice,violet,item-printer,,,,true,false,false,,,,,,The Indigo Disk,
loaded-dice,violet,npc-gift,,east-province-area-one,Pokémon League representative,false,false,true,,,,,,After defeating 5 Trainers in the area,
lone-earring,lets-go-eevee,npc-gift,,,Gift from Partner Eevee,true,false,true,,,,,,,
lone-earring,lets-go-pikachu,npc-gift,,,Gift from Partner Pikachu,true,false,true,,,,,,,
lonely-mint,brilliant-diamond,exchange,,,Battle Park,true,false,true,,,50,battle-points,,,
lonely-mint,legends-arceus,harvest,,,Farm,true,false,false,,,,,,,Mint harvest
lonely-mint,scarlet,shop,specialty-shop,,Chansey Supply,true,false,true,,,20000,pokedollars,,After earning 6 Gym Badges,
lonely-mint,shield,exchange,,,Battle Tower,true,false,true,,,50,battle-points,,,
lonely-mint,shining-pearl,exchange,,,Battle Park,true,false,true,,,50,battle-points,,,
lonely-mint,sword,exchange,,,Battle Tower,true,false,true,,,50,battle-points,,,
lonely-mint,violet,shop,specialty-shop,,Chansey Supply,true,false,true,,,20000,pokedollars,,After earning 6 Gym Badges,
looker-ticket,x,overworld,visible,lumiose-city,Prism Tower 1F (west of the elevator),false,false,true,,,,,,Post-game Looker Bureau quest,
looker-ticket,x,overworld,visible,lumiose-city,Magenta Plaza Pokémon Center (near the dressing room),false,false,true,,,,,,Post-game Looker Bureau quest,
looker-ticket,x,overworld,visible,lumiose-city,Herboriste (east wall),false,false,true,,,,,,Post-game Looker Bureau quest,
looker-ticket,x,overworld,visible,lumiose-city,Hotel Richissime 1F (east wall),false,false,true,,,,,,Post-game Looker Bureau quest,
looker-ticket,x,overworld,visible,lumiose-city,"Lumiose Museum 1F (east wall, near the couch)",false,false,true,,,,,,Post-game Looker Bureau quest,
looker-ticket,y,overworld,visible,lumiose-city,Magenta Plaza Pokémon Center (near the dressing room),false,false,true,,,,,,Post-game Looker Bureau quest,
lopunnite,alpha-sapphire,overworld,visible,mauville-city,Mauville Hills,false,false,true,,,,,,,
lopunnite,legends-za,exchange,,quasartico-inc-building,Quasartico Inc. headquarters,false,false,true,,,180,,,,Requires Mega Shards
lopunnite,omega-ruby,overworld,visible,mauville-city,Mauville Hills,false,false,true,,,,,,,
lopunnite,ultra-moon,exchange,,battle-tree,Battle Tree,true,false,true,,,64,battle-points,,,
lopunnite,ultra-sun,exchange,,battle-tree,Battle Tree,true,false,true,,,64,battle-points,,,
lost-item,crystal,npc-gift,,vermilion-city,Pokémon Fan Club member,false,false,true,,,,,,After hearing about Copycat's missing doll,
lost-item,gold,npc-gift,,vermilion-city,Pokémon Fan Club member,false,false,true,,,,,,After hearing about Copycat's missing doll,
lost-item,heartgold,npc-gift,,vermilion-city,Pokémon Fan Club member,false,false,true,,,,,,After hearing about Copycat's missing doll,
lost-item,silver,npc-gift,,vermilion-city,Pokémon Fan Club member,false,false,true,,,,,,After hearing about Copycat's missing doll,
lost-item,soulsilver,npc-gift,,vermilion-city,Pokémon Fan Club member,false,false,true,,,,,,After hearing about Copycat's missing doll,
lost-satchel,legends-arceus,overworld,recurring,,Various points in every area except Jubilife Village and the Ancient Retreat,true,false,true,,,,,,,
love-ball,gold,crafting,apricorn,azalea-town,Kurt (Pink Apricorn),true,false,true,,,,,,,
love-ball,heartgold,crafting,apricorn,azalea-town,Kurt (Pink Apricorn),true,false,true,,,,,,,
love-ball,scarlet,auction,,porto-marinada,Auction,true,false,false,,,,,,,
love-ball,sword,trainer-reward,ball-guy,ballonlea-stadium,Champion Cup post-game,true,false,false,,0.125,,,,Post-game Champion Cup,
love-sweet,scarlet,crafting,item-printer,,Item Printer,true,false,false,,,,,,The Indigo Disk,
love-sweet,scarlet,overworld,visible,,"Coastal Biome, Polar Biome, Savanna Biome",false,false,true,,,,,,The Indigo Disk,
love-sweet,shield,wild-pokemon,,,Dropped by Gigantamax Factor Milcery (Wild Area News event),true,false,false,,,,,,"Wild Area News January 30 – February 16, 2020",
love-sweet,shield,npc-gift,,,Battle Café,true,false,false,,,,,,,
love-sweet,shield,crafting,cram-o-matic,,Cram-o-matic (Fairy: 92–100),true,false,false,,,,,,The Isle of Armor,
love-sweet,shield,exchange,watts,,Snowslide Slope Watt Trader,true,false,true,,,7980,watts,,The Crown Tundra,Highlight Item
love-sweet,sword,exchange,watts,,Snowslide Slope Watt Trader,true,false,true,,,7980,watts,,The Crown Tundra,Highlight Item
love-sweet,sword,wild-pokemon,,,Dropped by Gigantamax Factor Milcery (Wild Area News event),true,false,false,,,,,,"Wild Area News January 30 – February 16, 2020",
love-sweet,sword,crafting,cram-o-matic,,Cram-o-matic (Fairy: 92–100),true,false,false,,,,,,The Isle of Armor,
love-sweet,sword,npc-gift,,,Battle Café,true,false,false,,,,,,,
love-sweet,violet,crafting,item-printer,,Item Printer,true,false,false,,,,,,The Indigo Disk,
love-sweet,violet,overworld,visible,,"Coastal Biome, Polar Biome, Savanna Biome",false,false,true,,,,,,The Indigo Disk,
lovely-mail,crystal,shop,department-store,celadon-city,Celadon Department Store,true,false,true,,,50,pokedollars,,,
lovely-mail,gold,shop,department-store,celadon-city,Celadon Department Store,true,false,true,,,50,pokedollars,,,
lovely-mail,silver,shop,department-store,celadon-city,Celadon Department Store,true,false,true,,,50,pokedollars,,,
lucarionite,alpha-sapphire,npc-gift,,contest-hall,From Chaz after defeating Lisia in a Pokémon Contest Spectacular,false,false,true,,,,,,After defeating Lisia in a Pokémon Contest Spectacular,
lucarionite,legends-za,exchange,,quasartico-inc-building,Mega Shard exchange,false,false,true,,,240,,,,Requires Mega Shards
lucarionite,moon,exchange,,battle-tree,Battle Tree exchange,true,false,true,,,64,battle-points,,,
lucarionite,omega-ruby,npc-gift,,contest-hall,From Chaz after defeating Lisia in a Pokémon Contest Spectacular,false,false,true,,,,,,After defeating Lisia in a Pokémon Contest Spectacular,
lucarionite,sun,exchange,,battle-tree,Battle Tree exchange,true,false,true,,,64,battle-points,,,
lucarionite,ultra-moon,exchange,,battle-tree,Battle Tree exchange,true,false,true,,,64,battle-points,,,
lucarionite,ultra-sun,exchange,,battle-tree,Battle Tree exchange,true,false,true,,,64,battle-points,,,
lucarionite,x,npc-gift,,tower-of-mastery,Held by Korrina's gift Lucario,false,false,true,,,,,,,
lucarionite,y,npc-gift,,tower-of-mastery,Held by Korrina's gift Lucario,false,false,true,,,,,,,
lucarionite-z,legends-za,request,,,"Side Mission 197: ""Ultra-Hardcore Lucario Showdown""",false,false,true,,,,,,Upon completing Side Mission 197,
luck-incense,diamond,overworld,visible,ravaged-path,,false,false,true,,,,,,,
luck-incense,heartgold,npc-gift,,vermilion-city,,false,false,true,,,,,,,
luck-incense,pearl,overworld,visible,ravaged-path,,false,false,true,,,,,,,
luck-incense,platinum,overworld,visible,ravaged-path,,false,false,true,,,,,,,
luck-incense,soulsilver,npc-gift,,vermilion-city,,false,false,true,,,,,,,
lucky-punch,gold,wild-pokemon,,,Held by wild Chansey,true,false,false,,,,,,,Transferred from Generation I
lugia-treat,scarlet,npc-gift,,blueberry-academy,"Entrance, from Snacksworth",false,false,true,,,,,,After completing one group Blueberry Quest,The Indigo Disk
lugia-treat,violet,npc-gift,,blueberry-academy,"Entrance, from Snacksworth",false,false,true,,,,,,After completing 10 solo Blueberry Quests,The Indigo Disk
luminous-moss,alpha-sapphire,exchange,,,Battle Maison,true,false,true,,,32,battle-points,,,
luminous-moss,omega-ruby,exchange,,,Battle Maison,true,false,true,,,32,battle-points,,,
luminous-moss,scarlet,shop,poke-mart,cascarrafa,Delibird Presents (Cascarrafa Branch),true,false,true,,,5000,pokedollars,,After earning 4 Gym Badges,
luminous-moss,shield,wild-pokemon,,,,true,false,false,,5.0,,,,,
luminous-moss,shield,exchange,,,Battle Tower,true,false,true,,,10,battle-points,,,
luminous-moss,sword,exchange,,,Battle Tower,true,false,true,,,10,battle-points,,,
luminous-moss,ultra-moon,overworld,visible,hauoli-city,,false,false,true,,,,,,,
luminous-moss,ultra-sun,overworld,visible,hauoli-city,,false,false,true,,,,,,,
luminous-moss,violet,shop,poke-mart,cascarrafa,Delibird Presents (Cascarrafa Branch),true,false,true,,,5000,pokedollars,,After earning 4 Gym Badges,
luminous-moss,x,overworld,recurring,,Mossy rocks,true,false,true,,,,,,,
luminous-moss,y,overworld,recurring,,Mossy rocks,true,false,true,,,,,,,
lumiose-galette,alpha-sapphire,npc-gift,,,Random gift from a fan after completing a Contest,true,false,false,,,,,,,
lumiose-galette,moon,npc-gift,,,Pokémon Center Café,true,false,false,,,,,,,
lumiose-galette,omega-ruby,story,,trick-house,Trick House,false,false,true,,,,,,,
lumiose-galette,shield,raid,max-raid,,"Giant's Bed, Old Cemetery, Ballimere Lake",true,false,false,,,,,,The Crown Tundra,
lumiose-galette,sun,overworld,visible,hauoli-city,,false,false,true,,,,,,,
lumiose-galette,sword,npc-gift,,,,true,false,false,,,,,,,
lumiose-galette,x,shop,vendor,lumiose-city,Galette Stand,true,false,true,,,100,pokedollars,,"Only available for four hours at a time starting from 3 AM, 9 AM, 3 PM, and 9 PM.",
lumiose-galette,y,shop,vendor,lumiose-city,Galette Stand,true,false,true,,,100,pokedollars,,"Only available for four hours at a time starting from 3 AM, 9 AM, 3 PM, and 9 PM.",
lumiosian-butter,legends-za,request,,magenta-sector-6,"Baker's stall during Side Mission 120: ""Donuts of Unworldly Deliciousness!""",false,false,true,,,,,,,
lunala-treat,scarlet,npc-gift,,blueberry-academy-entrance,Snacksworth,false,false,true,,,,,,After completing one group Blueberry Quest,
lunala-treat,violet,npc-gift,,blueberry-academy-entrance,Snacksworth,false,false,true,,,,,,After completing 10 solo Blueberry Quests,
lunalium-z,ultra-moon,npc-gift,,mahalo-trail,From Lillie after catching Nebby/Lunala,false,false,true,,,,,,After catching Nebby/Lunala,
lunalium-z,ultra-sun,overworld,visible,lake-of-the-sunne,After obtaining Cosmog,false,false,true,,,,,,After obtaining Cosmog,
lunar-feather,black-2,overworld,visible,strange-house,Second floor,false,false,true,,,,,,,
lunar-feather,brilliant-diamond,overworld,visible,fullmoon-island,Left behind by Cresselia when it leaves,false,false,true,,,,,,,
lunar-feather,diamond,overworld,visible,fullmoon-island,Left behind by Cresselia when it leaves,false,false,true,,,,,,,
lunar-feather,pearl,overworld,visible,fullmoon-island,Left behind by Cresselia when it leaves,false,false,true,,,,,,,
lunar-feather,platinum,overworld,visible,fullmoon-island,Left behind by Cresselia when it leaves,false,false,true,,,,,,,
lunar-feather,shining-pearl,overworld,visible,fullmoon-island,Left behind by Cresselia when it leaves,false,false,true,,,,,,,
lunar-feather,white-2,overworld,visible,strange-house,Second floor,false,false,true,,,,,,,
lure,lets-go-pikachu,overworld,visible,route-03-kanto,,false,false,true,,,,,,,
lure,lets-go-pikachu,overworld,visible,route-11-kanto,,false,false,true,,,,,,,
lure,lets-go-pikachu,overworld,visible,route-12-kanto,,false,false,true,,,,,,,
lure,lets-go-pikachu,overworld,visible,route-25-kanto,,false,false,true,,,,,,,
lure,lets-go-pikachu,overworld,visible,viridian-forest,,false,false,true,,,,,,,
lure,lets-go-pikachu,shop,poke-mart,,All Poké Marts,true,false,true,,,400,pokedollars,,After obtaining 2 Badges,
lure,lets-go-pikachu,shop,department-store,celadon-city,Celadon Department Store,true,false,true,,,400,pokedollars,,,
lure,lets-go-pikachu,overworld,recurring,underground-path-kanto-routes-5-6,,true,true,true,,,,,,,Hidden recurring item
lure,lets-go-pikachu,overworld,recurring,underground-path-kanto-routes-7-8,,true,true,true,,,,,,,Hidden recurring item
lure-ball,gold,npc-gift,,azalea-town,Kurt,false,false,true,,,,,,,
lure-ball,gold,crafting,apricorn,azalea-town,Blue Apricorn,true,false,true,,,,,,,
lustrous-globe,legends-arceus,story,,pearl-settlement,"Reward for defeating Irida to complete Request 90: ""The Pearl Clan's Treasure""",false,false,true,,,,,,,
lustrous-globe,scarlet,auction,,porto-marinada,Porto Marinada auction,true,false,false,,,,,,If the player owns a Palkia,
lustrous-globe,violet,auction,,porto-marinada,Porto Marinada auction,true,false,false,,,,,,If the player owns a Palkia,
lustrous-orb,black,npc-gift,,marvelous-bridge,Shadow Triad,false,false,true,,,,,,,
lustrous-orb,heartgold,wild-pokemon,,sinjoh-ruins,Held by Palkia,false,false,true,,,,,,,
lustrous-orb,omega-ruby,overworld,visible,hoenn-route-129,Underwater,false,false,true,,,,,,,
lustrous-orb,platinum,overworld,visible,mount-coronet,,false,false,true,,,,,,,
lustrous-orb,scarlet,auction,,porto-marinada,Auction,true,false,false,,,,,,If the player owns a Palkia,
lustrous-orb,sun,shop,specialty-shop,hauoli-city,Antiquities of the Ages,true,false,true,,,10000,pokedollars,,,
lustrous-orb,sword,bargain-shop,,stow-on-side,Bargain Shop Keeper,false,false,true,,,,,,If the player owns a Palkia,
lustrous-orb,x,overworld,visible,terminus-cave,,false,false,true,,,,,,,
lycanium-z,ultra-moon,npc-gift,,malie-city,From Hau after battling him,false,false,true,,,,,,,
lycanium-z,ultra-sun,npc-gift,,malie-city,From Hau after battling him,false,false,true,,,,,,,
mach-bike,alpha-sapphire,choice,,,Rydel's Cycles,true,false,true,,,,,,After speaking to specific NPCs to unlock both bikes,
mach-bike,emerald,choice,,,Rydel's Cycles,true,false,true,,,,,,,Choice between Mach Bike and Acro Bike; can switch by returning the other bike.
mach-bike,omega-ruby,choice,,,Rydel's Cycles,true,false,true,,,,,,After speaking to specific NPCs to unlock both bikes,
mach-bike,ruby,choice,,,Rydel's Cycles,true,false,true,,,,,,,Choice between Mach Bike and Acro Bike; can switch by returning the other bike.
mach-bike,sapphire,choice,,,Rydel's Cycles,true,false,true,,,,,,,Choice between Mach Bike and Acro Bike; can switch by returning the other bike.
machine-part,crystal,overworld,hidden,cerulean-gym,"Hidden in water in the middle of the Gym, after visiting the Power Plant",false,true,true,,,,,,After visiting the Power Plant,
machine-part,gold,overworld,hidden,cerulean-gym,"Hidden in water in the middle of the Gym, after visiting the Power Plant",false,true,true,,,,,,After visiting the Power Plant,
machine-part,heartgold,overworld,hidden,cerulean-gym,"Hidden behind a pile of lifebuoys, after defeating the Team Rocket Grunt on Route 24",false,true,true,,,,,,After defeating the Team Rocket Grunt on Route 24,Does not appear on the Dowsing Machine despite being hidden
machine-part,silver,overworld,hidden,cerulean-gym,"Hidden in water in the middle of the Gym, after visiting the Power Plant",false,true,true,,,,,,After visiting the Power Plant,
machine-part,soulsilver,overworld,hidden,cerulean-gym,"Hidden behind a pile of lifebuoys, after defeating the Team Rocket Grunt on Route 24",false,true,true,,,,,,After defeating the Team Rocket Grunt on Route 24,Does not appear on the Dowsing Machine despite being hidden
macho-brace,diamond,overworld,visible,pastoria-city,,false,false,true,,,,,,,
macho-brace,firered,overworld,visible,viridian-gym,,false,false,true,,,,,,,
macho-brace,ruby,overworld,visible,hoenn-route-111,,false,false,true,,,,,,,
macho-brace,sword,exchange,,hammerlocke,,true,false,true,,,10,battle-points,,,
magearnite,legends-za,request,,,Side Mission 195: Restarting Magearna,false,false,true,,,,,,,
magical-heart-pick,scarlet,shop,vendor,,Artisan Bakery,true,false,true,,,600,pokedollars,,,
magical-heart-pick,violet,shop,vendor,,Artisan Bakery,true,false,true,,,600,pokedollars,,,
magical-star-pick,scarlet,shop,vendor,,Artisan Bakery,true,false,true,,,600,pokedollars,,,
magical-star-pick,violet,shop,vendor,,Artisan Bakery,true,false,true,,,600,pokedollars,,,
magma-emblem,emerald,npc-gift,,mt-pyre,Summit; from an old lady after confronting Team Aqua,false,false,true,,,,,,After confronting Team Aqua,
magma-stone,black-2,overworld,visible,unova-route-18,On one of the cliffs in the northern section,false,false,true,,,,,,,
magma-stone,white-2,overworld,visible,unova-route-18,On one of the cliffs in the northern section,false,false,true,,,,,,,
magma-suit,omega-ruby,npc-gift,,sootopolis-city,Received from Maxie after Groudon has been awoken,false,false,true,,,,,,After Groudon has been awakened,
magost-berry,ruby,overworld,recurring,hoenn-route-123,Berry Master's house,true,false,true,,,,,,,
makeup-bag,moon,npc-gift,,hauoli-city,From Lillie outside the apparel shop,false,false,true,,,,,,Player character is female,
makeup-bag,sun,npc-gift,,hauoli-city,From Lillie outside the apparel shop,false,false,true,,,,,,Player character is female,
makeup-bag,ultra-moon,npc-gift,,hauoli-city,From Lillie outside the apparel shop,false,false,true,,,,,,Player character is female,
makeup-bag,ultra-sun,npc-gift,,hauoli-city,From Lillie outside the apparel shop,false,false,true,,,,,,Player character is female,
malamarite,legends-za,exchange,,quasartico-inc-building,Quasartico Inc. headquarters,false,false,true,,,240,,,"After completing Main Mission 35: ""Reaching Rank A""",Exchanged for 240 Mega Shards
malicious-armor,legends-za,story,,,"Given by Adver in Side Mission 132: ""Bitter Blue Flames vs. Blazing Crimson""",false,false,true,,,,,,If chosen over Auspicious Armor,
malicious-armor,legends-za,dropped,,,Destroy Floating Poké Ball in 5 Star Hyperspace Zones with Item Power: Special,true,false,false,,,,,,,
malicious-armor,scarlet,exchange,,,Trade,true,false,true,,,,,,,
malicious-armor,violet,exchange,,zapapico,Woman next to the fountain near the eastern Pokémon Center (exchange for ten Sinistea Chips),true,false,true,,,10,,,,
manectite,alpha-sapphire,overworld,visible,seaside-cycling-road,,false,false,true,,,,,,,
manectite,legends-za,exchange,,quasartico-inc-building,,false,false,true,,,180,,,,Requires Mega Shards
manectite,omega-ruby,overworld,visible,seaside-cycling-road,,false,false,true,,,,,,,
manectite,ultra-moon,exchange,,battle-tree,,true,false,true,,,64,battle-points,,,
manectite,ultra-sun,exchange,,battle-tree,,true,false,true,,,64,battle-points,,,
manectite,x,overworld,visible,kalos-route-16,,false,false,true,,,,,,Requires an upgraded Mega Ring,
maranga-berry,alpha-sapphire,harvest,,,Super-Secret Base (Gather Berries skill),true,false,false,,,,,,,
maranga-berry,moon,overworld,recurring,poni-plains,Berry piles,true,false,false,,,,,,,
maranga-berry,omega-ruby,harvest,,,Super-Secret Base (Gather Berries skill),true,false,false,,,,,,,
maranga-berry,scarlet,event,,,Ogre Oustin',true,false,false,,,,,,,
maranga-berry,shield,berry-tree,,axews-eye,Berry trees,true,false,false,,,,,,,
maranga-berry,sun,overworld,recurring,poni-plains,Berry piles,true,false,false,,,,,,,
maranga-berry,sword,berry-tree,,axews-eye,Berry trees,true,false,false,,,,,,,
maranga-berry,ultra-moon,overworld,recurring,poni-plains,Berry piles,true,false,false,,,,,,,
maranga-berry,ultra-sun,overworld,recurring,poni-plains,Berry piles,true,false,false,,,,,,,
maranga-berry,violet,event,,,Ogre Oustin',true,false,false,,,,,,,
maranga-berry,x,harvest,,,Mutation of Salac and Petaya Berries,true,false,false,,,,,,,
maranga-berry,y,harvest,,,Mutation of Salac and Petaya Berries,true,false,false,,,,,,,
marble,lets-go-eevee,npc-gift,,,Gift from Partner Eevee,true,false,true,,,,,,,
marble,lets-go-pikachu,npc-gift,,,Gift from Partner Pikachu,true,false,true,,,,,,,
marill-ball,scarlet,shop,specialty-shop,cascarrafa,Picnic-Knacks (Cascarrafa Branch),true,false,true,,,2000,pokedollars,,,
marill-ball,violet,shop,specialty-shop,cascarrafa,Picnic-Knacks (Cascarrafa Branch),true,false,true,,,2000,pokedollars,,,
mark-charm,scarlet,npc-gift,,blueberry-academy,Cyrano,false,false,true,,,,,,After completing the Blueberry Pokédex (excluding event Pokémon),
mark-charm,shield,npc-gift,,armor-station,Doctor at Armor Station,false,false,true,,,,,,After completing the Isle of Armor Pokédex,
mark-charm,sword,npc-gift,,armor-station,Doctor at Armor Station,false,false,true,,,,,,After completing the Isle of Armor Pokédex,
mark-charm,violet,npc-gift,,blueberry-academy,Cyrano,false,false,true,,,,,,After completing the Blueberry Pokédex (excluding event Pokémon),
marmalade,scarlet,shop,vendor,,Artisan Bakery,true,false,true,,,260,pokedollars,,After earning 4 Gym Badges,
marmalade,scarlet,shop,vendor,,Peachy's,true,false,true,,,260,pokedollars,,After earning 4 Badges,
marmalade,scarlet,shop,vendor,,Aquiesta Supermarket,true,false,true,,,260,pokedollars,,After earning 4 Gym Badges,
marmalade,violet,shop,vendor,,Peachy's,true,false,true,,,260,pokedollars,,After earning 4 Badges,
marmalade,violet,shop,vendor,,Artisan Bakery,true,false,true,,,260,pokedollars,,After earning 4 Gym Badges,
marmalade,violet,shop,vendor,,Aquiesta Supermarket,true,false,true,,,260,pokedollars,,After earning 4 Gym Badges,
marsh-balm,legends-arceus,story,,valor-cavern-hisui,"During Mission 15: ""The Trial of Lake Valor""",false,false,true,,,,,,During Mission 15,
marsh-balm,legends-arceus,story,,brava-arena,"During Mission 8: ""Arezu's Predicament"" and post-game rematches",true,false,true,,,,,,During Mission 8,
marshadium-z,moon,event,,,Bundled with Mount Tensei Marshadow,false,false,true,,,,,,,
marshadium-z,sun,event,,,Bundled with Mount Tensei Marshadow,false,false,true,,,,,,,
marshadium-z,ultra-moon,npc-gift,,tide-song-hotel,From a man,false,false,true,,,,,,Requires a Marshadow in the party,
marshadium-z,ultra-sun,npc-gift,,tide-song-hotel,From a man,false,false,true,,,,,,Requires a Marshadow in the party,
masterpiece-teacup,scarlet,overworld,visible,timeless-woods,,false,false,true,,,,,,The Teal Mask,
masterpiece-teacup,scarlet,item-printer,,,Item Printer,true,false,false,,,,,,The Indigo Disk,
masterpiece-teacup,scarlet,contest,,,Ogre Oustin',true,false,false,,,,,,The Teal Mask,
masterpiece-teacup,violet,overworld,visible,timeless-woods,,false,false,true,,,,,,The Teal Mask,
masterpiece-teacup,violet,contest,,,Ogre Oustin',true,false,false,,,,,,The Teal Mask,
masterpiece-teacup,violet,item-printer,,,Item Printer,true,false,false,,,,,,The Indigo Disk,
mawilite,alpha-sapphire,npc-gift,,verdanturf-town,,false,false,true,,,,,,,
mawilite,legends-za,story,,,Defeat the Rogue Mega Mawile in Main Mission 21,false,false,true,,,,,,Main Mission 21: A Rogue Mega Mawile,
mawilite,omega-ruby,npc-gift,,verdanturf-town,,false,false,true,,,,,,,
mawilite,ultra-moon,exchange,,battle-tree,,true,false,true,,,64,battle-points,,,
mawilite,ultra-sun,exchange,,battle-tree,,true,false,true,,,64,battle-points,,,
mawilite,x,overworld,visible,shabboneau-castle,2F (requires an upgraded Mega Ring),false,false,true,,,,,,Requires upgraded Mega Ring,
mawilite,y,overworld,visible,shabboneau-castle,2F (requires an upgraded Mega Ring),false,false,true,,,,,,Requires upgraded Mega Ring,
max-elixir,red,overworld,visible,,"Route 17, Power Plant, Seafoam Islands, Cerulean Cave",false,false,true,1,,,,,,
max-honey,shield,raid,max-raid,honeycalm-island,Story event Max Raid Battle with Dynamax Vespiquen,false,false,true,,,,,,During the Isle of Armor story,
max-honey,shield,raid,max-raid,honeycalm-island,Max Raid Battles with Combee and Vespiquen,true,false,false,,,,,,,
max-honey,sword,raid,max-raid,honeycalm-island,Story event Max Raid Battle with Dynamax Vespiquen,false,false,true,,,,,,During the Isle of Armor story,
max-honey,sword,raid,max-raid,honeycalm-island,Max Raid Battles with Combee and Vespiquen,true,false,false,,,,,,,
max-lure,lets-go-eevee,shop,poke-mart,,All Poké Marts,true,false,true,,,900,pokedollars,,After obtaining 6 Badges,
max-lure,lets-go-eevee,overworld,visible,route-12-kanto,,false,false,true,,,,,,,
max-lure,lets-go-pikachu,overworld,visible,cerulean-cave,,false,false,true,,,,,,,
max-lure,lets-go-pikachu,shop,poke-mart,,All Poké Marts,true,false,true,,,900,pokedollars,,After obtaining 6 Badges,
max-lure,lets-go-pikachu,overworld,recurring,underground-path-kanto-routes-5-6,,true,true,true,,,,,,,Hidden recurring item
max-lure,lets-go-pikachu,overworld,recurring,underground-path-kanto-routes-7-8,,true,true,true,,,,,,,Hidden recurring item
max-lure,lets-go-pikachu,overworld,visible,route-12-kanto,,false,false,true,,,,,,,
max-lure,lets-go-pikachu,overworld,visible,pokemon-mansion-kanto,,false,false,true,,,,,,,
max-lure,lets-go-pikachu,overworld,visible,silph-co,,false,false,true,,,,,,,
max-mushrooms,shield,overworld,visible,warm-up-tunnel,After defeating Avery for the second time,false,false,true,3,,,,,After defeating Avery for the second time,
max-mushrooms,shield,overworld,recurring,,"Courageous Cavern, Brawlers' Cave, Forest of Focus, or Warm-Up Tunnel",true,false,false,1,,,,,After three Max Raid Battles,One cluster spawns in one random location
max-mushrooms,sword,overworld,recurring,,"Courageous Cavern, Brawlers' Cave, Forest of Focus, or Warm-Up Tunnel",true,false,false,1,,,,,After three Max Raid Battles,One cluster spawns in one random location
max-mushrooms,sword,overworld,visible,warm-up-tunnel,After defeating Klara for the second time,false,false,true,3,,,,,After defeating Klara for the second time,
mayonnaise,scarlet,vending-machine,,terarium,Vending machines,true,false,true,,,,,,The Indigo Disk,
mayonnaise,scarlet,overworld,visible,west-province-area-two,,false,false,true,,,,,,,
mayonnaise,scarlet,shop,vendor,,Aquiesta Supermarket,true,false,true,,,120,pokedollars,,,
mayonnaise,scarlet,shop,vendor,,Artisan Bakery,true,false,true,,,120,pokedollars,,,
mayonnaise,violet,shop,vendor,,Artisan Bakery,true,false,true,,,120,pokedollars,,,
mayonnaise,violet,overworld,visible,west-province-area-two,,false,false,true,,,,,,,
mayonnaise,violet,shop,vendor,,Aquiesta Supermarket,true,false,true,,,120,pokedollars,,,
mayonnaise,violet,vending-machine,,terarium,Vending machines,true,false,true,,,,,,The Indigo Disk,
meadow-plate,black,overworld,visible,abyssal-ruins,,false,false,true,,,,,,,
meadow-plate,brilliant-diamond,overworld,visible,route-210-sinnoh,,false,false,true,,,,,,,
meadow-plate,brilliant-diamond,mining,,,,true,false,false,,,,,,,
meadow-plate,diamond,overworld,visible,route-210-sinnoh,,false,false,true,,,,,,,
meadow-plate,heartgold,npc-gift,,ss-aqua,Captain,false,false,true,,,,,,After obtaining all 16 Gym Badges,
meadow-plate,legends-arceus,story,,brava-arena,Reward for defeating Hisuian Lilligant,false,false,true,,,,,,Mission 8: Arezu's Predicament,
meadow-plate,omega-ruby,overworld,visible,hoenn-route-130,Underwater,false,false,true,,,,,,,
meadow-plate,platinum,overworld,visible,route-210-sinnoh,,false,false,true,,,,,,,
meadow-plate,scarlet,auction,,porto-marinada,,false,false,true,,,,,,If the player owns an Arceus,
meadow-plate,sun,shop,specialty-shop,hauoli-city,Shopping District,false,false,true,,,,,,,
meadow-plate,x,overworld,visible,kalos-route-20,,false,false,true,,,,,,,
mech-mail,emerald,shop,department-store,lilycove-city,Lilycove Department Store,true,false,true,,,50,pokedollars,,,
mech-mail,emerald,overworld,visible,trick-house,,false,false,true,,,,,,,
mech-mail,firered,trade,,,,true,false,true,,,,,,,
mech-mail,leafgreen,trade,,,,true,false,true,,,,,,,
mech-mail,ruby,overworld,visible,trick-house,,false,false,true,,,,,,,
mech-mail,ruby,shop,department-store,lilycove-city,Lilycove Department Store,true,false,true,,,50,pokedollars,,,
mech-mail,sapphire,shop,department-store,lilycove-city,Lilycove Department Store,true,false,true,,,50,pokedollars,,,
mech-mail,sapphire,overworld,visible,trick-house,,false,false,true,,,,,,,
medal-box,black-2,npc-gift,,floccesy-town,From Mr. Medal outside of Alder's house after defeating the two School Kids,false,false,true,,,,,,After defeating the two School Kids,
medal-box,white-2,npc-gift,,floccesy-town,From Mr. Medal outside of Alder's house after defeating the two School Kids,false,false,true,,,,,,After defeating the two School Kids,
medichamite,alpha-sapphire,overworld,visible,mt-pyre,,false,false,true,,,,,,,
medichamite,legends-za,shop,specialty-shop,stone-emporium,,true,false,true,,,50000,pokedollars,,After completing Main Mission 09,
medichamite,moon,event,,,First Mega Stone Gift,false,false,true,,,,,,,
medichamite,omega-ruby,overworld,visible,mt-pyre,,false,false,true,,,,,,,
medichamite,sun,event,,,First Mega Stone Gift,false,false,true,,,,,,,
medichamite,ultra-moon,exchange,,battle-tree,,true,false,true,,,64,battle-points,,,
medichamite,ultra-sun,exchange,,battle-tree,,true,false,true,,,64,battle-points,,,
medichamite,x,overworld,visible,laverre-city,Requires upgraded Mega Ring,false,false,true,,,,,,After upgrading the Mega Ring,
medichamite,y,overworld,visible,laverre-city,Requires upgraded Mega Ring,false,false,true,,,,,,After upgrading the Mega Ring,
medicinal-leek,legends-arceus,overworld,recurring,crimson-mirelands,Haystacks,true,false,false,,,,,,,
medicinal-leek,legends-arceus,harvest,,jubilife-village,Farm (medicinal harvest),true,false,true,,,,,,,
medicinal-leek,legends-arceus,shop,vendor,jubilife-village,Ginkgo Guild cart (Tuli),true,false,true,,,,,,,
medicinal-leek,legends-arceus,dropped,,,Dropped by wild Pokémon,true,false,false,,,,,,,
medicinal-leek,legends-arceus,overworld,recurring,,"Obsidian Fieldlands, Crimson Mirelands, Cobalt Coastlands, Coronet Highlands, Alabaster Icelands",true,false,true,,,,,,,
mega-bracelet,alpha-sapphire,npc-gift,,southern-island,From Steven after Latias joins the player,false,false,true,,,,,,After Latias joins the player,
mega-bracelet,omega-ruby,npc-gift,,southern-island,From Steven after Latios joins the player,false,false,true,,,,,,After Latios joins the player,
mega-ring,legends-za,story,,jaune-sector-10,From AZ before facing the Rogue Mega-Evolved Absol,false,false,true,,,,,,,
mega-ring,x,story,,tower-of-mastery,From Korrina after earning the Rumble Badge,false,false,true,,,,,rumble-badge,,
mega-ring,y,story,,tower-of-mastery,From Korrina after earning the Rumble Badge,false,false,true,,,,,rumble-badge,,
mega-shard,legends-za,overworld,recurring,,Destroying Mega Crystals using damaging moves,true,false,true,,,,,,,
meganiumite,legends-za,npc-gift,,,AZ,false,false,true,,,,,,"During Main Mission 10: ""The Secrets of Mega Evolution"" if the player's first partner Pokémon was Chikorita",
meganiumite,legends-za,shop,specialty-shop,,Stone Emporium,true,false,true,,,,,,"After completing Main Mission 37: ""Operation Protect Lumiose"" if the player's first partner Pokémon was not Chikorita",
meowsticite,legends-za,story,,,"Obtained upon defeating and catching the Rogue Mega Meowstic in Hyperspace Mission 08: ""Hyperspace Lumiose Survey No. 4""",false,false,true,,,,,,,
mesprits-plume,legends-arceus,story,,verity-cavern-hisui,"Obtained from Mesprit after passing its challenge during Mission 14: ""The Trial of Lake Verity""",false,false,true,,,,,,During Mission 14: The Trial of Lake Verity,
metagrossite,alpha-sapphire,npc-gift,,pokemon-league-kalos,"Steven, after first rematch",false,false,true,,,,,,After the first rematch with Steven,
metagrossite,legends-za,exchange,,quasartico-inc-building,,false,false,true,,,360,,,After completing Main Mission 30: Reaching Rank B,Cost listed as Mega Shards
metagrossite,moon,exchange,,battle-tree,,true,false,true,,,64,battle-points,,,
metagrossite,omega-ruby,npc-gift,,pokemon-league-kalos,"Steven, after first rematch",false,false,true,,,,,,After the first rematch with Steven,
metagrossite,sun,exchange,,battle-tree,,true,false,true,,,64,battle-points,,,
metagrossite,ultra-moon,exchange,,battle-tree,,true,false,true,,,64,battle-points,,,
metagrossite,ultra-sun,exchange,,battle-tree,,true,false,true,,,64,battle-points,,,
metal-alloy,scarlet,achievement,,,Blueberry Pokédex,false,false,true,,,,,,Reward for registering 190 Pokémon in the Blueberry Pokédex,
metal-alloy,scarlet,overworld,visible,chargestone-cavern,,false,false,true,,,,,,,
metal-alloy,the-indigo-disk,shop,specialty-shop,blueberry-academy,School Store,true,false,true,,,300,battle-points,,,
metal-alloy,the-indigo-disk,crafting,item-printer,,,true,false,false,,,,,,,
metal-alloy,violet,overworld,visible,chargestone-cavern,,false,false,true,,,,,,,
metal-alloy,violet,achievement,,,Blueberry Pokédex,false,false,true,,,,,,Reward for registering 190 Pokémon in the Blueberry Pokédex,
metal-powder,crystal,transfer,,,Held by Ditto traded from Generation I,true,false,false,,,,,,,
metal-powder,gold,transfer,,,Held by Ditto traded from Generation I,true,false,false,,,,,,,
metal-powder,silver,transfer,,,Held by Ditto traded from Generation I,true,false,false,,,,,,,
meteorite,alpha-sapphire,npc-gift,,mt-chimney,From Archie after defeating him,false,false,true,,,,,,,
meteorite,emerald,overworld,visible,mt-chimney,Inside the machine near Maxie,false,false,true,,,,,,,
meteorite,firered,npc-gift,,two-island,"Pokémon Network Center, from Bill",false,false,true,,,,,,After arriving for the first time,
meteorite,leafgreen,npc-gift,,two-island,"Pokémon Network Center, from Bill",false,false,true,,,,,,After arriving for the first time,
meteorite,omega-ruby,npc-gift,,mt-chimney,From Maxie after defeating him,false,false,true,,,,,,,
meteorite,ruby,overworld,visible,mt-chimney,Inside the machine near Maxie,false,false,true,,,,,,,
meteorite,sapphire,overworld,visible,mt-chimney,Inside the machine near Archie,false,false,true,,,,,,,
meteorite,scarlet,auction,,porto-marinada,Auction house,true,false,false,,,,,,If the player owns a Deoxys,Version 3.0.0+
meteorite,violet,auction,,porto-marinada,Auction house,true,false,false,,,,,,If the player owns a Deoxys,Version 3.0.0+
meteorite-shard,alpha-sapphire,npc-gift,,granite-cave,From Zinnia after defeating her,false,false,true,,,,,,,
meteorite-shard,omega-ruby,npc-gift,,granite-cave,From Zinnia after defeating her,false,false,true,,,,,,,
mewnium-z,moon,event,,,Pokémon Bank promotion,false,false,true,,,,,,,
mewnium-z,sun,event,,,Pokémon Bank promotion,false,false,true,,,,,,,
mewnium-z,ultra-moon,npc-gift,,tide-song-hotel,Man at Tide Song Hotel,false,false,true,,,,,,Requires a Mew in the party,
mewnium-z,ultra-sun,npc-gift,,tide-song-hotel,Man at Tide Song Hotel,false,false,true,,,,,,Requires a Mew in the party,
mewtwonite-x,alpha-sapphire,npc-gift,,littleroot-town,After defeating or capturing Kyogre,false,false,true,,,,,,After defeating or capturing Kyogre,
mewtwonite-x,lets-go-eevee,npc-gift,,cerulean-cave,From Green after defeating her,false,false,true,,,,,,After defeating Green,
mewtwonite-x,lets-go-pikachu,npc-gift,,cerulean-cave,From Green after defeating her,false,false,true,,,,,,After defeating Green,
mewtwonite-x,omega-ruby,npc-gift,,littleroot-town,After defeating or capturing Groudon,false,false,true,,,,,,After defeating or capturing Groudon,
mewtwonite-x,ultra-moon,exchange,,battle-tree,,true,false,true,,,64,battle-points,,,
mewtwonite-x,ultra-sun,exchange,,battle-tree,,true,false,true,,,64,battle-points,,,
mewtwonite-x,x,overworld,visible,unknown-dungeon-kalos,After catching Mewtwo,false,false,true,,,,,,After catching Mewtwo,
mewtwonite-x,y,overworld,visible,unknown-dungeon-kalos,After catching Mewtwo,false,false,true,,,,,,After catching Mewtwo,
mewtwonite-y,legends-za,event,,,,false,false,true,,,,,,,
mewtwonite-y,lets-go-pikachu,npc-defeat,,cerulean-cave,From Green after defeating her,false,false,true,,,,,,,
mewtwonite-y,omega-ruby,overworld,visible,pokemon-league-kalos,Outside the front door,false,false,true,,,,,,,
mewtwonite-y,sun,event,,,,false,false,true,,,,,,,
mewtwonite-y,ultra-sun,exchange,,battle-tree,,true,false,true,,,64,battle-points,,,
mewtwonite-y,x,overworld,visible,unknown-dungeon-kalos,After catching Mewtwo,false,false,true,,,,,,,
micle-berry,diamond,event,,,,false,false,true,,,,,,,
mighty-candy,lets-go-eevee,overworld,visible,team-rocket-hideout,,false,false,true,,,,,,,
mighty-candy,lets-go-pikachu,overworld,visible,team-rocket-hideout,,false,false,true,,,,,,,
mighty-candy-l,lets-go-eevee,overworld,recurring,celadon-game-corner,Hidden recurring item,true,true,true,,,,,,,
mighty-candy-l,lets-go-pikachu,transfer,,go-park,GO Park or Poké Ball Plus,true,false,true,,,,,,,
mighty-candy-l,lets-go-pikachu,wild-pokemon,,,Obtained by catching or transferring certain Pokémon,true,false,false,,,,,,,
mighty-candy-xl,lets-go-eevee,pokewalker,,,Poké Ball Plus,true,false,false,,,,,,,
mighty-candy-xl,lets-go-eevee,wild-pokemon,,,Obtained by catching or transferring certain Pokémon,true,false,true,,,,,,,
mighty-candy-xl,lets-go-eevee,overworld,recurring,celadon-game-corner,Hidden recurring item,true,true,true,,,,,,,
mighty-candy-xl,lets-go-pikachu,pokewalker,,,Poké Ball Plus,true,false,false,,,,,,,
mighty-candy-xl,lets-go-pikachu,wild-pokemon,,,Obtained by catching or transferring certain Pokémon,true,false,true,,,,,,,
mighty-candy-xl,lets-go-pikachu,overworld,recurring,celadon-game-corner,Hidden recurring item,true,true,true,,,,,,,
mild-mint,brilliant-diamond,exchange,,,Battle Park,true,false,true,,,50,battle-points,,,
mild-mint,legends-arceus,harvest,,,Farm (mint harvest),true,false,false,,,,,,,
mild-mint,scarlet,shop,specialty-shop,,Chansey Supply,true,false,true,,,20000,pokedollars,,After earning 6 Gym Badges,
mild-mint,shield,exchange,,,Battle Tower,true,false,true,,,50,battle-points,,,
mild-mint,sword,overworld,recurring,giants-bed,Hidden recurring item,true,true,true,,,,,,The Crown Tundra,
mild-mint,sword,overworld,recurring,soothing-wetlands,Hidden recurring item,true,true,true,,,,,,The Isle of Armor,
mild-mint,sword,exchange,,,Battle Tower,true,false,true,,,50,battle-points,,,
mimikium-z,ultra-moon,overworld,visible,thrifty-megamart-abandoned-site,Available at night after passing Nanu's grand trial,false,false,true,,,,,,After passing Nanu's grand trial; at night,
mimikium-z,ultra-sun,overworld,visible,thrifty-megamart-abandoned-site,Available at night after passing Nanu's grand trial,false,false,true,,,,,,After passing Nanu's grand trial; at night,
mind-plate,diamond,overworld,visible,solaceon-ruins-sinnoh,,false,false,true,,,,,,,
mind-plate,heartgold,npc-gift,,ss-aqua,Captain,false,false,true,,,,,,After obtaining all 16 Gym Badges,
mind-plate,scarlet,auction,,porto-marinada,,false,false,true,,,,,,If the player owns an Arceus,
mint-berry,crystal,berry-tree,,route-39-johto,,true,false,true,,,,,,,
mint-berry,crystal,event,,,Mystery Gift,true,false,false,,,,,,,
mint-berry,crystal,berry-tree,,pewter-city,,true,false,true,,,,,,,
mint-berry,gold,berry-tree,,pewter-city,,true,false,true,,,,,,,
mint-berry,gold,event,,,Mystery Gift,true,false,false,,,,,,,
mint-berry,gold,berry-tree,,route-39-johto,,true,false,true,,,,,,,
mint-berry,silver,berry-tree,,route-39-johto,,true,false,true,,,,,,,
mint-berry,silver,berry-tree,,pewter-city,,true,false,true,,,,,,,
mint-berry,silver,event,,,Mystery Gift,true,false,false,,,,,,,
mint-chairs,scarlet,npc-gift,,revelers-road,Picnicker,false,false,true,,,,,,If the player owns the Mint Tablecloth,
mint-chairs,violet,npc-gift,,revelers-road,Picnicker,false,false,true,,,,,,If the player owns the Mint Tablecloth,
mint-tablecloth,scarlet,shop,specialty-shop,mesagoza,Picnic-Knacks (Mesagoza Branch),true,false,true,,,1000,pokedollars,,,
mint-tablecloth,violet,shop,specialty-shop,mesagoza,Picnic-Knacks (Mesagoza Branch),true,false,true,,,1000,pokedollars,,,
miracle-seed,crystal,overworld,visible,route-32-johto,,false,false,true,,,,,,,
miracle-seed,gold,overworld,visible,route-32-johto,,false,false,true,,,,,,,
miracle-seed,silver,overworld,visible,route-32-johto,,false,false,true,,,,,,,
miracle-seed,sword,shop,bargain-shop,stow-on-side,Bargain Shop,true,false,true,,,3000,pokedollars,,,
miracleberry,crystal,wild-pokemon,,,Held by wild Celebi,false,false,false,,2.0,,,,,
miracleberry,crystal,pokewalker,,,Mystery Gift: Pokémon Pikachu 2 GS,true,false,false,,,600,watts,,,
miracleberry,gold,pokewalker,,,Mystery Gift: Pokémon Pikachu 2 GS,true,false,false,,,600,watts,,,
miracleberry,gold,wild-pokemon,,,Held by wild Celebi,false,false,false,,2.0,,,,,
miracleberry,silver,wild-pokemon,,,Held by wild Celebi,false,false,false,,2.0,,,,,
miracleberry,silver,pokewalker,,,Mystery Gift: Pokémon Pikachu 2 GS,true,false,false,,,600,watts,,,
mirage-mail,crystal,event,,pokecom-center,Mobile System GB service,false,false,true,,,,,,Available only via the Mobile System GB service in the Japanese version,
miraidons-poke-ball,violet,npc-defeat,,poco-path,From Arven after defeating him,false,false,true,,,,,,,
mirror-herb,scarlet,shop,specialty-shop,cascarrafa,Delibird Presents (Cascarrafa Branch),true,false,true,,,30000,pokedollars,,,
mirror-herb,violet,shop,specialty-shop,cascarrafa,Delibird Presents (Cascarrafa Branch),true,false,true,,,30000,pokedollars,,,
misty-seed,moon,overworld,visible,poni-gauntlet,,false,false,true,,,,,,,
misty-seed,scarlet,shop,specialty-shop,cascarrafa,Delibird Presents,true,false,true,,,20000,pokedollars,,After completing the main storyline,
misty-seed,shield,overworld,visible,slumbering-weald,,false,false,true,,,,,,,
misty-seed,sun,overworld,visible,poni-gauntlet,,false,false,true,,,,,,,
misty-seed,sword,crafting,cram-o-matic,,Fairy: 22–30 points,true,false,false,,,,,,The Isle of Armor,
misty-seed,sword,overworld,visible,slumbering-weald,,false,false,true,,,,,,,
misty-seed,violet,overworld,sparkling,west-province-area-three,,true,false,false,,,,,,,
mixed-mushrooms,shield,shop,vendor,rolling-fields,Ingredients Seller,true,false,true,,,400,pokedollars,,,
mixed-mushrooms,shield,npc-gift,,,After cooking curry,true,false,false,,,,,,,
mixed-mushrooms,sword,npc-gift,,,After cooking curry,true,false,false,,,,,,,
mixed-mushrooms,sword,shop,vendor,rolling-fields,Ingredients Seller,true,false,true,,,400,pokedollars,,,
modest-mint,shield,exchange,,battle-tower-galar,Battle Tower,true,false,true,,,50,battle-points,,,
modest-mint,sword,exchange,,battle-tower-galar,Battle Tower,true,false,true,,,50,battle-points,,,
moltres-treat,scarlet,npc-gift,,blueberry-academy-entrance,Snacksworth,false,false,true,,,,,,After completing 10 solo Blueberry Quests,Available during The Indigo Disk.
moltres-treat,violet,npc-gift,,blueberry-academy-entrance,Snacksworth,false,false,true,,,,,,After completing 10 solo Blueberry Quests,Available during The Indigo Disk.
monstrous-chairs,scarlet,npc-gift,,revelers-road,Picnicker,false,false,true,,,,,,If the player owns the Monstrous Tablecloth,
monstrous-chairs,violet,npc-gift,,revelers-road,Picnicker,false,false,true,,,,,,If the player owns the Monstrous Tablecloth,
monstrous-tablecloth,scarlet,shop,specialty-shop,mesagoza,Picnic-Knacks (Mesagoza Branch),true,false,true,,,2000,pokedollars,,,
monstrous-tablecloth,violet,shop,specialty-shop,mesagoza,Picnic-Knacks (Mesagoza Branch),true,false,true,,,2000,pokedollars,,,
moomoo-cheese,shield,npc-gift,,east-lake-axewell,Camping King,false,false,true,,,,,,,
moomoo-cheese,shield,shop,vendor,hammerlocke-hills,Ingredients Seller,true,false,true,,,,pokedollars,,,
moomoo-cheese,shield,exchange,watts,master-dojo,Refrigerator,true,false,true,,,100000,watts,,"After donating 100,000 Watts",Isle of Armor
moomoo-cheese,sword,npc-gift,,east-lake-axewell,Camping King,false,false,true,,,,,,,
moomoo-cheese,sword,exchange,watts,master-dojo,Refrigerator,true,false,true,,,100000,watts,,"After donating 100,000 Watts",Isle of Armor
moomoo-cheese,sword,shop,vendor,hammerlocke-hills,Ingredients Seller,true,false,true,,,,pokedollars,,,
moon-ball,gold,crafting,apricorn,azalea-town,Kurt (Yellow Apricorn),true,false,true,1,,,,,,
moon-ball,heartgold,crafting,apricorn,azalea-town,Kurt (Yellow Apricorn),true,false,true,1,,,,,,
moon-flute,moon,overworld,visible,exeggutor-island,,false,false,true,,,,,,,
moon-flute,sun,story,,,Given to Lillie after defeating Lusamine,false,false,true,,,,,,After defeating Lusamine,
moon-flute,ultra-moon,overworld,visible,exeggutor-island,,false,false,true,,,,,,,
moon-flute,ultra-sun,story,,,Given to Lillie after defeating Lusamine,false,false,true,,,,,,After defeating Lusamine,
morph-mail,crystal,event,,,Mystery Gift,true,false,true,,,,,,,
morph-mail,gold,event,,,Mystery Gift,true,false,true,,,,,,,
morph-mail,silver,event,,,Mystery Gift,true,false,true,,,,,,,
mountain-balm,legends-arceus,story,,moonview-arena,During Mission 11: Scaling Perilous Heights and post-game rematches,true,false,true,,,,,,During Mission 11 and post-game rematches,
muscle-band,black,exchange,,battle-subway,Battle Subway,true,false,true,,,48,battle-points,,,
muscle-band,black-2,exchange,,pokemon-world-tournament,Battle Subway / PWT,true,false,true,,,8,battle-points,,,
muscle-band,diamond,exchange,,battle-park-sinnoh,Battle Park,true,false,true,,,48,battle-points,,,
muscle-band,heartgold,mom,,,Purchased by the player's Mom,false,false,true,,,,,,,
muscle-band,platinum,exchange,,battle-frontier-sinnoh,Battle Frontier,true,false,true,,,48,battle-points,,,
muscle-band,scarlet,shop,vendor,cascarrafa,Delibird Presents (Mesagoza Branch),true,false,true,,,8000,pokedollars,,,
muscle-band,sun,overworld,visible,konikoni-city,,false,false,true,,,,,,,
muscle-band,sword,overworld,visible,hammerlocke,,false,false,true,,,,,,,
muscle-band,x,exchange,,battle-maison,Battle Maison,true,false,true,,,48,battle-points,,,
muscle-feather,black,overworld,recurring,driftveil-drawbridge,Flying Pokémon's shadow,true,false,true,,,,,,,
muscle-feather,black,overworld,recurring,marvelous-bridge,Flying Pokémon's shadow,true,false,true,,,,,,,
muscle-mochi,scarlet,contest,,,Ogre Oustin',true,false,false,,,,,,,
muscle-mochi,violet,contest,,,Ogre Oustin',true,false,false,,,,,,,
mushroom-cake,legends-arceus,crafting,recipe,,1 Springy Mushroom and 1 Cake-Lure Base,true,false,true,1,,,,,,
mushroom-cake,legends-arceus,overworld,visible,cobalt-coastlands,Boxes,true,false,false,1,,,,,,
mushroom-cake,legends-arceus,overworld,visible,coronet-highlands,Boxes,true,false,false,1,,,,,,
mushroom-cake,legends-arceus,shop,vendor,,General store and base camp stores,true,false,true,1,,400,pokedollars,,After completing Request 23: Getting Ahold of New Wares,
mushroom-cake,legends-arceus,shop,vendor,,Ginkgo Guild cart (Ginter),true,false,false,10,,,,,,Randomly sold
music-mail,crystal,event,,,Mystery Gift,true,false,true,,,,,,,
music-mail,gold,event,,,Mystery Gift,true,false,true,,,,,,,
music-mail,silver,event,,,Mystery Gift,true,false,true,,,,,,,
mustard,scarlet,vending-machine,,terarium,Vending machines,true,false,true,,,,,,The Indigo Disk DLC,
mustard,scarlet,shop,vendor,,Artisan Bakery; Aquiesta Supermarket,true,false,true,,,130,pokedollars,,,
mustard,violet,vending-machine,,terarium,Vending machines,true,false,true,,,,,,The Indigo Disk DLC,
mustard,violet,shop,vendor,,Artisan Bakery; Aquiesta Supermarket,true,false,true,,,130,pokedollars,,,
mysterious-balm,legends-arceus,story,,hall-of-origin,"During Mission 27: ""The Deified Pokémon"" and in rematches",true,false,true,,,,,,During Mission 27 after gaining access to the Hall of Origin,
mysterious-shard-l,brilliant-diamond,overworld,recurring,,,true,false,false,,,,,,After obtaining the National Pokédex,
mysterious-shard-l,shining-pearl,overworld,recurring,,,true,false,false,,,,,,After obtaining the National Pokédex,
mysterious-shard-s,brilliant-diamond,overworld,recurring,,,true,false,true,,,,,,After obtaining the National Pokédex,
mysterious-shard-s,shining-pearl,overworld,recurring,,,true,false,true,,,,,,After obtaining the National Pokédex,
mystery-berry,crystal,overworld,visible,ruins-of-alph,,false,false,true,,,,,,,
mystery-berry,crystal,npc-gift,,pewter-city,Held by in-game trade Xatu,false,false,true,,,,,,,
mystery-berry,crystal,berry-tree,,route-35-johto,,true,false,true,,,,,,,
mystery-berry,crystal,berry-tree,,route-45-johto,,true,false,true,,,,,,,
mystery-berry,gold,berry-tree,,route-35-johto,,true,false,true,,,,,,,
mystery-berry,gold,berry-tree,,route-45-johto,,true,false,true,,,,,,,
mystery-berry,silver,berry-tree,,route-35-johto,,true,false,true,,,,,,,
mystery-berry,silver,berry-tree,,route-45-johto,,true,false,true,,,,,,,
mystery-egg,crystal,npc-gift,,route-30-johto,Mr. Pokémon,false,false,true,,,,,,,
mystery-egg,gold,npc-gift,,route-30-johto,Mr. Pokémon,false,false,true,,,,,,,
mystery-egg,heartgold,npc-gift,,route-30-johto,Mr. Pokémon,false,false,true,,,,,,,
mystery-egg,silver,npc-gift,,route-30-johto,Mr. Pokémon,false,false,true,,,,,,,
mystery-egg,soulsilver,npc-gift,,route-30-johto,Mr. Pokémon,false,false,true,,,,,,,
mythical-pecha-berry,scarlet,event,,,Mystery Gift,true,false,true,,,,,,,
mythical-pecha-berry,violet,event,,,Mystery Gift,true,false,true,,,,,,,
n-lunarizer,scarlet,auction,,porto-marinada,Auction,true,false,false,,,,,,If the player owns a Necrozma,
n-lunarizer,shield,bargain-shop,,stow-on-side,Bargain shop keeper,false,false,true,,,,,,If the player owns a Necrozma,
n-lunarizer,sword,bargain-shop,,stow-on-side,Bargain shop keeper,false,false,true,,,,,,If the player owns a Necrozma,
n-lunarizer,ultra-moon,npc-gift,,mount-lanakila,From Colress after catching Necrozma,false,false,true,,,,,,After catching Necrozma,
n-lunarizer,ultra-sun,npc-gift,,mount-lanakila,From Colress after catching Necrozma,false,false,true,,,,,,After catching Necrozma,
n-lunarizer,violet,auction,,porto-marinada,Auction,true,false,false,,,,,,If the player owns a Necrozma,
n-solarizer,scarlet,auction,,porto-marinada,Auction,false,false,true,,,,,,If the player owns a Necrozma,
n-solarizer,shield,bargain-shop,,stow-on-side,Bargain shop keeper,false,false,true,,,,,,If the player owns a Necrozma,
n-solarizer,sword,bargain-shop,,stow-on-side,Bargain shop keeper,false,false,true,,,,,,If the player owns a Necrozma,
n-solarizer,ultra-moon,npc-gift,,mount-lanakila,Colress,false,false,true,,,,,,After catching Necrozma,
n-solarizer,ultra-sun,npc-gift,,mount-lanakila,Colress,false,false,true,,,,,,After catching Necrozma,
n-solarizer,violet,auction,,porto-marinada,Auction,false,false,true,,,,,,If the player owns a Necrozma,
naive-mint,brilliant-diamond,exchange,,,Battle Park,true,false,true,,,50,battle-points,,,
naive-mint,legends-arceus,harvest,,jubilife-village-farm,Mint harvest,true,false,false,,,,,,,
naive-mint,scarlet,shop,specialty-shop,,Chansey Supply,true,false,true,,,20000,pokedollars,,After earning 6 Gym Badges,
naive-mint,shield,overworld,recurring,giants-bed,,true,true,false,,,,,,The Crown Tundra,
naive-mint,shield,exchange,,,Battle Tower,true,false,true,,,50,battle-points,,,
naive-mint,shining-pearl,exchange,,,Battle Park,true,false,true,,,50,battle-points,,,
naive-mint,sword,exchange,,,Battle Tower,true,false,true,,,50,battle-points,,,
naive-mint,sword,overworld,recurring,soothing-wetlands,,true,true,false,,,,,,The Isle of Armor,
naive-mint,violet,overworld,visible,area-zero,South Province (Area Five),false,false,true,,,,,,,
naughty-mint,brilliant-diamond,exchange,,,Battle Park,true,false,true,,,50,battle-points,,,
naughty-mint,legends-arceus,harvest,,jubilife-village-farm,Mint harvest,true,false,false,,,,,,,
naughty-mint,scarlet,overworld,visible,canyon-biome,,false,false,true,,,,,,The Indigo Disk,
naughty-mint,scarlet,overworld,visible,area-zero,,false,false,true,,,,,,,
naughty-mint,scarlet,tournament,,,Academy Ace Tournament,true,false,false,,,,,,,
naughty-mint,scarlet,tera-raid,tera-raid-5star,,,true,false,false,,,,,,,
naughty-mint,scarlet,tournament,,,Ogre Oustin',true,false,false,,,,,,The Teal Mask,
naughty-mint,shield,overworld,recurring,giants-bed,Hidden recurring item,true,true,true,,,,,,The Crown Tundra,
naughty-mint,shield,exchange,,,Battle Tower,true,false,true,,,50,battle-points,,,
naughty-mint,shining-pearl,exchange,,,Battle Park,true,false,true,,,50,battle-points,,,
naughty-mint,sword,exchange,,,Battle Tower,true,false,true,,,50,battle-points,,,
naughty-mint,sword,overworld,recurring,soothing-wetlands,Hidden recurring item,true,true,true,,,,,,The Isle of Armor,
naughty-mint,violet,shop,specialty-shop,,Chansey Supply,true,false,true,,,20000,pokedollars,,After earning 6 Gym Badges,
necrozma-treat,scarlet,npc-gift,,blueberry-academy,"Entrance, from Snacksworth",false,false,true,,,,,,After completing a group Blueberry Quest,
necrozma-treat,violet,npc-gift,,blueberry-academy,"Entrance, from Snacksworth",false,false,true,,,,,,After completing a group Blueberry Quest,
nice-butter,legends-za,story,,hyperspace-disaster-arena,"After defeating Rogue Mega Absol Z during Hyperspace Mission 01: ""Hyperspace Lumiose Survey No. 1""",false,false,true,,,,,,,
nomel-berry,diamond,walking-pokemon,,amity-square,,true,false,false,,,,,,,
nomel-berry,emerald,overworld,recurring,hoenn-route-123,Berry Master,true,false,true,,,,,,,
noodles,scarlet,shop,vendor,,Sure Cans,true,false,true,,,280,pokedollars,,After earning 5 Gym Badges,
noodles,scarlet,vending-machine,,terarium,Vending machines,true,false,true,,,,,,,
noodles,scarlet,shop,vendor,,Peachy's,true,false,true,,,280,pokedollars,,After earning 5 Badges,
noodles,violet,shop,vendor,,Peachy's,true,false,true,,,280,pokedollars,,After earning 5 Badges,
noodles,violet,shop,vendor,,Sure Cans,true,false,true,,,280,pokedollars,,After earning 5 Gym Badges,
noodles,violet,vending-machine,,terarium,Vending machines,true,false,true,,,,,,,
normal-box,crystal,wild-pokemon,,,Held by Pokémon won in Round 1 of Pokémon Stadium and traded to Generation II,true,false,false,,,,,,,
normal-box,gold,wild-pokemon,,,Held by Pokémon won in Round 1 of Pokémon Stadium and traded to Generation II,true,false,false,,,,,,,
normal-box,silver,wild-pokemon,,,Held by Pokémon won in Round 1 of Pokémon Stadium and traded to Generation II,true,false,false,,,,,,,
normal-gem,black,overworld,sparkling,,Dust cloud,true,false,false,,,,,,,
normal-gem,black-2,overworld,visible,victory-road-unova-b2w2,,false,false,true,,,,,,,
normal-gem,scarlet,shop,vendor,cascarrafa,Delibird Presents,true,false,true,,,15000,pokedollars,,,
normal-gem,x,event,,,,false,false,true,,,,,,,
normal-tera-shard,scarlet,overworld,visible,area-zero,,false,false,true,,,,,,,
normal-tera-shard,scarlet,raid,tera-raid-5star,,Tera Raid Battles,true,false,false,,,,,,3★ raids onwards,
normal-tera-shard,the-indigo-disk,item-printer,item-printer,,,true,false,false,,,,,,,
normal-tera-shard,the-teal-mask,overworld,visible,infernal-pass,,false,false,true,,,,,,,
normal-tera-shard,violet,overworld,visible,area-zero,,false,false,true,,,,,,,
normal-tera-shard,violet,raid,tera-raid-5star,,Tera Raid Battles,true,false,false,,,,,,3★ raids onwards,
normalium-z,moon,story,,verdant-cavern,Reward for completing Ilima's trial,false,false,true,,,,,,,
normalium-z,sun,story,,verdant-cavern,Reward for completing Ilima's trial,false,false,true,,,,,,,
normalium-z,ultra-moon,story,,verdant-cavern,Reward for completing Ilima's trial,false,false,true,,,,,,,
normalium-z,ultra-sun,story,,verdant-cavern,Reward for completing Ilima's trial,false,false,true,,,,,,,
oceanic-slate,brilliant-diamond,exchange,,ramanas-park,Ramanas Park vendor,true,false,true,,,3,,,"After catching Raikou, Entei, and Suicune",Costs 3 Mysterious Shards S or 1 Mysterious Shard L.
oceanic-slate,shining-pearl,exchange,,ramanas-park,Ramanas Park vendor,true,false,true,,,3,,,"After catching Articuno, Zapdos, and Moltres",Costs 3 Mysterious Shards S or 1 Mysterious Shard L.
odd-incense,black,shop,vendor,driftveil-city,Driftveil Market,true,false,true,,,9600,pokedollars,,Post-National Pokédex,
odd-incense,diamond,overworld,visible,solaceon-ruins-sinnoh,,false,false,true,,,,,,,
odd-incense,heartgold,overworld,visible,cerulean-cave,,false,false,true,,,,,,,
odd-keystone,diamond,overworld,visible,twinleaf-town,,false,false,true,,,,,,,
odd-keystone,legends-arceus,npc-gift,,jubilife-village,Vessa,false,false,true,,,,,,After completing Mission 7: The Frenzy of the Lord of the Woods,
odd-keystone,platinum,overworld,visible,route-208-sinnoh,,false,false,true,,,,,,,
old-amber,blue,npc-gift,,pewter-city,Pewter Museum of Science,false,false,true,,,,,,,
old-amber,red,npc-gift,,pewter-city,Pewter Museum of Science,false,false,true,,,,,,,
old-charm,brilliant-diamond,npc-gift,,route-210-sinnoh,From Cynthia after curing the Psyduck,false,false,true,,,,,,After curing the Psyduck blocking Route 210,
old-charm,diamond,npc-gift,,route-210-sinnoh,From Cynthia after curing the Psyduck,false,false,true,,,,,,After curing the Psyduck blocking Route 210,
old-charm,pearl,npc-gift,,route-210-sinnoh,From Cynthia after curing the Psyduck,false,false,true,,,,,,After curing the Psyduck blocking Route 210,
old-charm,platinum,npc-gift,,route-210-sinnoh,From Cynthia after curing the Psyduck,false,false,true,,,,,,After curing the Psyduck blocking Route 210,
old-charm,shining-pearl,npc-gift,,route-210-sinnoh,From Cynthia after curing the Psyduck,false,false,true,,,,,,After curing the Psyduck blocking Route 210,
old-gateau,black,overworld,visible,dragonspiral-tower,,false,false,true,,,,,,,
old-gateau,diamond,overworld,visible,old-chateau,,false,false,true,,,,,,,
old-gateau,platinum,overworld,visible,old-chateau,,false,false,true,,,,,,,
old-gateau,white,overworld,visible,dragonspiral-tower,,false,false,true,,,,,,,
old-journal,legends-arceus,overworld,visible,avalanche-slopes,Near two Snorunt during Request 82: Traces of a Lost Village,false,false,true,,,,,,During Request 82: Traces of a Lost Village,
old-letter,shield,npc-gift,,hammerlocke,Girl named Paula above the train station,false,false,true,,,,,,,
old-letter,sword,npc-gift,,hammerlocke,Girl named Paula above the train station,false,false,true,,,,,,,
old-rod,blue,npc-gift,,vermilion-city,Vermilion City Fishing Guru,false,false,true,,,,,,,
old-rod,brilliant-diamond,npc-gift,,jubilife-city,Fisherman in the gate to Route 218,false,false,true,,,,,,,
old-rod,crystal,npc-gift,,route-32-johto,Fisherman in the Pokémon Center,false,false,true,,,,,,,
old-rod,diamond,npc-gift,,jubilife-city,Fisherman in the gate to Route 218,false,false,true,,,,,,,
old-rod,emerald,npc-gift,,dewford-town,Fisherman east of the Gym,false,false,true,,,,,,,
old-rod,gold,npc-gift,,route-32-johto,Fisherman in the Pokémon Center,false,false,true,,,,,,,
old-rod,pearl,npc-gift,,jubilife-city,Fisherman in the gate to Route 218,false,false,true,,,,,,,
old-rod,platinum,npc-gift,,jubilife-city,Fisherman in the gate to Route 218,false,false,true,,,,,,,
old-rod,red,npc-gift,,vermilion-city,Vermilion City Fishing Guru,false,false,true,,,,,,,
old-rod,ruby,npc-gift,,dewford-town,Fisherman east of the Gym,false,false,true,,,,,,,
old-rod,sapphire,npc-gift,,dewford-town,Fisherman east of the Gym,false,false,true,,,,,,,
old-rod,shining-pearl,npc-gift,,jubilife-city,Fisherman in the gate to Route 218,false,false,true,,,,,,,
old-rod,silver,npc-gift,,route-32-johto,Fisherman in the Pokémon Center,false,false,true,,,,,,,
old-rod,x,npc-gift,,ambrette-town,Fisherman in the Ambrette Aquarium,false,false,true,,,,,,,
old-rod,y,npc-gift,,ambrette-town,Fisherman in the Ambrette Aquarium,false,false,true,,,,,,,
old-rod,yellow,npc-gift,,vermilion-city,Vermilion City Fishing Guru,false,false,true,,,,,,,
old-sea-map,emerald,event,,,Event distribution (Japan and Taiwan),false,false,true,,,,,,,Not distributed outside Japan and Taiwan.
old-verse-01,legends-arceus,field-move,,gapejaw-bog,,false,false,true,,,,,,While riding Ursaluna,
olive-oil,scarlet,overworld,visible,west-province-area-one,,false,false,true,,,,,,,
olive-oil,scarlet,trainer-reward,trainer,south-province-area-two,Olive Roll reward,false,false,true,,,,,,,
olive-oil,scarlet,shop,vendor,,Artisan Bakery,true,false,true,,,300,pokedollars,,,
olive-oil,scarlet,shop,vendor,,Aquiesta Supermarket,true,false,true,,,300,pokedollars,,,
olive-oil,scarlet,shop,vendor,,Peachy's,true,false,true,,,300,pokedollars,,,
olive-oil,scarlet,overworld,visible,south-province-area-three,,false,false,true,,,,,,,
olive-oil,violet,overworld,visible,south-province-area-three,,false,false,true,,,,,,,
olive-oil,violet,overworld,visible,west-province-area-one,,false,false,true,,,,,,,
olive-oil,violet,trainer-reward,trainer,south-province-area-two,Olive Roll reward,false,false,true,,,,,,,
olive-oil,violet,shop,vendor,,Artisan Bakery,true,false,true,,,300,pokedollars,,,
olive-oil,violet,shop,vendor,,Aquiesta Supermarket,true,false,true,,,300,pokedollars,,,
olive-oil,violet,shop,vendor,,Peachy's,true,false,true,,,300,pokedollars,,,
onion,scarlet,shop,specialty-shop,,Aquiesta Supermarket,true,false,true,,,130,pokedollars,,,
onion,scarlet,shop,specialty-shop,,Artisan Bakery,true,false,true,,,130,pokedollars,,,
onion,scarlet,shop,specialty-shop,,Peachy's,true,false,true,,,130,pokedollars,,,
onion,violet,shop,specialty-shop,,Aquiesta Supermarket,true,false,true,,,130,pokedollars,,,
onion,violet,shop,specialty-shop,,Peachy's,true,false,true,,,130,pokedollars,,,
onion,violet,shop,specialty-shop,,Artisan Bakery,true,false,true,,,130,pokedollars,,,
orange-mail,emerald,shop,poke-mart,petalburg-city,Poké Mart,true,false,true,,,50,pokedollars,,,
orange-mail,emerald,overworld,visible,trick-house,,false,false,true,,,,,,,
orange-mail,firered,transfer,,,"Trade from Ruby, Sapphire, or Emerald",true,false,true,,,,,,,
orange-mail,leafgreen,transfer,,,"Trade from Ruby, Sapphire, or Emerald",true,false,true,,,,,,,
orange-mail,ruby,overworld,visible,trick-house,,false,false,true,,,,,,,
orange-mail,ruby,shop,poke-mart,petalburg-city,Poké Mart,true,false,true,,,50,pokedollars,,,
orange-mail,sapphire,shop,poke-mart,petalburg-city,Poké Mart,true,false,true,,,50,pokedollars,,,
orange-mail,sapphire,overworld,visible,trick-house,,false,false,true,,,,,,,
orange-petal,ultra-moon,npc-defeat,,hauoli-cemetery,After defeating Ilima during Mina's trial,false,false,true,,,,,,During Mina's trial,
orange-petal,ultra-sun,npc-defeat,,hauoli-cemetery,After defeating Ilima during Mina's trial,false,false,true,,,,,,During Mina's trial,
origin-ball,legends-arceus,story,,galaxy-hall,"Received from Professor Laventon after obtaining the Origin Ore during Mission 18: ""The Counterpart""",false,false,true,,,,,,"After obtaining the Origin Ore in Mission 18: ""The Counterpart""",
origin-ore,legends-arceus,npc-gift,,primeval-grotto,"Received from Lian inside the cave after defeating the Miss Fortunes during Mission 18: ""The Counterpart""",false,false,true,,,,,,"After defeating the Miss Fortunes during Mission 18: ""The Counterpart""",
oval-charm,black-2,npc-gift,,juniper-pokemon-lab,Professor Juniper,false,false,true,,,,,,After obtaining all Pokémon in the Unova Pokédex except Mythical Pokémon,
oval-charm,white-2,npc-gift,,juniper-pokemon-lab,Professor Juniper,false,false,true,,,,,,After obtaining all Pokémon in the Unova Pokédex except Mythical Pokémon,
oval-charm,x,npc-gift,,pokemon-research-lab-kalos,Professor Sycamore,false,false,true,,,,,,After seeing all Pokémon in each section of the Kalos Pokédex except certain Legendary and Mythical Pokémon,
oval-charm,y,npc-gift,,pokemon-research-lab-kalos,Professor Sycamore,false,false,true,,,,,,After seeing all Pokémon in each section of the Kalos Pokédex except certain Legendary and Mythical Pokémon,
oval-stone,diamond,overworld,visible,lost-tower,,false,false,true,,,,,,,
pack-of-potatoes,shield,npc-gift,,,Gift after cooking curry,true,false,false,,,,,,,
pack-of-potatoes,shield,shop,vendor,hammerlocke-hills,Ingredients Seller,true,false,true,,,400,pokedollars,,,
pack-of-potatoes,sword,shop,vendor,rolling-fields,Ingredients Seller,true,false,true,,,400,pokedollars,,,
pack-of-potatoes,sword,npc-gift,,,Gift after cooking curry,true,false,false,,,,,,,
packaged-curry,shield,npc-gift,,,Possible gift after cooking curry,true,false,false,,,,,,,
packaged-curry,shield,shop,vendor,hammerlocke-hills,Ingredients Seller,true,false,true,,,950,pokedollars,,,
packaged-curry,sword,shop,vendor,rolling-fields,Ingredients Seller,true,false,true,,,950,pokedollars,,,
packaged-curry,sword,shop,vendor,fields-of-honor,Ingredients Seller,true,false,true,,,950,pokedollars,,,
packaged-curry,sword,achievement,,,Poké Job reward (Tiers V–VIII),true,false,false,,,,,,,
pair-of-tickets,alpha-sapphire,npc-gift,,littleroot-town,From Norman,false,false,true,,,,,,After entering the Hall of Fame at the start of the Delta Episode,
pair-of-tickets,omega-ruby,npc-gift,,littleroot-town,From Norman,false,false,true,,,,,,After entering the Hall of Fame at the start of the Delta Episode,
pal-pad,black,npc-gift,,striaton-city,From Fennel after protecting Munna at the Dreamyard,false,false,true,,,,,,After protecting Munna at the Dreamyard,
pal-pad,black-2,starting-item,bag,aspertia-city,Automatically obtained at the start of the game,false,false,true,,,,,,At the start of the game,
pal-pad,diamond,npc-gift,,,"Pokémon Center Basement, from Teala after entering Oreburgh City for the first time",false,false,true,,,,,,After entering Oreburgh City for the first time,
pal-pad,heartgold,npc-gift,,,"Pokémon Center Basement, from Teala after obtaining the Zephyr Badge",false,false,true,,,,,zephyr-badge,After obtaining the Zephyr Badge,
pal-pad,pearl,npc-gift,,,"Pokémon Center Basement, from Teala after entering Oreburgh City for the first time",false,false,true,,,,,,After entering Oreburgh City for the first time,
pal-pad,platinum,npc-gift,,,"Pokémon Center Basement, from Teala after entering Oreburgh City for the first time",false,false,true,,,,,,After entering Oreburgh City for the first time,
pal-pad,soulsilver,npc-gift,,,"Pokémon Center Basement, from Teala after obtaining the Zephyr Badge",false,false,true,,,,,zephyr-badge,After obtaining the Zephyr Badge,
pal-pad,white,npc-gift,,striaton-city,From Fennel after protecting Munna at the Dreamyard,false,false,true,,,,,,After protecting Munna at the Dreamyard,
pal-pad,white-2,starting-item,bag,aspertia-city,Automatically obtained at the start of the game,false,false,true,,,,,,At the start of the game,
parasol-pick,scarlet,shop,specialty-shop,,Artisan Bakery,true,false,true,,,800,pokedollars,,,
parasol-pick,violet,shop,specialty-shop,,Artisan Bakery,true,false,true,,,800,pokedollars,,,
parcel,blue,npc-gift,,viridian-city,Poké Mart clerk,false,false,true,,,,,,,
parcel,brilliant-diamond,npc-gift,,twinleaf-town,Barry's mother,false,false,true,,,,,,After returning from Sandgem Town,
parcel,diamond,npc-gift,,twinleaf-town,Barry's mother,false,false,true,,,,,,After returning from Sandgem Town,
parcel,firered,npc-gift,,viridian-city,Poké Mart clerk,false,false,true,,,,,,,
parcel,leafgreen,npc-gift,,viridian-city,Poké Mart clerk,false,false,true,,,,,,,
parcel,lets-go-eevee,npc-gift,,viridian-city,Poké Mart clerk,false,false,true,,,,,,,
parcel,lets-go-pikachu,npc-gift,,viridian-city,Poké Mart clerk,false,false,true,,,,,,,
parcel,pearl,npc-gift,,twinleaf-town,Barry's mother,false,false,true,,,,,,After returning from Sandgem Town,
parcel,platinum,npc-gift,,twinleaf-town,Barry's mother,false,false,true,,,,,,After returning from Sandgem Town,
parcel,red,npc-gift,,viridian-city,Poké Mart clerk,false,false,true,,,,,,,
parcel,shining-pearl,npc-gift,,twinleaf-town,Barry's mother,false,false,true,,,,,,After returning from Sandgem Town,
parcel,yellow,npc-gift,,viridian-city,Poké Mart clerk,false,false,true,,,,,,,
park-ball,diamond,story,,pal-park,Catching Show,true,false,true,6,,,,,Participate in Pal Park Catching Show,Balls are returned after leaving the Catching Show.
park-ball,heartgold,story,,pal-park,Catching Show,true,false,true,6,,,,,Participate in Pal Park Catching Show,Balls are returned after leaving the Catching Show.
park-ball,pearl,story,,pal-park,Catching Show,true,false,true,6,,,,,Participate in Pal Park Catching Show,Balls are returned after leaving the Catching Show.
park-ball,platinum,story,,pal-park,Catching Show,true,false,true,6,,,,,Participate in Pal Park Catching Show,Balls are returned after leaving the Catching Show.
park-ball,soulsilver,story,,pal-park,Catching Show,true,false,true,6,,,,,Participate in Pal Park Catching Show,Balls are returned after leaving the Catching Show.
party-sparkler-pick,scarlet,shop,vendor,,Artisan Bakery,true,false,true,,,1600,pokedollars,,,
party-sparkler-pick,violet,shop,vendor,,Artisan Bakery,true,false,true,,,1600,pokedollars,,,
pass,crystal,npc-gift,,saffron-city,Received from the Copycat after returning her Lost Item,false,false,true,,,,,,,
pass,gold,npc-gift,,saffron-city,Received from the Copycat after returning her Lost Item,false,false,true,,,,,,,
pass,heartgold,npc-gift,,saffron-city,Received from the Copycat after returning her Lost Item,false,false,true,,,,,,,
pass,silver,npc-gift,,saffron-city,Received from the Copycat after returning her Lost Item,false,false,true,,,,,,,
pass,soulsilver,npc-gift,,saffron-city,Received from the Copycat after returning her Lost Item,false,false,true,,,,,,,
pass-orb,black,overworld,recurring,entralink,"Entralink missions, other players' worlds",true,false,true,,,,,,,
pass-orb,black-2,overworld,recurring,entralink,Funfest Missions,true,false,true,,,,,,,
pass-orb,dream,dream,,,"Dream Park, Icy Cave, Pleasant Forest, Rugged Mountain, Sparkling Sea, Spooky Manor, Windswept Sky",true,false,false,,,,,,,
pass-orb,white,overworld,recurring,entralink,"Entralink missions, other players' worlds",true,false,true,,,,,,,
pass-orb,white-2,overworld,recurring,entralink,Funfest Missions,true,false,true,,,,,,,
pasta,shield,contest,,,Possible gift after cooking curry,true,false,false,,,,,,,
pasta,shield,exchange,,,Gift from other players,true,false,false,,,,,,,
pasta,shield,shop,vendor,rolling-fields,Ingredients Seller,true,false,true,,,150,pokedollars,,,
pasta,sword,contest,,,Possible gift after cooking curry,true,false,false,,,,,,,
pasta,sword,shop,vendor,rolling-fields,Ingredients Seller,true,false,true,,,150,pokedollars,,,
pasta,sword,exchange,,,Gift from other players,true,false,false,,,,,,,
peach-chairs,scarlet,npc-gift,,revelers-road,Picnicker,false,false,true,,,,,,If the player owns the Peach Tablecloth,
peach-chairs,violet,npc-gift,,revelers-road,Picnicker,false,false,true,,,,,,If the player owns the Peach Tablecloth,
peach-tablecloth,scarlet,shop,specialty-shop,mesagoza,Picnic-Knacks (Mesagoza Branch),true,false,true,,,1000,pokedollars,,,
peach-tablecloth,violet,shop,specialty-shop,mesagoza,Picnic-Knacks (Mesagoza Branch),true,false,true,,,1000,pokedollars,,,
peanut-butter,scarlet,shop,vendor,,Aquiesta Supermarket,true,false,true,,,300,pokedollars,,After earning 4 Gym Badges,
peanut-butter,scarlet,shop,vendor,,Artisan Bakery,true,false,true,,,300,pokedollars,,After earning 4 Gym Badges,
peanut-butter,scarlet,vending-machine,,terarium,Vending machines,true,false,true,,,,,,The Indigo Disk,
peanut-butter,violet,shop,vendor,,Aquiesta Supermarket,true,false,true,,,300,pokedollars,,After earning 4 Gym Badges,
peanut-butter,violet,vending-machine,,terarium,Vending machines,true,false,true,,,,,,The Indigo Disk,
peanut-butter,violet,shop,vendor,,Artisan Bakery,true,false,true,,,300,pokedollars,,After earning 4 Gym Badges,
peat-block,legends-arceus,shop,vendor,,"Ginkgo Guild cart (sold by Ginter as ""Hunk of Coal"")",true,false,false,,,,,,,Randomly sold
peat-block,legends-arceus,request,,galaxy-hall,"Reward for completing Request 86: ""Gone Astray...in the Icelands""",false,false,true,,,,,,,
peat-block,legends-arceus,dropped,,,Sometimes found by Ursaluna,true,false,false,,,,,,,
peat-block,legends-arceus,overworld,recurring,,Space-time distortions,true,false,false,,,,,,,
pebble,legends-za,npc-gift,,,Given by 10% Forme Zygarde,false,false,true,1,,,,,At the end of Main Mission 10: The Secrets of Mega Evolution,
pep-up-plant,legends-arceus,overworld,recurring,obsidian-fieldlands,,true,false,true,,,,,,,
pep-up-plant,legends-arceus,overworld,recurring,crimson-mirelands,,true,false,true,,,,,,,
pep-up-plant,legends-arceus,overworld,recurring,cobalt-coastlands,,true,false,true,,,,,,,
pep-up-plant,legends-arceus,overworld,recurring,coronet-highlands,,true,false,true,,,,,,,
pep-up-plant,legends-arceus,overworld,recurring,alabaster-icelands,,true,false,true,,,,,,,
pep-up-plant,legends-arceus,dropped,,,"Dropped by wild Stantler, Wyrdeer, Hisuian Sneasel, and Sneasler",true,false,false,,,,,,,
pep-up-plant,legends-arceus,harvest,,jubilife-village,Farm (medicinal harvest),true,false,true,,,,,,,
pep-up-plant,legends-arceus,shop,vendor,jubilife-village,Ginkgo Guild cart (Tuli),true,false,true,,,,,,"After starting Mission 10: ""The Lordless Island""",
pepper,scarlet,shop,vendor,,Peachy's,true,false,true,,,100,pokedollars,,The Teal Mask,
pepper,scarlet,overworld,visible,south-province-area-two,,false,false,true,,,,,,,
pepper,scarlet,shop,vendor,,Artisan Bakery,true,false,true,,,100,pokedollars,,,
pepper,scarlet,shop,vendor,,Aquiesta Supermarket,true,false,true,,,100,pokedollars,,,
pepper,scarlet,vending-machine,,terarium,Vending machines,true,false,true,,,100,pokedollars,,The Indigo Disk,
pepper,violet,shop,vendor,,Aquiesta Supermarket,true,false,true,,,100,pokedollars,,,
pepper,violet,overworld,visible,south-province-area-two,,false,false,true,,,,,,,
pepper,violet,shop,vendor,,Peachy's,true,false,true,,,100,pokedollars,,The Teal Mask,
pepper,violet,shop,vendor,,Artisan Bakery,true,false,true,,,100,pokedollars,,,
pepper,violet,vending-machine,,terarium,Vending machines,true,false,true,,,100,pokedollars,,The Indigo Disk,
permit,black-2,npc-gift,,juniper-pokemon-lab,Professor Juniper,false,false,true,,,,,,After seeing all Pokémon in the Unova Pokédex,
permit,white-2,npc-gift,,juniper-pokemon-lab,Professor Juniper,false,false,true,,,,,,After seeing all Pokémon in the Unova Pokédex,
pewter-crunchies,lets-go-eevee,shop,poke-mart,pewter-city,,true,false,true,,,500,pokedollars,,,
pewter-crunchies,lets-go-eevee,shop,poke-mart,celadon-city,,false,false,true,,,500,pokedollars,,,
pewter-crunchies,lets-go-pikachu,shop,poke-mart,celadon-city,,false,false,true,,,500,pokedollars,,,
pewter-crunchies,lets-go-pikachu,shop,poke-mart,pewter-city,,true,false,true,,,500,pokedollars,,,
pewter-crunchies,shield,npc-gift,,,Battle Café,true,false,true,,,,,,,
pewter-crunchies,sword,npc-gift,,,Battle Café,true,false,true,,,,,,,
pickle,scarlet,vending-machine,,terarium,Vending machines,true,false,true,,,90,pokedollars,,The Indigo Disk DLC,
pickle,scarlet,overworld,visible,south-province-area-three,,false,false,true,,,,,,,
pickle,scarlet,shop,vendor,,Sure Cans,true,false,true,,,90,pokedollars,,,
pickle,scarlet,shop,vendor,,Aquiesta Supermarket,true,false,true,,,90,pokedollars,,,
pickle,violet,overworld,visible,south-province-area-three,,false,false,true,,,,,,,
pickle,violet,shop,vendor,,Aquiesta Supermarket,true,false,true,,,90,pokedollars,,,
pickle,violet,vending-machine,,terarium,Vending machines,true,false,true,,,90,pokedollars,,The Indigo Disk DLC,
pickle,violet,shop,vendor,,Sure Cans,true,false,true,,,90,pokedollars,,,
picnic-set,scarlet,story,,mesagoza,Automatically obtained after beginning the Treasure Hunt,false,false,true,,,,,,After beginning the Treasure Hunt,
picnic-set,violet,story,,mesagoza,Automatically obtained after beginning the Treasure Hunt,false,false,true,,,,,,After beginning the Treasure Hunt,
pidgeotite,legends-za,exchange,,quasartico-inc-building,,false,false,true,,,180,,,,Requires Mega Shards
pidgeotite,lets-go-eevee,overworld,visible,indigo-plateau,,false,false,true,,,,,,,
pidgeotite,lets-go-pikachu,overworld,visible,indigo-plateau,,false,false,true,,,,,,,
pidgeotite,omega-ruby,npc-gift,,devon-corporation,Mr. Stone,false,false,true,,,,,,Show the Intriguing Stone,
pidgeotite,ultra-moon,exchange,,battle-tree,,true,false,true,,,64,battle-points,,,
pidgeotite,ultra-sun,exchange,,battle-tree,,true,false,true,,,64,battle-points,,,
pika-pika-pick,scarlet,shop,vendor,,Artisan Bakery,true,false,true,,,480,pokedollars,,,
pika-pika-pick,scarlet,shop,vendor,,Peachy's,true,false,true,,,480,pokedollars,,,
pika-pika-pick,scarlet,vending-machine,,terarium,Vending machines,true,false,true,,,480,pokedollars,,The Indigo Disk,
pika-pika-pick,violet,shop,vendor,,Peachy's,true,false,true,,,480,pokedollars,,,
pika-pika-pick,violet,shop,vendor,,Artisan Bakery,true,false,true,,,480,pokedollars,,,
pika-pika-pick,violet,vending-machine,,terarium,Vending machines,true,false,true,,,480,pokedollars,,The Indigo Disk,
pikachu-candy,lets-go-pikachu,trainer-reward,trainer,victory-road-kanto,Coach Trainer Alemana,false,false,true,10,,,,,,
pikachu-candy,lets-go-pikachu,trainer-reward,trainer,route-11-kanto,Coach Trainer Will,false,false,true,5,,,,,,
pikachu-candy,lets-go-pikachu,trainer-reward,trainer,pokemon-tower,Coach Trainer Holly,false,false,true,5,,,,,,
pikachu-cup,scarlet,shop,specialty-shop,levincia,Picnic-Knacks (Levincia Branch),true,false,true,,,2000,pokedollars,,,
pikachu-cup,violet,shop,specialty-shop,levincia,Picnic-Knacks (Levincia Branch),true,false,true,,,2000,pokedollars,,,
pikanium-z,moon,npc-gift,,konikoni-city,Woman with three Pikachu,false,false,true,,,,,,,
pikanium-z,sun,npc-gift,,konikoni-city,Woman with three Pikachu,false,false,true,,,,,,,
pikanium-z,ultra-moon,npc-gift,,hano-grand-resort,Chuuster after defeating Reporter Rita,false,false,true,,,,,,After defeating Reporter Rita,
pikanium-z,ultra-sun,npc-gift,,hano-grand-resort,Chuuster after defeating Reporter Rita,false,false,true,,,,,,After defeating Reporter Rita,
pikashunium-z,moon,event,,,Bundled with Pikachu in a cap (I Choose You! event),false,false,true,,,,,,,
pikashunium-z,sun,event,,,Bundled with Pikachu in a cap (I Choose You! event),false,false,true,,,,,,,
pikashunium-z,ultra-moon,npc-gift,,pikachu-valley,Female Pikachu after showing a Pikachu in a cap,false,false,true,,,,,,,
pikashunium-z,ultra-sun,npc-gift,,pikachu-valley,Female Pikachu after showing a Pikachu in a cap,false,false,true,,,,,,,
pineapple,scarlet,story,,south-province-area-two,Olive Roll reward,false,false,true,,,,,,,
pineapple,scarlet,vending-machine,,,Sure Cans,true,false,true,,,250,pokedollars,,After earning 4 Gym Badges,
pineapple,scarlet,vending-machine,,terarium,Vending machines,true,false,true,,,250,pokedollars,,,
pineapple,violet,story,,south-province-area-two,Olive Roll reward,false,false,true,,,,,,,
pineapple,violet,vending-machine,,,Sure Cans,true,false,true,,,250,pokedollars,,After earning 4 Gym Badges,
pineapple,violet,vending-machine,,terarium,Vending machines,true,false,true,,,250,pokedollars,,,
pink-apricorn,crystal,harvest,,route-42-johto,,true,false,true,,,,,,,
pink-apricorn,gold,harvest,,route-42-johto,,true,false,true,,,,,,,
pink-apricorn,silver,harvest,,route-42-johto,,true,false,true,,,,,,,
pink-bottle,scarlet,shop,specialty-shop,cascarrafa,Picnic-Knacks (Cascarrafa Branch),true,false,true,,,2000,pokedollars,,,
pink-bottle,violet,shop,specialty-shop,cascarrafa,Picnic-Knacks (Cascarrafa Branch),true,false,true,,,2000,pokedollars,,,
pink-bow,crystal,overworld,visible,goldenrod-radio-tower,,false,false,true,,,,,,,
pink-bow,crystal,overworld,visible,route-29-johto,,false,false,true,,,,,,,
pink-bow,gold,overworld,visible,route-29-johto,,false,false,true,,,,,,,
pink-bow,gold,overworld,visible,goldenrod-radio-tower,,false,false,true,,,,,,,
pink-bow,silver,overworld,visible,goldenrod-radio-tower,,false,false,true,,,,,,,
pink-bow,silver,overworld,visible,route-29-johto,,false,false,true,,,,,,,
pink-canari-plush-lv-1,legends-za,exchange,vendor,,Colorful Screw Exchange at Racine Construction,true,false,true,,,3,,,,Costs Colorful Screws
pink-canari-plush-lv-2,legends-za,exchange,vendor,,Colorful Screw Exchange at Racine Construction,true,false,true,,,5,,,,Costs Colorful Screws
pink-canari-plush-lv-3,legends-za,exchange,vendor,,Colorful Screw Exchange at Racine Construction,true,false,true,,,8,,,,Costs Colorful Screws
pink-chairs,scarlet,npc-gift,,revelers-road,Picnicker,false,false,true,,,,,,If the player owns the Pink Tablecloth,
pink-chairs,violet,npc-gift,,revelers-road,Picnicker,false,false,true,,,,,,If the player owns the Pink Tablecloth,
pink-cup,scarlet,shop,specialty-shop,cascarrafa,Picnic-Knacks (Cascarrafa Branch),true,false,true,,,1500,pokedollars,,,
pink-cup,violet,shop,specialty-shop,cascarrafa,Picnic-Knacks (Cascarrafa Branch),true,false,true,,,1500,pokedollars,,,
pink-nectar,moon,overworld,recurring,royal-avenue,,true,false,true,2,,,,,Daily,
pink-nectar,scarlet,shop,specialty-shop,,Delibird Presents,true,false,true,,,300,pokedollars,,After earning 3 Gym Badges,
pink-nectar,sun,overworld,recurring,royal-avenue,,true,false,true,2,,,,,Daily,
pink-nectar,ultra-moon,overworld,recurring,royal-avenue,,true,false,true,2,,,,,Daily,
pink-nectar,ultra-sun,overworld,recurring,royal-avenue,,true,false,true,2,,,,,Daily,
pink-nectar,violet,shop,specialty-shop,,Delibird Presents,true,false,true,,,300,pokedollars,,After earning 3 Gym Badges,
pink-petal,ultra-moon,story,,seafolk-village,"During Mina's trial, after defeating her",false,false,true,1,,,,,,
pink-petal,ultra-sun,story,,seafolk-village,"During Mina's trial, after defeating her",false,false,true,1,,,,,,
pink-scarf,ruby,npc-gift,,slateport-city,Pokémon Fan Club chairman,false,false,true,,,,,,Show a Pokémon with Cute stat of 200 or more,
pink-tablecloth,scarlet,shop,specialty-shop,levincia,Picnic-Knacks (Levincia Branch),true,false,true,,,5000,pokedollars,,,
pink-tablecloth,violet,shop,specialty-shop,levincia,Picnic-Knacks (Levincia Branch),true,false,true,,,5000,pokedollars,,,
pinsirite,alpha-sapphire,overworld,visible,hoenn-route-124,Requires Dive,false,false,true,,,,,,After obtaining HM Dive,
pinsirite,legends-za,exchange,,quasartico-inc-building,240 Mega Shards,false,false,true,,,240,,,After completing Main Mission 14: Reaching Rank E,
pinsirite,lets-go-eevee,overworld,visible,indigo-plateau,,false,false,true,,,,,,,
pinsirite,lets-go-pikachu,overworld,visible,indigo-plateau,,false,false,true,,,,,,,
pinsirite,moon,exchange,,battle-tree,Battle Tree,true,false,true,,,64,battle-points,,,
pinsirite,omega-ruby,overworld,visible,hoenn-route-124,Requires Dive,false,false,true,,,,,,After obtaining HM Dive,
pinsirite,sun,exchange,,battle-tree,Battle Tree,true,false,true,,,64,battle-points,,,
pinsirite,ultra-moon,exchange,,battle-tree,Battle Tree,true,false,true,,,64,battle-points,,,
pinsirite,ultra-sun,exchange,,battle-tree,Battle Tree,true,false,true,,,64,battle-points,,,
pinsirite,x,overworld,visible,santalune-forest,Requires upgraded Mega Ring,false,false,true,,,,,,After upgrading the Mega Ring,
pinsirite,y,event,,,,false,false,true,,,,,,,
pixie-plate,legends-arceus,story,,ancient-retreat,From Cogita during Mission 26,false,false,true,,,,,,After giving Cogita three pieces of Wood,
pixie-plate,omega-ruby,overworld,visible,hoenn-route-128,Underwater,false,false,true,,,,,,,
pixie-plate,scarlet,auction,,porto-marinada,,false,false,false,,,,,,If the player owns an Arceus,
pixie-plate,sun,shop,specialty-shop,hauoli-city,Antiquities of the Ages,false,false,true,,,10000,pokedollars,,,
pixie-plate,sword,overworld,visible,galar-route-08,,false,false,true,,,,,,,
pixie-plate,sword,bargain-shop,,stow-on-side,,true,false,true,,,,,,,
pixie-plate,x,overworld,visible,pokemon-village,,false,false,true,,,,,,,
plaid-chairs-b,scarlet,npc-gift,,revelers-road,Picnicker,false,false,true,,,,,,If the player owns the Plaid Tablecloth (B),
plaid-chairs-b,violet,npc-gift,,revelers-road,Picnicker,false,false,true,,,,,,If the player owns the Plaid Tablecloth (B),
plaid-chairs-r,scarlet,npc-gift,,revelers-road,From a picnicker,false,false,true,,,,,,If the player owns the Plaid Tablecloth (R),
plaid-chairs-r,violet,npc-gift,,revelers-road,From a picnicker,false,false,true,,,,,,If the player owns the Plaid Tablecloth (R),
plaid-chairs-y,scarlet,npc-gift,,revelers-road,Picnicker,false,false,true,,,,,,If the player owns the Plaid Tablecloth (Y),
plaid-chairs-y,violet,npc-gift,,revelers-road,Picnicker,false,false,true,,,,,,If the player owns the Plaid Tablecloth (Y),
plaid-tablecloth-b,scarlet,shop,specialty-shop,cascarrafa,Picnic-Knacks (Cascarrafa Branch),true,false,true,,,3000,pokedollars,,,
plaid-tablecloth-b,violet,shop,specialty-shop,cascarrafa,Picnic-Knacks (Cascarrafa Branch),true,false,true,,,3000,pokedollars,,,
plaid-tablecloth-r,scarlet,shop,specialty-shop,cascarrafa,Picnic-Knacks (Cascarrafa Branch),true,false,true,,,3000,pokedollars,,,
plaid-tablecloth-r,violet,shop,specialty-shop,cascarrafa,Picnic-Knacks (Cascarrafa Branch),true,false,true,,,3000,pokedollars,,,
plaid-tablecloth-y,scarlet,shop,specialty-shop,cascarrafa,Picnic-Knacks (Cascarrafa Branch),true,false,true,,,3000,pokedollars,,,
plaid-tablecloth-y,violet,shop,specialty-shop,cascarrafa,Picnic-Knacks (Cascarrafa Branch),true,false,true,,,3000,pokedollars,,,
plasma-card,black-2,npc-defeat,,,"Plasma Frigate B2F, from the Team Plasma Grunt with a Trubbish and Zangoose after defeating her",false,false,true,,,,,,,
plasma-card,white-2,npc-defeat,,,"Plasma Frigate B1F, from the Team Plasma Grunt with three Pawniard after defeating her",false,false,true,,,,,,,
plume-fossil,black,choice,,relic-castle,Choice between this and the Cover Fossil,false,false,true,,,,,,,
plume-fossil,white,choice,,relic-castle,Choice between this and the Cover Fossil,false,false,true,,,,,,,
plume-fossil,x,field-move,rock-smash,glittering-cave,After entering the Hall of Fame,true,false,false,,,,,,After entering the Hall of Fame,
plume-fossil,y,field-move,rock-smash,glittering-cave,After entering the Hall of Fame,true,false,false,,,,,,After entering the Hall of Fame,
plump-beans,legends-arceus,harvest,,,Farm (vegetable harvest),true,false,false,,,,,,,
plump-beans,legends-arceus,overworld,recurring,cobalt-coastlands,Recurring item,true,false,true,,,,,,,
plump-beans,legends-arceus,crafting,craftworks,,Craftworks,true,false,true,,,,,,,
plump-beans,legends-arceus,walking-pokemon,,cobalt-coastlands,Found by Ursaluna,true,false,false,,,,,,,
poffin-case,brilliant-diamond,npc-gift,,hearthome-city,Pokémon Fan Club Chairman,false,false,true,,,,,,,
poffin-case,diamond,npc-gift,,hearthome-city,Pokémon Fan Club Chairman,false,false,true,,,,,,,
poffin-case,pearl,npc-gift,,hearthome-city,Pokémon Fan Club Chairman,false,false,true,,,,,,,
poffin-case,platinum,npc-gift,,hearthome-city,Pokémon Fan Club Chairman,false,false,true,,,,,,,
poffin-case,shining-pearl,npc-gift,,hearthome-city,Pokémon Fan Club Chairman,false,false,true,,,,,,,
point-card,brilliant-diamond,story,,battle-park-sinnoh,Upon entering Battle Park for the first time,false,false,true,,,,,,,
point-card,diamond,story,,battle-park-sinnoh,Upon entering Battle Park for the first time,false,false,true,,,,,,,
point-card,pearl,story,,battle-park-sinnoh,Upon entering Battle Park for the first time,false,false,true,,,,,,,
point-card,shining-pearl,story,,battle-park-sinnoh,Upon entering Battle Park for the first time,false,false,true,,,,,,,
poison-gem,black,overworld,recurring,,Dust cloud,true,false,false,,,,,,,
poison-gem,black-2,overworld,visible,castelia-sewers,Spring or Summer,false,false,true,,,,,,,
poison-gem,dream,dream,,icy-cave,,true,false,false,,,,,,,
poison-gem,white,overworld,recurring,,Dust cloud,true,false,false,,,,,,,
poison-gem,white-2,overworld,visible,castelia-sewers,Spring or Summer,false,false,true,,,,,,,
poison-memory,moon,npc-gift,,aether-paradise,Gladion,false,false,true,,,,,,After becoming Champion,
poison-memory,shield,npc-gift,,battle-tower-galar,League Staff member,false,false,true,,,,,,,
poison-memory,sun,npc-gift,,aether-paradise,Gladion,false,false,true,,,,,,After becoming Champion,
poison-memory,sword,npc-gift,,battle-tower-galar,League Staff member,false,false,true,,,,,,,
poison-memory,ultra-moon,npc-gift,,ancient-poni-path,Wicke,false,false,true,,,,,,After becoming Champion,
poison-memory,ultra-sun,npc-gift,,ancient-poni-path,Wicke,false,false,true,,,,,,After becoming Champion,
poison-tera-shard,scarlet,raid,tera-raid-5star,,Tera Raid Battles (3★ onwards),true,false,false,,,,,,,
poison-tera-shard,scarlet,overworld,visible,area-zero,,false,false,true,,,,,,,
poison-tera-shard,the-indigo-disk,item-printer,,,Item Printer,true,false,false,,,,,,,
poison-tera-shard,violet,overworld,visible,area-zero,,false,false,true,,,,,,,
poison-tera-shard,violet,raid,tera-raid-5star,,Tera Raid Battles (3★ onwards),true,false,false,,,,,,,
poisonium-z,moon,npc-gift,,ancient-poni-path,Gift from Plumeria,false,false,true,,,,,,,
poisonium-z,sun,npc-gift,,ancient-poni-path,Gift from Plumeria,false,false,true,,,,,,,
poisonium-z,ultra-moon,npc-gift,,ancient-poni-path,Gift from Plumeria,false,false,true,,,,,,,
poisonium-z,ultra-sun,npc-gift,,ancient-poni-path,Gift from Plumeria,false,false,true,,,,,,,
poke-ball-hisuian,legends-arceus,request,,jubilife-village,Reward for completing Request 2: Adorable Starly,false,false,true,10,,,,,,
poke-ball-hisuian,legends-arceus,npc-gift,,galaxy-hall,Professor Laventon after starting Mission 2: The Galaxy Team's Entry Trial,false,false,true,20,,,,,After starting Mission 2,
poke-ball-hisuian,legends-arceus,request,,deertrack-path,Reward for completing Request 13: Trees That Bear Berries,false,false,true,15,,,,,,
poke-ball-hisuian,legends-arceus,crafting,recipe,,1 Apricorn and 1 Tumblestone,true,false,true,1,,,,,,
poke-ball-hisuian,legends-arceus,shop,vendor,jubilife-village,General store and base camp stores,true,false,true,,,100,pokedollars,,,
poke-doll,red,shop,department-store,celadon-city,Celadon Department Store,true,false,true,,,1000,pokedollars,,,
poke-flute,firered,npc-gift,,lavender-town,Volunteer Pokémon House from Mr. Fuji,false,false,true,,,,,,After defeating Team Rocket at Pokémon Tower,
poke-flute,lets-go-pikachu,npc-gift,,lavender-town,Volunteer Pokémon House from Mr. Fuji,false,false,true,,,,,,After defeating Team Rocket at Pokémon Tower,
poke-flute,red,npc-gift,,lavender-town,Volunteer Pokémon House from Mr. Fuji,false,false,true,,,,,,After defeating Team Rocket at Pokémon Tower,
poke-flute,x,npc-gift,,parfum-palace,Butler on the balcony,false,false,true,,,,,,After catching Furfrou,Item is not kept after delivery
poke-radar,brilliant-diamond,npc-gift,,sandgem-town,Professor Rowan,false,false,true,,,,,,After obtaining the National Pokédex from Professor Oak,
poke-radar,diamond,npc-gift,,sandgem-town,Professor Rowan,false,false,true,,,,,,After obtaining the National Pokédex from Professor Oak,
poke-radar,pearl,npc-gift,,sandgem-town,Professor Rowan,false,false,true,,,,,,After obtaining the National Pokédex from Professor Oak,
poke-radar,platinum,npc-gift,,sandgem-town,Professor Rowan,false,false,true,,,,,,After obtaining the National Pokédex from Professor Oak,
poke-radar,shining-pearl,npc-gift,,sandgem-town,Professor Rowan,false,false,true,,,,,,After obtaining the National Pokédex from Professor Oak,
poke-radar,x,npc-gift,,pokemon-research-lab-kalos,Scientist on 2F,false,false,true,,,,,,After entering the Hall of Fame,
poke-radar,y,npc-gift,,pokemon-research-lab-kalos,Scientist on 2F,false,false,true,,,,,,After entering the Hall of Fame,
poke-toy,black,shop,specialty-shop,shopping-mall-nine,,true,false,true,,,1000,pokedollars,,,
poke-toy,white,shop,specialty-shop,shopping-mall-nine,,true,false,true,,,1000,pokedollars,,,
pokeblock-case,emerald,npc-gift,,lilycove-city,Contest Hall (left receptionist),false,false,true,,,,,,,
pokeblock-case,ruby,npc-gift,,slateport-city,Contest Hall (little girl),false,false,true,,,,,,,
pokeblock-case,sapphire,npc-gift,,slateport-city,Contest Hall (little girl),false,false,true,,,,,,,
pokeblock-kit,alpha-sapphire,npc-gift,,slateport-city,From Lisia after delivering the Devon Parts and attempting to enter Route 110,false,false,true,,,,,,After delivering the Devon Parts,
pokeblock-kit,omega-ruby,npc-gift,,slateport-city,From Lisia after delivering the Devon Parts and attempting to enter Route 110,false,false,true,,,,,,After delivering the Devon Parts,
pokedex,blue,npc-gift,,pallet-town,Professor Oak's Laboratory (after delivering Oak's Parcel),false,false,true,,,,,,,
pokedex,crystal,npc-gift,,route-30-johto,From Professor Oak after obtaining the Mystery Egg from Mr. Pokémon,false,false,true,,,,,,,
pokedex,gold,npc-gift,,route-30-johto,From Professor Oak after obtaining the Mystery Egg from Mr. Pokémon,false,false,true,,,,,,,
pokedex,red,npc-gift,,pallet-town,Professor Oak's Laboratory (after delivering Oak's Parcel),false,false,true,,,,,,,
pokedex,silver,npc-gift,,route-30-johto,From Professor Oak after obtaining the Mystery Egg from Mr. Pokémon,false,false,true,,,,,,,
pokedex,yellow,npc-gift,,pallet-town,Professor Oak's Laboratory (after delivering Oak's Parcel),false,false,true,,,,,,,
pokemon-box-link,brilliant-diamond,npc-gift,,jubilife-city,From Bebe after defeating two Team Galactic Grunts and Roark,false,false,true,,,,,,After defeating Roark,
pokemon-box-link,lets-go-eevee,starting-item,bag,pallet-town,In the player's Bag at the start of the game,false,false,true,,,,,,,
pokemon-box-link,lets-go-pikachu,starting-item,bag,pallet-town,In the player's Bag at the start of the game,false,false,true,,,,,,,
pokemon-box-link,shield,npc-gift,,meetup-spot,From Sonia at the fence near the entrance to Rolling Fields,false,false,true,,,,,,,
pokemon-box-link,shining-pearl,npc-gift,,jubilife-city,From Bebe after defeating two Team Galactic Grunts and Roark,false,false,true,,,,,,After defeating Roark,
pokemon-box-link,sword,npc-gift,,meetup-spot,From Sonia at the fence near the entrance to Rolling Fields,false,false,true,,,,,,,
pokeshi-doll,legends-arceus,request,,jubilife-village,"Reward for completing Request 18: ""Please! Make me a Pokéshi Doll!""",false,false,true,,,,,,,
pokeshi-doll,legends-arceus,crafting,recipe,,Crafting using 3 Wood,true,false,true,,,,,,,
polished-mud-ball,lets-go-eevee,npc-gift,,,Gift from Partner Eevee,true,false,true,,,,,,,
polished-mud-ball,lets-go-pikachu,npc-gift,,,Gift from Partner Pikachu,true,false,true,,,,,,,
polka-dot-bottle,scarlet,shop,specialty-shop,cascarrafa,Picnic-Knacks (Cascarrafa Branch),true,false,true,,,1000,pokedollars,,,
polka-dot-bottle,violet,shop,specialty-shop,cascarrafa,Picnic-Knacks (Cascarrafa Branch),true,false,true,,,1000,pokedollars,,,
polka-dot-chairs,scarlet,npc-gift,,revelers-road,Picnicker,false,false,true,,,,,,If the player owns the Polka-Dot Tablecloth,
polka-dot-chairs,violet,npc-gift,,revelers-road,Picnicker,false,false,true,,,,,,If the player owns the Polka-Dot Tablecloth,
polka-dot-cup,scarlet,shop,specialty-shop,cascarrafa,Picnic-Knacks (Cascarrafa Branch),true,false,true,,,800,pokedollars,,,
polka-dot-cup,violet,shop,specialty-shop,cascarrafa,Picnic-Knacks (Cascarrafa Branch),true,false,true,,,800,pokedollars,,,
polka-dot-tablecloth,scarlet,shop,specialty-shop,cascarrafa,Picnic-Knacks (Cascarrafa Branch),true,false,true,,,1500,pokedollars,,,
polka-dot-tablecloth,violet,shop,specialty-shop,cascarrafa,Picnic-Knacks (Cascarrafa Branch),true,false,true,,,1500,pokedollars,,,
polkadot-bow,crystal,wild-pokemon,,,Held by Jigglypuff traded from Generation I,true,false,false,,,,,,Trade Jigglypuff from a Generation I game,
polkadot-bow,gold,wild-pokemon,,,Held by Jigglypuff traded from Generation I,true,false,false,,,,,,Trade Jigglypuff from a Generation I game,
polkadot-bow,silver,wild-pokemon,,,Held by Jigglypuff traded from Generation I,true,false,false,,,,,,Trade Jigglypuff from a Generation I game,
pop-pod,legends-arceus,overworld,recurring,cobalt-coastlands,,true,false,true,,,,,,,
pop-pod,legends-arceus,overworld,recurring,alabaster-icelands,,true,false,true,,,,,,,
pop-pod,legends-arceus,dropped,,,,true,false,false,,,,,,,Dropped by wild Pokémon
pop-pod,legends-arceus,crafting,craftworks,,Craftworks,true,false,true,,,,,,,
popping-candy,legends-za,exchange,,vert-sector-3,Given to a boy in exchange for a Canari Bread,false,false,true,,,,,,,
portraitmail,crystal,overworld,recurring,mt-moon-square,,true,false,true,,,,,,,
portraitmail,gold,overworld,recurring,mt-moon-square,,true,false,true,,,,,,,
portraitmail,silver,overworld,recurring,mt-moon-square,,true,false,true,,,,,,,
potato-salad,scarlet,shop,specialty-shop,,Deli Cioso,true,false,true,,,110,pokedollars,,,
potato-salad,scarlet,overworld,visible,west-province-area-two,,false,false,true,,,,,,,
potato-salad,scarlet,shop,specialty-shop,,Peachy's,true,false,true,,,110,pokedollars,,,
potato-salad,violet,shop,specialty-shop,,Deli Cioso,true,false,true,,,110,pokedollars,,,
potato-salad,violet,shop,specialty-shop,,Peachy's,true,false,true,,,110,pokedollars,,,
potato-salad,violet,overworld,visible,west-province-area-two,,false,false,true,,,,,,,
potato-tortilla,scarlet,overworld,visible,west-province-area-one,,false,false,true,,,,,,,
potato-tortilla,scarlet,shop,vendor,,Deli Cioso,true,false,true,,,250,pokedollars,,After earning 1 Gym Badge,
potato-tortilla,scarlet,vending-machine,,terarium,Vending machines,true,false,true,,,,,,The Indigo Disk,
potato-tortilla,violet,shop,vendor,,Deli Cioso,true,false,true,,,250,pokedollars,,After earning 1 Gym Badge,
potato-tortilla,violet,vending-machine,,terarium,Vending machines,true,false,true,,,,,,The Indigo Disk,
potato-tortilla,violet,overworld,visible,west-province-area-one,,false,false,true,,,,,,,
powder-jar,emerald,npc-gift,,slateport-city,Woman in the upper-right stall of Slateport Market,false,false,true,,,,,,,
powder-jar,firered,npc-gift,,cerulean-city,Old man in the house second to the right of Cerulean Cave,false,false,true,,,,,,,
powder-jar,leafgreen,npc-gift,,cerulean-city,Old man in the house second to the right of Cerulean Cave,false,false,true,,,,,,,
power-anklet,black,exchange,,battle-subway,,true,false,true,,,16,battle-points,,,
power-anklet,diamond,exchange,,battle-park-sinnoh,,true,false,true,,,16,battle-points,,,
power-anklet,platinum,exchange,,battle-frontier-sinnoh,,true,false,true,,,16,battle-points,,,
power-anklet,scarlet,shop,specialty-shop,,Delibird Presents,true,false,true,,,10000,pokedollars,,,
power-anklet,violet,shop,specialty-shop,,Delibird Presents,true,false,true,,,10000,pokedollars,,,
power-band,black,exchange,,battle-subway,,true,false,true,,,16,battle-points,,,
power-band,diamond,exchange,,battle-park-sinnoh,,true,false,true,,,16,battle-points,,,
power-band,heartgold,exchange,,battle-frontier-johto,,true,false,true,,,16,battle-points,,,
power-band,platinum,exchange,,battle-frontier-sinnoh,,true,false,true,,,16,battle-points,,,
power-band,scarlet,shop,specialty-shop,,Delibird Presents,true,false,true,,,10000,pokedollars,,,
power-belt,black,exchange,,battle-subway,,true,false,true,,,16,battle-points,,,
power-belt,black-2,exchange,,battle-subway,or Pokémon World Tournament,true,false,true,,,16,battle-points,,,
power-belt,brilliant-diamond,exchange,,battle-park-sinnoh,,true,false,true,,,10,battle-points,,,
power-belt,diamond,exchange,,battle-park-sinnoh,,true,false,true,,,16,battle-points,,,
power-belt,heartgold,exchange,,battle-frontier-johto,,true,false,true,,,16,battle-points,,,
power-belt,platinum,exchange,,battle-frontier-sinnoh,,true,false,true,,,16,battle-points,,,
power-belt,scarlet,shop,vendor,,Delibird Presents,true,false,true,,,10000,pokedollars,,,
power-belt,sun,exchange,,battle-royal-dome,,true,false,true,,,16,battle-points,,,
power-belt,sword,exchange,,hammerlocke,,true,false,true,,,10,battle-points,,,
power-belt,ultra-moon,overworld,visible,royal-avenue,,false,false,true,,,,,,,
power-belt,white-2,overworld,visible,,Plasma Frigate,false,false,true,,,,,,,
power-belt,x,exchange,,battle-maison,,true,false,true,,,16,battle-points,,,
power-bracer,black,exchange,,battle-subway,,true,false,true,,,16,battle-points,,,
power-bracer,brilliant-diamond,exchange,,battle-park-sinnoh,,true,false,true,,,10,battle-points,,,
power-bracer,diamond,exchange,,battle-park-sinnoh,,true,false,true,,,16,battle-points,,,
power-bracer,heartgold,exchange,,battle-frontier-johto,,true,false,true,,,16,battle-points,,,
power-bracer,platinum,exchange,,battle-frontier-sinnoh,,true,false,true,,,16,battle-points,,,
power-bracer,scarlet,shop,specialty-shop,,Delibird Presents,true,false,true,,,10000,pokedollars,,,
power-bracer,sun,exchange,,battle-royal-dome,,true,false,true,,,16,battle-points,,,
power-bracer,sword,exchange,,hammerlocke,,true,false,true,,,10,battle-points,,,Also available via Wild Area News
power-bracer,ultra-sun,overworld,visible,poni-coast,,false,false,true,,,,,,,
power-bracer,x,exchange,,battle-maison,,true,false,true,,,16,battle-points,,,
power-lens,black-2,overworld,visible,unova-route-13,,false,false,true,,,,,,,
power-lens,diamond,exchange,,battle-park-sinnoh,,true,false,true,,,16,battle-points,,,
power-lens,platinum,exchange,,battle-frontier-sinnoh,,true,false,true,,,16,battle-points,,,
power-lens,scarlet,shop,vendor,,Delibird Presents,true,false,true,,,10000,pokedollars,,,
power-lens,violet,shop,vendor,,Delibird Presents,true,false,true,,,10000,pokedollars,,,
power-plant-pass,x,overworld,visible,kalos-route-13,In the rock next to the Team Flare Grunt,false,false,true,,,,,,,
power-plant-pass,y,overworld,visible,kalos-route-13,In the rock next to the Team Flare Grunt,false,false,true,,,,,,,
power-weight,diamond,exchange,,battle-park-sinnoh,,true,false,true,,,16,battle-points,,,
power-weight,platinum,exchange,,battle-frontier-sinnoh,,true,false,true,,,16,battle-points,,,
power-weight,scarlet,shop,vendor,,Delibird Presents,true,false,true,,,10000,pokedollars,,,
power-weight,violet,shop,vendor,,Delibird Presents,true,false,true,,,10000,pokedollars,,,
precooked-burger,shield,npc-gift,,,After cooking curry,true,false,false,,,,,,,
precooked-burger,shield,shop,vendor,rolling-fields,Ingredients Seller,true,false,true,,,150,pokedollars,,,
precooked-burger,sword,shop,vendor,rolling-fields,Ingredients Seller,true,false,true,,,150,pokedollars,,,
precooked-burger,sword,npc-gift,,,After cooking curry,true,false,false,,,,,,,
primarium-z,moon,npc-gift,,alola-route-01,Hau,false,false,true,,,,,,If the player did not start with Popplio,
primarium-z,sun,npc-gift,,malie-garden,Professor Kukui,false,false,true,,,,,,If the player started with Popplio,
primarium-z,ultra-moon,npc-gift,,iki-town,Hala (rematch),false,false,true,,,,,,After defeating Hala in a rematch if the player did not choose Popplio,
primarium-z,ultra-sun,npc-gift,,malie-garden,Professor Kukui,false,false,true,,,,,,If the player started with Popplio,
prison-bottle,alpha-sapphire,npc-gift,,,Any Poké Mart clerk (with Hoopa in the party),false,false,true,,,,,,If Hoopa is in the party,
prison-bottle,moon,npc-gift,,aether-paradise,"Secret Lab A, from an Aether Foundation employee",false,false,true,,,,,,,
prison-bottle,omega-ruby,npc-gift,,,Any Poké Mart clerk (with Hoopa in the party),false,false,true,,,,,,If Hoopa is in the party,
prison-bottle,scarlet,auction,,porto-marinada,Auction house,true,false,false,,,,,,If the player owns a Hoopa,
prison-bottle,sun,npc-gift,,aether-paradise,"Secret Lab A, from an Aether Foundation employee",false,false,true,,,,,,,
prison-bottle,ultra-moon,npc-gift,,aether-paradise,"Secret Lab A, from an Aether Foundation employee",false,false,true,,,,,,,
prison-bottle,ultra-sun,npc-gift,,aether-paradise,"Secret Lab A, from an Aether Foundation employee",false,false,true,,,,,,,
prison-bottle,violet,auction,,porto-marinada,Auction house,true,false,false,,,,,,If the player owns a Hoopa,
professors-mask,moon,npc-gift,,hokulani-observatory,From Molayne after completing Sophocles's trial,false,false,true,,,,,,After completing Sophocles's trial,
professors-mask,sun,npc-gift,,hokulani-observatory,From Molayne after completing Sophocles's trial,false,false,true,,,,,,After completing Sophocles's trial,
professors-mask,ultra-moon,npc-gift,,hokulani-observatory,From Molayne after completing Sophocles's trial,false,false,true,,,,,,After completing Sophocles's trial,
professors-mask,ultra-sun,npc-gift,,hokulani-observatory,From Molayne after completing Sophocles's trial,false,false,true,,,,,,After completing Sophocles's trial,
profs-letter,x,npc-gift,,aquacorde-town,Received from Tierno after obtaining a first partner Pokémon and the Pokédex,false,false,true,,,,,,After receiving a first partner Pokémon and the Pokédex,
profs-letter,y,npc-gift,,aquacorde-town,Received from Tierno after obtaining a first partner Pokémon and the Pokédex,false,false,true,,,,,,After receiving a first partner Pokémon and the Pokédex,
prop-case,black,npc-gift,,nimbasa-city,Musical Theater owner,false,false,true,,,,,,First visit to the Musical Theater,
prop-case,black-2,npc-gift,,nimbasa-city,Musical Theater owner,false,false,true,,,,,,First visit to the Musical Theater,
prop-case,white,npc-gift,,nimbasa-city,Musical Theater owner,false,false,true,,,,,,First visit to the Musical Theater,
prop-case,white-2,npc-gift,,nimbasa-city,Musical Theater owner,false,false,true,,,,,,First visit to the Musical Theater,
prosciutto,scarlet,vending-machine,,terarium,Vending machines,true,false,true,,,,,,The Indigo Disk,
prosciutto,scarlet,overworld,visible,west-province-area-one,,false,false,true,,,,,,,
prosciutto,scarlet,shop,vendor,,Deli Cioso,true,false,true,,,200,pokedollars,,After earning 1 Gym Badge,
prosciutto,violet,overworld,visible,west-province-area-one,,false,false,true,,,,,,,
prosciutto,violet,vending-machine,,terarium,Vending machines,true,false,true,,,,,,The Indigo Disk,
prosciutto,violet,shop,vendor,,Deli Cioso,true,false,true,,,200,pokedollars,,After earning 1 Gym Badge,
protective-pads,moon,exchange,,,Battle Tree,true,false,true,,,48,battle-points,,,
protective-pads,scarlet,shop,specialty-shop,levincia,Delibird Presents (Levincia Branch),true,false,true,,,,,,After earning 4 Gym Badges,
protective-pads,shield,bargain-shop,,stow-on-side,Bargain Shop,true,false,true,,,,,,,
protective-pads,sun,exchange,,,Battle Tree,true,false,true,,,48,battle-points,,,
protective-pads,sword,bargain-shop,,stow-on-side,Bargain Shop,true,false,true,,,,,,,
protective-pads,ultra-moon,exchange,,,Battle Tree,true,false,true,,,48,battle-points,,,
protective-pads,ultra-sun,exchange,,,Battle Tree,true,false,true,,,48,battle-points,,,
protective-pads,violet,shop,specialty-shop,levincia,Delibird Presents (Levincia Branch),true,false,true,,,,,,After earning 4 Gym Badges,
protector,black,overworld,visible,unova-route-11,,false,false,true,,,,,,,
protector,diamond,overworld,visible,route-228-sinnoh,,false,false,true,,,,,,,
protector,heartgold,overworld,visible,mt-mortar,,false,false,true,,,,,,,
przcureberry,crystal,npc-gift,,route-31-johto,Bug Catcher Wade,true,false,false,,,,,,,Possible gift
przcureberry,crystal,wild-pokemon,,olivine-city,Held by in-game trade Voltorb,false,false,true,,,,,,,
przcureberry,gold,berry-tree,,violet-city,,true,false,true,,,,,,,
przcureberry,gold,wild-pokemon,,olivine-city,Held by in-game trade Voltorb,false,false,true,,,,,,,
przcureberry,gold,event,,,Mystery Gift,true,false,false,,,,,,,
przcureberry,silver,wild-pokemon,,olivine-city,Held by in-game trade Voltorb,false,false,true,,,,,,,
przcureberry,silver,berry-tree,,route-08-kanto,,true,false,true,,,,,,,
psn-cure-berry,crystal,overworld,visible,ruins-of-alph,,false,false,true,,,,,,,
psn-cure-berry,crystal,berry-tree,,route-33-johto,,true,false,true,,,,,,,
psn-cure-berry,crystal,npc-gift,,route-31-johto,Bug Catcher Wade,true,false,false,,,,,,,Possible gift
psn-cure-berry,gold,event,,,Mystery Gift,true,false,false,,,,,,,
psn-cure-berry,gold,berry-tree,,route-02-kanto,,true,false,true,,,,,,,
psn-cure-berry,silver,berry-tree,,route-30-johto,,true,false,true,,,,,,,
psychic-gem,black,mining,sparkling,,Dust cloud,true,false,false,,,,,,,
psychic-gem,black-2,overworld,visible,dreamyard,,false,false,true,,,,,,,
psychic-gem,black-2,mining,sparkling,,"Dust cloud in Chargestone Cave, Mistralton Cave, Clay Tunnel, Twist Mountain, Underground Ruins, Victory Road, Wellspring Cave, Seaside Cave, Giant Chasm",true,false,false,,,,,,,
psychic-gem,white,mining,sparkling,,Dust cloud,true,false,false,,,,,,,
psychic-gem,white-2,overworld,visible,dreamyard,,false,false,true,,,,,,,
psychic-gem,white-2,mining,sparkling,,"Dust cloud in Chargestone Cave, Mistralton Cave, Clay Tunnel, Twist Mountain, Underground Ruins, Victory Road, Wellspring Cave, Seaside Cave, Giant Chasm",true,false,false,,,,,,,
psychic-memory,moon,npc-gift,,aether-paradise,From Gladion,false,false,true,,,,,,After becoming Champion,
psychic-memory,shield,npc-gift,,battle-tower-galar,From a League Staff member,false,false,true,,,,,,,
psychic-memory,sun,npc-gift,,aether-paradise,From Gladion,false,false,true,,,,,,After becoming Champion,
psychic-memory,sword,npc-gift,,battle-tower-galar,From a League Staff member,false,false,true,,,,,,,
psychic-memory,ultra-moon,npc-gift,,ancient-poni-path,From Wicke,false,false,true,,,,,,After becoming Champion,
psychic-memory,ultra-sun,npc-gift,,ancient-poni-path,From Wicke,false,false,true,,,,,,After becoming Champion,
psychic-seed,moon,npc-gift,,seafolk-village,,false,false,true,,,,,,,
psychic-seed,scarlet,shop,specialty-shop,cascarrafa,Delibird Presents,true,false,true,,,20000,pokedollars,,After completing the main storyline,
psychic-seed,shield,overworld,visible,galar-route-02,,false,false,true,,,,,,,
psychic-seed,sun,npc-gift,,seafolk-village,,false,false,true,,,,,,,
psychic-seed,sword,overworld,visible,galar-route-02,,false,false,true,,,,,,,
psychic-seed,violet,shop,specialty-shop,cascarrafa,Delibird Presents,true,false,true,,,20000,pokedollars,,After completing the main storyline,
psychic-tera-shard,scarlet,overworld,visible,area-zero,,false,false,true,,,,,,,
psychic-tera-shard,scarlet,item-printer,,,,true,false,false,,,,,,The Indigo Disk,
psychic-tera-shard,scarlet,tournament,,mesagoza,,true,false,false,,,,,,,
psychic-tera-shard,violet,overworld,visible,area-zero,,false,false,true,,,,,,,
psychic-tera-shard,violet,tera-raid,tera-raid-5star,,Tera Raid Battles (3★ onwards),true,false,false,,,,,,,
psychium-z,moon,story,,haina-desert,After completing Acerola's trial,false,false,true,,,,,,After completing Acerola's trial,
psychium-z,sun,story,,haina-desert,After completing Acerola's trial,false,false,true,,,,,,After completing Acerola's trial,
psychium-z,ultra-moon,story,,haina-desert,After completing Acerola's trial,false,false,true,,,,,,After completing Acerola's trial,
psychium-z,ultra-sun,story,,haina-desert,After completing Acerola's trial,false,false,true,,,,,,After completing Acerola's trial,
pumkin-berry,ruby,npc-gift,,petalburg-gym,From Norman after scanning the Pumkin Berry e-Reader card,true,false,true,,,,,,After scanning the Pumkin Berry e-Reader card,Repeatable if the card is scanned again and the player has no e-Reader Berries in the Bag or PC
pumkin-berry,sapphire,npc-gift,,petalburg-gym,From Norman after scanning the Pumkin Berry e-Reader card,true,false,true,,,,,,After scanning the Pumkin Berry e-Reader card,Repeatable if the card is scanned again and the player has no e-Reader Berries in the Bag or PC
punching-glove,scarlet,npc-gift,,zapapico,Pokémon League representative,false,false,true,,,,,,After defeating 7 Trainers in East Province (Area Three),
punching-glove,scarlet,shop,specialty-shop,mesagoza,Delibird Presents (Mesagoza Branch),true,false,true,,,15000,pokedollars,,After earning 4 Gym Badges,
punching-glove,violet,shop,specialty-shop,mesagoza,Delibird Presents (Mesagoza Branch),true,false,true,,,15000,pokedollars,,After earning 4 Gym Badges,
punching-glove,violet,npc-gift,,zapapico,Pokémon League representative,false,false,true,,,,,,After defeating 7 Trainers in East Province (Area Three),
pungent-root,shield,overworld,recurring,east-lake-axewell,,true,true,true,,,,,,,
pungent-root,sword,overworld,recurring,east-lake-axewell,,true,true,true,,,,,,,
pure-incense,alpha-sapphire,shop,vendor,slateport-city,Market,true,false,true,,,9600,pokedollars,,,
pure-incense,black,shop,vendor,driftveil-city,Driftveil Market,true,false,true,,,9600,pokedollars,,Post-National Pokédex,
pure-incense,black-2,shop,vendor,driftveil-city,Driftveil Market,true,false,true,,,9600,pokedollars,,,
pure-incense,brilliant-diamond,overworld,visible,route-221-sinnoh,,false,false,true,,,,,,,
pure-incense,diamond,overworld,visible,route-221-sinnoh,,false,false,true,,,,,,,
pure-incense,heartgold,overworld,visible,mt-silver-cave,,false,false,true,,,,,,,
pure-incense,moon,shop,vendor,konikoni-city,Incense stall,true,false,true,,,6000,pokedollars,,,
pure-incense,omega-ruby,shop,vendor,slateport-city,Market,true,false,true,,,9600,pokedollars,,,
pure-incense,pearl,overworld,visible,route-221-sinnoh,,false,false,true,,,,,,,
pure-incense,platinum,overworld,visible,route-221-sinnoh,,false,false,true,,,,,,,
pure-incense,shield,shop,vendor,hulbury,Incense merchant,true,false,true,,,6000,pokedollars,,,
pure-incense,shining-pearl,overworld,visible,route-221-sinnoh,,false,false,true,,,,,,,
pure-incense,soulsilver,overworld,visible,mt-silver-cave,,false,false,true,,,,,,,
pure-incense,sun,shop,vendor,konikoni-city,Incense stall,true,false,true,,,6000,pokedollars,,,
pure-incense,sword,shop,vendor,hulbury,Incense merchant,true,false,true,,,6000,pokedollars,,,
pure-incense,ultra-moon,shop,vendor,konikoni-city,Incense stall,true,false,true,,,6000,pokedollars,,,
pure-incense,ultra-sun,shop,vendor,konikoni-city,Incense stall,true,false,true,,,6000,pokedollars,,,
pure-incense,white,shop,vendor,driftveil-city,Driftveil Market,true,false,true,,,9600,pokedollars,,Post-National Pokédex,
pure-incense,white-2,shop,vendor,driftveil-city,Driftveil Market,true,false,true,,,9600,pokedollars,,,
pure-incense,x,shop,specialty-shop,coumarine-city,Incense shop,true,false,true,,,9600,pokedollars,,,
pure-incense,y,shop,specialty-shop,coumarine-city,Incense shop,true,false,true,,,9600,pokedollars,,,
purple-nectar,moon,overworld,recurring,poni-meadow,,true,false,true,2,,,,,Daily,
purple-nectar,scarlet,shop,poke-mart,,Delibird Presents,true,false,true,,,300,pokedollars,,After earning 3 Gym Badges,
purple-nectar,sun,overworld,recurring,poni-meadow,,true,false,true,2,,,,,Daily,
purple-nectar,ultra-moon,overworld,recurring,poni-meadow,,true,false,true,2,,,,,Daily,
purple-nectar,ultra-sun,overworld,recurring,poni-meadow,,true,false,true,2,,,,,Daily,
purple-nectar,violet,shop,poke-mart,,Delibird Presents,true,false,true,,,300,pokedollars,,After earning 3 Gym Badges,
purple-petal,ultra-moon,story,,aether-house,"During Mina's trial, after defeating Nanu",false,false,true,,,,,,,
purple-petal,ultra-sun,story,,aether-house,"During Mina's trial, after talking to Nanu",false,false,true,,,,,,,
pyroarite,legends-za,exchange,,quasartico-inc-building,Quasartico Inc. headquarters,true,false,true,,,240,,,"After completing Main Mission 35: ""Reaching Rank A""",Requires Mega Shards
quick-candy,lets-go-eevee,overworld,hidden,pokemon-mansion-kanto,,true,true,true,,,,,,,Hidden recurring item
quick-candy,lets-go-pikachu,overworld,hidden,celadon-game-corner,,true,true,true,,,,,,,Hidden recurring item
quick-candy,lets-go-pikachu-lets-go-eevee,transfer,,go-park,,true,false,true,,,,,,,Also obtainable via Poké Ball Plus
quick-candy-l,lets-go-eevee,overworld,recurring,celadon-game-corner,Hidden recurring item,true,true,true,,,,,,,
quick-candy-l,lets-go-eevee,walking-pokemon,,,Poké Ball Plus,true,false,false,,,,,,,
quick-candy-l,lets-go-eevee,transfer,,,Catching or transferring certain Pokémon species,true,false,true,,,,,,,
quick-candy-l,lets-go-pikachu,walking-pokemon,,,Poké Ball Plus,true,false,false,,,,,,,
quick-candy-l,lets-go-pikachu,transfer,,,Catching or transferring certain Pokémon species,true,false,true,,,,,,,
quick-candy-l,lets-go-pikachu,overworld,recurring,celadon-game-corner,Hidden recurring item,true,true,true,,,,,,,
quick-candy-xl,lets-go-eevee,transfer,,,Catching or transferring eligible Pokémon,true,false,true,,,,,,,
quick-candy-xl,lets-go-eevee,overworld,recurring,celadon-game-corner,Hidden recurring item,true,true,true,,,,,,,
quick-candy-xl,lets-go-pikachu,transfer,,,Catching or transferring eligible Pokémon,true,false,true,,,,,,,
quick-candy-xl,lets-go-pikachu,overworld,recurring,celadon-game-corner,Hidden recurring item,true,true,true,,,,,,,
quick-powder,diamond,wild-pokemon,,,Held by wild Ditto,true,false,false,,50.0,,,,,
quick-powder,sword,crafting,cram-o-matic,,Poison: 82–90 points,true,false,false,,,,,,The Isle of Armor,
quiet-mint,brilliant-diamond,exchange,,,Battle Park,true,false,true,,,50,battle-points,,,
quiet-mint,legends-arceus,harvest,,,Farm (mint harvest),true,false,true,,,,,,,
quiet-mint,scarlet,shop,vendor,,Chansey Supply,true,false,true,,,20000,pokedollars,,After earning 6 Gym Badges,
quiet-mint,shield,exchange,,,Battle Tower,true,false,true,,,50,battle-points,,,
quiet-mint,shining-pearl,exchange,,,Battle Park,true,false,true,,,50,battle-points,,,
quiet-mint,sword,exchange,,,Battle Tower,true,false,true,,,50,battle-points,,,
quiet-mint,violet,shop,vendor,,Chansey Supply,true,false,true,,,20000,pokedollars,,After earning 6 Gym Badges,
radiant-petal,shield,npc-gift,,freezington,Obtained from Calyrex after defeating Glastrier or Spectrier,false,false,true,,,,,,After defeating Glastrier or Spectrier during The Crown Tundra storyline,
radiant-petal,sword,npc-gift,,freezington,Obtained from Calyrex after defeating Glastrier or Spectrier,false,false,true,,,,,,After defeating Glastrier or Spectrier during The Crown Tundra storyline,
raichunite-x,legends-za,story,,,"Side Mission 139: ""The Dauntless Raichu Duo""",false,false,true,,,,,,Upon completing Side Mission 139,
raichunite-y,legends-za,story,,,"Side Mission 139: ""The Dauntless Raichu Duo""",false,false,true,,,,,,Complete Side Mission 139,
raikou-treat,scarlet,npc-gift,,blueberry-academy-entrance,From Snacksworth,false,false,true,,,,,,After completing 10 solo Blueberry Quests (The Indigo Disk),
raikou-treat,violet,npc-gift,,blueberry-academy-entrance,From Snacksworth,false,false,true,,,,,,After completing one group Blueberry Quest (The Indigo Disk),
rainbow-feather,crystal,npc-gift,,bell-tower,From a Sage after entering the Hall of Fame,false,false,true,,,,,,Three Legendary beasts with the player's OT and OT ID are owned,
rainbow-feather,gold,npc-gift,,goldenrod-radio-tower,From the Director after defeating Team Rocket,false,false,true,,,,,,After defeating Team Rocket at the Radio Tower,
rainbow-feather,heartgold,npc-gift,,goldenrod-radio-tower,From the Director after defeating Team Rocket,false,false,true,,,,,,After defeating Team Rocket at the Radio Tower,
rainbow-feather,silver,npc-gift,,pewter-city,From an old man near the exit to Route 3,false,false,true,,,,,,,
rainbow-feather,soulsilver,npc-gift,,pewter-city,From an old man near the exit to Route 3,false,false,true,,,,,,,
rainbow-flower,ultra-moon,story,,seafolk-village,Received from Mina during her trial after collecting all seven petals,false,false,true,,,,,,During Mina's trial after collecting all seven petals,
rainbow-flower,ultra-sun,story,,seafolk-village,Received from Mina during her trial after collecting all seven petals,false,false,true,,,,,,During Mina's trial after collecting all seven petals,
rainbow-pass,firered,npc-gift,,pokemon-network-center,Given by Celio after obtaining the Ruby,false,false,true,,,,,,After obtaining the Ruby,
rainbow-pass,leafgreen,npc-gift,,pokemon-network-center,Given by Celio after obtaining the Ruby,false,false,true,,,,,,After obtaining the Ruby,
rainbow-slate,brilliant-diamond,exchange,,ramanas-park,Ramanas Park exchange counter,true,false,true,,,,,,"After catching Raikou, Entei, and Suicune",Purchased using Mysterious Shards
rash-mint,brilliant-diamond,exchange,,,Battle Park,true,false,true,,,50,battle-points,,,
rash-mint,legends-arceus,harvest,,,Farm (mint harvest),true,false,false,,,,,,,
rash-mint,scarlet,shop,vendor,,Chansey Supply,true,false,true,,,20000,pokedollars,,After earning 6 Gym Badges,
rash-mint,shield,exchange,,,Battle Tower,true,false,true,,,50,battle-points,,,
rash-mint,shining-pearl,exchange,,,Battle Park,true,false,true,,,50,battle-points,,,
rash-mint,sword,exchange,,,Battle Tower,true,false,true,,,50,battle-points,,,
rash-mint,violet,shop,vendor,,Chansey Supply,true,false,true,,,20000,pokedollars,,After earning 6 Gym Badges,
rayquaza-treat,scarlet,npc-gift,,blueberry-academy,Blueberry Academy entrance (Snacksworth),false,false,true,,,,,,After completing a group Blueberry Quest,
rayquaza-treat,violet,npc-gift,,blueberry-academy,Blueberry Academy entrance (Snacksworth),false,false,true,,,,,,After completing a group Blueberry Quest,
razor-fang,black,overworld,visible,abundant-shrine,,false,false,true,,,,,,,
razor-fang,diamond,exchange,,battle-park-sinnoh,,true,false,true,,,48,battle-points,,,
razor-fang,platinum,exchange,,battle-frontier-sinnoh,,true,false,true,,,48,battle-points,,,
red-bell-pepper,scarlet,vending-machine,,terarium,Vending machines,true,false,true,,,,,,,
red-bell-pepper,scarlet,shop,vendor,,"Deli Cioso, Aquiesta Supermarket",true,false,true,,,240,pokedollars,,After earning 3 Gym Badges,
red-bell-pepper,violet,shop,vendor,,"Deli Cioso, Aquiesta Supermarket",true,false,true,,,240,pokedollars,,After earning 3 Gym Badges,
red-bell-pepper,violet,vending-machine,,terarium,Vending machines,true,false,true,,,,,,,
red-canari-plush-lv-1,legends-za,story,,hotel-z,"Main Mission 5: The City in the Shadow of Prism Tower, from Tarragon",false,false,true,,,,,,,
red-canari-plush-lv-2,legends-za,exchange,,racine-construction,Colorful Screw Exchange,true,false,true,,,5,,,,Requires Colorful Screws
red-canari-plush-lv-3,legends-za,exchange,,racine-construction,Colorful Screw Exchange,true,false,true,,,8,,,,Requires Colorful Screws
red-card,black,exchange,,,Battle Subway,true,false,true,,,32,battle-points,,,
red-card,white,exchange,,,Battle Subway,true,false,true,,,32,battle-points,,,
red-chain,legends-arceus,story,,shrouded-ruins,Created by the lake guardians after obtaining their respective materials,false,false,true,,,,,,"After obtaining Azelf's Fang, Uxie's Claw, and Mesprit's Plume",
red-flag-pick,scarlet,shop,specialty-shop,,Peachy's,true,false,true,,,120,pokedollars,,The Teal Mask,
red-flag-pick,scarlet,shop,specialty-shop,,Artisan Bakery,true,false,true,,,120,pokedollars,,,
red-flag-pick,scarlet,vending-machine,,,Vending machines (Terarium),true,false,true,,,120,pokedollars,,The Indigo Disk,
red-flag-pick,violet,shop,specialty-shop,,Peachy's,true,false,true,,,120,pokedollars,,The Teal Mask,
red-flag-pick,violet,vending-machine,,,Vending machines (Terarium),true,false,true,,,120,pokedollars,,The Indigo Disk,
red-flag-pick,violet,shop,specialty-shop,,Artisan Bakery,true,false,true,,,120,pokedollars,,,
red-flute,alpha-sapphire,walking-pokemon,,hoenn-route-113,Glass Workshop,true,false,true,,,,,,500 grams,
red-flute,black,npc-gift,,unova-route-13,Treasure Hunter,true,false,true,,,,,,,
red-flute,emerald,walking-pokemon,,hoenn-route-113,Glass Workshop,true,false,true,,,,,,500 steps,
red-flute,heartgold,overworld,visible,lake-of-rage,,false,false,true,,,,,,,
red-flute,omega-ruby,walking-pokemon,,hoenn-route-113,Glass Workshop,true,false,true,,,,,,500 grams,
red-flute,ruby,walking-pokemon,,hoenn-route-113,Glass Workshop,true,false,true,,,,,,500 steps,
red-flute,sapphire,walking-pokemon,,hoenn-route-113,Glass Workshop,true,false,true,,,,,,500 steps,
red-flute,soulsilver,overworld,visible,lake-of-rage,,false,false,true,,,,,,,
red-flute,white,npc-gift,,unova-route-13,Treasure Hunter,true,false,true,,,,,,,
red-nectar,moon,overworld,recurring,ulaula-meadow,,true,false,true,2,,,,,,Daily
red-nectar,scarlet,shop,specialty-shop,,Delibird Presents,true,false,true,,,300,pokedollars,,After earning 3 Gym Badges,
red-nectar,scarlet,wild-pokemon,,,,true,false,false,,5.0,,,,,Held by wild Oricorio (Baile Style)
red-nectar,sun,overworld,recurring,ulaula-meadow,,true,false,true,2,,,,,,Daily
red-nectar,ultra-moon,overworld,recurring,ulaula-meadow,,true,false,true,2,,,,,,Daily
red-nectar,ultra-sun,overworld,recurring,ulaula-meadow,,true,false,true,2,,,,,,Daily
red-nectar,violet,shop,specialty-shop,,Delibird Presents,true,false,true,,,300,pokedollars,,After earning 3 Gym Badges,
red-nectar,violet,wild-pokemon,,,,true,false,false,,5.0,,,,,Held by wild Oricorio (Baile Style)
red-onion,scarlet,shop,specialty-shop,,Deli Cioso; Aquiesta Supermarket,true,false,true,,,230,pokedollars,,After earning 2 Gym Badges,
red-onion,scarlet,vending-machine,,terarium,Vending machines,true,false,true,,,,,,The Indigo Disk,
red-onion,violet,vending-machine,,terarium,Vending machines,true,false,true,,,,,,The Indigo Disk,
red-onion,violet,shop,specialty-shop,,Deli Cioso; Aquiesta Supermarket,true,false,true,,,230,pokedollars,,After earning 2 Gym Badges,
red-orb,alpha-sapphire,story,,mt-pyre,Summit (after defeating Matt),false,false,true,,,,,,,
red-orb,moon,shop,specialty-shop,hauoli-city,Hau'oli City Mall – Antiquities of the Ages,true,false,true,,,10000,pokedollars,,,
red-orb,omega-ruby,story,,sootopolis-city,From Maxie after battling Groudon,false,false,true,,,,,,,
red-orb,ruby,story,,mt-pyre,Summit (after confronting Team Magma),false,false,true,,,,,,,
red-orb,soulsilver,npc-gift,,route-30-johto,Mr. Pokémon,false,false,true,,,,,,After defeating Red and obtaining the National Pokédex and a Kanto starter,
red-orb,sun,shop,specialty-shop,hauoli-city,Hau'oli City Mall – Antiquities of the Ages,true,false,true,,,10000,pokedollars,,,
red-petal,ultra-moon,story,,wela-volcano-park,"During Mina's trial, after defeating Kiawe and Hiker David",false,false,true,,,,,,,
red-petal,ultra-sun,story,,wela-volcano-park,"During Mina's trial, after defeating Kiawe and Hiker David",false,false,true,,,,,,,
red-poke-ball-pick,scarlet,shop,vendor,,Artisan Bakery,true,false,true,,,,,,,
red-poke-ball-pick,scarlet,shop,vendor,,Peachy's,true,false,true,,,,,,The Teal Mask,
red-poke-ball-pick,scarlet,vending-machine,,,Vending machines (Terarium),true,false,true,,,,,,The Indigo Disk,
red-poke-ball-pick,violet,shop,vendor,,Artisan Bakery,true,false,true,,,,,,,
red-poke-ball-pick,violet,shop,vendor,,Peachy's,true,false,true,,,,,,The Teal Mask,
red-poke-ball-pick,violet,vending-machine,,,Vending machines (Terarium),true,false,true,,,,,,The Indigo Disk,
red-scale,crystal,story,,lake-of-rage,Automatically obtained after battling the Red Gyarados,false,false,true,,,,,,,
red-scale,gold,story,,lake-of-rage,Automatically obtained after battling the Red Gyarados,false,false,true,,,,,,,
red-scale,heartgold,story,,lake-of-rage,Automatically obtained after battling the Red Gyarados,false,false,true,,,,,,,
red-scale,silver,story,,lake-of-rage,Automatically obtained after battling the Red Gyarados,false,false,true,,,,,,,
red-scale,soulsilver,story,,lake-of-rage,Automatically obtained after battling the Red Gyarados,false,false,true,,,,,,,
red-scarf,brilliant-diamond,npc-gift,,pastoria-city,Scarf Guy,false,false,true,,,,,,Show a Pokémon with Coolness stat of 200 or more,
red-scarf,diamond,npc-gift,,pastoria-city,Scarf Guy,false,false,true,,,,,,Show a Pokémon with Cool stat of 200 or more,
red-scarf,omega-ruby,npc-gift,,slateport-city,Pokémon Fan Club chairman,false,false,true,,,,,,Show a Pokémon with Cool stat of 200 or more,
red-scarf,ruby,npc-gift,,slateport-city,Pokémon Fan Club chairman,false,false,true,,,,,,Show a Pokémon with Cool stat of 200 or more,
reins-of-unity,scarlet,auction,,porto-marinada,Porto Marinada auction,true,false,false,,,,,,If the player owns a Calyrex,
reins-of-unity,shield,npc-gift,,freezington,From Peony at the mayor's house,false,false,true,,,,,,After obtaining the Radiant Petal,
reins-of-unity,sword,npc-gift,,freezington,From Peony at the mayor's house,false,false,true,,,,,,After obtaining the Radiant Petal,
reins-of-unity,violet,auction,,porto-marinada,Porto Marinada auction,true,false,false,,,,,,If the player owns a Calyrex,
relaxed-mint,brilliant-diamond,exchange,,,Battle Park,true,false,true,,,50,battle-points,,,
relaxed-mint,legends-arceus,harvest,,jubilife-village-farm,Mint harvest,true,false,false,,,,,,,
relaxed-mint,scarlet,shop,specialty-shop,,Chansey Supply,true,false,true,,,20000,pokedollars,,After earning 6 Gym Badges,
relaxed-mint,shield,exchange,,,Battle Tower,true,false,true,,,50,battle-points,,,
relaxed-mint,sword,overworld,recurring,giants-bed,,true,true,false,,,,,,The Crown Tundra,
relaxed-mint,sword,exchange,,,Battle Tower,true,false,true,,,50,battle-points,,,
relaxed-mint,sword,overworld,recurring,soothing-wetlands,,true,true,false,,,,,,The Isle of Armor,
relic-band,black,overworld,visible,abyssal-ruins,,false,false,true,,,,,,,
relic-band,black-2,overworld,visible,abyssal-ruins,,false,false,true,,,,,,,
relic-band,white,overworld,visible,abyssal-ruins,,false,false,true,,,,,,,
relic-band,white-2,overworld,visible,abyssal-ruins,,false,false,true,,,,,,,
relic-copper,black,overworld,visible,abyssal-ruins,,false,false,true,,,,,,,
relic-copper,black-2,overworld,visible,abyssal-ruins,,false,false,true,,,,,,,
relic-copper,white,overworld,visible,abyssal-ruins,,false,false,true,,,,,,,
relic-copper,white-2,overworld,visible,abyssal-ruins,,false,false,true,,,,,,,
relic-crown,black,overworld,visible,abyssal-ruins,,false,false,true,,,,,,,
relic-crown,black-2,overworld,visible,abyssal-ruins,,false,false,true,,,,,,,
relic-crown,white,overworld,visible,abyssal-ruins,,false,false,true,,,,,,,
relic-crown,white-2,overworld,visible,abyssal-ruins,,false,false,true,,,,,,,
relic-gold,alpha-sapphire,event,,,,false,false,true,,,,,,,
relic-gold,black,overworld,visible,abyssal-ruins,,false,false,true,,,,,,,
relic-gold,black-2,overworld,visible,abyssal-ruins,,false,false,true,,,,,,,
relic-gold,moon,event,,,,false,false,true,,,,,,,
relic-gold,omega-ruby,event,,,,false,false,true,,,,,,,
relic-gold,sun,event,,,,false,false,true,,,,,,,
relic-gold,ultra-moon,event,,,,false,false,true,,,,,,,
relic-gold,ultra-sun,event,,,,false,false,true,,,,,,,
relic-gold,white,overworld,visible,abyssal-ruins,,false,false,true,,,,,,,
relic-gold,white-2,overworld,visible,abyssal-ruins,,false,false,true,,,,,,,
relic-gold,x,exchange,,,Trade,true,false,true,,,,,,,
relic-gold,y,exchange,,,Trade,true,false,true,,,,,,,
relic-silver,black,overworld,visible,abyssal-ruins,,false,false,true,,,,,,,
relic-silver,black-2,overworld,visible,abyssal-ruins,,false,false,true,,,,,,,
relic-silver,white,overworld,visible,abyssal-ruins,,false,false,true,,,,,,,
relic-silver,white-2,overworld,visible,abyssal-ruins,,false,false,true,,,,,,,
relic-statue,black,overworld,visible,abyssal-ruins,,false,false,true,,,,,,,
relic-statue,black-2,overworld,visible,abyssal-ruins,,false,false,true,,,,,,,
relic-statue,white,overworld,visible,abyssal-ruins,,false,false,true,,,,,,,
relic-statue,white-2,overworld,visible,abyssal-ruins,,false,false,true,,,,,,,
relic-vase,black,overworld,visible,abyssal-ruins,,false,false,true,,,,,,,
relic-vase,black-2,overworld,visible,abyssal-ruins,,false,false,true,,,,,,,
relic-vase,white,overworld,visible,abyssal-ruins,,false,false,true,,,,,,,
relic-vase,white-2,overworld,visible,abyssal-ruins,,false,false,true,,,,,,,
remedy,legends-arceus,crafting,recipe,,Crafting using 2 Bugworts,true,false,true,1,,,,,,
repel,red,shop,poke-mart,cerulean-city,Cerulean Poké Mart,true,false,true,,,350,pokedollars,,,
reply-mail,black,shop,poke-mart,,"Shopping Mall Nine and every Poké Mart except those in Nimbasa, Mistralton, Icirrus, and the Pokémon League",true,false,true,,,50,pokedollars,,,
reply-mail,black-2,shop,poke-mart,,"Shopping Mall Nine and every Poké Mart except those in Nimbasa, Mistralton, Lacunosa, Victory Road, the Pokémon League, and Striaton",true,false,true,,,50,pokedollars,,,
reply-mail,white,shop,poke-mart,,"Shopping Mall Nine and every Poké Mart except those in Nimbasa, Mistralton, Icirrus, and the Pokémon League",true,false,true,,,50,pokedollars,,,
reply-mail,white-2,shop,poke-mart,,"Shopping Mall Nine and every Poké Mart except those in Nimbasa, Mistralton, Lacunosa, Victory Road, the Pokémon League, and Striaton",true,false,true,,,50,pokedollars,,,
reshiram-treat,scarlet,npc-gift,,blueberry-academy-entrance,Snacksworth,false,false,true,,,,,,After completing 10 solo Blueberry Quests,Available in The Indigo Disk
reshiram-treat,violet,npc-gift,,blueberry-academy-entrance,Snacksworth,false,false,true,,,,,,After completing one group Blueberry Quest,Available in The Indigo Disk
resist-mochi,scarlet,contest,,,Ogre Oustin',true,false,true,,,,,,,
resist-mochi,violet,contest,,,Ogre Oustin',true,false,true,,,,,,,
retro-mail,emerald,wild-pokemon,,battle-frontier-hoenn,Held by in-game trade Meowth,false,false,true,,,,,,,
retro-mail,firered,shop,department-store,celadon-city,Celadon Department Store,true,false,true,,,50,pokedollars,,,
retro-mail,leafgreen,shop,department-store,celadon-city,Celadon Department Store,true,false,true,,,50,pokedollars,,,
retro-mail,ruby,exchange,,,Trade from another game,true,false,true,,,,,,,
retro-mail,sapphire,exchange,,,Trade from another game,true,false,true,,,,,,,
reveal-glass,alpha-sapphire,npc-gift,,mauville-city,Woman selling mirrors on 1F,false,false,true,,,,,,"Show Tornadus, Thundurus, or Landorus",
reveal-glass,black-2,story,,abundant-shrine,Take Therian Forme Landorus to the hokora,false,false,true,,,,,,,
reveal-glass,legends-arceus,npc-gift,,ancient-retreat,Cogita,false,false,true,,,,,,After completing the Pokédex entries of all the forces of nature,
reveal-glass,moon,npc-gift,,dimensional-research-lab,Professor Burnet,false,false,true,,,,,,After clearing Olivia's grand trial,
reveal-glass,omega-ruby,npc-gift,,mauville-city,Woman selling mirrors on 1F,false,false,true,,,,,,"Show Tornadus, Thundurus, or Landorus",
reveal-glass,scarlet,auction,,porto-marinada,Auction,true,false,false,,,,,,"If the player owns a Tornadus, Thundurus, Landorus, or Enamorus",
reveal-glass,shield,bargain-shop,,stow-on-side,Bargain shop keeper,false,false,true,,,,,,"If the player owns a Tornadus, Thundurus, or Landorus",
reveal-glass,sun,npc-gift,,dimensional-research-lab,Professor Burnet,false,false,true,,,,,,After clearing Olivia's grand trial,
reveal-glass,sword,bargain-shop,,stow-on-side,Bargain shop keeper,false,false,true,,,,,,"If the player owns a Tornadus, Thundurus, or Landorus",
reveal-glass,ultra-moon,npc-gift,,dimensional-research-lab,Professor Burnet,false,false,true,,,,,,After clearing Olivia's grand trial,
reveal-glass,ultra-sun,npc-gift,,dimensional-research-lab,Professor Burnet,false,false,true,,,,,,After clearing Olivia's grand trial,
reveal-glass,violet,auction,,porto-marinada,Auction,true,false,false,,,,,,"If the player owns a Tornadus, Thundurus, Landorus, or Enamorus",
reveal-glass,white-2,story,,abundant-shrine,Take Therian Forme Landorus to the hokora,false,false,true,,,,,,,
reveal-glass,x,npc-gift,,reflection-cave,Scientist near the Shalour City exit,false,false,true,,,,,,"Show Tornadus, Thundurus, and Landorus",
reveal-glass,y,npc-gift,,reflection-cave,Scientist near the Shalour City exit,false,false,true,,,,,,"Show Tornadus, Thundurus, and Landorus",
revitalizing-twig,legends-za,story,,wild-zone-5,"Side Mission 008: Get Well, Fennekin",false,false,true,,,,,,,
ribbon-sweet,scarlet,crafting,item-printer,,Item Printer,true,false,false,,,,,,The Indigo Disk,
ribbon-sweet,shield,raid,max-raid,,Dropped by Gigantamax Factor Milcery during Wild Area News event,true,false,false,,,,,,"Wild Area News event January 30 - February 16, 2020",
ribbon-sweet,shield,shop,watt-trader,snowslide-slope,Watt Trader,true,false,true,,,7980,watts,,,The Crown Tundra highlight item
ribbon-sweet,shield,crafting,cram-o-matic,,Cram-o-matic,true,false,false,,,,,,"Fairy type, 112-120 points",The Isle of Armor
ribbon-sweet,sword,crafting,cram-o-matic,,Cram-o-matic,true,false,false,,,,,,"Fairy type, 112-120 points",The Isle of Armor
ribbon-sweet,sword,raid,max-raid,,Dropped by Gigantamax Factor Milcery during Wild Area News event,true,false,false,,,,,,"Wild Area News event January 30 - February 16, 2020",
ribbon-sweet,sword,shop,watt-trader,snowslide-slope,Watt Trader,true,false,true,,,7980,watts,,,The Crown Tundra highlight item
ribbon-sweet,violet,crafting,item-printer,,Item Printer,true,false,false,,,,,,The Indigo Disk,
rice,scarlet,shop,vendor,,Sure Cans,true,false,true,,,280,pokedollars,,After earning 5 Gym Badges,
rice,the-indigo-disk,vending-machine,,terarium,Vending machines,true,false,true,,,280,pokedollars,,,
rice,the-teal-mask,shop,vendor,,Peachy's,true,false,true,,,280,pokedollars,,After earning 5 Badges,
rice,violet,shop,vendor,,Sure Cans,true,false,true,,,280,pokedollars,,After earning 5 Gym Badges,
rich-mulch,alpha-sapphire,exchange,,,Trade,true,false,true,,,,,,,
rich-mulch,omega-ruby,exchange,,,Trade,true,false,true,,,,,,,
rich-mulch,x,crafting,recipe,,Berry fields composter (using three differently-colored Berries),true,false,true,,,,,,,
rich-mulch,y,crafting,recipe,,Berry fields composter (using three differently-colored Berries),true,false,true,,,,,,,
ride-pager,moon,story,,iki-town,From Hala after completing the Melemele Island grand trial,false,false,true,,,,,,After defeating Hala in the Melemele Island grand trial,
ride-pager,sun,story,,iki-town,From Hala after completing the Melemele Island grand trial,false,false,true,,,,,,After defeating Hala in the Melemele Island grand trial,
ride-pager,ultra-moon,story,,iki-town,From Hala after completing the Melemele Island grand trial,false,false,true,,,,,,After defeating Hala in the Melemele Island grand trial,
ride-pager,ultra-sun,story,,iki-town,From Hala after completing the Melemele Island grand trial,false,false,true,,,,,,After defeating Hala in the Melemele Island grand trial,
rindo-berry,black,wild-pokemon,held,,"Held by wild Finneon, Lumineon, and Panpour",true,false,false,,5.0,,,,,
rindo-berry,diamond,wild-pokemon,held,,Held by wild Finneon and Lumineon,true,false,false,,5.0,,,,,
rindo-berry,scarlet,overworld,sparkling,socarrat-trail,,true,false,false,,,,,,,
rindo-berry,sword,berry-tree,,bridge-field,Berry trees,true,false,false,,,,,,,
ring-target,black,overworld,visible,opelucid-city,,false,false,true,,,,,,,
ring-target,black-2,overworld,visible,opelucid-city,,false,false,true,,,,,,,
ring-target,moon,exchange,,battle-tree,16 BP,true,false,true,,,16,battle-points,,,
ring-target,scarlet,shop,vendor,levincia,Delibird Presents (after completing the main storyline),true,false,true,,,10000,pokedollars,,After completing the main storyline,
ring-target,shield,bargain-shop,,stow-on-side,,true,false,true,,,,,,,
ring-target,sun,exchange,,battle-tree,16 BP,true,false,true,,,16,battle-points,,,
ring-target,sword,bargain-shop,,stow-on-side,,true,false,true,,,,,,,
ring-target,violet,shop,vendor,levincia,Delibird Presents (after completing the main storyline),true,false,true,,,10000,pokedollars,,After completing the main storyline,
ring-target,white,overworld,visible,opelucid-city,,false,false,true,,,,,,,
ring-target,white-2,overworld,visible,opelucid-city,,false,false,true,,,,,,,
ring-target,x,exchange,,battle-maison,32 BP,true,false,true,,,32,battle-points,,,
ring-target,y,exchange,,battle-maison,32 BP,true,false,true,,,32,battle-points,,,
rock-gem,black,overworld,sparkling,,Dust cloud,true,false,false,,,,,,,
rock-gem,black-2,overworld,visible,relic-passage,,false,false,true,,,,,,,
rock-gem,black-2,shop,specialty-shop,join-avenue,Antique Shop,true,false,true,,,,,,,
rock-gem,dream,overworld,,icy-cave,,true,false,false,,,,,,,
rock-gem,white,overworld,sparkling,,Dust cloud,true,false,false,,,,,,,
rock-gem,white-2,shop,specialty-shop,join-avenue,Antique Shop,true,false,true,,,,,,,
rock-gem,white-2,overworld,visible,relic-passage,,false,false,true,,,,,,,
rock-incense,black,shop,vendor,driftveil-city,Driftveil Market,true,false,true,,,9600,pokedollars,,Post-National Pokédex,
rock-incense,diamond,overworld,visible,fuego-ironworks,,false,false,true,,,,,,,
rock-incense,heartgold,overworld,visible,digletts-cave,,false,false,true,,,,,,,
rock-memory,moon,npc-gift,,aether-paradise,Gladion,false,false,true,,,,,,After becoming Champion,
rock-memory,shield,npc-gift,,battle-tower-galar,League Staff member,false,false,true,,,,,,,
rock-memory,sun,npc-gift,,aether-paradise,Gladion,false,false,true,,,,,,After becoming Champion,
rock-memory,sword,npc-gift,,battle-tower-galar,League Staff member,false,false,true,,,,,,,
rock-memory,ultra-moon,npc-gift,,ancient-poni-path,Wicke,false,false,true,,,,,,After becoming Champion,
rock-memory,ultra-sun,npc-gift,,ancient-poni-path,Wicke,false,false,true,,,,,,After becoming Champion,
rock-tera-shard,scarlet,tournament,,,Academy Ace Tournament,true,false,false,,,,,,,
rock-tera-shard,scarlet,overworld,visible,area-zero,,false,false,true,,,,,,,
rock-tera-shard,scarlet,overworld,visible,wistful-fields,,false,false,true,,,,,,The Teal Mask,
rock-tera-shard,scarlet,item-printer,item-printer,,,true,false,false,,,,,,The Indigo Disk,
rock-tera-shard,violet,npc-gift,,uva-academy,Tyme,false,false,true,,,,,,After completing Tyme’s storyline,
rock-tera-shard,violet,tera-raid,tera-raid-5star,,Tera Raid Battles (3★ and higher),true,false,false,,,,,,,
rockium-z,moon,trainer-reward,gym-leader,ruins-of-life,Olivia after defeating her in the Akala Island grand trial,false,false,true,,,,,,After defeating Olivia in the Akala Island grand trial,
rockium-z,sun,trainer-reward,gym-leader,ruins-of-life,Olivia after defeating her in the Akala Island grand trial,false,false,true,,,,,,After defeating Olivia in the Akala Island grand trial,
rockium-z,ultra-moon,trainer-reward,gym-leader,ruins-of-life,Olivia after defeating her in the Akala Island grand trial,false,false,true,,,,,,After defeating Olivia in the Akala Island grand trial,
rockium-z,ultra-sun,trainer-reward,gym-leader,ruins-of-life,Olivia after defeating her in the Akala Island grand trial,false,false,true,,,,,,After defeating Olivia in the Akala Island grand trial,
rocky-helmet,black,overworld,visible,cold-storage,,false,false,true,,,,,,,
rocky-helmet,white,overworld,visible,cold-storage,,false,false,true,,,,,,,
roller-skates,x,npc-defeat,,santalune-city,From Roller Skater Rinka after defeating her,false,false,true,,,,,,,
roller-skates,y,npc-defeat,,santalune-city,From Roller Skater Rinka after defeating her,false,false,true,,,,,,,
room-service,scarlet,shop,specialty-shop,levincia,Delibird Presents (Levincia Branch),true,false,true,,,20000,pokedollars,,After completing the main storyline,
room-service,shield,crafting,cram-o-matic,,Cram-o-matic,true,false,false,,,,,,Isle of Armor,"Fairy type recipe, 62–70 points."
room-service,shield,exchange,,,Battle Tower,true,false,true,,,15,battle-points,,,
room-service,shield,overworld,visible,giants-bed,,false,false,true,,,,,,The Crown Tundra,
room-service,sword,exchange,,,Battle Tower,true,false,true,,,15,battle-points,,,
room-service,sword,overworld,visible,giants-bed,,false,false,true,,,,,,The Crown Tundra,
room-service,sword,crafting,cram-o-matic,,Cram-o-matic,true,false,false,,,,,,Isle of Armor,"Fairy type recipe, 62–70 points."
room-service,violet,shop,specialty-shop,levincia,Delibird Presents (Levincia Branch),true,false,true,,,20000,pokedollars,,After completing the main storyline,
root-fossil,emerald,overworld,visible,mirage-tower,Choice between Root Fossil and Claw Fossil,false,false,true,,,,,,,
root-fossil,ruby,overworld,visible,hoenn-route-111,Choice between Root Fossil and Claw Fossil,false,false,true,,,,,,,
roseli-berry,x,overworld,recurring,kalos-route-14,,true,false,true,,,,,,,
roseli-berry,y,overworld,recurring,kalos-route-14,,true,false,true,,,,,,,
roto-stick,scarlet,npc-gift,,mossui-town,Caretaker before orienteering begins,false,false,true,,,,,,Before orienteering begins in The Teal Mask,
roto-stick,violet,npc-gift,,mossui-town,Caretaker before orienteering begins,false,false,true,,,,,,Before orienteering begins in The Teal Mask,
rotom-bike,shield,npc-gift,,fields-of-honor,Bike Lady near the Master Dojo,false,false,true,,,,,,The Isle of Armor expansion,Sparkling White or Glistening Black
rotom-bike,shield,npc-gift,,galar-route-05,Doctor after defeating Team Yell Grunts,false,false,true,,,,,,After defeating the Team Yell Grunts harassing the Doctor,Land Mode
rotom-bike,shield,npc-gift,,galar-route-09,Doctor after driving off Team Yell Grunts,false,false,true,,,,,,After defeating Hop in Circhester,Water Mode
rotom-bike,sword,npc-gift,,galar-route-05,Doctor after defeating Team Yell Grunts,false,false,true,,,,,,After defeating the Team Yell Grunts harassing the Doctor,Land Mode
rotom-bike,sword,npc-gift,,fields-of-honor,Bike Lady near the Master Dojo,false,false,true,,,,,,The Isle of Armor expansion,Sparkling White or Glistening Black
rotom-bike,sword,npc-gift,,galar-route-09,Doctor after driving off Team Yell Grunts,false,false,true,,,,,,After defeating Hop in Circhester,Water Mode
rotom-catalog,brilliant-diamond,story,,rotoms-room,,false,false,true,,,,,,After letting Rotom enter an appliance,
rotom-catalog,legends-za,request,,,"Side Mission 170: ""Rotom Showcase!""",false,false,true,,,,,,,Given by Lyons
rotom-catalog,scarlet,auction,,porto-marinada,Auction house,true,false,false,,,,pokedollars,,If the player owns a Rotom,"Bid starts at 4,000 Pokédollars or more"
rotom-catalog,shield,npc-defeat,,wyndon,League Staff Isaac,false,false,true,,,,,,After defeating League Staff Isaac,
rotom-catalog,shining-pearl,story,,rotoms-room,,false,false,true,,,,,,After letting Rotom enter an appliance,
rotom-catalog,sword,npc-defeat,,wyndon,League Staff Isaac,false,false,true,,,,,,After defeating League Staff Isaac,
rotom-catalog,violet,auction,,porto-marinada,Auction house,true,false,false,,,,pokedollars,,If the player owns a Rotom,"Bid starts at 4,000 Pokédollars or more"
rotom-phone,scarlet,npc-gift,,cabo-poco,From Mom after exiting the house for the first time,false,false,true,,,,,,After exiting the house for the first time,
rotom-phone,violet,npc-gift,,cabo-poco,From Mom after exiting the house for the first time,false,false,true,,,,,,After exiting the house for the first time,
rotom-pokedex,moon,npc-gift,,iki-town,Professor Kukui,false,false,true,,,,,,After saving Nebby on Mahalo Trail,
rotom-pokedex,moon,story,,iki-town,Given by Professor Kukui,false,false,true,,,,,,After saving Nebby on Mahalo Trail,
rotom-pokedex,sun,story,,iki-town,Given by Professor Kukui,false,false,true,,,,,,After saving Nebby on Mahalo Trail,
rotom-pokedex,sun,npc-gift,,iki-town,Professor Kukui,false,false,true,,,,,,After saving Nebby on Mahalo Trail,
rotom-pokedex,ultra-moon,npc-gift,,iki-town,Professor Kukui,false,false,true,,,,,,After saving Nebby on Mahalo Trail,
rotom-pokedex,ultra-sun,npc-gift,,iki-town,Professor Kukui,false,false,true,,,,,,After saving Nebby on Mahalo Trail,
rsvp-mail,black,shop,poke-mart,,Shopping Mall Nine and most Poké Marts,true,false,true,,,50,pokedollars,,,"Unavailable in Nimbasa, Mistralton, Icirrus, and Pokémon League Poké Marts"
rsvp-mail,black-2,shop,poke-mart,,Shopping Mall Nine and most Poké Marts,true,false,true,,,50,pokedollars,,,"Unavailable in Nimbasa, Mistralton, Lacunosa, Victory Road, Pokémon League, and Striaton Poké Marts"
rsvp-mail,white,shop,poke-mart,,Shopping Mall Nine and most Poké Marts,true,false,true,,,50,pokedollars,,,"Unavailable in Nimbasa, Mistralton, Icirrus, and Pokémon League Poké Marts"
rsvp-mail,white-2,shop,poke-mart,,Shopping Mall Nine and most Poké Marts,true,false,true,,,50,pokedollars,,,"Unavailable in Nimbasa, Mistralton, Lacunosa, Victory Road, Pokémon League, and Striaton Poké Marts"
ruby,firered,overworld,visible,mt-ember,B5F,false,false,true,,,,,,,
ruby,leafgreen,overworld,visible,mt-ember,B5F,false,false,true,,,,,,,
rusted-shield,scarlet,auction,,porto-marinada,Porto Marinada auction,true,false,false,,,,,,If the player owns a Zamazenta,
rusted-shield,shield,wild-pokemon,,,,false,false,true,,,,,,,Held by wild Zamazenta
rusted-shield,sword,event,,,,false,false,true,,,,,,,
rusted-shield,sword,exchange,,,Trade,true,false,true,,,,,,,
rusted-shield,violet,auction,,porto-marinada,Porto Marinada auction,true,false,false,,,,,,If the player owns a Zamazenta,
rusted-sword,scarlet,auction,,porto-marinada,Porto Marinada auction,true,false,false,,,,,,If the player owns a Zacian,
rusted-sword,shield,event,,,,false,false,true,,,,,,,
rusted-sword,sword,wild-pokemon,,,Held by Zacian,false,false,true,,100.0,,,,,
rusted-sword,violet,auction,,porto-marinada,Porto Marinada auction,true,false,false,,,,,,If the player owns a Zacian,
sablenite,alpha-sapphire,overworld,visible,sootopolis-city,,false,false,true,,,,,,,
sablenite,legends-za,exchange,,,Quasartico Inc. headquarters,false,false,true,,,180,,,,Cost is paid in Mega Shards
sablenite,moon,exchange,,,Battle Tree,true,false,true,,,64,battle-points,,,
sablenite,omega-ruby,overworld,visible,sootopolis-city,,false,false,true,,,,,,,
sablenite,sun,exchange,,,Battle Tree,true,false,true,,,64,battle-points,,,
sablenite,ultra-moon,exchange,,,Battle Tree,true,false,true,,,64,battle-points,,,
sablenite,ultra-sun,exchange,,,Battle Tree,true,false,true,,,64,battle-points,,,
sachet,legends-za,story,,,"Side Mission 010: ""Skiddo's Fragrant Leaves""",false,false,true,,,,,,,
sachet,omega-ruby,exchange,,battle-maison,,true,false,true,,,32,battle-points,,,
sachet,sun,overworld,visible,konikoni-city,,false,false,true,,,,,,,
sachet,sun,exchange,,battle-tree,,true,false,true,,,32,battle-points,,,
sachet,sword,crafting,cram-o-matic,,Fairy: 52-60 points,true,false,false,,,,,,The Isle of Armor,
sachet,sword,exchange,,hammerlocke,,true,false,true,,,10,battle-points,,,
sachet,x,overworld,visible,kalos-route-12,,false,false,true,,,,,,,
sachet,x,exchange,,battle-maison,,true,false,true,,,32,battle-points,,,
sachet,y,overworld,visible,cyllage-city,,false,false,true,,,,,,,
sacred-ash,gold,wild-pokemon,static,,Held by Ho-Oh,false,false,true,,100.0,,,,,
safari-ball,diamond,story,,great-marsh,Safari Game entry,true,false,true,30,,,,,Participating in a Safari Game,
safari-ball,red,story,,safari-zone-kanto,Safari Game entry,true,false,true,30,,,,,Participating in a Safari Game,Unused balls are returned after the game.
safety-goggles,alpha-sapphire,overworld,visible,hoenn-route-111,,false,false,true,,,,,,,
safety-goggles,moon,overworld,visible,haina-desert,Night,false,false,true,,,,,,,
safety-goggles,omega-ruby,overworld,visible,hoenn-route-111,,false,false,true,,,,,,,
safety-goggles,scarlet,crafting,item-printer,,,true,false,false,,,,,,The Indigo Disk,
safety-goggles,scarlet,shop,specialty-shop,levincia,Delibird Presents,true,false,true,,,20000,pokedollars,,After earning 4 Gym Badges,
safety-goggles,shield,overworld,visible,tunnel-to-the-top,The Crown Tundra,false,false,true,,,,,,,
safety-goggles,shield,overworld,visible,galar-route-07,,false,false,true,,,,,,,
safety-goggles,sun,overworld,visible,haina-desert,Night,false,false,true,,,,,,,
safety-goggles,sword,overworld,visible,galar-route-07,,false,false,true,,,,,,,
safety-goggles,sword,overworld,visible,tunnel-to-the-top,The Crown Tundra,false,false,true,,,,,,,
safety-goggles,ultra-moon,exchange,,,Battle Tree,true,false,true,,,48,battle-points,,,
safety-goggles,ultra-sun,exchange,,,Battle Tree,true,false,true,,,48,battle-points,,,
safety-goggles,violet,crafting,item-printer,,,true,false,false,,,,,,The Indigo Disk,
safety-goggles,violet,shop,specialty-shop,levincia,Delibird Presents,true,false,true,,,20000,pokedollars,,After earning 4 Gym Badges,
safety-goggles,x,exchange,,,Battle Maison,true,false,true,,,48,battle-points,,,
safety-goggles,y,exchange,,,Battle Maison,true,false,true,,,48,battle-points,,,
sail-fossil,ultra-moon,shop,specialty-shop,konikoni-city,Olivia's jewelry shop,false,false,true,,,,,,,
sail-fossil,x,overworld,visible,glittering-cave,Choice between Sail Fossil and Jaw Fossil,false,false,true,,,,,,,
sail-fossil,y,overworld,visible,glittering-cave,Choice between Sail Fossil and Jaw Fossil,false,false,true,,,,,,,
salad-mix,shield,shop,vendor,fields-of-honor,Ingredients Seller,true,false,true,,,400,pokedollars,,Requires access to the Isle of Armor,
salad-mix,shield,shop,vendor,rolling-fields,Ingredients Seller,true,false,true,,,400,pokedollars,,,
salad-mix,shield,shop,vendor,hammerlocke-hills,Ingredients Seller,true,false,true,,,400,pokedollars,,,
salad-mix,sword,shop,vendor,fields-of-honor,Ingredients Seller,true,false,true,,,400,pokedollars,,Requires access to the Isle of Armor,
salad-mix,sword,shop,vendor,rolling-fields,Ingredients Seller,true,false,true,,,400,pokedollars,,,
salad-mix,sword,shop,vendor,hammerlocke-hills,Ingredients Seller,true,false,true,,,400,pokedollars,,,
salamencite,alpha-sapphire,npc-gift,,meteor-falls,Zinnia's grandmother,false,false,true,,,,,,After completing the Delta Episode,
salamencite,legends-za,exchange,,quasartico-inc-building,,false,false,true,,,360,,,After completing Main Mission 30: Reaching Rank B,Requires Mega Shards
salamencite,moon,exchange,,battle-tree,,true,false,true,,,64,battle-points,,,
salamencite,omega-ruby,npc-gift,,meteor-falls,Zinnia's grandmother,false,false,true,,,,,,After completing the Delta Episode,
salamencite,sun,exchange,,battle-tree,,true,false,true,,,64,battle-points,,,
salamencite,ultra-moon,exchange,,battle-tree,,true,false,true,,,64,battle-points,,,
salamencite,ultra-sun,exchange,,battle-tree,,true,false,true,,,64,battle-points,,,
salt,scarlet,shop,specialty-shop,,Artisan Bakery,true,false,true,,,90,pokedollars,,,
salt,scarlet,overworld,visible,south-province-area-two,,false,false,true,,,,,,,
salt,scarlet,shop,specialty-shop,,Aquiesta Supermarket,true,false,true,,,90,pokedollars,,,
salt,the-indigo-disk,vending-machine,,terarium,Vending machines,true,false,true,,,90,pokedollars,,,
salt,the-teal-mask,shop,specialty-shop,,Peachy's,true,false,true,,,90,pokedollars,,,
salt,violet,shop,specialty-shop,,Artisan Bakery,true,false,true,,,90,pokedollars,,,
salt,violet,shop,specialty-shop,,Aquiesta Supermarket,true,false,true,,,90,pokedollars,,,
salt,violet,overworld,visible,south-province-area-two,,false,false,true,,,,,,,
salt-cake,legends-arceus,crafting,recipe,,Requires 1 Crunchy Salt and 1 Cake-Lure Base,true,false,true,,,,,,,
salt-cake,legends-arceus,request,,galaxy-hall,"Reward for completing Request 67: ""The Clefairy's Moonlit Dance""",false,false,true,5,,,,,,
salt-cake,legends-arceus,shop,vendor,,General store and base camp stores,true,false,true,,,400,pokedollars,,"After completing Request 71: ""New Wares Yet Again""",
salt-cake,legends-arceus,shop,vendor,ginkgo-guild-cart,Randomly sold by Ginter (×10),true,false,false,10,,,,,,
salty-herba-mystica,scarlet,story,,revelers-road,Reward for showing all 19 tablecloths to a picnicker,false,false,true,2,,,,,The Teal Mask,
salty-herba-mystica,scarlet,tera-raid,tera-raid-5star,,,true,false,false,,,,,,,Also obtainable from 6★ Tera Raid Battles.
salty-herba-mystica,scarlet,tournament,,,Ogre Oustin' (Hard difficulty),true,false,false,,,,,,The Teal Mask,
salty-herba-mystica,scarlet,npc-gift,,league-club-room,First battle reward from Larry after inviting him as a Special Coach,false,false,true,3,,,,,The Indigo Disk,
salty-herba-mystica,violet,npc-gift,,league-club-room,First battle reward from Larry after inviting him as a Special Coach,false,false,true,3,,,,,The Indigo Disk,
salty-herba-mystica,violet,tournament,,,Ogre Oustin' (Hard difficulty),true,false,false,,,,,,The Teal Mask,
salty-herba-mystica,violet,tera-raid,tera-raid-5star,,,true,false,false,,,,,,,Also obtainable from 6★ Tera Raid Battles.
salty-herba-mystica,violet,story,,revelers-road,Reward for showing all 19 tablecloths to a picnicker,false,false,true,2,,,,,The Teal Mask,
sand-radish,legends-arceus,overworld,recurring,alabaster-icelands,Recurring item spawn,true,false,true,,,,,,,
sand-radish,legends-arceus,harvest,,,Farm vegetable harvest,true,false,true,,,,,,,
sand-radish,legends-arceus,shop,vendor,jubilife-village,Ginkgo Guild cart (Tuli),true,false,true,,,,,,"After starting Mission 12: ""The Slumbering Lord of the Tundra""",
sandwich,scarlet,npc-gift,,cabo-poco,From Mom after battling Nemona for the first time,false,false,true,,,,,,After battling Nemona for the first time,
sandwich,violet,npc-gift,,cabo-poco,From Mom after battling Nemona for the first time,false,false,true,,,,,,After battling Nemona for the first time,
sapphire,firered,npc-defeat,,rocket-warehouse,Scientist Gideon,false,false,true,,,,,,,Recovered after defeating Scientist Gideon.
sapphire,leafgreen,npc-defeat,,rocket-warehouse,Scientist Gideon,false,false,true,,,,,,,Recovered after defeating Scientist Gideon.
sassy-mint,brilliant-diamond,exchange,,,Battle Park,true,false,true,,,50,battle-points,,,
sassy-mint,legends-arceus,harvest,,,Farm (mint harvest),true,false,false,,,,,,,
sassy-mint,scarlet,shop,specialty-shop,,Chansey Supply,true,false,true,,,20000,pokedollars,,After earning 6 Gym Badges,
sassy-mint,shield,exchange,,,Battle Tower,true,false,true,,,50,battle-points,,,
sassy-mint,shining-pearl,exchange,,,Battle Park,true,false,true,,,50,battle-points,,,
sassy-mint,sword,exchange,,,Battle Tower,true,false,true,,,50,battle-points,,,
sassy-mint,violet,shop,specialty-shop,,Chansey Supply,true,false,true,,,20000,pokedollars,,After earning 6 Gym Badges,
sausages,shield,npc-gift,,,Possible gift after cooking curry,true,false,false,,,,,,,
sausages,shield,npc-gift,,east-lake-axewell,Camping King,false,false,true,,,,,,,
sausages,shield,shop,vendor,rolling-fields,Ingredients Seller,true,false,true,,,400,pokedollars,,,
sausages,shield,quest,,,Poké Job reward (Tiers III–VI),true,false,false,,,,,,,
sausages,shield,npc-gift,,master-dojo,Refrigerator,true,false,true,,,,,,"After donating 100,000 Watts",The Isle of Armor
sausages,sword,npc-gift,,east-lake-axewell,Camping King,false,false,true,,,,,,,
sausages,sword,quest,,,Poké Job reward (Tiers III–VI),true,false,false,,,,,,,
sausages,sword,npc-gift,,master-dojo,Refrigerator,true,false,true,,,,,,"After donating 100,000 Watts",The Isle of Armor
sausages,sword,shop,vendor,rolling-fields,Ingredients Seller,true,false,true,,,400,pokedollars,,,
sausages,sword,npc-gift,,,Possible gift after cooking curry,true,false,false,,,,,,,
scanner,alpha-sapphire,overworld,hidden,sea-mauville,Submerged control room; requires Dive,false,true,true,,,,,,,
scanner,emerald,overworld,visible,abandoned-ship,Requires Dive,false,false,true,,,,,,,
scanner,omega-ruby,overworld,hidden,sea-mauville,Submerged control room; requires Dive,false,true,true,,,,,,,
scanner,ruby,overworld,visible,abandoned-ship,Requires Dive,false,false,true,,,,,,,
scanner,sapphire,overworld,visible,abandoned-ship,Requires Dive,false,false,true,,,,,,,
scarlet-book,scarlet,story,,area-zero,"Research Station No. 2, received from Arven",false,false,true,,,,,,,
scarlet-book,scarlet,exchange,,crystal-pool,"Professor Sada, after catching Terapagos, in exchange for Briar's Book",false,false,true,,,,,,After catching Terapagos (The Indigo Disk),
scatter-bang,legends-arceus,tournament,,practice-field,Balloon minigame reward,true,false,false,,,,,,,Random reward.
scatter-bang,legends-arceus,npc-gift,,veilstone-cape,"Reward for completing Request 49: ""Keep an Eye Out for Aipom!""",false,false,true,5,,,,,,
scatter-bang,legends-arceus,crafting,recipe,,,true,false,true,,,,,,,Requires 1 Pop Pod and 1 Caster Fern.
scatter-bang,legends-arceus,dropped,,cobalt-coastlands,Boxes and chests,true,false,false,,,,,,,
scatter-bang,legends-arceus,dropped,,coronet-highlands,Boxes and chests,true,false,false,,,,,,,
scatter-bang,legends-arceus,shop,vendor,,Ginkgo Guild cart (Ginter),true,false,false,10,,,,,,Randomly sold.
scatter-bang,legends-arceus,shop,vendor,,General store and base camp stores,true,false,true,,,500,pokedollars,,"After completing Request 43: ""More New Wares""",
sceptilite,alpha-sapphire,overworld,visible,hoenn-route-120,If the player's first partner Pokémon was Treecko,false,false,true,,,,,,,
sceptilite,alpha-sapphire,overworld,visible,hoenn-route-114,After defeating or capturing Kyogre,false,false,true,,,,,,If the player's first partner Pokémon was not Treecko,
sceptilite,legends-za,tournament,,,Ranked Battles Season 5,false,false,true,,,,,,Reach Rank ?,
sceptilite,moon,event,,,,false,false,true,,,,,,,
sceptilite,omega-ruby,overworld,visible,hoenn-route-120,If the player's first partner Pokémon was Treecko,false,false,true,,,,,,,
sceptilite,omega-ruby,overworld,visible,hoenn-route-114,After defeating or capturing Groudon,false,false,true,,,,,,If the player's first partner Pokémon was not Treecko,
sceptilite,sun,event,,,,false,false,true,,,,,,,
sceptilite,ultra-moon,exchange,,battle-tree,,true,false,true,,,64,battle-points,,,
sceptilite,ultra-sun,exchange,,battle-tree,,true,false,true,,,64,battle-points,,,
scizorite,alpha-sapphire,overworld,visible,petalburg-woods,After defeating or capturing Kyogre,false,false,true,,,,,,After defeating or capturing Kyogre,
scizorite,legends-za,shop,specialty-shop,stone-emporium,Stone Emporium,true,false,true,,,50000,pokedollars,,"After completing Main Mission 09: ""Chase That Mysterious Pokémon!""",
scizorite,moon,exchange,,battle-tree,Battle Tree,true,false,true,,,64,battle-points,,,
scizorite,omega-ruby,overworld,visible,petalburg-woods,After defeating or capturing Groudon,false,false,true,,,,,,After defeating or capturing Groudon,
scizorite,sun,exchange,,battle-tree,Battle Tree,true,false,true,,,64,battle-points,,,
scizorite,ultra-moon,exchange,,battle-tree,Battle Tree,true,false,true,,,64,battle-points,,,
scizorite,ultra-sun,exchange,,battle-tree,Battle Tree,true,false,true,,,64,battle-points,,,
scizorite,x,overworld,visible,frost-cavern,Requires an upgraded Mega Ring,false,false,true,,,,,,After obtaining an upgraded Mega Ring,
scizorite,y,overworld,visible,frost-cavern,Requires an upgraded Mega Ring,false,false,true,,,,,,After obtaining an upgraded Mega Ring,
scolipite,legends-za,exchange,,quasartico-inc-building,Quasartico Inc. headquarters,true,false,true,,,240,,,"After completing Main Mission 24: ""Reaching Rank C""",Requires Mega Shards
scope-lens,scarlet,shop,vendor,levincia,Delibird Presents (Levincia Branch),true,false,true,,,15000,pokedollars,,,
scope-lens,sword,overworld,visible,galar-route-09,,false,false,true,,,,,,,
scovillainite,legends-za,npc-defeat,,,Calming down Rogue Mega Scovillain in a 2-star unknown hyperspace distortion,false,false,true,,,,,,,
scraftinite,legends-za,exchange,,quasartico-inc-building,Quasartico Inc. headquarters,false,false,true,,,240,,,"After completing Main Mission 30: ""Reaching Rank B""",Requires Mega Shards
scroll-of-darkness,scarlet,auction,,porto-marinada,Porto Marinada auction,false,false,true,,,,,,If the player owns a Kubfu,
scroll-of-darkness,violet,auction,,porto-marinada,Porto Marinada auction,false,false,true,,,,,,If the player owns a Kubfu,
scroll-of-waters,scarlet,auction,,porto-marinada,Porto Marinada auction,true,false,true,,,,,,If the player owns a Kubfu,
scroll-of-waters,violet,auction,,porto-marinada,Porto Marinada auction,true,false,true,,,,,,If the player owns a Kubfu,
secret-key-kanto,blue,overworld,visible,pokemon-mansion-kanto,B1F,false,false,true,,,,,,,
secret-key-kanto,firered,overworld,visible,pokemon-mansion-kanto,B1F,false,false,true,,,,,,,
secret-key-kanto,leafgreen,overworld,visible,pokemon-mansion-kanto,B1F,false,false,true,,,,,,,
secret-key-kanto,lets-go-eevee,overworld,visible,pokemon-mansion-kanto,B1F,false,false,true,,,,,,,
secret-key-kanto,lets-go-pikachu,overworld,visible,pokemon-mansion-kanto,B1F,false,false,true,,,,,,,
secret-key-kanto,red,overworld,visible,pokemon-mansion-kanto,B1F,false,false,true,,,,,,,
secret-key-kanto,yellow,overworld,visible,pokemon-mansion-kanto,B1F,false,false,true,,,,,,,
secret-key-sinnoh,brilliant-diamond,story,,old-chateau,Automatically obtained after catching Rotom,false,false,true,,,,,,After catching Rotom,
secret-key-sinnoh,shining-pearl,story,,old-chateau,Automatically obtained after catching Rotom,false,false,true,,,,,,After catching Rotom,
secret-medicine,brilliant-diamond,npc-gift,,valor-lakefront,From Cynthia after defeating the Team Galactic Grunt from Pastoria City,false,false,true,,,,,,After defeating the Team Galactic Grunt,
secret-medicine,crystal,npc-gift,,cianwood-city,"Pharmacy, after speaking with Jasmine at the Olivine Lighthouse",false,false,true,,,,,,After speaking with Jasmine at the Olivine Lighthouse,
secret-medicine,diamond,npc-gift,,valor-lakefront,From Cynthia after defeating the Galactic Grunt from Pastoria City,false,false,true,,,,,,After defeating the Galactic Grunt,
secret-medicine,gold,npc-gift,,cianwood-city,"Pharmacy, after speaking with Jasmine at the Olivine Lighthouse",false,false,true,,,,,,After speaking with Jasmine at the Olivine Lighthouse,
secret-medicine,legends-arceus,npc-gift,,galaxy-hall,From Tomma after speaking with Martia at the Diamond Settlement,false,false,true,,,,,,Request 32: The Headache-Stricken Psyduck,
secret-medicine,pearl,npc-gift,,valor-lakefront,From Cynthia after defeating the Galactic Grunt from Pastoria City,false,false,true,,,,,,After defeating the Galactic Grunt,
secret-medicine,platinum,npc-gift,,valor-lakefront,From Cynthia after defeating the Galactic Grunt from Pastoria City,false,false,true,,,,,,After defeating the Galactic Grunt,
secret-medicine,shining-pearl,npc-gift,,valor-lakefront,From Cynthia after defeating the Team Galactic Grunt from Pastoria City,false,false,true,,,,,,After defeating the Team Galactic Grunt,
secret-medicine,silver,npc-gift,,cianwood-city,"Pharmacy, after speaking with Jasmine at the Olivine Lighthouse",false,false,true,,,,,,After speaking with Jasmine at the Olivine Lighthouse,
seed-of-mastery,legends-arceus,dropped,,,Dropped by wild alpha Pokémon,true,false,false,1,,,,,,
seed-of-mastery,legends-arceus,npc-gift,,jubilife-village,"Vessa, for collecting 20 wisps",false,false,true,1,,,,,After collecting 20 wisps,
seed-of-mastery,legends-arceus,npc-gift,,jubilife-village,"Vessa, for collecting 80 wisps",false,false,true,3,,,,,After collecting 80 wisps,
seed-of-mastery,legends-arceus,request,,ramanas-island,Reward for completing Request 51: Coming Up Roses,false,false,true,1,,,,,,
seed-of-mastery,legends-za,request,,vert-sector-8,Reward for completing Side Mission 074: Delibird Gets in a Flap,false,false,true,5,,,,,,
seed-of-mastery,legends-za,dropped,,,Dropped by wild alpha Pokémon,true,false,false,1,,,,,,
serious-mint,brilliant-diamond,exchange,,battle-park-sinnoh,Battle Park,true,false,true,,,50,battle-points,,,
serious-mint,legends-arceus,harvest,,jubilife-village-farm,Mint harvest,true,false,false,,,,,,,
serious-mint,scarlet,shop,vendor,,Chansey Supply,true,false,true,,,20000,pokedollars,,After earning 6 Gym Badges,
serious-mint,shield,exchange,,battle-tower-galar,Battle Tower,true,false,true,,,50,battle-points,,,
serious-mint,sword,exchange,,battle-tower-galar,Battle Tower,true,false,true,,,50,battle-points,,,
serious-mint,sword,overworld,recurring,soothing-wetlands,Hidden recurring item,true,true,true,,,,,,The Isle of Armor,
serious-mint,sword,overworld,recurring,giants-bed,Hidden recurring item,true,true,true,,,,,,The Crown Tundra,
shaderoot-carrot,shield,harvest,,old-cemetery,Plant Carrot Seeds in the area's crop plots,false,false,true,,,,,,,
shaderoot-carrot,sword,harvest,,old-cemetery,Plant Carrot Seeds in the area's crop plots,false,false,true,,,,,,,
shadow-mail,emerald,shop,poke-mart,sootopolis-city,Poké Mart,true,false,true,,,50,pokedollars,,,
shadow-mail,emerald,overworld,visible,trick-house,,false,false,true,,,,,,,
shadow-mail,firered,exchange,,,"Trade from Ruby, Sapphire, or Emerald",true,false,true,,,,,,,
shadow-mail,leafgreen,exchange,,,"Trade from Ruby, Sapphire, or Emerald",true,false,true,,,,,,,
shadow-mail,ruby,shop,poke-mart,sootopolis-city,Poké Mart,true,false,true,,,50,pokedollars,,,
shadow-mail,ruby,overworld,visible,trick-house,,false,false,true,,,,,,,
shadow-mail,sapphire,shop,poke-mart,sootopolis-city,Poké Mart,true,false,true,,,50,pokedollars,,,
shadow-mail,sapphire,overworld,visible,trick-house,,false,false,true,,,,,,,
shalour-sable,alpha-sapphire,overworld,visible,trick-house,,false,false,true,,,,,,,
shalour-sable,lets-go-eevee,overworld,visible,ss-anne,,false,false,true,,,,,,,
shalour-sable,lets-go-pikachu,overworld,visible,ss-anne,,false,false,true,,,,,,,
shalour-sable,moon,npc-gift,,,Pokémon Center Café,true,false,false,,,,,,,
shalour-sable,omega-ruby,overworld,visible,trick-house,,false,false,true,,,,,,,
shalour-sable,shield,npc-gift,,,,true,false,false,,,,,,,
shalour-sable,sun,npc-gift,,,Pokémon Center Café,true,false,false,,,,,,,
shalour-sable,sword,npc-gift,,,,true,false,false,,,,,,,
shalour-sable,ultra-moon,npc-gift,,festival-plaza,General Store,true,false,false,,,,,,,
shalour-sable,ultra-sun,npc-gift,,festival-plaza,General Store,true,false,false,,,,,,,
shalour-sable,x,exchange,,,Trade,true,false,true,,,,,,,
shalour-sable,y,exchange,,,Trade,true,false,true,,,,,,,
sharpedonite,alpha-sapphire,npc-gift,,team-aqua-hideout,From Archie during the Delta Episode,false,false,true,,,,,,During the Delta Episode,
sharpedonite,legends-za,exchange,,quasartico-inc-building,Quasartico Inc. headquarters,false,false,true,,,180,,,,Requires Mega Shards
sharpedonite,moon,exchange,,battle-tree,Battle Tree,true,false,true,,,64,battle-points,,,
sharpedonite,omega-ruby,npc-gift,,battle-resort,From Team Aqua during the first visit,false,false,true,,,,,,,
sharpedonite,sun,exchange,,battle-tree,Battle Tree,true,false,true,,,64,battle-points,,,
sharpedonite,ultra-moon,exchange,,battle-tree,Battle Tree,true,false,true,,,64,battle-points,,,
sharpedonite,ultra-sun,exchange,,battle-tree,Battle Tree,true,false,true,,,64,battle-points,,,
shed-shell,diamond,overworld,visible,route-228-sinnoh,,false,false,true,,,,,,,
shed-shell,heartgold,contest,,,Bug-Catching Contest consolation prize,true,false,false,,,,,,,
shed-shell,platinum,overworld,visible,route-228-sinnoh,,false,false,true,,,,,,,
shed-shell,scarlet,shop,specialty-shop,cascarrafa,Delibird Presents (Cascarrafa Branch),true,false,true,,,20000,pokedollars,,After earning 4 Gym Badges,
shed-shell,sword,overworld,visible,galar-route-05,,false,false,true,,,,,,,
shed-shell,sword,overworld,hidden,dappled-grove,Hidden recurring item,true,true,true,,,,,,,
shiny-charm,alpha-sapphire,npc-gift,,littleroot-town,Professor Birch,false,false,true,,,,,,After completing the National Pokédex excluding Mythical Pokémon,
shiny-charm,black-2,npc-gift,,juniper-pokemon-lab,Professor Juniper,false,false,true,,,,,,After completing the National Pokédex excluding Mythical Pokémon and having it evaluated by Cedric Juniper,
shiny-charm,legends-arceus,npc-gift,,galaxy-hall,Cyllene,false,false,true,,,,,,After reaching research level 10 for all Pokémon excluding Mythical Pokémon except Arceus,
shiny-charm,legends-za,achievement,,,,false,false,true,,,,,,Reward for maxing out research level,
shiny-charm,moon,npc-gift,,heahea-city,Game director,false,false,true,,,,,,After completing the Alola Pokédex excluding Mythical Pokémon,
shiny-charm,omega-ruby,npc-gift,,littleroot-town,Professor Birch,false,false,true,,,,,,After completing the National Pokédex excluding Mythical Pokémon,
shiny-charm,scarlet,npc-gift,,naranja-academy,Jacq,false,false,true,,,,,,After completing the Paldea Pokédex,
shiny-charm,shield,npc-gift,,circhester,Game Freak director,false,false,true,,,,,,After completing the mainland Galar Pokédex,
shiny-charm,sun,npc-gift,,heahea-city,Game director,false,false,true,,,,,,After completing the Alola Pokédex excluding Mythical Pokémon,
shiny-charm,sword,npc-gift,,circhester,Game Freak director,false,false,true,,,,,,After completing the mainland Galar Pokédex,
shiny-charm,violet,npc-gift,,uva-academy,Jacq,false,false,true,,,,,,After completing the Paldea Pokédex,
shiny-charm,white-2,npc-gift,,juniper-pokemon-lab,Professor Juniper,false,false,true,,,,,,After completing the National Pokédex excluding Mythical Pokémon and having it evaluated by Cedric Juniper,
shiny-charm,x,npc-gift,,pokemon-research-lab-kalos,Professor Sycamore,false,false,true,,,,,,After completing the National Pokédex excluding Mythical Pokémon,
shiny-charm,y,npc-gift,,pokemon-research-lab-kalos,Professor Sycamore,false,false,true,,,,,,After completing the National Pokédex excluding Mythical Pokémon,
shoal-salt,omega-ruby,overworld,recurring,shoal-cave,Low tide,true,false,true,4,,,,,,
shoal-salt,ruby,overworld,recurring,shoal-cave,Low tide,true,false,true,4,,,,,,
shoal-shell,alpha-sapphire,overworld,recurring,shoal-cave,High tide,true,false,true,4,,,,,,
shoal-shell,black,npc-gift,,unova-route-13,Treasure hunter,true,false,true,,,,,,,
shoal-shell,black-2,overworld,recurring,unova-route-17,Reappears occasionally,true,false,false,,,,,,,
shoal-shell,emerald,overworld,recurring,shoal-cave,High tide,true,false,true,4,,,,,,
shoal-shell,omega-ruby,overworld,recurring,shoal-cave,High tide,true,false,true,4,,,,,,
shoal-shell,ruby,overworld,recurring,shoal-cave,High tide,true,false,true,4,,,,,,
shoal-shell,sapphire,overworld,recurring,shoal-cave,High tide,true,false,true,4,,,,,,
shoal-shell,white,npc-gift,,unova-route-13,Treasure hunter,true,false,true,,,,,,,
shoal-shell,white-2,overworld,recurring,unova-route-17,Reappears occasionally,true,false,false,,,,,,,
shock-drive,alpha-sapphire,npc-gift,,mauville-city,Street Thug (show Genesect),false,false,true,,,,,,,
shock-drive,black,npc-gift,,p2-laboratory,Scientist Dudley (show Genesect),false,false,true,,,,,,,
shock-drive,black-2,npc-gift,,p2-laboratory,Scientist Dudley (show Genesect),false,false,true,,,,,,,
shock-drive,legends-za,exchange,,vert-sector-7,Side Mission 191 reward,true,false,true,,,540,,,After initiating Side Mission 191: Collecting Four Drives,
shock-drive,moon,npc-gift,,alola-route-08,Colress,false,false,true,,,,,,After becoming Champion,
shock-drive,omega-ruby,npc-gift,,mauville-city,Street Thug (show Genesect),false,false,true,,,,,,,
shock-drive,shield,shop,bargain-shop,stow-on-side,Bargain shop keeper,false,false,true,,,,,,If the player owns a Genesect,
shock-drive,sun,npc-gift,,alola-route-08,Colress,false,false,true,,,,,,After becoming Champion,
shock-drive,sword,shop,bargain-shop,stow-on-side,Bargain shop keeper,false,false,true,,,,,,If the player owns a Genesect,
shock-drive,ultra-moon,npc-gift,,alola-route-08,Colress,false,false,true,,,,,,After becoming Champion,
shock-drive,ultra-sun,npc-gift,,alola-route-08,Colress,false,false,true,,,,,,After becoming Champion,
shock-drive,white,npc-gift,,p2-laboratory,Scientist Dudley (show Genesect),false,false,true,,,,,,,
shock-drive,white-2,npc-gift,,p2-laboratory,Scientist Dudley (show Genesect),false,false,true,,,,,,,
shock-drive,x,npc-gift,,ambrette-town,Fossil Lab Hiker (show Genesect),false,false,true,,,,,,,
shock-drive,y,npc-gift,,ambrette-town,Fossil Lab Hiker (show Genesect),false,false,true,,,,,,,
shuca-berry,diamond,overworld,,,,true,false,false,,,,,,,"Various methods including Battle Frontier, Pastoria City, and held by wild Ponyta (5%)"
silk-scarf,diamond,exchange,coins,veilstone-city,Veilstone Game Corner,true,false,true,,,1000,coins,,,
silk-scarf,ruby,overworld,visible,dewford-town,,false,false,true,,,,,,,
silph-scope,blue,npc-defeat,,team-rocket-hideout,Dropped by Giovanni after defeating him,false,false,true,,,,,,,
silph-scope,firered,npc-defeat,,team-rocket-hideout,Dropped by Giovanni after defeating him,false,false,true,,,,,,,
silph-scope,green,npc-defeat,,team-rocket-hideout,Dropped by Giovanni after defeating him,false,false,true,,,,,,,
silph-scope,leafgreen,npc-defeat,,team-rocket-hideout,Dropped by Giovanni after defeating him,false,false,true,,,,,,,
silph-scope,lets-go-eevee,npc-gift,,team-rocket-hideout,Given by Giovanni after defeating him,false,false,true,,,,,,,
silph-scope,lets-go-pikachu,npc-gift,,team-rocket-hideout,Given by Giovanni after defeating him,false,false,true,,,,,,,
silph-scope,red,npc-defeat,,team-rocket-hideout,Dropped by Giovanni after defeating him,false,false,true,,,,,,,
silph-scope,yellow,npc-defeat,,team-rocket-hideout,Dropped by Giovanni after defeating him,false,false,true,,,,,,,
silver-bottle,scarlet,shop,specialty-shop,levincia,Picnic-Knacks (Levincia Branch),true,false,true,,,20000,pokedollars,,,
silver-bottle,violet,shop,specialty-shop,levincia,Picnic-Knacks (Levincia Branch),true,false,true,,,20000,pokedollars,,,
silver-cup,scarlet,shop,specialty-shop,levincia,Picnic-Knacks (Levincia Branch),true,false,true,,,10000,pokedollars,,,
silver-cup,violet,shop,specialty-shop,levincia,Picnic-Knacks (Levincia Branch),true,false,true,,,10000,pokedollars,,,
silver-feather,crystal,npc-gift,,pewter-city,Old man near the exit to Route 3,false,false,true,,,,,,,
silver-feather,gold,npc-gift,,pewter-city,Old man near the exit to Route 3,false,false,true,,,,,,,
silver-feather,heartgold,npc-gift,,pewter-city,Old man near the exit to Route 3,false,false,true,,,,,,,
silver-feather,silver,npc-gift,,goldenrod-city,Goldenrod Radio Tower Director,false,false,true,,,,,,After defeating Team Rocket,
silver-feather,soulsilver,npc-gift,,goldenrod-city,Goldenrod Radio Tower Director,false,false,true,,,,,,After defeating Team Rocket,
silver-leaf,crystal,wild-pokemon,held,,"Held by wild Tentacruel, Rapidash, Magneton, Kingler, Electrode, Weezing, and Seaking",true,false,false,,,,,,,Pokémon originating from Generation I
silver-leaf,gold,wild-pokemon,held,,"Held by wild Tentacruel, Rapidash, Magneton, Kingler, Electrode, Weezing, and Seaking",true,false,false,,,,,,,Pokémon originating from Generation I
silver-leaf,lets-go-eevee,npc-gift,,,Partner Eevee,true,false,true,,,,,,,
silver-leaf,lets-go-pikachu,npc-gift,,,Partner Pikachu,true,false,true,,,,,,,
silver-leaf,silver,wild-pokemon,held,,"Held by wild Tentacruel, Rapidash, Magneton, Kingler, Electrode, Weezing, and Seaking",true,false,false,,,,,,,Pokémon originating from Generation I
silver-nanab-berry,lets-go-eevee,overworld,recurring,silph-co,Hidden recurring item,true,true,true,,,,,,,
silver-nanab-berry,lets-go-pikachu,overworld,recurring,route-17-kanto,Hidden recurring item,true,true,true,,,,,,,
silver-nanab-berry,lets-go-pikachu,overworld,recurring,silph-co,Hidden recurring item,true,true,true,,,,,,,
silver-nanab-berry,lets-go-pikachu,overworld,recurring,route-13-kanto,Hidden recurring item,true,true,true,,,,,,,
silver-nanab-berry,lets-go-pikachu,walking-pokemon,,route-07-kanto,,true,false,false,,,,,,,
silver-nanab-berry,lets-go-pikachu,walking-pokemon,,route-14-kanto,,true,false,false,,,,,,,
silver-nanab-berry,lets-go-pikachu,walking-pokemon,,route-17-kanto,,true,false,false,,,,,,,
silver-nanab-berry,lets-go-pikachu,achievement,,,Capture reward,true,false,false,,,,,,,
silver-pick,scarlet,shop,specialty-shop,,Peachy's,true,false,true,,,40,pokedollars,,The Teal Mask,
silver-pick,scarlet,vending-machine,,terarium,Vending machines,true,false,true,,,40,pokedollars,,The Indigo Disk,
silver-pick,scarlet,shop,specialty-shop,,Artisan Bakery,true,false,true,,,40,pokedollars,,,
silver-pick,violet,vending-machine,,terarium,Vending machines,true,false,true,,,40,pokedollars,,The Indigo Disk,
silver-pick,violet,shop,specialty-shop,,Artisan Bakery,true,false,true,,,40,pokedollars,,,
silver-pick,violet,shop,specialty-shop,,Peachy's,true,false,true,,,40,pokedollars,,The Teal Mask,
silver-pinap-berry,lets-go-eevee,overworld,visible,route-05-kanto,,false,false,true,,,,,,,
silver-pinap-berry,lets-go-eevee,overworld,visible,route-17-kanto,,false,false,true,,,,,,,
silver-pinap-berry,lets-go-pikachu,overworld,visible,route-05-kanto,,false,false,true,,,,,,,
silver-pinap-berry,lets-go-pikachu,overworld,visible,route-17-kanto,,false,false,true,,,,,,,
silver-razz-berry,lets-go-eevee,overworld,visible,route-18-kanto,,false,false,true,3,,,,,,
silver-razz-berry,lets-go-pikachu,overworld,visible,route-18-kanto,,false,false,true,3,,,,,,
simple-chairs,scarlet,overworld,visible,revelers-road,,false,false,true,,,,,,,Available in The Teal Mask area
simple-chairs,violet,overworld,visible,revelers-road,,false,false,true,,,,,,,Available in The Teal Mask area
skarmorite,legends-za,exchange,,quasartico-inc-building,Quasartico Inc. headquarters,false,false,true,,,240,,,"After completing Main Mission 24: ""Reaching Rank C""",Requires Mega Shards
skull-fossil,diamond,mining,,underground,Underground,true,false,false,,,,,,,
skull-fossil,platinum,mining,,underground,Underground (odd Trainer ID),true,false,false,,,,,,If the last digit of the Trainer ID is odd,
skull-fossil,ultra-sun,npc-gift,,konikoni-city,Olivia's jewelry shop,false,false,true,,,,,,,
skull-fossil,x,field-move,rock-smash,glittering-cave,,true,false,false,,,,,,After entering the Hall of Fame,
sky-plate,black,overworld,visible,abyssal-ruins,,false,false,true,,,,,,,
sky-plate,brilliant-diamond,overworld,visible,pokemon-league-sinnoh,,false,false,true,,,,,,,
sky-plate,diamond,story,,pokemon-league-sinnoh,,false,false,true,,,,,,,
sky-plate,heartgold,npc-gift,,ss-aqua,Captain,false,false,true,,,,,,After obtaining all 16 Gym Badges,
sky-plate,legends-arceus,story,,snowpoint-temple,Mission 12 reward,false,false,true,,,,,,After defeating Hisuian Braviary,
sky-plate,omega-ruby,overworld,hidden,hoenn-route-124,Underwater,false,true,true,,,,,,,
sky-plate,platinum,mining,,underground,,false,false,false,,,,,,,
sky-plate,scarlet,auction,,porto-marinada,Auction house,false,false,true,,,,,,If the player owns an Arceus,
sky-plate,sun,shop,specialty-shop,hauoli-city,Hau'oli City Mall – Antiquities of the Ages,false,false,true,,,10000,pokedollars,,,
sky-plate,x,overworld,visible,coumarine-city,,false,false,true,,,,,,,
sky-tumblestone,legends-arceus,crafting,craftworks,,,true,false,true,,,,,,,
sky-tumblestone,legends-arceus,request,,ginkgo-landing,"Reward for completing Request 98: ""Massive Mass Outbreak in the Coastlands""",false,false,true,30,,,,,,
sky-tumblestone,legends-arceus,mining,,,Blue ore deposits,true,false,false,,,,,,,"Found in Obsidian Fieldlands, Crimson Mirelands, Cobalt Coastlands, Coronet Highlands, and Alabaster Icelands"
sky-tumblestone,legends-arceus,harvest,,,Sometimes found by Ursaluna,true,true,false,,,,,,,
slowbronite,alpha-sapphire,overworld,visible,shoal-cave,After making a Shell Bell for the first time,false,false,true,,,,,,,
slowbronite,legends-za,npc-defeat,,,Defeat the Rogue Mega Slowbro in Main Mission 11,false,false,true,,,,,,,
slowbronite,lets-go-eevee,overworld,visible,indigo-plateau,,false,false,true,,,,,,,
slowbronite,lets-go-pikachu,overworld,visible,indigo-plateau,,false,false,true,,,,,,,
slowbronite,moon,exchange,,battle-tree,,true,false,true,,,64,battle-points,,,
slowbronite,omega-ruby,overworld,visible,shoal-cave,After making a Shell Bell for the first time,false,false,true,,,,,,,
slowbronite,sun,exchange,,battle-tree,,true,false,true,,,64,battle-points,,,
slowpoke-cup,scarlet,npc-gift,,naranja-academy,Saguaro,false,false,true,,,,,,After giving Saguaro a Sweet Herba Mystica in the postgame,
slowpoke-cup,violet,npc-gift,,uva-academy,Saguaro,false,false,true,,,,,,After giving Saguaro a Sweet Herba Mystica in the postgame,
slowpoke-tail,crystal,shop,specialty-shop,mahogany-town,Just a Souvenir Shop (before exposing Team Rocket),true,false,true,,,9800,pokedollars,,Before exposing Team Rocket,
slowpoke-tail,gold,shop,specialty-shop,mahogany-town,Just a Souvenir Shop (before exposing Team Rocket),true,false,true,,,9800,pokedollars,,Before exposing Team Rocket,
slowpoke-tail,silver,shop,specialty-shop,mahogany-town,Just a Souvenir Shop (before exposing Team Rocket),true,false,true,,,9800,pokedollars,,Before exposing Team Rocket,
small-bouquet,lets-go-eevee,npc-gift,,,Gift from partner Eevee after entering the Hall of Fame,false,false,true,,,,,,After entering the Hall of Fame,
small-bouquet,lets-go-pikachu,npc-gift,,,Gift from partner Pikachu after entering the Hall of Fame,false,false,true,,,,,,After entering the Hall of Fame,
smart-candy,lets-go-eevee,overworld,hidden,,"Rocket Game Corner, Pokémon Mansion, Victory Road",true,true,true,,,,,,,Hidden recurring item locations
smart-candy,lets-go-pikachu,overworld,hidden,,"Rocket Game Corner, Pokémon Mansion, Victory Road",true,true,true,,,,,,,Hidden recurring item locations
smart-candy-l,lets-go-eevee,transfer,,,Catch or transfer certain Pokémon,true,false,true,,,,,,,
smart-candy-l,lets-go-eevee,overworld,hidden,celadon-game-corner,Hidden recurring item,true,true,true,,,,,,,Recurring hidden item
smart-candy-l,lets-go-eevee,walking-pokemon,,,Poké Ball Plus,true,false,false,,,,,,,
smart-candy-l,lets-go-pikachu,walking-pokemon,,,Poké Ball Plus,true,false,false,,,,,,,
smart-candy-l,lets-go-pikachu,transfer,,,Catch or transfer certain Pokémon,true,false,true,,,,,,,
smart-candy-l,lets-go-pikachu,overworld,hidden,celadon-game-corner,Hidden recurring item,true,true,true,,,,,,,Recurring hidden item
smart-candy-xl,lets-go-eevee,wild-pokemon,,,Obtained by catching or transferring certain Pokémon,true,false,false,,,,,,,"Includes Bulbasaur, Ivysaur, Venusaur, Charmeleon, Charizard, Butterfree, Oddish, Gloom, Vileplume, Venomoth, Psyduck, Golduck, Abra, Kadabra, Alakazam, Magnemite, Magneton, Gastly, Haunter, Gengar, Exeggutor, Horsea, Seadra, Jynx, Magmar, Porygon, Zapdos, Moltres, or Mewtwo"
smart-candy-xl,lets-go-eevee,transfer,,,Poké Ball Plus,true,false,false,,,,,,,
smart-candy-xl,lets-go-eevee,overworld,recurring,celadon-game-corner,Hidden recurring item,true,true,true,,,,,,,
smart-candy-xl,lets-go-pikachu,transfer,,,Poké Ball Plus,true,false,false,,,,,,,
smart-candy-xl,lets-go-pikachu,wild-pokemon,,,Obtained by catching or transferring certain Pokémon,true,false,false,,,,,,,"Includes Bulbasaur, Ivysaur, Venusaur, Charmeleon, Charizard, Butterfree, Oddish, Gloom, Vileplume, Venomoth, Psyduck, Golduck, Abra, Kadabra, Alakazam, Magnemite, Magneton, Gastly, Haunter, Gengar, Exeggutor, Horsea, Seadra, Jynx, Magmar, Porygon, Zapdos, Moltres, or Mewtwo"
smart-candy-xl,lets-go-pikachu,overworld,recurring,celadon-game-corner,Hidden recurring item,true,true,true,,,,,,,
smiling-vee-pick,scarlet,shop,vendor,,Artisan Bakery,true,false,true,,,1200,pokedollars,,,
smiling-vee-pick,scarlet,npc-defeat,,league-club-room,Reward for defeating Penny,false,false,true,20,,,,,The Indigo Disk,
smiling-vee-pick,violet,npc-defeat,,league-club-room,Reward for defeating Penny,false,false,true,20,,,,,The Indigo Disk,
smiling-vee-pick,violet,shop,vendor,,Artisan Bakery,true,false,true,,,1200,pokedollars,,,
smoke-bomb,legends-arceus,shop,vendor,jubilife-village,General store and base camp stores,true,false,true,,,400,pokedollars,,After completing Request 23,
smoke-bomb,legends-arceus,overworld,recurring,coronet-highlands,Boxes and chests,true,false,false,,,,,,,
smoke-bomb,legends-arceus,overworld,recurring,cobalt-coastlands,Boxes and chests,true,false,false,,,,,,,
smoke-bomb,legends-arceus,request,,galaxy-hall,Reward for completing Request 37 and Request 38,false,false,true,5,,,,,After completing specific requests,
smoke-bomb,legends-arceus,request,,jubilife-village,Reward for completing Request 96,false,false,true,20,,,,,After completing Request 96,
smoke-bomb,legends-arceus,crafting,recipe,,Craft using 1 Sootfoot Root and 1 Caster Fern,true,false,true,,,,,,,
smoke-poke-tail,shield,npc-gift,,east-lake-axewell,Camping King,false,false,true,,,,,,,
smoke-poke-tail,shield,shop,vendor,hammerlocke-hills,Ingredients Seller,true,false,true,,,2200,pokedollars,,,
smoke-poke-tail,shield,shop,vendor,fields-of-honor,Ingredients Seller,true,false,true,,,2200,pokedollars,,,
smoke-poke-tail,sword,npc-gift,,east-lake-axewell,Camping King,false,false,true,,,,,,,
smoke-poke-tail,sword,shop,vendor,hammerlocke-hills,Ingredients Seller,true,false,true,,,2200,pokedollars,,,
smoke-poke-tail,sword,shop,vendor,fields-of-honor,Ingredients Seller,true,false,true,,,2200,pokedollars,,,
smoked-fillet,scarlet,vending-machine,,terarium,Vending machines,true,false,true,,,,,,The Indigo Disk,
smoked-fillet,scarlet,shop,specialty-shop,,Deli Cioso,true,false,true,,,330,pokedollars,,After earning 2 Gym Badges,
smoked-fillet,violet,shop,specialty-shop,,Deli Cioso,true,false,true,,,330,pokedollars,,After earning 2 Gym Badges,
smoked-fillet,violet,vending-machine,,terarium,Vending machines,true,false,true,,,,,,The Indigo Disk,
snorlium-z,moon,event,,,Bundled with the Snorlium Z Munchlax,false,false,true,,,,,,,
snorlium-z,sun,event,,,Bundled with the Snorlium Z Munchlax,false,false,true,,,,,,,
snorlium-z,ultra-moon,npc-gift,,tide-song-hotel,Man at Tide Song Hotel,false,false,true,,,,,,Requires a Snorlax in the party,
snorlium-z,ultra-sun,npc-gift,,tide-song-hotel,Man at Tide Song Hotel,false,false,true,,,,,,Requires a Snorlax in the party,
snow-balm,legends-arceus,story,,icepeak-arena,"During Mission 12: ""The Slumbering Lord of the Tundra"" and post-game rematches",true,false,true,,,,,,,
snow-mail,diamond,shop,poke-mart,snowpoint-city,Poké Mart,true,false,true,,,50,pokedollars,,,
snow-mail,heartgold,shop,poke-mart,lavender-town,Poké Mart,true,false,true,,,50,pokedollars,,,
snow-mail,pearl,shop,poke-mart,snowpoint-city,Poké Mart,true,false,true,,,50,pokedollars,,,
snow-mail,platinum,shop,poke-mart,snowpoint-city,Poké Mart,true,false,true,,,50,pokedollars,,,
snow-mail,soulsilver,shop,poke-mart,lavender-town,Poké Mart,true,false,true,,,50,pokedollars,,,
snowball,x,overworld,recurring,,Snow piles,true,false,true,,,,,,,
solgaleo-treat,scarlet,npc-gift,,blueberry-academy,Entrance (Snacksworth),false,false,true,,,,,,After completing 10 solo Blueberry Quests,
solgaleo-treat,violet,npc-gift,,blueberry-academy,Entrance (Snacksworth),false,false,true,,,,,,After completing one group Blueberry Quest,
solganium-z,ultra-moon,npc-gift,,lake-of-the-moone,After obtaining Cosmog,false,false,true,,,,,,After obtaining Cosmog,
solganium-z,ultra-sun,npc-gift,,mahalo-trail,From Lillie after catching Nebby/Solgaleo,false,false,true,,,,,,After catching Nebby/Solgaleo,
sonias-book,shield,npc-gift,,slumbering-weald,From Sonia after defeating Hop in the deepest part of the forest,false,false,true,,,,,,After defeating Hop in the Slumbering Weald,
sonias-book,sword,npc-gift,,slumbering-weald,From Sonia after defeating Hop in the deepest part of the forest,false,false,true,,,,,,After defeating Hop in the Slumbering Weald,
soot-sack,alpha-sapphire,npc-gift,,hoenn-route-113,Glass Workshop (from the boss),false,false,true,,,,,,,
soot-sack,emerald,npc-gift,,hoenn-route-113,Glass Workshop (from the boss),false,false,true,,,,,,,
soot-sack,omega-ruby,npc-gift,,hoenn-route-113,Glass Workshop (from the boss),false,false,true,,,,,,,
soot-sack,ruby,npc-gift,,hoenn-route-113,Glass Workshop (from the boss),false,false,true,,,,,,,
soot-sack,sapphire,npc-gift,,hoenn-route-113,Glass Workshop (from the boss),false,false,true,,,,,,,
sootfoot-root,legends-arceus,overworld,recurring,cobalt-coastlands,,true,false,true,,,,,,,
sootfoot-root,legends-arceus,harvest,,,Farm (vegetable harvest),true,false,true,,,,,,,
sootfoot-root,legends-arceus,crafting,craftworks,,,true,false,true,,,,,,,
sootfoot-root,legends-arceus,overworld,recurring,alabaster-icelands,,true,false,true,,,,,,,
sootfoot-root,legends-arceus,overworld,recurring,crimson-mirelands,,true,false,true,,,,,,,
soul-dew,ruby,wild-pokemon,static,southern-island,Held by Latias (requires Eon Ticket),false,false,true,,,,,,Requires Eon Ticket,
soul-slate,brilliant-diamond,exchange,,ramanas-park,Ramanas Park vendor,true,false,true,,,,,,"After catching Regirock, Regice, and Registeel",Costs 3 Mysterious Shards S or 1 Mysterious Shard L
soul-slate,shining-pearl,exchange,,ramanas-park,Ramanas Park vendor,true,false,true,,,,,,"After catching Regirock, Regice, and Registeel",Costs 3 Mysterious Shards S or 1 Mysterious Shard L
sour-herba-mystica,scarlet,story,,revelers-road,Reward for showing all 19 tablecloths to a picnicker,false,false,true,2,,,,,The Teal Mask,
sour-herba-mystica,scarlet,tera-raid,tera-raid-5star,,Tera Raid Battles,true,false,false,,,,,,,
sour-herba-mystica,scarlet,tournament,,league-club-room,Reward for defeating Saguaro,false,false,true,3,,,,,The Indigo Disk,
sour-herba-mystica,violet,story,,revelers-road,Reward for showing all 19 tablecloths to a picnicker,false,false,true,2,,,,,The Teal Mask,
sour-herba-mystica,violet,tournament,,league-club-room,Reward for defeating Saguaro,false,false,true,3,,,,,The Indigo Disk,
sour-herba-mystica,violet,tera-raid,tera-raid-5star,,Tera Raid Battles,true,false,false,,,,,,,
space-balm,legends-arceus,story,,temple-of-sinnoh,"During Mission 18: ""The Counterpart"" and post-game rematches if Adaman was chosen in Mission 13",true,false,true,,,,,,"Choose Adaman during Mission 13: ""Disaster Looming""",
space-mail,diamond,shop,department-store,veilstone-city,Veilstone Department Store,true,false,true,,,50,pokedollars,,,
space-mail,heartgold,shop,department-store,celadon-city,Celadon Department Store,true,false,true,,,50,pokedollars,,,
space-mail,heartgold,shop,department-store,goldenrod-city,Goldenrod Department Store,true,false,true,,,50,pokedollars,,,
space-mail,pearl,shop,department-store,veilstone-city,Veilstone Department Store,true,false,true,,,50,pokedollars,,,
space-mail,platinum,shop,department-store,veilstone-city,Veilstone Department Store,true,false,true,,,50,pokedollars,,,
space-mail,soulsilver,shop,department-store,goldenrod-city,Goldenrod Department Store,true,false,true,,,50,pokedollars,,,
space-mail,soulsilver,shop,department-store,celadon-city,Celadon Department Store,true,false,true,,,50,pokedollars,,,
sparkling-stone,moon,story,,mahalo-trail,Plank Bridge; from Lillie after saving Nebby from wild Spearow,false,false,true,,,,,,,
sparkling-stone,sun,story,,mahalo-trail,Plank Bridge; from Lillie after saving Nebby from wild Spearow,false,false,true,,,,,,,
sparkling-stone,ultra-moon,story,,mahalo-trail,Plank Bridge; from Lillie after saving Nebby from wild Spearow,false,false,true,,,,,,,
sparkling-stone,ultra-sun,story,,mahalo-trail,Plank Bridge; from Lillie after saving Nebby from wild Spearow,false,false,true,,,,,,,
spectrier-treat,scarlet,npc-gift,,blueberry-academy,Blueberry Academy entrance (Snacksworth),false,false,true,,,,,,After completing one group Blueberry Quest,
spectrier-treat,violet,npc-gift,,blueberry-academy,Blueberry Academy entrance (Snacksworth),false,false,true,,,,,,After completing 10 solo Blueberry Quests,
spice-mix,shield,npc-gift,,,After cooking curry,true,false,false,,,,,,,Possible gift
spice-mix,shield,shop,vendor,rolling-fields,Ingredients Seller,true,false,true,,,400,pokedollars,,,
spice-mix,sword,shop,vendor,rolling-fields,Ingredients Seller,true,false,true,,,400,pokedollars,,,
spice-mix,sword,npc-gift,,,After cooking curry,true,false,false,,,,,,,Possible gift
spicy-herba-mystica,scarlet,tera-raid,tera-raid-5star,,Tera Raid Battles,true,false,false,,,,,,,Also obtainable from 6★ raids.
spicy-herba-mystica,scarlet,event,,,,false,false,true,,,,,,,
spicy-herba-mystica,the-indigo-disk,trainer-reward,trainer,league-club-room,First battle reward from Kofu after inviting him as a special coach,false,false,true,3,,,,,,
spicy-herba-mystica,the-teal-mask,story,,revelers-road,Reward for showing all 19 tablecloths to a picnicker,false,false,true,2,,,,,,
spicy-herba-mystica,the-teal-mask,tournament,,,Ogre Oustin' (Hard difficulty),true,false,false,,,,,,,
spicy-herba-mystica,violet,event,,,,false,false,true,,,,,,,
spicy-herba-mystica,violet,tera-raid,tera-raid-5star,,Tera Raid Battles,true,false,false,,,,,,,Also obtainable from 6★ raids.
splash-plate,diamond,overworld,visible,route-220-sinnoh,,false,false,true,,,,,,,
splash-plate,heartgold,npc-gift,,ss-aqua,Captain,false,false,true,,,,,,After obtaining all 16 Gym Badges,
splash-plate,pearl,overworld,visible,route-220-sinnoh,,false,false,true,,,,,,,
splash-plate,platinum,overworld,visible,route-220-sinnoh,,false,false,true,,,,,,,
splash-plate,scarlet,auction,,porto-marinada,,true,false,false,,,,,,If the player owns an Arceus,
splash-plate,soulsilver,npc-gift,,ss-aqua,Captain,false,false,true,,,,,,After obtaining all 16 Gym Badges,
splash-plate,violet,auction,,porto-marinada,,true,false,false,,,,,,If the player owns an Arceus,
spoiled-apricorn,legends-arceus,harvest,,,Apricorn trees,true,false,false,,,,,,,Found in all regions
spoiled-apricorn,legends-arceus,npc-gift,,,Adaman during Request 100: Massive Mass Outbreak in the Highlands,false,false,true,100,,,,,During Request 100,
spoiled-apricorn,legends-arceus,overworld,recurring,,Leaf piles,true,false,false,,,,,,,
spoiled-apricorn,legends-arceus,harvest,,jubilife-village-farm,Apricorn harvest,true,false,true,,,,,,,
spooky-chairs,scarlet,npc-gift,,revelers-road,Picnicker,false,false,true,,,,,,If the player owns the Spooky Tablecloth,
spooky-chairs,violet,npc-gift,,revelers-road,Picnicker,false,false,true,,,,,,If the player owns the Spooky Tablecloth,
spooky-plate,diamond,overworld,visible,amity-square,,false,false,true,,,,,,,
spooky-tablecloth,scarlet,shop,specialty-shop,levincia,Picnic-Knacks (Levincia Branch),true,false,true,,,4000,pokedollars,,,
spooky-tablecloth,violet,shop,specialty-shop,levincia,Picnic-Knacks (Levincia Branch),true,false,true,,,4000,pokedollars,,,
sport-ball,crystal,contest,,national-park,"Bug-Catching Contest (Tuesday, Thursday, Saturday)",true,false,true,20,,,,,,Only usable during contest; unused balls are returned.
sport-ball,gold,contest,,national-park,"Bug-Catching Contest (Tuesday, Thursday, Saturday)",true,false,true,20,,,,,,Only usable during contest; unused balls are returned.
sport-ball,silver,contest,,national-park,"Bug-Catching Contest (Tuesday, Thursday, Saturday)",true,false,true,20,,,,,,Only usable during contest; unused balls are returned.
sprayduck,brilliant-diamond,npc-gift,,floaroma-town,Woman in the Pick a Peck of Colors Flower Shop,false,false,true,,,,,,,
sprayduck,diamond,npc-gift,,floaroma-town,Woman in the Pick a Peck of Colors Flower Shop,false,false,true,,,,,,,
sprayduck,pearl,npc-gift,,floaroma-town,Woman in the Pick a Peck of Colors Flower Shop,false,false,true,,,,,,,
sprayduck,platinum,npc-gift,,floaroma-town,Woman in the Pick a Peck of Colors Flower Shop,false,false,true,,,,,,,
sprayduck,shining-pearl,npc-gift,,floaroma-town,Woman in the Pick a Peck of Colors Flower Shop,false,false,true,,,,,,,
springy-mushroom,legends-arceus,harvest,,,"Leaf piles in Crimson Mirelands, Cobalt Coastlands, Coronet Highlands",true,false,false,,,,,,,
springy-mushroom,legends-arceus,overworld,recurring,,"Obsidian Fieldlands, Crimson Mirelands, Cobalt Coastlands, Coronet Highlands",true,false,true,,,,,,,Recurring item spawns
springy-mushroom,legends-arceus,crafting,craftworks,,Craftworks,true,false,true,,,,,,,
springy-mushroom,legends-arceus,harvest,,,Farm (mushroom harvest),true,false,true,,,,,,,
springy-mushroom,legends-arceus,tournament,,obsidian-fieldlands,Balloon Race random reward,true,false,false,,,,,,,
springy-mushroom,legends-arceus,dropped,,obsidian-fieldlands,Sometimes found by Ursaluna,true,false,false,,,,,,,
sprinklotad,x,npc-gift,,berry-fields-kalos,Berry grower after agreeing to help him grow Berries,false,false,true,,,,,,,
sprinklotad,y,npc-gift,,berry-fields-kalos,Berry grower after agreeing to help him grow Berries,false,false,true,,,,,,,
squall-slate,shining-pearl,exchange,,ramanas-park,,true,false,true,1,,,,,"After catching Articuno, Zapdos, and Moltres",Purchased using Mysterious Shards.
squirt-bottle,crystal,npc-gift,,goldenrod-city,Flower Shop,false,false,true,,,,,,After defeating Whitney,
squirt-bottle,gold,npc-gift,,goldenrod-city,Flower Shop,false,false,true,,,,,,After defeating Whitney,
squirt-bottle,heartgold,npc-gift,,goldenrod-city,Flower Shop,false,false,true,,,,,,After defeating Whitney,
squirt-bottle,silver,npc-gift,,goldenrod-city,Flower Shop,false,false,true,,,,,,After defeating Whitney,
squirt-bottle,soulsilver,npc-gift,,goldenrod-city,Flower Shop,false,false,true,,,,,,After defeating Whitney,
ss-ticket,firered,npc-gift,,sea-cottage,"Bill, after restoring him to normal",false,false,true,,,,,,,
ss-ticket,gold,npc-gift,,new-bark-town,"Professor Elm, after entering the Hall of Fame",false,false,true,,,,,,After entering the Hall of Fame,
ss-ticket,heartgold,npc-gift,,new-bark-town,"Professor Elm, after entering the Hall of Fame",false,false,true,,,,,,After entering the Hall of Fame,
ss-ticket,lets-go-pikachu,npc-gift,,sea-cottage,"Bill, after restoring him to normal",false,false,true,,,,,,,
ss-ticket,omega-ruby,npc-gift,,littleroot-town,"Norman, after completing the Delta Episode",false,false,true,,,,,,After completing the Delta Episode,
ss-ticket,red,npc-gift,,sea-cottage,"Bill, after restoring him to normal",false,false,true,,,,,,,
ss-ticket,ruby,npc-gift,,littleroot-town,"Norman, after entering the Hall of Fame",false,false,true,,,,,,After entering the Hall of Fame,
stable-mulch,diamond,overworld,recurring,route-208-sinnoh,Berry Master's house,true,false,true,,,,,,,
stable-mulch,heartgold,shop,specialty-shop,goldenrod-city,Goldenrod Flower Shop,true,false,true,,,,,,After acquiring the Berry Pots,
stable-mulch,pearl,overworld,recurring,route-208-sinnoh,Berry Master's house,true,false,true,,,,,,,
stable-mulch,platinum,overworld,recurring,route-208-sinnoh,Berry Master's house,true,false,true,,,,,,,
stable-mulch,soulsilver,shop,specialty-shop,goldenrod-city,Goldenrod Flower Shop,true,false,true,,,,,,After acquiring the Berry Pots,
star-sweet,scarlet,crafting,item-printer,,Item Printer,true,false,true,,,,,,The Indigo Disk,
star-sweet,shield,raid,max-raid,,Dropped by Gigantamax Factor Milcery (Wild Area News event),true,false,false,,,,,,"Wild Area News January 30 – February 16, 2020",
star-sweet,shield,shop,watt-trader,snowslide-slope,Watt Trader (Highlight Item),true,false,true,,,7980,watts,,The Crown Tundra,
star-sweet,shield,crafting,cram-o-matic,,Cram-o-matic (Fairy: 112–120 points),true,false,true,,,,,,The Isle of Armor,
star-sweet,sword,raid,max-raid,,Dropped by Gigantamax Factor Milcery (Wild Area News event),true,false,false,,,,,,"Wild Area News January 30 – February 16, 2020",
star-sweet,sword,crafting,cram-o-matic,,Cram-o-matic (Fairy: 112–120 points),true,false,true,,,,,,The Isle of Armor,
star-sweet,sword,shop,watt-trader,snowslide-slope,Watt Trader (Highlight Item),true,false,true,,,7980,watts,,The Crown Tundra,
star-sweet,violet,crafting,item-printer,,Item Printer,true,false,true,,,,,,The Indigo Disk,
staraptite,legends-za,wild-pokemon,static,,"Hyperspace Mission 03: ""Hyperspace Lumiose Survey No. 2""",false,false,true,,,,,,Obtained upon defeating and catching the Rogue Mega Staraptor,
starf-berry,emerald,trainer-reward,trainer,battle-frontier-hoenn,From Scott after obtaining all seven Gold Frontier Symbols,false,false,true,,,,,,After obtaining all seven Gold Frontier Symbols,
starf-berry,sword,tournament,,battle-tower-galar,Every 100 victories starting from 200,true,false,true,,,,,,,
starminite,legends-za,npc-defeat,,,"Rogue Mega Starmie (Main Mission 34: ""A Rogue Mega Starmie"")",false,false,true,,,,,,,
stealth-spray,legends-arceus,crafting,recipe,,Crafting using 1 Hopo Berry and 3 Bugworts,true,false,true,,,,,,,
stealth-spray,legends-arceus,overworld,visible,cobalt-coastlands,Chests,true,false,false,,,,,,,
stealth-spray,legends-arceus,overworld,visible,coronet-highlands,Chests,true,false,false,,,,,,,
stealth-spray,legends-arceus,shop,vendor,,General store and base camp stores,true,false,true,,,800,pokedollars,,"After completing Request 43: ""More New Wares""",
stealth-spray,legends-arceus,shop,vendor,,Ginkgo Guild cart (Ginter),true,false,false,5,,,,,,Randomly sold
steel-bottle-b,scarlet,shop,specialty-shop,mesagoza,Picnic-Knacks (Mesagoza Branch),true,false,true,,,1500,pokedollars,,,
steel-bottle-b,violet,shop,specialty-shop,mesagoza,Picnic-Knacks (Mesagoza Branch),true,false,true,,,1500,pokedollars,,,
steel-bottle-r,scarlet,shop,specialty-shop,mesagoza,Picnic-Knacks (Mesagoza Branch),true,false,true,,,1500,pokedollars,,,
steel-bottle-r,violet,shop,specialty-shop,mesagoza,Picnic-Knacks (Mesagoza Branch),true,false,true,,,1500,pokedollars,,,
steel-bottle-y,scarlet,shop,specialty-shop,mesagoza,Picnic-Knacks (Mesagoza Branch),true,false,true,,,1500,pokedollars,,,
steel-bottle-y,violet,shop,specialty-shop,mesagoza,Picnic-Knacks (Mesagoza Branch),true,false,true,,,1500,pokedollars,,,
steel-gem,black,mining,dust-cloud,,Dust cloud,true,false,false,,,,,,,
steel-gem,black-2,mining,dust-cloud,clay-tunnel,Clay Tunnel,false,false,true,,,,,,,Finite method
steel-gem,white,mining,dust-cloud,,Dust cloud,true,false,false,,,,,,,
steel-gem,white-2,mining,dust-cloud,clay-tunnel,Clay Tunnel,false,false,true,,,,,,,Finite method
steel-mail,diamond,shop,poke-mart,sunyshore-city,Poké Mart,true,false,true,,,50,pokedollars,,,
steel-mail,heartgold,shop,poke-mart,fuchsia-city,Poké Mart,true,false,true,,,50,pokedollars,,,
steel-mail,pearl,shop,poke-mart,sunyshore-city,Poké Mart,true,false,true,,,50,pokedollars,,,
steel-mail,platinum,shop,poke-mart,sunyshore-city,Poké Mart,true,false,true,,,50,pokedollars,,,
steel-mail,soulsilver,shop,poke-mart,fuchsia-city,Poké Mart,true,false,true,,,50,pokedollars,,,
steel-memory,moon,npc-gift,,aether-paradise,From Gladion,false,false,true,,,,,,After becoming Champion,
steel-memory,shield,npc-gift,,battle-tower-galar,From a League Staff member,false,false,true,,,,,,,
steel-memory,sun,npc-gift,,aether-paradise,From Gladion,false,false,true,,,,,,After becoming Champion,
steel-memory,sword,npc-gift,,battle-tower-galar,From a League Staff member,false,false,true,,,,,,,
steel-memory,ultra-moon,npc-gift,,ancient-poni-path,From Wicke,false,false,true,,,,,,After becoming Champion,
steel-memory,ultra-sun,npc-gift,,ancient-poni-path,From Wicke,false,false,true,,,,,,After becoming Champion,
steel-tera-shard,scarlet,tournament,,,Academy Ace Tournament,true,false,false,,,,,,,
steel-tera-shard,scarlet,overworld,visible,area-zero,,false,false,true,,,,,,,
steel-tera-shard,violet,tournament,,,Academy Ace Tournament,true,false,false,,,,,,,
steel-tera-shard,violet,overworld,visible,area-zero,,false,false,true,,,,,,,
steelium-z,moon,npc-gift,,hokulani-observatory,"Molayne, after completing Sophocles's trial",false,false,true,,,,,,After completing Sophocles's trial,
steelium-z,sun,npc-gift,,hokulani-observatory,"Molayne, after completing Sophocles's trial",false,false,true,,,,,,After completing Sophocles's trial,
steelium-z,ultra-moon,npc-gift,,mount-hokulani,Molayne,false,false,true,,,,,,,
steelium-z,ultra-sun,npc-gift,,mount-hokulani,Molayne,false,false,true,,,,,,,
steelixite,alpha-sapphire,overworld,visible,granite-cave,,false,false,true,,,,,,,
steelixite,legends-za,shop,specialty-shop,stone-emporium,,false,false,true,,,70000,pokedollars,,"After completing Main Mission 09: ""Chase That Mysterious Pokémon!""",
steelixite,omega-ruby,overworld,visible,granite-cave,,false,false,true,,,,,,,
steelixite,ultra-moon,exchange,,battle-tree,,true,false,true,,,64,battle-points,,,
steelixite,ultra-sun,exchange,,battle-tree,,true,false,true,,,64,battle-points,,,
stellar-tera-shard,scarlet,wild-pokemon,,,Defeating or catching wild Stellar Tera Pokémon,true,false,true,10,,,,,,
stellar-tera-shard,scarlet,crafting,item-printer,,Item Printer,true,false,true,,,,,,After purchasing the third Item Printer upgrade,
stellar-tera-shard,scarlet,overworld,visible,area-zero-underdepths,,false,false,true,,,,,,,
stellar-tera-shard,violet,overworld,visible,area-zero-underdepths,,false,false,true,,,,,,,
stellar-tera-shard,violet,crafting,item-printer,,Item Printer,true,false,true,,,,,,After purchasing the third Item Printer upgrade,
stellar-tera-shard,violet,wild-pokemon,,,Defeating or catching wild Stellar Tera Pokémon,true,false,true,10,,,,,,
sticker-case,diamond,npc-gift,,solaceon-town,Gift from a woman,false,false,true,,,,,,,
sticker-case,heartgold,npc-gift,,moomoo-farm,Gift for healing the sick Miltank,false,false,true,,,,,,,
sticker-case,pearl,npc-gift,,solaceon-town,Gift from a woman,false,false,true,,,,,,,
sticker-case,platinum,npc-gift,,solaceon-town,Gift from a woman,false,false,true,,,,,,,
sticker-case,soulsilver,npc-gift,,moomoo-farm,Gift for healing the sick Miltank,false,false,true,,,,,,,
sticky-glob,legends-arceus,shop,vendor,jubilife-village,General store and base camp stores,true,false,true,,,800,pokedollars,,After completing Request 71: New Wares Yet Again,
sticky-glob,legends-arceus,story,,sacred-plaza,Reward for completing Request 87: Rolling with Spheal,false,false,true,5,,,,,,
sticky-glob,legends-arceus,story,,jubilife-village,From Gaeric during Request 98: Massive Mass Outbreak in the Coastlands,false,false,true,30,,,,,,
sticky-glob,legends-arceus,crafting,recipe,,"Crafted using 1 Ball of Mud, 1 Spoiled Apricorn, and 1 Caster Fern",true,false,true,,,,,,,
sticky-glob,legends-arceus,overworld,recurring,cobalt-coastlands,Found in boxes and chests,true,false,false,,,,,,,
sticky-glob,legends-arceus,overworld,recurring,coronet-highlands,Found in boxes and chests,true,false,false,,,,,,,
sticky-glob,legends-arceus,shop,vendor,ginkgo-guild-cart,Randomly sold by Ginter,true,false,false,10,,,pokedollars,,,
sticky-glob,legends-arceus,contest,,practice-field,Random reward from balloon minigame,true,false,false,,,,,,,
sticky-glob,legends-arceus,contest,,alabaster-icelands,Balloon Race random reward,true,false,false,,,,,,,
stone-plate,black,overworld,visible,abyssal-ruins,,false,false,true,,,,,,,
stone-plate,diamond,overworld,visible,mount-coronet,,false,false,true,,,,,,,
stone-plate,heartgold,npc-gift,,ss-aqua,Captain,false,false,true,,,,,,After obtaining all 16 Gym Badges,
stone-plate,pearl,overworld,visible,mount-coronet,,false,false,true,,,,,,,
stone-plate,platinum,overworld,visible,mount-coronet,,false,false,true,,,,,,,
stone-plate,soulsilver,npc-gift,,ss-aqua,Captain,false,false,true,,,,,,After obtaining all 16 Gym Badges,
stone-plate,white,overworld,visible,abyssal-ruins,,false,false,true,,,,,,,
storage-key-hoenn,alpha-sapphire,overworld,visible,sea-mauville,Room 4,false,false,true,,,,,,,
storage-key-hoenn,emerald,overworld,visible,abandoned-ship,Captain's office,false,false,true,,,,,,,
storage-key-hoenn,omega-ruby,overworld,visible,sea-mauville,Room 4,false,false,true,,,,,,,
storage-key-hoenn,ruby,overworld,visible,abandoned-ship,Captain's office,false,false,true,,,,,,,
storage-key-hoenn,sapphire,overworld,visible,abandoned-ship,Captain's office,false,false,true,,,,,,,
storage-key-sinnoh,brilliant-diamond,dropped,,veilstone-city,Dropped by a Team Galactic Grunt after encountering Jupiter at Lake Acuity,false,false,true,,,,,,After encountering Jupiter at Lake Acuity,
storage-key-sinnoh,diamond,dropped,,veilstone-city,Dropped by a Team Galactic Grunt after encountering Jupiter at Lake Acuity,false,false,true,,,,,,After encountering Jupiter at Lake Acuity,
storage-key-sinnoh,pearl,dropped,,veilstone-city,Dropped by a Team Galactic Grunt after encountering Jupiter at Lake Acuity,false,false,true,,,,,,After encountering Jupiter at Lake Acuity,
storage-key-sinnoh,shining-pearl,dropped,,veilstone-city,Dropped by a Team Galactic Grunt after encountering Jupiter at Lake Acuity,false,false,true,,,,,,After encountering Jupiter at Lake Acuity,
strange-souvenir,alpha-sapphire,exchange,trade,,,true,false,true,,,,,,,
strange-souvenir,moon,shop,specialty-shop,thrifty-megamart,,true,false,true,,,3000,pokedollars,,,
strange-souvenir,moon,overworld,visible,malie-city,,false,false,true,,,,,,,
strange-souvenir,omega-ruby,exchange,trade,,,true,false,true,,,,,,,
strange-souvenir,sun,overworld,visible,malie-city,,false,false,true,,,,,,,
strange-souvenir,sun,shop,specialty-shop,thrifty-megamart,,true,false,true,,,3000,pokedollars,,,
strange-souvenir,x,npc-gift,,,Any hotel (Backpacker after meeting him four times),false,false,true,,,,,,After meeting the Backpacker four times,
strange-souvenir,y,npc-gift,,,Any hotel (Backpacker after meeting him four times),false,false,true,,,,,,After meeting the Backpacker four times,
stratospheric-slate,brilliant-diamond,exchange,,ramanas-park,Stratospheric Room vendor,true,false,true,,,,,,"After catching Raikou, Entei, and Suicune",Costs 3 Mysterious Shards S or 1 Mysterious Shard L.
stratospheric-slate,shining-pearl,exchange,,ramanas-park,Stratospheric Room vendor,true,false,true,,,,,,"After catching Articuno, Zapdos, and Moltres",Costs 3 Mysterious Shards S or 1 Mysterious Shard L.
strawberry,scarlet,shop,vending-machine,,Sure Cans,true,false,true,,,140,pokedollars,,,
strawberry,scarlet,overworld,visible,south-province-area-two,,false,false,true,,,,,,,
strawberry,scarlet,shop,vending-machine,terarium,Vending machines,true,false,true,,,140,pokedollars,,The Indigo Disk,
strawberry,violet,shop,vending-machine,,Sure Cans,true,false,true,,,140,pokedollars,,,
strawberry,violet,shop,vending-machine,terarium,Vending machines,true,false,true,,,140,pokedollars,,The Indigo Disk,
strawberry,violet,overworld,visible,south-province-area-two,,false,false,true,,,,,,,
strawberry-sweet,scarlet,overworld,visible,polar-biome,,false,false,true,,,,,,The Indigo Disk,
strawberry-sweet,scarlet,crafting,item-printer,,Item Printer,true,false,false,,,,,,The Indigo Disk,
strawberry-sweet,shield,npc-gift,,,Battle Café,true,false,true,,,,,,,
strawberry-sweet,shield,shop,watt-trader,snowslide-slope,Watt Trader (Highlight Item),true,false,true,,,7980,watts,,The Crown Tundra,
strawberry-sweet,shield,overworld,visible,hammerlocke,,false,false,true,,,,,,,
strawberry-sweet,shield,crafting,cram-o-matic,,Cram-o-matic (Fairy recipes),true,false,false,,,,,,The Isle of Armor,
strawberry-sweet,sword,shop,watt-trader,snowslide-slope,Watt Trader (Highlight Item),true,false,true,,,7980,watts,,The Crown Tundra,
strawberry-sweet,sword,npc-gift,,,Battle Café,true,false,true,,,,,,,
strawberry-sweet,sword,crafting,cram-o-matic,,Cram-o-matic (Fairy recipes),true,false,false,,,,,,The Isle of Armor,
strawberry-sweet,sword,overworld,visible,hammerlocke,,false,false,true,,,,,,,
strawberry-sweet,violet,crafting,item-printer,,Item Printer,true,false,false,,,,,,The Indigo Disk,
strawberry-sweet,violet,overworld,visible,savanna-biome,,false,false,true,,,,,,The Indigo Disk,
stretchy-spring,lets-go-eevee,npc-gift,,,Gift from Partner Eevee,true,false,true,,,,,,,
stretchy-spring,lets-go-pikachu,npc-gift,,,Gift from Partner Pikachu,true,false,true,,,,,,,
striped-bottle,scarlet,shop,specialty-shop,mesagoza,Picnic-Knacks (Mesagoza Branch),true,false,true,,,1000,pokedollars,,,
striped-bottle,violet,shop,specialty-shop,mesagoza,Picnic-Knacks (Mesagoza Branch),true,false,true,,,1000,pokedollars,,,
striped-chairs,scarlet,npc-gift,,revelers-road,Picnicker,false,false,true,,,,,,If the player owns the Striped Tablecloth,
striped-chairs,violet,npc-gift,,revelers-road,Picnicker,false,false,true,,,,,,If the player owns the Striped Tablecloth,
striped-cup,scarlet,shop,specialty-shop,mesagoza,Picnic-Knacks (Mesagoza Branch),true,false,true,,,800,pokedollars,,,
striped-cup,violet,shop,specialty-shop,mesagoza,Picnic-Knacks (Mesagoza Branch),true,false,true,,,800,pokedollars,,,
striped-tablecloth,scarlet,shop,specialty-shop,mesagoza,Picnic-Knacks (Mesagoza Branch),true,false,true,,,1500,pokedollars,,,
striped-tablecloth,violet,shop,specialty-shop,mesagoza,Picnic-Knacks (Mesagoza Branch),true,false,true,,,1500,pokedollars,,,
style-card,shield,npc-defeat,,fields-of-honor,From Avery after defeating him for the first time,false,false,true,,,,,,After defeating Avery in the Isle of Armor,
style-card,sword,npc-defeat,,fields-of-honor,From Klara after defeating her for the first time,false,false,true,,,,,,After defeating Klara in the Isle of Armor,
suicune-treat,scarlet,npc-gift,,blueberry-academy-entrance,Snacksworth,false,false,true,,,,,,After completing 10 solo Blueberry Quests,The Indigo Disk
suicune-treat,violet,npc-gift,,blueberry-academy-entrance,Snacksworth,false,false,true,,,,,,After completing one group Blueberry Quest,The Indigo Disk
suite-key,brilliant-diamond,overworld,visible,route-213-sinnoh,Immediately northwest of the northern reception entrance of Hotel Grand Lake,false,false,true,,,,,,,
suite-key,diamond,overworld,visible,route-213-sinnoh,Immediately northwest of the northern reception entrance of Hotel Grand Lake,false,false,true,,,,,,,
suite-key,pearl,overworld,visible,route-213-sinnoh,Immediately northwest of the northern reception entrance of Hotel Grand Lake,false,false,true,,,,,,,
suite-key,platinum,overworld,visible,route-213-sinnoh,Immediately northwest of the northern reception entrance of Hotel Grand Lake,false,false,true,,,,,,,
suite-key,shining-pearl,overworld,visible,route-213-sinnoh,Immediately northwest of the northern reception entrance of Hotel Grand Lake,false,false,true,,,,,,,
sun-flute,sun,overworld,visible,exeggutor-island,,false,false,true,,,,,,,
sun-flute,ultra-sun,overworld,visible,exeggutor-island,,false,false,true,,,,,,,
sunrise-flower-pick,scarlet,shop,specialty-shop,,Artisan Bakery,true,false,true,,,1000,pokedollars,,,
sunrise-flower-pick,violet,shop,specialty-shop,,Artisan Bakery,true,false,true,,,1000,pokedollars,,,
sunset-flower-pick,scarlet,shop,vendor,,Artisan Bakery,true,false,true,,,1000,pokedollars,,,
sunset-flower-pick,violet,shop,vendor,,Artisan Bakery,true,false,true,,,1000,pokedollars,,,
super-lumiose-galette,legends-za,story,,cafe-gallant,"Obtained during Main Mission 14: ""Reaching Rank E"" as part of the Canari Quiz Whiz Contest",false,false,true,,,,,,,
super-lure,lets-go-eevee,overworld,recurring,underground-path-kanto-routes-7-8,,true,true,true,,,,,,,Hidden recurring item
super-lure,lets-go-eevee,overworld,visible,route-17-kanto,,false,false,true,,,,,,,
super-lure,lets-go-eevee,overworld,visible,fuchsia-city,,false,false,true,,,,,,,
super-lure,lets-go-eevee,overworld,visible,seafoam-islands,,false,false,true,,,,,,,
super-lure,lets-go-eevee,shop,poke-mart,,All Poké Marts,true,false,true,,,700,pokedollars,,After obtaining 4 Badges,
super-lure,lets-go-eevee,overworld,recurring,route-10-kanto,,true,true,true,,,,,,,Hidden recurring item
super-lure,lets-go-eevee,overworld,recurring,underground-path-kanto-routes-5-6,,true,true,true,,,,,,,Hidden recurring item
super-lure,lets-go-pikachu,overworld,visible,route-17-kanto,,false,false,true,,,,,,,
super-lure,lets-go-pikachu,overworld,recurring,route-10-kanto,,true,true,true,,,,,,,Hidden recurring item
super-lure,lets-go-pikachu,overworld,visible,fuchsia-city,,false,false,true,,,,,,,
super-lure,lets-go-pikachu,overworld,recurring,underground-path-kanto-routes-7-8,,true,true,true,,,,,,,Hidden recurring item
super-lure,lets-go-pikachu,overworld,visible,seafoam-islands,,false,false,true,,,,,,,
super-lure,lets-go-pikachu,overworld,recurring,underground-path-kanto-routes-5-6,,true,true,true,,,,,,,Hidden recurring item
super-lure,lets-go-pikachu,shop,poke-mart,,All Poké Marts,true,false,true,,,700,pokedollars,,After obtaining 4 Badges,
super-rod,black,npc-gift,,nuvema-town,Looker after defeating Ghetsis,false,false,true,,,,,,After defeating Ghetsis,
super-rod,diamond,npc-gift,,fight-area,Fisherman near the Route 225 gate,false,false,true,,,,,,,
super-rod,gold,npc-gift,,route-12-kanto,Silence Bridge Fishing Guru,false,false,true,,,,,,,
super-rod,red,npc-gift,,route-12-kanto,Silence Bridge Fishing Guru,false,false,true,,,,,,,
super-rod,ruby,npc-gift,,mossdeep-city,Fisherman in the house east of the Gym,false,false,true,,,,,,,
super-rod,x,npc-gift,,kalos-route-16,Fisherman in the Fishing Shack,false,false,true,,,,,,,
superb-remedy,legends-arceus,crafting,recipe,,Crafting using 1 Fine Remedy and 1 Vivichoke,true,false,true,,,,,,,
supreme-butter,legends-za,story,,hyperspace-second-sight-arena,"After defeating the Rogue Mega Meowstic during Hyperspace Mission 08: ""Hyperspace Lumiose Survey No. 4""",false,false,true,,,,,,,
surf-mail,crystal,shop,poke-mart,olivine-city,Olivine Poké Mart,true,false,true,,,50,pokedollars,,,
surf-mail,crystal,shop,department-store,celadon-city,Celadon Department Store,true,false,true,,,50,pokedollars,,,
surf-mail,gold,shop,department-store,celadon-city,Celadon Department Store,true,false,true,,,50,pokedollars,,,
surf-mail,gold,shop,poke-mart,olivine-city,Olivine Poké Mart,true,false,true,,,50,pokedollars,,,
surf-mail,silver,shop,poke-mart,olivine-city,Olivine Poké Mart,true,false,true,,,50,pokedollars,,,
surf-mail,silver,shop,department-store,celadon-city,Celadon Department Store,true,false,true,,,50,pokedollars,,,
surge-badge,ultra-moon,trainer-reward,gym-leader,malie-city,Kantonian Gym Leader,false,false,true,,,,,,After defeating the Kantonian Gym Leader,
surge-badge,ultra-sun,trainer-reward,gym-leader,malie-city,Kantonian Gym Leader,false,false,true,,,,,,After defeating the Kantonian Gym Leader,
surprise-mulch,alpha-sapphire,exchange,,,Trade,true,false,true,,,,,,,
surprise-mulch,omega-ruby,exchange,,,Trade,true,false,true,,,,,,,
surprise-mulch,x,crafting,recipe,,Berry fields composter (using three Berries of the same color),true,false,true,,,,,,,
surprise-mulch,y,crafting,recipe,,Berry fields composter (using three Berries of the same color),true,false,true,,,,,,,
survival-charm,legends-arceus,shop,vendor,jubilife-village,Folk Shrine (Charm Lady Lucille),true,false,true,,,,,,,
swampertite,alpha-sapphire,overworld,visible,hoenn-route-120,,false,false,true,,,,,,If the player's first partner Pokémon was Mudkip,
swampertite,alpha-sapphire,overworld,visible,hoenn-route-114,,false,false,true,,,,,,After defeating or capturing Kyogre,If the player's first partner Pokémon was not Mudkip
swampertite,legends-za,tournament,,,Ranked Battles Season 6,false,false,true,,,,,,Reach Rank ?,
swampertite,moon,event,,,,false,false,true,,,,,,,
swampertite,omega-ruby,overworld,visible,hoenn-route-120,,false,false,true,,,,,,If the player's first partner Pokémon was Mudkip,
swampertite,omega-ruby,overworld,visible,hoenn-route-114,,false,false,true,,,,,,After defeating or capturing Groudon,If the player's first partner Pokémon was not Mudkip
swampertite,sun,event,,,,false,false,true,,,,,,,
swampertite,ultra-moon,exchange,,battle-tree,,true,false,true,,,64,battle-points,,,
swampertite,ultra-sun,exchange,,battle-tree,,true,false,true,,,64,battle-points,,,
swap-snack,legends-arceus,crafting,recipe,,,true,false,true,,,,,,,"Requires 1 Candy Truffle, 1 Sootfoot Root, 1 Springy Mushroom, and 1 Hopo Berry."
sweet-apple,scarlet,overworld,sparkling,tagtree-thicket,,true,false,true,,,,,,,
sweet-apple,scarlet,shop,specialty-shop,,Delibird Presents,true,false,true,,,2200,pokedollars,,After earning 3 Gym Badges,
sweet-apple,shield,overworld,visible,hammerlocke,,false,false,true,,,,,,,
sweet-apple,shield,overworld,recurring,axews-eye,Hidden recurring item,true,true,true,,,,,,,
sweet-apple,sword,event,,,Wild Area News,false,false,true,,,,,,"March 19 to March 25, 2020",
sweet-apple,the-isle-of-armor,overworld,recurring,loop-lagoon,Hidden recurring item,true,true,true,,,,,,,
sweet-apple,the-isle-of-armor,overworld,recurring,soothing-wetlands,Hidden recurring item,true,true,true,,,,,,,
sweet-apple,the-teal-mask,overworld,sparkling,apple-hills,,true,false,true,,,,,,,
sweet-apple,violet,shop,specialty-shop,,Delibird Presents,true,false,true,,,2200,pokedollars,,After earning 3 Gym Badges,
sweet-apple,violet,overworld,sparkling,tagtree-thicket,,true,false,true,,,,,,,
sweet-heart,black,npc-gift,,,Feeling Check,true,false,true,,,,,,,Amount varies
sweet-heart,shield,npc-gift,,,Battle Café,true,false,true,,,,,,,
sweet-heart,sword,npc-gift,,,Battle Café,true,false,true,,,,,,,
sweet-heart,white,npc-gift,,,Feeling Check,true,false,true,,,,,,,Amount varies
sweet-heart,x,npc-gift,,camphrier-town,Daily gift,true,false,true,1,,,,,Once per day; five on February 14 and March 14,
sweet-heart,y,npc-gift,,camphrier-town,Daily gift,true,false,true,1,,,,,Once per day; five on February 14 and March 14,
sweet-herba-mystica,scarlet,event,,,,false,false,true,,,,,,,
sweet-herba-mystica,scarlet,tera-raid,tera-raid-5star,,Tera Raid Battles,true,false,false,,,,,,,
sweet-herba-mystica,the-indigo-disk,npc-gift,,league-club-room,First battle reward from Katy after inviting her as a special coach,false,false,true,3,,,,,,
sweet-herba-mystica,the-teal-mask,story,,revelers-road,Reward for showing all 19 tablecloths to a picnicker,false,false,true,2,,,,,,
sweet-herba-mystica,the-teal-mask,event,,,Ogre Oustin' (Hard difficulty),true,false,false,,,,,,,
sweet-herba-mystica,violet,event,,,,false,false,true,,,,,,,
sweet-herba-mystica,violet,tera-raid,tera-raid-6star,,Tera Raid Battles,true,false,false,,,,,,,
swift-mochi,scarlet,tournament,,,Ogre Oustin',true,false,false,,,,,,,Reward from the Ogre Oustin' minigame
swift-mochi,violet,tournament,,,Ogre Oustin',true,false,false,,,,,,,Reward from the Ogre Oustin' minigame
swordcap,legends-arceus,harvest,,,Farm (mushroom harvest),true,false,true,,,,,,,
swordcap,legends-arceus,overworld,recurring,,"Obsidian Fieldlands, Crimson Mirelands, Cobalt Coastlands, Coronet Highlands",true,false,true,,,,,,,
swordcap,legends-arceus,shop,vendor,,Ginkgo Guild cart (Tuli),true,false,true,,,240,pokedollars,,,
synchro-machine,scarlet,npc-gift,,central-plaza,Synclaire,false,false,true,,,,,,After performing a trial test in the Indigo Disk storyline,
synchro-machine,violet,npc-gift,,central-plaza,Synclaire,false,false,true,,,,,,After performing a trial test in the Indigo Disk storyline,
syrupy-apple,scarlet,shop,vendor,mossfell-confluence,Food Stand,true,false,true,,,500,pokedollars,,,
syrupy-apple,violet,shop,vendor,mossfell-confluence,Food Stand,true,false,true,,,500,pokedollars,,,
tapunium-z,moon,story,,ruins-of-conflict,After catching or defeating Tapu Koko,false,false,true,,,,,,,
tapunium-z,sun,story,,ruins-of-conflict,After catching or defeating Tapu Koko,false,false,true,,,,,,,
tapunium-z,ultra-moon,story,,ruins-of-conflict,After catching or defeating any of the tapu,false,false,true,,,,,,,
tapunium-z,ultra-sun,story,,ruins-of-conflict,After catching or defeating any of the tapu,false,false,true,,,,,,,
tart-apple,scarlet,shop,specialty-shop,,Delibird Presents,true,false,true,,,2200,pokedollars,,After earning 3 Gym Badges,
tart-apple,shield,event,,,Wild Area News,false,false,true,,,,,,"March 19 to March 25, 2020",
tart-apple,sword,overworld,recurring,axews-eye,Hidden recurring item,true,true,false,,,,,,,
tart-apple,sword,overworld,visible,hammerlocke,,false,false,true,,,,,,,
tart-apple,violet,overworld,sparkling,tagtree-thicket,,true,false,false,,,,,,,
tasty-trash,legends-za,request,,,Side Mission 025: Trubblesome Patrons,false,false,true,,,,,,Obtained at the beginning of Side Mission 025: Trubblesome Patrons,
tatsugirinite,legends-za,npc-defeat,,,"Defeat and catch the Rogue Mega Tatsugiri in Hyperspace Mission 06: ""Hyperspace Lumiose Survey No. 3""",false,false,true,,,,,,,
tea,firered,npc-gift,,celadon-condominiums,"Manager's Suite, received from the Manager",false,false,true,,,,,,,
tea,leafgreen,npc-gift,,celadon-condominiums,"Manager's Suite, received from the Manager",false,false,true,,,,,,,
tea,lets-go-eevee,npc-gift,,celadon-city,Received from Brock in front of the Celadon Condominiums,false,false,true,,,,,,,
tea,lets-go-pikachu,npc-gift,,celadon-city,Received from Brock in front of the Celadon Condominiums,false,false,true,,,,,,,
teachy-tv,firered,npc-gift,,viridian-city,Gift from the old man who teaches how to catch Pokémon,false,false,true,,,,,,,
teachy-tv,leafgreen,npc-gift,,viridian-city,Gift from the old man who teaches how to catch Pokémon,false,false,true,,,,,,,
teal-mask,scarlet,dropped,,kitakami-hall,Dropped by Ogerpon on the first night of the Festival of Masks,false,false,true,,,,,,,
teal-mask,violet,dropped,,kitakami-hall,Dropped by Ogerpon on the first night of the Festival of Masks,false,false,true,,,,,,,
teal-style-card,scarlet,npc-gift,,mossui-town,From Carmine and Kieran's grandmother during the Festival of Masks,false,false,true,,,,,,During the Festival of Masks,
teal-style-card,violet,npc-gift,,mossui-town,From Carmine and Kieran's grandmother during the Festival of Masks,false,false,true,,,,,,During the Festival of Masks,
tectonic-slate,brilliant-diamond,exchange,,ramanas-park,Ramanas Park vendor,true,false,true,,,,,,"After catching Raikou, Entei, and Suicune",Costs 3 Mysterious Shards S or 1 Mysterious Shard L.
tectonic-slate,shining-pearl,exchange,,ramanas-park,Ramanas Park vendor,true,false,true,,,,,,"After catching Articuno, Zapdos, and Moltres",Costs 3 Mysterious Shards S or 1 Mysterious Shard L.
tempting-charm,legends-arceus,shop,vendor,jubilife-village,Folk Shrine (Charm Lady Lucille),true,false,true,,,,,,,
tera-orb,scarlet,npc-gift,,mesagoza,"Nemona, after defeating a Team Star Grunt harassing Penny",false,false,true,,,,,,,
tera-orb,violet,npc-gift,,mesagoza,"Nemona, after defeating a Team Star Grunt harassing Penny",false,false,true,,,,,,,
terrain-extender,moon,overworld,visible,resolution-cave,,false,false,true,,,,,,,
terrain-extender,scarlet,shop,specialty-shop,cascarrafa,Delibird Presents,true,false,true,,,15000,pokedollars,,After completing the main storyline,
terrain-extender,shield,exchange,,battle-tower-galar,,true,false,true,,,15,battle-points,,,
terrain-extender,sun,overworld,visible,resolution-cave,,false,false,true,,,,,,,
terrain-extender,sword,overworld,visible,galar-route-08,,false,false,true,,,,,,,
terrain-extender,ultra-sun,exchange,,battle-tree,,true,false,true,,,48,battle-points,,,
terrakion-treat,scarlet,npc-gift,,blueberry-academy-entrance,Snacksworth,false,false,true,,,,,,After completing one group Blueberry Quest,The Indigo Disk
terrakion-treat,violet,npc-gift,,blueberry-academy-entrance,Snacksworth,false,false,true,,,,,,After completing 10 solo Blueberry Quests,The Indigo Disk
thanks-mail,black,shop,poke-mart,,Shopping Mall Nine and most Poké Marts,true,false,true,,,50,pokedollars,,,"Unavailable in Nimbasa, Mistralton, Icirrus, and Pokémon League Poké Marts."
thanks-mail,black,starting-item,pc,,Mail from Bianca,false,false,true,,,,,,,
thanks-mail,black-2,shop,poke-mart,,Shopping Mall Nine and most Poké Marts,true,false,true,,,50,pokedollars,,,"Unavailable in Nimbasa, Mistralton, Lacunosa, Victory Road, Pokémon League, and Striaton Poké Marts."
thanks-mail,white,starting-item,pc,,Mail from Bianca,false,false,true,,,,,,,
thanks-mail,white,shop,poke-mart,,Shopping Mall Nine and most Poké Marts,true,false,true,,,50,pokedollars,,,"Unavailable in Nimbasa, Mistralton, Icirrus, and Pokémon League Poké Marts."
thanks-mail,white-2,shop,poke-mart,,Shopping Mall Nine and most Poké Marts,true,false,true,,,50,pokedollars,,,"Unavailable in Nimbasa, Mistralton, Lacunosa, Victory Road, Pokémon League, and Striaton Poké Marts."
thick-club,firered,wild-pokemon,,,Held by wild Cubone or Marowak,true,false,false,,5.0,,,,,
thick-club,gold,wild-pokemon,,,Held by wild Cubone or Marowak,true,false,false,,2.0,,,,,
thick-club,ultra-sun,wild-pokemon,,,Held by wild Cubone,true,false,false,,5.0,,,,,
throat-spray,scarlet,shop,specialty-shop,mesagoza,Delibird Presents (Mesagoza Branch),true,false,true,,,20000,pokedollars,,After earning 4 Gym Badges,
throat-spray,shield,overworld,visible,motostoke,,false,false,true,,,,,,,
throat-spray,shield,overworld,visible,snowslide-slope,,false,false,true,,,,,,The Crown Tundra,
throat-spray,shield,exchange,,battle-tower-galar,Battle Tower,true,false,true,,,10,battle-points,,,
throat-spray,sword,overworld,visible,motostoke,,false,false,true,,,,,,,
throat-spray,sword,exchange,,battle-tower-galar,Battle Tower,true,false,true,,,10,battle-points,,,
throat-spray,sword,overworld,visible,snowslide-slope,,false,false,true,,,,,,The Crown Tundra,
throat-spray,violet,shop,specialty-shop,mesagoza,Delibird Presents (Mesagoza Branch),true,false,true,,,20000,pokedollars,,After earning 4 Gym Badges,
tidal-bell,alpha-sapphire,exchange,,slateport-city,From Captain Stern in exchange for the Scanner,false,false,true,,,,,,Exchange the Scanner,
tidal-bell,soulsilver,trainer-reward,trainer,ecruteak-city,Reward for defeating the Kimono Girls,false,false,true,,,,,,,
time-balm,legends-arceus,story,,temple-of-sinnoh,"During Mission 18: The Counterpart, and post-game rematches if Irida was chosen during Mission 13: Disaster Looming",true,false,true,,,,,,Choose Irida during Mission 13: Disaster Looming,
timid-mint,brilliant-diamond,exchange,,,Battle Park,true,false,true,,,50,battle-points,,,
timid-mint,legends-arceus,harvest,,jubilife-village-farm,Mint harvest,true,false,false,,,,,,,
timid-mint,scarlet,overworld,visible,area-zero,West Province (Area One),false,false,true,,,,,,,
timid-mint,shield,overworld,recurring,soothing-wetlands,,true,true,true,,,,,,The Isle of Armor,
timid-mint,shield,overworld,recurring,giants-bed,,true,true,true,,,,,,The Crown Tundra,
timid-mint,shield,exchange,,,Battle Tower,true,false,true,,,50,battle-points,,,
timid-mint,shining-pearl,exchange,,,Battle Park,true,false,true,,,50,battle-points,,,
timid-mint,sword,exchange,,,Battle Tower,true,false,true,,,50,battle-points,,,
timid-mint,sword,overworld,recurring,soothing-wetlands,,true,true,true,,,,,,The Isle of Armor,
timid-mint,sword,overworld,recurring,giants-bed,,true,true,true,,,,,,The Crown Tundra,
timid-mint,violet,overworld,visible,area-zero,West Province (Area One),false,false,true,,,,,,,
tin-of-beans,shield,shop,vendor,rolling-fields,Ingredients Seller,true,false,true,,,,,,,
tin-of-beans,shield,npc-gift,,,Possible gift after cooking curry,true,false,false,,,,,,,
tin-of-beans,shield,npc-gift,,,Gift from other players,true,false,false,,,,,,,
tin-of-beans,shield,shop,vendor,freezington,Freezington Peddler,true,false,true,,,,,,The Crown Tundra,
tin-of-beans,sword,npc-gift,,,Gift from other players,true,false,false,,,,,,,
tin-of-beans,sword,shop,vendor,rolling-fields,Ingredients Seller,true,false,true,,,,,,,
tin-of-beans,sword,shop,vendor,freezington,Freezington Peddler,true,false,true,,,,,,The Crown Tundra,
tin-of-beans,sword,npc-gift,,,Possible gift after cooking curry,true,false,false,,,,,,,
tiny-bamboo-shoot,scarlet,overworld,sparkling,north-province-area-two,,true,false,true,,,,,,,
tiny-bamboo-shoot,scarlet,item-printer,,,,true,false,false,,,,,,Available in The Indigo Disk.,
tiny-bamboo-shoot,violet,item-printer,,,,true,false,false,,,,,,Available in The Indigo Disk.,
tiny-bamboo-shoot,violet,overworld,sparkling,north-province-area-two,,true,false,true,,,,,,,
tm-case,firered,story,,,Automatically obtained when the player obtains their first TM,false,false,true,,,,,,After obtaining the first TM,Earliest without trading is Pewter Gym
tm-case,leafgreen,story,,,Automatically obtained when the player obtains their first TM,false,false,true,,,,,,After obtaining the first TM,Earliest without trading is Pewter Gym
tm00,shield,shop,poke-mart,hammerlocke,East Pokémon Center,true,false,true,,,10000,pokedollars,,,
tm00,sword,shop,poke-mart,hammerlocke,East Pokémon Center,true,false,true,,,10000,pokedollars,,,
tm001,red,shop,department-store,celadon-city,Celadon Department Store,true,false,true,,,3000,pokedollars,,,
tm001,red,overworld,visible,mt-moon,,false,false,true,,,,,,,
tm002,red,shop,department-store,celadon-city,Celadon Department Store,true,false,true,,,2000,pokedollars,,,
tm003,red,story,,silph-co,,false,false,true,,,,,,,
tm004,gold,overworld,visible,route-35-johto,,false,false,true,,,,,,,
tm004,red,overworld,visible,route-04-kanto,,false,false,true,,,,,,,
tm004,ruby,trainer-reward,gym-leader,,Defeat Tate and Liza,false,false,true,,,,,,,
tm005,red,shop,department-store,celadon-city,Celadon Department Store,true,false,true,,,3000,pokedollars,,,
tm006,red,trainer-reward,gym-leader,,Defeat Koga,false,false,true,,,,,soul-badge,,
tm008,blue,overworld,,ss-anne,,false,false,true,,,,,,,
tm008,crystal,shop,department-store,goldenrod-city,Goldenrod Department Store,true,false,true,,,1000,pokedollars,,,
tm008,gold,shop,department-store,goldenrod-city,Goldenrod Department Store,true,false,true,,,1000,pokedollars,,,
tm008,red,overworld,,ss-anne,,false,false,true,,,,,,,
tm008,silver,shop,department-store,goldenrod-city,Goldenrod Department Store,true,false,true,,,1000,pokedollars,,,
tm008,yellow,overworld,,ss-anne,,false,false,true,,,,,,,
tm009,blue,shop,department-store,celadon-city,Celadon Department Store,true,false,true,,,3000,pokedollars,,,
tm009,red,shop,department-store,celadon-city,Celadon Department Store,true,false,true,,,3000,pokedollars,,,
tm009,yellow,shop,department-store,celadon-city,Celadon Department Store,true,false,true,,,3000,pokedollars,,,
tm010,red,overworld,visible,team-rocket-hideout,,false,false,true,,,,,,,
tm011,red,trainer-reward,gym-leader,cerulean-city,Prize for defeating Misty,false,false,true,,,,,,,
tm012,blue,overworld,visible,mt-moon,,false,false,true,,,,,,,
tm012,red,overworld,visible,mt-moon,,false,false,true,,,,,,,
tm012,yellow,overworld,visible,mt-moon,,false,false,true,,,,,,,
tm014,red,overworld,visible,pokemon-mansion-kanto,,false,false,true,,,,,,,
tm015,red,shop,game-corner,celadon-game-corner,,true,false,true,,,5500,coins,,,
tm016,gold,trainer-reward,gym-leader,mahogany-town-gym,Defeat Pryce,false,false,true,,,,,glacier-badge,,
tm016,red,overworld,visible,route-12-kanto,,false,false,true,,,,,,,
tm018,crystal,overworld,visible,slowpoke-well,,false,false,true,,,,,,,
tm018,gold,shop,department-store,celadon-city,Celadon Department Store,true,false,true,,,2000,pokedollars,,,
tm018,red,shop,department-store,celadon-city,Celadon Department Store,true,false,true,,,,,,,
tm018,silver,shop,department-store,celadon-city,Celadon Department Store,true,false,true,,,2000,pokedollars,,,
tm019,black,overworld,visible,unova-route-18,,false,false,true,,,,,,,
tm019,gold,trainer-reward,gym-leader,,Erika,false,false,true,,,,,,,
tm019,red,overworld,visible,route-25-kanto,,false,false,true,,,,,,,
tm019,ruby,overworld,visible,hoenn-route-123,,false,false,true,,,,,,,
tm019,shield,shop,poke-mart,motostoke,Upper Pokémon Center,true,false,true,,,10000,pokedollars,,,
tm019,sun,shop,poke-mart,malie-city,,true,false,true,,,10000,pokedollars,,,
tm019,x,overworld,visible,kalos-route-08,,false,false,true,,,,,,,
tm020,blue,overworld,visible,route-15-kanto,,false,false,true,,,,,,,
tm020,red,overworld,visible,route-15-kanto,,false,false,true,,,,,,,
tm020,yellow,overworld,visible,route-15-kanto,,false,false,true,,,,,,,
tm021,gold,shop,department-store,goldenrod-city,Goldenrod Department Store (Sunday),true,false,true,,,,,,Available on Sunday,
tm021,red,trainer-reward,gym-leader,celadon-city,Defeat Erika,false,false,true,,,,,rainbow-badge,,
tm021,scarlet,trainer-reward,gym-leader,,Defeat Katy,false,false,true,,,,,,,Also craftable via TM Machine with materials.
tm022,blue,overworld,visible,pokemon-mansion-kanto,,false,false,true,,,,,,,
tm022,red,overworld,visible,pokemon-mansion-kanto,,false,false,true,,,,,,,
tm022,yellow,overworld,visible,pokemon-mansion-kanto,,false,false,true,,,,,,,
tm023,red,exchange,coins,celadon-game-corner,,true,false,true,,,3300,coins,,,
tm024,gold,trainer-reward,gym-leader,blackthorn-city,Prize for defeating Clair,false,false,true,,,,,rising-badge,,
tm024,red,trainer-reward,gym-leader,vermilion-city,Prize for defeating Lt. Surge,false,false,true,,,,,thunder-badge,,
tm025,red,overworld,visible,power-plant,,false,false,true,,,,,,,
tm026,gold,overworld,visible,victory-road-kanto,,false,false,true,,,,,,,
tm026,red,overworld,visible,silph-co,,false,false,true,,,,,,,
tm027,red,trainer-reward,gym-leader,,Defeat Giovanni,false,false,true,,,,,,,
tm028,firered,shop,department-store,celadon-city,Celadon Department Store,true,false,true,,,2000,pokedollars,,,
tm028,red,overworld,visible,cerulean-city,,false,false,true,,,,,,,
tm029,gold,exchange,coins,celadon-city,Game Corner,true,false,true,,,3500,coins,,,
tm029,red,shop,poke-mart,saffron-city,,true,false,true,,,,,,,
tm030,gold,trainer-reward,gym-leader,ecruteak-city,Defeat Morty,false,false,true,,,,,,,
tm030,red,overworld,visible,route-09-kanto,,false,false,true,,,,,,,
tm031,gold,trainer-reward,gym-leader,,Defeat Falkner,false,false,true,,,,,zephyr-badge,,
tm031,red,overworld,visible,saffron-city,,false,false,true,,,,,,,
tm032,diamond,exchange,coins,veilstone-city,Veilstone Game Corner,true,false,true,,,4000,coins,,,
tm032,gold,exchange,coins,celadon-city,Celadon Game Corner,true,false,true,,,1500,coins,,,
tm032,red,shop,department-store,celadon-city,Celadon Department Store,true,false,true,,,1000,pokedollars,,,
tm032,ruby,exchange,coins,mauville-city,Mauville Game Corner,true,false,true,,,1500,coins,,,
tm032,scarlet,crafting,tm-machine,,TM Machine,true,false,true,,,200,league-points,,,Requires Fletchling Feather x3
tm032,sun,shop,vendor,konikoni-city,TM Shop,true,false,true,,,10000,pokedollars,,,
tm032,sword,shop,poke-mart,hammerlocke,West Pokémon Center,true,false,true,,,10000,pokedollars,,,
tm034,red,trainer-reward,gym-leader,pewter-city,Prize for defeating Brock,false,false,true,,,,,boulder-badge,,
tm035,red,overworld,visible,cinnabar-lab,,false,false,true,,,,,,,
tm036,red,overworld,visible,silph-co,,false,false,true,,,,,,,
tm038,blue,trainer-reward,gym-leader,,Defeat Blaine,false,false,true,,,,,,,
tm038,red,trainer-reward,gym-leader,,Defeat Blaine,false,false,true,,,,,,,
tm038,yellow,trainer-reward,gym-leader,,Defeat Blaine,false,false,true,,,,,,,
tm039,blue,overworld,visible,route-12-kanto,,false,false,true,,,,,,,
tm039,red,overworld,visible,route-12-kanto,,false,false,true,,,,,,,
tm039,yellow,overworld,visible,route-12-kanto,,false,false,true,,,,,,,
tm040,red,overworld,visible,safari-zone-kanto,,false,false,true,,,,,,,
tm041,yellow,shop,department-store,celadon-city,Celadon Department Store,false,false,true,,,,,,,
tm042,blue,shop,poke-mart,viridian-city,,true,false,true,,,,,,,
tm042,red,shop,poke-mart,viridian-city,,true,false,true,,,,,,,
tm042,yellow,shop,poke-mart,viridian-city,,true,false,true,,,,,,,
tm043,blue,overworld,visible,victory-road-kanto,,false,false,true,,,,,,,
tm043,red,overworld,visible,victory-road-kanto,,false,false,true,,,,,,,
tm043,yellow,overworld,visible,victory-road-kanto,,false,false,true,,,,,,,
tm044,blue,story,,ss-anne,,false,false,true,,,,,,,
tm044,red,story,,ss-anne,,false,false,true,,,,,,,
tm044,yellow,story,,ss-anne,,false,false,true,,,,,,,
tm045,red,overworld,visible,route-24-kanto,,false,false,true,,,,,,,
tm046,red,trainer-reward,gym-leader,saffron-city,Defeat Sabrina,false,false,true,,,,,,,
tm047,red,overworld,visible,victory-road-kanto,,false,false,true,,,,,,,
tm048,red,shop,department-store,celadon-city,Celadon Department Store,true,false,true,,,,,,,
tm049,red,shop,department-store,celadon-city,Celadon Department Store,true,false,true,,,,,,,
tm050,gold,overworld,visible,route-31-johto,,false,false,true,,,,,,,
tm050,red,shop,vendor,celadon-game-corner,,true,false,true,,,7700,coins,,,
tm051,diamond,overworld,visible,route-210-sinnoh,,false,false,true,,,,,,,
tm051,heartgold,trainer-reward,gym-leader,violet-city-gym,Defeat Falkner,false,false,true,,,,,,,
tm052,diamond,shop,department-store,veilstone-city,Veilstone Department Store,true,false,true,,,5500,pokedollars,,,
tm053,black,overworld,visible,unova-route-12,,false,false,true,,,,,,,
tm053,black-2,overworld,visible,aspertia-city,,false,false,true,,,,,,,
tm053,diamond,exchange,,route-226-sinnoh,Battle Tower,true,false,true,,,64,battle-points,,,
tm053,heartgold,exchange,,battle-frontier-johto,,true,false,true,,,64,battle-points,,,
tm053,platinum,exchange,,route-226-sinnoh,Battle Frontier,true,false,true,,,64,battle-points,,,
tm054,diamond,shop,department-store,veilstone-city,Veilstone Department Store,true,false,true,,,2000,pokedollars,,,
tm054,pearl,shop,department-store,veilstone-city,Veilstone Department Store,true,false,true,,,2000,pokedollars,,,
tm055,diamond,trainer-reward,gym-leader,,Prize for defeating Crasher Wake,false,false,true,,,,,,,
tm055,heartgold,shop,department-store,celadon-city,Celadon Department Store,true,false,true,,,3000,pokedollars,,,
tm056,diamond,overworld,visible,route-222-sinnoh,,false,false,true,,,,,,,
tm056,pearl,overworld,visible,route-222-sinnoh,,false,false,true,,,,,,,
tm056,platinum,overworld,visible,route-222-sinnoh,,false,false,true,,,,,,,
tm057,diamond,trainer-reward,gym-leader,,Prize for defeating Volkner,false,false,true,,,,,,,
tm057,heartgold,lottery,,goldenrod-city,Goldenrod Department Store lottery,true,false,false,,,,,,,
tm057,pearl,trainer-reward,gym-leader,,Prize for defeating Volkner,false,false,true,,,,,,,
tm057,platinum,trainer-reward,gym-leader,,Prize for defeating Volkner,false,false,true,,,,,,,
tm057,soulsilver,overworld,visible,power-plant,,false,false,true,,,,,,,
tm058,diamond,exchange,coins,veilstone-city,Game Corner,true,false,true,1,,2000,coins,,,
tm058,pearl,exchange,coins,veilstone-city,Game Corner,true,false,true,1,,2000,coins,,,
tm058,platinum,exchange,coins,veilstone-city,Game Corner,true,false,true,1,,2000,coins,,,
tm060,diamond,trainer-reward,gym-leader,,Prize for defeating Maylene,false,false,true,,,,,,,
tm061,black,overworld,visible,celestial-tower,,false,false,true,,,,,,,
tm061,diamond,exchange,,battle-tower-sinnoh,,true,false,true,,,32,battle-points,,,
tm061,platinum,exchange,,battle-frontier-sinnoh,,true,false,true,,,32,battle-points,,,
tm062,black,trainer-reward,gym-leader,,Defeat Skyla,false,false,true,,,,,,,
tm062,diamond,overworld,visible,route-212-sinnoh,,false,false,true,,,,,,,
tm062,heartgold,lottery,,route-06-kanto,Goldenrod Department Store lottery,true,false,false,,,,,,,
tm062,platinum,overworld,visible,route-212-sinnoh,,false,false,true,,,,,,,
tm062,sword,shop,poke-mart,wyndon,,true,false,true,,,30000,pokedollars,,,
tm062,x,overworld,visible,coumarine-city,,false,false,true,,,,,,,
tm063,diamond,overworld,visible,veilstone-city,,false,false,true,,,,,,,
tm063,heartgold,overworld,visible,route-34-johto,,false,false,true,,,,,,,
tm064,diamond,shop,game-corner,veilstone-city,Veilstone Game Corner,true,false,true,,,,,,,
tm065,black,overworld,visible,celestial-tower,,false,false,true,,,,,,,
tm065,diamond,trainer-reward,gym-leader,,Prize for defeating Fantina,false,false,true,,,,,,,
tm065,heartgold,lottery,,goldenrod-city,Goldenrod Department Store lottery,true,false,false,,,,,,,
tm065,pearl,trainer-reward,gym-leader,,Prize for defeating Fantina,false,false,true,,,,,,,
tm065,platinum,trainer-reward,gym-leader,,Prize for defeating Fantina,false,false,true,,,,,,,
tm065,soulsilver,lottery,,goldenrod-city,Goldenrod Department Store lottery,true,false,false,,,,,,,
tm065,white,overworld,visible,celestial-tower,,false,false,true,,,,,,,
tm066,diamond,overworld,visible,route-215-sinnoh,,false,false,true,,,,,,,
tm066,pearl,overworld,visible,route-215-sinnoh,,false,false,true,,,,,,,
tm066,platinum,overworld,visible,route-215-sinnoh,,false,false,true,,,,,,,
tm067,black,trainer-reward,gym-leader,nacrene-city,Defeat Lenora,false,false,true,,,,,,,
tm067,diamond,overworld,visible,eterna-city,Eterna Condominiums,false,false,true,,,,,,,
tm067,pearl,overworld,visible,eterna-city,Eterna Condominiums,false,false,true,,,,,,,
tm067,platinum,overworld,visible,eterna-city,Eterna Condominiums,false,false,true,,,,,,,
tm067,white,trainer-reward,gym-leader,nacrene-city,Defeat Lenora,false,false,true,,,,,,,
tm068,diamond,shop,game-corner,veilstone-city,Veilstone Game Corner,true,false,true,,,20000,coins,,,
tm069,diamond,overworld,visible,mount-coronet,,false,false,true,,,,,,,
tm069,heartgold,overworld,visible,route-10-kanto,,false,false,true,,,,,,,
tm069,pearl,overworld,visible,mount-coronet,,false,false,true,,,,,,,
tm069,platinum,overworld,visible,mount-coronet,,false,false,true,,,,,,,
tm069,soulsilver,overworld,visible,route-10-kanto,,false,false,true,,,,,,,
tm070,diamond,shop,department-store,veilstone-city,Veilstone Department Store,true,false,true,,,1000,pokedollars,,,Also found in Oreburgh Gate
tm071,diamond,exchange,,battle-tower-sinnoh,,true,false,true,,,80,battle-points,,,
tm072,diamond,trainer-reward,gym-leader,,Prize for defeating Candice,false,false,true,,,,,icicle-badge,,
tm073,diamond,exchange,,battle-tower-sinnoh,,true,false,true,,,32,battle-points,,,
tm074,diamond,exchange,coins,veilstone-city,Game Corner,true,false,true,,,15000,coins,,,
tm074,heartgold,exchange,coins,celadon-city,Game Corner,true,false,true,,,10000,coins,,,
tm074,pearl,exchange,coins,veilstone-city,Game Corner,true,false,true,,,15000,coins,,,
tm074,platinum,exchange,coins,veilstone-city,Game Corner,true,false,true,,,15000,coins,,,
tm074,soulsilver,exchange,coins,celadon-city,Game Corner,true,false,true,,,10000,coins,,,
tm075,diamond,shop,vendor,veilstone-city,Veilstone Game Corner,true,false,true,,,4000,coins,,,
tm076,diamond,trainer-reward,gym-leader,,Prize for defeating Roark,false,false,true,,,,,coal-badge,,
tm076,pearl,trainer-reward,gym-leader,,Prize for defeating Roark,false,false,true,,,,,coal-badge,,
tm076,platinum,trainer-reward,gym-leader,,Prize for defeating Roark,false,false,true,,,,,coal-badge,,
tm077,black,exchange,,battle-subway,,true,false,true,,,48,battle-points,,,
tm077,black-2,exchange,,battle-subway,Pokémon World Tournament,true,false,true,,,24,battle-points,,,
tm077,diamond,overworld,visible,route-211-sinnoh,,false,false,true,,,,,,,
tm077,heartgold,overworld,visible,viridian-forest,,false,false,true,,,,,,,
tm077,shield,trainer-reward,gym-leader,ballonlea,Defeat Allister,false,false,true,,,,,,,
tm077,sword,shop,vendor,ballonlea,,true,false,true,,,,,,,
tm078,black,trainer-reward,gym-leader,driftveil-city,Defeat Clay,false,false,true,,,,,,,
tm078,diamond,overworld,visible,route-204-sinnoh,,false,false,true,,,,,,,
tm078,heartgold,shop,department-store,celadon-city,Celadon Department Store,true,false,true,,,1500,pokedollars,,,
tm079,diamond,overworld,visible,victory-road-sinnoh,,false,false,true,,,,,,,
tm079,pearl,overworld,visible,victory-road-sinnoh,,false,false,true,,,,,,,
tm080,diamond,overworld,visible,mount-coronet,,false,false,true,,,,,,,
tm080,heartgold,trainer-reward,gym-leader,pewter-city,Defeat Brock,false,false,true,,,,,,,
tm081,diamond,overworld,visible,route-221-sinnoh,,false,false,true,,,,,,,
tm081,platinum,shop,specialty-shop,battle-frontier-sinnoh,,true,false,true,,,64,battle-points,,,
tm082,black,trainer-reward,gym-leader,opelucid-city,Defeat Drayden,false,false,true,,,,,,,
tm082,diamond,overworld,visible,eterna-forest,,false,false,true,,,,,,,
tm082,heartgold,overworld,visible,goldenrod-tunnel,Warehouse,false,false,true,,,,,,,
tm082,pearl,overworld,visible,eterna-forest,,false,false,true,,,,,,,
tm082,platinum,overworld,visible,eterna-forest,,false,false,true,,,,,,,
tm082,soulsilver,overworld,visible,goldenrod-tunnel,Warehouse,false,false,true,,,,,,,
tm082,white,trainer-reward,gym-leader,opelucid-city,Defeat Iris,false,false,true,,,,,,,
tm083,alpha-sapphire,overworld,visible,sootopolis-city,,false,false,true,,,,,,,
tm083,black,trainer-reward,gym-leader,,"Defeat Cilan, Chili, or Cress",false,false,true,,,,,,,
tm083,black-2,trainer-reward,gym-leader,,Defeat Cheren,false,false,true,,,,,,,
tm083,brilliant-diamond,shop,department-store,veilstone-city,Veilstone Department Store,true,false,true,,,3000,pokedollars,,,
tm083,diamond,shop,department-store,veilstone-city,Veilstone Department Store,true,false,true,,,2000,pokedollars,,,
tm083,heartgold,shop,department-store,goldenrod-city,Goldenrod Department Store / Moomoo Farm,true,false,true,,,2000,pokedollars,,,
tm083,legends-za,achievement,,,Research level reward,false,false,true,,,,,,Attain research level 38,
tm083,moon,overworld,visible,alola-route-03,,false,false,true,,,,,,,
tm083,omega-ruby,overworld,visible,sootopolis-city,,false,false,true,,,,,,,
tm083,pearl,shop,department-store,veilstone-city,Veilstone Department Store,true,false,true,,,2000,pokedollars,,,
tm083,platinum,shop,department-store,veilstone-city,Veilstone Department Store,true,false,true,,,2000,pokedollars,,,
tm083,scarlet,crafting,recipe,,TM Machine,true,false,true,,,5000,league-points,,,"Requires Shroodle Ink x3, Seviper Fang x3, Mareanie Spike x3"
tm083,shield,shop,specialty-shop,battle-tower-galar,Battle Tower,true,false,true,,,100000,pokedollars,,,
tm083,shining-pearl,shop,department-store,veilstone-city,Veilstone Department Store,true,false,true,,,3000,pokedollars,,,
tm083,soulsilver,shop,department-store,goldenrod-city,Goldenrod Department Store / Moomoo Farm,true,false,true,,,2000,pokedollars,,,
tm083,sun,overworld,visible,alola-route-03,,false,false,true,,,,,,,
tm083,sword,shop,specialty-shop,battle-tower-galar,Battle Tower,true,false,true,,,100000,pokedollars,,,
tm083,ultra-moon,overworld,visible,alola-route-03,,false,false,true,,,,,,,
tm083,ultra-sun,overworld,visible,alola-route-03,,false,false,true,,,,,,,
tm083,violet,crafting,recipe,,TM Machine,true,false,true,,,5000,league-points,,,"Requires Shroodle Ink x3, Seviper Fang x3, Mareanie Spike x3"
tm083,white,trainer-reward,gym-leader,,"Defeat Cilan, Chili, or Cress",false,false,true,,,,,,,
tm083,white-2,trainer-reward,gym-leader,,Defeat Cheren,false,false,true,,,,,,,
tm083,x,trainer-reward,gym-leader,,Defeat Viola,false,false,true,,,,,,,
tm083,y,trainer-reward,gym-leader,,Defeat Viola,false,false,true,,,,,,,
tm084,black,overworld,visible,unova-route-06,,false,false,true,,,,,,,
tm084,black-2,overworld,visible,moor-of-icirrus,,false,false,true,,,,,,,
tm084,diamond,overworld,visible,route-212-sinnoh,,false,false,true,,,,,,,
tm084,heartgold,trainer-reward,gym-leader,,Defeat Janine,false,false,true,,,,,,,
tm084,x,shop,poke-mart,shalour-city,Poké Mart,true,false,true,,,10000,pokedollars,,,
tm085,diamond,overworld,visible,valor-lakefront,,false,false,true,,,,,,,
tm085,heartgold,overworld,visible,viridian-city,,false,false,true,,,,,,,
tm085,pearl,overworld,visible,valor-lakefront,,false,false,true,,,,,,,
tm085,platinum,overworld,visible,valor-lakefront,,false,false,true,,,,,,,
tm085,shield,trainer-reward,gym-leader,,Prize for defeating Piers,false,false,true,,,,,,After defeating Piers,
tm085,soulsilver,overworld,visible,viridian-city,,false,false,true,,,,,,,
tm085,sword,trainer-reward,gym-leader,,Prize for defeating Piers,false,false,true,,,,,,After defeating Piers,
tm086,diamond,trainer-reward,gym-leader,,Defeat Gardenia,false,false,true,,,,,forest-badge,,
tm086,heartgold,pickup,,route-11-kanto,,true,false,false,,,,,,,
tm086,pearl,trainer-reward,gym-leader,,Defeat Gardenia,false,false,true,,,,,forest-badge,,
tm086,platinum,trainer-reward,gym-leader,,Defeat Gardenia,false,false,true,,,,,forest-badge,,
tm086,soulsilver,pickup,,route-11-kanto,,true,false,false,,,,,,,
tm087,diamond,overworld,visible,pokemon-mansion-sinnoh,,false,false,true,,,,,,,
tm087,heartgold,shop,department-store,celadon-city,Celadon Department Store,true,false,true,,,1500,pokedollars,,,
tm087,scarlet,crafting,recipe,,TM Machine,true,false,true,,,3000,league-points,,,"Requires Meowth Fur ×3, Sableye Gem ×3, Sneasel Claw ×3"
tm087,sword,trainer-reward,gym-leader,,Prize for defeating Opal,false,false,true,,,,,,,
tm089,diamond,shop,game-corner,veilstone-city,Veilstone Game Corner,true,false,true,,,6000,coins,,,
tm090,diamond,exchange,coins,veilstone-game-corner,,true,false,true,,,2000,coins,,,
tm091,black,overworld,visible,twist-mountain,,false,false,true,,,,,,,
tm091,diamond,trainer-reward,gym-leader,,Prize for defeating Byron,false,false,true,,,,,,,
tm091,heartgold,lottery,,goldenrod-city,Goldenrod Department Store lottery,true,false,false,,,,,,,Tuesdays only
tm091,platinum,trainer-reward,gym-leader,,Prize for defeating Byron,false,false,true,,,,,,,
tm091,sword,shop,poke-mart,hammerlocke,East Pokémon Center,true,false,true,,,20000,pokedollars,,,
tm092,diamond,overworld,visible,hotel-grand-lake,,false,false,true,,,,,,,
tm092,pearl,overworld,visible,hotel-grand-lake,,false,false,true,,,,,,,
tm092,platinum,overworld,visible,hotel-grand-lake,,false,false,true,,,,,,,
tm093,black,overworld,visible,victory-road-unova-bw,,false,false,true,,,,,,,
tm093,scarlet,crafting,recipe,,TM Machine,true,false,true,,,8000,league-points,,,"Requires Varoom Fume x3, Klefki Key x3, Tinkatink Hair x3."
tm093,sword,overworld,visible,wyndon,,false,false,true,,,,,,,
tm093,x,shop,poke-mart,kiloude-city,Poké Mart,true,false,true,,,50000,pokedollars,,,
tm094,black,overworld,visible,pinwheel-forest,,false,false,true,,,,,,,
tm094,black-2,overworld,visible,virbank-complex,,false,false,true,,,,,,,
tm094,white,overworld,visible,pinwheel-forest,,false,false,true,,,,,,,
tm094,white-2,overworld,visible,virbank-complex,,false,false,true,,,,,,,
tm094,x,overworld,visible,ambrette-town,,false,false,true,,,,,,,
tm094,y,overworld,visible,ambrette-town,,false,false,true,,,,,,,
tm095,black,story,,castelia-city,Unobtainable without Lock Capsule,false,false,false,,,,,,Requires Lock Capsule transfer,Event-exclusive and unobtainable
tm095,black-2,npc-defeat,,lostlorn-forest,Zoroark disguised as Backpacker,false,false,true,,,,,,,
tm095,omega-ruby,overworld,visible,mirage-cave,North of Fallarbor Town,false,false,true,,,,,,,
tm095,x,overworld,visible,lost-hotel,,false,false,true,,,,,,,
tm096,alpha-sapphire,overworld,visible,fiery-path,,false,false,true,,,,,,,
tm096,legends-za,achievement,,,,false,false,true,,,,,,Reward for attaining research level 40,
tm096,moon,overworld,visible,alola-route-05,,false,false,true,,,,,,,
tm096,omega-ruby,overworld,visible,fiery-path,,false,false,true,,,,,,,
tm096,shield,overworld,visible,galar-route-08,,false,false,true,,,,,,,
tm096,sun,overworld,visible,alola-route-05,,false,false,true,,,,,,,
tm096,sword,overworld,visible,galar-route-08,,false,false,true,,,,,,,
tm096,ultra-moon,overworld,visible,alola-route-05,,false,false,true,,,,,,,
tm096,ultra-sun,overworld,visible,alola-route-05,,false,false,true,,,,,,,
tm096,x,overworld,visible,ambrette-town,,false,false,true,,,,,,,
tm096,y,overworld,visible,ambrette-town,,false,false,true,,,,,,,
tm097,alpha-sapphire,overworld,visible,team-aqua-hideout,,false,false,true,,,,,,,
tm097,legends-za,achievement,,,Reward for attaining research level 31,false,false,true,,,,,,,
tm097,moon,overworld,visible,poni-coast,,false,false,true,,,,,,,
tm097,omega-ruby,overworld,visible,team-magma-hideout,,false,false,true,,,,,,,
tm097,shield,overworld,visible,turffield,,false,false,true,,,,,,,
tm097,sun,overworld,visible,poni-coast,,false,false,true,,,,,,,
tm097,sword,overworld,visible,turffield,,false,false,true,,,,,,,
tm097,ultra-moon,overworld,visible,poni-coast,,false,false,true,,,,,,,
tm097,ultra-sun,overworld,visible,poni-coast,,false,false,true,,,,,,,
tm097,x,overworld,visible,kalos-route-15,,false,false,true,,,,,,,
tm097,y,overworld,visible,kalos-route-15,,false,false,true,,,,,,,
tm098,alpha-sapphire,shop,poke-mart,mauville-city,Mauville City Poké Mart,true,false,true,,,10000,pokedollars,,,
tm098,brilliant-diamond,exchange,,battle-tower-sinnoh,,true,false,true,,,40,battle-points,,,
tm098,moon,overworld,visible,poni-breaker-coast,,false,false,true,,,,,,,
tm098,omega-ruby,shop,poke-mart,mauville-city,Mauville City Poké Mart,true,false,true,,,10000,pokedollars,,,
tm098,scarlet,crafting,item-printer,,TM Machine,true,false,true,,,3000,league-points,,,Requires Girafarig Fur ×3 and Flittle Down ×3.
tm098,shield,overworld,visible,galar-route-10,,false,false,true,,,,,,,
tm098,shining-pearl,exchange,,battle-tower-sinnoh,,true,false,true,,,40,battle-points,,,
tm098,sun,overworld,visible,poni-breaker-coast,,false,false,true,,,,,,,
tm098,sword,overworld,visible,galar-route-10,,false,false,true,,,,,,,
tm098,ultra-moon,overworld,visible,poni-breaker-coast,,false,false,true,,,,,,,
tm098,ultra-sun,overworld,visible,poni-breaker-coast,,false,false,true,,,,,,,
tm098,violet,crafting,item-printer,,TM Machine,true,false,true,,,3000,league-points,,,Requires Girafarig Fur ×3 and Flittle Down ×3.
tm098,x,npc-defeat,trainer,,Defeating Korrina,false,false,true,,,,,,,
tm098,y,npc-defeat,trainer,,Defeating Korrina,false,false,true,,,,,,,
tm099,alpha-sapphire,overworld,visible,hoenn-route-123,,false,false,true,,,,,,,
tm099,legends-za,request,,jaune-sector-7,Side Mission 079 reward,false,false,true,,,,,,Complete Side Mission 079,
tm099,moon,overworld,visible,vast-poni-canyon,,false,false,true,,,,,,,
tm099,omega-ruby,overworld,visible,hoenn-route-123,,false,false,true,,,,,,,
tm099,shield,trainer-reward,gym-leader,,Defeat Raihan,false,false,true,,,,,,,
tm099,sun,overworld,visible,vast-poni-canyon,,false,false,true,,,,,,,
tm099,sword,trainer-reward,gym-leader,,Defeat Raihan,false,false,true,,,,,,,
tm099,ultra-moon,overworld,visible,vast-poni-canyon,,false,false,true,,,,,,,
tm099,ultra-sun,overworld,visible,vast-poni-canyon,,false,false,true,,,,,,,
tm099,x,trainer-reward,gym-leader,,Defeat Valerie,false,false,true,,,,,,,
tm099,y,trainer-reward,gym-leader,,Defeat Valerie,false,false,true,,,,,,,
tm100,alpha-sapphire,shop,poke-mart,slateport-city,,true,false,true,,,5000,pokedollars,,,
tm100,omega-ruby,shop,poke-mart,slateport-city,,true,false,true,,,5000,pokedollars,,,
tm100,x,overworld,visible,coumarine-city,,false,false,true,,,,,,,
tm100,y,overworld,visible,coumarine-city,,false,false,true,,,,,,,
tm102,legends-za,achievement,,,Reward for attaining research level 44,false,false,true,,,,,,After attaining research level 44,
tm102,scarlet,trainer-reward,trainer,,"Prize for defeating Atticus, TM Machine",false,false,true,,,,,,,
tm102,violet,trainer-reward,trainer,,"Prize for defeating Atticus, TM Machine",false,false,true,,,,,,,
tm103,scarlet,shop,specialty-shop,blueberry-academy,Blueberry Academy Store,true,false,true,1,,25,battle-points,,Only in The Indigo Disk,
tm103,scarlet,crafting,recipe,,TM Machine,true,false,true,1,,5000,league-points,,,"Requires Mimikyu Scrap x3, Azurill Fur x3, Falinks Sweat x3"
tm103,violet,shop,specialty-shop,blueberry-academy,Blueberry Academy Store,true,false,true,1,,25,battle-points,,Only in The Indigo Disk,
tm103,violet,crafting,recipe,,TM Machine,true,false,true,1,,5000,league-points,,,"Requires Mimikyu Scrap x3, Azurill Fur x3, Falinks Sweat x3"
tm104,legends-za,npc-defeat,,,Grisham,false,false,true,,,,,,,Prize for defeating Grisham
tm104,scarlet,crafting,recipe,,TM Machine,true,false,true,,,1500,league-points,,,Requires Bronzor Fragment ×3 and Pineco Husk ×3
tm104,scarlet,exchange,,blueberry-academy,Blueberry Academy Store,true,false,true,,,10,battle-points,,Only in The Indigo Disk,
tm104,violet,crafting,recipe,,TM Machine,true,false,true,,,1500,league-points,,,Requires Bronzor Fragment ×3 and Pineco Husk ×3
tm104,violet,exchange,,blueberry-academy,Blueberry Academy Store,true,false,true,,,10,battle-points,,Only in The Indigo Disk,
tm105,legends-za,achievement,,,,false,false,true,,,,,,Reward for attaining research level 42,
tm105,scarlet,crafting,item-printer,,"Mesagoza, Dalizapa Passage, Socarrat Trail, East Province (Area One), West Province (Area Three); Kitakami Road in The Teal Mask",true,false,true,,,5000,league-points,,,"Requires crafting materials: Fomantis Leaf ×3, Tarountula Thread ×3, Kricketot Shell ×3"
tm105,violet,crafting,item-printer,,"Mesagoza, Dalizapa Passage, Socarrat Trail, East Province (Area One), West Province (Area Three); Kitakami Road in The Teal Mask",true,false,true,,,5000,league-points,,,"Requires crafting materials: Fomantis Leaf ×3, Tarountula Thread ×3, Kricketot Shell ×3"
tm106,legends-za,achievement,,,,false,false,true,,,,,,Reward for attaining research level 33,
tm106,scarlet,crafting,recipe,,TM Machine,true,false,true,,,8000,league-points,,,"Requires Pineco Husk ×5, Dunsparce Scales ×3, and Arrokuda Scales ×3"
tm106,violet,crafting,recipe,,TM Machine,true,false,true,,,8000,league-points,,,"Requires Pineco Husk ×5, Dunsparce Scales ×3, and Arrokuda Scales ×3"
tm107,legends-za,achievement,,,Reward for attaining research level 37,false,false,true,,,,,,After reaching research level 37,
tm107,scarlet,crafting,recipe,,TM Machine,true,false,true,,,3000,league-points,,,Requires Salandit Gas ×3 and Shuppet Scrap ×3
tm107,violet,crafting,recipe,,TM Machine,true,false,true,,,3000,league-points,,,Requires Salandit Gas ×3 and Shuppet Scrap ×3
tm108,scarlet,shop,specialty-shop,,TM Machine,true,false,true,,,8000,league-points,,,"Requires Maschiff Fang ×5, Bruxish Tooth ×3, Yungoos Fur ×3"
tm108,scarlet,shop,specialty-shop,,"Blueberry Academy Store, Polar Biome",true,false,true,,,40,battle-points,,Only in The Indigo Disk,
tm108,violet,shop,specialty-shop,,"Blueberry Academy Store, Polar Biome",true,false,true,,,40,battle-points,,Only in The Indigo Disk,
tm108,violet,shop,specialty-shop,,TM Machine,true,false,true,,,8000,league-points,,,"Requires Maschiff Fang ×5, Bruxish Tooth ×3, Yungoos Fur ×3"
tm109,scarlet,crafting,recipe,medali,TM Machine,true,false,true,,,5000,league-points,,,"Requires Shuppet Scrap ×3, Sableye Gem ×3, Sinistea Chip ×3"
tm109,the-indigo-disk,shop,specialty-shop,blueberry-academy,Blueberry Academy Store,true,false,true,,,25,battle-points,,,
tm109,the-teal-mask,crafting,recipe,kitakami-road,TM Machine,true,false,true,,,5000,league-points,,,"Requires Shuppet Scrap ×3, Sableye Gem ×3, Sinistea Chip ×3"
tm109,violet,crafting,recipe,medali,TM Machine,true,false,true,,,5000,league-points,,,"Requires Shuppet Scrap ×3, Sableye Gem ×3, Sinistea Chip ×3"
tm110,scarlet,exchange,,blueberry-academy,Blueberry Academy Store,true,false,true,,,50,battle-points,,Only in The Indigo Disk,
tm110,scarlet,crafting,recipe,,TM Machine,true,false,true,,,10000,league-points,,,"Requires Arrokuda Scales ×5, Wiglett Sand ×3, Buizel Fur ×3"
tm110,violet,exchange,,blueberry-academy,Blueberry Academy Store,true,false,true,,,50,battle-points,,Only in The Indigo Disk,
tm110,violet,crafting,recipe,,TM Machine,true,false,true,,,10000,league-points,,,"Requires Arrokuda Scales ×5, Wiglett Sand ×3, Buizel Fur ×3"
tm111,scarlet,crafting,recipe,,TM Machine,true,false,true,,,8000,league-points,,,"Requires Capsakid Seed ×5, Hoppip Leaf ×3, Skiddo Leaf ×3"
tm111,scarlet,overworld,visible,area-zero,,false,false,true,,,,,,,
tm111,scarlet,shop,specialty-shop,blueberry-academy,Blueberry Academy Store,true,false,true,,,40,battle-points,,Only in The Indigo Disk,
tm111,violet,crafting,recipe,,TM Machine,true,false,true,,,8000,league-points,,,"Requires Capsakid Seed ×5, Hoppip Leaf ×3, Skiddo Leaf ×3"
tm111,violet,overworld,visible,area-zero,,false,false,true,,,,,,,
tm111,violet,shop,specialty-shop,blueberry-academy,Blueberry Academy Store,true,false,true,,,40,battle-points,,Only in The Indigo Disk,
tm112,scarlet,exchange,,blueberry-academy,Blueberry Academy Store,true,false,true,1,,40,battle-points,,Only in The Indigo Disk,
tm112,scarlet,crafting,recipe,,TM Machine,true,false,true,1,,8000,league-points,,,"Requires Ralts Dust ×5, Riolu Fur ×3, Charcadet Soot ×3"
tm112,violet,crafting,recipe,,TM Machine,true,false,true,1,,8000,league-points,,,"Requires Ralts Dust ×5, Riolu Fur ×3, Charcadet Soot ×3"
tm112,violet,exchange,,blueberry-academy,Blueberry Academy Store,true,false,true,1,,40,battle-points,,Only in The Indigo Disk,
tm113,scarlet,exchange,,,Blueberry Academy Store,true,false,true,,,25,battle-points,,Only in The Indigo Disk,
tm113,scarlet,crafting,recipe,,TM Machine,true,false,true,,,5000,league-points,,,"Requires Rufflet Feather ×3, Rookidee Feather ×3, Bombirdier Feather ×3"
tm113,violet,exchange,,,Blueberry Academy Store,true,false,true,,,25,battle-points,,Only in The Indigo Disk,
tm113,violet,crafting,recipe,,TM Machine,true,false,true,,,5000,league-points,,,"Requires Rufflet Feather ×3, Rookidee Feather ×3, Bombirdier Feather ×3"
tm114,scarlet,crafting,recipe,area-zero,TM Machine; prize for defeating Ryme,true,false,true,,,8000,league-points,,After defeating Ryme,"Requires Gastly Gas ×5, Sandygast Sand ×3, Sinistea Chip ×3"
tm114,violet,crafting,recipe,area-zero,TM Machine; prize for defeating Ryme,true,false,true,,,8000,league-points,,After defeating Ryme,"Requires Gastly Gas ×5, Sandygast Sand ×3, Sinistea Chip ×3"
tm115,scarlet,crafting,recipe,,TM Machine,true,false,true,,,8000,league-points,,,"Requires Goomy Goo ×5, Swablu Fluff ×3, Tatsugiri Scales ×3"
tm115,scarlet,exchange,,blueberry-academy-store,Canyon Biome,true,false,true,,,40,battle-points,,Only in The Indigo Disk,
tm115,violet,crafting,recipe,,TM Machine,true,false,true,,,8000,league-points,,,"Requires Goomy Goo ×5, Swablu Fluff ×3, Tatsugiri Scales ×3"
tm115,violet,exchange,,blueberry-academy-store,Canyon Biome,true,false,true,,,40,battle-points,,Only in The Indigo Disk,
tm116,scarlet,story,,,After School Pokémon Research Club,false,false,true,,,,,,,
tm116,scarlet,crafting,recipe,,TM Machine,true,false,true,,,5000,league-points,,,Requires Rolycoly Coal ×3 and Rockruff Rock ×3
tm116,scarlet,overworld,visible,south-province-area-two,,false,false,true,,,,,,,
tm116,violet,story,,,After School Pokémon Research Club,false,false,true,,,,,,,
tm116,violet,overworld,visible,south-province-area-two,,false,false,true,,,,,,,
tm116,violet,crafting,recipe,,TM Machine,true,false,true,,,5000,league-points,,,Requires Rolycoly Coal ×3 and Rockruff Rock ×3
tm117,scarlet,crafting,recipe,south-province-area-six,TM Machine,true,false,true,,,8000,league-points,,,"Requires Litleo Tuft ×5, Tandemaus Fur ×3, Skwovet Fur ×3"
tm117,scarlet,shop,specialty-shop,blueberry-academy,"Blueberry Academy Store, Canyon Biome",true,false,true,,,40,battle-points,,Only in The Indigo Disk,
tm117,violet,crafting,recipe,south-province-area-six,TM Machine,true,false,true,,,8000,league-points,,,"Requires Litleo Tuft ×5, Tandemaus Fur ×3, Skwovet Fur ×3"
tm117,violet,shop,specialty-shop,blueberry-academy,"Blueberry Academy Store, Canyon Biome",true,false,true,,,40,battle-points,,Only in The Indigo Disk,
tm118,scarlet,shop,vendor,blueberry-academy,"Blueberry Academy Store, Savanna Plaza",true,false,true,,,50,battle-points,,Only in The Indigo Disk,
tm118,scarlet,crafting,recipe,asado-desert,TM Machine,true,false,true,,,10000,league-points,,,"Requires materials: Growlithe Fur ×5, Torkoal Coal ×3, Larvesta Fuzz ×3."
tm118,violet,crafting,recipe,asado-desert,TM Machine,true,false,true,,,10000,league-points,,,"Requires materials: Growlithe Fur ×5, Torkoal Coal ×3, Larvesta Fuzz ×3."
tm118,violet,shop,vendor,blueberry-academy,"Blueberry Academy Store, Savanna Plaza",true,false,true,,,50,battle-points,,Only in The Indigo Disk,
tm119,scarlet,crafting,recipe,,TM Machine,true,false,true,,,10000,league-points,,,"Requires Deerling Hair ×5, Applin Juice ×3, Bramblin Twig ×3"
tm119,scarlet,shop,vendor,blueberry-academy,"Blueberry Academy Store, Canyon Biome",true,false,true,,,50,battle-points,,Only in The Indigo Disk,
tm119,violet,crafting,recipe,,TM Machine,true,false,true,,,10000,league-points,,,"Requires Deerling Hair ×5, Applin Juice ×3, Bramblin Twig ×3"
tm119,violet,shop,vendor,blueberry-academy,"Blueberry Academy Store, Canyon Biome",true,false,true,,,50,battle-points,,Only in The Indigo Disk,
tm120,scarlet,trainer-reward,gym-leader,,Prize for defeating Tulip,false,false,true,,,,,,,
tm120,scarlet,crafting,recipe,,TM Machine,true,false,true,,,10000,league-points,,,"Requires Rellor Mud ×5, Indeedee Fur ×3, Ralts Dust ×3"
tm120,violet,trainer-reward,gym-leader,,Prize for defeating Tulip,false,false,true,,,,,,,
tm120,violet,crafting,recipe,,TM Machine,true,false,true,,,10000,league-points,,,"Requires Rellor Mud ×5, Indeedee Fur ×3, Ralts Dust ×3"
tm121,scarlet,crafting,tm-machine,,TM Machine,true,false,true,,,5000,league-points,,,"Requires Cufant Tarnish ×3, Bronzor Fragment ×3, Dondozo Whisker ×3"
tm121,violet,crafting,tm-machine,,TM Machine,true,false,true,,,5000,league-points,,,"Requires Cufant Tarnish ×3, Bronzor Fragment ×3, Dondozo Whisker ×3"
tm122,scarlet,crafting,recipe,,"TM Machine locations including Levincia, Casseroya Lake, Segin Squad's Base, North Province (Area Three), South Province (Area Four); Infernal Pass in The Teal Mask",true,false,true,,,3000,league-points,,,Requires materials: Hawlucha Down ×3 and Slakoth Fur ×3
tm122,violet,crafting,recipe,,"TM Machine locations including Levincia, Casseroya Lake, Segin Squad's Base, North Province (Area Three), South Province (Area Four); Infernal Pass in The Teal Mask",true,false,true,,,3000,league-points,,,Requires materials: Hawlucha Down ×3 and Slakoth Fur ×3
tm123,scarlet,crafting,item-printer,levincia,TM Machine,true,false,true,,,10000,league-points,,,Also available in Kitakami Wilds during The Teal Mask
tm123,violet,crafting,item-printer,levincia,TM Machine,true,false,true,,,10000,league-points,,,Also available in Kitakami Wilds during The Teal Mask
tm124,scarlet,trainer-reward,gym-leader,,Prize for defeating Grusha,false,false,true,,,,,,,
tm124,scarlet,crafting,recipe,,TM Machine,true,false,true,,,8000,league-points,,,"Requires Cetoddle Grease ×5, Bergmite Ice ×3, Frigibax Scales ×3"
tm124,scarlet,shop,specialty-shop,,Blueberry Academy Store,true,false,true,,,50,battle-points,,Only in The Indigo Disk,
tm124,violet,crafting,recipe,,TM Machine,true,false,true,,,8000,league-points,,,"Requires Cetoddle Grease ×5, Bergmite Ice ×3, Frigibax Scales ×3"
tm124,violet,shop,specialty-shop,,Blueberry Academy Store,true,false,true,,,50,battle-points,,Only in The Indigo Disk,
tm124,violet,trainer-reward,gym-leader,,Prize for defeating Grusha,false,false,true,,,,,,,
tm125,scarlet,crafting,craftworks,,TM Machine,true,false,true,,,10000,league-points,,,"Requires Litleo Tuft ×5, Houndour Fang ×3, Numel Lava ×3"
tm125,scarlet,exchange,,blueberry-academy-store,Coastal Biome,true,false,true,,,50,battle-points,,Only in The Indigo Disk,
tm125,violet,crafting,craftworks,,TM Machine,true,false,true,,,10000,league-points,,,"Requires Litleo Tuft ×5, Houndour Fang ×3, Numel Lava ×3"
tm125,violet,exchange,,blueberry-academy-store,Coastal Biome,true,false,true,,,50,battle-points,,Only in The Indigo Disk,
tm126,scarlet,crafting,recipe,,TM Machine,true,false,true,,,10000,league-points,,,Requires materials
tm126,violet,crafting,recipe,,TM Machine,true,false,true,,,10000,league-points,,,Requires materials
tm127,scarlet,exchange,,blueberry-academy,Blueberry Academy Store,true,false,true,,,50,battle-points,,Only in The Indigo Disk,
tm127,scarlet,crafting,recipe,,TM Machine,true,false,true,,,10000,league-points,,,"Requires Fidough Fur ×5, Tandemaus Fur ×3, Tinkatink Hair ×3"
tm127,violet,exchange,,blueberry-academy,Blueberry Academy Store,true,false,true,,,50,battle-points,,Only in The Indigo Disk,
tm127,violet,crafting,recipe,,TM Machine,true,false,true,,,10000,league-points,,,"Requires Fidough Fur ×5, Tandemaus Fur ×3, Tinkatink Hair ×3"
tm128,scarlet,crafting,recipe,mesagoza,TM Machine,true,false,true,,,1500,league-points,,,Requires 3 Slowpoke Claw and 3 Slakoth Fur
tm128,violet,crafting,recipe,mesagoza,TM Machine,true,false,true,,,1500,league-points,,,Requires 3 Slowpoke Claw and 3 Slakoth Fur
tm129,scarlet,crafting,recipe,,TM Machine,true,false,true,,,3000,league-points,,,Requires Stantler Hair ×3 and Indeedee Fur ×3
tm129,scarlet,shop,specialty-shop,blueberry-academy,Blueberry Academy Store (The Indigo Disk),true,false,true,,,15,battle-points,,Only in The Indigo Disk,
tm129,violet,crafting,recipe,,TM Machine,true,false,true,,,3000,league-points,,,Requires Stantler Hair ×3 and Indeedee Fur ×3
tm129,violet,shop,specialty-shop,blueberry-academy,Blueberry Academy Store (The Indigo Disk),true,false,true,,,15,battle-points,,Only in The Indigo Disk,
tm130,scarlet,shop,specialty-shop,blueberry-academy,Blueberry Academy Store,true,false,true,,,10,battle-points,,Only available during The Indigo Disk,
tm130,scarlet,crafting,recipe,,TM Machine,true,false,true,,,400,league-points,,,Requires Eevee Fur ×1
tm130,violet,shop,specialty-shop,blueberry-academy,Blueberry Academy Store,true,false,true,,,10,battle-points,,Only available during The Indigo Disk,
tm130,violet,crafting,recipe,,TM Machine,true,false,true,,,400,league-points,,,Requires Eevee Fur ×1
tm131,scarlet,crafting,recipe,,TM Machine,true,false,true,,,10000,league-points,,,"Requires Rellor Mud ×5, Petilil Leaf ×3, Kricketot Shell ×3"
tm131,violet,crafting,recipe,,TM Machine,true,false,true,,,10000,league-points,,,"Requires Rellor Mud ×5, Petilil Leaf ×3, Kricketot Shell ×3"
tm133,scarlet,crafting,recipe,,TM Machine,true,false,true,,,10000,league-points,,,"Requires Silicobra Sand ×5, Shellos Mud ×3, Barboach Slime ×3"
tm133,the-indigo-disk,exchange,,blueberry-academy,"Blueberry Academy Store, Coastal Biome",true,false,true,,,50,battle-points,,,
tm133,violet,crafting,recipe,,TM Machine,true,false,true,,,10000,league-points,,,"Requires Silicobra Sand ×5, Shellos Mud ×3, Barboach Slime ×3"
tm134,scarlet,crafting,recipe,casseroya-lake,"East Province (Area One), TM Machine",true,false,true,,,3000,league-points,,,"Requires Falinks Sweat ×3, Heracross Claw ×3, and Mankey Fur ×3"
tm134,violet,crafting,recipe,casseroya-lake,"East Province (Area One), TM Machine",true,false,true,,,3000,league-points,,,"Requires Falinks Sweat ×3, Heracross Claw ×3, and Mankey Fur ×3"
tm136,scarlet,crafting,recipe,levincia,TM Machine,true,false,true,,,3000,league-points,,,
tm136,violet,crafting,recipe,levincia,TM Machine,true,false,true,,,3000,league-points,,,
tm137,scarlet,crafting,recipe,,TM Machine,true,false,true,,,3000,league-points,,,"Requires Flabébé Pollen ×3, Sunkern Leaf ×3, and Fomantis Leaf ×3"
tm137,violet,crafting,recipe,,TM Machine,true,false,true,,,3000,league-points,,,"Requires Flabébé Pollen ×3, Sunkern Leaf ×3, and Fomantis Leaf ×3"
tm138,scarlet,crafting,item-printer,,TM Machine,true,false,true,,,3000,league-points,,,Also requires crafting materials
tm138,violet,crafting,item-printer,,TM Machine,true,false,true,,,3000,league-points,,,Also requires crafting materials
tm139,scarlet,crafting,recipe,,TM Machine,true,false,true,,,3000,league-points,,,"Requires Klefki Key ×3, Igglybuff Fluff ×3, Flabébé Pollen ×3"
tm139,violet,crafting,recipe,,TM Machine,true,false,true,,,3000,league-points,,,"Requires Klefki Key ×3, Igglybuff Fluff ×3, Flabébé Pollen ×3"
tm140,scarlet,shop,specialty-shop,blueberry-academy,Blueberry Academy Store (Polar Biome),true,false,true,,,25,battle-points,,Only in The Indigo Disk,
tm140,scarlet,crafting,recipe,area-zero,TM Machine,true,false,true,,,5000,league-points,,,"Requires Meowth Fur ×3, Spiritomb Fragment ×3, Tatsugiri Scales ×3"
tm140,violet,shop,specialty-shop,blueberry-academy,Blueberry Academy Store (Polar Biome),true,false,true,,,25,battle-points,,Only in The Indigo Disk,
tm140,violet,crafting,recipe,area-zero,TM Machine,true,false,true,,,5000,league-points,,,"Requires Meowth Fur ×3, Spiritomb Fragment ×3, Tatsugiri Scales ×3"
tm141,scarlet,shop,specialty-shop,blueberry-academy,Blueberry Academy Store,true,false,true,1,,60,battle-points,,Only in The Indigo Disk,
tm141,scarlet,crafting,recipe,,TM Machine,true,false,true,1,,12000,league-points,,,Available at multiple locations including Casseroya Lake and provinces; additional locations in The Teal Mask and The Indigo Disk
tm141,violet,shop,specialty-shop,blueberry-academy,Blueberry Academy Store,true,false,true,1,,60,battle-points,,Only in The Indigo Disk,
tm141,violet,crafting,recipe,,TM Machine,true,false,true,1,,12000,league-points,,,Available at multiple locations including Casseroya Lake and provinces; additional locations in The Teal Mask and The Indigo Disk
tm142,scarlet,crafting,recipe,,TM Machine,true,false,true,,,12000,league-points,,,"Requires Finizen Mucus ×5, Finneon Scales ×3, and Luvdisc Scales ×3"
tm142,scarlet,shop,specialty-shop,blueberry-academy,Blueberry Academy Store,true,false,true,,,60,battle-points,,Only in The Indigo Disk,
tm142,violet,crafting,recipe,,TM Machine,true,false,true,,,12000,league-points,,,"Requires Finizen Mucus ×5, Finneon Scales ×3, and Luvdisc Scales ×3"
tm142,violet,shop,specialty-shop,blueberry-academy,Blueberry Academy Store,true,false,true,,,60,battle-points,,Only in The Indigo Disk,
tm143,scarlet,crafting,recipe,area-zero,TM Machine,true,false,true,,,12000,league-points,,,Requires additional Pokémon materials
tm143,scarlet,shop,specialty-shop,blueberry-academy,Blueberry Academy Store,true,false,true,,,60,battle-points,,Only in The Indigo Disk,
tm143,violet,shop,specialty-shop,blueberry-academy,Blueberry Academy Store,true,false,true,,,60,battle-points,,Only in The Indigo Disk,
tm143,violet,crafting,recipe,area-zero,TM Machine,true,false,true,,,12000,league-points,,,Requires additional Pokémon materials
tm144,scarlet,crafting,recipe,east-paldean-sea,TM Machine,true,false,true,,,8000,league-points,,,Also obtainable in The Indigo Disk at Torchlit Labyrinth
tm144,violet,crafting,recipe,east-paldean-sea,TM Machine,true,false,true,,,8000,league-points,,,Also obtainable in The Indigo Disk at Torchlit Labyrinth
tm145,scarlet,crafting,recipe,east-paldean-sea,TM Machine,true,false,true,,,8000,league-points,,,Also available only in The Indigo Disk at Torchlit Labyrinth
tm145,violet,crafting,recipe,east-paldean-sea,TM Machine,true,false,true,,,8000,league-points,,,Also available only in The Indigo Disk at Torchlit Labyrinth
tm146,scarlet,crafting,recipe,east-paldean-sea,TM Machine,true,false,true,,,8000,league-points,,,Also available in Torchlit Labyrinth in The Indigo Disk
tm146,violet,crafting,recipe,east-paldean-sea,TM Machine,true,false,true,,,8000,league-points,,,Also available in Torchlit Labyrinth in The Indigo Disk
tm147,scarlet,crafting,recipe,north-province-area-two,TM Machine,true,false,true,,,10000,league-points,,Only in The Teal Mask: Paradise Barrens,"Requires Shinx Fang ×5, Pichu Fur ×3, Tynamo Slime ×3"
tm147,violet,crafting,recipe,north-province-area-two,TM Machine,true,false,true,,,10000,league-points,,Only in The Teal Mask: Paradise Barrens,"Requires Shinx Fang ×5, Pichu Fur ×3, Tynamo Slime ×3"
tm148,scarlet,crafting,recipe,,TM Machine,true,false,true,,,10000,league-points,,,"Requires Croagunk Poison ×5, Grimer Toxin ×3, Foongus Spores ×3"
tm148,scarlet,exchange,,,Blueberry Academy Store,true,false,true,,,50,battle-points,,Only in The Indigo Disk,
tm148,violet,exchange,,,Blueberry Academy Store,true,false,true,,,50,battle-points,,Only in The Indigo Disk,
tm148,violet,crafting,recipe,,TM Machine,true,false,true,,,10000,league-points,,,"Requires Croagunk Poison ×5, Grimer Toxin ×3, Foongus Spores ×3"
tm149,scarlet,crafting,recipe,cascarrafa,TM Machine,true,false,true,,,12000,league-points,,,"Requires Phanpy Nail ×5, Diglett Dirt ×3, Barboach Slime ×3"
tm149,scarlet,exchange,,blueberry-academy,Blueberry Academy Store,true,false,true,,,60,battle-points,,Only in The Indigo Disk,
tm149,violet,exchange,,blueberry-academy,Blueberry Academy Store,true,false,true,,,60,battle-points,,Only in The Indigo Disk,
tm149,violet,crafting,recipe,cascarrafa,TM Machine,true,false,true,,,12000,league-points,,,"Requires Phanpy Nail ×5, Diglett Dirt ×3, Barboach Slime ×3"
tm150,scarlet,crafting,recipe,,TM Machine,true,false,true,,,12000,league-points,,,"Requires Rolycoly Coal ×5, Rockruff Rock ×3, Klawf Claw ×3"
tm150,scarlet,shop,specialty-shop,blueberry-academy,Blueberry Academy Store,true,false,true,,,60,battle-points,,Only in The Indigo Disk,
tm150,violet,shop,specialty-shop,blueberry-academy,Blueberry Academy Store,true,false,true,,,60,battle-points,,Only in The Indigo Disk,
tm150,violet,crafting,recipe,,TM Machine,true,false,true,,,12000,league-points,,,"Requires Rolycoly Coal ×5, Rockruff Rock ×3, Klawf Claw ×3"
tm151,scarlet,crafting,recipe,timeless-woods,TM Machine,true,false,true,1,,10000,league-points,,Only in The Teal Mask,"Requires Sinistea Chips ×5, Shuppet Scrap ×3, Greavard Wax ×3"
tm151,scarlet,crafting,recipe,inlet-grotto,TM Machine,true,false,true,1,,10000,league-points,,,"Requires Sinistea Chips ×5, Shuppet Scrap ×3, Greavard Wax ×3"
tm151,violet,crafting,recipe,inlet-grotto,TM Machine,true,false,true,1,,10000,league-points,,,"Requires Sinistea Chips ×5, Shuppet Scrap ×3, Greavard Wax ×3"
tm151,violet,crafting,recipe,timeless-woods,TM Machine,true,false,true,1,,10000,league-points,,Only in The Teal Mask,"Requires Sinistea Chips ×5, Shuppet Scrap ×3, Greavard Wax ×3"
tm152,scarlet,crafting,recipe,,TM Machine,true,false,true,,,14000,league-points,,,"Requires Tauros Hair ×8, Zangoose Claw ×5, and Slakoth Fur ×3."
tm152,violet,crafting,recipe,,TM Machine,true,false,true,,,14000,league-points,,,"Requires Tauros Hair ×8, Zangoose Claw ×5, and Slakoth Fur ×3."
tm153,scarlet,crafting,recipe,north-province-area-one,TM Machine,true,false,true,,,14000,league-points,,,"Requires Houndour Fang ×8, Charcadet Soot ×5, Growlithe Fur ×3"
tm153,violet,crafting,recipe,north-province-area-one,TM Machine,true,false,true,,,14000,league-points,,,"Requires Houndour Fang ×8, Charcadet Soot ×5, Growlithe Fur ×3"
tm154,scarlet,crafting,recipe,north-province-area-one,TM Machine,true,false,true,1,,14000,league-points,,,Only in The Indigo Disk: Coastal Biome
tm154,violet,crafting,recipe,north-province-area-one,TM Machine,true,false,true,1,,14000,league-points,,,Only in The Indigo Disk: Coastal Biome
tm155,scarlet,crafting,recipe,north-province-area-one,TM Machine,true,false,true,,,14000,league-points,,Only in The Indigo Disk: Canyon Biome,
tm155,violet,crafting,recipe,north-province-area-one,TM Machine,true,false,true,,,14000,league-points,,Only in The Indigo Disk: Canyon Biome,
tm156,scarlet,crafting,recipe,area-zero,TM Machine,true,false,true,,,12000,league-points,,,"Requires Axew Scales x5, Dratini Scales x3, Frigibax Scales x3"
tm156,scarlet,shop,vendor,blueberry-academy,Blueberry Academy Store,true,false,true,,,60,battle-points,,Only in The Indigo Disk,
tm156,violet,crafting,recipe,area-zero,TM Machine,true,false,true,,,12000,league-points,,,"Requires Axew Scales x5, Dratini Scales x3, Frigibax Scales x3"
tm156,violet,shop,vendor,blueberry-academy,Blueberry Academy Store,true,false,true,,,60,battle-points,,Only in The Indigo Disk,
tm157,scarlet,overworld,visible,alfornada-cavern,,false,false,true,,,,,,,
tm157,scarlet,crafting,recipe,,TM Machine,true,false,true,,,12000,league-points,,,"Requires Litleo Tuft ×5, Numel Lava ×3, Capsakid Seed ×3"
tm157,the-indigo-disk,shop,specialty-shop,blueberry-academy-store,,true,false,true,,,60,battle-points,,Only in The Indigo Disk,
tm157,violet,overworld,visible,glaseado-mountain,,false,false,true,,,,,,,
tm158,scarlet,crafting,craftworks,,TM Machine,true,false,true,,,12000,league-points,,,"Requires Flamigo Down ×5, Meditite Sweat ×3, Impidimp Hair ×3"
tm158,scarlet,shop,specialty-shop,blueberry-academy,Blueberry Academy Store,true,false,true,,,60,battle-points,,Only in The Indigo Disk,
tm158,violet,shop,specialty-shop,blueberry-academy,Blueberry Academy Store,true,false,true,,,60,battle-points,,Only in The Indigo Disk,
tm158,violet,crafting,craftworks,,TM Machine,true,false,true,,,12000,league-points,,,"Requires Flamigo Down ×5, Meditite Sweat ×3, Impidimp Hair ×3"
tm159,scarlet,crafting,recipe,area-zero,TM Machine,true,false,true,,,12000,league-points,,,"Requires Bounsweet Sweat ×5, Tropius Leaf ×3, Toedscool Flaps ×3"
tm159,violet,crafting,recipe,area-zero,TM Machine,true,false,true,,,12000,league-points,,,"Requires Bounsweet Sweat ×5, Tropius Leaf ×3, Toedscool Flaps ×3"
tm160,scarlet,shop,specialty-shop,blueberry-academy-store,Canyon Biome,true,false,true,,,60,battle-points,,Only in The Indigo Disk,
tm160,scarlet,crafting,recipe,,TM Machine,true,false,true,,,12000,league-points,,,"Requires Swablu Fluff ×5, Oricorio Feather ×3, Wingull Feather ×3"
tm160,violet,shop,specialty-shop,blueberry-academy-store,Canyon Biome,true,false,true,,,60,battle-points,,Only in The Indigo Disk,
tm160,violet,crafting,recipe,,TM Machine,true,false,true,,,12000,league-points,,,"Requires Swablu Fluff ×5, Oricorio Feather ×3, Wingull Feather ×3"
tm161,scarlet,crafting,recipe,levincia,TM Machine,true,false,true,,,5000,league-points,,,"Requires Hatenna Dust ×3, Bronzor Fragment ×3, Gothita Eyelash ×3"
tm161,scarlet,overworld,visible,fellhorn-gorge,Only in The Teal Mask,false,false,true,,,,,,The Teal Mask,
tm161,violet,crafting,recipe,levincia,TM Machine,true,false,true,,,5000,league-points,,,"Requires Hatenna Dust ×3, Bronzor Fragment ×3, Gothita Eyelash ×3"
tm161,violet,shop,specialty-shop,blueberry-academy,"Academy Store, Canyon Biome",true,false,true,,,25,battle-points,,The Indigo Disk,
tm162,scarlet,crafting,recipe,,TM Machine,true,false,true,,,10000,league-points,,,"Requires Kricketot Shell ×5, Combee Honey ×3, Venonat Fang ×3"
tm162,scarlet,exchange,,blueberry-academy,Blueberry Academy Store,true,false,true,,,50,battle-points,,Only in The Indigo Disk,
tm162,violet,exchange,,blueberry-academy,Blueberry Academy Store,true,false,true,,,50,battle-points,,Only in The Indigo Disk,
tm162,violet,crafting,recipe,,TM Machine,true,false,true,,,10000,league-points,,,"Requires Kricketot Shell ×5, Combee Honey ×3, Venonat Fang ×3"
tm163,scarlet,crafting,recipe,,TM Machine,true,false,true,,,14000,league-points,,,"Requires Dratini Scales ×8, Goomy Goo ×5, Tauros Hair ×3"
tm163,scarlet,exchange,,blueberry-academy,Blueberry Academy Store,true,false,true,,,70,battle-points,,Only in The Indigo Disk,
tm163,violet,exchange,,blueberry-academy,Blueberry Academy Store,true,false,true,,,70,battle-points,,Only in The Indigo Disk,
tm163,violet,crafting,recipe,,TM Machine,true,false,true,,,14000,league-points,,,"Requires Dratini Scales ×8, Goomy Goo ×5, Tauros Hair ×3"
tm164,scarlet,crafting,recipe,,TM Machine,true,false,true,,,12000,league-points,,,"Requires Starly Feather ×5, Rufflet Feather ×3, Rookidee Feather ×3"
tm164,scarlet,shop,specialty-shop,blueberry-academy,Blueberry Academy Store,true,false,true,,,60,battle-points,,Only in The Indigo Disk,
tm164,violet,shop,specialty-shop,blueberry-academy,Blueberry Academy Store,true,false,true,,,60,battle-points,,Only in The Indigo Disk,
tm164,violet,crafting,recipe,,TM Machine,true,false,true,,,12000,league-points,,,"Requires Starly Feather ×5, Rufflet Feather ×3, Rookidee Feather ×3"
tm165,scarlet,shop,vendor,blueberry-academy-store,Blueberry Academy Store,true,false,true,,,60,battle-points,,Only in The Indigo Disk,
tm165,scarlet,crafting,recipe,,"Alfornada, Area Zero",true,false,true,,,12000,league-points,,,"Requires Growlithe Fur ×5, Fletchling Feather ×3, Charcadet Soot ×3"
tm165,violet,crafting,recipe,,"Alfornada, Area Zero",true,false,true,,,12000,league-points,,,"Requires Growlithe Fur ×5, Fletchling Feather ×3, Charcadet Soot ×3"
tm165,violet,shop,vendor,blueberry-academy-store,Blueberry Academy Store,true,false,true,,,60,battle-points,,Only in The Indigo Disk,
tm166,scarlet,shop,specialty-shop,blueberry-academy,Blueberry Academy Store,true,false,true,1,,60,battle-points,,Only in The Indigo Disk,
tm166,scarlet,crafting,craftworks,,TM Machine,true,false,true,1,,12000,league-points,,,"Requires Dedenne Fur ×5, Pichu Fur ×3, Tynamo Slime ×3"
tm166,violet,shop,specialty-shop,blueberry-academy,Blueberry Academy Store,true,false,true,1,,60,battle-points,,Only in The Indigo Disk,
tm166,violet,crafting,craftworks,,TM Machine,true,false,true,1,,12000,league-points,,,"Requires Dedenne Fur ×5, Pichu Fur ×3, Tynamo Slime ×3"
tm167,scarlet,trainer-reward,trainer,,"Prize for defeating Eri, TM Machine",false,false,true,,,,,,,
tm167,violet,trainer-reward,trainer,,"Prize for defeating Eri, TM Machine",false,false,true,,,,,,,
tm168,scarlet,crafting,recipe,,TM Machine,true,false,true,,,12000,league-points,,"Available at TM Machines; recipe availability noted at Casseroya Lake, East Province (Area Three), North Province (Area One). Only in The Indigo Disk: Canyon Biome.","Requires Bounsweet Sweat ×5, Tropius Leaf ×3, Foongus Spores ×3."
tm168,violet,crafting,recipe,,TM Machine,true,false,true,,,12000,league-points,,"Available at TM Machines; recipe availability noted at Casseroya Lake, East Province (Area Three), North Province (Area One). Only in The Indigo Disk: Canyon Biome.","Requires Bounsweet Sweat ×5, Tropius Leaf ×3, Foongus Spores ×3."
tm169,scarlet,npc-defeat,,mesagoza,Prize for defeating Penny after completing Operation Starfall and Area Zero,false,false,true,,,,,,After completing Operation Starfall and Area Zero,
tm169,violet,npc-defeat,,mesagoza,Prize for defeating Penny after completing Operation Starfall and Area Zero,false,false,true,,,,,,After completing Operation Starfall and Area Zero,
tm170,scarlet,crafting,recipe,kitakami-wilds,TM Machine (The Teal Mask),true,false,true,,,14000,league-points,,Only in The Teal Mask,
tm170,scarlet,crafting,recipe,area-zero,North Province (Area Three) TM Machine,true,false,true,,,14000,league-points,,,
tm170,violet,crafting,recipe,kitakami-wilds,TM Machine (The Teal Mask),true,false,true,,,14000,league-points,,Only in The Teal Mask,
tm170,violet,crafting,recipe,area-zero,North Province (Area Three) TM Machine,true,false,true,,,14000,league-points,,,
tm171,scarlet,crafting,recipe,,TM Machine,true,false,true,,,8000,league-points,,,Requires Glimmet Crystal ×8
tm171,scarlet,npc-gift,,area-zero,From Geeta after defeating Nemona after obtaining 5 Gym Badges,false,false,true,,,,,,After obtaining 5 Gym Badges and defeating Nemona,
tm171,scarlet,shop,specialty-shop,blueberry-academy,"Blueberry Academy Store, Central Plaza",true,false,true,,,40,battle-points,,Only in The Indigo Disk,
tm171,violet,crafting,recipe,,TM Machine,true,false,true,,,8000,league-points,,,Requires Glimmet Crystal ×8
tm171,violet,shop,specialty-shop,blueberry-academy,"Blueberry Academy Store, Central Plaza",true,false,true,,,40,battle-points,,Only in The Indigo Disk,
tm171,violet,npc-gift,,area-zero,From Geeta after defeating Nemona after obtaining 5 Gym Badges,false,false,true,,,,,,After obtaining 5 Gym Badges and defeating Nemona,
tm172,scarlet,crafting,craftworks,kitakami-road,TM Machine (The Teal Mask only),true,false,true,,,200,league-points,,Only available during The Teal Mask,Requires Houndour Fang ×2 and Poochyena Fang ×3
tm172,violet,crafting,craftworks,kitakami-road,TM Machine (The Teal Mask only),true,false,true,,,200,league-points,,Only available during The Teal Mask,Requires Houndour Fang ×2 and Poochyena Fang ×3
tm173,scarlet,crafting,item-printer,mossui-town,TM Machine (The Teal Mask only),true,false,true,,,400,league-points,,Available only in The Teal Mask,Requires Pichu Fur ×3
tm173,violet,crafting,item-printer,mossui-town,TM Machine (The Teal Mask only),true,false,true,,,400,league-points,,Available only in The Teal Mask,Requires Pichu Fur ×3
tm174,scarlet,crafting,recipe,fellhorn-gorge,TM Machine (The Teal Mask),true,false,true,,,400,league-points,,Only in The Teal Mask,Requires Feebas Scales ×2
tm174,scarlet,crafting,recipe,polar-biome,TM Machine (The Indigo Disk),true,false,true,,,400,league-points,,Only in The Indigo Disk,Requires Feebas Scales ×2
tm174,violet,crafting,recipe,polar-biome,TM Machine (The Indigo Disk),true,false,true,,,400,league-points,,Only in The Indigo Disk,Requires Feebas Scales ×2
tm174,violet,crafting,recipe,fellhorn-gorge,TM Machine (The Teal Mask),true,false,true,,,400,league-points,,Only in The Teal Mask,Requires Feebas Scales ×2
tm175,scarlet,crafting,recipe,loyalty-plaza,TM Machine (Only in The Teal Mask),true,false,true,,,800,league-points,,Only available in The Teal Mask,Requires Ekans Fang ×3 and Koffing Gas ×3
tm175,violet,crafting,recipe,loyalty-plaza,TM Machine (Only in The Teal Mask),true,false,true,,,800,league-points,,Only available in The Teal Mask,Requires Ekans Fang ×3 and Koffing Gas ×3
tm176,scarlet,crafting,item-printer,oni-mountain,TM Machine (The Teal Mask),true,false,true,,,400,league-points,,Only available in The Teal Mask,Requires Diglett Dirt ×2 and Sandshrew Claw ×3
tm176,violet,crafting,item-printer,oni-mountain,TM Machine (The Teal Mask),true,false,true,,,400,league-points,,Only available in The Teal Mask,Requires Diglett Dirt ×2 and Sandshrew Claw ×3
tm177,scarlet,crafting,recipe,mossui-town,TM Machine,true,false,true,,,200,league-points,,Only available in The Teal Mask,Requires Duskull Fragment ×2 and Gastly Gas ×2
tm177,violet,crafting,recipe,mossui-town,TM Machine,true,false,true,,,200,league-points,,Only available in The Teal Mask,Requires Duskull Fragment ×2 and Gastly Gas ×2
tm178,scarlet,crafting,recipe,fellhorn-gorge,TM Machine (The Teal Mask only),true,false,true,,,400,league-points,,Only available in The Teal Mask,Requires Cleffa Fur ×2 and Nosepass Fragment ×4.
tm178,violet,crafting,recipe,fellhorn-gorge,TM Machine (The Teal Mask only),true,false,true,,,400,league-points,,Only available in The Teal Mask,Requires Cleffa Fur ×2 and Nosepass Fragment ×4.
tm179,scarlet,crafting,recipe,wistful-fields,TM Machine (The Teal Mask),true,false,true,,,800,league-points,,Only available in The Teal Mask,Requires Geodude Fragment ×3 and Carbink Jewel ×3
tm179,violet,crafting,recipe,wistful-fields,TM Machine (The Teal Mask),true,false,true,,,800,league-points,,Only available in The Teal Mask,Requires Geodude Fragment ×3 and Carbink Jewel ×3
tm180,scarlet,crafting,recipe,infernal-pass,TM Machine (The Teal Mask),true,false,true,,,10000,league-points,,Only in The Teal Mask,Requires Nosepass Fragment ×4 and Bronzor Fragment ×2
tm180,violet,crafting,recipe,infernal-pass,TM Machine (The Teal Mask),true,false,true,,,10000,league-points,,Only in The Teal Mask,Requires Nosepass Fragment ×4 and Bronzor Fragment ×2
tm181,scarlet,crafting,recipe,oni-mountain,TM Machine (The Teal Mask),true,false,true,,,14000,league-points,,Available in The Teal Mask,Requires Corphish Shell ×4 and Seedot Stem ×4
tm181,scarlet,crafting,recipe,savanna-biome,TM Machine (The Indigo Disk),true,false,true,,,14000,league-points,,Available in The Indigo Disk,Requires Corphish Shell ×4 and Seedot Stem ×4
tm181,violet,crafting,recipe,savanna-biome,TM Machine (The Indigo Disk),true,false,true,,,14000,league-points,,Available in The Indigo Disk,Requires Corphish Shell ×4 and Seedot Stem ×4
tm181,violet,crafting,recipe,oni-mountain,TM Machine (The Teal Mask),true,false,true,,,14000,league-points,,Available in The Teal Mask,Requires Corphish Shell ×4 and Seedot Stem ×4
tm182,scarlet,crafting,recipe,apple-hills,TM Machine (The Teal Mask only),true,false,true,,,3000,league-points,,Available only during The Teal Mask,"Requires Yanma Spike x2, Surskit Syrup x2, Sewaddle Leaf x2"
tm182,violet,crafting,recipe,apple-hills,TM Machine (The Teal Mask only),true,false,true,,,3000,league-points,,Available only during The Teal Mask,"Requires Yanma Spike x2, Surskit Syrup x2, Sewaddle Leaf x2"
tm183,scarlet,crafting,recipe,onis-maw,TM Machine (The Teal Mask),true,false,true,,,5000,league-points,,Only available in The Teal Mask,Requires Sandshrew Claw ×3 and Tandemaus Fur ×3
tm183,violet,crafting,recipe,onis-maw,TM Machine (The Teal Mask),true,false,true,,,5000,league-points,,Only available in The Teal Mask,Requires Sandshrew Claw ×3 and Tandemaus Fur ×3
tm184,scarlet,crafting,recipe,infernal-pass,TM Machine (Only in The Teal Mask),true,false,true,,,3000,league-points,,Available only during The Teal Mask,Requires Riolu Fur ×3 and Croagunk Poison ×2.
tm184,violet,crafting,recipe,infernal-pass,TM Machine (Only in The Teal Mask),true,false,true,,,3000,league-points,,Available only during The Teal Mask,Requires Riolu Fur ×3 and Croagunk Poison ×2.
tm185,scarlet,crafting,recipe,,TM Machine (Only in The Teal Mask: Reveler's Road; Only in The Indigo Disk: Savanna Biome),true,false,true,,,5000,league-points,,,Requires 3 Sewaddle Leaf and 3 Kricketot Shell.
tm185,violet,crafting,recipe,,TM Machine (Only in The Teal Mask: Reveler's Road; Only in The Indigo Disk: Savanna Biome),true,false,true,,,5000,league-points,,,Requires 3 Sewaddle Leaf and 3 Kricketot Shell.
tm186,scarlet,crafting,recipe,paradise-barrens,TM Machine (The Teal Mask),true,false,true,,,5000,league-points,,Only in The Teal Mask,Requires Swinub Hair ×2 and Mudbray Mud ×4
tm186,scarlet,crafting,recipe,canyon-biome,TM Machine (The Indigo Disk),true,false,true,,,5000,league-points,,Only in The Indigo Disk,Requires Swinub Hair ×2 and Mudbray Mud ×4
tm186,violet,crafting,recipe,canyon-biome,TM Machine (The Indigo Disk),true,false,true,,,5000,league-points,,Only in The Indigo Disk,Requires Swinub Hair ×2 and Mudbray Mud ×4
tm186,violet,crafting,recipe,paradise-barrens,TM Machine (The Teal Mask),true,false,true,,,5000,league-points,,Only in The Teal Mask,Requires Swinub Hair ×2 and Mudbray Mud ×4
tm187,scarlet,crafting,recipe,,TM Machine,true,false,true,,,10000,league-points,,,Requires Swinub Hair ×2 and Snorunt Fur ×3
tm187,scarlet,shop,specialty-shop,blueberry-academy,"Blueberry Academy Store, Polar Biome",true,false,true,,,50,battle-points,,Only in The Indigo Disk,
tm187,violet,shop,specialty-shop,blueberry-academy,"Blueberry Academy Store, Polar Biome",true,false,true,,,50,battle-points,,Only in The Indigo Disk,
tm187,violet,crafting,recipe,,TM Machine,true,false,true,,,10000,league-points,,,Requires Swinub Hair ×2 and Snorunt Fur ×3
tm188,scarlet,crafting,item-printer,,TM Machine,true,false,true,,,8000,league-points,,Only available in The Teal Mask or The Indigo Disk,Requires Poltchageist Powder ×3 and Slowpoke Claw ×3
tm188,violet,crafting,item-printer,,TM Machine,true,false,true,,,8000,league-points,,Only available in The Teal Mask or The Indigo Disk,Requires Poltchageist Powder ×3 and Slowpoke Claw ×3
tm189,scarlet,crafting,recipe,kitakami-wilds,TM Machine,true,false,true,,,8000,league-points,,Only in The Teal Mask,Requires Slugma Lava ×4 and Munchlax Fang ×2
tm189,violet,crafting,recipe,kitakami-wilds,TM Machine,true,false,true,,,8000,league-points,,Only in The Teal Mask,Requires Slugma Lava ×4 and Munchlax Fang ×2
tm190,scarlet,crafting,recipe,,TM Machine,true,false,true,,,12000,league-points,,,Requires Seedot Stem ×4 and Sewaddle Leaf ×2
tm190,violet,crafting,recipe,,TM Machine,true,false,true,,,12000,league-points,,,Requires Seedot Stem ×4 and Sewaddle Leaf ×2
tm191,scarlet,crafting,recipe,onis-maw,TM Machine (The Teal Mask),true,false,true,,,5000,league-points,,Only available in The Teal Mask,Requires Lotad Leaf ×4 and Chingling Fragment ×2
tm191,violet,crafting,recipe,onis-maw,TM Machine (The Teal Mask),true,false,true,,,5000,league-points,,Only available in The Teal Mask,Requires Lotad Leaf ×4 and Chingling Fragment ×2
tm192,scarlet,crafting,recipe,revelers-road,TM Machine,true,false,true,,,8000,league-points,,Only in The Teal Mask,Requires Timburr Sweat ×3 and Jangmo-o Scales ×3
tm192,violet,crafting,recipe,revelers-road,TM Machine,true,false,true,,,8000,league-points,,Only in The Teal Mask,Requires Timburr Sweat ×3 and Jangmo-o Scales ×3
tm193,scarlet,crafting,recipe,kitakami-road,TM Machine (The Teal Mask),true,false,true,,,1500,league-points,,Available only in The Teal Mask.,Requires Vulpix Fur ×3 and Petilil Leaf ×3.
tm193,scarlet,crafting,recipe,polar-biome,TM Machine (The Indigo Disk),true,false,true,,,1500,league-points,,Available only in The Indigo Disk.,Requires Vulpix Fur ×3 and Petilil Leaf ×3.
tm193,violet,crafting,recipe,kitakami-road,TM Machine (The Teal Mask),true,false,true,,,1500,league-points,,Available only in The Teal Mask.,Requires Vulpix Fur ×3 and Petilil Leaf ×3.
tm193,violet,crafting,recipe,polar-biome,TM Machine (The Indigo Disk),true,false,true,,,1500,league-points,,Available only in The Indigo Disk.,Requires Vulpix Fur ×3 and Petilil Leaf ×3.
tm194,scarlet,crafting,recipe,coastal-biome,TM Machine (The Indigo Disk),true,false,true,,,10000,league-points,,Available only in The Indigo Disk,Requires Bellsprout Vine ×3 and Seedot Stem ×3
tm194,scarlet,crafting,recipe,apple-hills,TM Machine (The Teal Mask),true,false,true,,,10000,league-points,,Available only in The Teal Mask,Requires Bellsprout Vine ×3 and Seedot Stem ×3
tm194,violet,crafting,recipe,apple-hills,TM Machine (The Teal Mask),true,false,true,,,10000,league-points,,Available only in The Teal Mask,Requires Bellsprout Vine ×3 and Seedot Stem ×3
tm194,violet,crafting,recipe,coastal-biome,TM Machine (The Indigo Disk),true,false,true,,,10000,league-points,,Available only in The Indigo Disk,Requires Bellsprout Vine ×3 and Seedot Stem ×3
tm195,scarlet,crafting,recipe,fellhorn-gorge,TM Machine,true,false,true,,,8000,league-points,,Only in The Teal Mask,"Requires crafting materials: Litwick Soot ×2, Vulpix Fur ×2, Mimikyu Scrap ×2"
tm195,violet,crafting,recipe,fellhorn-gorge,TM Machine,true,false,true,,,8000,league-points,,Only in The Teal Mask,"Requires crafting materials: Litwick Soot ×2, Vulpix Fur ×2, Mimikyu Scrap ×2"
tm196,scarlet,crafting,recipe,,TM Machine,true,false,true,,,5000,league-points,,,"Requires materials: Basculin Fang ×2, Veluza Fillet ×2, Finizen Mucus ×2"
tm196,scarlet,shop,specialty-shop,blueberry-academy-store,Canyon Biome,true,false,true,,,25,battle-points,,Only in The Indigo Disk,
tm196,violet,shop,specialty-shop,blueberry-academy-store,Canyon Biome,true,false,true,,,25,battle-points,,Only in The Indigo Disk,
tm196,violet,crafting,recipe,,TM Machine,true,false,true,,,5000,league-points,,,"Requires materials: Basculin Fang ×2, Veluza Fillet ×2, Finizen Mucus ×2"
tm197,scarlet,crafting,craftworks,fellhorn-gorge,TM Machine (The Teal Mask),true,false,true,,,5000,league-points,,,Requires Ducklett Feather ×3 and Bombirdier Feather ×3
tm197,scarlet,exchange,,blueberry-academy,Blueberry Academy Store (The Indigo Disk),true,false,true,,,25,battle-points,,,
tm197,violet,exchange,,blueberry-academy,Blueberry Academy Store (The Indigo Disk),true,false,true,,,25,battle-points,,,
tm197,violet,crafting,craftworks,fellhorn-gorge,TM Machine (The Teal Mask),true,false,true,,,5000,league-points,,,Requires Ducklett Feather ×3 and Bombirdier Feather ×3
tm198,scarlet,crafting,item-printer,revelers-road,TM Machine (The Teal Mask only),true,false,true,1,,14000,league-points,,Available only in The Teal Mask,"Requires Litwick Soot ×2, Phantump Twig ×2, and Duskull Fragment ×2"
tm198,violet,crafting,item-printer,revelers-road,TM Machine (The Teal Mask only),true,false,true,1,,14000,league-points,,Available only in The Teal Mask,"Requires Litwick Soot ×2, Phantump Twig ×2, and Duskull Fragment ×2"
tm199,scarlet,crafting,recipe,timeless-woods,TM Machine (Only in The Teal Mask),true,false,true,,,5000,league-points,,Only available in The Teal Mask,"Requires Vullaby Feather ×3, Pawniard Blade ×2, Poochyena Fang ×2"
tm199,violet,crafting,recipe,timeless-woods,TM Machine (Only in The Teal Mask),true,false,true,,,5000,league-points,,Only available in The Teal Mask,"Requires Vullaby Feather ×3, Pawniard Blade ×2, Poochyena Fang ×2"
tm200,scarlet,crafting,recipe,,TM Machine,true,false,true,,,10000,league-points,,,"Requires Gible Scales ×2, Arrokuda Scales ×2, Jangmo-o Scales ×2"
tm200,scarlet,shop,specialty-shop,blueberry-academy,Blueberry Academy Store,true,false,true,,,50,battle-points,,Only in The Indigo Disk,
tm200,violet,crafting,recipe,,TM Machine,true,false,true,,,10000,league-points,,,"Requires Gible Scales ×2, Arrokuda Scales ×2, Jangmo-o Scales ×2"
tm200,violet,shop,specialty-shop,blueberry-academy,Blueberry Academy Store,true,false,true,,,50,battle-points,,Only in The Indigo Disk,
tm201,scarlet,crafting,recipe,kitakami-wilds,TM Machine (The Teal Mask),true,false,true,,,14000,league-points,,Available only during The Teal Mask expansion.,Requires Carbink Jewel ×2 and Cleffa Fur ×3.
tm201,violet,crafting,recipe,canyon-biome,TM Machine (The Indigo Disk),true,false,true,,,14000,league-points,,Available only during The Indigo Disk expansion.,Requires Carbink Jewel ×2 and Cleffa Fur ×3.
tm202,scarlet,crafting,recipe,savanna-biome,TM Machine,true,false,true,,,3000,league-points,,Only available in The Indigo Disk,Requires Solosis Gel ×3 and Comfey Flower ×2
tm202,violet,crafting,recipe,savanna-biome,TM Machine,true,false,true,,,3000,league-points,,Only available in The Indigo Disk,Requires Solosis Gel ×3 and Comfey Flower ×2
tm203,scarlet,crafting,item-printer,coastal-biome,TM Machine,true,false,true,,,400,league-points,,Only in The Indigo Disk,Requires Porygon Fragment ×1 and Stantler Hair ×2
tm203,violet,crafting,item-printer,coastal-biome,TM Machine,true,false,true,,,400,league-points,,Only in The Indigo Disk,Requires Porygon Fragment ×1 and Stantler Hair ×2
tm204,scarlet,crafting,recipe,savanna-biome,TM Machine (Only in The Indigo Disk),true,false,true,,,10000,league-points,,Only in The Indigo Disk,Requires Rhyhorn Fang ×4 and Tauros Hair ×2
tm204,violet,crafting,recipe,savanna-biome,TM Machine (Only in The Indigo Disk),true,false,true,,,10000,league-points,,Only in The Indigo Disk,Requires Rhyhorn Fang ×4 and Tauros Hair ×2
tm205,scarlet,crafting,item-printer,savanna-biome,TM Machine (The Indigo Disk),true,false,true,,,5000,league-points,,Only available in The Indigo Disk,Requires Snubbull Hair ×3 and Tauros Hair ×3
tm205,violet,crafting,item-printer,savanna-biome,TM Machine (The Indigo Disk),true,false,true,,,5000,league-points,,Only available in The Indigo Disk,Requires Snubbull Hair ×3 and Tauros Hair ×3
tm206,scarlet,crafting,recipe,coastal-biome,TM Machine,true,false,true,,,5000,league-points,,Only in The Indigo Disk,"Requires crafting materials: Oddish Leaf ×2, Comfey Flower ×2, Cottonee Fluff ×1"
tm206,violet,crafting,recipe,coastal-biome,TM Machine,true,false,true,,,5000,league-points,,Only in The Indigo Disk,"Requires crafting materials: Oddish Leaf ×2, Comfey Flower ×2, Cottonee Fluff ×1"
tm207,scarlet,crafting,recipe,,TM Machine,true,false,true,,,3000,league-points,,,Requires Magby Hair ×3 and Numel Lava ×2
tm207,scarlet,npc-defeat,,,Crispin,false,false,true,,,,,,Only in The Indigo Disk,
tm207,violet,crafting,recipe,,TM Machine,true,false,true,,,3000,league-points,,,Requires Magby Hair ×3 and Numel Lava ×2
tm207,violet,npc-defeat,,,Crispin,false,false,true,,,,,,Only in The Indigo Disk,
tm208,scarlet,crafting,recipe,polar-biome,TM Machine,true,false,true,,,800,league-points,,Only available in The Indigo Disk,"Requires materials: Horsea Ink ×2, Seel Fur ×2, Lapras Teardrop ×1"
tm208,violet,crafting,recipe,polar-biome,TM Machine,true,false,true,,,800,league-points,,Only available in The Indigo Disk,"Requires materials: Horsea Ink ×2, Seel Fur ×2, Lapras Teardrop ×1"
tm209,scarlet,crafting,recipe,,"TM Machine (The Indigo Disk: Polar Biome, Savanna Biome)",true,false,true,,,10000,league-points,,Only in The Indigo Disk,Requires Horsea Ink ×3 and Wooper Slime ×3.
tm209,violet,crafting,recipe,,"TM Machine (The Indigo Disk: Polar Biome, Savanna Biome)",true,false,true,,,10000,league-points,,Only in The Indigo Disk,Requires Horsea Ink ×3 and Wooper Slime ×3.
tm210,scarlet,crafting,recipe,canyon-biome,"TM Machine, Chargestone Cavern (The Indigo Disk only)",true,false,true,,,5000,league-points,,Only available in The Indigo Disk,Requires Elekid Fur ×3 and Blitzle Mane Hair ×2.
tm210,violet,crafting,recipe,canyon-biome,"TM Machine, Chargestone Cavern (The Indigo Disk only)",true,false,true,,,5000,league-points,,Only available in The Indigo Disk,Requires Elekid Fur ×3 and Blitzle Mane Hair ×2.
tm211,scarlet,crafting,recipe,chargestone-cavern,TM Machine (Only in The Indigo Disk),true,false,true,,,800,league-points,,Available only during The Indigo Disk,Requires Joltik Thread ×5
tm211,violet,crafting,recipe,chargestone-cavern,TM Machine (Only in The Indigo Disk),true,false,true,,,800,league-points,,Available only during The Indigo Disk,Requires Joltik Thread ×5
tm212,scarlet,crafting,recipe,polar-biome,TM Machine (The Indigo Disk),true,false,true,,,8000,league-points,,Only in The Indigo Disk,"Requires Tyrogue Sweat ×1, Minccino Fur ×1, Sneasel Claw ×3"
tm212,violet,crafting,recipe,polar-biome,TM Machine (The Indigo Disk),true,false,true,,,8000,league-points,,Only in The Indigo Disk,"Requires Tyrogue Sweat ×1, Minccino Fur ×1, Sneasel Claw ×3"
tm213,scarlet,crafting,recipe,savanna-biome,TM Machine (Only in The Indigo Disk),true,false,true,,,800,league-points,,Only in The Indigo Disk,"Requires Scraggy Sweat ×3, Pawmi Fur ×1, Tyrogue Sweat ×1"
tm213,violet,crafting,recipe,savanna-biome,TM Machine (Only in The Indigo Disk),true,false,true,,,800,league-points,,Only in The Indigo Disk,"Requires Scraggy Sweat ×3, Pawmi Fur ×1, Tyrogue Sweat ×1"
tm214,scarlet,crafting,recipe,coastal-biome,TM Machine (The Indigo Disk),true,false,true,,,10000,league-points,,Only available in The Indigo Disk,"Requires Tentacool Stinger x2, Qwilfish Spines x2, Gastly Gas x2"
tm214,violet,crafting,recipe,coastal-biome,TM Machine (The Indigo Disk),true,false,true,,,10000,league-points,,Only available in The Indigo Disk,"Requires Tentacool Stinger x2, Qwilfish Spines x2, Gastly Gas x2"
tm215,scarlet,crafting,recipe,,"TM Machine (Only in The Indigo Disk: Coastal Biome, Savanna Biome)",true,false,true,1,,10000,league-points,,Available only in The Indigo Disk,"Requires Trapinch Shell ×2, Sandile Claw ×1, Drilbur Claw ×2"
tm215,violet,crafting,recipe,,"TM Machine (Only in The Indigo Disk: Coastal Biome, Savanna Biome)",true,false,true,1,,10000,league-points,,Available only in The Indigo Disk,"Requires Trapinch Shell ×2, Sandile Claw ×1, Drilbur Claw ×2"
tm216,scarlet,crafting,recipe,canyon-biome,TM Machine (The Indigo Disk only),true,false,true,,,400,league-points,,Available only in The Indigo Disk,Requires Pikipek Feather ×3 and Murkrow Bauble ×2
tm216,violet,crafting,recipe,canyon-biome,TM Machine (The Indigo Disk only),true,false,true,,,400,league-points,,Available only in The Indigo Disk,Requires Pikipek Feather ×3 and Murkrow Bauble ×2
tm217,scarlet,crafting,recipe,canyon-biome,TM Machine (The Indigo Disk only),true,false,true,,,5000,league-points,,Available only in The Indigo Disk.,"Requires Solosis Gel ×2, Slowpoke Claw ×2, and Drowzee Fur ×2."
tm217,violet,crafting,recipe,canyon-biome,TM Machine (The Indigo Disk only),true,false,true,,,5000,league-points,,Available only in The Indigo Disk.,"Requires Solosis Gel ×2, Slowpoke Claw ×2, and Drowzee Fur ×2."
tm218,scarlet,crafting,recipe,savanna-biome,TM Machine (The Indigo Disk only),true,false,true,,,10000,league-points,,Available only in The Indigo Disk,Requires Espurr Fur ×3 and Exeggcute Shell ×2
tm218,violet,crafting,recipe,savanna-biome,TM Machine (The Indigo Disk only),true,false,true,,,10000,league-points,,Available only in The Indigo Disk,Requires Espurr Fur ×3 and Exeggcute Shell ×2
tm219,scarlet,crafting,recipe,canyon-biome,TM Machine (Only in The Indigo Disk),true,false,true,,,3000,league-points,,Available in The Indigo Disk,Requires Dewpider Thread ×3 and Rellor Mud ×2
tm219,violet,crafting,recipe,canyon-biome,TM Machine (Only in The Indigo Disk),true,false,true,,,3000,league-points,,Available in The Indigo Disk,Requires Dewpider Thread ×3 and Rellor Mud ×2
tm220,scarlet,crafting,recipe,,"TM Machine (The Indigo Disk: Canyon Biome, Polar Biome)",true,false,true,,,15000,league-points,,Only in The Indigo Disk,Requires Minior Shell ×8
tm220,violet,crafting,recipe,,"TM Machine (The Indigo Disk: Canyon Biome, Polar Biome)",true,false,true,,,15000,league-points,,Only in The Indigo Disk,Requires Minior Shell ×8
tm221,scarlet,crafting,recipe,savanna-biome,TM Machine (The Indigo Disk only),true,false,true,,,5000,league-points,,Available only in The Indigo Disk,Requires Scraggy Sweat ×2 and Zorua Fur ×3
tm221,violet,crafting,recipe,savanna-biome,TM Machine (The Indigo Disk only),true,false,true,,,5000,league-points,,Available only in The Indigo Disk,Requires Scraggy Sweat ×2 and Zorua Fur ×3
tm222,scarlet,crafting,recipe,polar-biome,TM Machine (The Indigo Disk),true,false,true,,,3000,league-points,,Only in The Indigo Disk,"Requires Duraludon Tarnish ×3, Axew Scales ×2, Cyclizar Scales ×1"
tm222,violet,crafting,recipe,polar-biome,TM Machine (The Indigo Disk),true,false,true,,,3000,league-points,,Only in The Indigo Disk,"Requires Duraludon Tarnish ×3, Axew Scales ×2, Cyclizar Scales ×1"
tm223,scarlet,crafting,recipe,torchlit-labyrinth,TM Machine,true,false,true,,,800,league-points,,Only in The Indigo Disk,Requires Magnemite Screw ×2 and Elekid Fur ×2.
tm223,violet,crafting,recipe,torchlit-labyrinth,TM Machine,true,false,true,,,800,league-points,,Only in The Indigo Disk,Requires Magnemite Screw ×2 and Elekid Fur ×2.
tm224,scarlet,crafting,recipe,polar-biome,TM Machine (The Indigo Disk only),true,false,true,,,400,league-points,,Available only in The Indigo Disk,Requires Golett Shard ×4 and Nacli Salt ×2
tm224,violet,crafting,recipe,polar-biome,TM Machine (The Indigo Disk only),true,false,true,,,400,league-points,,Available only in The Indigo Disk,Requires Golett Shard ×4 and Nacli Salt ×2
tm225,scarlet,trainer-reward,trainer,,Amarys,false,false,true,,,,,,Only in The Indigo Disk,
tm225,scarlet,crafting,recipe,,TM Machine,true,false,true,,,5000,league-points,,,Requires Beldum Claw ×3 and Cufant Tarnish ×3
tm225,violet,crafting,recipe,,TM Machine,true,false,true,,,5000,league-points,,,Requires Beldum Claw ×3 and Cufant Tarnish ×3
tm225,violet,trainer-reward,trainer,,Amarys,false,false,true,,,,,,Only in The Indigo Disk,
tm226,scarlet,crafting,recipe,,TM Machine,true,false,true,,,1500,league-points,,,"Requires Tatsugiri Scales ×2, Lapras Teardrop ×2, and Applin Juice ×1."
tm226,scarlet,trainer-reward,trainer,,Prize for defeating Drayton,false,false,true,,,,,,Only in The Indigo Disk,
tm226,violet,trainer-reward,trainer,,Prize for defeating Drayton,false,false,true,,,,,,Only in The Indigo Disk,
tm226,violet,crafting,recipe,,TM Machine,true,false,true,,,1500,league-points,,,"Requires Tatsugiri Scales ×2, Lapras Teardrop ×2, and Applin Juice ×1."
tm227,scarlet,npc-defeat,,,Prize for defeating Lacey (The Indigo Disk),false,false,true,,,,,,Only in The Indigo Disk,
tm227,scarlet,crafting,recipe,,TM Machine,true,false,true,,,3000,league-points,,,"Requires Igglybuff Fluff ×3, Ralts Dust ×2, Cottonee Fluff ×2"
tm227,violet,crafting,recipe,,TM Machine,true,false,true,,,3000,league-points,,,"Requires Igglybuff Fluff ×3, Ralts Dust ×2, Cottonee Fluff ×2"
tm227,violet,npc-defeat,,,Prize for defeating Lacey (The Indigo Disk),false,false,true,,,,,,Only in The Indigo Disk,
tm228,scarlet,crafting,recipe,central-plaza,TM Machine,true,false,true,,,3000,league-points,,Only in The Indigo Disk,Requires Psyduck Down ×3 and Chingling Fragment ×3
tm228,violet,crafting,recipe,central-plaza,TM Machine,true,false,true,,,3000,league-points,,Only in The Indigo Disk,Requires Psyduck Down ×3 and Chingling Fragment ×3
tm229,scarlet,crafting,recipe,savanna-biome,TM Machine,true,false,true,,,1500,league-points,,Only available in The Indigo Disk,Requires Makuhita Sweat ×3 and Tyrogue Sweat ×3.
tm229,violet,crafting,recipe,savanna-biome,TM Machine,true,false,true,,,1500,league-points,,Only available in The Indigo Disk,Requires Makuhita Sweat ×3 and Tyrogue Sweat ×3.
tmv-pass,x,npc-gift,,lumiose-city,"Lumiose Station, from Professor Sycamore",false,false,true,,,,,,After entering the Hall of Fame,
tmv-pass,y,npc-gift,,lumiose-city,"Lumiose Station, from Professor Sycamore",false,false,true,,,,,,After entering the Hall of Fame,
tofu,scarlet,shop,specialty-shop,,Aquiesta Supermarket,true,false,true,,,260,pokedollars,,After earning 5 Gym Badges,
tofu,the-teal-mask,shop,specialty-shop,,Peachy's,true,false,true,,,260,pokedollars,,After earning 5 Badges,
tofu,violet,shop,specialty-shop,,Aquiesta Supermarket,true,false,true,,,260,pokedollars,,After earning 5 Gym Badges,
tomato,scarlet,shop,vendor,,Sure Cans,true,false,true,,,100,pokedollars,,,
tomato,scarlet,shop,vendor,,Peachy's,true,false,true,,,100,pokedollars,,The Teal Mask,
tomato,scarlet,shop,vendor,,Aquiesta Supermarket,true,false,true,,,100,pokedollars,,,
tomato,scarlet,vending-machine,,,Terarium,true,false,true,,,,,,The Indigo Disk,
tomato,violet,vending-machine,,,Terarium,true,false,true,,,,,,The Indigo Disk,
tomato,violet,shop,vendor,,Sure Cans,true,false,true,,,100,pokedollars,,,
tomato,violet,shop,vendor,,Aquiesta Supermarket,true,false,true,,,100,pokedollars,,,
tomato,violet,shop,vendor,,Peachy's,true,false,true,,,100,pokedollars,,The Teal Mask,
torn-journal,legends-arceus,overworld,visible,arenas-approach,Near two Snorunt in the Alabaster Icelands,false,false,true,,,,,,During Request 82: Traces of a Lost Village,
tough-candy,lets-go-eevee,wild-pokemon,,,Catch or transfer certain Pokémon,true,false,false,,,,,,,
tough-candy,lets-go-pikachu,wild-pokemon,,,Catch or transfer certain Pokémon,true,false,false,,,,,,,
tough-candy-l,lets-go-eevee,overworld,recurring,celadon-game-corner,Hidden recurring item,true,true,true,,,,,,,
tough-candy-l,lets-go-eevee,walking-pokemon,,,Poké Ball Plus,true,false,false,,,,,,,
tough-candy-l,lets-go-eevee,wild-pokemon,,,Catch or transfer specific Pokémon species,true,false,false,,,,,,,Obtained by catching or transferring certain Pokémon species.
tough-candy-l,lets-go-pikachu,walking-pokemon,,,Poké Ball Plus,true,false,false,,,,,,,
tough-candy-l,lets-go-pikachu,wild-pokemon,,,Catch or transfer specific Pokémon species,true,false,false,,,,,,,Obtained by catching or transferring certain Pokémon species.
tough-candy-l,lets-go-pikachu,overworld,recurring,celadon-game-corner,Hidden recurring item,true,true,true,,,,,,,
tough-candy-xl,lets-go-eevee,wild-pokemon,,,Obtained by catching or transferring certain Pokémon,true,false,true,,,,,,,
tough-candy-xl,lets-go-eevee,overworld,recurring,celadon-game-corner,,true,true,true,,,,,,,
tough-candy-xl,lets-go-eevee,transfer,,,Poké Ball Plus,true,false,true,,,,,,,
tough-candy-xl,lets-go-pikachu,wild-pokemon,,,Obtained by catching or transferring certain Pokémon,true,false,true,,,,,,,
tough-candy-xl,lets-go-pikachu,overworld,recurring,celadon-game-corner,,true,true,true,,,,,,,
tough-candy-xl,lets-go-pikachu,transfer,,,Poké Ball Plus,true,false,true,,,,,,,
town-map,black,npc-gift,,nuvema-town,From the player's Mom after obtaining the Pokédex,false,false,true,,,,,,After obtaining the Pokédex,
town-map,black-2,npc-gift,,aspertia-city,From Hugh's sister after receiving Poké Balls from Bianca,false,false,true,,,,,,After receiving Poké Balls from Bianca,
town-map,brilliant-diamond,npc-gift,,jubilife-city,"Trainers' School, from Barry after delivering the Parcel",false,false,true,,,,,,After delivering the Parcel,
town-map,diamond,npc-gift,,jubilife-city,"Trainers' School, from Barry after delivering the Parcel",false,false,true,,,,,,After delivering the Parcel,
town-map,firered,npc-gift,,pallet-town,From Daisy after obtaining the Pokédex,false,false,true,,,,,,After obtaining the Pokédex,
town-map,lets-go-pikachu,npc-gift,,pallet-town,From the player's Mom after obtaining the Pokédex,false,false,true,,,,,,After obtaining the Pokédex,
town-map,red,npc-gift,,pallet-town,From Daisy after obtaining the Pokédex,false,false,true,,,,,,After obtaining the Pokédex,
town-map,x,npc-gift,,vaniville-town,From the player's Mom after delivering the Prof's Letter,false,false,true,,,,,,After delivering the Prof's Letter,
toxic-plate,black,overworld,visible,abyssal-ruins,,false,false,true,,,,,,,
toxic-plate,diamond,overworld,visible,great-marsh,,false,false,true,,,,,,,
toxic-plate,heartgold,npc-gift,,ss-aqua,Captain,false,false,true,,,,,,After obtaining all 16 Gym Badges,
toxic-plate,legends-arceus,story,,clamberclaw-cliffs,Reward from Sneasler during Mission 11,false,false,true,,,,,,Mission 11: Scaling Perilous Heights,
toxic-plate,omega-ruby,overworld,visible,hoenn-route-129,Underwater,false,false,true,,,,,,,
toxic-plate,platinum,overworld,visible,great-marsh,,false,false,true,,,,,,,
toxic-plate,scarlet,auction,,porto-marinada,,false,false,false,,,,,,If the player owns an Arceus,
toxic-plate,sun,shop,specialty-shop,hauoli-city,Shopping District,false,false,true,,,,,,,
toxic-plate,x,overworld,visible,kalos-route-19,,false,false,true,,,,,,,
tr00,shield,crafting,cram-o-matic,master-dojo,Cram-o-matic,true,false,false,,,,,,Only in The Isle of Armor,Normal type recipes totaling 122–130 points
tr00,shield,shop,watt-trader,,Watt Traders,true,false,true,,,2000,watts,,,
tr00,shield,raid,max-raid,,4★–5★ Max Raid Battles in the Wild Area and DLC areas,true,false,false,,,,,,,"Available in base game, The Isle of Armor, and The Crown Tundra"
tr00,sword,shop,watt-trader,,Watt Traders,true,false,true,,,2000,watts,,,
tr00,sword,crafting,cram-o-matic,master-dojo,Cram-o-matic,true,false,false,,,,,,Only in The Isle of Armor,Normal type recipes totaling 122–130 points
tr00,sword,raid,max-raid,,4★–5★ Max Raid Battles in the Wild Area and DLC areas,true,false,false,,,,,,,"Available in base game, The Isle of Armor, and The Crown Tundra"
tr01,shield,exchange,watts,,Watt Traders,true,false,true,,,3000,watts,,,
tr01,shield,raid,max-raid,,3★–5★ Max Raid Battles,true,false,false,,,,,,,
tr01,shield,crafting,cram-o-matic,master-dojo,Cram-o-matic (Normal: 72–80 points),true,false,false,,,,,,Only in The Isle of Armor,
tr01,sword,exchange,watts,,Watt Traders,true,false,true,,,3000,watts,,,
tr01,sword,raid,max-raid,,3★–5★ Max Raid Battles,true,false,false,,,,,,,
tr01,sword,crafting,cram-o-matic,master-dojo,Cram-o-matic (Normal: 72–80 points),true,false,false,,,,,,Only in The Isle of Armor,
tr02,shield,raid,max-raid,,Max Raid Battles,true,false,false,,,,,,,
tr02,shield,exchange,watts,,Watt Traders,true,false,true,,,5000,watts,,,
tr02,sword,exchange,watts,,Watt Traders,true,false,true,,,5000,watts,,,
tr02,sword,raid,max-raid,,Max Raid Battles,true,false,false,,,,,,,
tr03,shield,raid,max-raid,,4★–5★ Max Raid Battles,true,false,false,,,,,,,
tr03,shield,shop,watt-trader,,Watt Traders,true,false,true,,,8000,watts,,,
tr03,sword,shop,watt-trader,,Watt Traders,true,false,true,,,8000,watts,,,
tr03,sword,raid,max-raid,,4★–5★ Max Raid Battles,true,false,false,,,,,,,
tr04,shield,crafting,cram-o-matic,,Water recipe (22–30 points),true,false,false,,,,,,Only in The Isle of Armor,
tr04,shield,exchange,watts,,Watt Traders,true,false,true,,,5000,watts,,,
tr04,shield,raid,max-raid,,4★–5★ Max Raid Battles,true,false,false,,,,,,,
tr04,sword,crafting,cram-o-matic,,Water recipe (22–30 points),true,false,false,,,,,,Only in The Isle of Armor,
tr04,sword,exchange,watts,,Watt Traders,true,false,true,,,5000,watts,,,
tr04,sword,raid,max-raid,,4★–5★ Max Raid Battles,true,false,false,,,,,,,
tr05,shield,overworld,visible,snowslide-slope,,true,false,true,,,,,,Only in The Crown Tundra,
tr05,shield,shop,watt-trader,,Watt Traders,true,false,true,,,5000,watts,,,
tr05,shield,raid,max-raid,,Max Raid Battles,true,false,false,,,,,,,
tr05,shield,crafting,cram-o-matic,,Cram-o-matic (Ice: 102–110 points),true,false,false,,,,,,Only in The Isle of Armor,
tr05,sword,raid,max-raid,,Max Raid Battles,true,false,false,,,,,,,
tr05,sword,overworld,visible,snowslide-slope,,true,false,true,,,,,,Only in The Crown Tundra,
tr05,sword,crafting,cram-o-matic,,Cram-o-matic (Ice: 102–110 points),true,false,false,,,,,,Only in The Isle of Armor,
tr05,sword,shop,watt-trader,,Watt Traders,true,false,true,,,5000,watts,,,
tr06,shield,exchange,watts,,Watt Traders,true,false,true,,,8000,watts,,,
tr06,shield,raid,max-raid,,4★–5★ Max Raid Battles,true,false,false,,,,,,,
tr06,sword,raid,max-raid,,4★–5★ Max Raid Battles,true,false,false,,,,,,,
tr06,sword,exchange,watts,,Watt Traders,true,false,true,,,8000,watts,,,
tr07,shield,crafting,cram-o-matic,master-dojo,Cram-o-matic,true,false,false,,,,,,Only in The Isle of Armor,"Fighting-type input, 2–20 points"
tr07,shield,shop,watt-trader,,Watt Traders,true,false,true,,,3000,watts,,,
tr07,shield,raid,max-raid,,"2★, 3★, 5★ Max Raid Battles",true,false,false,,,,,,,Includes Isle of Armor and The Crown Tundra areas
tr07,sword,raid,max-raid,,"2★, 3★, 5★ Max Raid Battles",true,false,false,,,,,,,Includes Isle of Armor and The Crown Tundra areas
tr07,sword,shop,watt-trader,,Watt Traders,true,false,true,,,3000,watts,,,
tr07,sword,crafting,cram-o-matic,master-dojo,Cram-o-matic,true,false,false,,,,,,Only in The Isle of Armor,"Fighting-type input, 2–20 points"
tr08,shield,shop,watt-trader,,Watt Traders,true,false,true,,,5000,watts,,,
tr08,sword,shop,watt-trader,,Watt Traders,true,false,true,,,5000,watts,,,
tr09,shield,exchange,watts,,Wild Area Watt Traders,true,false,true,,,8000,watts,,,
tr09,shield,raid,max-raid,,"4★, 5★ Max Raid Battles",true,false,false,,,,,,,
tr09,sword,raid,max-raid,,"4★, 5★ Max Raid Battles",true,false,false,,,,,,,
tr09,sword,crafting,cram-o-matic,,Cram-o-matic (Electric: 122–130 points),true,false,false,,,,,,Only in The Isle of Armor,
tr09,sword,exchange,watts,,Wild Area Watt Traders,true,false,true,,,8000,watts,,,
tr10,shield,shop,watt-trader,,Watt Traders,true,false,true,,,8000,watts,,,
tr10,shield,raid,max-raid,,"4★, 5★ Max Raid Battles",true,false,false,,,,,,,
tr10,sword,shop,watt-trader,,Watt Traders,true,false,true,,,8000,watts,,,
tr10,sword,raid,max-raid,,"4★, 5★ Max Raid Battles",true,false,false,,,,,,,
tr10,sword,crafting,cram-o-matic,,Cram-o-matic,true,false,true,,,,,,Only in The Isle of Armor,Ground recipe: 122-130 points
tr11,shield,raid,max-raid,,"2★, 3★, 5★ Max Raid Battles",true,false,false,,,,,,,
tr11,shield,shop,watt-trader,,Watt Traders,true,false,true,,,5000,watts,,,
tr11,shield,crafting,cram-o-matic,,Cram-o-matic (Psychic 132–140 points),true,false,false,,,,,,Only in The Isle of Armor,
tr11,sword,shop,watt-trader,,Watt Traders,true,false,true,,,5000,watts,,,
tr11,sword,crafting,cram-o-matic,,Cram-o-matic (Psychic 132–140 points),true,false,false,,,,,,Only in The Isle of Armor,
tr11,sword,raid,max-raid,,"2★, 3★, 5★ Max Raid Battles",true,false,false,,,,,,,
tr12,shield,shop,watt-trader,,Watt Traders,true,false,true,,,2000,watts,,,
tr12,shield,raid,max-raid,,3★–5★ Max Raid Battles,true,false,false,,,,,,,
tr12,shield,crafting,cram-o-matic,master-dojo,Cram-o-matic,true,false,false,,,,,,Only in The Isle of Armor,Psychic: 2–20 points
tr12,sword,shop,watt-trader,,Watt Traders,true,false,true,,,2000,watts,,,
tr12,sword,raid,max-raid,,3★–5★ Max Raid Battles,true,false,false,,,,,,,
tr12,sword,crafting,cram-o-matic,master-dojo,Cram-o-matic,true,false,false,,,,,,Only in The Isle of Armor,Psychic: 2–20 points
tr13,shield,shop,watt-trader,motostoke,Wild Area Watt Traders,true,false,true,,,1000,watts,,,
tr13,shield,raid,max-raid,,3★–5★ Max Raid Battles,true,false,false,,,,,,,
tr13,sword,raid,max-raid,,3★–5★ Max Raid Battles,true,false,false,,,,,,,
tr13,sword,shop,watt-trader,motostoke,Wild Area Watt Traders,true,false,true,,,1000,watts,,,
tr14,shield,raid,max-raid,,4★–5★ Max Raid Battles,true,false,false,,,,,,,
tr14,shield,shop,watt-trader,,Watt Traders,true,false,true,,,1000,watts,,,
tr14,shield,crafting,cram-o-matic,master-dojo,Cram-o-matic (Normal: 22–30 points),true,false,false,,,,,,Only in The Isle of Armor,
tr14,sword,shop,watt-trader,,Watt Traders,true,false,true,,,1000,watts,,,
tr14,sword,raid,max-raid,,4★–5★ Max Raid Battles,true,false,false,,,,,,,
tr14,sword,crafting,cram-o-matic,master-dojo,Cram-o-matic (Normal: 22–30 points),true,false,false,,,,,,Only in The Isle of Armor,
tr15,shield,raid,max-raid,stony-wilderness,"4★, 5★ Max Raid Battles",true,false,false,,,,,,,
tr15,shield,exchange,watts,,Watt Traders,true,false,true,,,8000,watts,,,
tr15,sword,raid,max-raid,hammerlocke-hills,"4★, 5★ Max Raid Battles",true,false,false,,,,,,,
tr15,sword,exchange,watts,,Watt Traders,true,false,true,,,8000,watts,,,
tr16,shield,shop,watt-trader,,Watt Traders,true,false,true,,,3000,watts,,,
tr16,shield,raid,max-raid,,"1★, 2★, 5★ Max Raid Battles in listed Wild Area locations and DLC areas",true,false,false,,,,,,,
tr16,shield,crafting,cram-o-matic,master-dojo,Cram-o-matic (Water: 52–60 points),true,false,false,,,,,,Only in The Isle of Armor,
tr16,sword,shop,watt-trader,,Watt Traders,true,false,true,,,3000,watts,,,
tr16,sword,raid,max-raid,,"1★, 2★, 5★ Max Raid Battles in listed Wild Area locations and DLC areas",true,false,false,,,,,,,
tr16,sword,crafting,cram-o-matic,master-dojo,Cram-o-matic (Water: 52–60 points),true,false,false,,,,,,Only in The Isle of Armor,
tr17,shield,shop,watt-trader,,Wild Area Watt Traders,true,false,true,,,2000,watts,,,
tr17,shield,raid,max-raid,,2★–5★ Max Raid Battles,true,false,false,,,,,,,
tr17,shield,crafting,cram-o-matic,master-dojo,Cram-o-matic (Psychic: 92–100 points),true,false,false,,,,,,Only in The Isle of Armor,
tr17,sword,shop,watt-trader,,Wild Area Watt Traders,true,false,true,,,2000,watts,,,
tr17,sword,raid,max-raid,,2★–5★ Max Raid Battles,true,false,false,,,,,,,
tr17,sword,crafting,cram-o-matic,master-dojo,Cram-o-matic (Psychic: 92–100 points),true,false,false,,,,,,Only in The Isle of Armor,
tr18,shield,raid,max-raid,,Max Raid Battles,true,false,false,,,,,,,"Available in Bridge Field, Dappled Grove, Rolling Fields, South Lake Miloch"
tr18,shield,shop,watt-trader,,Watt Traders,true,false,true,,,3000,watts,,,
tr18,shield,crafting,cram-o-matic,master-dojo,Cram-o-matic (Bug: 22–30 points),true,false,false,,,,,,Only in The Isle of Armor,
tr18,sword,shop,watt-trader,,Watt Traders,true,false,true,,,3000,watts,,,
tr18,sword,crafting,cram-o-matic,master-dojo,Cram-o-matic (Bug: 22–30 points),true,false,false,,,,,,Only in The Isle of Armor,
tr18,sword,raid,max-raid,,Max Raid Battles,true,false,false,,,,,,,"Available in Bridge Field, Dappled Grove, Rolling Fields, South Lake Miloch"
tr19,shield,raid,max-raid,,Max Raid Battles,true,false,false,,,,,,,
tr19,shield,shop,watt-trader,,Watt Traders,true,false,true,,,2000,watts,,,
tr19,sword,raid,max-raid,,Max Raid Battles,true,false,false,,,,,,,
tr19,sword,shop,watt-trader,,Watt Traders,true,false,true,,,2000,watts,,,
tr19,the-isle-of-armor,crafting,cram-o-matic,,Cram-o-matic (Normal: 82–90 points),true,false,false,,,,,,,
tr20,shield,raid,max-raid,rolling-fields,"4★, 5★ Max Raid Battles",true,false,false,,,,,,,
tr20,shield,shop,watt-trader,,Watt Traders,true,false,true,,,3000,watts,,,
tr20,sword,shop,watt-trader,,Watt Traders,true,false,true,,,3000,watts,,,
tr20,sword,raid,max-raid,east-lake-axewell,"4★, 5★ Max Raid Battles",true,false,false,,,,,,,
tr20,sword,crafting,cram-o-matic,,Cram-o-matic (Normal: 112–120 points),true,false,false,,,,,,Only in The Isle of Armor,
tr21,shield,shop,watt-trader,,Watt Traders,true,false,true,,,2000,watts,,,
tr21,shield,raid,max-raid,,"2★, 3★, 5★ Max Raid Battles",true,false,false,,,,,,,
tr21,shield,crafting,cram-o-matic,challenge-beach,Cram-o-matic (Fighting: 62–70 points),true,false,false,,,,,,Only in The Isle of Armor,
tr21,sword,shop,watt-trader,,Watt Traders,true,false,true,,,2000,watts,,,
tr21,sword,raid,max-raid,,"2★, 3★, 5★ Max Raid Battles",true,false,false,,,,,,,
tr21,sword,crafting,cram-o-matic,challenge-beach,Cram-o-matic (Fighting: 62–70 points),true,false,false,,,,,,Only in The Isle of Armor,
tr22,shield,crafting,cram-o-matic,master-dojo,Cram-o-matic (Poison: 102–110 points),true,false,false,,,,,,Only in The Isle of Armor,
tr22,shield,shop,watt-trader,,Watt Traders,true,false,true,,,5000,watts,,,
tr22,shield,raid,max-raid,,"3★, 4★, 5★ Max Raid Battles",true,false,false,,,,,,,
tr22,sword,shop,watt-trader,,Watt Traders,true,false,true,,,5000,watts,,,
tr22,sword,crafting,cram-o-matic,master-dojo,Cram-o-matic (Poison: 102–110 points),true,false,false,,,,,,Only in The Isle of Armor,
tr22,sword,raid,max-raid,,"3★, 4★, 5★ Max Raid Battles",true,false,false,,,,,,,
tr23,shield,exchange,watts,,Watt Traders,true,false,true,,,2000,watts,,,
tr23,shield,raid,max-raid,,"3★, 4★, 5★ Max Raid Battles",true,false,false,,,,,,,"Includes Wild Area, Isle of Armor, and Crown Tundra locations"
tr23,shield,crafting,cram-o-matic,,Cram-o-matic (Ground: 22–30 points),true,false,false,,,,,,Only in The Isle of Armor,
tr23,sword,exchange,watts,,Watt Traders,true,false,true,,,2000,watts,,,
tr23,sword,raid,max-raid,,"3★, 4★, 5★ Max Raid Battles",true,false,false,,,,,,,"Includes Wild Area, Isle of Armor, and Crown Tundra locations"
tr23,sword,crafting,cram-o-matic,,Cram-o-matic (Ground: 22–30 points),true,false,false,,,,,,Only in The Isle of Armor,
tr24,shield,raid,max-raid,,4★–5★ Max Raid Battles,true,false,false,,,,,,,
tr24,shield,shop,watt-trader,,Watt Traders,true,false,true,,,8000,watts,,,
tr24,shield,crafting,cram-o-matic,,Cram-o-matic (Dragon-type combination),true,false,false,,,,,,Only in The Isle of Armor,
tr24,sword,shop,watt-trader,,Watt Traders,true,false,true,,,8000,watts,,,
tr24,sword,crafting,cram-o-matic,,Cram-o-matic (Dragon-type combination),true,false,false,,,,,,Only in The Isle of Armor,
tr24,sword,raid,max-raid,,4★–5★ Max Raid Battles,true,false,false,,,,,,,
tr25,shield,raid,max-raid,,Max Raid Battles,true,false,false,,,,,,,
tr25,shield,exchange,watts,,Wild Area Watt Traders,true,false,true,,,3000,watts,,,
tr25,sword,raid,max-raid,,Max Raid Battles,true,false,false,,,,,,,
tr25,sword,exchange,watts,,Wild Area Watt Traders,true,false,true,,,3000,watts,,,
tr25,sword,crafting,cram-o-matic,,Cram-o-matic,true,false,false,,,,,,Psychic-type points 72–80,Only in The Isle of Armor
tr26,shield,raid,max-raid,,3★–5★ Max Raid Battles,true,false,false,,,,,,,
tr26,shield,exchange,watts,,Watt Traders,true,false,true,,,1000,watts,,,
tr26,sword,exchange,watts,,Watt Traders,true,false,true,,,1000,watts,,,
tr26,sword,raid,max-raid,,3★–5★ Max Raid Battles,true,false,false,,,,,,,
tr27,shield,shop,watt-trader,,Watt Traders,true,false,true,,,2000,watts,,,
tr27,shield,raid,max-raid,,Max Raid Battles,true,false,false,,,,,,,
tr27,sword,shop,watt-trader,,Watt Traders,true,false,true,,,2000,watts,,,
tr27,sword,raid,max-raid,,Max Raid Battles,true,false,false,,,,,,,
tr28,shield,raid,max-raid,,4★–5★ Max Raid Battles,true,false,false,,,,,,,
tr28,shield,exchange,watts,,Watt Traders,true,false,true,,,8000,watts,,,
tr28,sword,raid,max-raid,,4★–5★ Max Raid Battles,true,false,false,,,,,,,
tr28,sword,exchange,watts,,Watt Traders,true,false,true,,,8000,watts,,,
tr29,shield,crafting,cram-o-matic,master-dojo,Cram-o-matic (Normal: 92–100 points),true,false,false,,,,,,Only in The Isle of Armor,
tr29,shield,exchange,watts,,Watt Traders,true,false,true,,,2000,watts,,,
tr29,shield,raid,max-raid,,4★–5★ Max Raid Battles,true,false,false,,,,,,,
tr29,sword,exchange,watts,,Watt Traders,true,false,true,,,2000,watts,,,
tr29,sword,crafting,cram-o-matic,master-dojo,Cram-o-matic (Normal: 92–100 points),true,false,false,,,,,,Only in The Isle of Armor,
tr29,sword,raid,max-raid,,4★–5★ Max Raid Battles,true,false,false,,,,,,,
tr30,shield,shop,watt-trader,,Watt Traders,true,false,true,,,2000,watts,,,
tr30,shield,crafting,cram-o-matic,,Cram-o-matic (Normal: 102–110 points),true,false,false,,,,,,Only in The Isle of Armor,
tr30,shield,raid,max-raid,,3★–5★ Max Raid Battles,true,false,false,,,,,,,
tr30,sword,crafting,cram-o-matic,,Cram-o-matic (Normal: 102–110 points),true,false,false,,,,,,Only in The Isle of Armor,
tr30,sword,raid,max-raid,,3★–5★ Max Raid Battles,true,false,false,,,,,,,
tr30,sword,shop,watt-trader,,Watt Traders,true,false,true,,,2000,watts,,,
tr31,shield,crafting,cram-o-matic,brawlers-cave,Cram-o-matic (Steel: 2–20 points),true,false,false,,,,,,Only in The Isle of Armor,
tr31,shield,exchange,watts,,Watt Traders,true,false,true,,,5000,watts,,,
tr31,shield,raid,max-raid,,4★ and 5★ Max Raid Battles,true,false,false,,,,,,,
tr31,sword,crafting,cram-o-matic,brawlers-cave,Cram-o-matic (Steel: 2–20 points),true,false,false,,,,,,Only in The Isle of Armor,
tr31,sword,exchange,watts,,Watt Traders,true,false,true,,,5000,watts,,,
tr31,sword,raid,max-raid,,4★ and 5★ Max Raid Battles,true,false,false,,,,,,,
tr32,shield,exchange,watts,,Watt Traders,true,false,true,,,3000,watts,,,
tr32,shield,raid,max-raid,,Max Raid Battles,true,false,false,,,,,,,
tr32,sword,raid,max-raid,,Max Raid Battles,true,false,false,,,,,,,
tr32,sword,exchange,watts,,Watt Traders,true,false,true,,,3000,watts,,,
tr33,shield,raid,max-raid,,"Max Raid Battles in the Wild Area, Isle of Armor, and Crown Tundra",true,false,false,,,,,,,"Available from 1★, 2★, 4★, and 5★ raids"
tr33,shield,overworld,visible,old-cemetery,,false,false,true,,,,,,Only in The Crown Tundra,
tr33,shield,shop,watt-trader,,Watt Traders,true,false,true,,,3000,watts,,,
tr33,shield,crafting,cram-o-matic,,Cram-o-matic (Ghost-type recipes),true,false,false,,,,,,Only in The Isle of Armor,Requires 122–130 Ghost points
tr33,sword,raid,max-raid,,"Max Raid Battles in the Wild Area, Isle of Armor, and Crown Tundra",true,false,false,,,,,,,"Available from 1★, 2★, 4★, and 5★ raids"
tr33,sword,shop,watt-trader,,Watt Traders,true,false,true,,,3000,watts,,,
tr33,sword,crafting,cram-o-matic,,Cram-o-matic (Ghost-type recipes),true,false,false,,,,,,Only in The Isle of Armor,Requires 122–130 Ghost points
tr33,sword,overworld,visible,old-cemetery,,false,false,true,,,,,,Only in The Crown Tundra,
tr34,shield,exchange,watts,,Watt Traders,true,false,true,,,3000,watts,,,
tr34,shield,raid,max-raid,,4★–5★ Max Raid Battles,true,false,false,,,,,,,
tr34,shield,crafting,cram-o-matic,,"Cram-o-matic (Psychic type, 22–30 points)",true,false,false,,,,,,Only in The Isle of Armor,
tr34,sword,exchange,watts,,Watt Traders,true,false,true,,,3000,watts,,,
tr34,sword,raid,max-raid,,4★–5★ Max Raid Battles,true,false,false,,,,,,,
tr34,sword,crafting,cram-o-matic,,"Cram-o-matic (Psychic type, 22–30 points)",true,false,false,,,,,,Only in The Isle of Armor,
tr35,shield,crafting,cram-o-matic,master-dojo,Cram-o-matic (Normal: 62–70 points),true,false,false,,,,,,Only in The Isle of Armor,
tr35,shield,shop,watt-trader,,Watt Traders,true,false,true,,,3000,watts,,,
tr35,shield,raid,max-raid,,"2★, 3★, and 5★ Max Raid Battles",true,false,false,,,,,,,
tr35,sword,shop,watt-trader,,Watt Traders,true,false,true,,,3000,watts,,,
tr35,sword,crafting,cram-o-matic,master-dojo,Cram-o-matic (Normal: 62–70 points),true,false,false,,,,,,Only in The Isle of Armor,
tr35,sword,raid,max-raid,,"2★, 3★, and 5★ Max Raid Battles",true,false,false,,,,,,,
tr36,shield,exchange,watts,,Watt Traders,true,false,true,,,5000,watts,,,
tr36,shield,raid,max-raid,,3★–5★ Max Raid Battles,true,false,false,,,,,,,"Includes Giant's Cap, Lake of Outrage, and Stony Wilderness"
tr36,shield,crafting,cram-o-matic,,Cram-o-matic,true,false,false,,,,,,Only in The Isle of Armor,Fire-type ingredients totaling 72–80 points
tr36,sword,raid,max-raid,,3★–5★ Max Raid Battles,true,false,false,,,,,,,"Includes Giant's Cap, Lake of Outrage, and Stony Wilderness"
tr36,sword,exchange,watts,,Watt Traders,true,false,true,,,5000,watts,,,
tr36,sword,crafting,cram-o-matic,,Cram-o-matic,true,false,false,,,,,,Only in The Isle of Armor,Fire-type ingredients totaling 72–80 points
tr37,shield,exchange,watts,,Watt Traders,true,false,true,,,2000,watts,,,
tr37,shield,raid,max-raid,,4★ and 5★ Max Raid Battles,true,false,false,,,,,,,
tr37,shield,crafting,cram-o-matic,,Cram-o-matic,true,false,false,,,,,,Only in The Isle of Armor,"Dark-type recipe, 2–20 points"
tr37,sword,crafting,cram-o-matic,,Cram-o-matic,true,false,false,,,,,,Only in The Isle of Armor,"Dark-type recipe, 2–20 points"
tr37,sword,exchange,watts,,Watt Traders,true,false,true,,,2000,watts,,,
tr37,sword,raid,max-raid,,4★ and 5★ Max Raid Battles,true,false,false,,,,,,,
tr38,shield,raid,max-raid,,"3★, 4★, 5★ Max Raid Battles",true,false,false,,,,,,,
tr38,shield,shop,watt-trader,,Watt Traders,true,false,true,,,2000,watts,,,
tr38,sword,crafting,cram-o-matic,challenge-beach,Cram-o-matic (Psychic: 102–110 points),true,false,false,,,,,,Only in The Isle of Armor,
tr38,sword,shop,watt-trader,,Watt Traders,true,false,true,,,2000,watts,,,
tr38,sword,raid,max-raid,,"3★, 4★, 5★ Max Raid Battles",true,false,false,,,,,,,
tr39,shield,exchange,watts,,Wild Area and DLC Watt Traders,true,false,true,,,8000,watts,,,
tr39,shield,raid,max-raid,,3★–5★ Max Raid Battles in Wild Area and DLC areas,true,false,false,,,,,,,
tr39,shield,crafting,cram-o-matic,,Cram-o-matic (Fighting-type recipe),true,false,false,,,,,,Only in The Isle of Armor,Requires 112–120 Fighting points
tr39,sword,exchange,watts,,Wild Area and DLC Watt Traders,true,false,true,,,8000,watts,,,
tr39,sword,raid,max-raid,,3★–5★ Max Raid Battles in Wild Area and DLC areas,true,false,false,,,,,,,
tr39,sword,crafting,cram-o-matic,,Cram-o-matic (Fighting-type recipe),true,false,false,,,,,,Only in The Isle of Armor,Requires 112–120 Fighting points
tr40,shield,shop,watt-trader,,Watt Traders,true,false,true,,,1000,watts,,,
tr40,shield,raid,max-raid,stony-wilderness,"4★, 5★ Max Raid Battles",true,false,false,,,,,,,
tr40,sword,shop,watt-trader,,Watt Traders,true,false,true,,,1000,watts,,,
tr40,sword,crafting,cram-o-matic,,Psychic: 32–40 points,true,false,false,,,,,,Only in The Isle of Armor,
tr40,sword,raid,max-raid,motostoke-riverbank,"4★, 5★ Max Raid Battles",true,false,false,,,,,,,
tr41,shield,raid,max-raid,,"3★, 4★, 5★ Max Raid Battles",true,false,false,,,,,,,
tr41,shield,exchange,watts,,Watt Traders,true,false,true,,,3000,watts,,,
tr41,sword,exchange,watts,,Watt Traders,true,false,true,,,3000,watts,,,
tr41,sword,raid,max-raid,,"3★, 4★, 5★ Max Raid Battles",true,false,false,,,,,,,
tr42,shield,shop,watt-trader,,Watt Traders,true,false,true,,,5000,watts,,,
tr42,shield,raid,max-raid,,"1★, 2★, 4★, 5★ Max Raid Battles",true,false,false,,,,,,,
tr42,shield,crafting,cram-o-matic,,Cram-o-matic (Normal: 132–140 points),true,false,false,,,,,,Only in The Isle of Armor,
tr42,sword,shop,watt-trader,,Watt Traders,true,false,true,,,5000,watts,,,
tr42,sword,raid,max-raid,,"1★, 2★, 4★, 5★ Max Raid Battles",true,false,false,,,,,,,
tr42,sword,crafting,cram-o-matic,,Cram-o-matic (Normal: 132–140 points),true,false,false,,,,,,Only in The Isle of Armor,
tr43,shield,shop,watt-trader,,Watt Traders,true,false,true,,,8000,watts,,,
tr43,shield,raid,max-raid,,"4★, 5★ Max Raid Battles",true,false,false,,,,,,,
tr43,sword,raid,max-raid,,"4★, 5★ Max Raid Battles",true,false,false,,,,,,,
tr43,sword,shop,watt-trader,,Watt Traders,true,false,true,,,8000,watts,,,
tr44,shield,raid,max-raid,,3★–5★ Max Raid Battles,true,false,false,,,,,,,
tr44,shield,shop,watt-trader,,Watt Traders,true,false,true,,,2000,watts,,,
tr44,sword,shop,watt-trader,,Watt Traders,true,false,true,,,2000,watts,,,
tr44,sword,raid,max-raid,,3★–5★ Max Raid Battles,true,false,false,,,,,,,
tr45,shield,raid,max-raid,,3★ and 5★ Max Raid Battles,true,false,false,,,,,,,
tr45,shield,shop,watt-trader,,Watt Traders,true,false,true,,,5000,watts,,,
tr45,sword,raid,max-raid,,3★ and 5★ Max Raid Battles,true,false,false,,,,,,,
tr45,sword,shop,watt-trader,,Watt Traders,true,false,true,,,5000,watts,,,
tr46,shield,crafting,cram-o-matic,master-dojo,Cram-o-matic (Steel-type points),true,false,false,,,,,,Only in The Isle of Armor,
tr46,shield,shop,watt-trader,,Watt Traders,true,false,true,,,2000,watts,,,
tr46,shield,raid,max-raid,,4★–5★ Max Raid Battles,true,false,false,,,,,,,
tr46,sword,shop,watt-trader,,Watt Traders,true,false,true,,,2000,watts,,,
tr46,sword,crafting,cram-o-matic,master-dojo,Cram-o-matic (Steel-type points),true,false,false,,,,,,Only in The Isle of Armor,
tr46,sword,raid,max-raid,,4★–5★ Max Raid Battles,true,false,false,,,,,,,
tr47,shield,shop,watt-trader,,Watt Traders,true,false,true,,,3000,watts,,,
tr47,shield,raid,max-raid,,Max Raid Battles,true,false,false,,,,,,,
tr47,sword,raid,max-raid,,Max Raid Battles,true,false,false,,,,,,,
tr47,sword,shop,watt-trader,,Watt Traders,true,false,true,,,3000,watts,,,
tr48,shield,shop,watt-trader,,Watt Traders,true,false,true,,,2000,watts,,,
tr48,shield,raid,max-raid,,"3★, 4★, 5★ Max Raid Battles",true,false,false,,,,,,,
tr48,shield,crafting,cram-o-matic,master-dojo,"Cram-o-matic (Fighting-type output, 52–60 points)",true,false,false,,,,,,Only in The Isle of Armor,
tr48,sword,shop,watt-trader,,Watt Traders,true,false,true,,,2000,watts,,,
tr48,sword,raid,max-raid,,"3★, 4★, 5★ Max Raid Battles",true,false,false,,,,,,,
tr48,sword,crafting,cram-o-matic,master-dojo,"Cram-o-matic (Fighting-type output, 52–60 points)",true,false,false,,,,,,Only in The Isle of Armor,
tr49,shield,shop,watt-trader,,Watt Traders,true,false,true,,,2000,watts,,,
tr49,shield,raid,max-raid,,3★–5★ Max Raid Battles,true,false,false,,,,,,,
tr49,sword,shop,watt-trader,,Watt Traders,true,false,true,,,2000,watts,,,
tr49,sword,raid,max-raid,,3★–5★ Max Raid Battles,true,false,false,,,,,,,
tr49,the-crown-tundra,shop,watt-trader,snowslide-slope,Watt Trader,true,false,true,,,2000,watts,,,
tr49,the-isle-of-armor,crafting,cram-o-matic,training-lowlands,Cram-o-matic (Psychic: 112–120 points),true,false,false,,,,,,,
tr50,shield,crafting,cram-o-matic,master-dojo,Cram-o-matic (Grass: 62–70 points),true,false,false,,,,,,Only in The Isle of Armor,
tr50,shield,shop,watt-trader,,Watt Traders,true,false,true,,,5000,watts,,,
tr50,shield,raid,max-raid,,3★–5★ Max Raid Battles,true,false,false,,,,,,,
tr50,sword,shop,watt-trader,,Watt Traders,true,false,true,,,5000,watts,,,
tr50,sword,crafting,cram-o-matic,master-dojo,Cram-o-matic (Grass: 62–70 points),true,false,false,,,,,,Only in The Isle of Armor,
tr50,sword,raid,max-raid,,3★–5★ Max Raid Battles,true,false,false,,,,,,,
tr51,shield,crafting,cram-o-matic,,Cram-o-matic (Dragon: 112–120 points),true,false,false,,,,,,Only in The Isle of Armor,
tr51,shield,exchange,watts,,Wild Area Watt Traders,true,false,true,,,2000,watts,,,
tr51,shield,raid,max-raid,,"3★, 4★, 5★ Max Raid Battles",true,false,false,,,,,,,
tr51,sword,raid,max-raid,,"3★, 4★, 5★ Max Raid Battles",true,false,false,,,,,,,
tr51,sword,crafting,cram-o-matic,,Cram-o-matic (Dragon: 112–120 points),true,false,false,,,,,,Only in The Isle of Armor,
tr51,sword,exchange,watts,,Wild Area Watt Traders,true,false,true,,,2000,watts,,,
tr52,shield,shop,watt-trader,,Watt Traders,true,false,true,,,3000,watts,,,
tr52,sword,shop,watt-trader,,Watt Traders,true,false,true,,,3000,watts,,,
tr52,sword-shield,raid,max-raid,,3★–5★ Max Raid Battles,true,false,false,,,,,,,Available in various Wild Area locations and DLC areas
tr52,the-crown-tundra,shop,watt-trader,snowslide-slope,Watt Trader,true,false,true,,,3000,watts,,,
tr52,the-isle-of-armor,crafting,cram-o-matic,,Cram-o-matic,true,false,false,,,,,,Steel-type input totaling 72–80 points,
tr53,shield,shop,watt-trader,,Wild Area Watt Traders,true,false,true,,,8000,watts,,,
tr53,shield,raid,max-raid,,4★ and 5★ Max Raid Battles,true,false,false,,,,,,,
tr53,shield,crafting,cram-o-matic,,Cram-o-matic (Fighting: 122–130 points),true,false,false,,,,,,Only in The Isle of Armor,
tr53,sword,raid,max-raid,,4★ and 5★ Max Raid Battles,true,false,false,,,,,,,
tr53,sword,crafting,cram-o-matic,,Cram-o-matic (Fighting: 122–130 points),true,false,false,,,,,,Only in The Isle of Armor,
tr53,sword,shop,watt-trader,,Wild Area Watt Traders,true,false,true,,,8000,watts,,,
tr54,shield,shop,watt-trader,,Wild Area Watt Traders,true,false,true,,,2000,watts,,,
tr54,shield,raid,max-raid,,Max Raid Battles in the Wild Area,true,false,false,,,,,,,
tr54,sword,raid,max-raid,,Max Raid Battles in the Wild Area,true,false,false,,,,,,,
tr54,sword,crafting,cram-o-matic,,"Cram-o-matic (Poison type, 52–60 points)",true,false,false,,,,,,Only in The Isle of Armor,
tr54,sword,shop,watt-trader,,Wild Area Watt Traders,true,false,true,,,2000,watts,,,
tr55,shield,exchange,watts,,Watt Traders,true,false,true,,,8000,watts,,,
tr55,shield,raid,max-raid,,4★–5★ Max Raid Battles,true,false,false,,,,,,,Available in specific Wild Area locations and expansion areas
tr55,sword,exchange,watts,,Watt Traders,true,false,true,,,8000,watts,,,
tr55,sword,raid,max-raid,,4★–5★ Max Raid Battles,true,false,false,,,,,,,Available in specific Wild Area locations and expansion areas
tr55,sword,crafting,cram-o-matic,,Cram-o-matic,true,false,false,,,,,,Only in The Isle of Armor,Fire-type combination totaling 112–120 points
tr56,shield,raid,max-raid,,Max Raid Battles,true,false,false,,,,,,,
tr56,shield,shop,watt-trader,,Watt Traders,true,false,true,,,3000,watts,,,
tr56,shield,crafting,cram-o-matic,,Cram-o-matic (Fighting: 22–30 points),true,false,false,,,,,,Only in The Isle of Armor,
tr56,sword,shop,watt-trader,,Watt Traders,true,false,true,,,3000,watts,,,
tr56,sword,crafting,cram-o-matic,,Cram-o-matic (Fighting: 22–30 points),true,false,false,,,,,,Only in The Isle of Armor,
tr56,sword,raid,max-raid,,Max Raid Battles,true,false,false,,,,,,,
tr57,shield,exchange,watts,,Watt Traders,true,false,true,,,3000,watts,,,
tr57,shield,raid,max-raid,,Max Raid Battles,true,false,false,,,,,,,
tr57,shield,crafting,cram-o-matic,,Cram-o-matic (Poison: 72–80 points),true,false,false,,,,,,Only in The Isle of Armor,
tr57,sword,exchange,watts,,Watt Traders,true,false,true,,,3000,watts,,,
tr57,sword,raid,max-raid,,Max Raid Battles,true,false,false,,,,,,,
tr57,sword,crafting,cram-o-matic,,Cram-o-matic (Poison: 72–80 points),true,false,false,,,,,,Only in The Isle of Armor,
tr58,shield,shop,watt-trader,,Watt Traders,true,false,true,,,3000,watts,,,
tr58,shield,raid,max-raid,,"3★, 4★, 5★ Max Raid Battles",true,false,false,,,,,,,Some locations exclusive to Shield
tr58,sword,raid,max-raid,,"3★, 4★, 5★ Max Raid Battles",true,false,false,,,,,,,
tr58,sword,shop,watt-trader,,Watt Traders,true,false,true,,,3000,watts,,,
tr59,shield,raid,max-raid,giants-mirror,Max Raid Battles,true,false,false,,,,,,,
tr59,shield,exchange,watts,,Watt Traders,true,false,true,,,3000,watts,,,
tr59,sword,raid,max-raid,dappled-grove,Max Raid Battles,true,false,false,,,,,,,
tr59,sword,exchange,watts,,Watt Traders,true,false,true,,,3000,watts,,,
tr60,shield,crafting,cram-o-matic,,Cram-o-matic (Bug: 2–20 points),true,false,false,,,,,,Only in The Isle of Armor,
tr60,shield,raid,max-raid,,Max Raid Battles,true,false,false,,,,,,,
tr60,shield,shop,watt-trader,,Watt Traders,true,false,true,,,3000,watts,,,
tr60,sword,crafting,cram-o-matic,,Cram-o-matic (Bug: 2–20 points),true,false,false,,,,,,Only in The Isle of Armor,
tr60,sword,shop,watt-trader,,Watt Traders,true,false,true,,,3000,watts,,,
tr60,sword,raid,max-raid,,Max Raid Battles,true,false,false,,,,,,,
tr61,shield,exchange,watts,,Watt Trader,true,false,true,,,5000,watts,,,
tr61,shield,raid,max-raid,,3★–5★ Max Raid Battles,true,false,false,,,,,,,
tr61,shield,crafting,cram-o-matic,,Cram-o-matic (Bug: 72–80 points),true,false,false,,,,,,Only in The Isle of Armor,
tr61,sword,exchange,watts,,Watt Trader,true,false,true,,,5000,watts,,,
tr61,sword,raid,max-raid,,3★–5★ Max Raid Battles,true,false,false,,,,,,,
tr61,sword,crafting,cram-o-matic,,Cram-o-matic (Bug: 72–80 points),true,false,false,,,,,,Only in The Isle of Armor,
tr62,shield,raid,max-raid,rolling-fields,Max Raid Battles,true,false,false,,,,,,,Shield only locations apply
tr62,shield,exchange,watts,,Watt Traders,true,false,true,,,3000,watts,,,
tr62,shield,exchange,watts,snowslide-slope,Watt Trader,true,false,true,,,3000,watts,,Only in The Crown Tundra,
tr62,sword,exchange,watts,,Watt Traders,true,false,true,,,3000,watts,,,
tr62,sword,raid,max-raid,axews-eye,Max Raid Battles,true,false,false,,,,,,,
tr62,sword,crafting,cram-o-matic,,Cram-o-matic (Dragon: 92–100),true,false,false,,,,,,Only in The Isle of Armor,
tr63,shield,crafting,cram-o-matic,,Cram-o-matic (Rock: 82–90 points),true,false,false,,,,,,Only in The Isle of Armor,
tr63,shield,exchange,watts,,Watt Traders,true,false,true,,,3000,watts,,,
tr63,sword,crafting,cram-o-matic,,Cram-o-matic (Rock: 82–90 points),true,false,false,,,,,,Only in The Isle of Armor,
tr63,sword,exchange,watts,,Watt Traders,true,false,true,,,3000,watts,,,
tr64,shield,shop,watt-trader,,Watt Traders,true,false,true,,,8000,watts,,,
tr64,shield,raid,max-raid,,4★–5★ Max Raid Battles,true,false,false,,,,,,,
tr64,shield,crafting,cram-o-matic,master-dojo,"Cram-o-matic (Fighting-type, 102–110 points)",true,false,false,,,,,,Only in The Isle of Armor,
tr64,sword,shop,watt-trader,,Watt Traders,true,false,true,,,8000,watts,,,
tr64,sword,raid,max-raid,,4★–5★ Max Raid Battles,true,false,false,,,,,,,
tr64,sword,crafting,cram-o-matic,master-dojo,"Cram-o-matic (Fighting-type, 102–110 points)",true,false,false,,,,,,Only in The Isle of Armor,
tr65,shield,shop,watt-trader,,Watt Traders,true,false,true,,,5000,watts,,,
tr65,shield,raid,max-raid,bridge-field,Max Raid Battles,true,false,false,,,,,,,
tr65,shield,crafting,cram-o-matic,,Cram-o-matic (Grass: 72–80),true,false,false,,,,,,Only in The Isle of Armor,
tr65,sword,shop,watt-trader,,Watt Traders,true,false,true,,,5000,watts,,,
tr65,sword,crafting,cram-o-matic,,Cram-o-matic (Grass: 72–80),true,false,false,,,,,,Only in The Isle of Armor,
tr65,sword,raid,max-raid,bridge-field,Max Raid Battles,true,false,false,,,,,,,
tr66,shield,raid,max-raid,,3★–5★ Max Raid Battles,true,false,false,,,,,,,
tr66,shield,crafting,cram-o-matic,,Cram-o-matic (Flying: 122–130 points),true,false,false,,,,,,Only in The Isle of Armor,
tr66,shield,shop,watt-trader,,Watt Traders,true,false,true,,,8000,watts,,,
tr66,sword,crafting,cram-o-matic,,Cram-o-matic (Flying: 122–130 points),true,false,false,,,,,,Only in The Isle of Armor,
tr66,sword,shop,watt-trader,,Watt Traders,true,false,true,,,8000,watts,,,
tr66,sword,raid,max-raid,,3★–5★ Max Raid Battles,true,false,false,,,,,,,
tr67,shield,exchange,watts,,Watt Traders,true,false,true,,,5000,watts,,,
tr67,shield,raid,max-raid,,"2★, 3★, 5★ Max Raid Battles (Dusty Bowl, Giant's Seat, Rolling Fields)",true,false,false,,,,,,,
tr67,sword,exchange,watts,,Watt Traders,true,false,true,,,5000,watts,,,
tr67,sword,raid,max-raid,,"2★, 3★, 5★ Max Raid Battles (Dusty Bowl, Giant's Seat, Rolling Fields)",true,false,false,,,,,,,
tr67,the-crown-tundra,exchange,watts,snowslide-slope,Watt Trader,true,false,true,,,5000,watts,,,
tr67,the-isle-of-armor,crafting,cram-o-matic,,Ground-type recipe (72–80 points),true,false,false,,,,,,,
tr68,shield,exchange,watts,,Watt Traders,true,false,true,,,2000,watts,,,
tr68,sword,exchange,watts,,Watt Traders,true,false,true,,,2000,watts,,,
tr69,shield,raid,max-raid,,"1★, 2★, 4★, 5★ Max Raid Battles",true,false,false,,,,,,,"Bridge Field, Motostoke Riverbank, Stony Wilderness, Watchtower Ruins; DLC areas apply if owned"
tr69,shield,shop,watt-trader,,Wild Area Watt Traders,true,false,true,,,3000,watts,,,
tr69,shield,crafting,cram-o-matic,,Cram-o-matic,true,false,false,,,,,,Only in The Isle of Armor,Psychic-type combination: 82–90 points
tr69,sword,crafting,cram-o-matic,,Cram-o-matic,true,false,false,,,,,,Only in The Isle of Armor,Psychic-type combination: 82–90 points
tr69,sword,shop,watt-trader,,Wild Area Watt Traders,true,false,true,,,3000,watts,,,
tr69,sword,raid,max-raid,,"1★, 2★, 4★, 5★ Max Raid Battles",true,false,false,,,,,,,"Bridge Field, Motostoke Riverbank, Stony Wilderness, Watchtower Ruins; DLC areas apply if owned"
tr70,shield,raid,max-raid,,"Dusty Bowl, Giant's Seat, Hammerlocke Hills, Stony Wilderness",true,false,false,,,,,,,
tr70,shield,crafting,cram-o-matic,,Cram-o-matic (Steel: 112–120 points),true,false,false,,,,,,Only in The Isle of Armor,
tr70,shield,shop,watt-trader,,Watt Traders,true,false,true,,,5000,watts,,,
tr70,sword,shop,watt-trader,,Watt Traders,true,false,true,,,5000,watts,,,
tr70,sword,raid,max-raid,,"Dusty Bowl, Giant's Seat, Hammerlocke Hills, Stony Wilderness",true,false,false,,,,,,,
tr70,sword,crafting,cram-o-matic,,Cram-o-matic (Steel: 112–120 points),true,false,false,,,,,,Only in The Isle of Armor,
tr71,shield,raid,max-raid,,"4★, 5★ Max Raid Battles",true,false,false,,,,,,,"Includes Bridge Field, Dappled Grove, Giant's Mirror, Stony Wilderness; Isle of Armor and Crown Tundra locations also apply."
tr71,shield,shop,watt-trader,,Watt Traders,true,false,true,,,8000,watts,,,
tr71,shield,crafting,cram-o-matic,master-dojo,Cram-o-matic (Grass: 122–130 points),true,false,false,,,,,,Only in The Isle of Armor,
tr71,sword,crafting,cram-o-matic,master-dojo,Cram-o-matic (Grass: 122–130 points),true,false,false,,,,,,Only in The Isle of Armor,
tr71,sword,shop,watt-trader,,Watt Traders,true,false,true,,,8000,watts,,,
tr71,sword,raid,max-raid,,"4★, 5★ Max Raid Battles",true,false,false,,,,,,,"Includes Bridge Field, Dappled Grove, Giant's Mirror, Stony Wilderness; Isle of Armor and Crown Tundra locations also apply."
tr72,shield,shop,watt-trader,,Watt Traders,true,false,true,,,8000,watts,,,
tr72,shield,raid,max-raid,,4★–5★ Max Raid Battles,true,false,false,,,,,,,
tr72,sword,shop,watt-trader,,Watt Traders,true,false,true,,,8000,watts,,,
tr72,sword,raid,max-raid,,4★–5★ Max Raid Battles,true,false,false,,,,,,,
tr72,the-isle-of-armor,crafting,cram-o-matic,,Cram-o-matic (Grass: 102–110),true,false,false,,,,,,Only in The Isle of Armor,
tr73,shield,raid,max-raid,,4★–5★ Max Raid Battles,true,false,false,,,,,,,
tr73,shield,shop,watt-trader,,Watt Traders,true,false,true,,,8000,watts,,,
tr73,shield,crafting,cram-o-matic,,Cram-o-matic (Poison: 122–130 points),true,false,false,,,,,,The Isle of Armor,
tr73,sword,shop,watt-trader,,Watt Traders,true,false,true,,,8000,watts,,,
tr73,sword,crafting,cram-o-matic,,Cram-o-matic (Poison: 122–130 points),true,false,false,,,,,,The Isle of Armor,
tr73,sword,raid,max-raid,,4★–5★ Max Raid Battles,true,false,false,,,,,,,
tr74,shield,exchange,watts,,Watt Traders,true,false,true,,,5000,watts,,,
tr74,shield,raid,max-raid,,"3★–5★ Max Raid Battles (various Wild Area, Isle of Armor, and Crown Tundra locations)",true,false,false,,,,,,,
tr74,shield,crafting,cram-o-matic,,"Cram-o-matic (Steel type, 122–130 points)",true,false,false,,,,,,Only in The Isle of Armor,
tr74,sword,exchange,watts,,Watt Traders,true,false,true,,,5000,watts,,,
tr74,sword,raid,max-raid,,"3★–5★ Max Raid Battles (various Wild Area, Isle of Armor, and Crown Tundra locations)",true,false,false,,,,,,,
tr74,sword,crafting,cram-o-matic,,"Cram-o-matic (Steel type, 122–130 points)",true,false,false,,,,,,Only in The Isle of Armor,
tr75,shield,shop,watt-trader,,Watt Traders,true,false,true,,,8000,watts,,,
tr75,shield,raid,max-raid,,"4★, 5★ Max Raid Battles",true,false,false,,,,,,,"Includes Dusty Bowl, Giant's Seat, and Rolling Fields"
tr75,shield,crafting,cram-o-matic,master-dojo,Cram-o-matic (Rock: 122–130 points),true,false,false,,,,,,Only in The Isle of Armor,
tr75,sword,shop,watt-trader,,Watt Traders,true,false,true,,,8000,watts,,,
tr75,sword,raid,max-raid,,"4★, 5★ Max Raid Battles",true,false,false,,,,,,,"Includes Dusty Bowl, Giant's Seat, and Rolling Fields"
tr75,sword,crafting,cram-o-matic,master-dojo,Cram-o-matic (Rock: 122–130 points),true,false,false,,,,,,Only in The Isle of Armor,
tr76,shield,raid,max-raid,,3★–5★ Max Raid Battles,true,false,false,,,,,,,
tr76,shield,shop,watt-trader,,Wild Area Watt Traders,true,false,true,,,3000,watts,,,
tr76,sword,raid,max-raid,,3★–5★ Max Raid Battles,true,false,false,,,,,,,
tr76,sword,shop,watt-trader,,Wild Area Watt Traders,true,false,true,,,3000,watts,,,
tr77,shield,raid,max-raid,,3★–5★ Max Raid Battles,true,false,false,,,,,,,
tr77,shield,shop,watt-trader,,Watt Traders,true,false,true,,,3000,watts,,,
tr77,shield,crafting,cram-o-matic,,Cram-o-matic (Grass: 52–60 points),true,false,false,,,,,,The Isle of Armor,
tr77,sword,shop,watt-trader,,Watt Traders,true,false,true,,,3000,watts,,,
tr77,sword,crafting,cram-o-matic,,Cram-o-matic (Grass: 52–60 points),true,false,false,,,,,,The Isle of Armor,
tr77,sword,raid,max-raid,,3★–5★ Max Raid Battles,true,false,false,,,,,,,
tr78,shield,crafting,cram-o-matic,,Cram-o-matic (Poison: 112–120 points),true,false,false,,,,,,Only in The Isle of Armor,
tr78,shield,raid,max-raid,,"3★, 4★, 5★ Max Raid Battles",true,false,false,,,,,,,
tr78,shield,shop,watt-trader,,Watt Traders,true,false,true,,,5000,watts,,,
tr78,sword,shop,watt-trader,,Watt Traders,true,false,true,,,5000,watts,,,
tr78,sword,raid,max-raid,,"3★, 4★, 5★ Max Raid Battles",true,false,false,,,,,,,
tr78,sword,crafting,cram-o-matic,,Cram-o-matic (Poison: 112–120 points),true,false,false,,,,,,Only in The Isle of Armor,
tr79,shield,raid,max-raid,,"Max Raid Battles (Dusty Bowl, Giant's Seat, Hammerlocke Hills, Stony Wilderness)",true,false,false,,,,,,,
tr79,shield,shop,watt-trader,,Watt Traders,true,false,true,,,3000,watts,,,
tr79,shield,crafting,cram-o-matic,,Cram-o-matic,true,false,true,,,,,,Only in The Isle of Armor,Steel type input totaling 92–100 points
tr79,sword,shop,watt-trader,,Watt Traders,true,false,true,,,3000,watts,,,
tr79,sword,raid,max-raid,,"Max Raid Battles (Dusty Bowl, Giant's Seat, Hammerlocke Hills, Stony Wilderness)",true,false,false,,,,,,,
tr79,sword,crafting,cram-o-matic,,Cram-o-matic,true,false,true,,,,,,Only in The Isle of Armor,Steel type input totaling 92–100 points
tr80,shield,exchange,watts,,Watt Traders,true,false,true,,,3000,watts,,,
tr80,shield,raid,max-raid,,3★–5★ Max Raid Battles,true,false,false,,,,,,,
tr80,sword,exchange,watts,,Watt Traders,true,false,true,,,3000,watts,,,
tr80,sword,raid,max-raid,,3★–5★ Max Raid Battles,true,false,false,,,,,,,
tr81,shield,shop,watt-trader,,Watt Traders,true,false,true,,,3000,watts,,,
tr81,shield,raid,max-raid,,4★ and 5★ Max Raid Battles,true,false,false,,,,,,,
tr81,sword,shop,watt-trader,,Watt Traders,true,false,true,,,3000,watts,,,
tr81,sword,raid,max-raid,,4★ and 5★ Max Raid Battles,true,false,false,,,,,,,
tr82,shield,crafting,cram-o-matic,,Cram-o-matic (Psychic: 42–50 points),true,false,false,,,,,,Only in The Isle of Armor,
tr82,shield,shop,watt-trader,,Watt Traders,true,false,true,,,2000,watts,,,
tr82,shield,raid,max-raid,,4★ and 5★ Max Raid Battles,true,false,false,,,,,,,
tr82,sword,shop,watt-trader,,Watt Traders,true,false,true,,,2000,watts,,,
tr82,sword,crafting,cram-o-matic,,Cram-o-matic (Psychic: 42–50 points),true,false,false,,,,,,Only in The Isle of Armor,
tr82,sword,raid,max-raid,,4★ and 5★ Max Raid Battles,true,false,false,,,,,,,
tr83,shield,raid,max-raid,,"2★, 3★, 5★ Max Raid Battles",true,false,false,,,,,,,
tr83,shield,crafting,cram-o-matic,master-dojo,Cram-o-matic,true,false,false,,,,,,Psychic-type input totaling 62–70 points,The Isle of Armor
tr83,shield,shop,watt-trader,,Watt Traders,true,false,true,,,2000,watts,,,
tr83,sword,raid,max-raid,,"2★, 3★, 5★ Max Raid Battles",true,false,false,,,,,,,
tr83,sword,shop,watt-trader,,Watt Traders,true,false,true,,,2000,watts,,,
tr83,sword,crafting,cram-o-matic,master-dojo,Cram-o-matic,true,false,false,,,,,,Psychic-type input totaling 62–70 points,The Isle of Armor
tr84,shield,raid,max-raid,,2★–4★ Max Raid Battles,true,false,false,,,,,,,
tr84,shield,exchange,watts,,Watt Traders,true,false,true,,,3000,watts,,,
tr84,sword,exchange,watts,,Watt Traders,true,false,true,,,3000,watts,,,
tr84,sword,raid,max-raid,,2★–4★ Max Raid Battles,true,false,false,,,,,,,
tr85,shield,shop,watt-trader,,Watt Traders,true,false,true,,,1000,watts,,,
tr85,shield,raid,max-raid,,"3★, 4★, 5★ Max Raid Battles",true,false,false,,,,,,,
tr85,shield,crafting,cram-o-matic,,Cram-o-matic (Normal: 2–20 points),true,false,false,,,,,,Only in The Isle of Armor,
tr85,sword,shop,watt-trader,,Watt Traders,true,false,true,,,1000,watts,,,
tr85,sword,raid,max-raid,,"3★, 4★, 5★ Max Raid Battles",true,false,false,,,,,,,
tr85,sword,crafting,cram-o-matic,,Cram-o-matic (Normal: 2–20 points),true,false,false,,,,,,Only in The Isle of Armor,
tr86,shield,crafting,cram-o-matic,,Cram-o-matic (Electric: 62–70 points),true,false,false,,,,,,Only in The Isle of Armor,
tr86,shield,shop,watt-trader,,Watt Traders,true,false,true,,,5000,watts,,,
tr86,shield,raid,max-raid,giants-cap,Max Raid Battles,true,false,false,,,,,,,
tr86,sword,shop,watt-trader,,Watt Traders,true,false,true,,,5000,watts,,,
tr86,sword,crafting,cram-o-matic,,Cram-o-matic (Electric: 62–70 points),true,false,false,,,,,,Only in The Isle of Armor,
tr86,sword,raid,max-raid,giants-cap,Max Raid Battles,true,false,false,,,,,,,
tr87,shield,shop,watt-trader,,Watt Traders,true,false,true,,,3000,watts,,,
tr87,shield,raid,max-raid,,"1★, 2★, 4★, 5★ Max Raid Battles",true,false,false,,,,,,,
tr87,sword,raid,max-raid,,"1★, 2★, 4★, 5★ Max Raid Battles",true,false,false,,,,,,,
tr87,sword,shop,watt-trader,,Watt Traders,true,false,true,,,3000,watts,,,
tr88,shield,exchange,watts,,Watt Traders,true,false,true,,,3000,watts,,,
tr88,shield,raid,max-raid,,Max Raid Battles,true,false,false,,,,,,,
tr88,sword,raid,max-raid,,Max Raid Battles,true,false,false,,,,,,,
tr88,sword,exchange,watts,,Watt Traders,true,false,true,,,3000,watts,,,
tr89,shield,crafting,cram-o-matic,,Cram-o-matic (Flying: 102–110 points),true,false,false,,,,,,The Isle of Armor,
tr89,shield,exchange,watts,,Watt Trader,true,false,true,,,8000,watts,,,
tr89,shield,raid,max-raid,,4★–5★ Max Raid Battles,true,false,false,,,,,,,
tr89,sword,exchange,watts,,Watt Trader,true,false,true,,,8000,watts,,,
tr89,sword,raid,max-raid,,4★–5★ Max Raid Battles,true,false,false,,,,,,,
tr89,sword,crafting,cram-o-matic,,Cram-o-matic (Flying: 102–110 points),true,false,false,,,,,,The Isle of Armor,
tr90,shield,raid,max-raid,,Various Max Raid Battle dens,true,false,false,,,,,,,
tr90,shield,exchange,watts,,Watt Traders,true,false,true,,,5000,watts,,,
tr90,shield,crafting,cram-o-matic,,Cram-o-matic (Fairy-type recipes),true,false,false,,,,,,Only in The Isle of Armor,
tr90,sword,crafting,cram-o-matic,,Cram-o-matic (Fairy-type recipes),true,false,false,,,,,,Only in The Isle of Armor,
tr90,sword,exchange,watts,,Watt Traders,true,false,true,,,5000,watts,,,
tr90,sword,raid,max-raid,,Various Max Raid Battle dens,true,false,false,,,,,,,
tr91,shield,raid,max-raid,,4★–5★ Max Raid Battles,true,false,false,,,,,,,
tr91,shield,shop,watt-trader,,Watt Traders,true,false,true,,,2000,watts,,,
tr91,shield,crafting,cram-o-matic,,Cram-o-matic (Poison: 32–40 points),true,false,false,,,,,,Only in The Isle of Armor,
tr91,sword,shop,watt-trader,,Watt Traders,true,false,true,,,2000,watts,,,
tr91,sword,raid,max-raid,,4★–5★ Max Raid Battles,true,false,false,,,,,,,
tr91,sword,crafting,cram-o-matic,,Cram-o-matic (Poison: 32–40 points),true,false,false,,,,,,Only in The Isle of Armor,
tr92,shield,raid,max-raid,,Max Raid Battles,true,false,false,,,,,,,
tr92,shield,shop,watt-trader,,Watt Traders,true,false,true,,,3000,watts,,,
tr92,sword,raid,max-raid,,Max Raid Battles,true,false,false,,,,,,,
tr92,sword,shop,watt-trader,,Watt Traders,true,false,true,,,3000,watts,,,
tr92,sword,crafting,cram-o-matic,,Cram-o-matic (Fairy: 102–110 points),true,false,false,,,,,,The Isle of Armor,
tr93,shield,exchange,watts,,Wild Area Watt Traders; Snowslide Slope Watt Trader (The Crown Tundra),true,false,true,,,5000,watts,,,
tr93,shield,raid,max-raid,,"2★, 3★, 5★ Max Raid Battles in various Wild Area locations and expansions",true,false,false,,,,,,,
tr93,shield,crafting,cram-o-matic,,Cram-o-matic (Dark: 122–130 points) in The Isle of Armor,true,false,false,,,,,,Only in The Isle of Armor,
tr93,sword,exchange,watts,,Wild Area Watt Traders; Snowslide Slope Watt Trader (The Crown Tundra),true,false,true,,,5000,watts,,,
tr93,sword,raid,max-raid,,"2★, 3★, 5★ Max Raid Battles in various Wild Area locations and expansions",true,false,false,,,,,,,
tr93,sword,crafting,cram-o-matic,,Cram-o-matic (Dark: 122–130 points) in The Isle of Armor,true,false,false,,,,,,Only in The Isle of Armor,
tr94,shield,shop,watt-trader,,Watt Traders,true,false,true,,,5000,watts,,,
tr94,shield,raid,max-raid,,"2★, 3★, 5★ Max Raid Battles",true,false,false,,,,,,,
tr94,shield,crafting,cram-o-matic,master-dojo,Cram-o-matic (Ground: 102–110 points),true,false,false,,,,,,Only in The Isle of Armor,
tr94,sword,shop,watt-trader,,Watt Traders,true,false,true,,,5000,watts,,,
tr94,sword,raid,max-raid,,"2★, 3★, 5★ Max Raid Battles",true,false,false,,,,,,,
tr94,sword,crafting,cram-o-matic,master-dojo,Cram-o-matic (Ground: 102–110 points),true,false,false,,,,,,Only in The Isle of Armor,
tr95,shield,exchange,watts,,Watt Traders,true,false,true,,,3000,watts,,,
tr95,shield,raid,max-raid,,"1★, 2★, 4★, 5★ Max Raid Battles",true,false,false,,,,,,,
tr95,sword,raid,max-raid,,"1★, 2★, 4★, 5★ Max Raid Battles",true,false,false,,,,,,,
tr95,sword,exchange,watts,,Watt Traders,true,false,true,,,3000,watts,,,
tr96,shield,exchange,watts,,Wild Area Watt Traders,true,false,true,,,5000,watts,,,
tr96,shield,raid,max-raid,,3★–5★ Max Raid Battles,true,false,false,,,,,,,
tr96,sword,raid,max-raid,,3★–5★ Max Raid Battles,true,false,false,,,,,,,
tr96,sword,crafting,cram-o-matic,,Cram-o-matic,true,false,false,,,,,,Bug-type input totaling 102–110 points,Only in The Isle of Armor
tr96,sword,exchange,watts,,Wild Area Watt Traders,true,false,true,,,5000,watts,,,
tr97,shield,shop,watt-trader,,Watt Traders,true,false,true,,,5000,watts,,,
tr97,shield,raid,max-raid,motostoke-riverbank,"2★, 3★, 5★ Max Raid Battles",true,false,false,,,,,,,
tr97,sword,raid,max-raid,motostoke-riverbank,"2★, 3★, 5★ Max Raid Battles",true,false,false,,,,,,,
tr97,sword,shop,watt-trader,,Watt Traders,true,false,true,,,5000,watts,,,
tr98,shield,raid,max-raid,,"3★, 4★ Max Raid Battles",true,false,false,,,,,,,
tr98,shield,shop,watt-trader,,Watt Traders,true,false,true,,,3000,watts,,,
tr98,shield,crafting,cram-o-matic,challenge-beach,Cram-o-matic (Water: 62–70 points),true,false,false,,,,,,Only in The Isle of Armor,
tr98,sword,crafting,cram-o-matic,challenge-beach,Cram-o-matic (Water: 62–70 points),true,false,false,,,,,,Only in The Isle of Armor,
tr98,sword,raid,max-raid,,"3★, 4★ Max Raid Battles",true,false,false,,,,,,,
tr98,sword,shop,watt-trader,,Watt Traders,true,false,true,,,3000,watts,,,
tr99,shield,shop,watt-trader,,Watt Traders,true,false,true,,,3000,watts,,,
tr99,shield,raid,max-raid,,Max Raid Battles,true,false,false,,,,,,,"1★, 2★, 4★, 5★ raids"
tr99,sword,shop,watt-trader,,Watt Traders,true,false,true,,,3000,watts,,,
tr99,sword,raid,max-raid,,Max Raid Battles,true,false,false,,,,,,,"1★, 2★, 4★, 5★ raids"
tr99,sword,crafting,cram-o-matic,,Cram-o-matic,true,false,false,,,,,,The Isle of Armor,"Fighting type, 82–90 points"
tri-pass,firered,npc-gift,,pokemon-network-center,Given by Celio upon arrival,false,false,true,,,,,,,
tri-pass,leafgreen,npc-gift,,pokemon-network-center,Given by Celio upon arrival,false,false,true,,,,,,,
tropic-mail,emerald,overworld,visible,trick-house,,false,false,true,,,,,,,
tropic-mail,emerald,npc-gift,,lilycove-city,Quiz Lady,false,false,true,,,,,,,
tropic-mail,firered,exchange,trade,,,true,false,true,,,,,,,
tropic-mail,leafgreen,exchange,trade,,,true,false,true,,,,,,,
tropic-mail,ruby,overworld,visible,trick-house,,false,false,true,,,,,,,
tropic-mail,ruby,npc-gift,,pacifidlog-town,Held by in-game trade Corsola,false,false,true,,,,,,,
tropic-mail,sapphire,overworld,visible,trick-house,,false,false,true,,,,,,,
tropic-mail,sapphire,npc-gift,,pacifidlog-town,Held by in-game trade Corsola,false,false,true,,,,,,,
tropical-shell,lets-go-eevee,npc-gift,,,Gift from Partner Eevee,true,false,true,,,,,,,
tropical-shell,lets-go-pikachu,npc-gift,,,Gift from Partner Pikachu,true,false,true,,,,,,,
tumblestone,legends-arceus,harvest,,,Sometimes found by Ursaluna,true,false,false,,,,,,,
tumblestone,legends-arceus,story,,jubilife-village,From Rei/Akari during Mission 3: The Basics of Crafting,false,false,true,20,,,,,,
tumblestone,legends-arceus,request,,galaxy-hall,Reward for completing Request 95: A New Anomaly,false,false,true,60,,,,,,
tumblestone,legends-arceus,request,,,Reward for completing Request 96: Massive Mass Outbreak in the Fieldlands,false,false,true,30,,,,,,
tumblestone,legends-arceus,request,,ginkgo-landing,Reward for completing Request 98: Massive Mass Outbreak in the Coastlands,false,false,true,30,,,,,,
tumblestone,legends-arceus,request,,,Reward for completing Request 100: Massive Mass Outbreak in the Highlands,false,false,true,30,,,,,,
tumblestone,legends-arceus,mining,,,Red ore deposits in Hisui,true,false,false,,,,,,,
tumblestone,legends-arceus,crafting,craftworks,,Craftworks,true,false,true,,,,,,,
tunnel-mail,diamond,shop,poke-mart,oreburgh-city,Oreburgh City Poké Mart,true,false,true,,,50,pokedollars,,,
tunnel-mail,heartgold,shop,poke-mart,violet-city,Violet City Poké Mart,true,false,true,,,50,pokedollars,,,
tunnel-mail,heartgold,shop,department-store,celadon-city,Celadon Department Store,true,false,true,,,50,pokedollars,,,
tunnel-mail,pearl,shop,poke-mart,oreburgh-city,Oreburgh City Poké Mart,true,false,true,,,50,pokedollars,,,
tunnel-mail,platinum,shop,poke-mart,oreburgh-city,Oreburgh City Poké Mart,true,false,true,,,50,pokedollars,,,
tunnel-mail,soulsilver,shop,poke-mart,violet-city,Violet City Poké Mart,true,false,true,,,50,pokedollars,,,
tunnel-mail,soulsilver,shop,department-store,celadon-city,Celadon Department Store,true,false,true,,,50,pokedollars,,,
twice-spiced-radish,legends-arceus,crafting,recipe,,"Crafting using 2 Sand Radishes, 2 Crunchy Salts, 2 Plump Beans, and 2 King's Leaves",true,false,true,,,,,,,
twice-spiced-radish,legends-arceus,request,,,"Reward for completing Request 22: ""Eerie Apparitions in the Night""",false,false,true,3,,,,,,
twisted-spoon,ruby,wild-pokemon,,,Held by wild Abra,true,false,false,,5.0,,,,,
tyranitarite,alpha-sapphire,overworld,visible,jagged-pass,After defeating or capturing Kyogre,false,false,true,,,,,,After Kyogre event,
tyranitarite,legends-za,npc-defeat,,,"Rogue Mega Tyranitar, Main Mission 33",false,false,true,,,,,,Main Mission 33,
tyranitarite,omega-ruby,overworld,visible,jagged-pass,After defeating or capturing Groudon,false,false,true,,,,,,After Groudon event,
tyranitarite,ultra-moon,exchange,,battle-tree,Battle Tree,true,false,true,,,64,battle-points,,,
tyranitarite,ultra-sun,exchange,,battle-tree,Battle Tree,true,false,true,,,64,battle-points,,,
tyranitarite,x,story,,cyllage-gym,Requires upgraded Mega Ring,false,false,true,,,,,,After obtaining upgraded Mega Ring,
ultra-ball-hisui,legends-arceus,story,,temple-of-sinnoh,From Kamado during Mission 17: Atop Mount Coronet,false,false,true,10,,,,,During Mission 17,
ultra-ball-hisui,legends-arceus,request,,,Reward for Request 47: Balloon Race in the Coastlands,false,false,true,,,,,,After completing Request 47,
ultra-ball-hisui,legends-arceus,request,,galaxy-hall,Reward for Request 95: A New Anomaly,false,false,true,30,,,,,After completing Request 95,
ultra-ball-hisui,legends-arceus,crafting,recipe,,"1 Apricorn, 2 Tumblestones, 2 Iron Chunks",true,false,true,,,,,,,
ultra-ball-hisui,legends-arceus,shop,vendor,jubilife-village,General store and base camp stores,true,false,true,,,600,pokedollars,,After completing Request 71: New Wares Yet Again,
ultranecrozium-z,ultra-moon,dropped,,mount-lanakila,Dropped by Necrozma when caught,false,false,true,,,,,,,
ultranecrozium-z,ultra-sun,dropped,,mount-lanakila,Dropped by Necrozma when caught,false,false,true,,,,,,,
unown-report,heartgold,npc-gift,,ruins-of-alph,Given by a researcher after solving the first chamber puzzle,false,false,true,,,,,,After solving the first Ruins of Alph puzzle,
unown-report,soulsilver,npc-gift,,ruins-of-alph,Given by a researcher after solving the first chamber puzzle,false,false,true,,,,,,After solving the first Ruins of Alph puzzle,
unremarkable-teacup,scarlet,overworld,visible,paradise-barrens,,false,false,true,,,,,,,
unremarkable-teacup,scarlet,overworld,visible,oni-mountain,,false,false,true,,,,,,,
unremarkable-teacup,scarlet,contest,,,Ogre Oustin',true,false,false,,,,,,,
unremarkable-teacup,scarlet,item-printer,,,Item Printer,true,false,false,,,,,,The Indigo Disk,
unremarkable-teacup,violet,item-printer,,,Item Printer,true,false,false,,,,,,The Indigo Disk,
unremarkable-teacup,violet,contest,,,Ogre Oustin',true,false,false,,,,,,,
unremarkable-teacup,violet,overworld,visible,paradise-barrens,,false,false,true,,,,,,,
unremarkable-teacup,violet,overworld,visible,oni-mountain,,false,false,true,,,,,,,
upgrade,black-2,shop,specialty-shop,black-city,Store 3,true,false,true,,,40000,pokedollars,,,
upgrade,gold,overworld,visible,silph-co,,false,false,true,,,,,,,
upgrade,legends-arceus,exchange,vendor,trading-post,,true,false,true,,,1000,league-points,,,
utility-umbrella,scarlet,shop,specialty-shop,cascarrafa,Delibird Presents (Cascarrafa Branch),true,false,true,,,15000,pokedollars,,After earning 4 Gym Badges,
utility-umbrella,shield,shop,vendor,hammerlocke,,false,false,true,,,,,,,
utility-umbrella,shield,crafting,cram-o-matic,,Cram-o-matic (Steel: 52–60 points),true,false,false,,,,,,The Isle of Armor,
utility-umbrella,shield,shop,vendor,freezington,,false,false,true,,,,,,The Crown Tundra,
utility-umbrella,sword,crafting,cram-o-matic,,Cram-o-matic (Steel: 52–60 points),true,false,false,,,,,,The Isle of Armor,
utility-umbrella,sword,shop,vendor,freezington,,false,false,true,,,,,,The Crown Tundra,
utility-umbrella,sword,shop,vendor,hammerlocke,,false,false,true,,,,,,,
utility-umbrella,violet,shop,specialty-shop,cascarrafa,Delibird Presents (Cascarrafa Branch),true,false,true,,,15000,pokedollars,,After earning 4 Gym Badges,
uxies-claw,legends-arceus,npc-gift,,acuity-cavern-hisui,"Received from Uxie after passing its challenge during Mission 16: ""The Trial of Lake Acuity""",false,false,true,,,,,,After completing Mission 16: The Trial of Lake Acuity,
vee-vee-pick,scarlet,shop,vendor,,Artisan Bakery,true,false,true,,,480,pokedollars,,,
vee-vee-pick,scarlet,shop,vendor,,Peachy's,true,false,true,,,480,pokedollars,,The Teal Mask expansion,
vee-vee-pick,scarlet,vending-machine,,,Vending machines (Terarium),true,false,true,,,480,pokedollars,,The Indigo Disk expansion,
vee-vee-pick,violet,shop,vendor,,Peachy's,true,false,true,,,480,pokedollars,,The Teal Mask expansion,
vee-vee-pick,violet,vending-machine,,,Vending machines (Terarium),true,false,true,,,480,pokedollars,,The Indigo Disk expansion,
vee-vee-pick,violet,shop,vendor,,Artisan Bakery,true,false,true,,,480,pokedollars,,,
venusaurite,x,npc-gift,,pokemon-research-lab-kalos,If Bulbasaur is chosen,false,false,true,,,,,,,
venusaurite,y,shop,specialty-shop,stone-emporium,,true,false,true,,,,pokedollars,,If Bulbasaur is not chosen,
victreebelite,legends-za,npc-defeat,,,"Rogue Mega Victreebel (Main Mission 13: ""A Rogue Mega Victreebel"")",false,false,true,,,,,,,
vinegar,scarlet,overworld,visible,east-paldean-sea,,false,false,true,,,,,,,
vinegar,scarlet,shop,vendor,,Deli Cioso; Aquiesta Supermarket,true,false,true,,,300,pokedollars,,After earning 2 Gym Badges,
vinegar,the-indigo-disk,vending-machine,,terarium,Vending machines,true,false,true,,,,,,,
vinegar,violet,shop,vendor,,Deli Cioso; Aquiesta Supermarket,true,false,true,,,300,pokedollars,,After earning 2 Gym Badges,
vinegar,violet,overworld,visible,east-paldean-sea,,false,false,true,,,,,,,
violet-book,violet,npc-gift,,area-zero,Research Station No. 2 (from Arven),false,false,true,,,,,,,
violet-book,violet,exchange,,crystal-pool,"From Professor Turo after catching Terapagos, in exchange for Briar's Book",false,false,true,,,,,,After catching Terapagos,The Indigo Disk
virizion-treat,scarlet,npc-gift,,blueberry-academy-entrance,Snacksworth,false,false,true,,,,,,After completing one group Blueberry Quest,
virizion-treat,violet,npc-gift,,blueberry-academy-entrance,Snacksworth,false,false,true,,,,,,After completing 10 solo Blueberry Quests,
vivichoke,legends-arceus,harvest,,jubilife-village,Farm (medicinal harvest),true,false,false,,,,,,,
vivichoke,legends-arceus,request,,,Reward for completing Request 11: The Timbre of the Fields,false,false,true,3,,,,,,
vivichoke,legends-arceus,request,,jubilife-village,Reward for completing Request 17: To Bloom or Not to Bloom,false,false,true,5,,,,,,
vivichoke,legends-arceus,overworld,recurring,,"Obsidian Fieldlands, Crimson Mirelands, Cobalt Coastlands, Coronet Highlands, Alabaster Icelands",true,false,false,,,,,,,Recurring item spawn
vivichoke,legends-arceus,harvest,,crimson-mirelands,Haystacks,true,false,false,,,,,,,
vivichoke,legends-arceus,shop,vendor,jubilife-village,Ginkgo Guild cart (Tuli),true,false,true,,,400,pokedollars,,,
volcano-balm,legends-arceus,story,,molten-arena,"During Mission 10: ""The Lordless Island"" and post-game rematches",true,false,true,,,,,,"During Mission 10: ""The Lordless Island""",
voltorb-candy,lets-go-eevee,overworld,hidden,power-plant,,true,true,true,,,,,,,Daily hidden items
voltorb-candy,lets-go-pikachu,overworld,hidden,power-plant,,true,true,true,,,,,,,Daily hidden items
vs-recorder,alpha-sapphire,npc-gift,,mauville-city,From a man in black at the Battle Institute upon first entry,false,false,true,,,,,,,
vs-recorder,black,npc-gift,,nimbasa-city,From an Ace Trainer exiting the Gear Station,false,false,true,,,,,,,
vs-recorder,black-2,npc-gift,,nimbasa-city,From Nate/Rosa after defeating the Subway Bosses in front of the Gear Station,false,false,true,,,,,,After defeating the Subway Bosses,
vs-recorder,heartgold,npc-gift,,route-31-johto,From Ethan/Lyra in the gate to Violet City,false,false,true,,,,,,,
vs-recorder,omega-ruby,npc-gift,,mauville-city,From a man in black at the Battle Institute upon first entry,false,false,true,,,,,,,
vs-recorder,platinum,npc-gift,,jubilife-city,From Looker upon meeting him for the first time,false,false,true,,,,,,,
vs-recorder,soulsilver,npc-gift,,route-31-johto,From Ethan/Lyra in the gate to Violet City,false,false,true,,,,,,,
vs-recorder,white,npc-gift,,nimbasa-city,From an Ace Trainer exiting the Gear Station,false,false,true,,,,,,,
vs-recorder,white-2,npc-gift,,nimbasa-city,From Nate/Rosa after defeating the Subway Bosses in front of the Gear Station,false,false,true,,,,,,After defeating the Subway Bosses,
vs-recorder,x,npc-gift,,kiloude-city,From a Monsieur upon entering the city for the first time,false,false,true,,,,,,,
vs-recorder,y,npc-gift,,kiloude-city,From a Monsieur upon entering the city for the first time,false,false,true,,,,,,,
vs-seeker,brilliant-diamond,npc-gift,,route-207-sinnoh,Lucas/Dawn at the end of Cycling Road,false,false,true,,,,,,,
vs-seeker,diamond,npc-gift,,route-207-sinnoh,Lucas/Dawn at the end of Cycling Road,false,false,true,,,,,,,
vs-seeker,firered,npc-gift,,vermilion-city,Girl in the Pokémon Center,false,false,true,,,,,,,
vs-seeker,leafgreen,npc-gift,,vermilion-city,Girl in the Pokémon Center,false,false,true,,,,,,,
vs-seeker,pearl,npc-gift,,route-207-sinnoh,Lucas/Dawn at the end of Cycling Road,false,false,true,,,,,,,
vs-seeker,platinum,npc-gift,,route-207-sinnoh,Lucas/Dawn at the entrance to Mt. Coronet,false,false,true,,,,,,,
vs-seeker,shining-pearl,npc-gift,,route-207-sinnoh,Lucas/Dawn at the end of Cycling Road,false,false,true,,,,,,,
wailmer-pail,alpha-sapphire,npc-gift,,hoenn-route-104,Pretty Petal Flower Shop (owner),false,false,true,,,,,,,
wailmer-pail,emerald,npc-gift,,hoenn-route-104,Pretty Petal Flower Shop (middle sister),false,false,true,,,,,,,
wailmer-pail,omega-ruby,npc-gift,,hoenn-route-104,Pretty Petal Flower Shop (owner),false,false,true,,,,,,,
wailmer-pail,ruby,npc-gift,,hoenn-route-104,Pretty Petal Flower Shop (middle sister),false,false,true,,,,,,,
wailmer-pail,sapphire,npc-gift,,hoenn-route-104,Pretty Petal Flower Shop (middle sister),false,false,true,,,,,,,
wall-fragment,legends-arceus,story,,golden-lowlands,"From the Miss Fortune sisters after defeating Coin during Mission 8: ""Arezu's Predicament""",false,false,true,,,,,,"During Mission 8: ""Arezu's Predicament""",
warding-charm,legends-arceus,shop,vendor,jubilife-village,Folk Shrine (Charm Lady Lucille),true,false,true,,,,,,,
wasabi,scarlet,shop,specialty-shop,,Aquiesta Supermarket,true,false,true,,,330,pokedollars,,After earning 5 Gym Badges,
wasabi,scarlet,vending-machine,,terarium,Vending machines,true,false,true,,,,,,The Indigo Disk,
wasabi,violet,vending-machine,,terarium,Vending machines,true,false,true,,,,,,The Indigo Disk,
wasabi,violet,shop,specialty-shop,,Aquiesta Supermarket,true,false,true,,,330,pokedollars,,After earning 5 Gym Badges,
water-gem,black,event,,,,false,false,true,,,,,,,
water-gem,white,overworld,sparkling,,Dust cloud,true,false,false,,,,,,,
water-memory,moon,npc-gift,,aether-paradise,Gladion,false,false,true,,,,,,After becoming Champion,
water-memory,shield,npc-gift,,battle-tower-galar,League Staff member,false,false,true,,,,,,,
water-memory,sun,npc-gift,,aether-paradise,Gladion,false,false,true,,,,,,After becoming Champion,
water-memory,sword,npc-gift,,battle-tower-galar,League Staff member,false,false,true,,,,,,,
water-memory,ultra-moon,npc-gift,,ancient-poni-path,Wicke,false,false,true,,,,,,After becoming Champion,
water-memory,ultra-sun,npc-gift,,ancient-poni-path,Wicke,false,false,true,,,,,,After becoming Champion,
water-tera-shard,scarlet,overworld,visible,area-zero,,false,false,true,,,,,,,
water-tera-shard,scarlet,raid,tera-raid-5star,,Tera Raid Battles (3★ and above),true,false,false,,,,,,,
water-tera-shard,violet,raid,tera-raid-5star,,Tera Raid Battles (3★ and above),true,false,false,,,,,,,
water-tera-shard,violet,overworld,visible,area-zero,,false,false,true,,,,,,,
watercress,scarlet,shop,specialty-shop,,Deli Cioso; Aquiesta Supermarket,true,false,true,,,270,pokedollars,,After earning 2 Gym Badges,
watercress,scarlet,vending-machine,,terarium,Vending machines,true,false,true,,,,,,The Indigo Disk,
watercress,violet,vending-machine,,terarium,Vending machines,true,false,true,,,,,,The Indigo Disk,
watercress,violet,shop,specialty-shop,,Deli Cioso; Aquiesta Supermarket,true,false,true,,,270,pokedollars,,After earning 2 Gym Badges,
waterium-z,moon,story,,brooklet-hill,Reward for completing Lana's trial,false,false,true,,,,,,,
waterium-z,sun,story,,brooklet-hill,Reward for completing Lana's trial,false,false,true,,,,,,,
waterium-z,ultra-moon,story,,brooklet-hill,Reward for completing Lana's trial,false,false,true,,,,,,,
waterium-z,ultra-sun,story,,brooklet-hill,Reward for completing Lana's trial,false,false,true,,,,,,,
wave-incense,diamond,overworld,visible,route-210-sinnoh,,false,false,true,,,,,,,
wave-incense,heartgold,overworld,visible,route-47-johto,,false,false,true,,,,,,,
wave-incense,platinum,overworld,visible,route-210-sinnoh,,false,false,true,,,,,,,
wave-incense,soulsilver,overworld,visible,route-47-johto,,false,false,true,,,,,,,
wave-mail,emerald,shop,department-store,lilycove-city,Lilycove Department Store,true,false,true,,,50,pokedollars,,,
wave-mail,emerald,overworld,visible,trick-house,,false,false,true,,,,,,,
wave-mail,emerald,npc-gift,,pacifidlog-town,Held by in-game trade Horsea,false,false,true,,,,,,,
wave-mail,firered,exchange,,,Trade,true,false,true,,,,,,,
wave-mail,leafgreen,exchange,,,Trade,true,false,true,,,,,,,
wave-mail,ruby,overworld,visible,trick-house,,false,false,true,,,,,,,
wave-mail,ruby,shop,department-store,lilycove-city,Lilycove Department Store,true,false,true,,,50,pokedollars,,,
wave-mail,sapphire,overworld,visible,trick-house,,false,false,true,,,,,,,
wave-mail,sapphire,shop,department-store,lilycove-city,Lilycove Department Store,true,false,true,,,50,pokedollars,,,
weakness-policy,moon,exchange,,,Battle Tree,true,false,true,,,32,battle-points,,,
weakness-policy,scarlet,shop,specialty-shop,mesagoza,Delibird Presents,true,false,true,,,50000,pokedollars,,After completing the main storyline,
weakness-policy,shield,exchange,,,Battle Tower,true,false,true,,,20,battle-points,,,
weakness-policy,sun,exchange,,,Battle Tree,true,false,true,,,32,battle-points,,,
weakness-policy,sword,exchange,,,Battle Tower,true,false,true,,,20,battle-points,,,
weakness-policy,violet,shop,specialty-shop,mesagoza,Delibird Presents,true,false,true,,,50000,pokedollars,,After completing the main storyline,
weakness-policy,x,exchange,,,Battle Maison,true,false,true,,,32,battle-points,,,
weakness-policy,y,exchange,,,Battle Maison,true,false,true,,,32,battle-points,,,
wellspring-mask,scarlet,story,,dreaded-den,After capturing Ogerpon,false,false,true,1,,,,,After capturing Ogerpon,
wellspring-mask,violet,story,,dreaded-den,After capturing Ogerpon,false,false,true,1,,,,,After capturing Ogerpon,
whimsical-chairs,scarlet,npc-gift,,revelers-road,Picnicker,false,false,true,,,,,,If the player owns the Whimsical Tablecloth,
whimsical-chairs,violet,npc-gift,,revelers-road,Picnicker,false,false,true,,,,,,If the player owns the Whimsical Tablecloth,
whimsical-tablecloth,scarlet,shop,specialty-shop,mesagoza,Picnic-Knacks (Mesagoza Branch),true,false,true,,,2000,pokedollars,,,
whimsical-tablecloth,violet,shop,specialty-shop,mesagoza,Picnic-Knacks (Mesagoza Branch),true,false,true,,,2000,pokedollars,,,
whipped-cream,scarlet,shop,specialty-shop,,Artisan Bakery,true,false,true,,,200,pokedollars,,After earning 1 Gym Badge,
whipped-cream,scarlet,shop,specialty-shop,,Aquiesta Supermarket,true,false,true,,,200,pokedollars,,After earning 1 Gym Badge,
whipped-cream,scarlet,vending-machine,,terarium,Vending machines,true,false,true,,,,,,The Indigo Disk,
whipped-cream,violet,shop,specialty-shop,,Aquiesta Supermarket,true,false,true,,,200,pokedollars,,After earning 1 Gym Badge,
whipped-cream,violet,shop,specialty-shop,,Artisan Bakery,true,false,true,,,200,pokedollars,,After earning 1 Gym Badge,
whipped-cream,violet,vending-machine,,terarium,Vending machines,true,false,true,,,,,,The Indigo Disk,
whipped-dream,alpha-sapphire,exchange,,battle-maison,,true,false,true,,,32,battle-points,,,
whipped-dream,moon,exchange,,battle-tree,,true,false,true,,,32,battle-points,,,
whipped-dream,omega-ruby,exchange,,battle-maison,,true,false,true,,,32,battle-points,,,
whipped-dream,sun,overworld,visible,konikoni-city,,false,false,true,,,,,,,
whipped-dream,sun,exchange,,battle-tree,,true,false,true,,,32,battle-points,,,
whipped-dream,sword,npc-gift,,,,true,false,false,,,,,,,
whipped-dream,sword,exchange,,hammerlocke,,true,false,true,,,10,battle-points,,,
whipped-dream,x,overworld,visible,kalos-route-12,,false,false,true,,,,,,,
whipped-dream,x,overworld,visible,cyllage-city,,false,false,true,,,,,,,
whipped-dream,x,exchange,,battle-maison,,true,false,true,,,32,battle-points,,,
whipped-dream,y,exchange,,battle-maison,,true,false,true,,,32,battle-points,,,
white-apricorn,crystal,overworld,recurring,azalea-town,,true,false,true,,,,,,,
white-apricorn,gold,overworld,recurring,azalea-town,,true,false,true,,,,,,,
white-apricorn,silver,overworld,recurring,azalea-town,,true,false,true,,,,,,,
white-flute,emerald,overworld,recurring,hoenn-route-113,Glass Workshop (1000 steps),true,false,true,,,,,,,
white-flute,ruby,overworld,recurring,hoenn-route-113,Glass Workshop (1000 steps),true,false,true,,,,,,,
white-mane-hair,shield,wild-pokemon,static,freezington,Obtained upon defeating Glastrier after planting Carrot Seeds in Snowslide Slope,false,false,true,,,,,,After choosing to plant the Carrot Seeds in Snowslide Slope,The Crown Tundra
white-mane-hair,sword,wild-pokemon,static,freezington,Obtained upon defeating Glastrier after planting Carrot Seeds in Snowslide Slope,false,false,true,,,,,,After choosing to plant the Carrot Seeds in Snowslide Slope,The Crown Tundra
wide-lens,black,npc-gift,,castelia-city,Pokémon Center man in black,false,false,true,,,,,,Having Pokémon from 5 different original Trainers,
wide-lens,diamond,exchange,coins,veilstone-city,Veilstone Game Corner,true,false,true,,,1000,coins,,,
wide-lens,heartgold,exchange,coins,goldenrod-city,Goldenrod Game Corner,true,false,true,,,1000,coins,,,
wide-lens,scarlet,shop,vendor,levincia,Delibird Presents (Levincia Branch),true,false,true,,,20000,pokedollars,,,
wing-ball,legends-arceus,crafting,recipe,,"Crafted using 1 Apricorn, 1 Sky Tumblestone, and 1 Iron Chunk",true,false,true,,,,,,,
wing-ball,legends-arceus,shop,vendor,,General store and base camp stores,true,false,true,,,340,pokedollars,,"After completing Request 61: ""Even More New Wares""",
wing-ball,legends-arceus,shop,vendor,,Ginkgo Guild cart (Ginter),true,false,false,20,,,pokedollars,,Randomly sold,
wing-ball,legends-arceus,contest,,,Practice field balloon minigame,true,false,false,,,,,,,Random reward
wing-ball,legends-arceus,contest,,cobalt-coastlands,Balloon Race,true,false,false,,,,,,,Random reward
winking-pika-pick,scarlet,shop,specialty-shop,,Artisan Bakery,true,false,true,,,1200,pokedollars,,,
winking-pika-pick,violet,shop,specialty-shop,,Artisan Bakery,true,false,true,,,1200,pokedollars,,,
wishing-piece,shield,shop,watt-trader,,All Watt Traders,true,false,true,1,,3000,watts,,,
wishing-piece,shield,crafting,cram-o-matic,,Cram-o-matic,true,false,false,1,,,,,Isle of Armor,"42–50 points (most types), 92–100 points (Rock)"
wishing-piece,shield,overworld,hidden,brawlers-cave,,true,true,true,1,,,,,Isle of Armor,Hidden recurring item
wishing-piece,shield,max-lair,dynite-ore-trader,max-lair,Dynite Ore trader,true,false,true,1,,,dynite-ore,,The Crown Tundra,
wishing-piece,sword,crafting,cram-o-matic,,Cram-o-matic,true,false,false,1,,,,,Isle of Armor,"42–50 points (most types), 92–100 points (Rock)"
wishing-piece,sword,overworld,hidden,brawlers-cave,,true,true,true,1,,,,,Isle of Armor,Hidden recurring item
wishing-piece,sword,shop,watt-trader,,All Watt Traders,true,false,true,1,,3000,watts,,,
wishing-piece,sword,max-lair,dynite-ore-trader,max-lair,Dynite Ore trader,true,false,true,1,,,dynite-ore,,The Crown Tundra,
wishing-star,shield,story,,galar-route-02,Received from Hop after battling him,false,false,true,,,,,,,
wishing-star,sword,story,,galar-route-02,Received from Hop after battling him,false,false,true,,,,,,,
wood,legends-arceus,overworld,recurring,crimson-mirelands,,true,false,true,,,,,,,
wood,legends-arceus,overworld,recurring,cobalt-coastlands,,true,false,true,,,,,,,
wood,legends-arceus,overworld,recurring,coronet-highlands,,true,false,true,,,,,,,
wood,legends-arceus,overworld,recurring,alabaster-icelands,,true,false,true,,,,,,,
wood,legends-arceus,dropped,,,Dropped by wild Scyther,true,false,false,,,,,,,
wood,legends-arceus,overworld,recurring,obsidian-fieldlands,,true,false,true,,,,,,,
wood-mail,emerald,overworld,visible,trick-house,,false,false,true,,,,,,,
wood-mail,emerald,shop,poke-mart,fortree-city,Poké Mart,true,false,true,,,50,pokedollars,,,
wood-mail,firered,trade,,,,true,false,true,,,,,,,
wood-mail,leafgreen,trade,,,,true,false,true,,,,,,,
wood-mail,ruby,shop,poke-mart,fortree-city,Poké Mart,true,false,true,,,50,pokedollars,,,
wood-mail,ruby,overworld,visible,trick-house,,false,false,true,,,,,,,
wood-mail,sapphire,shop,poke-mart,fortree-city,Poké Mart,true,false,true,,,50,pokedollars,,,
wood-mail,sapphire,overworld,visible,trick-house,,false,false,true,,,,,,,
wooden-crown,shield,overworld,visible,freezington,On the table in the Freeze Inn,false,false,true,,,,,,After accepting the Legendary Clues,Crown Tundra
wooden-crown,sword,overworld,visible,freezington,On the table in the Freeze Inn,false,false,true,,,,,,After accepting the Legendary Clues,Crown Tundra
works-key,brilliant-diamond,npc-gift,,floaroma-meadow,Honey Man after defeating Team Galactic Grunts,false,false,true,,,,,,After defeating the Team Galactic Grunts at Valley Windworks,
works-key,diamond,npc-gift,,floaroma-meadow,Honey Man after defeating Team Galactic Grunts,false,false,true,,,,,,After defeating the Team Galactic Grunts at Valley Windworks,
works-key,pearl,npc-gift,,floaroma-meadow,Honey Man after defeating Team Galactic Grunts,false,false,true,,,,,,After defeating the Team Galactic Grunts at Valley Windworks,
works-key,platinum,npc-gift,,floaroma-meadow,Honey Man after defeating Team Galactic Grunts,false,false,true,,,,,,After defeating the Team Galactic Grunts at Valley Windworks,
works-key,shining-pearl,npc-gift,,floaroma-meadow,Honey Man after defeating Team Galactic Grunts,false,false,true,,,,,,After defeating the Team Galactic Grunts at Valley Windworks,
x-defense,red,shop,department-store,celadon-city,Celadon Department Store,true,false,true,,,550,pokedollars,,,
x-defense,scarlet,shop,vendor,,Chansey Supply,true,false,true,,,2000,pokedollars,,,
xtransceiver,black,npc-gift,,nuvema-town,Received from Mom at the start of the game,false,false,true,,,,,,,
xtransceiver,black-2,starting-item,bag,aspertia-city,In the player's Bag at the start of the game,false,false,true,,,,,,,
xtransceiver,white,npc-gift,,nuvema-town,Received from Mom at the start of the game,false,false,true,,,,,,,
xtransceiver,white-2,starting-item,bag,aspertia-city,In the player's Bag at the start of the game,false,false,true,,,,,,,
yarn-ball,scarlet,shop,specialty-shop,mesagoza,Picnic-Knacks (Mesagoza Branch),true,false,true,,,1000,pokedollars,,,
yarn-ball,violet,shop,specialty-shop,mesagoza,Picnic-Knacks (Mesagoza Branch),true,false,true,,,1000,pokedollars,,,
yellow-apricorn,crystal,harvest,,route-42-johto,,true,false,true,,,,,,,
yellow-apricorn,gold,harvest,,route-42-johto,,true,false,true,,,,,,,
yellow-apricorn,silver,harvest,,route-42-johto,,true,false,true,,,,,,,
yellow-bell-pepper,scarlet,shop,vendor,,"Deli Cioso, Aquiesta Supermarket",true,false,true,,,240,pokedollars,,After earning 3 Gym Badges,
yellow-bell-pepper,scarlet,vending-machine,,terarium,Vending machines,true,false,true,,,,,,The Indigo Disk,
yellow-bell-pepper,violet,shop,vendor,,"Deli Cioso, Aquiesta Supermarket",true,false,true,,,240,pokedollars,,After earning 3 Gym Badges,
yellow-bell-pepper,violet,vending-machine,,terarium,Vending machines,true,false,true,,,,,,The Indigo Disk,
yellow-bottle,scarlet,shop,specialty-shop,cascarrafa,Picnic-Knacks (Cascarrafa Branch),true,false,true,,,2000,pokedollars,,,
yellow-bottle,violet,shop,specialty-shop,cascarrafa,Picnic-Knacks (Cascarrafa Branch),true,false,true,,,2000,pokedollars,,,
yellow-chairs,scarlet,npc-gift,,revelers-road,Picnicker,false,false,true,,,,,,If the player owns the Yellow Tablecloth,
yellow-chairs,violet,npc-gift,,revelers-road,Picnicker,false,false,true,,,,,,If the player owns the Yellow Tablecloth,
yellow-cup,scarlet,shop,specialty-shop,cascarrafa,Picnic-Knacks (Cascarrafa Branch),true,false,true,,,1500,pokedollars,,,
yellow-cup,violet,shop,specialty-shop,cascarrafa,Picnic-Knacks (Cascarrafa Branch),true,false,true,,,1500,pokedollars,,,
yellow-flute,firered,exchange,coins,celadon-game-corner,,true,false,true,,,1600,coins,,,
yellow-flute,ruby,crafting,craftworks,hoenn-route-113,Glass Workshop,true,false,true,,,,,,After accumulating 500 steps,
yellow-nectar,moon,overworld,recurring,melemele-meadow,Nighttime flowers,true,false,true,2,,,,,Nighttime; daily,
yellow-nectar,scarlet,shop,specialty-shop,,Delibird Presents,true,false,true,,,300,pokedollars,,After earning 3 Gym Badges,
yellow-nectar,sun,overworld,recurring,melemele-meadow,Nighttime flowers,true,false,true,2,,,,,Nighttime; daily,
yellow-nectar,ultra-moon,overworld,recurring,melemele-meadow,Nighttime flowers,true,false,true,2,,,,,Nighttime; daily,
yellow-nectar,ultra-sun,overworld,recurring,melemele-meadow,Nighttime flowers,true,false,true,2,,,,,Nighttime; daily,
yellow-nectar,violet,shop,specialty-shop,,Delibird Presents,true,false,true,,,300,pokedollars,,After earning 3 Gym Badges,
yellow-petal,ultra-moon,npc-gift,,hokulani-observatory,"Sophocles (during Mina's trial, after talking to Sophocles)",false,false,true,,,,,,During Mina's trial,
yellow-petal,ultra-sun,npc-gift,,hokulani-observatory,"Sophocles (during Mina's trial, after defeating Sophocles)",false,false,true,,,,,,During Mina's trial,
yellow-scarf,diamond,npc-gift,,pastoria-city,Scarf Guy,false,false,true,,,,,,Show a Pokémon with Tough stat of 200 or more,
yellow-scarf,firered,exchange,,,Trade,true,false,true,,,,,,,
yellow-scarf,ruby,npc-gift,,slateport-city,Pokémon Fan Club chairman,false,false,true,,,,,,Show a Pokémon with Tough stat of 200 or more,
yellow-tablecloth,scarlet,shop,specialty-shop,levincia,Picnic-Knacks (Levincia Branch),true,false,true,,,5000,pokedollars,,,
yellow-tablecloth,violet,shop,specialty-shop,levincia,Picnic-Knacks (Levincia Branch),true,false,true,,,5000,pokedollars,,,
yogurt,scarlet,shop,vendor,,Peachy's,true,false,true,,,140,pokedollars,,After earning 1 Badge (The Teal Mask),
yogurt,scarlet,shop,vendor,,Aquiesta Supermarket,true,false,true,,,140,pokedollars,,After earning 1 Gym Badge,
yogurt,scarlet,vending-machine,,,Vending machines (Terarium),true,false,true,,,,,,The Indigo Disk,
yogurt,scarlet,shop,vendor,,Artisan Bakery,true,false,true,,,140,pokedollars,,After earning 1 Gym Badge,
yogurt,violet,vending-machine,,,Vending machines (Terarium),true,false,true,,,,,,The Indigo Disk,
yogurt,violet,shop,vendor,,Artisan Bakery,true,false,true,,,140,pokedollars,,After earning 1 Gym Badge,
yogurt,violet,shop,vendor,,Aquiesta Supermarket,true,false,true,,,140,pokedollars,,After earning 1 Gym Badge,
yogurt,violet,shop,vendor,,Peachy's,true,false,true,,,140,pokedollars,,After earning 1 Badge (The Teal Mask),
z-power-ring,ultra-moon,story,,iki-town,Received from Hala after defeating Hau during the festival,false,false,true,,,,,,,
z-power-ring,ultra-sun,story,,iki-town,Received from Hala after defeating Hau during the festival,false,false,true,,,,,,,
z-ring,moon,story,,iki-town,From Hala after defeating Hau during the festival,false,false,true,,,,,,After completing the ceremony battle with Hau,
z-ring,sun,story,,iki-town,From Hala after defeating Hau during the festival,false,false,true,,,,,,After completing the ceremony battle with Hau,
zap-plate,diamond,overworld,visible,sunyshore-city,,false,false,true,,,,,,,
zap-plate,legends-arceus,story,,moonview-arena,Reward for defeating noble Hisuian Electrode,false,false,true,,,,,,Mission 11: Scaling Perilous Heights,
zap-plate,platinum,overworld,visible,sunyshore-city,,false,false,true,,,,,,,
zap-plate,scarlet,auction,,porto-marinada,,false,false,false,,,,,,If the player owns an Arceus,
zap-plate,violet,auction,,porto-marinada,,false,false,false,,,,,,If the player owns an Arceus,
zapdos-treat,scarlet,npc-gift,,blueberry-academy,Blueberry Academy entrance (Snacksworth),false,false,true,,,,,,After completing 10 solo Blueberry Quests,Requires The Indigo Disk
zapdos-treat,violet,npc-gift,,blueberry-academy,Blueberry Academy entrance (Snacksworth),false,false,true,,,,,,After completing 10 solo Blueberry Quests,Requires The Indigo Disk
zekrom-treat,scarlet,npc-gift,,blueberry-academy-entrance,Snacksworth,false,false,true,,,,,,After completing one group Blueberry Quest (The Indigo Disk),
zekrom-treat,violet,npc-gift,,blueberry-academy-entrance,Snacksworth,false,false,true,,,,,,After completing 10 solo Blueberry Quests (The Indigo Disk),
zeraorite,legends-za,story,,,"Side Mission EX3: ""Raging Lightning""",false,false,true,,,,,,Obtained upon defeating and catching the Rogue Mega Zeraora,
zoom-lens,black,trainer-reward,trainer,castelia-city,Pokémon Center (man in black),false,false,true,,,,,,Having Pokémon from 20 different original Trainers,
zoom-lens,diamond,exchange,coins,veilstone-city,Veilstone Game Corner,true,false,true,,,1000,coins,,,
zoom-lens,heartgold,exchange,coins,goldenrod-city,Goldenrod Game Corner,true,false,true,,,1000,coins,,,
zoom-lens,pearl,exchange,coins,veilstone-city,Veilstone Game Corner,true,false,true,,,1000,coins,,,
zoom-lens,platinum,exchange,coins,veilstone-city,Veilstone Game Corner,true,false,true,,,1000,coins,,,
zoom-lens,scarlet,shop,specialty-shop,levincia,Delibird Presents (Levincia Branch),true,false,true,,,10000,pokedollars,,After earning 4 Gym Badges,
zoom-lens,soulsilver,exchange,coins,goldenrod-city,Goldenrod Game Corner,true,false,true,,,1000,coins,,,
zoom-lens,violet,shop,specialty-shop,levincia,Delibird Presents (Levincia Branch),true,false,true,,,10000,pokedollars,,After earning 4 Gym Badges,
zoom-lens,white,trainer-reward,trainer,castelia-city,Pokémon Center (man in black),false,false,true,,,,,,Having Pokémon from 20 different original Trainers,
zygarde-cube,moon,npc-defeat,,heahea-city,Defeat Sina,false,false,true,,,,,,,
zygarde-cube,shield,shop,bargain-shop,stow-on-side,Bargain shop keeper,false,false,true,,,,,,If the player owns a Zygarde,
zygarde-cube,sun,npc-defeat,,heahea-city,Defeat Dexio,false,false,true,,,,,,,
zygarde-cube,sword,shop,bargain-shop,stow-on-side,Bargain shop keeper,false,false,true,,,,,,If the player owns a Zygarde,
zygarde-cube,ultra-moon,npc-defeat,,alola-route-16,Defeat Sina,false,false,true,,,,,,After catching Zygarde in Resolution Cave,
zygarde-cube,ultra-sun,npc-defeat,,alola-route-16,Defeat Dexio,false,false,true,,,,,,After catching Zygarde in Resolution Cave,
zygardite,legends-za,story,,,Main Mission 37: Operation Protect Lumiose,false,false,true,,,,,,Obtained upon gripping the pebble tightly when prompted,