item_identifier,version_identifier,localized_name
ability-capsule,brilliant-diamond-shining-pearl,A capsule that allows a Pokémon with two Abilities to switch between these Abilities when it is used.
ability-capsule,omega-ruby-alpha-sapphire,A capsule that allows a Pokémon with two Abilities to switch between these Abilities when it is used.
ability-capsule,scarlet-violet,A capsule that allows a Pokémon to switch its current Ability to the other Ability its species can have.
ability-capsule,sun-moon,A capsule that allows a Pokémon with two Abilities to switch between these Abilities when it is used.
ability-capsule,sword-shield,A capsule that allows a Pokémon with two Abilities to switch between these Abilities when it is used.
ability-capsule,ultra-sun-ultra-moon,A capsule that allows a Pokémon with two Abilities to switch between these Abilities when it is used.
ability-capsule,x-y,A capsule that allows a Pokémon with two Abilities to switch between these Abilities when it is used.
ability-patch,scarlet-violet,A patch that can be used to change the regular Ability of a Pokémon to a rarer Ability.
ability-patch,sword-shield,A patch that allows a Pokémon with a regular Ability to have a rare Ability.
ability-shield,scarlet-violet,An item to be held by a Pokémon. This cute and rather unique-looking shield protects the holder from having its Ability changed by others.
ability-urge,black-2-white-2,"When used, it activates the Ability of an ally Pokémon."
ability-urge,black-white,"When used, it activates the Ability of an ally Pokémon."
abomasite,legends-za,One of a variety of mysterious Mega Stones. An Abomasnow holding this stone will be able to Mega Evolve during battle.
abomasite,omega-ruby-alpha-sapphire,"One of a variety of mysterious Mega Stones. Have Abomasnow hold it, and this stone will enable it to Mega Evolve during battle."
abomasite,x-y,"One variety of the mysterious Mega Stones. Have Abomasnow hold it, and this stone will enable it to Mega Evolve during battle."
absolite,legends-za,One of a variety of mysterious Mega Stones. An Absol holding this stone will be able to Mega Evolve during battle.
absolite,omega-ruby-alpha-sapphire,"One of a variety of mysterious Mega Stones. Have Absol hold it, and this stone will enable it to Mega Evolve during battle."
absolite,sun-moon,"One of a variety of mysterious Mega Stones. Have Absol hold it, and this stone will enable it to Mega Evolve during battle."
absolite,ultra-sun-ultra-moon,"One of a variety of mysterious Mega Stones. Have Absol hold it, and this stone will enable it to Mega Evolve during battle."
absolite,x-y,"One variety of the mysterious Mega Stones. Have Absol hold it, and this stone will enable it to Mega Evolve during battle."
absolite-z,legends-za,One of a variety of mysterious Mega Stones. An Absol holding this stone will be able to Mega Evolve during battle.
absorb-bulb,black-2-white-2,"A consumable bulb. If the holder is hit by a Water-type move, its Sp. Atk will rise."
absorb-bulb,black-white,"A consumable bulb. If the holder is hit by a Water-type move, its Sp. Atk will rise."
absorb-bulb,brilliant-diamond-shining-pearl,An item to be held by a Pokémon. It boosts Sp. Atk if the holder is hit with a Water-type attack. It can only be used once.
absorb-bulb,legends-arceus,An item to be held by a Pokémon. It boosts Sp. Atk if the holder is hit with a Water-type attack. It can only be used once.
absorb-bulb,lets-go-pikachu-lets-go-eevee,An item to be held by a Pokémon. It boosts Sp. Atk if hit with a Water-type attack. It can only be used once.
absorb-bulb,omega-ruby-alpha-sapphire,An item to be held by a Pokémon. It boosts Sp. Atk if hit with a Water-type attack. It can only be used once.
absorb-bulb,scarlet-violet,An item to be held by a Pokémon. This single-use bulb boosts the Sp. Atk stat if the holder is damaged by a Water-type attack.
absorb-bulb,sun-moon,An item to be held by a Pokémon. It boosts Sp. Atk if hit with a Water-type attack. It can only be used once.
absorb-bulb,sword-shield,An item to be held by a Pokémon. It boosts Sp. Atk if the holder is hit with a Water-type attack. It can only be used once.
absorb-bulb,ultra-sun-ultra-moon,An item to be held by a Pokémon. It boosts Sp. Atk if hit with a Water-type attack. It can only be used once.
absorb-bulb,x-y,An item to be held by a Pokémon. It boosts Sp. Atk if hit with a Water-type attack. It can only be used once.
academy-ball,scarlet-violet,"The academy's standard-issue ball in a regulation size. Lots of students believe that if you kick it right on the academy emblem, it'll fly in a straight line."
academy-bottle,scarlet-violet,"A bottle emblazoned with the academy's emblem. It's light, sturdy, and vacuum insulated, so it'll keep your hots hot and your colds cold."
academy-chairs,scarlet-violet,A set of chairs that are ideal for picnicking. Their design was inspired by the Academy Tablecloth.
academy-cup,scarlet-violet,The academy's standard-issue cup for picnicking. The careful design of its mouth makes it popular both inside and outside the academy.
academy-tablecloth,scarlet-violet,The academy's standard-issue tablecloth. It's made with the latest fiber-processing technology and is so tough that not even a Razor Claw can tear it.
acro-bike,emerald,A folding bicycle capable of jumps and wheelies.
acro-bike,firered-leafgreen,A folding bicycle that is capable of stunts like jumps and wheelies.
acro-bike,omega-ruby-alpha-sapphire,This folding Bike allows you to perform actions such as wheelies and bunny hops.
acro-bike,ruby-sapphire,A folding bicycle capable of jumps and wheelies.
acro-bike,sun-moon,This folding Bike allows you to perform actions such as wheelies and bunny hops.
acro-bike,ultra-sun-ultra-moon,This folding Bike allows you to perform actions such as wheelies and bunny hops.
adamant-crystal,legends-arceus,"When used on Dialga, this large, glowing gem wells with power and allows the Pokémon to change form."
adamant-crystal,scarlet-violet,"An item to be held by Dialga. This large, glowing gem wells with power and allows the Pokémon to change form."
adamant-mint,brilliant-diamond-shining-pearl,"When a Pokémon smells this mint, its Attack will grow more easily, but its Sp. Atk will grow more slowly."
adamant-mint,legends-arceus,"When a Pokémon smells this mint, its Attack will grow more easily, but its Sp. Atk will grow more slowly."
adamant-mint,scarlet-violet,"Having a Pokémon smell this mint can make its Attack stat grow stronger. However, its Sp. Atk stat may suffer."
adamant-mint,sword-shield,"When a Pokémon smells this mint, its Attack will grow more easily, but its Sp. Atk will grow more slowly."
adamant-orb,black-2-white-2,A brightly gleaming orb to be held by Dialga. It boosts the power of Dragon- and Steel-type moves.
adamant-orb,black-white,A brightly gleaming orb to be held by Dialga. It boosts the power of Dragon- and Steel-type moves.
adamant-orb,brilliant-diamond-shining-pearl,A brightly gleaming orb to be held by Dialga. It boosts the power of Dragon- and Steel-type moves when it is held.
adamant-orb,diamond-pearl,A brightly gleaming orb to be held by Dialga. It boosts the power of Dragon- and Steel-type moves.
adamant-orb,heartgold-soulsilver,A brightly gleaming orb to be held by Dialga. It boosts the power of Dragon- and Steel-type moves.
adamant-orb,legends-arceus,A brightly gleaming orb to be held by Dialga. It boosts the power of Dragon- and Steel-type moves when it is held.
adamant-orb,lets-go-pikachu-lets-go-eevee,A brightly gleaming orb to be held by Dialga. It boosts the power of Dragon- and Steel-type moves when it is held.
adamant-orb,omega-ruby-alpha-sapphire,A brightly gleaming orb to be held by Dialga. It boosts the power of Dragon- and Steel-type moves when it is held.
adamant-orb,platinum,A brightly gleaming orb to be held by Dialga. It boosts the power of Dragon- and Steel-type moves.
adamant-orb,scarlet-violet,A brightly shining gem to be held by Dialga. It boosts the power of Dialga’s Dragon- and Steel-type moves.
adamant-orb,sun-moon,A brightly gleaming orb to be held by Dialga. It boosts the power of Dragon- and Steel-type moves when it is held.
adamant-orb,sword-shield,A brightly gleaming orb to be held by Dialga. It boosts the power of Dragon- and Steel-type moves when it is held.
adamant-orb,ultra-sun-ultra-moon,A brightly gleaming orb to be held by Dialga. It boosts the power of Dragon- and Steel-type moves when it is held.
adamant-orb,x-y,A brightly gleaming orb to be held by Dialga. It boosts the power of Dragon- and Steel-type moves when it is held.
adrenaline-orb,scarlet-violet,An item to be held by a Pokémon. This orb boosts the Speed stat if the holder is intimidated.
adrenaline-orb,sun-moon,"Using it makes wild Pokémon more likely to call for help. If held by a Pokémon, it boosts Speed when intimidated. It can be used only once."
adrenaline-orb,sword-shield,"If held by a Pokémon, it boosts Speed when intimidated."
adrenaline-orb,ultra-sun-ultra-moon,"Using it makes wild Pokémon call for help a number of times. If held by a Pokémon, it boosts Speed when intimidated. It can be used only once."
adventure-guide,brilliant-diamond-shining-pearl,A compact device that automatically collects and records advice when a Trainer is out on an adventure.
adventure-guide,legends-arceus,A compact device that automatically collects and records advice when a Trainer is out on an adventure.
adventure-guide,lets-go-pikachu-lets-go-eevee,This book contains all the points a new Trainer needs to know on a journey. It was handmade by a kind friend.
adventure-guide,omega-ruby-alpha-sapphire,This book contains all the points a new Trainer needs to know on a journey. It was handmade by a kind friend.
adventure-guide,scarlet-violet,A mysterious and convenient notebook that contains all the advice a Trainer receives out on an adventure.
adventure-guide,sun-moon,This book contains all the points a new Trainer needs to know on a journey. It was handmade by a kind friend.
adventure-guide,sword-shield,A compact device that automatically collects and records advice when a Trainer is out on an adventure.
adventure-guide,ultra-sun-ultra-moon,This book contains all the points a new Trainer needs to know on a journey. It was handmade by a kind friend.
adventure-guide,x-y,This book contains all the points a new Trainer needs to know on a journey. It was handmade by a kind friend.
aerodactylite,legends-za,One of a variety of mysterious Mega Stones. An Aerodactyl holding this stone will be able to Mega Evolve during battle.
aerodactylite,lets-go-pikachu-lets-go-eevee,One of a variety of mysterious Mega Stones. This stone will enable Aerodactyl to Mega Evolve during battle.
aerodactylite,omega-ruby-alpha-sapphire,"One of a variety of mysterious Mega Stones. Have Aerodactyl hold it, and this stone will enable it to Mega Evolve during battle."
aerodactylite,sun-moon,"One of a variety of mysterious Mega Stones. Have Aerodactyl hold it, and this stone will enable it to Mega Evolve during battle."
aerodactylite,x-y,"One variety of the mysterious Mega Stones. Have Aerodactyl hold it, and this stone will enable it to Mega Evolve during battle."
aggronite,legends-za,One of a variety of mysterious Mega Stones. An Aggron holding this stone will be able to Mega Evolve during battle.
aggronite,omega-ruby-alpha-sapphire,"One of a variety of mysterious Mega Stones. Have Aggron hold it, and this stone will enable it to Mega Evolve during battle."
aggronite,x-y,"One variety of the mysterious Mega Stones. Have Aggron hold it, and this stone will enable it to Mega Evolve during battle."
aguav-berry,diamond-pearl,"If held by a Pokémon, it restores the user's HP in a pinch, but may also cause confusion."
aguav-berry,emerald,A hold item that restores HP but may confuse.
aguav-berry,legends-arceus,A Berry that can be fed to a Pokémon to restore its HP by up to half its max.
aguav-berry,platinum,"If held by a Pokémon, it restores the user's HP in a pinch, but may also cause confusion."
aguav-berry,ruby-sapphire,A hold item that restores HP but may confuse.
aguav-berry,scarlet-violet,"If a Pokémon holds one of these Berries, it will be able to restore some HP should it find itself in a pinch."
aguav-berry,sword-shield,"If held by a Pokémon, it restores the user's HP in a pinch, but it will cause confusion if the user hates the taste."
air-balloon,black-2-white-2,"When held by a Pokémon, the Pokémon will float into the air. When the holder is attacked, this item will burst."
air-balloon,scarlet-violet,"An item to be held by a Pokémon. This balloon makes the holder float in the air. If the holder is hit with an attack, the balloon will burst."
air-balloon,sun-moon,"An item to be held by a Pokémon. The holder will float in the air until hit. Once hit, this item will burst."
air-balloon,sword-shield,"An item to be held by a Pokémon. The holder will float in the air until hit. Once the holder is hit, this item will burst."
air-balloon,x-y,"An item to be held by a Pokémon. The holder will float in the air until hit. Once hit, this item will burst."
air-mail,diamond-pearl,Stationery featuring a print of colorful letter sets. Let a Pokémon hold it for delivery.
air-mail,heartgold-soulsilver,Stationery featuring a print of colorful letter sets. Let a Pokémon hold it for delivery.
alakazite,legends-za,One of a variety of mysterious Mega Stones. An Alakazam holding this stone will be able to Mega Evolve during battle.
alakazite,lets-go-pikachu-lets-go-eevee,One of a variety of mysterious Mega Stones. This stone will enable Alakazam to Mega Evolve during battle.
alakazite,omega-ruby-alpha-sapphire,"One of a variety of mysterious Mega Stones. Have Alakazam hold it, and this stone will enable it to Mega Evolve during battle."
alakazite,x-y,"One variety of the mysterious Mega Stones. Have Alakazam hold it, and this stone will enable it to Mega Evolve during battle."
aloraichium-z,scarlet-violet,It converts Z-Power into crystals that upgrade Alolan Raichu's Thunderbolt to a Z-Move.
aloraichium-z,sun-moon,It converts Z-Power into crystals that upgrade Alolan Raichu's Thunderbolt to an exclusive Z-Move.
aloraichium-z,ultra-sun-ultra-moon,It converts Z-Power into crystals that upgrade Alolan Raichu's Thunderbolt to an exclusive Z-Move.
altarianite,brilliant-diamond-shining-pearl,"One of a variety of mysterious Mega Stones. Have Altaria hold it, and this stone will enable it to Mega Evolve during battle."
altarianite,legends-arceus,"One of a variety of mysterious Mega Stones. Have Altaria hold it, and this stone will enable it to Mega Evolve during battle."
altarianite,legends-za,One of a variety of mysterious Mega Stones. An Altaria holding this stone will be able to Mega Evolve during battle.
altarianite,omega-ruby-alpha-sapphire,"One of a variety of mysterious Mega Stones. Have Altaria hold it, and this stone will enable it to Mega Evolve during battle."
altarianite,scarlet-violet,"One of a variety of mysterious Mega Stones. Have Altaria hold it, and this stone will enable it to Mega Evolve during battle."
altarianite,sun-moon,"One of a variety of mysterious Mega Stones. Have Altaria hold it, and this stone will enable it to Mega Evolve during battle."
altarianite,sword-shield,"One of a variety of mysterious Mega Stones. Have Altaria hold it, and this stone will enable it to Mega Evolve during battle."
altarianite,ultra-sun-ultra-moon,"One of a variety of mysterious Mega Stones. Have Altaria hold it, and this stone will enable it to Mega Evolve during battle."
amaze-mulch,brilliant-diamond-shining-pearl,"A fertilizer for growing Berries. However, it appears to be unsuitable for the soil in the Hoenn region and has no effect."
amaze-mulch,legends-arceus,"A fertilizer for growing Berries. However, it appears to be unsuitable for the soil in the Hoenn region and has no effect."
amaze-mulch,omega-ruby-alpha-sapphire,"A fertilizer for growing Berries. However, it appears to be unsuitable for the soil in the Hoenn region and has no effect."
amaze-mulch,scarlet-violet,"A fertilizer for growing Berries. However, it appears to be unsuitable for the soil in the Hoenn region and has no effect."
amaze-mulch,sun-moon,"A fertilizer for growing Berries. However, it appears to be unsuitable for the soil in the Hoenn region and has no effect."
amaze-mulch,sword-shield,"A fertilizer for growing Berries. However, it appears to be unsuitable for the soil in the Hoenn region and has no effect."
amaze-mulch,ultra-sun-ultra-moon,"A fertilizer for growing Berries. However, it appears to be unsuitable for the soil in the Hoenn region and has no effect."
amaze-mulch,x-y,"Mulch to be used in a Berry field. An amazing Mulch with the effects of Rich, Surprise, and Boost Mulch."
amazing-butter,legends-za,"An amazing pack of butter found in Hyperspace Lumiose. With it, you should be able to make even higher quality donuts than before."
ampharosite,legends-za,One of a variety of mysterious Mega Stones. An Ampharos holding this stone will be able to Mega Evolve during battle.
ampharosite,omega-ruby-alpha-sapphire,"One of a variety of mysterious Mega Stones. Have Ampharos hold it, and this stone will enable it to Mega Evolve during battle."
ampharosite,sun-moon,"One of a variety of mysterious Mega Stones. Have Ampharos hold it, and this stone will enable it to Mega Evolve during battle."
ampharosite,ultra-sun-ultra-moon,"One of a variety of mysterious Mega Stones. Have Ampharos hold it, and this stone will enable it to Mega Evolve during battle."
ampharosite,x-y,"One variety of the mysterious Mega Stones. Have Ampharos hold it, and this stone will enable it to Mega Evolve during battle."
amulet-coin,crystal,Doubles monetary earnings. (HOLD)
amulet-coin,diamond-pearl,An item to be held by a Pokémon. It doubles a battle's prize money if the holding Pokémon joins in.
amulet-coin,gold-silver,Doubles monetary earnings. (HOLD)
amulet-coin,platinum,An item to be held by a Pokémon. It doubles a battle's prize money if the holding Pokémon joins in.
amulet-coin,scarlet-violet,An item to be held by a Pokémon. It doubles any prize money received as long as the holder joins the battle at least once.
antidote,black-2-white-2,A spray-type medicine. It lifts the effect of poison from one Pokémon.
antidote,black-white,A spray-type medicine. It lifts the effect of poison from one Pokémon.
antidote,brilliant-diamond-shining-pearl,A spray-type medicine for treating poisoning. It can be used to lift the effects of being poisoned from a single Pokémon.
antidote,colosseum,Heals a poisoned Pokémon.
antidote,crystal,Cures poisoned Pokémon.
antidote,diamond-pearl,A spray-type medicine. It lifts the effect of poison from one Pokémon.
antidote,emerald,Heals a poisoned Pokémon.
antidote,firered-leafgreen,A spray-type medicine. It heals one Pokémon from a poisoning.
antidote,gold-silver,Cures poisoned Pokémon.
antidote,heartgold-soulsilver,A spray-type medicine. It lifts the effect of poison from one Pokémon.
antidote,legends-arceus,A spray-type medicine for treating poisoning. It can be used to lift the effects of being poisoned from a single Pokémon.
antidote,legends-za,A spray-type medicine for treating poisoning. It can be used to lift the effects of being poisoned from a Pokémon.
antidote,lets-go-pikachu-lets-go-eevee,A spray-type medicine for treating poisoning. It can be used to lift the effects of being poisoned from a single Pokémon.
antidote,omega-ruby-alpha-sapphire,A spray-type medicine for poisoning. It can be used once to lift the effects of being poisoned from a Pokémon.
antidote,platinum,A spray-type medicine. It lifts the effect of poison from one Pokémon.
antidote,ruby-sapphire,Heals a poisoned Pokémon.
antidote,scarlet-violet,A spray-type medicine for treating poisoning. It can be used to lift the effects of being poisoned from a Pokémon.
antidote,stadium,An antidote for curing a poisoned Pokémon.
antidote,sun-moon,A spray-type medicine for poisoning. It can be used once to lift the effects of being poisoned from a Pokémon.
antidote,sword-shield,A spray-type medicine for treating poisoning. It can be used to lift the effects of being poisoned from a single Pokémon.
antidote,ultra-sun-ultra-moon,A spray-type medicine for poisoning. It can be used once to lift the effects of being poisoned from a Pokémon.
antidote,x-y,A spray-type medicine for poisoning. It can be used once to lift the effects of being poisoned from a Pokémon.
antidote,xd,Heals a poisoned Pokémon.
apicot-berry,diamond-pearl,"A Poffin ingredient. If held by a Pokémon, it raises its Sp. Def stat in a pinch."
apicot-berry,firered-leafgreen,"When held by a Pokémon, it raises the Sp. Def stat in a pinch."
apicot-berry,heartgold-soulsilver,"If held by a Pokémon, it raises its Sp. Def stat in a pinch."
apicot-berry,ruby-sapphire,A hold item that raises Sp. Def in a pinch.
apicot-berry,scarlet-violet,"If a Pokémon holds one of these Berries, its Sp. Def stat will be boosted should it find itself in a pinch."
apicot-berry,x-y,"A Berry to be consumed by Pokémon. If a Pokémon holds one, its Sp. Def stat will increase when it's in a pinch."
apple,scarlet-violet,This very sweet ingredient is sliced thin to make it easy to add into a sandwich.
apricorn,legends-arceus,A fruit whose shell can be used to form the capsules of all manner of Poké Balls when crafting them from scratch. Its proper name is actually “Brown Apricorn.”
apricorn,scarlet-violet,A fruit whose shell can be used to form the capsules of all manner of Poké Balls when crafting them from scratch. Its proper name is actually “Brown Apricorn.”
apricorn-box,black-2-white-2,A handy box where you can store up to 99 Apricorns of each kind.
apricorn-box,black-white,A handy box where you can store up to 99 Apricorns of each kind.
apricorn-box,brilliant-diamond-shining-pearl,A handy box where you can store up to 99 of each kind of Apricorn.
apricorn-box,heartgold-soulsilver,A handy box where you can store up to 99 Apricorns of each kind.
apricorn-box,legends-arceus,A handy box where you can store up to 99 of each kind of Apricorn.
apricorn-box,omega-ruby-alpha-sapphire,A handy box where you can store up to 99 of each kind of Apricorn.
apricorn-box,scarlet-violet,A handy box where you can store up to 99 of each kind of Apricorn.
apricorn-box,sun-moon,A handy box where you can store up to 99 of each kind of Apricorn.
apricorn-box,sword-shield,A handy box where you can store up to 99 of each kind of Apricorn.
apricorn-box,ultra-sun-ultra-moon,A handy box where you can store up to 99 of each kind of Apricorn.
apricorn-box,x-y,A handy box where you can store up to 99 of each kind of Apricorn.
aqua-suit,brilliant-diamond-shining-pearl,A suit made with the collective technological know-how of Team Aqua. It can withstand any impact.
aqua-suit,legends-arceus,A suit made with the collective technological know-how of Team Aqua. It can withstand any impact.
aqua-suit,lets-go-pikachu-lets-go-eevee,A suit made with the collective technological know-how of Team Aqua. It can withstand any impact.
aqua-suit,omega-ruby-alpha-sapphire,A suit made with the collective technological know-how of Team Aqua. It can withstand any impact.
aqua-suit,scarlet-violet,A suit made with the collective technological know-how of Team Aqua. It can withstand any impact.
aqua-suit,sun-moon,A suit made with the collective technological know-how of Team Aqua. It can withstand any impact.
aqua-suit,sword-shield,A suit made with the collective technological know-how of Team Aqua. It can withstand any impact.
aqua-suit,ultra-sun-ultra-moon,A suit made with the collective technological know-how of Team Aqua. It can withstand any impact.
arboliva-oil,legends-za,The oil produced by Paldea's Arboliva is said to be so delicious you'll feel as if you've gone to heaven after tasting it. How Corbeau got some is best left a mystery.
armor-fossil,black-2-white-2,A fossil from a prehistoric Pokémon that lived on the land. It appears to be part of a collar.
armor-fossil,black-white,A fossil from a prehistoric Pokémon that lived on the land. It appears to be part of a collar.
armor-fossil,brilliant-diamond-shining-pearl,A fossil from a prehistoric Pokémon that once lived on the land. It looks to be from some kind of protective collar.
armor-fossil,diamond-pearl,A fossil from a prehistoric Pokémon that lived on the land. It appears to be part of a collar.
armor-fossil,heartgold-soulsilver,A fossil from a prehistoric Pokémon that lived on the land. It appears to be part of a collar.
armor-fossil,legends-arceus,A fossil from a prehistoric Pokémon that once lived on the land. It looks to be from some kind of protective collar.
armor-fossil,omega-ruby-alpha-sapphire,A fossil from a prehistoric Pokémon that once lived on the land. It looks to be from some kind of protective collar.
armor-fossil,platinum,A fossil from a prehistoric Pokémon that lived on the land. It appears to be part of a collar.
armor-fossil,scarlet-violet,A fossil from a prehistoric Pokémon that once lived on the land. It looks to be from some kind of protective collar.
armor-fossil,sun-moon,A fossil from a prehistoric Pokémon that once lived on the land. It looks to be from some kind of protective collar.
armor-fossil,sword-shield,A fossil from a prehistoric Pokémon that once lived on the land. It looks to be from some kind of protective collar.
armor-fossil,ultra-sun-ultra-moon,A fossil from a prehistoric Pokémon that once lived on the land. It looks to be from some kind of protective collar.
armor-fossil,x-y,A fossil from a prehistoric Pokémon that once lived on the land. It looks to be from some kind of protective collar.
armor-pass,brilliant-diamond-shining-pearl,A pass to go to the Isle of Armor. Show it to the rail staff at Wedgehurst Station.
armor-pass,legends-arceus,A pass to go to the Isle of Armor. Show it to the rail staff at Wedgehurst Station.
armor-pass,scarlet-violet,A pass to go to the Isle of Armor. Show it to the rail staff at Wedgehurst Station.
armor-pass,sword-shield,A pass to go to the Isle of Armor. Show it to the rail staff at Wedgehurst Station.
armorite-ore,brilliant-diamond-shining-pearl,Rare ore that can be obtained on the Isle of Armor. Something good will happen if you give it to a collector on the Isle of Armor.
armorite-ore,legends-arceus,Rare ore that can be obtained on the Isle of Armor. Something good will happen if you give it to a collector on the Isle of Armor.
armorite-ore,scarlet-violet,Rare ore that can be obtained on the Isle of Armor. Something good will happen if you give it to a collector on the Isle of Armor.
armorite-ore,sword-shield,Rare ore that can be obtained on the Isle of Armor. Something good will happen if you give it to a collector on the Isle of Armor.
articuno-treat,scarlet-violet,A snack made from ingredients favored by the Legendary Pokémon Articuno.
aspear-berry,emerald,A hold item that defrosts Pokémon in battle.
aspear-berry,legends-arceus,A Berry that can be fed to a Pokémon to cure its frostbite or thrown to draw wild Pokémon’s attention.
aspear-berry,ruby-sapphire,A hold item that defrosts Pokémon in battle.
aspear-berry,x-y,"A Berry to be consumed by Pokémon. If a Pokémon holds one, it can recover from being frozen on its own in battle."
assault-vest,scarlet-violet,An item to be held by a Pokémon. This offensive vest boosts the holder's Sp. Def stat but prevents the use of status moves.
assault-vest,x-y,An item to be held by a Pokémon. This offensive vest raises Sp. Def but prevents the use of status moves.
audinite,brilliant-diamond-shining-pearl,"One of a variety of mysterious Mega Stones. Have Audino hold it, and this stone will enable it to Mega Evolve during battle."
audinite,legends-arceus,"One of a variety of mysterious Mega Stones. Have Audino hold it, and this stone will enable it to Mega Evolve during battle."
audinite,legends-za,One of a variety of mysterious Mega Stones. An Audino holding this stone will be able to Mega Evolve during battle.
audinite,omega-ruby-alpha-sapphire,"One of a variety of mysterious Mega Stones. Have Audino hold it, and this stone will enable it to Mega Evolve during battle."
audinite,scarlet-violet,"One of a variety of mysterious Mega Stones. Have Audino hold it, and this stone will enable it to Mega Evolve during battle."
audinite,sun-moon,"One of a variety of mysterious Mega Stones. Have Audino hold it, and this stone will enable it to Mega Evolve during battle."
audinite,sword-shield,"One of a variety of mysterious Mega Stones. Have Audino hold it, and this stone will enable it to Mega Evolve during battle."
audinite,ultra-sun-ultra-moon,"One of a variety of mysterious Mega Stones. Have Audino hold it, and this stone will enable it to Mega Evolve during battle."
aurora-ticket,emerald,A ticket required to board the ship to Birth Island.
aurora-ticket,firered-leafgreen,A ticket required to board the ship to Birth Island. It glows beautifully.
auspicious-armor,legends-za,A peculiar set of armor that can make a certain species of Pokémon evolve. Auspicious wishes live within it.
auspicious-armor,scarlet-violet,A peculiar set of armor that can make a certain species of Pokémon evolve. Auspicious wishes live within it.
autograph,brilliant-diamond-shining-pearl,"The autograph you got from the Vermilion City Gym Leader, Lt. Surge. He wrote, ""Good luck!"""
autograph,legends-arceus,"The autograph you got from the Vermilion City Gym Leader, Lt. Surge. He wrote, ""Good luck!"""
autograph,lets-go-pikachu-lets-go-eevee,"The autograph you got from the Vermilion City Gym Leader, Lt. Surge. He wrote, ""Good luck!"""
autograph,scarlet-violet,"The autograph you got from the Vermilion City Gym Leader, Lt. Surge. He wrote, ""Good luck!"""
autograph,sword-shield,"The autograph you got from the Vermilion City Gym Leader, Lt. Surge. He wrote, ""Good luck!"""
autographed-plush,legends-za,A plush doll that has been autographed by Canari. Just having one puts you in a good mood.
aux-evasion,legends-arceus,An item that makes moves less likely to strike a Pokémon during a battle. This effect disappears if the Pokémon leaves the battle.
aux-evasion,scarlet-violet,An item that makes moves less likely to strike a Pokémon in battle. This effect disappears if the Pokémon leaves the battle.
aux-guard,legends-arceus,An item that sharply boosts the defensive stats of a Pokémon during a battle. These effects disappear if the Pokémon leaves the battle.
aux-guard,scarlet-violet,An item that sharply boosts the defensive stats of a Pokémon in battle. These effects disappear if the Pokémon leaves the battle.
aux-power,legends-arceus,An item that sharply boosts the offensive stats of a Pokémon during a battle. These effects disappear if the Pokémon leaves the battle.
aux-power,scarlet-violet,An item that sharply boosts the offensive stats of a Pokémon in battle. These effects disappear if the Pokémon leaves the battle.
aux-powerguard,legends-arceus,An item that sharply boosts the offensive and defensive stats of a Pokémon during a battle. These effects disappear if the Pokémon leaves the battle.
aux-powerguard,scarlet-violet,An item that sharply boosts the offensive and defensive stats of a Pokémon in battle. These effects disappear if the Pokémon leaves the battle.
avocado,scarlet-violet,"An ingredient with sweet notes—though its flavor is very mild. The avocado's richness, however, makes it satisfying to eat."
awakening,brilliant-diamond-shining-pearl,A spray-type medicine to wake the sleeping. It can be used to rouse a single Pokémon from the clutches of sleep.
awakening,crystal,Awakens sleeping Pokémon.
awakening,diamond-pearl,A spray-type medicine. It awakens a Pokémon from the clutches of sleep.
awakening,emerald,Awakens a sleeping Pokémon.
awakening,firered-leafgreen,A spray-type medicine. It awakens a sleeping Pokémon.
awakening,gold-silver,Awakens sleeping Pokémon.
awakening,heartgold-soulsilver,A spray-type medicine. It awakens a Pokémon from the clutches of sleep.
awakening,legends-arceus,A spray-type medicine to wake the sleeping. It can be used to rouse a single Pokémon from the clutches of sleep.
awakening,legends-za,A spray-type medicine to wake the sleeping. It can be used to rouse a Pokémon that is feeling drowsy.
awakening,lets-go-pikachu-lets-go-eevee,A spray-type medicine to wake the sleeping. It can be used to rouse a single Pokémon from the clutches of sleep.
awakening,omega-ruby-alpha-sapphire,A spray-type medicine used against sleep. It can be used once to rouse a Pokémon from the clutches of sleep.
awakening,platinum,A spray-type medicine. It awakens a Pokémon from the clutches of sleep.
awakening,ruby-sapphire,Awakens a sleeping Pokémon.
awakening,scarlet-violet,A spray-type medicine to wake the sleeping. It can be used to rouse a Pokémon from the clutches of sleep.
awakening,stadium,Awakens a Pokémon that has fallen asleep.
awakening,sun-moon,A spray-type medicine used against sleep. It can be used once to rouse a Pokémon from the clutches of sleep.
awakening,sword-shield,A spray-type medicine to wake the sleeping. It can be used to rouse a single Pokémon from the clutches of sleep.
awakening,ultra-sun-ultra-moon,A spray-type medicine used against sleep. It can be used once to rouse a Pokémon from the clutches of sleep.
awakening,x-y,A spray-type medicine used against sleep. It can be used once to rouse a Pokémon from the clutches of sleep.
azelfs-fang,legends-arceus,"Proof that you have completed the trial set by Azelf, the Being of Willpower that lives in Lake Valor. This item is needed to forge the Red Chain."
azelfs-fang,scarlet-violet,"Proof that you have completed the trial set by Azelf, the Being of Willpower that lives in Lake Valor. This item is needed to forge the Red Chain."
azure-flute,brilliant-diamond-shining-pearl,A flute that puts out echoing sounds that do not seem to be of this world. No one knows who made it.
azure-flute,diamond-pearl,A flute that puts out echoing sounds that do not seem to be of this world. It is unknown who made it.
azure-flute,legends-arceus,A flute that puts out echoing sounds that do not seem to be of this world. No one knows who made it or when.
azure-flute,omega-ruby-alpha-sapphire,A flute that puts out echoing sounds that do not seem to be of this world. No one knows who made it.
azure-flute,platinum,A flute that puts out echoing sounds that do not seem to be of this world. It is unknown who made it.
azure-flute,scarlet-violet,A flute that puts out echoing sounds that do not seem to be of this world. No one knows who made it or when.
azure-flute,sun-moon,A flute that puts out echoing sounds that do not seem to be of this world. No one knows who made it.
azure-flute,sword-shield,A flute that puts out echoing sounds that do not seem to be of this world. No one knows who made it.
azure-flute,ultra-sun-ultra-moon,A flute that puts out echoing sounds that do not seem to be of this world. No one knows who made it.
azure-flute,x-y,A flute that puts out echoing sounds that do not seem to be of this world. No one knows who made it.
babiri-berry,black-2-white-2,Weakens a supereffective Steel-type attack against the holding Pokémon.
babiri-berry,black-white,Weakens a supereffective Steel-type attack against the holding Pokémon.
babiri-berry,brilliant-diamond-shining-pearl,"If held by a Pokémon, this Berry will lessen the damage taken from one supereffective Steel-type attack."
babiri-berry,diamond-pearl,"A Poffin ingredient. If held by a Pokémon, it weakens a foe's supereffective Steel-type attack."
babiri-berry,heartgold-soulsilver,"If held by a Pokémon, it weakens a foe's supereffective Steel-type attack."
babiri-berry,legends-arceus,"If held by a Pokémon, this Berry will lessen the damage taken from one supereffective Steel-type attack."
babiri-berry,omega-ruby-alpha-sapphire,"If held by a Pokémon, this Berry will lessen the damage taken from one supereffective Steel-type attack."
babiri-berry,platinum,"A Poffin ingredient. If held by a Pokémon, it weakens a foe's supereffective Steel-type attack."
babiri-berry,scarlet-violet,"If a Pokémon holding this Berry is hit with a supereffective Steel-type move, the power of that move will be weakened."
babiri-berry,sun-moon,"If held by a Pokémon, this Berry will lessen the damage taken from one supereffective Steel-type attack."
babiri-berry,sword-shield,"If held by a Pokémon, this Berry will lessen the damage taken from one supereffective Steel-type attack."
babiri-berry,ultra-sun-ultra-moon,"If held by a Pokémon, this Berry will lessen the damage taken from one supereffective Steel-type attack."
babiri-berry,x-y,"If held by a Pokémon, this Berry will lessen the damage taken from one supereffective Steel-type attack."
bachs-food-tin,brilliant-diamond-shining-pearl,One of the many ingredients that can be used for cooking at your camp. The tinned food that Bach sells is curiously popular in Galar.
bachs-food-tin,legends-arceus,One of the many ingredients that can be used for cooking at your camp. The tinned food that Bach sells is curiously popular in Galar.
bachs-food-tin,scarlet-violet,One of the many ingredients that can be used for cooking at your camp. The tinned food that Bach sells is curiously popular in Galar.
bachs-food-tin,sword-shield,One of the many ingredients that can be used for cooking at your camp. The tinned food that Bach sells is curiously popular in Galar.
bacon,scarlet-violet,"This very salty ingredient has been cooked just shy of charred, making it burst with fragrance and tasty flavor."
baguette,scarlet-violet,"A long loaf sliced into top and bottom halves. Its aroma of wheat and its straightforward, salty flavor make it pair well with all kinds of sandwich ingredients."
ball-of-mud,legends-arceus,"A ball of mud that has become stiff and hard. Hitting a Pokémon with one may stun the Pokémon, creating an opening for you to act."
ball-of-mud,scarlet-violet,"A ball of mud that has become stiff and hard. Hitting a Pokémon with one may stun the Pokémon, creating an opening for you to act."
balm-mushroom,black-2-white-2,A rare mushroom which gives off a nice fragrance. A maniac will buy it for a high price.
balm-mushroom,black-white,A rare mushroom which gives off a nice fragrance. A maniac will buy it for a high price.
balm-mushroom,omega-ruby-alpha-sapphire,A rare mushroom that gives off a nice fragrance. It can be sold at a high price to shops.
balm-mushroom,scarlet-violet,A rare mushroom that gives off a nice fragrance. It can be sold at a high price to shops.
balm-mushroom,sun-moon,A rare mushroom that gives off a nice fragrance. It can be sold at a high price to shops.
balm-mushroom,sword-shield,A rare mushroom that gives off a nice fragrance. It can be sold at a high price to shops.
balm-mushroom,ultra-sun-ultra-moon,A rare mushroom that gives off a nice fragrance. It can be sold at a high price to shops.
balm-mushroom,x-y,A rare mushroom that gives off a nice fragrance. It can be sold at a high price to shops.
banana,scarlet-violet,"A very sweet ingredient. This go-to fruit is sweet and rich, and it's beloved by many Pokémon."
band-autograph,brilliant-diamond-shining-pearl,"It's signed by all members of the Galar region's most charismatic band, the Maximizers."
band-autograph,legends-arceus,"It's signed by all members of the Galar region's most charismatic band, the Maximizers."
band-autograph,scarlet-violet,"It's signed by all members of the Galar region's most charismatic band, the Maximizers."
band-autograph,sword-shield,"It's signed by all members of the Galar region's most charismatic band, the Maximizers."
banettite,legends-za,One of a variety of mysterious Mega Stones. A Banette holding this stone will be able to Mega Evolve during battle.
banettite,omega-ruby-alpha-sapphire,"One of a variety of mysterious Mega Stones. Have Banette hold it, and this stone will enable it to Mega Evolve during battle."
banettite,sun-moon,"One of a variety of mysterious Mega Stones. Have Banette hold it, and this stone will enable it to Mega Evolve during battle."
banettite,ultra-sun-ultra-moon,"One of a variety of mysterious Mega Stones. Have Banette hold it, and this stone will enable it to Mega Evolve during battle."
banettite,x-y,"One variety of the mysterious Mega Stones. Have Banette hold it, and this stone will enable it to Mega Evolve during battle."
barbaracite,legends-za,One of a variety of mysterious Mega Stones. A Barbaracle holding this stone will be able to Mega Evolve during battle.
barred-cup,scarlet-violet,"A cup that's as good for using at home as on a picnic. It's light, sturdy, and stacks well, so it's a cinch to pack up and carry around."
basculegion-food,legends-arceus,"A favored food of Basculegion, a Pokémon that will bear you on its back. This food is crafted in an unusual way, from ingredients gathered via equally unusual methods."
basculegion-food,scarlet-violet,"A favored food of Basculegion, a Pokémon that will bear you on its back. This food is crafted in an unusual way, from ingredients gathered via equally unusual methods."
basement-key-hoenn,emerald,The key for New Mauville beneath Mauville City.
basement-key-hoenn,firered-leafgreen,"The key to New Mauville, which was constructed beneath Mauville City."
basement-key-hoenn,omega-ruby-alpha-sapphire,"The key to New Mauville, which was constructed beneath Mauville City."
basement-key-hoenn,ruby-sapphire,The key for New Mauville beneath Mauville City.
basement-key-hoenn,ultra-sun-ultra-moon,"The key to New Mauville, which was constructed beneath Mauville City."
basement-key-johto,black-2-white-2,A key that opens a door in the Goldenrod Tunnel.
basement-key-johto,black-white,A key that opens a door in the Goldenrod Tunnel.
basement-key-johto,brilliant-diamond-shining-pearl,A key that opens a door in the Goldenrod Tunnel.
basement-key-johto,crystal,Opens doors.
basement-key-johto,crystal,Opens doors.
basement-key-johto,gold,Opens doors.
basement-key-johto,gold-silver,Opens doors.
basement-key-johto,heartgold-soulsilver,A key that opens a door in the Goldenrod Tunnel.
basement-key-johto,heartgold-soulsilver,A key that opens a door in the Goldenrod Tunnel.
basement-key-johto,legends-arceus,A key that opens a door in the Goldenrod Tunnel.
basement-key-johto,lets-go-pikachu-lets-go-eevee,A key that opens a door in the Goldenrod Tunnel.
basement-key-johto,omega-ruby-alpha-sapphire,A key that opens a door in the Goldenrod Tunnel.
basement-key-johto,scarlet-violet,A key that opens a door in the Goldenrod Tunnel.
basement-key-johto,silver,Opens doors.
basement-key-johto,sun-moon,A key that opens a door in the Goldenrod Tunnel.
basement-key-johto,sword-shield,A key that opens a door in the Goldenrod Tunnel.
basement-key-johto,ultra-sun-ultra-moon,A key that opens a door in the Goldenrod Tunnel.
basement-key-johto,x-y,A key that opens a door in the Goldenrod Tunnel.
basil,scarlet-violet,"A very bitter ingredient that's quite versatile, as herbs go. It's fragrant and goes well with tomatoes."
battle-chairs,scarlet-violet,A set of chairs that are ideal for picnicking. Their design was inspired by the Battle Tablecloth.
battle-tablecloth,scarlet-violet,"A garish, eye-catching tablecloth. Putting this on your picnic table will inspire any person or Pokémon who eats there to do their best."
beach-glass,brilliant-diamond-shining-pearl,A piece of colored glass. Waves have rounded its edges. It's slightly rough to the touch.
beach-glass,legends-arceus,A piece of colored glass. Waves have rounded its edges. It's slightly rough to the touch.
beach-glass,lets-go-pikachu-lets-go-eevee,A piece of colored glass. Waves have rounded its edges. It's slightly rough to the touch.
beach-glass,scarlet-violet,A piece of colored glass. Waves have rounded its edges. It's slightly rough to the touch.
beach-glass,sword-shield,A piece of colored glass. Waves have rounded its edges. It's slightly rough to the touch.
bead-mail,emerald,Mail featuring a sketch of the holding Pokémon.
bead-mail,firered-leafgreen,A piece of Mail to be held by a Pokémon. It will bear the print of the Pokémon holding it.
bead-mail,ruby-sapphire,Mail featuring a sketch of the holding Pokémon.
bean-cake,legends-arceus,"A cake made by combining beans with a Cake-Lure Base. These cakes are potently effective at attracting fish Pokémon, as well as bird Pokémon and their flying ilk."
bean-cake,scarlet-violet,"A cake made by combining beans with a Cake-Lure Base. These cakes are potently effective at attracting fish Pokémon, as well as bird Pokémon and their flying ilk."
beast-ball,brilliant-diamond-shining-pearl,A somewhat different Poké Ball that has a low success rate for catching a Pokémon.
beast-ball,legends-arceus,A somewhat different Poké Ball that has a low success rate for catching a Pokémon.
beast-ball,legends-za,A somewhat different Poké Ball that is not very effective when catching Pokémon.
beast-ball,scarlet-violet,A somewhat different Poké Ball that is not very effective when catching Pokémon.
beast-ball,sun-moon,A special Poké Ball designed to catch Ultra Beasts. It has a low success rate for catching others.
beast-ball,sword-shield,A somewhat different Poké Ball that has a low success rate for catching a Pokémon.
beast-ball,ultra-sun-ultra-moon,A special Poké Ball designed to catch Ultra Beasts. It has a low success rate for catching others.
beedrillite,legends-za,One of a variety of mysterious Mega Stones. A Beedrill holding this stone will be able to Mega Evolve during battle.
beedrillite,lets-go-pikachu-lets-go-eevee,One of a variety of mysterious Mega Stones. This stone will enable Beedrill to Mega Evolve during battle.
beedrillite,omega-ruby-alpha-sapphire,"One of a variety of mysterious Mega Stones. Have Beedrill hold it, and this stone will enable it to Mega Evolve during battle."
belue-berry,scarlet-violet,Used to make Pokéblocks that will enhance Beauty. This Berry is rare in other regions.
berry-gen2,crystal,"A self-restore item. (10HP, HOLD)"
berry-gen2,gold-silver,"A self-restore item. (10HP, HOLD)"
berry-juice,crystal,Restores Pokémon HP by 20.
berry-juice,gold-silver,Restores Pokémon HP by 20.
berry-juice,scarlet-violet,A 100 percent pure juice made from Berries. It can be used to restore 20 HP to a Pokémon.
berry-juice,sword-shield,A 100 percent pure juice made of Berries. It can be used to restore 20 HP to a single Pokémon.
berry-pots,black,Handy containers for cultivating Berries wherever you go.
berry-pots,black-2,Handy containers for cultivating Berries wherever you go.
berry-pots,brilliant-diamond,Handy containers for cultivating Berries wherever you go.
berry-pots,diamond,Handy containers for cultivating Berries wherever you go.
berry-pots,heartgold,Handy containers for cultivating Berries wherever you go.
berry-pots,legends-arceus,Handy containers for cultivating Berries wherever you go.
berry-pots,lets-go-eevee,Handy containers for cultivating Berries wherever you go.
berry-pots,lets-go-pikachu,Handy containers for cultivating Berries wherever you go.
berry-pots,moon,Handy containers for cultivating Berries wherever you go.
berry-pots,omega-ruby-alpha-sapphire,Handy containers for cultivating Berries wherever you go.
berry-pots,pearl,Handy containers for cultivating Berries wherever you go.
berry-pots,platinum,Handy containers for cultivating Berries wherever you go.
berry-pots,scarlet,Portable containers that allow you to easily cultivate Berries anywhere and anytime.
berry-pots,shield,Handy containers for cultivating Berries wherever you go.
berry-pots,shining-pearl,Handy containers for cultivating Berries wherever you go.
berry-pots,soulsilver,Handy containers for cultivating Berries wherever you go.
berry-pots,sun,Handy containers for cultivating Berries wherever you go.
berry-pots,sword,Handy containers for cultivating Berries wherever you go.
berry-pots,ultra-moon,Handy containers for cultivating Berries wherever you go.
berry-pots,ultra-sun,Handy containers for cultivating Berries wherever you go.
berry-pots,violet,Portable containers that allow you to easily cultivate Berries anywhere and anytime.
berry-pots,white,Handy containers for cultivating Berries wherever you go.
berry-pots,white-2,Handy containers for cultivating Berries wherever you go.
berry-pots,x,Handy containers for cultivating Berries wherever you go.
berry-pots,y,Handy containers for cultivating Berries wherever you go.
berry-pouch,emerald,A convenient container that holds Berries.
berry-pouch,firered-leafgreen,A pouch for carrying Berries. It is attached to the Bag's compartment for important items.
berry-sweet,brilliant-diamond-shining-pearl,"A berry-shaped sweet. When a Milcery holds this, it spins around happily."
berry-sweet,legends-arceus,"A berry-shaped sweet. When a Milcery holds this, it spins around happily."
berry-sweet,scarlet-violet,"A berry-shaped sweet. When a Milcery holds this, it spins around happily."
berry-sweet,sword-shield,"A berry-shaped sweet. When a Milcery holds this, it spins around happily."
berserk-gene,crystal,Boosts Attack but causes confusion.
berserk-gene,gold-silver,Boosts Attack but causes confusion.
bicycle,brilliant-diamond-shining-pearl,A folding bike that enables a rider to get around much faster than with Running Shoes.
bicycle,crystal,A collapsible bike for fast movement.
bicycle,diamond-pearl,A folding Bicycle that enables much faster movement than the Running Shoes.
bicycle,firered-leafgreen,A folding bicycle that allows faster movement than the Running Shoes.
bicycle,gold-silver,A collapsible bike for fast movement.
bicycle,platinum,A folding Bicycle that enables much faster movement than the Running Shoes.
bicycle,x-y,A folding Bicycle that enables a rider to get around much faster than a pair of Running Shoes will allow.
big-bamboo-shoot,scarlet-violet,A large and rare bamboo shoot. It’s extremely popular with a certain class of gourmands.
big-malasada,brilliant-diamond-shining-pearl,The Alola region's local specialty—fried bread. It can be used once to heal all the status conditions of a Pokémon.
big-malasada,legends-arceus,The Alola region's local specialty—fried bread. It can be used once to heal all the status conditions of a Pokémon.
big-malasada,scarlet-violet,The Alola region's famous fried confection. It can be used to cure any status condition a Pokémon may have.
big-malasada,sun-moon,The Alola region's local specialty—fried bread. It can be used once to heal all the status conditions of a Pokémon.
big-malasada,sword-shield,The Alola region's local specialty—fried bread. It can be used once to heal all the status conditions of a Pokémon.
big-malasada,ultra-sun-ultra-moon,The Alola region's local specialty—fried bread. It can be used once to heal all the status conditions of a Pokémon.
big-mushroom,black-2-white-2,A large and rare mushroom. It is sought after by collectors.
big-mushroom,black-white,A large and rare mushroom. It is sought after by collectors.
big-mushroom,brilliant-diamond-shining-pearl,A very large and rare mushroom. It's popular with a certain class of collectors.
big-mushroom,crystal,A rare mushroom. Sell high.
big-mushroom,diamond-pearl,A large and rare mushroom. It is very popular among certain maniacal fan segments.
big-mushroom,emerald,A rare mushroom that would sell at a high price.
big-mushroom,firered-leafgreen,A large and rare mushroom. It is very popular among certain people.
big-mushroom,gold-silver,A rare mushroom. Sell high.
big-mushroom,heartgold-soulsilver,A large and rare mushroom. It is very popular among certain maniacal fan segments.
big-mushroom,legends-arceus,A very large and rare mushroom. It's popular with a certain class of collectors.
big-mushroom,omega-ruby-alpha-sapphire,A very large and rare mushroom. It's popular with a certain class of collectors and sought out by them.
big-mushroom,platinum,A large and rare mushroom. It is very popular among certain maniacal fan segments.
big-mushroom,ruby-sapphire,A rare mushroom that would sell at a high price.
big-mushroom,scarlet-violet,A large and rare mushroom. It's extremely popular with a certain class of collectors.
big-mushroom,sun-moon,A very large and rare mushroom. It's popular with a certain class of collectors and sought out by them.
big-mushroom,sword-shield,A very large and rare mushroom. It's popular with a certain class of collectors.
big-mushroom,ultra-sun-ultra-moon,A very large and rare mushroom. It's popular with a certain class of collectors and sought out by them.
big-mushroom,x-y,A very large and rare mushroom. It's popular with a certain class of collectors and sought out by them.
big-nugget,black-2-white-2,A big nugget of pure gold that gives off a lustrous gleam. A maniac will buy it for a high price.
big-nugget,black-white,A big nugget of pure gold that gives off a lustrous gleam. A maniac will buy it for a high price.
big-nugget,x-y,A big nugget of pure gold that gives off a lustrous gleam. It can be sold at a high price to shops.
big-pearl,black-2-white-2,A quite-large pearl that sparkles in a pretty silver color. It can be sold at a high price to shops.
big-pearl,black-white,A quite-large pearl that sparkles in a pretty silver color. It can be sold at a high price to shops.
big-pearl,brilliant-diamond-shining-pearl,A rather large pearl that has a very nice silvery sheen. It can be sold at a high price to shops.
big-pearl,colosseum,A lovely large pearl that would sell at a high price.
big-pearl,crystal,"A big, beautiful pearl. Sell high."
big-pearl,diamond-pearl,A quite-large pearl that sparkles in a pretty silver color. It can be sold at a high price to shops.
big-pearl,emerald,A lovely large pearl that would sell at a high price.
big-pearl,firered-leafgreen,A quite-large pearl that sparkles in a pretty silver color. It can be sold at a high price.
big-pearl,gold-silver,"A big, beautiful pearl. Sell high."
big-pearl,heartgold-soulsilver,A quite-large pearl that sparkles in a pretty silver color. It can be sold at a high price to shops.
big-pearl,legends-arceus,A rather large pearl that has a very nice silvery sheen. It can be sold at a high price to shops.
big-pearl,legends-za,A rather large pearl that has a nice silvery sheen to it. It can be sold at a high price to shops.
big-pearl,lets-go-pikachu-lets-go-eevee,A rather large pearl that has a very nice silvery sheen. It can be sold at a high price to shops.
big-pearl,omega-ruby-alpha-sapphire,A rather large pearl that has a very nice silvery sheen. It can be sold to shops for a high price.
big-pearl,platinum,A quite-large pearl that sparkles in a pretty silver color. It can be sold at a high price to shops.
big-pearl,ruby-sapphire,A lovely large pearl that would sell at a high price.
big-pearl,scarlet-violet,A rather large pearl that has a nice silvery sheen to it. It can be sold at a high price to shops.
big-pearl,sun-moon,A rather large pearl that has a very nice silvery sheen. It can be sold to shops for a high price.
big-pearl,sword-shield,A rather large pearl that has a very nice silvery sheen. It can be sold at a high price to shops.
big-pearl,ultra-sun-ultra-moon,A rather large pearl that has a very nice silvery sheen. It can be sold to shops for a high price.
big-pearl,x-y,A rather large pearl that has a very nice silvery sheen. It can be sold to shops for a high price.
big-pearl,xd,A lovely large pearl that would sell at a high price.
big-root,brilliant-diamond-shining-pearl,An item to be held by a Pokémon. It boosts the amount of HP the holder restores from HP-stealing moves.
big-root,diamond-pearl,A Pokémon hold item that boosts the power of HP-stealing moves to let the holder recover more HP.
big-root,legends-arceus,An item to be held by a Pokémon. It boosts the amount of HP the holder restores from HP-stealing moves.
big-root,omega-ruby-alpha-sapphire,An item to be held by a Pokémon. It boosts the power of HP-stealing moves so the holder recovers more HP.
big-root,platinum,A Pokémon hold item that boosts the power of HP-stealing moves to let the holder recover more HP.
big-root,scarlet-violet,An item to be held by a Pokémon. This root boosts the amount of HP the holder restores to itself when it uses HP-stealing moves.
big-root,sun-moon,An item to be held by a Pokémon. It boosts the amount of HP the holder recovers from HP-stealing moves.
big-root,sword-shield,An item to be held by a Pokémon. It boosts the amount of HP the holder restores from HP-stealing moves.
big-root,ultra-sun-ultra-moon,An item to be held by a Pokémon. It boosts the amount of HP the holder recovers from HP-stealing moves.
big-root,x-y,An item to be held by a Pokémon. It boosts the power of HP-stealing moves so the holder recovers more HP.
bike-voucher,emerald,A voucher for obtaining a bicycle from the Bike Shop.
bike-voucher,firered-leafgreen,Take this voucher to the Bike Shop in Cerulean City and exchange it for a bicycle.
bike-voucher,stadium,To be exchanged for a Bike at the Bike Shop in Cerulean City.
binding-band,black-white,A band that increases the power of binding moves when held.
binding-band,scarlet-violet,An item to be held by a Pokémon. This band boosts the power of binding moves used by the holder.
binding-band,sun-moon,An item to be held by a Pokémon. A band that increases the power of binding moves used by the holder.
binding-band,sword-shield,An item to be held by a Pokémon. It's a band that increases the power of binding moves used by the holder.
binding-band,x-y,An item to be held by a Pokémon. A band that increases the power of binding moves used by the holder.
bitter-berry,crystal,A self-cure for confusion. (HOLD)
bitter-berry,gold-silver,A self-cure for confusion. (HOLD)
bitter-herba-mystica,scarlet-violet,"A legendary condiment with a deeply bitter taste. It's said to dramatically bolster a body's immune defenses, though that hasn't been proven."
black-apricorn,black-2-white-2,A black Apricorn. It has an indescribable scent.
black-apricorn,black-white,A black Apricorn. It has an indescribable scent.
black-apricorn,brilliant-diamond-shining-pearl,A black Apricorn. It has a scent beyond one's experience.
black-apricorn,crystal,A black Apricorn.
black-apricorn,gold-silver,A black Apricorn.
black-apricorn,heartgold-soulsilver,A black Apricorn. It has an indescribable scent.
black-apricorn,legends-arceus,A black Apricorn. It has a scent beyond one's experience.
black-apricorn,lets-go-pikachu-lets-go-eevee,A black Apricorn. It has a scent beyond one's experience.
black-apricorn,omega-ruby-alpha-sapphire,A black Apricorn. It has a scent beyond one's experience.
black-apricorn,scarlet-violet,A black Apricorn. It has a smell that cannot be captured in words.
black-apricorn,sun-moon,A black Apricorn. It has a scent beyond one's experience.
black-apricorn,sword-shield,A black Apricorn. It has a scent beyond one's experience.
black-apricorn,ultra-sun-ultra-moon,A black Apricorn. It has a scent beyond one's experience.
black-apricorn,x-y,A black Apricorn. It has a scent beyond one's experience.
black-augurite,legends-arceus,A glassy black stone that produces a sharp cutting edge when split. It’s loved by a certain Pokémon.
black-augurite,legends-za,A glassy black stone that produces a sharp cutting edge when split. It’s loved by a certain Pokémon.
black-augurite,scarlet-violet,A glassy black stone that produces a sharp cutting edge when split. It’s loved by a certain Pokémon.
black-belt,diamond-pearl,It is a belt that boosts determination and Fighting-type moves.
black-belt,gold-silver,Boosts fighting-type moves. (HOLD)
black-belt,ruby-sapphire,A hold item that boosts Fighting-type moves.
black-belt,scarlet-violet,This belt helps with focus and boosts the power of the holder's Fighting-type moves.
black-belt,x-y,This belt helps the wearer to focus and boosts the power of Fighting-type moves.
black-flute,black-white,A toy flute made from black glass. A maniac will buy it for a high price.
black-flute,diamond-pearl,A black flute made from blown glass. Its melody makes wild Pokémon less likely to appear.
black-flute,firered-leafgreen,"A black glass flute. When blown, it makes wild Pokémon less likely to appear."
black-flute,omega-ruby-alpha-sapphire,A flute made from black glass. It makes it easier to encounter strong Pokémon in the place you use it.
black-flute,ruby-sapphire,A glass flute that keeps away wild Pokémon.
black-flute,scarlet-violet,A flute made from black glass. It makes it easier to encounter high-level Pokémon in the place you use it.
black-flute,x-y,A lovely toy flute to admire. It's made from black glass.
black-glasses,scarlet-violet,An item to be held by a Pokémon. It's a pair of shady-looking glasses that boost the power of the holder's Dark-type moves.
black-mane-hair,brilliant-diamond-shining-pearl,"Mane hair that belonged to the King of Bountiful Harvests' beloved steed, Spectrier. The hair is very smooth to the touch."
black-mane-hair,legends-arceus,"Mane hair that belonged to the King of Bountiful Harvests' beloved steed, Spectrier. The hair is very smooth to the touch."
black-mane-hair,scarlet-violet,"Mane hair that belonged to the King of Bountiful Harvests' beloved steed, Spectrier. The hair is very smooth to the touch."
black-mane-hair,sword-shield,"Mane hair that belonged to the King of Bountiful Harvests' beloved steed, Spectrier. The hair is very smooth to the touch."
black-sludge,brilliant-diamond-shining-pearl,An item to be held by a Pokémon. It gradually restores HP to Poison-type Pokémon. It damages any other type.
black-sludge,diamond-pearl,A hold item that gradually restores the HP of Poison-type Pokémon. It inflicts damage on all other types.
black-sludge,legends-arceus,An item to be held by a Pokémon. It gradually restores HP to Poison-type Pokémon. It damages any other type.
black-sludge,omega-ruby-alpha-sapphire,An item to be held by a Pokémon. It gradually restores HP to Poison-type Pokémon. It damages any other type.
black-sludge,platinum,A hold item that gradually restores the HP of Poison-type Pokémon. It inflicts damage on all other types.
black-sludge,scarlet-violet,"An item to be held by a Pokémon. If the holder is a Poison type, this sludge will gradually restore its HP. It damages any other type."
black-sludge,sun-moon,An item to be held by a Pokémon. It gradually restores HP to Poison-type Pokémon. It damages any other type.
black-sludge,sword-shield,An item to be held by a Pokémon. It gradually restores HP to Poison-type Pokémon. It damages any other type.
black-sludge,ultra-sun-ultra-moon,An item to be held by a Pokémon. It gradually restores HP to Poison-type Pokémon. It damages any other type.
black-sludge,x-y,An item to be held by a Pokémon. It gradually restores HP to Poison-type Pokémon. It damages any other type.
black-tumblestone,legends-arceus,"When combined with an Apricorn, this mysterious black stone can draw out the properties required to forge a Heavy Ball."
black-tumblestone,scarlet-violet,"When combined with an Apricorn, this mysterious black stone can draw out the properties required to forge a Heavy Ball."
blank-plate,legends-arceus,"A stone tablet imbued with the essence of normalcy. When used on a certain Pokémon, it allows that Pokémon to gain the power of the Normal type."
blank-plate,scarlet-violet,"A stone tablet imbued with the essence of normalcy. When used on a certain Pokémon, it allows that Pokémon to gain the power of the Normal type."
blastoisinite,legends-za,One of a variety of mysterious Mega Stones. A Blastoise holding this stone will be able to Mega Evolve during battle.
blastoisinite,lets-go-pikachu-lets-go-eevee,One of a variety of mysterious Mega Stones. This stone will enable Blastoise to Mega Evolve during battle.
blastoisinite,omega-ruby-alpha-sapphire,"One of a variety of mysterious Mega Stones. Have Blastoise hold it, and this stone will enable it to Mega Evolve during battle."
blastoisinite,sun-moon,"One of a variety of mysterious Mega Stones. Have Blastoise hold it, and this stone will enable it to Mega Evolve during battle."
blastoisinite,ultra-sun-ultra-moon,"One of a variety of mysterious Mega Stones. Have Blastoise hold it, and this stone will enable it to Mega Evolve during battle."
blastoisinite,x-y,"One variety of the mysterious Mega Stones. Have Blastoise hold it, and this stone will enable it to Mega Evolve during battle."
blazikenite,legends-za,One of a variety of mysterious Mega Stones. A Blaziken holding this stone will be able to Mega Evolve during battle.
blazikenite,omega-ruby-alpha-sapphire,"One of a variety of mysterious Mega Stones. Have Blaziken hold it, and this stone will enable it to Mega Evolve during battle."
blazikenite,sun-moon,"One of a variety of mysterious Mega Stones. Have Blaziken hold it, and this stone will enable it to Mega Evolve during battle."
blazikenite,ultra-sun-ultra-moon,"One of a variety of mysterious Mega Stones. Have Blaziken hold it, and this stone will enable it to Mega Evolve during battle."
blazikenite,x-y,"One variety of the mysterious Mega Stones. Have Blaziken hold it, and this stone will enable it to Mega Evolve during battle."
bloom-mail,diamond-pearl,Stationery featuring a print of pretty floral patterns. Let a Pokémon hold it for delivery.
bloom-mail,heartgold-soulsilver,Stationery featuring a print of pretty floral patterns. Let a Pokémon hold it for delivery.
bloom-mail,platinum,Stationery featuring a print of pretty floral patterns. Let a Pokémon hold it for delivery.
blue-apricorn,black-2-white-2,A blue Apricorn. It smells a bit like grass.
blue-apricorn,brilliant-diamond-shining-pearl,A blue Apricorn. It smells a bit like grass.
blue-apricorn,crystal,A blue Apricorn.
blue-apricorn,gold-silver,A blue Apricorn.
blue-apricorn,heartgold-soulsilver,A blue Apricorn. It smells a bit like grass.
blue-apricorn,legends-arceus,A blue Apricorn. It smells a bit like grass.
blue-apricorn,omega-ruby-alpha-sapphire,A blue Apricorn. It smells a bit like grass.
blue-apricorn,scarlet-violet,A blue Apricorn. It has a slightly grassy smell to it.
blue-apricorn,sun-moon,A blue Apricorn. It smells a bit like grass.
blue-apricorn,sword-shield,A blue Apricorn. It smells a bit like grass.
blue-apricorn,ultra-sun-ultra-moon,A blue Apricorn. It smells a bit like grass.
blue-apricorn,x-y,A blue Apricorn. It smells a bit like grass.
blue-bottle,scarlet-violet,A go-to bottle widely used for drinks at picnics. Its simple design and portability make it popular among all sorts of people.
blue-canari-plush-lv-1,legends-za,A plush doll of Canari that holds a blue charm. Having one of these makes it a little more likely that you'll succeed at catching Pokémon.
blue-canari-plush-lv-2,legends-za,A plush doll of Canari that holds a blue charm. Having one of these makes it more likely that you'll succeed at catching Pokémon.
blue-canari-plush-lv-3,legends-za,A plush doll of Canari that holds a blue charm. Having one of these makes it a lot more likely that you'll succeed at catching Pokémon.
blue-card,black-2-white-2,A card to save points for the Buena's Password show.
blue-card,black-white,A card to save points for the Buena's Password show.
blue-card,brilliant-diamond-shining-pearl,A card to save points for the Buena's Password show.
blue-card,crystal,Card to save points.
blue-card,heartgold-soulsilver,A card to save points for the Buena's Password show.
blue-card,legends-arceus,A card to save points for the Buena's Password show.
blue-card,omega-ruby-alpha-sapphire,A card to save points for the Buena's Password show.
blue-card,scarlet-violet,A card to save points for the Buena's Password show.
blue-card,sun-moon,A card to save points for the Buena's Password show.
blue-card,sword-shield,A card to save points for the Buena's Password show.
blue-card,ultra-sun-ultra-moon,A card to save points for the Buena's Password show.
blue-card,x-y,A card to save points for the Buena's Password show.
blue-chairs,scarlet-violet,A set of chairs that are ideal for picnicking. Their design was inspired by the Blue Tablecloth.
blue-cup,scarlet-violet,"A cup sold with the Blue Bottle. The two don't stack, so they're tough to pack—but they look good, so they're popular with those who like to post picnic photos."
blue-dish,scarlet-violet,A dish for picnics. Comes in plenty of colors to choose from based on the food or the mood. The blue variety is a consistent strong seller.
blue-flag-pick,scarlet-violet,"This pick flies a blue flag that lends an air of adventure. The flag itself is made of card stock, so it'll fly proudly even with no wind."
blue-flute,black-2-white-2,A toy flute made from blue glass. A maniac will buy it for a high price.
blue-flute,black-white,A toy flute made from blue glass. A maniac will buy it for a high price.
blue-flute,diamond-pearl,A blue flute made from blown glass. Its melody awakens a single Pokémon from sleep.
blue-flute,emerald,A glass flute that awakens sleeping Pokémon.
blue-flute,firered-leafgreen,A blue glass flute that awakens a sleeping Pokémon.
blue-flute,heartgold-soulsilver,A blue flute made from blown glass. Its melody awakens a single Pokémon from sleep.
blue-flute,omega-ruby-alpha-sapphire,A flute made from blue glass that awakens sleeping Pokémon.
blue-flute,platinum,A blue flute made from blown glass. Its melody awakens a single Pokémon from sleep.
blue-flute,ruby-sapphire,A glass flute that awakens sleeping Pokémon.
blue-flute,sun-moon,A flute made from blue glass that awakens sleeping Pokémon.
blue-flute,ultra-sun-ultra-moon,A flute made from blue glass that awakens sleeping Pokémon.
blue-flute,x-y,A lovely toy flute to admire. It's made from blue glass.
blue-orb,black-2-white-2,A shiny blue orb that is said to have a legend and has a deep connection with the Hoenn region.
blue-orb,black-white,A shiny blue orb that is said to have a legend and has a deep connection with the Hoenn region.
blue-orb,brilliant-diamond-shining-pearl,A shiny blue orb that is said to have a legend tied to it. It's known to have a deep connection with the Hoenn region.
blue-orb,emerald,"A blue, glowing orb said to contain an ancient power."
blue-orb,firered-leafgreen,An orb that glows blue. It is said to contain an incredible power from ancient times.
blue-orb,heartgold-soulsilver,A shiny blue orb that is said to have a legend and has a deep connection with the Hoenn region.
blue-orb,legends-arceus,A shiny blue orb that is said to have a legend tied to it. It's known to have a deep connection with the Hoenn region.
blue-orb,legends-za,A shiny blue orb that is said to have a deep connection to a legend of the Hoenn region.
blue-orb,lets-go-pikachu-lets-go-eevee,A shiny blue orb that is said to have a legend tied to it. It's known to have a deep connection with the Hoenn region.
blue-orb,omega-ruby-alpha-sapphire,A shiny blue orb that is said to have a legend tied to it. It's known to have a deep connection with the Hoenn region.
blue-orb,ruby-sapphire,"A blue, glowing orb said to contain an ancient power."
blue-orb,scarlet-violet,A shiny blue orb that is said to have a deep connection to a legend of the Hoenn region.
blue-orb,sun-moon,A shiny blue orb that is said to have a legend tied to it. It's known to have a deep connection with the Hoenn region.
blue-orb,sword-shield,A shiny blue orb that is said to have a legend tied to it. It's known to have a deep connection with the Hoenn region.
blue-orb,ultra-sun-ultra-moon,A shiny blue orb that is said to have a legend tied to it. It's known to have a deep connection with the Hoenn region.
blue-orb,x-y,A shiny blue orb that is said to have a legend tied to it. It's known to have a deep connection with the Hoenn region.
blue-petal,brilliant-diamond-shining-pearl,A pressed flower petal you receive from Lana during Mina's trial. The goal is to collect seven different kinds of petals.
blue-petal,legends-arceus,A pressed flower petal you receive from Lana during Mina's trial. The goal is to collect seven different kinds of petals.
blue-petal,lets-go-pikachu-lets-go-eevee,A pressed flower petal you receive from Lana during Mina's trial. The goal is to collect seven different kinds of petals.
blue-petal,scarlet-violet,A pressed flower petal you receive from Lana during Mina's trial. The goal is to collect seven different kinds of petals.
blue-petal,sword-shield,A pressed flower petal you receive from Lana during Mina's trial. The goal is to collect seven different kinds of petals.
blue-petal,ultra-sun-ultra-moon,A pressed flower petal you receive from Lana during Mina's trial. The goal is to collect seven different kinds of petals.
blue-poke-ball-pick,scarlet-violet,A sandwich pick with a simple blue Poké Ball design. Often used by Trainers who picked a Water-type Pokémon for their first partner.
blue-scarf,black-2-white-2,An item to be held by a Pokémon. It boosts the Beauty aspect of the holder in a Contest.
blue-scarf,brilliant-diamond-shining-pearl,"An item to be held by a Pokémon. During a Super Contest Show, it raises the Beauty of the Pokémon holding it."
blue-scarf,diamond-pearl,"An item to be held by a Pokémon. It boosts the ""Beauty"" aspect of the holder in a Contest."
blue-scarf,emerald,A hold item that raises Beauty in Contests.
blue-scarf,firered-leafgreen,An item to be held by a Pokémon. It boosts the holding Pokémon's Beauty condition in Contests.
blue-scarf,heartgold-soulsilver,"An item to be held by a Pokémon. It boosts the ""Beauty"" aspect of the holder in a Contest in Sinnoh."
blue-scarf,omega-ruby-alpha-sapphire,"An item to be held by a Pokémon. During a contest, it raises the Beauty aspect of the Pokémon holding it."
blue-scarf,platinum,"An item to be held by a Pokémon. It boosts the ""Beauty"" aspect of the holder in a Contest."
blue-scarf,ruby-sapphire,A hold item that raises Beauty in Contests.
blue-scarf,scarlet-violet,"When a Pokémon holds this during a contest, it looks even more beautiful than usual."
blue-scarf,x-y,"An item to be held by a Pokémon. During a Contest, it raises the Beauty aspect of the Pokémon holding it."
blue-shard,brilliant-diamond-shining-pearl,A small blue shard. It appears to be a fragment of some sort of implement made long ago.
blue-shard,diamond-pearl,A small blue shard. It appears to be from some sort of implement made long ago.
blue-shard,emerald,A shard from an ancient item. Can be sold cheaply.
blue-shard,firered-leafgreen,A small blue shard. It appears to be from some sort of a tool made long ago.
blue-shard,heartgold-soulsilver,A small blue shard. It appears to be from some sort of implement made long ago.
blue-shard,legends-arceus,A small blue shard. It appears to be a fragment of some sort of implement made long ago.
blue-shard,omega-ruby-alpha-sapphire,A small blue shard. It appears to be a fragment of some sort of implement made long ago.
blue-shard,platinum,A small blue shard. It appears to be from some sort of implement made long ago.
blue-shard,ruby-sapphire,A shard from an ancient item. Can be sold cheaply.
blue-shard,scarlet-violet,A small blue shard. It appears to be a fragment of some sort of implement made long ago.
blue-shard,sun-moon,A small blue shard. It appears to be a fragment of some sort of implement made long ago.
blue-shard,sword-shield,A small blue shard. It appears to be a fragment of some sort of implement made long ago.
blue-shard,ultra-sun-ultra-moon,A small blue shard. It appears to be a fragment of some sort of implement made long ago.
blue-shard,x-y,A small blue shard. It appears to be a fragment of some sort of implement made long ago.
blue-sky-flower-pick,scarlet-violet,"A flower pick designed to evoke a blue sky. It's part of a line of ""sky-flower"" picks. Using a few is guaranteed to boost that special picnic spirit."
blue-tablecloth,scarlet-violet,"A simple blue tablecloth. It's smooth and pleasant to the touch, and dishes can be placed on it with hardly a sound."
blueberry-chairs,scarlet-violet,A set of chairs that are ideal for picnicking. Their design was inspired by the Blueberry Tablecloth.
blueberry-tablecloth,scarlet-violet,"Blueberry Academy's standard issue tablecloth, made with the latest fiber-processing technology. It's heat-resistant and so tough even a Razor Claw can't tear it."
bluesky-mail,crystal,Sky-print Mail. (HOLD)
bluesky-mail,gold-silver,Sky-print Mail. (HOLD)
bluk-berry,diamond-pearl,A Poffin ingredient. Bury it in soft soil to grow a Bluk Plant.
bluk-berry,emerald,Pokéblock ingredient. Plant in loamy soil to grow Bluk.
bluk-berry,omega-ruby-alpha-sapphire,Used to make Pokéblocks that will enhance your Beauty. Its blue flesh is sour when eaten.
bluk-berry,platinum,A Poffin ingredient. Bury it in soft soil to grow a Bluk Plant.
bluk-berry,ruby-sapphire,Pokéblock ingredient. Plant in loamy soil to grow Bluk.
bluk-berry,sword-shield,Used to make Pokéblocks that will enhance your Beauty. Its blue flesh is dry when eaten.
blunder-policy,brilliant-diamond-shining-pearl,Raises Speed sharply when a Pokémon misses with a move because of accuracy.
blunder-policy,legends-arceus,Raises Speed sharply when a Pokémon misses with a move because of accuracy.
blunder-policy,scarlet-violet,"An item to be held by a Pokémon. If the holder misses with a move due to low accuracy, this policy will sharply boost its Speed stat."
blunder-policy,sword-shield,Raises Speed sharply when a Pokémon misses with a move because of accuracy.
bobs-food-tin,brilliant-diamond-shining-pearl,One of the many ingredients that can be used for cooking at your camp. The tinned food that Bob sells is curiously popular in Galar.
bobs-food-tin,legends-arceus,One of the many ingredients that can be used for cooking at your camp. The tinned food that Bob sells is curiously popular in Galar.
bobs-food-tin,scarlet-violet,One of the many ingredients that can be used for cooking at your camp. The tinned food that Bob sells is curiously popular in Galar.
bobs-food-tin,sword-shield,One of the many ingredients that can be used for cooking at your camp. The tinned food that Bob sells is curiously popular in Galar.
boiled-egg,brilliant-diamond-shining-pearl,One of the many ingredients that can be used for cooking at your camp. Even just one boiled egg can really enhance a dish.
boiled-egg,legends-arceus,One of the many ingredients that can be used for cooking at your camp. Even just one boiled egg can really enhance a dish.
boiled-egg,scarlet-violet,One of the many ingredients that can be used for cooking at your camp. Even just one boiled egg can really enhance a dish.
boiled-egg,sword-shield,One of the many ingredients that can be used for cooking at your camp. Even just one boiled egg can really enhance a dish.
bold-mint,brilliant-diamond-shining-pearl,"When a Pokémon smells this mint, its Defense will grow more easily, but its Attack will grow more slowly."
bold-mint,legends-arceus,"When a Pokémon smells this mint, its Defense will grow more easily, but its Attack will grow more slowly."
bold-mint,scarlet-violet,"Having a Pokémon smell this mint can make its Defense stat grow stronger. However, its Attack stat may suffer."
bold-mint,sword-shield,"When a Pokémon smells this mint, its Defense will grow more easily, but its Attack will grow more slowly."
boost-mulch,omega-ruby-alpha-sapphire,"A fertilizer for growing Berries. However, it appears to be unsuitable for the soil in the Hoenn region and has no effect."
boost-mulch,sun-moon,"A fertilizer for growing Berries. However, it appears to be unsuitable for the soil in the Hoenn region and has no effect."
boost-mulch,ultra-sun-ultra-moon,"A fertilizer for growing Berries. However, it appears to be unsuitable for the soil in the Hoenn region and has no effect."
boost-mulch,x-y,Mulch to be used in a Berry field. It increases the Berry harvest that can be grown by diligent watering.
booster-energy,scarlet-violet,An item to be held by Pokémon with certain Abilities. The energy that fills this capsule boosts the strength of the Pokémon.
bottle-cap,scarlet-violet,A lovely silver bottle cap. Certain people are delighted to be given one of these.
bottle-cap,sun-moon,A beautiful bottle cap that gives off a silver gleam. Some people are happy to receive one.
bottle-cap,sword-shield,A beautiful bottle cap that gives off a silver gleam. Some people are happy to receive one.
brave-mint,brilliant-diamond-shining-pearl,"When a Pokémon smells this mint, its Attack will grow more easily, but its Speed will grow more slowly."
brave-mint,legends-arceus,"When a Pokémon smells this mint, its Attack will grow more easily, but its Speed will grow more slowly."
brave-mint,scarlet-violet,"Having a Pokémon smell this mint can make its Attack stat grow stronger. However, its Speed stat may suffer."
brave-mint,sword-shield,"When a Pokémon smells this mint, its Attack will grow more easily, but its Speed will grow more slowly."
bread,brilliant-diamond-shining-pearl,One of the many ingredients that can be used for cooking at your camp. An indispensable tool for mopping up that extra curry left on your plate.
bread,legends-arceus,One of the many ingredients that can be used for cooking at your camp. An indispensable tool for mopping up that extra curry left on your plate.
bread,scarlet-violet,One of the many ingredients that can be used for cooking at your camp. An indispensable tool for mopping up that extra curry left on your plate.
bread,sword-shield,One of the many ingredients that can be used for cooking at your camp. An indispensable tool for mopping up that extra curry left on your plate.
briars-book,scarlet-violet,"A proof copy of the exploration notes covering the Area Zero Underdepths. It's filled with long paragraphs describing what happened, along with Briar's thoughts."
brick-mail,diamond-pearl,Stationery featuring a print of a tough-looking brick pattern. Let a Pokémon hold it for delivery.
brick-mail,heartgold-soulsilver,Stationery featuring a print of a tough-looking brick pattern. Let a Pokémon hold it for delivery.
brick-mail,platinum,Stationery featuring a print of a tough-looking brick pattern. Let a Pokémon hold it for delivery.
brick-piece,crystal,A rare chunk of tile.
brick-piece,gold-silver,A rare chunk of brick.
bridgemail-d,black-2-white-2,Stationery featuring a print of a red drawbridge. Let a Pokémon hold it for use.
bridgemail-d,black-white,Stationery featuring a print of a red drawbridge. Let a Pokémon hold it for use.
bridgemail-d,scarlet-violet,Stationery featuring an illustration of a bright-red drawbridge. Have a Pokémon hold it for delivery.
bridgemail-m,black-2-white-2,Stationery featuring a print of an arched bridge. Let a Pokémon hold it for use.
bridgemail-m,black-white,Stationery featuring a print of an arched bridge. Let a Pokémon hold it for use.
bridgemail-m,brilliant-diamond-shining-pearl,Stationery featuring an illustration of a majestically arched bridge. Have a Pokémon hold it for delivery.
bridgemail-m,legends-arceus,Stationery featuring an illustration of a majestically arched bridge. Have a Pokémon hold it for delivery.
bridgemail-m,lets-go-pikachu-lets-go-eevee,Stationery featuring an illustration of a majestically arched bridge. Have a Pokémon hold it for delivery.
bridgemail-m,omega-ruby-alpha-sapphire,Stationery featuring an illustration of a majestically arched bridge. Have a Pokémon hold it for delivery.
bridgemail-m,scarlet-violet,Stationery featuring an illustration of a majestically arched bridge. Have a Pokémon hold it for delivery.
bridgemail-m,sun-moon,Stationery featuring an illustration of a majestically arched bridge. Have a Pokémon hold it for delivery.
bridgemail-m,sword-shield,Stationery featuring an illustration of a majestically arched bridge. Have a Pokémon hold it for delivery.
bridgemail-m,ultra-sun-ultra-moon,Stationery featuring an illustration of a majestically arched bridge. Have a Pokémon hold it for delivery.
bridgemail-m,x-y,Stationery featuring an illustration of a majestically arched bridge. Have a Pokémon hold it for delivery.
bridgemail-s,black-2-white-2,Stationery featuring a print of a sky-piercing bridge. Let a Pokémon hold it for use.
bridgemail-s,black-white,Stationery featuring a print of a sky-piercing bridge. Let a Pokémon hold it for use.
bridgemail-t,black-2-white-2,Stationery featuring a print of a steel suspension bridge. Let a Pokémon hold it for use.
bridgemail-t,black-white,Stationery featuring a print of a steel suspension bridge. Let a Pokémon hold it for use.
bridgemail-t,brilliant-diamond-shining-pearl,Stationery featuring an illustration of a high-tension steel suspension bridge. Have a Pokémon hold it for delivery.
bridgemail-t,legends-arceus,Stationery featuring an illustration of a high-tension steel suspension bridge. Have a Pokémon hold it for delivery.
bridgemail-t,lets-go-pikachu-lets-go-eevee,Stationery featuring an illustration of a high-tension steel suspension bridge. Have a Pokémon hold it for delivery.
bridgemail-t,omega-ruby-alpha-sapphire,Stationery featuring an illustration of a high-tension steel suspension bridge. Have a Pokémon hold it for delivery.
bridgemail-t,scarlet-violet,Stationery featuring an illustration of a high-tension steel suspension bridge. Have a Pokémon hold it for delivery.
bridgemail-t,sun-moon,Stationery featuring an illustration of a high-tension steel suspension bridge. Have a Pokémon hold it for delivery.
bridgemail-t,sword-shield,Stationery featuring an illustration of a high-tension steel suspension bridge. Have a Pokémon hold it for delivery.
bridgemail-t,ultra-sun-ultra-moon,Stationery featuring an illustration of a high-tension steel suspension bridge. Have a Pokémon hold it for delivery.
bridgemail-t,x-y,Stationery featuring an illustration of a high-tension steel suspension bridge. Have a Pokémon hold it for delivery.
bridgemail-v,black-2-white-2,Stationery featuring a print of a brick bridge. Let a Pokémon hold it for use.
bridgemail-v,black-white,Stationery featuring a print of a brick bridge. Let a Pokémon hold it for use.
bridgemail-v,brilliant-diamond-shining-pearl,Stationery featuring an illustration of a vintage-looking brick bridge. Have a Pokémon hold it for delivery.
bridgemail-v,legends-arceus,Stationery featuring an illustration of a vintage-looking brick bridge. Have a Pokémon hold it for delivery.
bridgemail-v,omega-ruby-alpha-sapphire,Stationery featuring an illustration of a vintage-looking brick bridge. Have a Pokémon hold it for delivery.
bridgemail-v,scarlet-violet,Stationery featuring an illustration of a vintage-looking brick bridge. Have a Pokémon hold it for delivery.
bridgemail-v,sun-moon,Stationery featuring an illustration of a vintage-looking brick bridge. Have a Pokémon hold it for delivery.
bridgemail-v,sword-shield,Stationery featuring an illustration of a vintage-looking brick bridge. Have a Pokémon hold it for delivery.
bridgemail-v,ultra-sun-ultra-moon,Stationery featuring an illustration of a vintage-looking brick bridge. Have a Pokémon hold it for delivery.
bridgemail-v,x-y,Stationery featuring an illustration of a vintage-looking brick bridge. Have a Pokémon hold it for delivery.
bright-powder,crystal,Lowers the foe's accuracy. (HOLD)
bright-powder,diamond-pearl,An item to be held by a Pokémon. It casts a tricky glare that lowers the opponent's accuracy.
bright-powder,emerald,A hold item that casts a glare to reduce accuracy.
bright-powder,gold-silver,Lowers the foe's accuracy. (HOLD)
bright-powder,heartgold-soulsilver,An item to be held by a Pokémon. It casts a tricky glare that lowers the opponent's accuracy.
bright-powder,platinum,An item to be held by a Pokémon. It casts a tricky glare that lowers the opponent's accuracy.
bright-powder,ruby-sapphire,A hold item that casts a glare to reduce accuracy.
bright-powder,scarlet-violet,An item to be held by a Pokémon. This glittery powder casts a tricky glare that lowers the accuracy of opposing Pokémon's moves.
brittle-bones,sword-shield,One of the many ingredients that can be used for cooking at your camp. The taste boiled off from the bones is sure to give a dish a light umami taste.
bronze-bottle,scarlet-violet,"A popular option among hikers. It's made with titanium, so it doesn't rust even if it's used to hold drinks with high sodium content."
bronze-cup,scarlet-violet,"A popular option among hikers. It's made with titanium, so it doesn't rust even if it's used to hold drinks with high sodium content."
bubble-mail,diamond-pearl,Stationery featuring a print of a blue world underwater. Let a Pokémon hold it for delivery.
bubble-mail,heartgold-soulsilver,Stationery featuring a print of a blue world underwater. Let a Pokémon hold it for delivery.
bubble-mail,platinum,Stationery featuring a print of a blue world underwater. Let a Pokémon hold it for delivery.
bug-gem,black-2-white-2,"A gem with an insect-like essence. When held, it strengthens the power of a Bug-type move only once."
bug-gem,black-white,"A gem with an insect-like essence. When held, it strengthens the power of a Bug-type move only once."
bug-gem,brilliant-diamond-shining-pearl,"A gem with an insect-like essence. When held, it strengthens the power of a Bug-type move one time."
bug-gem,legends-arceus,"A gem with an insect-like essence. When held, it strengthens the power of a Bug-type move one time."
bug-gem,omega-ruby-alpha-sapphire,"A gem with an insect-like essence. When held, it strengthens the power of a Bug-type move one time."
bug-gem,scarlet-violet,An item to be held by a Pokémon. This gem is imbued with the essence of bugs and will boost the power of a Bug-type move—but only once.
bug-gem,sun-moon,"A gem with an insect-like essence. When held, it strengthens the power of a Bug-type move one time."
bug-gem,sword-shield,"A gem with an insect-like essence. When held, it strengthens the power of a Bug-type move one time."
bug-gem,ultra-sun-ultra-moon,"A gem with an insect-like essence. When held, it strengthens the power of a Bug-type move one time."
bug-gem,x-y,"A gem with an insect-like essence. When held, it strengthens the power of a Bug-type move one time."
bug-memory,brilliant-diamond-shining-pearl,A memory disc that contains Bug-type data. It changes the type of the holder if held by a certain species of Pokémon.
bug-memory,legends-arceus,A memory disc that contains Bug-type data. It changes the type of the holder if held by a certain species of Pokémon.
bug-memory,scarlet-violet,A memory disc that contains Bug-type data. It changes the type of the holder if held by a certain species of Pokémon.
bug-memory,sun-moon,A memory disc that contains Bug-type data. It changes the type of the holder if held by a certain species of Pokémon.
bug-memory,sword-shield,A memory disc that contains Bug-type data. It changes the type of the holder if held by a certain species of Pokémon.
bug-memory,ultra-sun-ultra-moon,A memory disc that contains Bug-type data. It changes the type of the holder if held by a certain species of Pokémon.
bug-tera-shard,scarlet-violet,"On rare occasions, these shards form when a Tera Pokémon falls in battle and its Tera Jewel shatters."
buginium-z,brilliant-diamond-shining-pearl,It converts Z-Power into crystals that upgrade Bug-type moves to Bug-type Z-Moves.
buginium-z,legends-arceus,It converts Z-Power into crystals that upgrade Bug-type moves to Bug-type Z-Moves.
buginium-z,scarlet-violet,It converts Z-Power into crystals that upgrade Bug-type moves to Bug-type Z-Moves.
buginium-z,sun-moon,It converts Z-Power into crystals that upgrade Bug-type moves to Bug-type Z-Moves.
buginium-z,sword-shield,It converts Z-Power into crystals that upgrade Bug-type moves to Bug-type Z-Moves.
buginium-z,ultra-sun-ultra-moon,It converts Z-Power into crystals that upgrade Bug-type moves to Bug-type Z-Moves.
bugwort,legends-arceus,"A wildflower that can be found growing across the Hisui region. It does have medicinal properties, but it is so bitter that no wild Pokémon will eat it."
bugwort,scarlet-violet,"A wildflower that can be found growing across the Hisui region. It does have medicinal properties, but it is so bitter that no wild Pokémon will eat it."
burn-drive,black-2-white-2,A cassette to be held by Genesect. It changes Techno Blast to a Fire-type move.
burn-drive,black-white,A cassette to be held by Genesect. It changes Techno Blast to a Fire-type move.
burn-drive,brilliant-diamond-shining-pearl,A cassette to be held by Genesect. It changes Genesect's Techno Blast move so it becomes Fire type.
burn-drive,legends-arceus,A cassette to be held by Genesect. It changes Genesect's Techno Blast move so it becomes Fire type.
burn-drive,legends-za,A cassette to be held by Genesect. It changes Genesect's Techno Blast move so it becomes Fire type.
burn-drive,omega-ruby-alpha-sapphire,A cassette to be held by Genesect. It changes Genesect's Techno Blast move so it becomes Fire type.
burn-drive,scarlet-violet,A cassette to be held by Genesect. It changes Genesect's Techno Blast move so it becomes Fire type.
burn-drive,sun-moon,A cassette to be held by Genesect. It changes Genesect's Techno Blast move so it becomes Fire type.
burn-drive,sword-shield,A cassette to be held by Genesect. It changes Genesect's Techno Blast move so it becomes Fire type.
burn-drive,ultra-sun-ultra-moon,A cassette to be held by Genesect. It changes Genesect's Techno Blast move so it becomes Fire type.
burn-drive,x-y,A cassette to be held by Genesect. It changes Genesect's Techno Blast move so it becomes Fire type.
burn-heal,black-2-white-2,A spray-type medicine. It heals a single Pokémon that is suffering from a burn.
burn-heal,black-white,A spray-type medicine. It heals a single Pokémon that is suffering from a burn.
burn-heal,brilliant-diamond-shining-pearl,A spray-type medicine for treating burns. It can be used to heal a single Pokémon suffering from a burn.
burn-heal,crystal,Heals burned Pokémon.
burn-heal,diamond-pearl,A spray-type medicine. It heals a single Pokémon that is suffering from a burn.
burn-heal,emerald,Heals Pokémon of a burn.
burn-heal,firered-leafgreen,A spray-type medicine. It heals one Pokémon of a burn.
burn-heal,gold-silver,Heals burned Pokémon.
burn-heal,heartgold-soulsilver,A spray-type medicine. It heals a single Pokémon that is suffering from a burn.
burn-heal,legends-arceus,A spray-type medicine for treating burns. It can be used to heal a single Pokémon suffering from a burn.
burn-heal,legends-za,A spray-type medicine for treating burns. It can be used to cure a Pokémon suffering from a burn.
burn-heal,lets-go-pikachu-lets-go-eevee,A spray-type medicine for treating burns. It can be used to heal a single Pokémon suffering from a burn.
burn-heal,omega-ruby-alpha-sapphire,A spray-type medicine for treating burns. It can be used once to heal a Pokémon suffering from a burn.
burn-heal,platinum,A spray-type medicine. It heals a single Pokémon that is suffering from a burn.
burn-heal,ruby-sapphire,Heals Pokémon of a burn.
burn-heal,scarlet-violet,A spray-type medicine for treating burns. It can be used to cure a Pokémon suffering from a burn.
burn-heal,sun-moon,A spray-type medicine for treating burns. It can be used once to heal a Pokémon suffering from a burn.
burn-heal,sword-shield,A spray-type medicine for treating burns. It can be used to heal a single Pokémon suffering from a burn.
burn-heal,ultra-sun-ultra-moon,A spray-type medicine for treating burns. It can be used once to heal a Pokémon suffering from a burn.
burn-heal,x-y,A spray-type medicine for treating burns. It can be used once to heal a Pokémon suffering from a burn.
burnt-berry,crystal,A self-cure for freezing. (HOLD)
burnt-berry,gold-silver,A self-cure for freezing. (HOLD)
butter,scarlet-violet,A condiment that unites salty and sweet and also packs a richness that makes bread a delight to eat. The finest butter products are made of 100 percent Moomoo Milk.
bw-grass-chairs,scarlet-violet,A set of chairs that are ideal for picnicking. Their design was inspired by the B&W Grass Tablecloth.
bw-grass-tablecloth,scarlet-violet,"A tablecloth with a fun, trendy black-and-white design featuring Pokémon that seem poised to leap from the tall grass at any moment."
cake-lure-base,legends-arceus,A type of field provision that enhances the flavor of other foods it is mixed with.
cake-lure-base,scarlet-violet,A type of field provision that enhances the flavor of other foods it is mixed with.
calcium,diamond-pearl,A nutritious drink for Pokémon. It raises the base Sp. Atk (Special Attack) stat of a single Pokémon.
calcium,platinum,A nutritious drink for Pokémon. It raises the base Sp. Atk (Special Attack) stat of a single Pokémon.
calcium,scarlet-violet,A nutritious drink for Pokémon. This drink increases base points for a Pokémon's Sp. Atk stat.
calm-mint,brilliant-diamond-shining-pearl,"When a Pokémon smells this mint, its Sp. Def will grow more easily, but its Attack will grow more slowly."
calm-mint,legends-arceus,"When a Pokémon smells this mint, its Sp. Def will grow more easily, but its Attack will grow more slowly."
calm-mint,scarlet-violet,"Having a Pokémon smell this mint can make its Sp. Def stat grow stronger. However, its Attack stat may suffer."
calm-mint,sword-shield,"When a Pokémon smells this mint, its Sp. Def will grow more easily, but its Attack will grow more slowly."
cameruptite,legends-za,One of a variety of mysterious Mega Stones. A Camerupt holding this stone will be able to Mega Evolve during battle.
cameruptite,omega-ruby-alpha-sapphire,"One of a variety of mysterious Mega Stones. Have Camerupt hold it, and this stone will enable it to Mega Evolve during battle."
cameruptite,sun-moon,"One of a variety of mysterious Mega Stones. Have Camerupt hold it, and this stone will enable it to Mega Evolve during battle."
cameruptite,ultra-sun-ultra-moon,"One of a variety of mysterious Mega Stones. Have Camerupt hold it, and this stone will enable it to Mega Evolve during battle."
camping-gear,brilliant-diamond-shining-pearl,Everything you need to set up a tent and get cooking in a Wild Area or at a camping spot.
camping-gear,legends-arceus,Everything you need to set up a tent and get cooking in a Wild Area or at a camping spot.
camping-gear,scarlet-violet,Everything you need to set up a tent and get cooking in a Wild Area or at a camping spot.
camping-gear,sword-shield,Everything you need to set up a tent and get cooking in a Wild Area or at a camping spot.
canari-bread,legends-za,A bun made to look like Canari's face. It can be used to restore 100 HP to a Pokémon.
candy-truffle,legends-arceus,A sweet-fleshed truffle that is packed full of mysterious energy. It is one of the materials needed for crafting various items.
candy-truffle,scarlet-violet,A sweet-fleshed truffle that is packed full of mysterious energy. It is one of the materials needed for crafting various items.
carbos,scarlet-violet,A nutritious drink for Pokémon. This drink increases base points for a Pokémon's Speed stat.
card-key-johto,crystal,Opens shutters in the Radio Tower.
card-key-johto,gold-silver,Opens shutters in the Radio Tower.
card-key-johto,heartgold-soulsilver,A card key that opens a shutter in the Radio Tower.
card-key-kanto,brilliant-diamond-shining-pearl,A card key that unlocks doors in Silph Co.'s head office in Saffron City.
card-key-kanto,emerald,A card-type door key used in Silph Co.'s office.
card-key-kanto,firered-leafgreen,A card-type key that unlocks doors in Silph Co.'s Head Office in Saffron City.
card-key-kanto,legends-arceus,A card key that unlocks doors in Silph Co.'s head office in Saffron City.
card-key-kanto,lets-go-pikachu-lets-go-eevee,A card key that unlocks doors in Silph Co.'s head office in Saffron City.
card-key-kanto,scarlet-violet,A card key that unlocks doors in Silph Co.'s head office in Saffron City.
card-key-kanto,stadium,The security card key for opening doors in a certain building.
card-key-kanto,sword-shield,A card key that unlocks doors in Silph Co.'s head office in Saffron City.
careful-mint,brilliant-diamond-shining-pearl,"When a Pokémon smells this mint, its Sp. Def will grow more easily, but its Sp. Atk will grow more slowly."
careful-mint,legends-arceus,"When a Pokémon smells this mint, its Sp. Def will grow more easily, but its Sp. Atk will grow more slowly."
careful-mint,scarlet-violet,"Having a Pokémon smell this mint can make its Sp. Def stat grow stronger. However, its Sp. Atk stat may suffer."
careful-mint,sword-shield,"When a Pokémon smells this mint, its Sp. Def will grow more easily, but its Sp. Atk will grow more slowly."
carrot-seeds,brilliant-diamond-shining-pearl,Seeds to plant in a field. The kind of carrot you'll get is determined by which field you plant the seeds in.
carrot-seeds,legends-arceus,Seeds to plant in a field. The kind of carrot you'll get is determined by which field you plant the seeds in.
carrot-seeds,scarlet-violet,Seeds to plant in a field. The kind of carrot you'll get is determined by which field you plant the seeds in.
carrot-seeds,sword-shield,Seeds to plant in a field. The kind of carrot you'll get is determined by which field you plant the seeds in.
casteliacone,black-white,"Castelia City's specialty, soft-serve ice cream. It heals all the status problems of a single Pokémon."
casteliacone,omega-ruby-alpha-sapphire,"Castelia City's specialty, soft-serve ice cream. It heals all the status problems of a single Pokémon."
casteliacone,scarlet-violet,Castelia City's specialty: soft-serve ice cream. It can be used to cure any status condition a Pokémon may have.
casteliacone,sun-moon,"Castelia City's specialty, soft-serve ice cream. It can be used once to heal all the status conditions of a Pokémon."
casteliacone,sword-shield,"Castelia City's specialty, soft-serve ice cream. It can be used once to heal all the status conditions of a Pokémon."
casteliacone,x-y,"Castelia City's specialty, soft-serve ice cream. It heals all the status problems of a single Pokémon."
caster-fern,legends-arceus,"A fern used for crafting items made to be thrown. When these curled leaves are unfurled, they can serve as nature's wrapping paper."
caster-fern,scarlet-violet,"A fern used for crafting items made to be thrown. When these curled leaves are unfurled, they can serve as nature's wrapping paper."
catching-charm,brilliant-diamond-shining-pearl,"Holding it is said to increase the chance of getting a critical catch. Curiously, the charm doesn't shake much."
catching-charm,legends-arceus,"Holding it is said to increase the chance of getting a critical catch. Curiously, the charm doesn't shake much."
catching-charm,scarlet-violet,"Having one of these mysterious, unshakable charms makes it more likely you’ll get a critical catch."
catching-charm,sword-shield,"Holding it is said to increase the chance of getting a critical catch. Curiously, the charm doesn't shake much."
celestica-flute,legends-arceus,A flute that can be used to call special Pokémon that are willing to bear you around the region. Its timbre is eerie and mysterious.
celestica-flute,scarlet-violet,A flute that can be used to call special Pokémon that are willing to bear you around the region. Its timbre is eerie and mysterious.
cell-battery,black-white,"A consumable battery. If the holder is hit by an Electric-type move, its Attack will rise."
cell-battery,omega-ruby-alpha-sapphire,An item to be held by a Pokémon. It boosts Attack if hit with an Electric-type attack. It can only be used once.
cell-battery,scarlet-violet,An item to be held by a Pokémon. This single-use battery boosts the Attack stat if the holder is damaged by an Electric-type attack.
cell-battery,sun-moon,An item to be held by a Pokémon. It boosts Attack if hit with an Electric-type attack. It can only be used once.
cell-battery,sword-shield,An item to be held by a Pokémon. It boosts Attack if the holder is hit with an Electric-type attack. It can only be used once.
cell-battery,x-y,An item to be held by a Pokémon. It boosts Attack if hit with an Electric-type attack. It can only be used once.
chalky-stone,brilliant-diamond-shining-pearl,A small whitish stone picked up at the edge of the road.
chalky-stone,legends-arceus,A small whitish stone picked up at the edge of the road.
chalky-stone,lets-go-pikachu-lets-go-eevee,A small whitish stone picked up at the edge of the road.
chalky-stone,scarlet-violet,A small whitish stone picked up at the edge of the road.
chalky-stone,sword-shield,A small whitish stone picked up at the edge of the road.
chandelurite,legends-za,One of a variety of mysterious Mega Stones. A Chandelure holding this stone will be able to Mega Evolve during battle.
charcoal,black-2-white-2,It is a combustible fuel that boosts the power of Fire-type moves.
charcoal,black-white,It is a combustible fuel that boosts the power of Fire-type moves.
charcoal,brilliant-diamond-shining-pearl,It's a combustible fuel that boosts the power of Fire-type moves.
charcoal,crystal,Powers up fire-type moves. (HOLD)
charcoal,diamond-pearl,It is a combustible fuel that boosts the power of Fire-type moves.
charcoal,emerald,A hold item that raises the power of Fire-type moves.
charcoal,firered-leafgreen,A combustible fuel that boosts the power of Fire-type moves.
charcoal,gold-silver,Powers up fire-type moves. (HOLD)
charcoal,heartgold-soulsilver,It is a combustible fuel that boosts the power of Fire-type moves.
charcoal,legends-arceus,It's a combustible fuel that boosts the power of Fire-type moves.
charcoal,omega-ruby-alpha-sapphire,It is a combustible fuel that boosts the power of Fire-type moves.
charcoal,platinum,It is a combustible fuel that boosts the power of Fire-type moves.
charcoal,ruby-sapphire,A hold item that raises the power of Fire-type moves.
charcoal,scarlet-violet,It's a combustible fuel that boosts the power of the holder's Fire-type moves.
charcoal,sun-moon,It's a combustible fuel that boosts the power of Fire-type moves.
charcoal,sword-shield,It's a combustible fuel that boosts the power of Fire-type moves.
charcoal,ultra-sun-ultra-moon,It's a combustible fuel that boosts the power of Fire-type moves.
charcoal,x-y,It is a combustible fuel that boosts the power of Fire-type moves.
charizardite-x,legends-za,One of a variety of mysterious Mega Stones. A Charizard holding this stone will be able to Mega Evolve during battle.
charizardite-x,lets-go-pikachu-lets-go-eevee,One of a variety of mysterious Mega Stones. This stone will enable Charizard to Mega Evolve during battle.
charizardite-x,omega-ruby-alpha-sapphire,"One of a variety of mysterious Mega Stones. Have Charizard hold it, and this stone will enable it to Mega Evolve during battle."
charizardite-x,x-y,"One variety of the mysterious Mega Stones. Have Charizard hold it, and this stone will enable it to Mega Evolve during battle."
charizardite-y,legends-za,One of a variety of mysterious Mega Stones. A Charizard holding this stone will be able to Mega Evolve during battle.
charizardite-y,lets-go-pikachu-lets-go-eevee,One of a variety of mysterious Mega Stones. This stone will enable Charizard to Mega Evolve during battle.
charizardite-y,omega-ruby-alpha-sapphire,"One of a variety of mysterious Mega Stones. Have Charizard hold it, and this stone will enable it to Mega Evolve during battle."
charizardite-y,x-y,"One variety of the mysterious Mega Stones. Have Charizard hold it, and this stone will enable it to Mega Evolve during battle."
charti-berry,black-2-white-2,Weakens a supereffective Rock-type attack against the holding Pokémon.
charti-berry,black-white,Weakens a supereffective Rock-type attack against the holding Pokémon.
charti-berry,brilliant-diamond-shining-pearl,"If held by a Pokémon, this Berry will lessen the damage taken from one supereffective Rock-type attack."
charti-berry,diamond-pearl,"A Poffin ingredient. If held by a Pokémon, it weakens a foe's supereffective Rock-type attack."
charti-berry,heartgold-soulsilver,"If held by a Pokémon, it weakens a foe's supereffective Rock-type attack."
charti-berry,legends-arceus,"If held by a Pokémon, this Berry will lessen the damage taken from one supereffective Rock-type attack."
charti-berry,lets-go-pikachu-lets-go-eevee,"If held by a Pokémon, this Berry will lessen the damage taken from one supereffective Rock-type attack."
charti-berry,omega-ruby-alpha-sapphire,"If held by a Pokémon, this Berry will lessen the damage taken from one supereffective Rock-type attack."
charti-berry,platinum,"A Poffin ingredient. If held by a Pokémon, it weakens a foe's supereffective Rock-type attack."
charti-berry,scarlet-violet,"If a Pokémon holding this Berry is hit with a supereffective Rock-type move, the power of that move will be weakened."
charti-berry,sun-moon,"If held by a Pokémon, this Berry will lessen the damage taken from one supereffective Rock-type attack."
charti-berry,sword-shield,"If held by a Pokémon, this Berry will lessen the damage taken from one supereffective Rock-type attack."
charti-berry,ultra-sun-ultra-moon,"If held by a Pokémon, this Berry will lessen the damage taken from one supereffective Rock-type attack."
charti-berry,x-y,"If held by a Pokémon, this Berry will lessen the damage taken from one supereffective Rock-type attack."
cheese,scarlet-violet,A very salty ingredient. This thinly sliced cheese is perfect for adding to a sandwich.
cheri-berry,diamond-pearl,A Poffin ingredient. It may be used or held by a Pokémon to recover from paralysis.
cheri-berry,emerald,A hold item that heals paralysis in battle.
cheri-berry,legends-arceus,A Berry that can be fed to a Pokémon to cure its paralysis or thrown to attract wild Pokémon.
cheri-berry,platinum,A Poffin ingredient. It may be used or held by a Pokémon to recover from paralysis.
cheri-berry,ruby-sapphire,A hold item that heals paralysis in battle.
cheri-berry,sword-shield,"A Berry to be consumed by Pokémon. If a Pokémon holds one, it can recover from paralysis on its own in battle."
cherish-ball,brilliant-diamond-shining-pearl,A quite rare Poké Ball that has been crafted in order to commemorate a special occasion of some sort.
cherish-ball,diamond-pearl,A quite rare Poké Ball that has been specially crafted to commemorate an occasion of some sort.
cherish-ball,heartgold-soulsilver,A quite rare Poké Ball that has been specially crafted to commemorate an occasion of some sort.
cherish-ball,legends-arceus,A quite rare Poké Ball that has been crafted in order to commemorate a special occasion of some sort.
cherish-ball,legends-za,A quite rare Poké Ball made to commemorate a special occasion of some sort.
cherish-ball,lets-go-pikachu-lets-go-eevee,A quite rare Poké Ball that has been crafted in order to commemorate a special occasion of some sort.
cherish-ball,omega-ruby-alpha-sapphire,A quite rare Poké Ball that has been crafted in order to commemorate a special occasion of some sort.
cherish-ball,platinum,A quite rare Poké Ball that has been specially crafted to commemorate an occasion of some sort.
cherish-ball,scarlet-violet,A quite rare Poké Ball made to commemorate a special occasion of some sort.
cherish-ball,sun-moon,A quite rare Poké Ball that has been crafted in order to commemorate a special occasion of some sort.
cherish-ball,sword-shield,A quite rare Poké Ball that has been crafted in order to commemorate a special occasion of some sort.
cherish-ball,ultra-sun-ultra-moon,A quite rare Poké Ball that has been crafted in order to commemorate a special occasion of some sort.
cherish-ball,x-y,A quite rare Poké Ball that has been crafted in order to commemorate a special occasion of some sort.
cherished-ring-first,legends-za,A ring that an old woman asked you to retrieve. It seems to hold some value to her.
cherished-ring-second,legends-za,A ring that was entrusted to Tarragon so that he could mend it. It seems to hold many special memories.
cherry-tomatoes,scarlet-violet,"A very tart ingredient. Some varieties are also very sweet, and these are prized above all others by the people of Paldea."
chesnaughtite,legends-za,One of a variety of mysterious Mega Stones. A Chesnaught holding this stone will be able to Mega Evolve during battle.
chesto-berry,diamond-pearl,It may be used or held by a Pokémon to recover from sleep.
chesto-berry,emerald,A hold item that awakens Pokémon in battle.
chesto-berry,legends-arceus,A Berry that can cure a Pokémon’s drowsiness or draw wild Pokémon’s attention.
chesto-berry,platinum,It may be used or held by a Pokémon to recover from sleep.
chesto-berry,ruby-sapphire,A hold item that awakens Pokémon in battle.
chesto-berry,scarlet-violet,"If a Pokémon holds one of these Berries, it will be able to wake itself from sleep."
chesto-berry,x-y,"A Berry to be consumed by Pokémon. If held, it can recover from sleep in battle."
chilan-berry,black-2-white-2,Weakens a Normal-type attack against the Pokémon holding this berry.
chilan-berry,black-white,Weakens a Normal-type attack against the Pokémon holding this berry.
chilan-berry,brilliant-diamond-shining-pearl,"If held by a Pokémon, this Berry will lessen the damage taken from one Normal-type attack."
chilan-berry,diamond-pearl,"A Poffin ingredient. If held by a Pokémon, it weakens a foe's Normal-type attack."
chilan-berry,heartgold-soulsilver,"If held by a Pokémon, it weakens a foe's Normal-type attack."
chilan-berry,legends-arceus,"If held by a Pokémon, this Berry will lessen the damage taken from one Normal-type attack."
chilan-berry,omega-ruby-alpha-sapphire,"If held by a Pokémon, this Berry will lessen the damage taken from one Normal-type attack."
chilan-berry,platinum,"A Poffin ingredient. If held by a Pokémon, it weakens a foe's Normal-type attack."
chilan-berry,scarlet-violet,"If a Pokémon holding this Berry is hit with a Normal-type move, the power of that move will be weakened."
chilan-berry,sun-moon,"If held by a Pokémon, this Berry will lessen the damage taken from one Normal-type attack."
chilan-berry,sword-shield,"If held by a Pokémon, this Berry will lessen the damage taken from one Normal-type attack."
chilan-berry,ultra-sun-ultra-moon,"If held by a Pokémon, this Berry will lessen the damage taken from one Normal-type attack."
chilan-berry,x-y,"If held by a Pokémon, this Berry will lessen the damage taken from one Normal-type attack."
chili-sauce,scarlet-violet,A condiment with a very spicy kick. It's thanks to Scovillain that this sauce gets its signature mouth-tingling burn.
chill-drive,black-2-white-2,A cassette to be held by Genesect. It changes Techno Blast to an Ice-type move.
chill-drive,black-white,A cassette to be held by Genesect. It changes Techno Blast to an Ice-type move.
chill-drive,brilliant-diamond-shining-pearl,A cassette to be held by Genesect. It changes Genesect's Techno Blast move so it becomes Ice type.
chill-drive,legends-arceus,A cassette to be held by Genesect. It changes Genesect's Techno Blast move so it becomes Ice type.
chill-drive,omega-ruby-alpha-sapphire,A cassette to be held by Genesect. It changes Genesect's Techno Blast move so it becomes Ice type.
chill-drive,scarlet-violet,A cassette to be held by Genesect. It changes Genesect's Techno Blast move so it becomes Ice type.
chill-drive,sun-moon,A cassette to be held by Genesect. It changes Genesect's Techno Blast move so it becomes Ice type.
chill-drive,sword-shield,A cassette to be held by Genesect. It changes Genesect's Techno Blast move so it becomes Ice type.
chill-drive,ultra-sun-ultra-moon,A cassette to be held by Genesect. It changes Genesect's Techno Blast move so it becomes Ice type.
chill-drive,x-y,A cassette to be held by Genesect. It changes Genesect's Techno Blast move so it becomes Ice type.
chimechite,legends-za,One of a variety of mysterious Mega Stones. A Chimecho holding this stone will be able to Mega Evolve during battle.
chipped-pot,brilliant-diamond-shining-pearl,"A peculiar teapot that can make a certain species of Pokémon evolve. It may be chipped, but tea poured from it is delicious."
chipped-pot,legends-arceus,"A peculiar teapot that can make a certain species of Pokémon evolve. It may be chipped, but tea poured from it is delicious."
chipped-pot,scarlet-violet,"A peculiar teapot that can make a certain species of Pokémon evolve. It may be chipped, but tea poured from it is delicious."
chipped-pot,sword-shield,"A peculiar teapot that can make a certain species of Pokémon evolve. It may be chipped, but tea poured from it is delicious."
choice-band,black-white,"An item to be held by a Pokémon. This headband ups Attack, but allows the use of only one of its moves."
choice-band,diamond-pearl,"An item to be held by a Pokémon. This headband ups Attack, but allows the use of only one kind of move."
choice-band,ruby-sapphire,"Raises a move's power, but permits only that move."
choice-band,scarlet-violet,An item to be held by a Pokémon. This curious headband boosts the holder's Attack stat but only allows the use of a single move.
choice-dumpling,legends-arceus,A dumpling that will make a Pokémon become fixated on a move in battle. The Pokémon will deal more damage when using that move but will take more damage as well.
choice-dumpling,scarlet-violet,A dumpling that will make a Pokémon become fixated on a move in battle. The Pokémon will deal more damage when using that move but will take more damage as well.
choice-scarf,black-2-white-2,"An item to be held by a Pokémon. This scarf boosts Speed, but allows the use of only one of its moves."
choice-scarf,black-white,"An item to be held by a Pokémon. This scarf boosts Speed, but allows the use of only one of its moves."
choice-scarf,brilliant-diamond-shining-pearl,An item to be held by a Pokémon. This curious scarf boosts Speed but only allows the use of one move.
choice-scarf,diamond-pearl,"An item to be held by a Pokémon. This scarf boosts Speed, but allows the use of only one kind of move."
choice-scarf,heartgold-soulsilver,"An item to be held by a Pokémon. This scarf boosts Speed, but allows the use of only one kind of move."
choice-scarf,legends-arceus,An item to be held by a Pokémon. This curious scarf boosts Speed but only allows the use of one move.
choice-scarf,lets-go-pikachu-lets-go-eevee,An item to be held by a Pokémon. This curious scarf boosts Speed but only allows the use of one move.
choice-scarf,omega-ruby-alpha-sapphire,An item to be held by a Pokémon. This curious scarf boosts Speed but only allows the use of one move.
choice-scarf,platinum,"An item to be held by a Pokémon. This scarf boosts Speed, but allows the use of only one kind of move."
choice-scarf,scarlet-violet,An item to be held by a Pokémon. This curious scarf boosts the holder's Speed stat but only allows the use of a single move.
choice-scarf,sun-moon,An item to be held by a Pokémon. This curious scarf boosts Speed but only allows the use of one move.
choice-scarf,sword-shield,An item to be held by a Pokémon. This curious scarf boosts Speed but only allows the use of one move.
choice-scarf,ultra-sun-ultra-moon,An item to be held by a Pokémon. This curious scarf boosts Speed but only allows the use of one move.
choice-scarf,x-y,An item to be held by a Pokémon. This curious scarf boosts Speed but only allows the use of one move.
choice-specs,black-2-white-2,An item to be held by a Pokémon. These distinctive glasses boost Sp. Atk but allow the use of only one of its moves.
choice-specs,black-white,An item to be held by a Pokémon. These distinctive glasses boost Sp. Atk but allow the use of only one of its moves.
choice-specs,brilliant-diamond-shining-pearl,An item to be held by a Pokémon. These curious glasses boost Sp. Atk but only allow the use of one move.
choice-specs,diamond-pearl,"An item to be held by a Pokémon. These distinctive glasses boost Sp. Atk, but allow only one kind of move to be used."
choice-specs,heartgold-soulsilver,"An item to be held by a Pokémon. These distinctive glasses boost Sp. Atk, but allow only one kind of move to be used."
choice-specs,legends-arceus,An item to be held by a Pokémon. These curious glasses boost Sp. Atk but only allow the use of one move.
choice-specs,omega-ruby-alpha-sapphire,An item to be held by a Pokémon. These curious glasses boost Sp. Atk but only allow the use of one move.
choice-specs,platinum,"An item to be held by a Pokémon. These distinctive glasses boost Sp. Atk, but allow only one kind of move to be used."
choice-specs,scarlet-violet,An item to be held by a Pokémon. These curious glasses boost the holder's Sp. Atk but only allow the use of a single move.
choice-specs,sun-moon,An item to be held by a Pokémon. These curious glasses boost Sp. Atk but only allow the use of one move.
choice-specs,sword-shield,An item to be held by a Pokémon. These curious glasses boost Sp. Atk but only allow the use of one move.
choice-specs,ultra-sun-ultra-moon,An item to be held by a Pokémon. These curious glasses boost Sp. Atk but only allow the use of one move.
choice-specs,x-y,An item to be held by a Pokémon. These curious glasses boost Sp. Atk but only allow the use of one move.
chople-berry,brilliant-diamond-shining-pearl,"If held by a Pokémon, this Berry will lessen the damage taken from one supereffective Fighting-type attack."
chople-berry,legends-arceus,"If held by a Pokémon, this Berry will lessen the damage taken from one supereffective Fighting-type attack."
chople-berry,omega-ruby-alpha-sapphire,"If held by a Pokémon, this Berry will lessen the damage taken from one supereffective Fighting-type attack."
chople-berry,scarlet-violet,"If a Pokémon holding this Berry is hit with a supereffective Fighting-type move, the power of that move will be weakened."
chople-berry,sun-moon,"If held by a Pokémon, this Berry will lessen the damage taken from one supereffective Fighting-type attack."
chople-berry,sword-shield,"If held by a Pokémon, this Berry will lessen the damage taken from one supereffective Fighting-type attack."
chople-berry,ultra-sun-ultra-moon,"If held by a Pokémon, this Berry will lessen the damage taken from one supereffective Fighting-type attack."
chople-berry,x-y,"If held by a Pokémon, this Berry will lessen the damage taken from one supereffective Fighting-type attack."
chorizo,scarlet-violet,"A very salty and spicy ingredient. This type of sausage has particularly robust salty flavor, and the spicier varieties are extra popular."
claw-fossil,diamond-pearl,A fossil of an ancient Pokémon that lived in the sea. It appears to be part of a claw.
claw-fossil,emerald,"A fossil of an ancient, seafloor-dwelling Pokémon."
claw-fossil,platinum,A fossil of an ancient Pokémon that lived in the sea. It appears to be part of a claw.
claw-fossil,ruby-sapphire,"A fossil of an ancient, seafloor-dwelling Pokémon."
claw-fossil,x-y,A fossil from a prehistoric Pokémon that once lived in the sea. It appears to be a fragment of a claw.
cleanse-tag,black-2-white-2,An item to be held by a Pokémon. It helps keep wild Pokémon away if the holder is the first one in the party.
cleanse-tag,black-white,An item to be held by a Pokémon. It helps keep wild Pokémon away if the holder is the first one in the party.
cleanse-tag,brilliant-diamond-shining-pearl,An item to be held by a Pokémon. It helps keep wild Pokémon away if the holder is the head of the party.
cleanse-tag,crystal,Helps repel wild Pokémon. (HOLD)
cleanse-tag,diamond-pearl,An item to be held by a Pokémon. It helps keep wild Pokémon away if the holder is the first one in the party.
cleanse-tag,emerald,A hold item that helps repel wild Pokémon.
cleanse-tag,firered-leafgreen,An item to be held by a Pokémon. It repels wild Pokémon if the holder is first in the party.
cleanse-tag,gold-silver,Helps repel wild Pokémon. (HOLD)
cleanse-tag,heartgold-soulsilver,An item to be held by a Pokémon. It helps keep wild Pokémon away if the holder is the first one in the party.
cleanse-tag,legends-arceus,An item to be held by a Pokémon. It helps keep wild Pokémon away if the holder is the head of the party.
cleanse-tag,omega-ruby-alpha-sapphire,An item to be held by a Pokémon. It helps keep wild Pokémon away if the holder is the head of the party.
cleanse-tag,platinum,An item to be held by a Pokémon. It helps keep wild Pokémon away if the holder is the first one in the party.
cleanse-tag,ruby-sapphire,A hold item that helps repel wild Pokémon.
cleanse-tag,scarlet-violet,An item to be held by a Pokémon. It helps keep wild Pokémon away when the holder is the head of the party.
cleanse-tag,sun-moon,An item to be held by a Pokémon. It helps keep wild Pokémon away if the holder is the head of the party.
cleanse-tag,sword-shield,An item to be held by a Pokémon. It helps keep wild Pokémon away if the holder is the head of the party.
cleanse-tag,ultra-sun-ultra-moon,An item to be held by a Pokémon. It helps keep wild Pokémon away if the holder is the head of the party.
cleanse-tag,x-y,An item to be held by a Pokémon. It helps keep wild Pokémon away if the holder is the head of the party.
clear-amulet,scarlet-violet,"An item to be held by a Pokémon. This clear, sparkling amulet protects the holder from having its stats lowered by moves used against it or by other Pokémon's Abilities."
clear-bell,black-2-white-2,A very old-fashioned bell that makes a gentle ringing.
clear-bell,black-white,A very old-fashioned bell that makes a gentle ringing.
clear-bell,brilliant-diamond-shining-pearl,A very old-fashioned bell that makes a gentle ringing sound.
clear-bell,crystal,Makes a gentle ringing.
clear-bell,heartgold-soulsilver,A very old-fashioned bell that makes a gentle ringing.
clear-bell,legends-arceus,A very old-fashioned bell that makes a gentle ringing sound.
clear-bell,omega-ruby-alpha-sapphire,A very old-fashioned bell that makes a gentle ringing sound.
clear-bell,scarlet-violet,A very old-fashioned bell that makes a gentle ringing sound.
clear-bell,sun-moon,A very old-fashioned bell that makes a gentle ringing sound.
clear-bell,sword-shield,A very old-fashioned bell that makes a gentle ringing sound.
clear-bell,ultra-sun-ultra-moon,A very old-fashioned bell that makes a gentle ringing sound.
clear-bell,x-y,A very old-fashioned bell that makes a gentle ringing sound.
clefablite,legends-za,One of a variety of mysterious Mega Stones. A Clefable holding this stone will be able to Mega Evolve during battle.
clever-feather,black-2-white-2,An item for use on a Pokémon. It slightly increases the base Sp. Def stat of a single Pokémon.
clever-feather,black-white,An item for use on a Pokémon. It slightly increases the base Sp. Def stat of a single Pokémon.
clever-feather,brilliant-diamond-shining-pearl,An item for use on a Pokémon. It slightly increases the Sp. Def base points of a single Pokémon.
clever-feather,legends-arceus,An item for use on a Pokémon. It slightly increases the Sp. Def base points of a single Pokémon.
clever-feather,lets-go-pikachu-lets-go-eevee,An item for use on a Pokémon. It slightly increases the base Sp. Def stat of a single Pokémon.
clever-feather,omega-ruby-alpha-sapphire,An item for use on a Pokémon. It slightly increases the base Sp. Def stat of a single Pokémon.
clever-feather,scarlet-violet,An item to be used on a Pokémon. This feather slightly increases base points for a Pokémon's Sp. Def stat.
clever-feather,sun-moon,An item for use on a Pokémon. It slightly increases the base Sp. Def stat of a single Pokémon.
clever-feather,sword-shield,An item for use on a Pokémon. It slightly increases the Sp. Def base points of a single Pokémon.
clever-feather,ultra-sun-ultra-moon,An item for use on a Pokémon. It slightly increases the base Sp. Def stat of a single Pokémon.
clever-feather,x-y,An item for use on a Pokémon. It slightly increases the base Sp. Def stat of a single Pokémon.
clever-mochi,scarlet-violet,A mochi cake with Berries kneaded into its dough. It increases base points for a Pokémon's Sp. Def stat.
clover-sweet,brilliant-diamond-shining-pearl,"A clover-shaped sweet. When a Milcery holds this, it spins around happily."
clover-sweet,legends-arceus,"A clover-shaped sweet. When a Milcery holds this, it spins around happily."
clover-sweet,scarlet-violet,"A clover-shaped sweet. When a Milcery holds this, it spins around happily."
clover-sweet,sword-shield,"A clover-shaped sweet. When a Milcery holds this, it spins around happily."
coba-berry,black-2-white-2,Weakens a supereffective Flying-type attack against the holding Pokémon.
coba-berry,diamond-pearl,"A Poffin ingredient. If held by a Pokémon, it weakens a foe's supereffective Flying-type attack."
coba-berry,heartgold-soulsilver,"If held by a Pokémon, it weakens a foe's supereffective Flying-type attack."
coba-berry,platinum,"A Poffin ingredient. If held by a Pokémon, it weakens a foe's supereffective Flying-type attack."
coba-berry,scarlet-violet,"If a Pokémon holding this Berry is hit with a supereffective Flying-type move, the power of that move will be weakened."
coba-berry,sword-shield,"If held by a Pokémon, this Berry will lessen the damage taken from one supereffective Flying-type attack."
cobalion-treat,scarlet-violet,A snack made from ingredients favored by the Legendary Pokémon Cobalion.
coconut-milk,brilliant-diamond-shining-pearl,One of the many ingredients that can be used for cooking at your camp. The refined sweetness of this coconut milk makes it quite popular.
coconut-milk,legends-arceus,One of the many ingredients that can be used for cooking at your camp. The refined sweetness of this coconut milk makes it quite popular.
coconut-milk,scarlet-violet,One of the many ingredients that can be used for cooking at your camp. The refined sweetness of this coconut milk makes it quite popular.
coconut-milk,sword-shield,One of the many ingredients that can be used for cooking at your camp. The refined sweetness of this coconut milk makes it quite popular.
coin-case,diamond-pearl,"A case for holding Coins obtained at the Game Corner. It holds up to 50,000 Coins."
coin-case,firered-leafgreen,"A case for holding Coins obtained at the Game Corner. It holds up to 9,999 Coins."
coin-case,gold-silver,"Holds up to 9,999 game coins."
coin-case,heartgold-soulsilver,"A case for holding coins obtained at the Game Corner. It holds up to 50,000 coins."
coin-case,ruby-sapphire,"A case that holds up to 9,999 Coins."
coin-case,stadium,"Required for playing slot machines. Up to 9,999 coins may be carried."
coin-case,x-y,"A case for holding coins obtained at the Game Corner. It can hold up to 50,000 coins."
colbur-berry,black-2-white-2,Weakens a supereffective Dark-type attack against the holding Pokémon.
colbur-berry,black-white,Weakens a supereffective Dark-type attack against the holding Pokémon.
colbur-berry,brilliant-diamond-shining-pearl,"If held by a Pokémon, this Berry will lessen the damage taken from one supereffective Dark-type attack."
colbur-berry,diamond-pearl,"A Poffin ingredient. If held by a Pokémon, it weakens a foe's supereffective Dark-type attack."
colbur-berry,heartgold-soulsilver,"If held by a Pokémon, it weakens a foe's supereffective Dark-type attack."
colbur-berry,legends-arceus,"If held by a Pokémon, this Berry will lessen the damage taken from one supereffective Dark-type attack."
colbur-berry,lets-go-pikachu-lets-go-eevee,"If held by a Pokémon, this Berry will lessen the damage taken from one supereffective Dark-type attack."
colbur-berry,omega-ruby-alpha-sapphire,"If held by a Pokémon, this Berry will lessen the damage taken from one supereffective Dark-type attack."
colbur-berry,platinum,"A Poffin ingredient. If held by a Pokémon, it weakens a foe's supereffective Dark-type attack."
colbur-berry,scarlet-violet,"If a Pokémon holding this Berry is hit with a supereffective Dark-type move, the power of that move will be weakened."
colbur-berry,sun-moon,"If held by a Pokémon, this Berry will lessen the damage taken from one supereffective Dark-type attack."
colbur-berry,sword-shield,"If held by a Pokémon, this Berry will lessen the damage taken from one supereffective Dark-type attack."
colbur-berry,ultra-sun-ultra-moon,"If held by a Pokémon, this Berry will lessen the damage taken from one supereffective Dark-type attack."
colbur-berry,x-y,"If held by a Pokémon, this Berry will lessen the damage taken from one supereffective Dark-type attack."
colorful-screw,legends-za,"A colorful screw. These screws have been left here and there around Lumiose City, and the staff at Racine Construction will trade you goods in exchange for them."
colress-machine,black-2-white-2,A special device that wrings out the potential of Pokémon. It is an imperfect prototype.
colress-machine,brilliant-diamond-shining-pearl,A special device that wrings out the potential of Pokémon. It's an imperfect prototype.
colress-machine,legends-arceus,A special device that wrings out the potential of Pokémon. It's an imperfect prototype.
colress-machine,omega-ruby-alpha-sapphire,A special device that wrings out the potential of Pokémon. It is an imperfect prototype.
colress-machine,scarlet-violet,A special device that wrings out the potential of Pokémon. It's an imperfect prototype.
colress-machine,sun-moon,A special device that wrings out the potential of Pokémon. It's an imperfect prototype.
colress-machine,sword-shield,A special device that wrings out the potential of Pokémon. It's an imperfect prototype.
colress-machine,ultra-sun-ultra-moon,A special device that wrings out the potential of Pokémon. It's an imperfect prototype.
colress-machine,x-y,A special device that wrings out the potential of Pokémon. It is an imperfect prototype.
comet-shard,black-2-white-2,A shard which fell to the ground when a comet approached. A maniac will buy it for a high price.
comet-shard,black-white,A shard which fell to the ground when a comet approached. A maniac will buy it for a high price.
comet-shard,brilliant-diamond-shining-pearl,A shard that fell to the ground when a comet approached. It can be sold at a high price to shops.
comet-shard,legends-arceus,A shard that fell to the ground when a comet passed nearby. It can be sold at a high price at the general store.
comet-shard,omega-ruby-alpha-sapphire,A shard that fell to the ground when a comet approached. It can be sold at a high price to shops.
comet-shard,scarlet-violet,A shard that fell to the ground when a comet passed nearby. It can be sold at a high price to shops.
comet-shard,sun-moon,A shard that fell to the ground when a comet approached. It can be sold at a high price to shops.
comet-shard,sword-shield,A shard that fell to the ground when a comet approached. It can be sold at a high price to shops.
comet-shard,ultra-sun-ultra-moon,A shard that fell to the ground when a comet approached. It can be sold at a high price to shops.
comet-shard,x-y,A shard that fell to the ground when a comet approached. It can be sold at a high price to shops.
contest-costume,omega-ruby-alpha-sapphire,A very cool suit to be worn during the Contest Spectacular.
contest-pass,brilliant-diamond-shining-pearl,A pass required for entering Pokémon Contests. It has a drawing of an award ribbon on its front.
contest-pass,diamond-pearl,The pass required for entering Pokémon Contests. It has a drawing of an award ribbon on it.
contest-pass,emerald,The pass required for entering Pokémon Contests.
contest-pass,firered-leafgreen,The pass required for entering Pokémon Contests. It has a drawing of an award ribbon on it.
contest-pass,legends-arceus,A pass required for entering Pokémon Contests. It has a drawing of an award ribbon on its front.
contest-pass,omega-ruby-alpha-sapphire,A pass required for entering Pokémon Contests. It has a drawing of an award ribbon on its front.
contest-pass,platinum,The pass required for entering Pokémon Contests. It has a drawing of an award ribbon on it.
contest-pass,ruby-sapphire,The pass required for entering Pokémon Contests.
contest-pass,scarlet-violet,A pass required for entering Pokémon Contests. It has a drawing of an award ribbon on its front.
contest-pass,sun-moon,A pass required for entering Pokémon Contests. It has a drawing of an award ribbon on its front.
contest-pass,sword-shield,A pass required for entering Pokémon Contests. It has a drawing of an award ribbon on its front.
contest-pass,ultra-sun-ultra-moon,A pass required for entering Pokémon Contests. It has a drawing of an award ribbon on its front.
contest-pass,x-y,A pass required for entering Pokémon Contests. It has a drawing of an award ribbon on its front.
cornerstone-mask,scarlet-violet,An item to be held by Ogerpon. This carved wooden mask is adorned with crystals and allows Ogerpon to wield the Rock type during battle.
cornn-berry,black-white,A Berry which is very rare in the Unova region. A maniac will buy it for a high price.
cornn-berry,diamond-pearl,A Poffin ingredient. Bury it in soft soil to grow a Cornn Plant.
cornn-berry,emerald,Pokéblock ingredient. Plant in loamy soil to grow Cornn.
cornn-berry,omega-ruby-alpha-sapphire,Used to make Pokéblocks that will enhance your Beauty. This Berry is rare in other regions.
cornn-berry,platinum,A Poffin ingredient. Bury it in soft soil to grow a Cornn Plant.
cornn-berry,ruby-sapphire,Pokéblock ingredient. Plant in loamy soil to grow Cornn.
cornn-berry,scarlet-violet,Used to make Pokéblocks that will enhance Beauty. This Berry is rare in other regions.
coupon-1,diamond-pearl,A coupon to be exchanged for a Pokémon Watch (Pokétch for short). Three coupons are needed.
coupon-1,platinum,A coupon to be exchanged for a Pokémon Watch (Pokétch for short). Three coupons are needed.
coupon-2,diamond-pearl,A coupon to be exchanged for a Pokémon Watch (Pokétch for short). Three coupons are needed.
coupon-2,platinum,A coupon to be exchanged for a Pokémon Watch (Pokétch for short). Three coupons are needed.
coupon-3,diamond-pearl,A coupon to be exchanged for a Pokémon Watch (Pokétch for short). Three coupons are needed.
coupon-3,platinum,A coupon to be exchanged for a Pokémon Watch (Pokétch for short). Three coupons are needed.
courage-candy,brilliant-diamond-shining-pearl,"A candy that is packed with energy. When given to a Pokémon, it will increase that Pokémon's Sp. Defense."
courage-candy,legends-arceus,"A candy that is packed with energy. When given to a Pokémon, it will increase that Pokémon's Sp. Defense."
courage-candy,lets-go-pikachu-lets-go-eevee,"A candy that is packed with energy. When given to a Pokémon, it will increase that Pokémon's Sp. Defense."
courage-candy,scarlet-violet,"A candy that is packed with energy. When given to a Pokémon, it will increase that Pokémon's Sp. Defense."
courage-candy,sword-shield,"A candy that is packed with energy. When given to a Pokémon, it will increase that Pokémon's Sp. Defense."
courage-candy-l,brilliant-diamond-shining-pearl,"A big candy that is packed with energy. When given to a Pokémon Lv. 30 or higher, it will increase that Pokémon's Sp. Defense."
courage-candy-l,legends-arceus,"A big candy that is packed with energy. When given to a Pokémon Lv. 30 or higher, it will increase that Pokémon's Sp. Defense."
courage-candy-l,lets-go-pikachu-lets-go-eevee,"A big candy that is packed with energy. When given to a Pokémon Lv. 30 or higher, it will increase that Pokémon's Sp. Defense."
courage-candy-l,scarlet-violet,"A big candy that is packed with energy. When given to a Pokémon Lv. 30 or higher, it will increase that Pokémon's Sp. Defense."
courage-candy-l,sword-shield,"A big candy that is packed with energy. When given to a Pokémon Lv. 30 or higher, it will increase that Pokémon's Sp. Defense."
courage-candy-xl,brilliant-diamond-shining-pearl,"A huge candy that is packed with energy. When given to a Pokémon, it will increase that Pokémon's Sp. Defense."
courage-candy-xl,legends-arceus,"A huge candy that is packed with energy. When given to a Pokémon, it will increase that Pokémon's Sp. Defense."
courage-candy-xl,lets-go-pikachu-lets-go-eevee,"A huge candy that is packed with energy. When given to a Pokémon, it will increase that Pokémon's Sp. Defense."
courage-candy-xl,scarlet-violet,"A huge candy that is packed with energy. When given to a Pokémon, it will increase that Pokémon's Sp. Defense."
courage-candy-xl,sword-shield,"A huge candy that is packed with energy. When given to a Pokémon, it will increase that Pokémon's Sp. Defense."
cover-fossil,black-white,A fossil of an ancient Pokémon that lived in the sea in ancient times. It appears to be part of its back.
cover-fossil,scarlet-violet,A fossil from a prehistoric Pokémon that once lived in the sea. It appears as though it could be part of a creature's back.
cover-fossil,x-y,A fossil from a prehistoric Pokémon that once lived in the sea. It appears as though it could be part of its back.
covert-cloak,scarlet-violet,"An item to be held by a Pokémon. This hooded cloak conceals the holder, tricking the eyes of its enemies and protecting it from the additional effects of moves."
crabominite,legends-za,One of a variety of mysterious Mega Stones. A Crabominable holding this stone will be able to Mega Evolve during battle.
cracked-pot,brilliant-diamond-shining-pearl,"A peculiar teapot that can make a certain species of Pokémon evolve. It may be cracked, but tea poured from it is delicious."
cracked-pot,legends-arceus,"A peculiar teapot that can make a certain species of Pokémon evolve. It may be cracked, but tea poured from it is delicious."
cracked-pot,scarlet-violet,"A peculiar teapot that can make a certain species of Pokémon evolve. It may be cracked, but tea poured from it is delicious."
cracked-pot,sword-shield,"A peculiar teapot that can make a certain species of Pokémon evolve. It may be cracked, but tea poured from it is delicious."
crafting-kit,legends-arceus,"A kit containing everything you might need for crafting, even when there is no workbench around. However, you can only use the materials you have in your satchel."
crafting-kit,scarlet-violet,"A kit containing everything you might need for crafting, even when there is no workbench around. However, you can only use the materials you have in your satchel."
cream-cheese,scarlet-violet,"A condiment offering very sweet and very tart flavor. It goes well with more ingredients than you'd expect, making it a convenient go-to."
crown-pass,brilliant-diamond-shining-pearl,A pass to go to the Crown Tundra. Show it to the rail staff at Wedgehurst Station.
crown-pass,legends-arceus,A pass to go to the Crown Tundra. Show it to the rail staff at Wedgehurst Station.
crown-pass,scarlet-violet,A pass to go to the Crown Tundra. Show it to the rail staff at Wedgehurst Station.
crown-pass,sword-shield,A pass to go to the Crown Tundra. Show it to the rail staff at Wedgehurst Station.
crunchy-salt,legends-arceus,"Translucent crystals that are beloved by Pokémon bearing a resemblance to grass, plants, or minerals. They will gather wherever a lump of this salt is thrown."
crunchy-salt,scarlet-violet,"Translucent crystals that are beloved by Pokémon bearing a resemblance to grass, plants, or minerals. They will gather wherever a lump of this salt is thrown."
crystal-cluster,scarlet-violet,A cluster of the crystals found within the Crystal Pool. They sparkle brilliantly and are apparently necessary to repair a certain mask.
cucumber,scarlet-violet,A tart and bitter ingredient. Using it together with rich-tasting ingredients in a sandwich will really make the most of a cucumber's fresh-veggie aroma.
curry-powder,scarlet-violet,"A very spicy condiment. Just watch out—use too much of this potent seasoning, and it'll cancel out the other flavors."
custap-berry,black-2-white-2,"If held by a Pokémon, it gets to move first just once in a pinch."
custap-berry,black-white,"If held by a Pokémon, it gets to move first just once in a pinch."
custap-berry,brilliant-diamond-shining-pearl,"A Berry to be consumed by Pokémon. If a Pokémon holds one, it will be able to move first just once when it's in a pinch."
custap-berry,diamond-pearl,"A Poffin ingredient. If held by a Pokémon, it gets to move first just once in a pinch."
custap-berry,heartgold-soulsilver,"If held by a Pokémon, it gets to move first just once in a pinch."
custap-berry,legends-arceus,"A Berry to be consumed by Pokémon. If a Pokémon holds one, it will be able to move first just once when it's in a pinch."
custap-berry,lets-go-pikachu-lets-go-eevee,"A Berry to be consumed by Pokémon. If a Pokémon holds one, it will be able to move first just once when it's in a pinch."
custap-berry,omega-ruby-alpha-sapphire,"A Berry to be consumed by Pokémon. If a Pokémon holds one, it will be able to move first just once when it's in a pinch."
custap-berry,platinum,"A Poffin ingredient. If held by a Pokémon, it gets to move first just once in a pinch."
custap-berry,scarlet-violet,"If a Pokémon holds one of these Berries, it will be able to act faster should it find itself in a pinch—but only for the next move it uses."
custap-berry,sun-moon,"A Berry to be consumed by Pokémon. If a Pokémon holds one, it will be able to move first just once when it's in a pinch."
custap-berry,sword-shield,"A Berry to be consumed by Pokémon. If a Pokémon holds one, it will be able to move first just once when it's in a pinch."
custap-berry,ultra-sun-ultra-moon,"A Berry to be consumed by Pokémon. If a Pokémon holds one, it will be able to move first just once when it's in a pinch."
custap-berry,x-y,"A Berry to be consumed by Pokémon. If a Pokémon holds one, it will be able to move first just once when it's in a pinch."
cyber-ball,scarlet-violet,"A ball themed after hardcore gaming PCs. It may not light up like its inspiration, but it still stands out."
damp-mulch,black-2-white-2,A fertilizer to be spread on soft soil in regions where Berries are grown. A maniac will buy it for a high price.
damp-mulch,black-white,A fertilizer to be spread on soft soil in regions where Berries are grown. A maniac will buy it for a high price.
damp-mulch,brilliant-diamond-shining-pearl,"A fertilizer for growing Berries. However, it appears to be unsuitable for the soil in the Hoenn region and has no effect."
damp-mulch,diamond-pearl,A plant fertilizer spread on soft soil. It slows the growth of Berries and causes the soil to dry slower.
damp-mulch,heartgold-soulsilver,A fertilizer to be spread on soft soil. It slows the growth of Berries and causes the soil to dry slower.
damp-mulch,legends-arceus,"A fertilizer for growing Berries. However, it appears to be unsuitable for the soil in the Hoenn region and has no effect."
damp-mulch,omega-ruby-alpha-sapphire,"A fertilizer for growing Berries. However, it appears to be unsuitable for the soil in the Hoenn region and has no effect."
damp-mulch,platinum,A plant fertilizer spread on soft soil. It slows the growth of Berries and causes the soil to dry slower.
damp-mulch,scarlet-violet,"A fertilizer for growing Berries. However, it appears to be unsuitable for the soil in the Hoenn region and has no effect."
damp-mulch,sun-moon,"A fertilizer for growing Berries. However, it appears to be unsuitable for the soil in the Hoenn region and has no effect."
damp-mulch,sword-shield,"A fertilizer for growing Berries. However, it appears to be unsuitable for the soil in the Hoenn region and has no effect."
damp-mulch,ultra-sun-ultra-moon,"A fertilizer for growing Berries. However, it appears to be unsuitable for the soil in the Hoenn region and has no effect."
damp-mulch,x-y,A fertilizer to be spread on soft soil in regions where Berries are grown.
damp-rock,black-2-white-2,A Pokémon held item that extends the duration of the move Rain Dance used by the holder.
damp-rock,black-white,A Pokémon held item that extends the duration of the move Rain Dance used by the holder.
damp-rock,brilliant-diamond-shining-pearl,An item to be held by a Pokémon. It extends the duration of the move Rain Dance when used by the holder.
damp-rock,diamond-pearl,A Pokémon hold item that extends the duration of the move Rain Dance used by the holder.
damp-rock,heartgold-soulsilver,A Pokémon held item that extends the duration of the move Rain Dance used by the holder.
damp-rock,legends-arceus,An item to be held by a Pokémon. It extends the duration of the move Rain Dance when used by the holder.
damp-rock,lets-go-pikachu-lets-go-eevee,An item to be held by a Pokémon. It extends the duration of the move Rain Dance when used by the holder.
damp-rock,omega-ruby-alpha-sapphire,An item to be held by a Pokémon. It extends the duration of the move Rain Dance when used by the holder.
damp-rock,platinum,A Pokémon hold item that extends the duration of the move Rain Dance used by the holder.
damp-rock,scarlet-violet,"An item to be held by a Pokémon. When the holder changes the weather to rain, the rain will persist for longer than usual."
damp-rock,sun-moon,An item to be held by a Pokémon. It extends the duration of the move Rain Dance when used by the holder.
damp-rock,sword-shield,An item to be held by a Pokémon. It extends the duration of the move Rain Dance when used by the holder.
damp-rock,ultra-sun-ultra-moon,An item to be held by a Pokémon. It extends the duration of the move Rain Dance when used by the holder.
damp-rock,x-y,An item to be held by a Pokémon. It extends the duration of the move Rain Dance when used by the holder.
dark-gem,black-2-white-2,"A gem with an essence of darkness. When held, it strengthens the power of a Dark-type move only once."
dark-gem,black-white,"A gem with an essence of darkness. When held, it strengthens the power of a Dark-type move only once."
dark-gem,omega-ruby-alpha-sapphire,"A gem with an essence of darkness. When held, it strengthens the power of a Dark-type move one time."
dark-gem,scarlet-violet,An item to be held by a Pokémon. This gem is imbued with the essence of darkness and will boost the power of a Dark-type move—but only once.
dark-gem,x-y,"A gem with an essence of darkness. When held, it strengthens the power of a Dark-type move one time."
dark-memory,brilliant-diamond-shining-pearl,A memory disc that contains Dark-type data. It changes the type of the holder if held by a certain species of Pokémon.
dark-memory,legends-arceus,A memory disc that contains Dark-type data. It changes the type of the holder if held by a certain species of Pokémon.
dark-memory,lets-go-pikachu-lets-go-eevee,A memory disc that contains Dark-type data. It changes the type of the holder if held by a certain species of Pokémon.
dark-memory,scarlet-violet,A memory disc that contains Dark-type data. It changes the type of the holder if held by a certain species of Pokémon.
dark-memory,sun-moon,A memory disc that contains Dark-type data. It changes the type of the holder if held by a certain species of Pokémon.
dark-memory,sword-shield,A memory disc that contains Dark-type data. It changes the type of the holder if held by a certain species of Pokémon.
dark-memory,ultra-sun-ultra-moon,A memory disc that contains Dark-type data. It changes the type of the holder if held by a certain species of Pokémon.
dark-stone,black-2-white-2,Zekrom's body was destroyed and changed into this stone. It is said to be waiting for the emergence of a hero.
dark-stone,black-white,Zekrom's body was destroyed and changed into this stone. It is said to be waiting for the emergence of a hero.
dark-stone,brilliant-diamond-shining-pearl,Zekrom's body was destroyed and changed into this stone. It is said to be waiting for the emergence of a hero.
dark-stone,legends-arceus,Zekrom's body was destroyed and changed into this stone. It is said to be waiting for the emergence of a hero.
dark-stone,lets-go-pikachu-lets-go-eevee,Zekrom's body was destroyed and changed into this stone. It is said to be waiting for the emergence of a hero.
dark-stone,omega-ruby-alpha-sapphire,Zekrom's body was destroyed and changed into this stone. It is said to be waiting for the emergence of a hero.
dark-stone,scarlet-violet,Zekrom's body was destroyed and changed into this stone. It is said to be waiting for the emergence of a hero.
dark-stone,sun-moon,Zekrom's body was destroyed and changed into this stone. It is said to be waiting for the emergence of a hero.
dark-stone,sword-shield,Zekrom's body was destroyed and changed into this stone. It is said to be waiting for the emergence of a hero.
dark-stone,ultra-sun-ultra-moon,Zekrom's body was destroyed and changed into this stone. It is said to be waiting for the emergence of a hero.
dark-stone,x-y,Zekrom's body was destroyed and changed into this stone. It is said to be waiting for the emergence of a hero.
dark-tera-shard,scarlet-violet,"On rare occasions, these shards form when a Tera Pokémon falls in battle and its Tera Jewel shatters."
darkinium-z,scarlet-violet,It converts Z-Power into crystals that upgrade Dark-type moves to Dark-type Z-Moves.
darkranite,legends-za,One of a variety of mysterious Mega Stones. A Darkrai holding this stone will be able to Mega Evolve during battle.
data-card-01,heartgold-soulsilver,It holds Pokéathlon records. It's a card that shows how many victories you've had.
data-card-01,x-y,Pokéathlon records. It is a card that shows how many victories you have had in the Pokéathlon.
dawn-stone,diamond-pearl,A peculiar stone that makes certain species of Pokémon evolve. It sparkles like eyes.
dawn-stone,platinum,A peculiar stone that makes certain species of Pokémon evolve. It sparkles like eyes.
dawn-stone,x-y,A peculiar stone that can make certain species of Pokémon evolve. It sparkles like a glittering eye.
dazzling-honey,legends-arceus,"Honey that sparkles with an amber hue. It is beloved by bug Pokémon and Pokémon with fairylike charms, so they will gather wherever a comb of it is thrown."
dazzling-honey,scarlet-violet,"Honey that sparkles with an amber hue. It is beloved by bug Pokémon and Pokémon with fairylike charms, so they will gather wherever a comb of it is thrown."
decidium-z,scarlet-violet,It converts Z-Power into crystals that upgrade Decidueye's Spirit Shackle to a Z-Move.
decidium-z,sun-moon,It converts Z-Power into crystals that upgrade Decidueye's Spirit Shackle to an exclusive Z-Move.
decidium-z,ultra-sun-ultra-moon,It converts Z-Power into crystals that upgrade Decidueye's Spirit Shackle to an exclusive Z-Move.
deep-sea-scale,ruby-sapphire,A hold item that raises the Sp. Def of Clamperl.
deep-sea-scale,scarlet-violet,An item to be held by Clamperl. This scale shines with a faint pink and boosts Clamperl's Sp. Def stat.
deep-sea-scale,x-y,An item to be held by Clamperl. This scale shines with a faint pink and raises the holder's Sp. Def stat.
deep-sea-tooth,scarlet-violet,An item to be held by Clamperl. This fang gleams a sharp silver and boosts Clamperl's Sp. Atk stat.
delphoxite,legends-za,One of a variety of mysterious Mega Stones. A Delphox holding this stone will be able to Mega Evolve during battle.
destiny-knot,black-white,"A long, thin, bright-red string to be held by a Pokémon. If the holder becomes infatuated, the foe does too."
destiny-knot,diamond-pearl,"A long, thin, bright red string to be held by a Pokémon. If the holder becomes infatuated, the foe does too."
destiny-knot,scarlet-violet,"An item to be held by a Pokémon. Should the holder of this bright-red thread become infatuated, the Pokémon it is infatuated with will be similarly afflicted."
destiny-knot,x-y,"An item to be held by a Pokémon. If the holder becomes infatuated, the opposing Pokémon will be, too."
devon-parts,brilliant-diamond-shining-pearl,A case that contains mechanical parts of some sort made by the Devon Corporation.
devon-parts,emerald,A package that contains Devon's machine parts.
devon-parts,firered-leafgreen,A package that contains mechanical parts of some sort made by the Devon Corporation.
devon-parts,legends-arceus,A case that contains mechanical parts of some sort made by the Devon Corporation.
devon-parts,omega-ruby-alpha-sapphire,A case that contains mechanical parts of some sort made by the Devon Corporation.
devon-parts,ruby-sapphire,A package that contains Devon's machine parts.
devon-parts,scarlet-violet,A case that contains mechanical parts of some sort made by the Devon Corporation.
devon-parts,sun-moon,A case that contains mechanical parts of some sort made by the Devon Corporation.
devon-parts,sword-shield,A case that contains mechanical parts of some sort made by the Devon Corporation.
devon-parts,ultra-sun-ultra-moon,A case that contains mechanical parts of some sort made by the Devon Corporation.
devon-scope,emerald,A device by Devon that signals any unseeable Pokémon.
devon-scope,firered-leafgreen,A scope that signals the presence of any unseeable Pokémon. It is made by the Devon Corp.
devon-scope,omega-ruby-alpha-sapphire,A special device made by Devon Corporation that signals the presence of any unseen Pokémon.
devon-scope,ruby-sapphire,A device by Devon that signals any unseeable Pokémon.
devon-scope,sun-moon,A special device made by Devon Corporation that signals the presence of any unseen Pokémon.
devon-scope,ultra-sun-ultra-moon,A special device made by Devon Corporation that signals the presence of any unseen Pokémon.
devon-scuba-gear,brilliant-diamond-shining-pearl,A device made by Devon Corporation that provides oxygen to users during the use of Dive.
devon-scuba-gear,legends-arceus,A device made by Devon Corporation that provides oxygen to users during the use of Dive.
devon-scuba-gear,lets-go-pikachu-lets-go-eevee,A device made by Devon Corporation that provides oxygen to users during the use of Dive.
devon-scuba-gear,omega-ruby-alpha-sapphire,A device made by Devon Corporation that provides oxygen to users during the use of Dive.
devon-scuba-gear,scarlet-violet,A device made by Devon Corporation that provides oxygen to users during the use of Dive.
devon-scuba-gear,sun-moon,A device made by Devon Corporation that provides oxygen to users during the use of Dive.
devon-scuba-gear,sword-shield,A device made by Devon Corporation that provides oxygen to users during the use of Dive.
devon-scuba-gear,ultra-sun-ultra-moon,A device made by Devon Corporation that provides oxygen to users during the use of Dive.
diamond-bottle,scarlet-violet,"A diamond-patterned bottle that's small, light, and even comes with a cup. The detachable strap makes it handy for walking around with."
diamond-chairs,scarlet-violet,A set of chairs that are ideal for picnicking. Their design was inspired by the Diamond Tablecloth.
diamond-pattern-cup,scarlet-violet,"A cup that's as good for using at home as on a picnic. It's light, sturdy, and stacks well, so it's a cinch to pack up and carry around."
diamond-tablecloth,scarlet-violet,"A tablecloth with a fashionable diamond pattern. It's great at repelling water and mold, and stains and smudges wipe right off."
diancite,legends-za,One of a variety of mysterious Mega Stones. A Diancie holding this stone will be able to Mega Evolve during battle.
diancite,omega-ruby-alpha-sapphire,"One of a variety of mysterious Mega Stones. Have Diancie hold it, and this stone will enable it to Mega Evolve during battle."
diancite,sun-moon,"One of a variety of mysterious Mega Stones. Have Diancie hold it, and this stone will enable it to Mega Evolve during battle."
diancite,ultra-sun-ultra-moon,"One of a variety of mysterious Mega Stones. Have Diancie hold it, and this stone will enable it to Mega Evolve during battle."
digger-drill,brilliant-diamond,A single-use drill to bore a hole in the wall for your Secret Base.
digger-drill,diamond,A single-use drill to drill a hole in the wall for your Secret Base.
digger-drill,pearl,A single-use drill to drill a hole in the wall for your Secret Base.
digger-drill,platinum,A single-use drill to drill a hole in the wall for your Secret Base.
digger-drill,shining-pearl,A single-use drill to bore a hole in the wall for your Secret Base.
dire-hit,scarlet-violet,An item that can be used once to sharply boost the critical-hit ratio of a Pokémon in battle. This effect disappears if the Pokémon leaves the battle.
dire-hit,sword-shield,An item that greatly raises the critical-hit ratio of a Pokémon during a battle. It can be used only once and wears off if the Pokémon is withdrawn.
dire-hit-2,black-2-white-2,It can be used many times to raise the critical-hit ratio of one Pokémon. It wears off if the Pokémon is withdrawn.
dire-hit-2,black-white,It can be used many times to raise the critical-hit ratio of one Pokémon. It wears off if the Pokémon is withdrawn.
dire-hit-2,scarlet-violet,Can be used many times to boost a Pokémon's critical-hit ratio. These effects disappear if the Pokémon leaves the battle.
dire-hit-3,black-2-white-2,It can be used many times to greatly raise a Pokémon's critical-hit ratio. It wears off if the Pokémon is withdrawn.
dire-hit-3,black-white,It can be used many times to greatly raise a Pokémon's critical-hit ratio. It wears off if the Pokémon is withdrawn.
dire-hit-3,scarlet-violet,Can be used many times to greatly boost a Pokémon's critical-hit ratio. These effects disappear if the Pokémon leaves the battle.
direshroom,legends-arceus,"Mushrooms that, when consumed, sharpen the eater’s focus. They make it easier to land critical hits and are one of the materials needed for crafting Dire Hits."
direshroom,scarlet-violet,"Mushrooms that, when consumed, sharpen the eater’s focus. They make it easier to land critical hits and are one of the materials needed for crafting Dire Hits."
discount-coupon,brilliant-diamond-shining-pearl,This special coupon allows you to buy items at a discount when you are shopping at a boutique.
discount-coupon,legends-arceus,This special coupon allows you to buy items at a discount when you are shopping at a boutique.
discount-coupon,lets-go-pikachu-lets-go-eevee,This special coupon allows you to buy items at a discount when you are shopping at a boutique.
discount-coupon,omega-ruby-alpha-sapphire,This special coupon allows you to buy items at a discount when you are shopping at a boutique.
discount-coupon,scarlet-violet,This special coupon allows you to buy items at a discount when you are shopping at a boutique.
discount-coupon,sun-moon,This special coupon allows you to buy items at a discount when you are shopping at a boutique.
discount-coupon,sword-shield,This special coupon allows you to buy items at a discount when you are shopping at a boutique.
discount-coupon,ultra-sun-ultra-moon,This special coupon allows you to buy items at a discount when you are shopping at a boutique.
discount-coupon,x-y,This special coupon allows you to buy items at a discount when you are shopping at a boutique.
discovery-slate,brilliant-diamond-shining-pearl,A slate overflowing with enigmatic energy. You can feel a strong connection between it and the Discovery Room at Ramanas Park.
discovery-slate,scarlet-violet,A slate overflowing with enigmatic energy. You can feel a strong connection between it and the Discovery Room at Ramanas Park.
distortion-slate,brilliant-diamond-shining-pearl,A slate overflowing with enigmatic energy. You can feel a strong connection between it and the Distortion Room at Ramanas Park.
distortion-slate,scarlet-violet,A slate overflowing with enigmatic energy. You can feel a strong connection between it and the Distortion Room at Ramanas Park.
dive-ball,black-2-white-2,A somewhat different Poké Ball that works especially well on Pokémon that live underwater.
dive-ball,black-white,A somewhat different Poké Ball that works especially well on Pokémon that live underwater.
dive-ball,diamond-pearl,A somewhat different Poké Ball that works especially well on Pokémon that live in the sea.
dive-ball,emerald,A Ball that works better on Pokémon on the ocean floor.
dive-ball,firered-leafgreen,A somewhat different Ball that works especially well on Pokémon deep in the sea.
dive-ball,platinum,A somewhat different Poké Ball that works especially well on Pokémon that live in the sea.
dive-ball,ruby-sapphire,A Ball that works better on Pokémon on the ocean floor.
dive-ball,scarlet-violet,A somewhat different Poké Ball that is more effective when catching Pokémon in or on the water.
dna-splicers,black-2-white-2,A splicer that fuses Kyurem and a certain Pokémon. They are said to have been one in the beginning.
dna-splicers,scarlet-violet,A splicer that fuses Kyurem and a certain Pokémon. They are said to have originally been one.
dome-fossil,diamond-pearl,A fossil of an ancient Pokémon that lived in the sea. It appears to be part of a shell.
dome-fossil,emerald,A piece of an ancient marine Pokémon's shell.
dome-fossil,firered-leafgreen,"A fossil of an ancient, seafloor-dwelling Pokémon. It appears to be part of a shell."
dome-fossil,scarlet-violet,A fossil from a prehistoric Pokémon that once lived in the sea. It could be a shell or carapace.
doppel-bonnets,legends-arceus,"Mushrooms that, when consumed, make the eater feel nimble and agile as a fleeting shadow. They are one of the materials needed for crafting Aux Evasions."
doppel-bonnets,scarlet-violet,"Mushrooms that, when consumed, make the eater feel nimble and agile as a fleeting shadow. They are one of the materials needed for crafting Aux Evasions."
douse-drive,black-2-white-2,A cassette to be held by Genesect. It changes Techno Blast to a Water-type move.
douse-drive,black-white,A cassette to be held by Genesect. It changes Techno Blast to a Water-type move.
douse-drive,brilliant-diamond-shining-pearl,A cassette to be held by Genesect. It changes Genesect's Techno Blast move so it becomes Water type.
douse-drive,legends-arceus,A cassette to be held by Genesect. It changes Genesect's Techno Blast move so it becomes Water type.
douse-drive,legends-za,A cassette to be held by Genesect. It changes Genesect's Techno Blast move so it becomes Water type.
douse-drive,omega-ruby-alpha-sapphire,A cassette to be held by Genesect. It changes Genesect's Techno Blast move so it becomes Water type.
douse-drive,scarlet-violet,A cassette to be held by Genesect. It changes Genesect's Techno Blast move so it becomes Water type.
douse-drive,sun-moon,A cassette to be held by Genesect. It changes Genesect's Techno Blast move so it becomes Water type.
douse-drive,sword-shield,A cassette to be held by Genesect. It changes Genesect's Techno Blast move so it becomes Water type.
douse-drive,ultra-sun-ultra-moon,A cassette to be held by Genesect. It changes Genesect's Techno Blast move so it becomes Water type.
douse-drive,x-y,A cassette to be held by Genesect. It changes Genesect's Techno Blast move so it becomes Water type.
dowsing-machine,firered-leafgreen,"A device used for finding items. If there is a hidden item nearby when it is used, it emits a signal."
dowsing-machine,gold-silver,Checks for unseen items in the area.
dowsing-machine,heartgold-soulsilver,It checks for unseen items in the area and makes noise and lights when it finds something.
dowsing-machine,omega-ruby-alpha-sapphire,This high-tech machine shows the location of invisible items. It's attached to the head when in use.
dowsing-machine,ruby-sapphire,A device that signals an invisible item by sound.
dowsing-machine,scarlet-violet,The latest device for showing the location of hidden items. It's worn on the head when in use.
dowsing-machine,stadium,A machine for searching for items on the ground.
dowsing-machine,x-y,It searches for hidden items in the area and emits different lights and sounds when it detects something.
draco-plate,diamond-pearl,An item to be held by a Pokémon. It is a stone tablet that boosts the power of Dragon-type moves.
draco-plate,legends-arceus,"A stone tablet imbued with the essence of dragons. When used on a certain Pokémon, it allows that Pokémon to gain the power of the Dragon type."
draco-plate,platinum,An item to be held by a Pokémon. It is a stone tablet that boosts the power of Dragon-type moves.
draco-plate,scarlet-violet,An item to be held by a Pokémon. This stone tablet is imbued with the essence of dragons and boosts the power of the holder’s Dragon-type moves.
draco-plate,x-y,An item to be held by a Pokémon. It's a stone tablet that boosts the power of Dragon-type moves.
dragalgite,legends-za,One of a variety of mysterious Mega Stones. A Dragalge holding this stone will be able to Mega Evolve during battle.
dragon-fang,crystal,Powers up Dragon-type moves. (HOLD)
dragon-fang,gold-silver,Powers up Dragon-type moves. (HOLD)
dragon-fang,scarlet-violet,"An item to be held by a Pokémon. This hard, sharp fang boosts the power of the holder's Dragon-type moves."
dragon-gem,black-2-white-2,"A gem with a draconic essence. When held, it strengthens the power of a Dragon-type move only once."
dragon-gem,black-white,"A gem with a draconic essence. When held, it strengthens the power of a Dragon-type move only once."
dragon-gem,omega-ruby-alpha-sapphire,"A gem with a draconic essence. When held, it strengthens the power of a Dragon-type move one time."
dragon-gem,scarlet-violet,An item to be held by a Pokémon. This gem is imbued with the essence of dragons and will boost the power of a Dragon-type move—but only once.
dragon-gem,sun-moon,"A gem with a draconic essence. When held, it strengthens the power of a Dragon-type move one time."
dragon-gem,ultra-sun-ultra-moon,"A gem with a draconic essence. When held, it strengthens the power of a Dragon-type move one time."
dragon-gem,x-y,"A gem with a draconic essence. When held, it strengthens the power of a Dragon-type move one time."
dragon-memory,brilliant-diamond-shining-pearl,A memory disc that contains Dragon-type data. It changes the type of the holder if held by a certain species of Pokémon.
dragon-memory,legends-arceus,A memory disc that contains Dragon-type data. It changes the type of the holder if held by a certain species of Pokémon.
dragon-memory,lets-go-pikachu-lets-go-eevee,A memory disc that contains Dragon-type data. It changes the type of the holder if held by a certain species of Pokémon.
dragon-memory,scarlet-violet,A memory disc that contains Dragon-type data. It changes the type of the holder if held by a certain species of Pokémon.
dragon-memory,sun-moon,A memory disc that contains Dragon-type data. It changes the type of the holder if held by a certain species of Pokémon.
dragon-memory,sword-shield,A memory disc that contains Dragon-type data. It changes the type of the holder if held by a certain species of Pokémon.
dragon-memory,ultra-sun-ultra-moon,A memory disc that contains Dragon-type data. It changes the type of the holder if held by a certain species of Pokémon.
dragon-scale,crystal,A rare dragon-type item.
dragon-scale,diamond-pearl,A thick and tough scale. Dragon-type Pokémon may be holding this item when caught.
dragon-scale,emerald,A strange scale held by Dragon-type Pokémon.
dragon-scale,firered-leafgreen,A thick and tough scale. A Dragon-type Pokémon may be holding it.
dragon-scale,gold-silver,A rare dragon-type item.
dragon-scale,ruby-sapphire,A strange scale held by Dragon-type Pokémon.
dragon-scale,x-y,A very tough and inflexible scale. Dragon-type Pokémon may be holding this item when caught.
dragon-skull,black-white,A skull of a Pokémon which was said to have braved the angry waters to fly around the world.
dragon-skull,brilliant-diamond-shining-pearl,A skull of a Pokémon that was said to have braved the angry waters to fly around the world.
dragon-skull,legends-arceus,A skull of a Pokémon that was said to have braved the angry waters to fly around the world.
dragon-skull,omega-ruby-alpha-sapphire,A skull of a Pokémon that was said to have braved the angry waters to fly around the world.
dragon-skull,scarlet-violet,The skull of a Pokémon that was said to have braved the raging seas to fly around the world.
dragon-skull,sun-moon,A skull of a Pokémon that was said to have braved the angry waters to fly around the world.
dragon-skull,sword-shield,A skull of a Pokémon that was said to have braved the angry waters to fly around the world.
dragon-skull,ultra-sun-ultra-moon,A skull of a Pokémon that was said to have braved the angry waters to fly around the world.
dragon-skull,x-y,A skull of a Pokémon which was said to have braved the angry waters to fly around the world.
dragon-tera-shard,scarlet-violet,"On rare occasions, these shards form when a Tera Pokémon falls in battle and its Tera Jewel shatters."
dragoninite,legends-za,One of a variety of mysterious Mega Stones. A Dragonite holding this stone will be able to Mega Evolve during battle.
dragonium-z,brilliant-diamond-shining-pearl,It converts Z-Power into crystals that upgrade Dragon-type moves to Dragon-type Z-Moves.
dragonium-z,legends-arceus,It converts Z-Power into crystals that upgrade Dragon-type moves to Dragon-type Z-Moves.
dragonium-z,lets-go-pikachu-lets-go-eevee,It converts Z-Power into crystals that upgrade Dragon-type moves to Dragon-type Z-Moves.
dragonium-z,scarlet-violet,It converts Z-Power into crystals that upgrade Dragon-type moves to Dragon-type Z-Moves.
dragonium-z,sun-moon,It converts Z-Power into crystals that upgrade Dragon-type moves to Dragon-type Z-Moves.
dragonium-z,sword-shield,It converts Z-Power into crystals that upgrade Dragon-type moves to Dragon-type Z-Moves.
dragonium-z,ultra-sun-ultra-moon,It converts Z-Power into crystals that upgrade Dragon-type moves to Dragon-type Z-Moves.
drampanite,legends-za,One of a variety of mysterious Mega Stones. A Drampa holding this stone will be able to Mega Evolve during battle.
dread-plate,brilliant-diamond-shining-pearl,An item to be held by a Pokémon. It's a stone tablet that boosts the power of Dark-type moves.
dread-plate,diamond-pearl,An item to be held by a Pokémon. It is a stone tablet that boosts the power of Dark-type moves.
dread-plate,legends-arceus,"A stone tablet imbued with the essence of darkness. When used on a certain Pokémon, it allows that Pokémon to gain the power of the Dark type."
dread-plate,omega-ruby-alpha-sapphire,An item to be held by a Pokémon. It's a stone tablet that boosts the power of Dark-type moves.
dread-plate,platinum,An item to be held by a Pokémon. It is a stone tablet that boosts the power of Dark-type moves.
dread-plate,scarlet-violet,An item to be held by a Pokémon. This stone tablet is imbued with the essence of darkness and boosts the power of the holder’s Dark-type moves.
dread-plate,sun-moon,An item to be held by a Pokémon. It's a stone tablet that boosts the power of Dark-type moves.
dread-plate,sword-shield,An item to be held by a Pokémon. It's a stone tablet that boosts the power of Dark-type moves.
dread-plate,ultra-sun-ultra-moon,An item to be held by a Pokémon. It's a stone tablet that boosts the power of Dark-type moves.
dread-plate,x-y,An item to be held by a Pokémon. It's a stone tablet that boosts the power of Dark-type moves.
dream-ball,black-2-white-2,A special Poké Ball that appears out of nowhere in a bag at the Entree Forest. It can catch any Pokémon.
dream-ball,black-white,A special Poké Ball that appears out of nowhere in a bag at the Entree Forest. It can catch any Pokémon.
dream-ball,brilliant-diamond-shining-pearl,A somewhat different Poké Ball that makes it easier to catch wild Pokémon while they're asleep.
dream-ball,legends-arceus,A somewhat different Poké Ball that makes it easier to catch wild Pokémon while they're asleep.
dream-ball,legends-za,A somewhat different Poké Ball that is more effective when catching Pokémon that are drowsy.
dream-ball,lets-go-pikachu-lets-go-eevee,A special Poké Ball that appears in your Bag out of nowhere in the Entree Forest. It can catch any Pokémon.
dream-ball,omega-ruby-alpha-sapphire,A special Poké Ball that appears in your Bag out of nowhere in the Entree Forest. It can catch any Pokémon.
dream-ball,scarlet-violet,A somewhat different Poké Ball that is more effective when catching Pokémon that are asleep.
dream-ball,sun-moon,A special Poké Ball that appears in your Bag out of nowhere in the Entree Forest. It can catch any Pokémon.
dream-ball,sword-shield,A somewhat different Poké Ball that makes it easier to catch wild Pokémon while they're asleep.
dream-ball,ultra-sun-ultra-moon,A special Poké Ball that appears in your Bag out of nowhere in the Entree Forest. It can catch any Pokémon.
dream-ball,x-y,A special Poké Ball that appears in your Bag out of nowhere in the Entree Forest. It can catch any Pokémon.
dream-mail,emerald,Mail featuring a sketch of the holding Pokémon.
dream-mail,firered,A piece of Mail to be held by a Pokémon. It will bear the print of the Pokémon holding it.
dream-mail,leafgreen,A piece of Mail to be held by a Pokémon. It will bear the print of the Pokémon holding it.
dream-mail,ruby,Mail featuring a sketch of the holding Pokémon.
dream-mail,sapphire,Mail featuring a sketch of the holding Pokémon.
dropped-item,black-2-white-2,The Xtransceiver found at the Nimbasa City amusement park. It seems it belongs to a boy. The Xtransceiver found at the Nimbasa City amusement park. It seems it belongs to a girl.
dropped-item,brilliant-diamond-shining-pearl,The Xtransceiver found at the Nimbasa City amusement park. It seems it belongs to a boy. The Xtransceiver found at the Nimbasa City amusement park. It seems it belongs to a girl.
dropped-item,legends-arceus,The Xtransceiver found at the Nimbasa City amusement park. It seems it belongs to a boy. The Xtransceiver found at the Nimbasa City amusement park. It seems it belongs to a girl.
dropped-item,omega-ruby-alpha-sapphire,The Xtransceiver found at the Nimbasa City amusement park. It seems it belongs to a boy. The Xtransceiver found at the Nimbasa City amusement park. It seems it belongs to a girl.
dropped-item,scarlet-violet,The Xtransceiver found at the Nimbasa City amusement park. It seems it belongs to a boy. The Xtransceiver found at the Nimbasa City amusement park. It seems it belongs to a girl.
dropped-item,sun-moon,The Xtransceiver found at the Nimbasa City amusement park. It seems it belongs to a boy. The Xtransceiver found at the Nimbasa City amusement park. It seems it belongs to a girl.
dropped-item,sword-shield,The Xtransceiver found at the Nimbasa City amusement park. It seems it belongs to a boy. The Xtransceiver found at the Nimbasa City amusement park. It seems it belongs to a girl.
dropped-item,ultra-sun-ultra-moon,The Xtransceiver found at the Nimbasa City amusement park. It seems it belongs to a boy. The Xtransceiver found at the Nimbasa City amusement park. It seems it belongs to a girl.
dropped-item,x-y,The Xtransceiver found at the Nimbasa City amusement park. It seems it belongs to a boy. The Xtransceiver found at the Nimbasa City amusement park. It seems it belongs to a girl.
ds-sounds,brilliant-diamond-shining-pearl,A music player that allows you to listen to nostalgic songs. It's operated with the flip of a single switch.
ds-sounds,scarlet-violet,A music player that allows you to listen to nostalgic songs. It's operated with the flip of a single switch.
dubious-disc,diamond-pearl,A transparent device overflowing with dubious data. Its producer is unknown.
dubious-disc,legends-arceus,A transparent device overflowing with dubious data. It's loved by a certain Pokémon.
dubious-disc,platinum,A transparent device overflowing with dubious data. Its producer is unknown.
durin-berry,black-white,A Berry which is very rare in the Unova region. A maniac will buy it for a high price.
durin-berry,diamond-pearl,A Poffin ingredient. Bury it in soft soil to grow a Durin Plant.
durin-berry,emerald,Pokéblock ingredient. Plant in loamy soil to grow Durin.
durin-berry,omega-ruby-alpha-sapphire,"Used to make Pokéblocks that will enhance your Cleverness, this Berry is rare in other regions."
durin-berry,platinum,A Poffin ingredient. Bury it in soft soil to grow a Durin Plant.
durin-berry,ruby-sapphire,Pokéblock ingredient. Plant in loamy soil to grow Durin.
durin-berry,scarlet-violet,Used to make Pokéblocks that will enhance Cleverness. This Berry is rare in other regions.
durin-berry,x-y,A Berry to be used in cooking. This Berry is very rare and hard to obtain in the Unova region.
dusk-ball,black-2-white-2,A somewhat different Poké Ball that makes it easier to catch wild Pokémon at night or in dark places like caves.
dusk-ball,black-white,A somewhat different Poké Ball that makes it easier to catch wild Pokémon at night or in dark places like caves.
dusk-ball,brilliant-diamond-shining-pearl,A somewhat different Poké Ball that makes it easier to catch wild Pokémon at night or in dark places such as caves.
dusk-ball,diamond-pearl,A somewhat different Poké Ball that makes it easier to catch wild Pokémon at night or in dark places like caves.
dusk-ball,heartgold-soulsilver,A somewhat different Poké Ball that makes it easier to catch wild Pokémon at night or in dark places like caves.
dusk-ball,legends-arceus,A somewhat different Poké Ball that makes it easier to catch wild Pokémon at night or in dark places such as caves.
dusk-ball,legends-za,A somewhat different Poké Ball that is more effective when catching Pokémon at night.
dusk-ball,lets-go-pikachu-lets-go-eevee,A somewhat different Poké Ball that makes it easier to catch wild Pokémon at night or in dark places such as caves.
dusk-ball,omega-ruby-alpha-sapphire,A somewhat different Poké Ball that makes it easier to catch wild Pokémon at night or in dark places like caves.
dusk-ball,platinum,A somewhat different Poké Ball that makes it easier to catch wild Pokémon at night or in dark places like caves.
dusk-ball,scarlet-violet,"A somewhat different Poké Ball that is more effective when catching Pokémon at night or in dark places, such as caves."
dusk-ball,sun-moon,A somewhat different Poké Ball that makes it easier to catch wild Pokémon at night or in dark places like caves.
dusk-ball,sword-shield,A somewhat different Poké Ball that makes it easier to catch wild Pokémon at night or in dark places such as caves.
dusk-ball,ultra-sun-ultra-moon,A somewhat different Poké Ball that makes it easier to catch wild Pokémon at night or in dark places like caves.
dusk-ball,x-y,A somewhat different Poké Ball that makes it easier to catch wild Pokémon at night or in dark places like caves.
dusk-stone,brilliant-diamond-shining-pearl,A peculiar stone that can make certain species of Pokémon evolve. It holds shadows as dark as can be.
dusk-stone,diamond-pearl,A peculiar stone that makes certain species of Pokémon evolve. It is as dark as dark can be.
dusk-stone,heartgold-soulsilver,A peculiar stone that makes certain species of Pokémon evolve. It is as dark as dark can be.
dusk-stone,legends-arceus,A peculiar stone that can make certain species of Pokémon evolve. It holds shadows as dark as can be.
dusk-stone,legends-za,A peculiar stone that can make certain species of Pokémon evolve. It holds dark shadows within it.
dusk-stone,omega-ruby-alpha-sapphire,A peculiar stone that can make certain species of Pokémon evolve. It holds shadows as dark as can be.
dusk-stone,platinum,A peculiar stone that makes certain species of Pokémon evolve. It is as dark as dark can be.
dusk-stone,scarlet-violet,A peculiar stone that can make certain species of Pokémon evolve. It holds dark shadows within it.
dusk-stone,sun-moon,A peculiar stone that can make certain species of Pokémon evolve. It holds shadows as dark as can be.
dusk-stone,sword-shield,A peculiar stone that can make certain species of Pokémon evolve. It holds shadows as dark as can be.
dusk-stone,ultra-sun-ultra-moon,A peculiar stone that can make certain species of Pokémon evolve. It holds shadows as dark as can be.
dusk-stone,x-y,A peculiar stone that can make certain species of Pokémon evolve. It holds shadows as dark as can be.
dynamax-band,brilliant-diamond-shining-pearl,A Wishing Star has been affixed to it. It lets out a light that allows Pokémon to Dynamax when at a Power Spot.
dynamax-band,legends-arceus,A Wishing Star has been affixed to it. It lets out a light that allows Pokémon to Dynamax when at a Power Spot.
dynamax-band,scarlet-violet,A Wishing Star has been affixed to it. It lets out a light that allows Pokémon to Dynamax when at a Power Spot.
dynamax-band,sword-shield,A Wishing Star has been affixed to it. It lets out a light that allows Pokémon to Dynamax when at a Power Spot.
dynamax-candy,brilliant-diamond-shining-pearl,"A candy that is packed with energy. When consumed, it will raise the Dynamax Level of a single Pokémon by one. A higher level means higher HP when Dynamaxed."
dynamax-candy,legends-arceus,"A candy that is packed with energy. When consumed, it will raise the Dynamax Level of a single Pokémon by one. A higher level means higher HP when Dynamaxed."
dynamax-candy,scarlet-violet,"A candy that is packed with energy. If consumed, it raises the Dynamax Level of a Pokémon by one. A higher level means higher HP when Dynamaxed."
dynamax-candy,sword-shield,"A candy that is packed with energy. When consumed, it will raise the Dynamax Level of a single Pokémon by one. A higher level means higher HP when Dynamaxed."
dynamax-crystal,sword-shield,An item that causes <Pokémon> to appear from the Watchtower Lair in the Wild Area until the end of the day.
dynite-ore,brilliant-diamond-shining-pearl,Mysterious ore that can be obtained in the Max Lair. Something good will happen if you give it to a collector in the Crown Tundra.
dynite-ore,legends-arceus,Mysterious ore that can be obtained in the Max Lair. Something good will happen if you give it to a collector in the Crown Tundra.
dynite-ore,scarlet-violet,Mysterious ore that can be obtained in the Max Lair. Something good will happen if you give it to a collector in the Crown Tundra.
dynite-ore,sword-shield,Mysterious ore that can be obtained in the Max Lair. Something good will happen if you give it to a collector in the Crown Tundra.
earth-plate,black-2-white-2,An item to be held by a Pokémon. It is a stone tablet that boosts the power of Ground-type moves.
earth-plate,black-white,An item to be held by a Pokémon. It is a stone tablet that boosts the power of Ground-type moves.
earth-plate,brilliant-diamond-shining-pearl,An item to be held by a Pokémon. It's a stone tablet that boosts the power of Ground-type moves.
earth-plate,diamond-pearl,An item to be held by a Pokémon. It is a stone tablet that boosts the power of Ground-type moves.
earth-plate,heartgold-soulsilver,An item to be held by a Pokémon. It is a stone tablet that boosts the power of Ground-type moves.
earth-plate,legends-arceus,"A stone tablet imbued with the essence of the earth. When used on a certain Pokémon, it allows that Pokémon to gain the power of the Ground type."
earth-plate,omega-ruby-alpha-sapphire,An item to be held by a Pokémon. It's a stone tablet that boosts the power of Ground-type moves.
earth-plate,platinum,An item to be held by a Pokémon. It is a stone tablet that boosts the power of Ground-type moves.
earth-plate,scarlet-violet,An item to be held by a Pokémon. This stone tablet is imbued with the essence of the earth and boosts the power of the holder’s Ground-type moves.
earth-plate,sun-moon,An item to be held by a Pokémon. It's a stone tablet that boosts the power of Ground-type moves.
earth-plate,sword-shield,An item to be held by a Pokémon. It's a stone tablet that boosts the power of Ground-type moves.
earth-plate,ultra-sun-ultra-moon,An item to be held by a Pokémon. It's a stone tablet that boosts the power of Ground-type moves.
earth-plate,x-y,An item to be held by a Pokémon. It's a stone tablet that boosts the power of Ground-type moves.
eelektrossite,legends-za,One of a variety of mysterious Mega Stones. A Eelektross holding this stone will be able to Mega Evolve during battle.
eevee-cup,scarlet-violet,"A cup for big-time Pokémon fans. Kids will happily drink out of it, making it a boon to parents."
eevium-z,brilliant-diamond-shining-pearl,It converts Z-Power into crystals that upgrade Eevee's Last Resort to an exclusive Z-Move.
eevium-z,legends-arceus,It converts Z-Power into crystals that upgrade Eevee's Last Resort to an exclusive Z-Move.
eevium-z,lets-go-pikachu-lets-go-eevee,It converts Z-Power into crystals that upgrade Eevee's Last Resort to an exclusive Z-Move.
eevium-z,scarlet-violet,It converts Z-Power into crystals that upgrade Eevee's Last Resort to a Z-Move.
eevium-z,sun-moon,It converts Z-Power into crystals that upgrade Eevee's Last Resort to an exclusive Z-Move.
eevium-z,sword-shield,It converts Z-Power into crystals that upgrade Eevee's Last Resort to an exclusive Z-Move.
eevium-z,ultra-sun-ultra-moon,It converts Z-Power into crystals that upgrade Eevee's Last Resort to an exclusive Z-Move.
egg,scarlet-violet,An ingredient with a touch of saltiness. It's full of nutrients and can be enjoyed with all sorts of seasonings.
egg-ticket,crystal,May use at Goldenrod trade corner.
eggant-berry,ruby-sapphire,Pokéblock ingredient. Plant in loamy soil to grow a mystery.
eject-button,black-2-white-2,"If the holder is hit by an attack, it will switch with another Pokémon in your party."
eject-button,black-white,"If the holder is hit by an attack, it will switch with another Pokémon in your party."
eject-button,brilliant-diamond-shining-pearl,"An item to be held by a Pokémon. If the holder is hit by an attack, it will be switched out of battle."
eject-button,legends-arceus,"An item to be held by a Pokémon. If the holder is hit by an attack, it will be switched out of battle."
eject-button,lets-go-pikachu-lets-go-eevee,"An item to be held by a Pokémon. If the holder is hit by an attack, it will be switched out of battle."
eject-button,omega-ruby-alpha-sapphire,"An item to be held by a Pokémon. If the holder is hit by an attack, it will be switched out of battle."
eject-button,scarlet-violet,"An item to be held by a Pokémon. If the holder is damaged by an attack, it will be switched out of battle to be replaced by another Pokémon on your team."
eject-button,sun-moon,"An item to be held by a Pokémon. If the holder is hit by an attack, it will be switched out of battle."
eject-button,sword-shield,"An item to be held by a Pokémon. If the holder is hit by an attack, it will be switched out of battle."
eject-button,ultra-sun-ultra-moon,"An item to be held by a Pokémon. If the holder is hit by an attack, it will be switched out of battle."
eject-button,x-y,"An item to be held by a Pokémon. If the holder is hit by an attack, it will be switched out of battle."
eject-pack,brilliant-diamond-shining-pearl,"An item to be held by a Pokémon. When the holder's stats are lowered, it will be switched out of battle."
eject-pack,legends-arceus,"An item to be held by a Pokémon. When the holder's stats are lowered, it will be switched out of battle."
eject-pack,scarlet-violet,"An item to be held by a Pokémon. If the holder's stats are lowered, it will be switched out of battle."
eject-pack,sword-shield,"An item to be held by a Pokémon. When the holder's stats are lowered, it will be switched out of battle."
electirizer,black-2-white-2,A box packed with a tremendous amount of electric energy. It is loved by a certain Pokémon.
electirizer,black-white,A box packed with a tremendous amount of electric energy. It is loved by a certain Pokémon.
electirizer,brilliant-diamond-shining-pearl,A box packed with a tremendous amount of electric energy. It's loved by a certain Pokémon.
electirizer,diamond-pearl,A box packed with a tremendous amount of electric energy. It is loved by a certain Pokémon.
electirizer,heartgold-soulsilver,A box packed with a tremendous amount of electric energy. It is loved by a certain Pokémon.
electirizer,legends-arceus,A box packed with a tremendous amount of electric energy. It's loved by a certain Pokémon.
electirizer,lets-go-pikachu-lets-go-eevee,A box packed with a tremendous amount of electric energy. It's loved by a certain Pokémon.
electirizer,omega-ruby-alpha-sapphire,A box packed with a tremendous amount of electric energy. It's loved by a certain Pokémon.
electirizer,platinum,A box packed with a tremendous amount of electric energy. It is loved by a certain Pokémon.
electirizer,scarlet-violet,A box packed with a tremendous amount of electric energy. It's loved by a certain Pokémon.
electirizer,sun-moon,A box packed with a tremendous amount of electric energy. It's loved by a certain Pokémon.
electirizer,sword-shield,A box packed with a tremendous amount of electric energy. It's loved by a certain Pokémon.
electirizer,ultra-sun-ultra-moon,A box packed with a tremendous amount of electric energy. It's loved by a certain Pokémon.
electirizer,x-y,A box packed with a tremendous amount of electric energy. It's loved by a certain Pokémon.
electric-gem,black-2-white-2,"A gem with an essence of electricity. When held, it strengthens the power of an Electric-type move only once."
electric-gem,black-white,"A gem with an essence of electricity. When held, it strengthens the power of an Electric-type move only once."
electric-gem,omega-ruby-alpha-sapphire,"A gem with an essence of electricity. When held, it strengthens the power of an Electric-type move one time."
electric-gem,scarlet-violet,An item to be held by a Pokémon. This gem is imbued with the essence of electricity and will boost the power of an Electric-type move—but only once.
electric-gem,sun-moon,"A gem with an essence of electricity. When held, it strengthens the power of an Electric-type move one time."
electric-gem,ultra-sun-ultra-moon,"A gem with an essence of electricity. When held, it strengthens the power of an Electric-type move one time."
electric-gem,x-y,"A gem with an essence of electricity. When held, it strengthens the power of an Electric-type move one time."
electric-memory,brilliant-diamond-shining-pearl,A memory disc that contains Electric-type data. It changes the type of the holder if held by a certain species of Pokémon.
electric-memory,legends-arceus,A memory disc that contains Electric-type data. It changes the type of the holder if held by a certain species of Pokémon.
electric-memory,scarlet-violet,A memory disc that contains Electric-type data. It changes the type of the holder if held by a certain species of Pokémon.
electric-memory,sun-moon,A memory disc that contains Electric-type data. It changes the type of the holder if held by a certain species of Pokémon.
electric-memory,sword-shield,A memory disc that contains Electric-type data. It changes the type of the holder if held by a certain species of Pokémon.
electric-memory,ultra-sun-ultra-moon,A memory disc that contains Electric-type data. It changes the type of the holder if held by a certain species of Pokémon.
electric-seed,brilliant-diamond-shining-pearl,An item to be held by a Pokémon. It boosts Defense on Electric Terrain. It can only be used once.
electric-seed,legends-arceus,An item to be held by a Pokémon. It boosts Defense on Electric Terrain. It can only be used once.
electric-seed,lets-go-pikachu-lets-go-eevee,An item to be held by a Pokémon. It boosts Defense on Electric Terrain. It can only be used once.
electric-seed,scarlet-violet,"An item to be held by a Pokémon. If the terrain becomes Electric Terrain, the holder will use this seed to boost its own Defense stat."
electric-seed,sun-moon,An item to be held by a Pokémon. It boosts Defense on Electric Terrain. It can only be used once.
electric-seed,sword-shield,An item to be held by a Pokémon. It boosts Defense on Electric Terrain. It can only be used once.
electric-seed,ultra-sun-ultra-moon,An item to be held by a Pokémon. It boosts Defense on Electric Terrain. It can only be used once.
electric-tera-shard,scarlet-violet,"On rare occasions, these shards form when a Tera Pokémon falls in battle and its Tera Jewel shatters."
electrium-z,brilliant-diamond-shining-pearl,It converts Z-Power into crystals that upgrade Electric-type moves to Electric-type Z-Moves.
electrium-z,legends-arceus,It converts Z-Power into crystals that upgrade Electric-type moves to Electric-type Z-Moves.
electrium-z,lets-go-pikachu-lets-go-eevee,It converts Z-Power into crystals that upgrade Electric-type moves to Electric-type Z-Moves.
electrium-z,scarlet-violet,It converts Z-Power into crystals that upgrade Electric-type moves to Electric-type Z-Moves.
electrium-z,sun-moon,It converts Z-Power into crystals that upgrade Electric-type moves to Electric-type Z-Moves.
electrium-z,sword-shield,It converts Z-Power into crystals that upgrade Electric-type moves to Electric-type Z-Moves.
electrium-z,ultra-sun-ultra-moon,It converts Z-Power into crystals that upgrade Electric-type moves to Electric-type Z-Moves.
elevator-key,brilliant-diamond-shining-pearl,A card key that activates the elevator in Lysandre Labs. It is emblazoned with Team Flare's logo.
elevator-key,legends-arceus,A card key that activates the elevator in Lysandre Labs. It is emblazoned with Team Flare's logo.
elevator-key,legends-za,A key card that activates the elevator in Lysandre Labs. It is emblazoned with Team Flare's logo.
elevator-key,lets-go-pikachu-lets-go-eevee,A card key that activates the elevator in Lysandre Labs. It is emblazoned with Team Flare's logo.
elevator-key,omega-ruby-alpha-sapphire,A card key that activates the elevator in Lysandre Labs. It is emblazoned with Team Flare's logo.
elevator-key,scarlet-violet,A card key that activates the elevator in Lysandre Labs. It is emblazoned with Team Flare's logo.
elevator-key,sun-moon,A card key that activates the elevator in Lysandre Labs. It is emblazoned with Team Flare's logo.
elevator-key,sword-shield,A card key that activates the elevator in Lysandre Labs. It is emblazoned with Team Flare's logo.
elevator-key,ultra-sun-ultra-moon,A card key that activates the elevator in Lysandre Labs. It is emblazoned with Team Flare's logo.
elevator-key,x-y,A card key that activates the elevator in Lysandre Labs. It is emblazoned with Team Flare's logo.
elixir,diamond-pearl,It restores the PP of all the moves learned by the targeted Pokémon by 10 points each.
elixir,gold-silver,Restores PP of all moves by 10.
elixir,ruby-sapphire,Restores the PP of all moves by 10.
elixir,scarlet-violet,A medicine that can be used to restore 10 PP to all four moves that a Pokémon knows.
elixir,x-y,This medicine can restore 10 PP to each of the moves that have been learned by a Pokémon.
emboarite,legends-za,One of a variety of mysterious Mega Stones. An Emboar holding this stone will be able to Mega Evolve during battle.
endorsement,brilliant-diamond-shining-pearl,A letter of recommendation that you'll need in order to participate in the Gym Challenge.
endorsement,legends-arceus,A letter of recommendation that you'll need in order to participate in the Gym Challenge.
endorsement,scarlet-violet,A letter of recommendation that you'll need in order to participate in the Gym Challenge.
endorsement,sword-shield,A letter of recommendation that you'll need in order to participate in the Gym Challenge.
energy-powder,crystal,Restores Pokémon HP by 50. Bitter.
energy-powder,diamond-pearl,A very bitter medicine powder. It restores the HP of one Pokémon by 50 points.
energy-powder,emerald,A bitter powder that restores HP by 50 points.
energy-powder,gold-silver,Restores Pokémon HP by 50. Bitter.
energy-powder,platinum,A very bitter medicine powder. It restores the HP of one Pokémon by 50 points.
energy-powder,ruby-sapphire,A bitter powder that restores HP by 50 points.
energy-powder,scarlet-violet,A very bitter medicinal powder. It can be used to restore 60 HP to a Pokémon.
energy-powder,sun-moon,"A very bitter medicinal powder. When consumed, it restores up to 60 HP to an injured Pokémon."
energy-powder,ultra-sun-ultra-moon,"A very bitter medicinal powder. When consumed, it restores up to 60 HP to an injured Pokémon."
energy-root,brilliant-diamond-shining-pearl,An extremely bitter medicinal root. It can be used to restore 120 HP to a single Pokémon.
energy-root,crystal,Restores Pokémon HP by 200. Bitter.
energy-root,diamond-pearl,A very bitter root. It restores the HP of one Pokémon by 200 points.
energy-root,emerald,A bitter root that restores HP by 200 points.
energy-root,firered-leafgreen,A very bitter root. It restores the HP of one Pokémon by 200 points.
energy-root,gold-silver,Restores Pokémon HP by 200. Bitter.
energy-root,heartgold-soulsilver,A very bitter root. It restores the HP of one Pokémon by 200 points.
energy-root,legends-arceus,An extremely bitter medicinal root. It can be used to restore 120 HP to a single Pokémon.
energy-root,omega-ruby-alpha-sapphire,"An extremely bitter medicinal root. When consumed, it restores 200 HP to an injured Pokémon."
energy-root,platinum,A very bitter root. It restores the HP of one Pokémon by 200 points.
energy-root,ruby-sapphire,A bitter root that restores HP by 200 points.
energy-root,scarlet-violet,A very bitter medicinal root. It can be used to restore 120 HP to a Pokémon.
energy-root,sun-moon,"An extremely bitter medicinal root. When consumed, it restores up to 120 HP to an injured Pokémon."
energy-root,sword-shield,An extremely bitter medicinal root. It can be used to restore 120 HP to a single Pokémon.
energy-root,ultra-sun-ultra-moon,"An extremely bitter medicinal root. When consumed, it restores up to 120 HP to an injured Pokémon."
energy-root,x-y,"An extremely bitter medicinal root. When consumed, it restores 200 HP to an injured Pokémon."
enigma-berry,diamond-pearl,"A Poffin ingredient. If held by a Pokémon, it restores its HP if it is hit by a foe's supereffective attack."
enigma-berry,platinum,"A Poffin ingredient. If held by a Pokémon, it restores its HP if it is hit by a foe's supereffective attack."
enigma-berry,scarlet-violet,"If a Pokémon holds one of these Berries, it will be able to regain some HP if it is hit with a supereffective move."
enigma-stone,black-2-white-2,A crystal ball that was excavated from the ground. A very beautiful stone that is covered with bits of rock and earth.
enigma-stone,black-white,A crystal ball that was excavated from the ground. A very beautiful stone that is covered with bits of rock and earth.
enigma-stone,heartgold-soulsilver,A crystal ball that was excavated from the ground. A very beautiful stone that is covered with bits of rock and earth.
enigma-stone,omega-ruby-alpha-sapphire,A crystal ball that was excavated from the ground. It's a very beautiful stone that is covered with bits of rock and earth.
enigma-stone,scarlet-violet,"A crystal ball that was excavated from the ground. It is covered with bits of rock and earth, but it is still very beautiful."
enigma-stone,sun-moon,A crystal ball that was excavated from the ground. It's a very beautiful stone that is covered with bits of rock and earth.
enigma-stone,ultra-sun-ultra-moon,A crystal ball that was excavated from the ground. It's a very beautiful stone that is covered with bits of rock and earth.
enigma-stone,x-y,A crystal ball that was excavated from the ground. It's a very beautiful stone that is covered with bits of rock and earth.
enigmatic-card,brilliant-diamond-shining-pearl,A mysterious card. Written on it is a request for you to go to a guest room in an Akala motel on Route 8.
enigmatic-card,legends-arceus,A mysterious card. Written on it is a request for you to go to a guest room in an Akala motel on Route 8.
enigmatic-card,lets-go-pikachu-lets-go-eevee,A mysterious card. Written on it is a request for you to go to a guest room in an Akala motel on Route 8.
enigmatic-card,scarlet-violet,A mysterious card. Written on it is a request that you go to a guest room in the motel on Akala Island's Route 8.
enigmatic-card,sun-moon,A mysterious card. Written on it is a request for you to go to a guest room in an Akala motel on Route 8.
enigmatic-card,sword-shield,A mysterious card. Written on it is a request for you to go to a guest room in an Akala motel on Route 8.
enigmatic-card,ultra-sun-ultra-moon,A mysterious card. Written on it is a request for you to go to a guest room in an Akala motel on Route 8.
entei-treat,scarlet-violet,A snack made from ingredients favored by the Legendary Pokémon Entei.
eon-flute,brilliant-diamond-shining-pearl,A flute that can be used to summon Latios or Latias no matter where you are.
eon-flute,legends-arceus,A flute that can be used to summon Latios or Latias no matter where you are.
eon-flute,lets-go-pikachu-lets-go-eevee,A flute that can be used to summon Latios or Latias no matter where you are.
eon-flute,omega-ruby-alpha-sapphire,A flute that can summon Latios or Latias no matter where you are.
eon-flute,scarlet-violet,A flute that can be used to summon Latios or Latias no matter where you are.
eon-flute,sun-moon,A flute that can be used to summon Latios or Latias no matter where you are.
eon-flute,sword-shield,A flute that can be used to summon Latios or Latias no matter where you are.
eon-flute,ultra-sun-ultra-moon,A flute that can be used to summon Latios or Latias no matter where you are.
eon-mail,crystal,Eevee-print Mail. (HOLD)
eon-mail,gold-silver,Eevee-print Mail. (HOLD)
eon-ticket,emerald,The ticket for a ferry to a distant southern island.
eon-ticket,firered-leafgreen,The ticket required for sailing on a ferry to a distant southern island. It features a drawing of an island.
eon-ticket,omega-ruby-alpha-sapphire,"The ticket required for sailing on a ferry to the Southern Island. Does Norman, the Petalburg Gym Leader, know a secret?!"
eon-ticket,ruby-sapphire,The ticket for a ferry to a distant southern island.
epice-noire,legends-za,A mysterious spice that is highly valued among members of the Rust Syndicate. A sprinkle of it elevates the flavor of any dish so sublimely you'll feel as if you're dreaming.
escape-rope,firered-leafgreen,"A long, durable rope. Use it to escape instantly from a cave or a dungeon."
escape-rope,gold-silver,"Use for escaping from caves, etc."
escape-rope,ruby-sapphire,Use to escape instantly from a cave or a dungeon.
escape-rope,sword-shield,A long and durable rope. Use it to escape instantly from locations like caves or dungeons. It can be used any number of times.
escape-rope,x-y,A long and durable rope. Use it to escape instantly from a cave or a dungeon.
eternal-ice,legends-arceus,"A type of ice beloved by the Lord of the Tundra, Avalugg. This ice is said to be fragments of ancient Avalugg that lived long ago."
eternal-ice,scarlet-violet,"A type of ice beloved by the Lord of the Tundra, Avalugg. This ice is said to be fragments of ancient Avalugg that lived long ago."
ether,scarlet-violet,A medicine that can be used to restore 10 PP to a single move that a Pokémon knows.
everstone,crystal,Stops evolution. (HOLD)
everstone,diamond-pearl,An item to be held by a Pokémon. The Pokémon holding this peculiar stone is prevented from evolving.
everstone,gold-silver,Stops evolution. (HOLD)
everstone,ruby-sapphire,A wondrous stone & a hold item that prevents evolution.
everstone,scarlet-violet,An item to be held by a Pokémon. A Pokémon holding this peculiar stone is prevented from evolving.
everstone,x-y,An item to be held by a Pokémon. A Pokémon holding this peculiar stone is prevented from evolving.
eviolite,black-white,"A mysterious evolutionary lump. When held, it raises the Defense and Sp. Def of a Pokémon that can still evolve."
eviolite,scarlet-violet,An item to be held by a Pokémon. This mysterious evolutionary lump boosts the Defense and Sp. Def stats when held by a Pokémon that can still evolve.
eviolite,sword-shield,"A mysterious evolutionary lump. When held by a Pokémon that can still evolve, it raises both Defense and Sp. Def."
eviolite,x-y,"A mysterious Evolutionary lump. When held by a Pokémon that can still evolve, it raises both Defense and Sp. Def."
excadrite,legends-za,One of a variety of mysterious Mega Stones. An Excadrill holding this stone will be able to Mega Evolve during battle.
exercise-ball,scarlet-violet,"A big ball designed for exercising. It can work as a seat if you get tired, too."
exp-candy-l,brilliant-diamond-shining-pearl,"A candy that is packed with energy. When consumed, it will grant a single Pokémon a large amount of Exp. Points."
exp-candy-l,legends-arceus,"A candy that is packed with energy. When consumed, it will grant a single Pokémon a large amount of Exp. Points."
exp-candy-l,legends-za,"A candy that is packed with energy. If consumed, it grants a Pokémon a large number of Exp. Points."
exp-candy-l,scarlet-violet,"A candy that is packed with energy. If consumed, it grants a Pokémon a large number of Exp. Points."
exp-candy-l,sword-shield,"A candy that is packed with energy. When consumed, it will grant a single Pokémon a large amount of Exp. Points."
exp-candy-m,brilliant-diamond-shining-pearl,"A candy that is packed with energy. When consumed, it will grant a single Pokémon a moderate amount of Exp. Points."
exp-candy-m,legends-arceus,"A candy that is packed with energy. When consumed, it will grant a single Pokémon a moderate amount of Exp. Points."
exp-candy-m,legends-za,"A candy that is packed with energy. If consumed, it grants a Pokémon a moderate number of Exp. Points."
exp-candy-m,scarlet-violet,"A candy that is packed with energy. If consumed, it grants a Pokémon a moderate number of Exp. Points."
exp-candy-m,sword-shield,"A candy that is packed with energy. When consumed, it will grant a single Pokémon a moderate amount of Exp. Points."
exp-candy-s,brilliant-diamond-shining-pearl,"A candy that is packed with energy. When consumed, it will grant a single Pokémon a small amount of Exp. Points."
exp-candy-s,legends-arceus,"A candy that is packed with energy. When consumed, it will grant a single Pokémon a small amount of Exp. Points."
exp-candy-s,legends-za,"A candy that is packed with energy. If consumed, it grants a Pokémon a small number of Exp. Points."
exp-candy-s,scarlet-violet,"A candy that is packed with energy. If consumed, it grants a Pokémon a small number of Exp. Points."
exp-candy-s,sword-shield,"A candy that is packed with energy. When consumed, it will grant a single Pokémon a small amount of Exp. Points."
exp-candy-xl,brilliant-diamond-shining-pearl,"A candy that is packed with energy. When consumed, it will grant a single Pokémon a very large amount of Exp. Points."
exp-candy-xl,legends-arceus,"A candy that is packed with energy. When consumed, it will grant a single Pokémon a very large amount of Exp. Points."
exp-candy-xl,legends-za,"A candy that is packed with energy. If consumed, it grants a Pokémon a very large number of Exp. Points."
exp-candy-xl,scarlet-violet,"A candy that is packed with energy. If consumed, it grants a Pokémon a very large number of Exp. Points."
exp-candy-xl,sword-shield,"A candy that is packed with energy. When consumed, it will grant a single Pokémon a very large amount of Exp. Points."
exp-candy-xs,brilliant-diamond-shining-pearl,"A candy that is packed with energy. When consumed, it will grant a single Pokémon a very small amount of Exp. Points."
exp-candy-xs,legends-arceus,"A candy that is packed with energy. When consumed, it will grant a single Pokémon a very small amount of Exp. Points."
exp-candy-xs,legends-za,"A candy that is packed with energy. If consumed, it grants a Pokémon a very small number of Exp. Points."
exp-candy-xs,scarlet-violet,"A candy that is packed with energy. If consumed, it grants a Pokémon a very small number of Exp. Points."
exp-candy-xs,sword-shield,"A candy that is packed with energy. When consumed, it will grant a single Pokémon a very small amount of Exp. Points."
exp-charm,brilliant-diamond-shining-pearl,A charm that increases the Exp. Points that Pokémon can get. A machine-like object is inside the charm.
exp-charm,legends-arceus,A charm that increases the Exp. Points that Pokémon can get. A machine-like object is inside the charm.
exp-charm,scarlet-violet,A charm that increases the Exp. Points that Pokémon can get. A machine-like object is inside the charm.
exp-charm,sword-shield,A charm that increases the Exp. Points that Pokémon can get. A machine-like object is inside the charm.
exp-share,diamond-pearl,An item to be held by a Pokémon. The holder gets a share of a battle's Exp. Points without battling.
exp-share,gold-silver,Shares battle Exp. points. (Hold)
exp-share,omega-ruby-alpha-sapphire,Turning on this special device will allow all the Pokémon on your team to receive Exp. Points from battles.
exp-share,platinum,An item to be held by a Pokémon. The holder gets a share of a battle's Exp. Points without battling.
exp-share,scarlet-violet,Turning on this special device will allow all the Pokémon on your team to share in Exp. Points gained.
exp-share,sun-moon,Turning on this special device will allow all the Pokémon on your team to receive Exp. Points from battles.
exp-share,ultra-sun-ultra-moon,Turning on this special device will allow all the Pokémon on your team to receive Exp. Points from battles.
exp-share,x-y,Turning on this special device will allow all the Pokémon on your team to receive Exp. Points from battles.
expert-belt,black-2-white-2,An item to be held by a Pokémon. It is a well-worn belt that slightly boosts the power of supereffective moves.
expert-belt,black-white,An item to be held by a Pokémon. It is a well-worn belt that slightly boosts the power of supereffective moves.
expert-belt,brilliant-diamond-shining-pearl,An item to be held by a Pokémon. It's a well-worn belt that slightly boosts the power of supereffective moves.
expert-belt,diamond-pearl,An item to be held by a Pokémon. It is a well-worn belt that slightly boosts the power of supereffective moves.
expert-belt,heartgold-soulsilver,An item to be held by a Pokémon. It is a well-worn belt that slightly boosts the power of supereffective moves.
expert-belt,legends-arceus,An item to be held by a Pokémon. It's a well-worn belt that slightly boosts the power of supereffective moves.
expert-belt,lets-go-pikachu-lets-go-eevee,An item to be held by a Pokémon. It's a well-worn belt that slightly boosts the power of supereffective moves.
expert-belt,omega-ruby-alpha-sapphire,An item to be held by a Pokémon. It's a well-worn belt that slightly boosts the power of supereffective moves.
expert-belt,platinum,An item to be held by a Pokémon. It is a well-worn belt that slightly boosts the power of supereffective moves.
expert-belt,scarlet-violet,An item to be held by a Pokémon. It's a well-worn belt that slightly boosts the power of the holder's supereffective moves.
expert-belt,sun-moon,An item to be held by a Pokémon. It's a well-worn belt that slightly boosts the power of supereffective moves.
expert-belt,sword-shield,An item to be held by a Pokémon. It's a well-worn belt that slightly boosts the power of supereffective moves.
expert-belt,ultra-sun-ultra-moon,An item to be held by a Pokémon. It's a well-worn belt that slightly boosts the power of supereffective moves.
expert-belt,x-y,An item to be held by a Pokémon. It's a well-worn belt that slightly boosts the power of supereffective moves.
explorer-kit,black-2-white-2,A bag filled with convenient tools for exploring. It provides access to the Underground in the Sinnoh region.
explorer-kit,black-white,A bag filled with convenient tools for exploring. It provides access to the Underground in the Sinnoh region.
explorer-kit,brilliant-diamond-shining-pearl,A bag filled with convenient tools for exploring. It provides access to the Grand Underground.
explorer-kit,diamond-pearl,A bag filled with convenient tools for exploring. It provides access to the Underground.
explorer-kit,legends-arceus,A bag filled with convenient tools for exploring. It provides access to the Underground in the Sinnoh region.
explorer-kit,lets-go-pikachu-lets-go-eevee,A bag filled with convenient tools for exploring. It provides access to the Underground in the Sinnoh region.
explorer-kit,omega-ruby-alpha-sapphire,A bag filled with convenient tools for exploring. It provides access to the Underground in the Sinnoh region.
explorer-kit,platinum,A bag filled with convenient tools for exploring. It provides access to the Underground.
explorer-kit,sun-moon,A bag filled with convenient tools for exploring. It provides access to the Underground in the Sinnoh region.
explorer-kit,sword-shield,A bag filled with convenient tools for exploring. It provides access to the Underground in the Sinnoh region.
explorer-kit,ultra-sun-ultra-moon,A bag filled with convenient tools for exploring. It provides access to the Underground in the Sinnoh region.
explorer-kit,x-y,A bag filled with convenient tools for exploring. It provides access to the Underground in the Sinnoh region.
fab-mail,emerald,A gorgeous-print Mail to be held by a Pokémon.
fab-mail,firered-leafgreen,"A piece of Mail featuring a gorgeous, extravagant print. It is to be held by a Pokémon."
fab-mail,ruby-sapphire,A gorgeous-print Mail to be held by a Pokémon.
fairium-z,brilliant-diamond-shining-pearl,It converts Z-Power into crystals that upgrade Fairy-type moves to Fairy-type Z-Moves.
fairium-z,legends-arceus,It converts Z-Power into crystals that upgrade Fairy-type moves to Fairy-type Z-Moves.
fairium-z,lets-go-pikachu-lets-go-eevee,It converts Z-Power into crystals that upgrade Fairy-type moves to Fairy-type Z-Moves.
fairium-z,scarlet-violet,It converts Z-Power into crystals that upgrade Fairy-type moves to Fairy-type Z-Moves.
fairium-z,sun-moon,It converts Z-Power into crystals that upgrade Fairy-type moves to Fairy-type Z-Moves.
fairium-z,sword-shield,It converts Z-Power into crystals that upgrade Fairy-type moves to Fairy-type Z-Moves.
fairium-z,ultra-sun-ultra-moon,It converts Z-Power into crystals that upgrade Fairy-type moves to Fairy-type Z-Moves.
fairy-feather,legends-za,"An item to be held by a Pokémon. This feather, which gleams faintly when hit by light, boosts the power of the holder's Fairy-type moves."
fairy-feather,scarlet-violet,"An item to be held by a Pokémon. This feather, which gleams faintly when hit by light, boosts the power of the holder's Fairy-type moves."
fairy-gem,brilliant-diamond-shining-pearl,"A gem with an essence of the fey. When held, it strengthens the power of a Fairy-type move one time."
fairy-gem,legends-arceus,"A gem with an essence of the fey. When held, it strengthens the power of a Fairy-type move one time."
fairy-gem,lets-go-pikachu-lets-go-eevee,"A gem with an essence of the fey. When held, it strengthens the power of a Fairy-type move one time."
fairy-gem,omega-ruby-alpha-sapphire,"A gem with an essence of the fey. When held, it strengthens the power of a Fairy-type move one time."
fairy-gem,scarlet-violet,An item to be held by a Pokémon. This gem is imbued with the essence of fairies and will boost the power of a Fairy-type move—but only once.
fairy-gem,sun-moon,"A gem with an essence of the fey. When held, it strengthens the power of a Fairy-type move one time."
fairy-gem,sword-shield,"A gem with an essence of the fey. When held, it strengthens the power of a Fairy-type move one time."
fairy-gem,ultra-sun-ultra-moon,"A gem with an essence of the fey. When held, it strengthens the power of a Fairy-type move one time."
fairy-gem,x-y,"A gem with an essence of the fey. When held, it strengthens the power of a Fairy-type move one time."
fairy-memory,brilliant-diamond-shining-pearl,A memory disc that contains Fairy-type data. It changes the type of the holder if held by a certain species of Pokémon.
fairy-memory,legends-arceus,A memory disc that contains Fairy-type data. It changes the type of the holder if held by a certain species of Pokémon.
fairy-memory,scarlet-violet,A memory disc that contains Fairy-type data. It changes the type of the holder if held by a certain species of Pokémon.
fairy-memory,sun-moon,A memory disc that contains Fairy-type data. It changes the type of the holder if held by a certain species of Pokémon.
fairy-memory,sword-shield,A memory disc that contains Fairy-type data. It changes the type of the holder if held by a certain species of Pokémon.
fairy-memory,ultra-sun-ultra-moon,A memory disc that contains Fairy-type data. It changes the type of the holder if held by a certain species of Pokémon.
fairy-tera-shard,scarlet-violet,"On rare occasions, these shards form when a Tera Pokémon falls in battle and its Tera Jewel shatters."
falinksite,legends-za,One of a variety of mysterious Mega Stones. A Falinks holding this stone will be able to Mega Evolve during battle.
fame-checker,emerald,Stores information on famous people for instant recall.
fame-checker,firered-leafgreen,A device that enables you to recall what you've heard and seen about famous people.
fancy-apple,brilliant-diamond-shining-pearl,One of the many ingredients that can be used for cooking at your camp. An apple chosen above others. It has spectacular form and a brilliant sheen.
fancy-apple,legends-arceus,One of the many ingredients that can be used for cooking at your camp. An apple chosen above others. It has spectacular form and a brilliant sheen.
fancy-apple,scarlet-violet,One of the many ingredients that can be used for cooking at your camp. An apple chosen above others. It has spectacular form and a brilliant sheen.
fancy-apple,sword-shield,One of the many ingredients that can be used for cooking at your camp. An apple chosen above others. It has spectacular form and a brilliant sheen.
fashion-case,black-2-white-2,A lovely case to store colorful Props for your Pokémon to wear in a musical.
fashion-case,black-white,A lovely case to store colorful Props for your Pokémon to wear in a musical.
fashion-case,brilliant-diamond-shining-pearl,A lovely case to store colorful Props for your Pokémon to wear in a musical.
fashion-case,diamond-pearl,A fancy case for the tidy and organized storage of colorful Pokémon Accessories.
fashion-case,heartgold-soulsilver,A fancy case for the tidy arrangement and storage of whimsical Pokémon Accessories.
fashion-case,legends-arceus,A lovely case to store colorful Props for your Pokémon to wear in a musical.
fashion-case,lets-go-pikachu-lets-go-eevee,A lovely case to store colorful Props for your Pokémon to wear in a musical.
fashion-case,omega-ruby-alpha-sapphire,A lovely case to store colorful Props for your Pokémon to wear in a musical.
fashion-case,platinum,A fancy case for the tidy and organized storage of colorful Pokémon Accessories.
fashion-case,scarlet-violet,"A wondrous, pretty case to store lots of colorful Props for your Pokémon to wear in a musical."
fashion-case,sun-moon,A lovely case to store colorful Props for your Pokémon to wear in a musical.
fashion-case,sword-shield,A lovely case to store colorful Props for your Pokémon to wear in a musical.
fashion-case,ultra-sun-ultra-moon,A lovely case to store colorful Props for your Pokémon to wear in a musical.
fashion-case,x-y,A lovely case to store colorful Props for your Pokémon to wear in a musical.
fast-ball,black-2-white-2,A Poké Ball that makes it easier to catch Pokémon which are quick to run away.
fast-ball,black-white,A Poké Ball that makes it easier to catch Pokémon which are quick to run away.
fast-ball,brilliant-diamond-shining-pearl,A Poké Ball that makes it easier to catch Pokémon that are usually very quick to run away.
fast-ball,crystal,A Ball for catching fast Pokémon.
fast-ball,gold-silver,A Ball for catching fast Pokémon.
fast-ball,heartgold-soulsilver,A Poké Ball that makes it easier to catch fast Pokémon.
fast-ball,legends-arceus,A Poké Ball that makes it easier to catch Pokémon that are usually very quick to run away.
fast-ball,legends-za,A somewhat different Poké Ball that is more effective when catching Pokémon that are usually very quick to run away.
fast-ball,omega-ruby-alpha-sapphire,A Poké Ball that makes it easier to catch Pokémon that are usually very quick to run away.
fast-ball,scarlet-violet,A somewhat different Poké Ball that is more effective when catching Pokémon that are usually very quick to run away.
fast-ball,sun-moon,A Poké Ball that makes it easier to catch Pokémon that are usually very quick to run away.
fast-ball,sword-shield,A Poké Ball that makes it easier to catch Pokémon that are usually very quick to run away.
fast-ball,ultra-sun-ultra-moon,A Poké Ball that makes it easier to catch Pokémon that are usually very quick to run away.
fast-ball,x-y,A Poké Ball that makes it easier to catch Pokémon that are usually very quick to run away.
favored-mail,black-2-white-2,Stationery designed for writing about your favorite things. Let a Pokémon hold it for delivery.
favored-mail,black-white,Stationery designed for writing about your favorite things. Let a Pokémon hold it for delivery.
favored-mail,brilliant-diamond-shining-pearl,Stationery designed to make it easier to write about your favorite things. Have a Pokémon hold it for delivery.
favored-mail,legends-arceus,Stationery designed to make it easier to write about your favorite things. Have a Pokémon hold it for delivery.
favored-mail,lets-go-pikachu-lets-go-eevee,Stationery designed to make it easier to write about your favorite things. Have a Pokémon hold it for delivery.
favored-mail,omega-ruby-alpha-sapphire,Stationery designed to make it easier to write about your favorite things. Have a Pokémon hold it for delivery.
favored-mail,scarlet-violet,Stationery designed to make it easier to write about your favorite things. Have a Pokémon hold it for delivery.
favored-mail,sun-moon,Stationery designed to make it easier to write about your favorite things. Have a Pokémon hold it for delivery.
favored-mail,sword-shield,Stationery designed to make it easier to write about your favorite things. Have a Pokémon hold it for delivery.
favored-mail,ultra-sun-ultra-moon,Stationery designed to make it easier to write about your favorite things. Have a Pokémon hold it for delivery.
favored-mail,x-y,Stationery designed to make it easier to write about your favorite things. Have a Pokémon hold it for delivery.
feather-ball,legends-arceus,A ball that flies fast and true—ideal for catching nimble Pokémon or Pokémon that fly high in the air.
feather-ball,scarlet-violet,A ball that flies fast and true—ideal for catching nimble Pokémon or Pokémon that fly high in the air.
feraligite,legends-za,One of a variety of mysterious Mega Stones. A Feraligatr holding this stone will be able to Mega Evolve during battle.
festival-ticket,brilliant-diamond-shining-pearl,A ticket that allows you to host a mission in Festival Plaza.
festival-ticket,legends-arceus,A ticket that allows you to host a mission in Festival Plaza.
festival-ticket,scarlet-violet,A ticket that allows you to host a mission in Festival Plaza.
festival-ticket,sun-moon,A ticket that allows you to host a mission in Festival Plaza.
festival-ticket,sword-shield,A ticket that allows you to host a mission in Festival Plaza.
festival-ticket,ultra-sun-ultra-moon,A ticket that allows you to host a mission in Festival Plaza.
fiery-pick,scarlet-violet,A pick designed after Magmortar. It's said that using this pick makes any sandwich look like it's fresh out of the oven.
fighting-gem,black-2-white-2,"A gem with an essence of combat. When held, it strengthens the power of a Fighting-type move only once."
fighting-gem,black-white,"A gem with an essence of combat. When held, it strengthens the power of a Fighting-type move only once."
fighting-gem,scarlet-violet,An item to be held by a Pokémon. This gem is imbued with the essence of the fighting spirit and will boost the power of a Fighting-type move—but only once.
fighting-gem,x-y,"A gem with an essence of combat. When held, it strengthens the power of a Fighting-type move one time."
fighting-memory,brilliant-diamond-shining-pearl,A memory disc that contains Fighting-type data. It changes the type of the holder if held by a certain species of Pokémon.
fighting-memory,legends-arceus,A memory disc that contains Fighting-type data. It changes the type of the holder if held by a certain species of Pokémon.
fighting-memory,scarlet-violet,A memory disc that contains Fighting-type data. It changes the type of the holder if held by a certain species of Pokémon.
fighting-memory,sun-moon,A memory disc that contains Fighting-type data. It changes the type of the holder if held by a certain species of Pokémon.
fighting-memory,sword-shield,A memory disc that contains Fighting-type data. It changes the type of the holder if held by a certain species of Pokémon.
fighting-memory,ultra-sun-ultra-moon,A memory disc that contains Fighting-type data. It changes the type of the holder if held by a certain species of Pokémon.
fighting-tera-shard,scarlet-violet,"On rare occasions, these shards form when a Tera Pokémon falls in battle and its Tera Jewel shatters."
fightinium-z,sun-moon,It converts Z-Power into crystals that upgrade Fighting-type moves to Fighting-type Z-Moves.
fightinium-z,ultra-sun-ultra-moon,It converts Z-Power into crystals that upgrade Fighting-type moves to Fighting-type Z-Moves.
figy-berry,diamond-pearl,"If held by a Pokémon, it restores the user's HP in a pinch, but may also cause confusion."
figy-berry,emerald,A hold item that restores HP but may confuse.
figy-berry,legends-arceus,A Berry that can be fed to a Pokémon to restore its HP by up to half its max.
figy-berry,platinum,"If held by a Pokémon, it restores the user's HP in a pinch, but may also cause confusion."
figy-berry,ruby-sapphire,A hold item that restores HP but may confuse.
figy-berry,scarlet-violet,"If a Pokémon holds one, it can restore HP in a pinch but may become confused if it hates the taste."
fine-remedy,legends-arceus,"An herbal medicine that can restore 100 HP to a Pokémon, just as a Super Potion does. Yet the bitter taste will make the Pokémon less friendly toward you."
fine-remedy,scarlet-violet,"An herbal medicine that can restore 100 HP to a Pokémon, just as a Super Potion does. Yet the bitter taste will make the Pokémon less friendly toward you."
fire-gem,black-2-white-2,"A gem with an essence of fire. When held, it strengthens the power of a Fire-type move only once."
fire-gem,scarlet-violet,An item to be held by a Pokémon. This gem is imbued with the essence of fire and will boost the power of a Fire-type move—but only once.
fire-gem,x-y,"A gem with an essence of fire. When held, it strengthens the power of a Fire-type move one time."
fire-memory,brilliant-diamond-shining-pearl,A memory disc that contains Fire-type data. It changes the type of the holder if held by a certain species of Pokémon.
fire-memory,legends-arceus,A memory disc that contains Fire-type data. It changes the type of the holder if held by a certain species of Pokémon.
fire-memory,scarlet-violet,A memory disc that contains Fire-type data. It changes the type of the holder if held by a certain species of Pokémon.
fire-memory,sun-moon,A memory disc that contains Fire-type data. It changes the type of the holder if held by a certain species of Pokémon.
fire-memory,sword-shield,A memory disc that contains Fire-type data. It changes the type of the holder if held by a certain species of Pokémon.
fire-memory,ultra-sun-ultra-moon,A memory disc that contains Fire-type data. It changes the type of the holder if held by a certain species of Pokémon.
fire-pattern-cup,scarlet-violet,"A cup that's as good for using at home as on a picnic. It's light, sturdy, and stacks well, so it's a cinch to pack up and carry around."
fire-stone,scarlet-violet,A peculiar stone that can make certain species of Pokémon evolve. It has a fiery orange heart.
fire-tera-shard,scarlet-violet,"On rare occasions, these shards form when a Tera Pokémon falls in battle and its Tera Jewel shatters."
firium-z,brilliant-diamond-shining-pearl,It converts Z-Power into crystals that upgrade Fire-type moves to Fire-type Z-Moves.
firium-z,legends-arceus,It converts Z-Power into crystals that upgrade Fire-type moves to Fire-type Z-Moves.
firium-z,scarlet-violet,It converts Z-Power into crystals that upgrade Fire-type moves to Fire-type Z-Moves.
firium-z,sun-moon,It converts Z-Power into crystals that upgrade Fire-type moves to Fire-type Z-Moves.
firium-z,sword-shield,It converts Z-Power into crystals that upgrade Fire-type moves to Fire-type Z-Moves.
firium-z,ultra-sun-ultra-moon,It converts Z-Power into crystals that upgrade Fire-type moves to Fire-type Z-Moves.
fishing-rod,sun-moon,A Fishing Rod made by Captain Lana. Cast a line over piles of underwater rocks to fish for wild aquatic Pokémon.
fishing-rod,sword-shield,Use it by the water to fish up various kinds of Pokémon.
fishing-rod,ultra-sun-ultra-moon,A fishing rod made by Captain Lana. Cast a line over piles of underwater rocks to fish for wild aquatic Pokémon.
fist-plate,diamond-pearl,An item to be held by a Pokémon. It is a stone tablet that boosts the power of Fighting-type moves.
fist-plate,legends-arceus,"A stone tablet imbued with the essence of fighting spirit. When used on a certain Pokémon, it allows that Pokémon to gain the power of the Fighting type."
fist-plate,scarlet-violet,An item to be held by a Pokémon. This stone tablet is imbued with the essence of the fighting spirit and boosts the power of the holder’s Fighting-type moves.
fist-plate,x-y,An item to be held by a Pokémon. It's a stone tablet that boosts the power of Fighting-type moves.
flame-mail,diamond-pearl,Stationery featuring a print of flames in blazing red. Let a Pokémon hold it for delivery.
flame-mail,heartgold-soulsilver,Stationery featuring a print of flames in blazing red. Let a Pokémon hold it for delivery.
flame-mail,platinum,Stationery featuring a print of flames in blazing red. Let a Pokémon hold it for delivery.
flame-orb,black-2-white-2,An item to be held by a Pokémon. It is a bizarre orb that inflicts a burn on the holder in battle.
flame-orb,black-white,An item to be held by a Pokémon. It is a bizarre orb that inflicts a burn on the holder in battle.
flame-orb,brilliant-diamond-shining-pearl,An item to be held by a Pokémon. It's a bizarre orb that will afflict the holder with a burn during battle.
flame-orb,diamond-pearl,An item to be held by a Pokémon. It is a bizarre orb that inflicts a burn on the holder in battle.
flame-orb,heartgold-soulsilver,An item to be held by a Pokémon. It is a bizarre orb that inflicts a burn on the holder in battle.
flame-orb,legends-arceus,An item to be held by a Pokémon. It's a bizarre orb that will afflict the holder with a burn during battle.
flame-orb,lets-go-pikachu-lets-go-eevee,An item to be held by a Pokémon. It's a bizarre orb that will afflict the holder with a burn during battle.
flame-orb,omega-ruby-alpha-sapphire,An item to be held by a Pokémon. It is a bizarre orb that will afflict the holder with a burn during battle.
flame-orb,platinum,An item to be held by a Pokémon. It is a bizarre orb that inflicts a burn on the holder in battle.
flame-orb,scarlet-violet,An item to be held by a Pokémon. It's a bizarre orb that gives off heat when touched and will affect the holder with a burn during battle.
flame-orb,sun-moon,An item to be held by a Pokémon. It's a bizarre orb that will afflict the holder with a burn during battle.
flame-orb,sword-shield,An item to be held by a Pokémon. It's a bizarre orb that will afflict the holder with a burn during battle.
flame-orb,ultra-sun-ultra-moon,An item to be held by a Pokémon. It's a bizarre orb that will afflict the holder with a burn during battle.
flame-orb,x-y,An item to be held by a Pokémon. It is a bizarre orb that will afflict the holder with a burn during battle.
flame-plate,diamond-pearl,An item to be held by a Pokémon. It is a stone tablet that boosts the power of Fire-type moves.
flame-plate,legends-arceus,"A stone tablet imbued with the essence of fire. When used on a certain Pokémon, it allows that Pokémon to gain the power of the Fire type."
flame-plate,scarlet-violet,An item to be held by a Pokémon. This stone tablet is imbued with the essence of fire and boosts the power of the holder’s Fire-type moves.
flame-plate,x-y,An item to be held by a Pokémon. It's a stone tablet that boosts the power of Fire-type moves.
float-stone,black-2-white-2,A very light stone. It reduces the weight of a Pokémon when held.
float-stone,black-white,A very light stone. It reduces the weight of a Pokémon when held.
float-stone,brilliant-diamond-shining-pearl,An item to be held by a Pokémon. This very light stone reduces the weight of a Pokémon when held.
float-stone,legends-arceus,An item to be held by a Pokémon. This very light stone reduces the weight of a Pokémon when held.
float-stone,lets-go-pikachu-lets-go-eevee,An item to be held by a Pokémon. This very light stone reduces the weight of a Pokémon when held.
float-stone,omega-ruby-alpha-sapphire,An item to be held by a Pokémon. This very light stone reduces the weight of a Pokémon when held.
float-stone,scarlet-violet,An item to be held by a Pokémon. This very light stone reduces the weight of the holder.
float-stone,sun-moon,An item to be held by a Pokémon. This very light stone reduces the weight of a Pokémon when held.
float-stone,sword-shield,An item to be held by a Pokémon. This very light stone reduces the weight of a Pokémon when held.
float-stone,ultra-sun-ultra-moon,An item to be held by a Pokémon. This very light stone reduces the weight of a Pokémon when held.
float-stone,x-y,An item to be held by a Pokémon. This very light stone reduces the weight of a Pokémon when held.
floettite,legends-za,One of a variety of mysterious Mega Stones. A special Floette holding this stone will be able to Mega Evolve during battle.
flower-mail,crystal,Flower-print Mail. (HOLD)
flower-mail,gold-silver,Flower-print Mail. (HOLD)
flower-pattern-cup,scarlet-violet,"A cup for kids to use at picnics. It's made of light but strong material. It's stackable, which makes it handy for carrying around."
flower-sweet,brilliant-diamond-shining-pearl,"A flower-shaped sweet. When a Milcery holds this, it spins around happily."
flower-sweet,legends-arceus,"A flower-shaped sweet. When a Milcery holds this, it spins around happily."
flower-sweet,scarlet-violet,"A flower-shaped sweet. When a Milcery holds this, it spins around happily."
flower-sweet,sword-shield,"A flower-shaped sweet. When a Milcery holds this, it spins around happily."
fluffy-tail,black-2-white-2,An item that attracts Pokémon. Use it to flee from any battle with a wild Pokémon.
fluffy-tail,black-white,An item that attracts Pokémon. Use it to flee from any battle with a wild Pokémon.
fluffy-tail,diamond-pearl,An item that attracts Pokémon. Use it to flee from any battle with a wild Pokémon.
fluffy-tail,emerald,Use to flee from any battle with a wild Pokémon.
fluffy-tail,firered-leafgreen,An attractive item. Use it to flee from any battle with a wild Pokémon.
fluffy-tail,heartgold-soulsilver,An item that attracts Pokémon. Use it to flee from any battle with a wild Pokémon.
fluffy-tail,omega-ruby-alpha-sapphire,A toy that attracts the attention of a Pokémon. It guarantees escape from any battle with wild Pokémon.
fluffy-tail,platinum,An item that attracts Pokémon. Use it to flee from any battle with a wild Pokémon.
fluffy-tail,ruby-sapphire,Use to flee from any battle with a wild Pokémon.
fluffy-tail,scarlet-violet,A toy that attracts the attention of Pokémon. It guarantees escape from any battle with wild Pokémon.
fluffy-tail,sun-moon,A toy that attracts the attention of a Pokémon. It guarantees escape from any battle with wild Pokémon.
fluffy-tail,ultra-sun-ultra-moon,A toy that attracts the attention of a Pokémon. It guarantees escape from any battle with wild Pokémon.
fluffy-tail,x-y,A toy that attracts the attention of a Pokémon. It guarantees escape from any battle with wild Pokémon.
flying-gem,black-2-white-2,"A gem with an essence of air. When held, it strengthens the power of a Flying-type move only once."
flying-gem,black-white,"A gem with an essence of air. When held, it strengthens the power of a Flying-type move only once."
flying-gem,omega-ruby-alpha-sapphire,"A gem with an essence of air. When held, it strengthens the power of a Flying-type move one time."
flying-gem,scarlet-violet,An item to be held by a Pokémon. This gem is imbued with the essence of flight and will boost the power of a Flying-type move—but only once.
flying-gem,sun-moon,"A gem with an essence of air. When held, it strengthens the power of a Flying-type move one time."
flying-gem,ultra-sun-ultra-moon,"A gem with an essence of air. When held, it strengthens the power of a Flying-type move one time."
flying-gem,x-y,"A gem with an essence of air. When held, it strengthens the power of a Flying-type move one time."
flying-memory,brilliant-diamond-shining-pearl,A memory disc that contains Flying-type data. It changes the type of the holder if held by a certain species of Pokémon.
flying-memory,legends-arceus,A memory disc that contains Flying-type data. It changes the type of the holder if held by a certain species of Pokémon.
flying-memory,scarlet-violet,A memory disc that contains Flying-type data. It changes the type of the holder if held by a certain species of Pokémon.
flying-memory,sun-moon,A memory disc that contains Flying-type data. It changes the type of the holder if held by a certain species of Pokémon.
flying-memory,sword-shield,A memory disc that contains Flying-type data. It changes the type of the holder if held by a certain species of Pokémon.
flying-memory,ultra-sun-ultra-moon,A memory disc that contains Flying-type data. It changes the type of the holder if held by a certain species of Pokémon.
flying-tera-shard,scarlet-violet,"On rare occasions, these shards form when a Tera Pokémon falls in battle and its Tera Jewel shatters."
flyinium-z,brilliant-diamond-shining-pearl,It converts Z-Power into crystals that upgrade Flying-type moves to Flying-type Z-Moves.
flyinium-z,legends-arceus,It converts Z-Power into crystals that upgrade Flying-type moves to Flying-type Z-Moves.
flyinium-z,lets-go-pikachu-lets-go-eevee,It converts Z-Power into crystals that upgrade Flying-type moves to Flying-type Z-Moves.
flyinium-z,scarlet-violet,It converts Z-Power into crystals that upgrade Flying-type moves to Flying-type Z-Moves.
flyinium-z,sun-moon,It converts Z-Power into crystals that upgrade Flying-type moves to Flying-type Z-Moves.
flyinium-z,sword-shield,It converts Z-Power into crystals that upgrade Flying-type moves to Flying-type Z-Moves.
flyinium-z,ultra-sun-ultra-moon,It converts Z-Power into crystals that upgrade Flying-type moves to Flying-type Z-Moves.
focus-band,crystal,May prevent fainting. (HOLD)
focus-band,diamond-pearl,"The holder may endure a potential KO attack, leaving it with just 1 HP."
focus-band,emerald,A hold item that occasionally prevents fainting.
focus-band,firered-leafgreen,"The holding Pokémon may endure an attack, leaving just 1 HP."
focus-band,gold-silver,May prevent fainting. (HOLD)
focus-band,platinum,"The holder may endure a potential KO attack, leaving it with just 1 HP."
focus-band,ruby-sapphire,A hold item that occasionally prevents fainting.
focus-band,scarlet-violet,"When the holder is hit with a move that should knock it out, it may endure with 1 HP."
focus-sash,black-2-white-2,"An item to be held by a Pokémon. If it has full HP, the holder will endure one potential KO attack, leaving 1 HP."
focus-sash,black-white,"An item to be held by a Pokémon. If it has full HP, the holder will endure one potential KO attack, leaving 1 HP."
focus-sash,brilliant-diamond-shining-pearl,"An item to be held by a Pokémon. If the holder has full HP, it will endure a potential KO attack with 1 HP. The item then disappears."
focus-sash,diamond-pearl,"An item to be held by a Pokémon. If it has full HP, the holder will endure one potential KO attack, leaving 1 HP."
focus-sash,heartgold-soulsilver,"An item to be held by a Pokémon. If it has full HP, the holder will endure one potential KO attack, leaving 1 HP."
focus-sash,legends-arceus,"An item to be held by a Pokémon. If the holder has full HP, it will endure a potential KO attack with 1 HP. The item then disappears."
focus-sash,omega-ruby-alpha-sapphire,"An item to be held by a Pokémon. If the holder has full HP, it will endure a potential KO attack with 1 HP. The item then disappears."
focus-sash,platinum,"An item to be held by a Pokémon. If it has full HP, the holder will endure one potential KO attack, leaving 1 HP."
focus-sash,scarlet-violet,"An item to be held by a Pokémon. If the holder has full HP and is hit with a move that should knock it out, it will endure with 1 HP—but only once."
focus-sash,sun-moon,"An item to be held by a Pokémon. If the holder has full HP, it will endure a potential KO attack with 1 HP. The item then disappears."
focus-sash,sword-shield,"An item to be held by a Pokémon. If the holder has full HP, it will endure a potential KO attack with 1 HP. The item then disappears."
focus-sash,ultra-sun-ultra-moon,"An item to be held by a Pokémon. If the holder has full HP, it will endure a potential KO attack with 1 HP. The item then disappears."
focus-sash,x-y,"An item to be held by a Pokémon. If the holder has full HP, it will endure a potential KO attack with 1 HP. The item then disappears."
forage-bag,brilliant-diamond-shining-pearl,A bag to carry ingredients gathered during Mallow's trial in the jungle.
forage-bag,legends-arceus,A bag to carry ingredients gathered during Mallow's trial in the jungle.
forage-bag,lets-go-pikachu-lets-go-eevee,A bag to carry ingredients gathered during Mallow's trial in the jungle.
forage-bag,scarlet-violet,A bag to carry ingredients gathered during Mallow's trial in the jungle.
forage-bag,sun-moon,A bag to carry ingredients gathered during Mallow's trial in the jungle.
forage-bag,sword-shield,A bag to carry ingredients gathered during Mallow's trial in the jungle.
forage-bag,ultra-sun-ultra-moon,A bag to carry ingredients gathered during Mallow's trial in the jungle.
forest-balm,legends-arceus,"A mysterious balm that gives off a soothing scent. It can be used to help calm the frenzy of the Lord of the Woods, Kleavor."
fossilized-bird,brilliant-diamond-shining-pearl,The fossil of an ancient Pokémon that once soared through the sky. What it looked like is a mystery.
fossilized-bird,legends-arceus,The fossil of an ancient Pokémon that once soared through the sky. What it looked like is a mystery.
fossilized-bird,scarlet-violet,A fossil piece left behind by a prehistoric Pokémon that once soared through the sky. What it looked like is a mystery.
fossilized-bird,sword-shield,The fossil of an ancient Pokémon that once soared through the sky. What it looked like is a mystery.
fossilized-dino,brilliant-diamond-shining-pearl,The fossil of an ancient Pokémon that once lived in the sea. What it looked like is a mystery.
fossilized-dino,legends-arceus,The fossil of an ancient Pokémon that once lived in the sea. What it looked like is a mystery.
fossilized-dino,scarlet-violet,A fossil piece left behind by a prehistoric Pokémon that once lived in the sea. What it looked like is a mystery.
fossilized-dino,sword-shield,The fossil of an ancient Pokémon that once lived in the sea. What it looked like is a mystery.
fossilized-drake,brilliant-diamond-shining-pearl,The fossil of an ancient Pokémon that once roamed the land. What it looked like is a mystery.
fossilized-drake,legends-arceus,The fossil of an ancient Pokémon that once roamed the land. What it looked like is a mystery.
fossilized-drake,scarlet-violet,A fossil piece left behind by a prehistoric Pokémon that once roamed the land. What it looked like is a mystery.
fossilized-drake,sword-shield,The fossil of an ancient Pokémon that once roamed the land. What it looked like is a mystery.
fossilized-fish,brilliant-diamond-shining-pearl,The fossil of an ancient Pokémon that once lived in the sea. What it looked like is a mystery.
fossilized-fish,legends-arceus,The fossil of an ancient Pokémon that once lived in the sea. What it looked like is a mystery.
fossilized-fish,scarlet-violet,A fossil piece left behind by a prehistoric Pokémon that once lived in the sea. What it looked like is a mystery.
fossilized-fish,sword-shield,The fossil of an ancient Pokémon that once lived in the sea. What it looked like is a mystery.
fresh-cream,brilliant-diamond-shining-pearl,One of the many ingredients that can be used for cooking at your camp. Add some whipped cream to a spicy curry to give it some sweetness.
fresh-cream,legends-arceus,One of the many ingredients that can be used for cooking at your camp. Add some whipped cream to a spicy curry to give it some sweetness.
fresh-cream,scarlet-violet,One of the many ingredients that can be used for cooking at your camp. Add some whipped cream to a spicy curry to give it some sweetness.
fresh-cream,sword-shield,One of the many ingredients that can be used for cooking at your camp. Add some whipped cream to a spicy curry to give it some sweetness.
fresh-start-mochi,scarlet-violet,A mochi cake with Berries kneaded into its dough. It causes a Pokémon to lose all its base points.
fresh-water,crystal,Restores Pokémon HP by 50.
fresh-water,gold-silver,Restores Pokémon HP by 50.
fresh-water,sun-moon,"Water with a high mineral content. When consumed, it restores up to 30 HP to an injured Pokémon."
fried-fillet,scarlet-violet,"When used in a sandwich, this very salty and bitter ingredient is at its best paired with sour seasonings."
fried-food,brilliant-diamond-shining-pearl,"One of the many ingredients that can be used for cooking at your camp. It's been a while since it was fried, so it's gotten greasy."
fried-food,legends-arceus,"One of the many ingredients that can be used for cooking at your camp. It's been a while since it was fried, so it's gotten greasy."
fried-food,scarlet-violet,"One of the many ingredients that can be used for cooking at your camp. It's been a while since it was fried, so it's gotten greasy."
fried-food,sword-shield,"One of the many ingredients that can be used for cooking at your camp. It's been a while since it was fried, so it's gotten greasy."
friend-ball,black-2-white-2,A Poké Ball that makes caught Pokémon more friendly.
friend-ball,black-white,A Poké Ball that makes caught Pokémon more friendly.
friend-ball,crystal,A Ball that makes Pokémon friendly.
friend-ball,gold-silver,A Ball that makes Pokémon friendly.
friend-ball,heartgold-soulsilver,A Poké Ball that makes caught Pokémon more friendly.
friend-ball,omega-ruby-alpha-sapphire,A strange Poké Ball that will make the wild Pokémon caught with it more friendly toward you immediately.
friend-ball,scarlet-violet,A somewhat different Poké Ball that makes a wild Pokémon more friendly toward you immediately after it's caught.
friend-ball,sun-moon,A strange Poké Ball that will make the wild Pokémon caught with it more friendly toward you immediately.
friend-ball,sword-shield,A strange Poké Ball that will make the wild Pokémon caught with it more friendly toward you immediately.
friend-ball,ultra-sun-ultra-moon,A strange Poké Ball that will make the wild Pokémon caught with it more friendly toward you immediately.
friend-ball,x-y,A strange Poké Ball that will make the wild Pokémon caught with it more friendly toward you immediately.
froslassite,legends-za,One of a variety of mysterious Mega Stones. A Froslass holding this stone will be able to Mega Evolve during battle.
fruit-bunch,brilliant-diamond-shining-pearl,One of the many ingredients that can be used for cooking at your camp. The syrupy fruits give off a strong tropical feel.
fruit-bunch,legends-arceus,One of the many ingredients that can be used for cooking at your camp. The syrupy fruits give off a strong tropical feel.
fruit-bunch,scarlet-violet,One of the many ingredients that can be used for cooking at your camp. The syrupy fruits give off a strong tropical feel.
fruit-bunch,sword-shield,One of the many ingredients that can be used for cooking at your camp. The syrupy fruits give off a strong tropical feel.
full-heal,black-2-white-2,A spray-type medicine. It heals all the status problems of a single Pokémon.
full-heal,black-white,A spray-type medicine. It heals all the status problems of a single Pokémon.
full-heal,diamond-pearl,A spray-type medicine. It heals all the status problems of a single Pokémon.
full-heal,heartgold-soulsilver,A spray-type medicine. It heals all the status problems of a single Pokémon.
full-heal,legends-za,A spray-type medicine that is broadly effective. It can be used to cure any status condition a Pokémon may have.
full-heal,omega-ruby-alpha-sapphire,A spray-type medicine that is broadly effective. It can be used once to heal all the status conditions of a Pokémon.
full-heal,platinum,A spray-type medicine. It heals all the status problems of a single Pokémon.
full-heal,scarlet-violet,A spray-type medicine that is broadly effective. It can be used to cure any status condition a Pokémon may have.
full-heal,sun-moon,A spray-type medicine that is broadly effective. It can be used once to heal all the status conditions of a Pokémon.
full-heal,ultra-sun-ultra-moon,A spray-type medicine that is broadly effective. It can be used once to heal all the status conditions of a Pokémon.
full-heal,x-y,A spray-type medicine that is broadly effective. It can be used once to heal all the status conditions of a Pokémon.
full-incense,black-2-white-2,An item to be held by a Pokémon. It is an exotic-smelling incense that makes the holder bloated and slow moving.
full-incense,black-white,An item to be held by a Pokémon. It is an exotic-smelling incense that makes the holder bloated and slow moving.
full-incense,brilliant-diamond-shining-pearl,An item to be held by a Pokémon. This exotic-smelling incense makes the holder bloated and slow moving.
full-incense,diamond-pearl,An item to be held by a Pokémon. It is an exotic-smelling incense that makes the holder bloated and slow moving.
full-incense,heartgold-soulsilver,An item to be held by a Pokémon. It is an exotic-smelling incense that makes the holder bloated and slow moving.
full-incense,legends-arceus,An item to be held by a Pokémon. This exotic-smelling incense makes the holder bloated and slow moving.
full-incense,omega-ruby-alpha-sapphire,An item to be held by a Pokémon. This exotic-smelling incense makes the holder bloated and slow moving.
full-incense,platinum,An item to be held by a Pokémon. It is an exotic-smelling incense that makes the holder bloated and slow moving.
full-incense,scarlet-violet,An item to be held by a Pokémon. This incense has a curious aroma that makes the holder move slower than usual.
full-incense,sun-moon,An item to be held by a Pokémon. This exotic-smelling incense makes the holder bloated and slow moving.
full-incense,sword-shield,An item to be held by a Pokémon. This exotic-smelling incense makes the holder bloated and slow moving.
full-incense,ultra-sun-ultra-moon,An item to be held by a Pokémon. This exotic-smelling incense makes the holder bloated and slow moving.
full-incense,x-y,An item to be held by a Pokémon. This exotic-smelling incense makes the holder bloated and slow moving.
full-restore,crystal,Fully restores HP & status.
full-restore,diamond-pearl,A medicine that fully restores the HP and heals any status problems of a single Pokémon.
full-restore,emerald,Fully restores the HP and status of a Pokémon.
full-restore,firered-leafgreen,A medicine that fully restores the HP and heals any status problems of one Pokémon.
full-restore,gold-silver,Fully restores HP & status.
full-restore,platinum,A medicine that fully restores the HP and heals any status problems of a single Pokémon.
full-restore,ruby-sapphire,Fully restores the HP and status of a Pokémon.
full-restore,scarlet-violet,A medicine that can be used to fully restore the max HP of a Pokémon and cure any status conditions it may have.
galactic-key,black-2-white-2,"A card key for disengaging the security systems in the Galactic HQ. Losing it can result in punishment, apparently."
galactic-key,black-white,"A card key for disengaging the security systems in the Galactic HQ. Losing it can result in punishment, apparently."
galactic-key,brilliant-diamond-shining-pearl,"A card key for disengaging the security systems in the Galactic HQ. Losing it can result in punishment, apparently."
galactic-key,diamond-pearl,"A card key for disengaging security systems in the Galactic HQ. Losing it can result in punishment, apparently."
galactic-key,heartgold-soulsilver,"A card key for disengaging security systems in the Galactic HQ. Losing it can result in punishment, apparently."
galactic-key,omega-ruby-alpha-sapphire,"A card key for disengaging the security systems in the Galactic HQ. Losing it can result in punishment, apparently."
galactic-key,platinum,"A card key for disengaging security systems in the Galactic HQ. Losing it can result in punishment, apparently."
galactic-key,sun-moon,"A card key for disengaging the security systems in the Galactic HQ. Losing it can result in punishment, apparently."
galactic-key,ultra-sun-ultra-moon,"A card key for disengaging the security systems in the Galactic HQ. Losing it can result in punishment, apparently."
galactic-key,x-y,"A card key for disengaging the security systems in the Galactic HQ. Losing it can result in punishment, apparently."
galarica-cuff,brilliant-diamond-shining-pearl,A cuff made from woven-together Galarica Twigs. Giving it to Galarian Slowpoke makes the Pokémon very happy.
galarica-cuff,legends-arceus,A cuff made from woven-together Galarica Twigs. Giving it to Galarian Slowpoke makes the Pokémon very happy.
galarica-cuff,legends-za,A cuff made from woven-together Galarica Twigs. Giving it to a Galarian Slowpoke makes the Pokémon very happy.
galarica-cuff,scarlet-violet,A cuff made from woven-together Galarica Twigs. Giving it to a Galarian Slowpoke makes the Pokémon very happy.
galarica-cuff,sword-shield,A cuff made from woven-together Galarica Twigs. Giving it to Galarian Slowpoke makes the Pokémon very happy.
galarica-twig,brilliant-diamond-shining-pearl,A twig from a species of tree called Galarica that grows in certain areas around the Galar region. It's a material for an accessory for a certain Pokémon.
galarica-twig,legends-arceus,A twig from a species of tree called Galarica that grows in certain areas around the Galar region. It's a material for an accessory for a certain Pokémon.
galarica-twig,scarlet-violet,A twig from a species of tree called Galarica that grows in certain areas around the Galar region. It's a material for an accessory for a certain Pokémon.
galarica-twig,sword-shield,A twig from a species of tree called Galarica that grows in certain areas around the Galar region. It's a material for an accessory for a certain Pokémon.
galarica-wreath,brilliant-diamond-shining-pearl,A wreath made from woven-together Galarica Twigs. Placing it on the head of a Galarian Slowpoke makes the Pokémon very happy.
galarica-wreath,legends-arceus,A wreath made from woven-together Galarica Twigs. Placing it on the head of a Galarian Slowpoke makes the Pokémon very happy.
galarica-wreath,legends-za,A wreath made from woven-together Galarica Twigs. Placing it on the head of a Galarian Slowpoke makes the Pokémon very happy.
galarica-wreath,scarlet-violet,A wreath made from woven-together Galarica Twigs. Placing it on the head of a Galarian Slowpoke makes the Pokémon very happy.
galarica-wreath,sword-shield,A wreath made from woven-together Galarica Twigs. Placing it on the head of a Galarian Slowpoke makes the Pokémon very happy.
galladite,brilliant-diamond-shining-pearl,"One of a variety of mysterious Mega Stones. Have Gallade hold it, and this stone will enable it to Mega Evolve during battle."
galladite,legends-arceus,"One of a variety of mysterious Mega Stones. Have Gallade hold it, and this stone will enable it to Mega Evolve during battle."
galladite,legends-za,One of a variety of mysterious Mega Stones. A Gallade holding this stone will be able to Mega Evolve during battle.
galladite,lets-go-pikachu-lets-go-eevee,"One of a variety of mysterious Mega Stones. Have Gallade hold it, and this stone will enable it to Mega Evolve during battle."
galladite,omega-ruby-alpha-sapphire,"One of a variety of mysterious Mega Stones. Have Gallade hold it, and this stone will enable it to Mega Evolve during battle."
galladite,scarlet-violet,"One of a variety of mysterious Mega Stones. Have Gallade hold it, and this stone will enable it to Mega Evolve during battle."
galladite,sun-moon,"One of a variety of mysterious Mega Stones. Have Gallade hold it, and this stone will enable it to Mega Evolve during battle."
galladite,sword-shield,"One of a variety of mysterious Mega Stones. Have Gallade hold it, and this stone will enable it to Mega Evolve during battle."
galladite,ultra-sun-ultra-moon,"One of a variety of mysterious Mega Stones. Have Gallade hold it, and this stone will enable it to Mega Evolve during battle."
ganlon-berry,diamond-pearl,"A Poffin ingredient. If held by a Pokémon, it raises its Defense stat in a pinch."
ganlon-berry,emerald,A hold item that raises Defense in a pinch.
ganlon-berry,platinum,"A Poffin ingredient. If held by a Pokémon, it raises its Defense stat in a pinch."
ganlon-berry,ruby-sapphire,A hold item that raises Defense in a pinch.
ganlon-berry,scarlet-violet,"If a Pokémon holds one of these Berries, its Defense stat will be boosted should it find itself in a pinch."
garchompite,legends-za,One of a variety of mysterious Mega Stones. A Garchomp holding this stone will be able to Mega Evolve during battle.
garchompite,omega-ruby-alpha-sapphire,"One of a variety of mysterious Mega Stones. Have Garchomp hold it, and this stone will enable it to Mega Evolve during battle."
garchompite,sun-moon,"One of a variety of mysterious Mega Stones. Have Garchomp hold it, and this stone will enable it to Mega Evolve during battle."
garchompite,ultra-sun-ultra-moon,"One of a variety of mysterious Mega Stones. Have Garchomp hold it, and this stone will enable it to Mega Evolve during battle."
garchompite,x-y,"One variety of the mysterious Mega Stones. Have Garchomp hold it, and this stone will enable it to Mega Evolve during battle."
garchompite-z,legends-za,One of a variety of mysterious Mega Stones. A Garchomp holding this stone will be able to Mega Evolve during battle.
gardevoirite,legends-za,One of a variety of mysterious Mega Stones. A Gardevoir holding this stone will be able to Mega Evolve during battle.
gardevoirite,omega-ruby-alpha-sapphire,"One of a variety of mysterious Mega Stones. Have Gardevoir hold it, and this stone will enable it to Mega Evolve during battle."
gardevoirite,x-y,"One variety of the mysterious Mega Stones. Have Gardevoir hold it, and this stone will enable it to Mega Evolve during battle."
gb-sounds,black-2-white-2,A music player that allows you to listen to nostalgic songs. It's operated with a single switch.
gb-sounds,black-white,A music player that allows you to listen to nostalgic songs. It's operated with a single switch.
gb-sounds,brilliant-diamond-shining-pearl,A music player that allows you to listen to nostalgic songs. It's operated with the flip of a single switch.
gb-sounds,heartgold-soulsilver,A music player that allows you to listen to nostalgic songs. It's operated with a single switch.
gb-sounds,legends-arceus,A music player that allows you to listen to nostalgic songs. It's operated with the flip of a single switch.
gb-sounds,lets-go-pikachu-lets-go-eevee,A music player that allows you to listen to nostalgic songs. It's operated with the flip of a single switch.
gb-sounds,omega-ruby-alpha-sapphire,A music player that allows you to listen to nostalgic songs. It's operated with the flip of a single switch.
gb-sounds,scarlet-violet,A music player that allows you to listen to nostalgic songs. It's operated with the flip of a single switch.
gb-sounds,sun-moon,A music player that allows you to listen to nostalgic songs. It's operated with the flip of a single switch.
gb-sounds,sword-shield,A music player that allows you to listen to nostalgic songs. It's operated with the flip of a single switch.
gb-sounds,ultra-sun-ultra-moon,A music player that allows you to listen to nostalgic songs. It's operated with the flip of a single switch.
gb-sounds,x-y,A music player that allows you to listen to nostalgic songs. It's operated with the flip of a single switch.
gengarite,legends-za,One of a variety of mysterious Mega Stones. A Gengar holding this stone will be able to Mega Evolve during battle.
gengarite,lets-go-pikachu-lets-go-eevee,One of a variety of mysterious Mega Stones. This stone will enable Gengar to Mega Evolve during battle.
gengarite,omega-ruby-alpha-sapphire,"One of a variety of mysterious Mega Stones. Have Gengar hold it, and this stone will enable it to Mega Evolve during battle."
gengarite,x-y,"One variety of the mysterious Mega Stones. Have Gengar hold it, and this stone will enable it to Mega Evolve during battle."
genius-feather,black-2-white-2,An item for use on a Pokémon. It slightly increases the base Sp. Atk stat of a single Pokémon.
genius-feather,black-white,An item for use on a Pokémon. It slightly increases the base Sp. Atk stat of a single Pokémon.
genius-feather,brilliant-diamond-shining-pearl,An item for use on a Pokémon. It slightly increases the Sp. Atk base points of a single Pokémon.
genius-feather,legends-arceus,An item for use on a Pokémon. It slightly increases the Sp. Atk base points of a single Pokémon.
genius-feather,lets-go-pikachu-lets-go-eevee,An item for use on a Pokémon. It slightly increases the base Sp. Atk stat of a single Pokémon.
genius-feather,omega-ruby-alpha-sapphire,An item for use on a Pokémon. It slightly increases the base Sp. Atk stat of a single Pokémon.
genius-feather,scarlet-violet,An item to be used on a Pokémon. This feather slightly increases base points for a Pokémon's Sp. Atk stat.
genius-feather,sun-moon,An item for use on a Pokémon. It slightly increases the base Sp. Atk stat of a single Pokémon.
genius-feather,sword-shield,An item for use on a Pokémon. It slightly increases the Sp. Atk base points of a single Pokémon.
genius-feather,ultra-sun-ultra-moon,An item for use on a Pokémon. It slightly increases the base Sp. Atk stat of a single Pokémon.
genius-feather,x-y,An item for use on a Pokémon. It slightly increases the base Sp. Atk stat of a single Pokémon.
genius-mochi,scarlet-violet,A mochi cake with Berries kneaded into its dough. It increases base points for a Pokémon's Sp. Atk stat.
genome-slate,brilliant-diamond-shining-pearl,A slate overflowing with enigmatic energy. You can feel a strong connection between it and the Genome Room at Ramanas Park.
genome-slate,scarlet-violet,A slate overflowing with enigmatic energy. You can feel a strong connection between it and the Genome Room at Ramanas Park.
gentle-mint,brilliant-diamond-shining-pearl,"When a Pokémon smells this mint, its Sp. Def will grow more easily, but its Defense will grow more slowly."
gentle-mint,legends-arceus,"When a Pokémon smells this mint, its Sp. Def will grow more easily, but its Defense will grow more slowly."
gentle-mint,scarlet-violet,"Having a Pokémon smell this mint can make its Sp. Def stat grow stronger. However, its Defense stat may suffer."
gentle-mint,sword-shield,"When a Pokémon smells this mint, its Sp. Def will grow more easily, but its Defense will grow more slowly."
ghost-gem,black-2-white-2,"A gem with a spectral essence. When held, it strengthens the power of a Ghost-type move only once."
ghost-gem,black-white,"A gem with a spectral essence. When held, it strengthens the power of a Ghost-type move only once."
ghost-gem,omega-ruby-alpha-sapphire,"A gem with a spectral essence. When held, it strengthens the power of a Ghost-type move one time."
ghost-gem,scarlet-violet,An item to be held by a Pokémon. This gem is imbued with the essence of ghosts and will boost the power of a Ghost-type move—but only once.
ghost-gem,sun-moon,"A gem with a spectral essence. When held, it strengthens the power of a Ghost-type move one time."
ghost-gem,ultra-sun-ultra-moon,"A gem with a spectral essence. When held, it strengthens the power of a Ghost-type move one time."
ghost-gem,x-y,"A gem with a spectral essence. When held, it strengthens the power of a Ghost-type move one time."
ghost-memory,brilliant-diamond-shining-pearl,A memory disc that contains Ghost-type data. It changes the type of the holder if held by a certain species of Pokémon.
ghost-memory,legends-arceus,A memory disc that contains Ghost-type data. It changes the type of the holder if held by a certain species of Pokémon.
ghost-memory,scarlet-violet,A memory disc that contains Ghost-type data. It changes the type of the holder if held by a certain species of Pokémon.
ghost-memory,sun-moon,A memory disc that contains Ghost-type data. It changes the type of the holder if held by a certain species of Pokémon.
ghost-memory,sword-shield,A memory disc that contains Ghost-type data. It changes the type of the holder if held by a certain species of Pokémon.
ghost-memory,ultra-sun-ultra-moon,A memory disc that contains Ghost-type data. It changes the type of the holder if held by a certain species of Pokémon.
ghost-tera-shard,scarlet-violet,"On rare occasions, these shards form when a Tera Pokémon falls in battle and its Tera Jewel shatters."
ghostium-z,sun-moon,It converts Z-Power into crystals that upgrade Ghost-type moves to Ghost-type Z-Moves.
ghostium-z,ultra-sun-ultra-moon,It converts Z-Power into crystals that upgrade Ghost-type moves to Ghost-type Z-Moves.
gigantamix,brilliant-diamond-shining-pearl,One of the many ingredients that can be used for cooking at your camp. A mysterious spice. Even a tiny sprinkle is sure to make a curry gigantic.
gigantamix,legends-arceus,One of the many ingredients that can be used for cooking at your camp. A mysterious spice. Even a tiny sprinkle is sure to make a curry gigantic.
gigantamix,scarlet-violet,One of the many ingredients that can be used for cooking at your camp. A mysterious spice. Even a tiny sprinkle is sure to make a curry gigantic.
gigantamix,sword-shield,One of the many ingredients that can be used for cooking at your camp. A mysterious spice. Even a tiny sprinkle is sure to make a curry gigantic.
gigaton-ball,legends-arceus,"The ultimate iteration of the Heavy Ball. A ball that is too heavy to fly high or far, but it is highly effective if you manage to hit an unsuspecting Pokémon."
gigaton-ball,scarlet-violet,"The ultimate iteration of the Heavy Ball. A ball that is too heavy to fly high or far, but it is highly effective if you manage to hit an unsuspecting Pokémon."
glalitite,legends-za,One of a variety of mysterious Mega Stones. A Glalie holding this stone will be able to Mega Evolve during battle.
glalitite,omega-ruby-alpha-sapphire,"One of a variety of mysterious Mega Stones. Have Glalie hold it, and this stone will enable it to Mega Evolve during battle."
glalitite,sun-moon,"One of a variety of mysterious Mega Stones. Have Glalie hold it, and this stone will enable it to Mega Evolve during battle."
glalitite,ultra-sun-ultra-moon,"One of a variety of mysterious Mega Stones. Have Glalie hold it, and this stone will enable it to Mega Evolve during battle."
glastrier-treat,scarlet-violet,A snack made from ingredients favored by the Legendary Pokémon Glastrier.
glimmering-charm,scarlet-violet,Having one of these mysterious glimmering charms increases the number of Tera Shards you receive from Tera Raid Battles.
glimmoranite,legends-za,One of a variety of mysterious Mega Stones. A Glimmora holding this stone will be able to Mega Evolve during battle.
glitter-mail,emerald,A Pikachu-print Mail to be held by a Pokémon.
glitter-mail,firered-leafgreen,A piece of Mail featuring a cute Pikachu print. It is to be held by a Pokémon.
glitter-mail,ruby-sapphire,A Pikachu-print Mail to be held by a Pokémon.
go-goggles,brilliant-diamond-shining-pearl,Nifty goggles to protect eyes from desert sandstorms.
go-goggles,emerald,Nifty goggles that protect eyes from desert sandstorms.
go-goggles,firered-leafgreen,A pair of protective goggles. They enable a Trainer to travel through even desert sandstorms.
go-goggles,legends-arceus,Nifty goggles to protect eyes from desert sandstorms.
go-goggles,omega-ruby-alpha-sapphire,Nifty goggles to protect eyes from desert sandstorms.
go-goggles,ruby-sapphire,Nifty goggles that protect eyes from desert sandstorms.
go-goggles,scarlet-violet,Nifty goggles to protect eyes from desert sandstorms.
go-goggles,sun-moon,Nifty goggles to protect eyes from desert sandstorms.
go-goggles,sword-shield,Nifty goggles to protect eyes from desert sandstorms.
go-goggles,ultra-sun-ultra-moon,Nifty goggles to protect eyes from desert sandstorms.
gold-berry,crystal,"A self-restore item. (30HP, HOLD)"
gold-berry,gold-silver,"A self-restore item. (30HP, HOLD)"
gold-bottle,scarlet-violet,"A popular option among hikers. It's made with titanium, so it doesn't rust even if it's used to hold drinks with high sodium content."
gold-bottle-cap,legends-za,"A lovely gold bottle cap, which is even rarer than a regular silver one. Certain people are delighted to be given one of these."
gold-bottle-cap,scarlet-violet,"A lovely gold bottle cap, which is even rarer than a silver bottle cap. Certain people are delighted to be given one of these."
gold-bottle-cap,sun-moon,A beautiful bottle cap that gives off a golden gleam. Some people are happy to receive one.
gold-canari-plush-lv-1,legends-za,A plush doll of Canari that holds a gold charm. Having one of these increases the prize money you receive from battles by a little.
gold-canari-plush-lv-2,legends-za,A plush doll of Canari that holds a gold charm. Having one of these increases the prize money you receive from battles.
gold-canari-plush-lv-3,legends-za,A plush doll of Canari that holds a gold charm. Having one of these increases the prize money you receive from battles by a lot.
gold-cup,scarlet-violet,"A popular option among hikers. It's made with titanium, so it doesn't rust even if it's used to hold drinks with high sodium content."
gold-leaf,brilliant-diamond-shining-pearl,A mysterious gold leaf. No trees with this leaf have been found yet.
gold-leaf,crystal,"A strange, gold-colored leaf."
gold-leaf,gold-silver,"A strange, gold-colored leaf."
gold-leaf,legends-arceus,A mysterious gold leaf. No trees with this leaf have been found yet.
gold-leaf,lets-go-pikachu-lets-go-eevee,A mysterious gold leaf. No trees with this leaf have been found yet.
gold-leaf,scarlet-violet,A mysterious gold leaf. No trees with this leaf have been found yet.
gold-leaf,sword-shield,A mysterious gold leaf. No trees with this leaf have been found yet.
gold-pick,scarlet-violet,"A golden pick that oozes class. Using it on a sandwich lends an extravagant air that'll make you want to eat up, even if you don't love the fillings."
gold-teeth,emerald,Gold dentures lost by the Safari Zone's Warden.
gold-teeth,firered-leafgreen,A set of false teeth lost by the Safari Zone's Warden. It makes his smile sparkle.
gold-teeth,lets-go-pikachu-lets-go-eevee,A set of golden false teeth lost by the Safari Zone's warden. They make his smile sparkle.
gold-teeth,stadium,Apparently lost and desperately sought by the Safari Zone Warden.
golden-nanab-berry,brilliant-diamond-shining-pearl,A Berry that calms wild Pokémon you're trying to catch drastically when given to them.
golden-nanab-berry,legends-arceus,A Berry that calms wild Pokémon you're trying to catch drastically when given to them.
golden-nanab-berry,lets-go-pikachu-lets-go-eevee,A Berry that calms wild Pokémon you're trying to catch drastically when given to them.
golden-nanab-berry,scarlet-violet,A Berry that drastically calms Pokémon you're trying to catch when given to them.
golden-nanab-berry,sword-shield,A Berry that calms wild Pokémon you're trying to catch drastically when given to them.
golden-pinap-berry,brilliant-diamond-shining-pearl,A Berry that makes you drastically more likely to get an item when given to Pokémon you're trying to catch.
golden-pinap-berry,legends-arceus,A Berry that makes you drastically more likely to get an item when given to Pokémon you're trying to catch.
golden-pinap-berry,lets-go-pikachu-lets-go-eevee,A Berry that makes you drastically more likely to get an item when given to Pokémon you're trying to catch.
golden-pinap-berry,scarlet-violet,A Berry that makes you drastically more likely to get an item when given to Pokémon you're trying to catch.
golden-pinap-berry,sword-shield,A Berry that makes you drastically more likely to get an item when given to Pokémon you're trying to catch.
golden-razz-berry,brilliant-diamond-shining-pearl,A Berry that makes it drastically easier to catch Pokémon when given to them.
golden-razz-berry,legends-arceus,A Berry that makes it drastically easier to catch Pokémon when given to them.
golden-razz-berry,lets-go-pikachu-lets-go-eevee,A Berry that makes it drastically easier to catch Pokémon when given to them.
golden-razz-berry,scarlet-violet,A Berry that makes it drastically easier to catch Pokémon when given to them.
golden-razz-berry,sword-shield,A Berry that makes it drastically easier to catch Pokémon when given to them.
golisopite,legends-za,One of a variety of mysterious Mega Stones. A Golisopod holding this stone will be able to Mega Evolve during battle.
golurkite,legends-za,One of a variety of mysterious Mega Stones. A Golurk holding this stone will be able to Mega Evolve during battle.
good-rod,crystal,A good Rod for catching Pokémon.
good-rod,diamond-pearl,"A new, good-quality fishing rod. Use it by any body of water to fish for wild aquatic Pokémon."
good-rod,emerald,A decent fishing rod for catching wild Pokémon.
good-rod,firered-leafgreen,"A new, good-quality fishing rod. Use it by any body of water to fish for wild Pokémon."
good-rod,gold-silver,A good Rod for catching Pokémon.
good-rod,platinum,"A new, good-quality fishing rod. Use it by any body of water to fish for wild aquatic Pokémon."
good-rod,ruby-sapphire,A decent fishing rod for catching wild Pokémon.
good-rod,scarlet-violet,"A new, good-quality fishing rod. Use it at bodies of water to fish for Pokémon."
gooey-mulch,black-2-white-2,A fertilizer to be spread on soft soil in regions where Berries are grown. A maniac will buy it for a high price.
gooey-mulch,black-white,A fertilizer to be spread on soft soil in regions where Berries are grown. A maniac will buy it for a high price.
gooey-mulch,brilliant-diamond-shining-pearl,"A fertilizer for growing Berries. However, it appears to be unsuitable for the soil in the Hoenn region and has no effect."
gooey-mulch,diamond-pearl,A plant fertilizer spread on soft soil. It ups the number of times new plants grow where mature plants withered.
gooey-mulch,heartgold-soulsilver,A fertilizer to be spread on soft soil. It ups the number of times new plants grow where mature plants withered.
gooey-mulch,legends-arceus,"A fertilizer for growing Berries. However, it appears to be unsuitable for the soil in the Hoenn region and has no effect."
gooey-mulch,omega-ruby-alpha-sapphire,"A fertilizer for growing Berries. However, it appears to be unsuitable for the soil in the Hoenn region and has no effect."
gooey-mulch,platinum,A plant fertilizer spread on soft soil. It ups the number of times new plants grow where mature plants withered.
gooey-mulch,scarlet-violet,"A fertilizer for growing Berries. However, it appears to be unsuitable for the soil in the Hoenn region and has no effect."
gooey-mulch,sun-moon,"A fertilizer for growing Berries. However, it appears to be unsuitable for the soil in the Hoenn region and has no effect."
gooey-mulch,sword-shield,"A fertilizer for growing Berries. However, it appears to be unsuitable for the soil in the Hoenn region and has no effect."
gooey-mulch,ultra-sun-ultra-moon,"A fertilizer for growing Berries. However, it appears to be unsuitable for the soil in the Hoenn region and has no effect."
gooey-mulch,x-y,A fertilizer to be spread on soft soil in regions where Berries are grown.
gorgeous-box,crystal,Open it and see what's inside.
gorgeous-box,gold-silver,Open it and see what's inside.
gracidea,legends-arceus,"A flower sometimes bundled in bouquets to convey gratitude on special occasions, such as birthdays or anniversaries."
gracidea,platinum,A flower sometimes bundled in bouquets to convey gratitude on special occasions like birthdays.
gracidea,scarlet-violet,"A flower sometimes bundled into a bouquet to be given as an expression of gratitude on special occasions, such as birthdays and anniversaries."
gracidea,sword-shield,"A flower sometimes bundled in bouquets to convey gratitude on special occasions, such as birthdays."
grain-cake,legends-arceus,A cake made by combining grains with a Cake-Lure Base. These cakes are potently effective at attracting Pokémon that dwell and wander among the fields.
gram-1,black-white,An important letter which Wingull delivers.
gram-2,black-white,An important letter which Wingull delivers.
gram-3,black-white,An important letter which Wingull delivers.
grass-gem,black-2-white-2,"A gem with an essence of nature. When held, it strengthens the power of a Grass-type move only once."
grass-gem,black-white,"A gem with an essence of nature. When held, it strengthens the power of a Grass-type move only once."
grass-gem,omega-ruby-alpha-sapphire,"A gem with an essence of nature. When held, it strengthens the power of a Grass-type move one time."
grass-gem,scarlet-violet,An item to be held by a Pokémon. This gem is imbued with the essence of plants and will boost the power of a Grass-type move—but only once.
grass-gem,sun-moon,"A gem with an essence of nature. When held, it strengthens the power of a Grass-type move one time."
grass-gem,ultra-sun-ultra-moon,"A gem with an essence of nature. When held, it strengthens the power of a Grass-type move one time."
grass-gem,x-y,"A gem with an essence of nature. When held, it strengthens the power of a Grass-type move one time."
grass-mail,diamond-pearl,Stationery featuring a print of a refreshingly green field. Let a Pokémon hold it for delivery.
grass-mail,heartgold-soulsilver,Stationery featuring a print of a refreshingly green field. Let a Pokémon hold it for delivery.
grass-mail,platinum,Stationery featuring a print of a refreshingly green field. Let a Pokémon hold it for delivery.
grass-memory,brilliant-diamond-shining-pearl,A memory disc that contains Grass-type data. It changes the type of the holder if held by a certain species of Pokémon.
grass-memory,legends-arceus,A memory disc that contains Grass-type data. It changes the type of the holder if held by a certain species of Pokémon.
grass-memory,scarlet-violet,A memory disc that contains Grass-type data. It changes the type of the holder if held by a certain species of Pokémon.
grass-memory,sun-moon,A memory disc that contains Grass-type data. It changes the type of the holder if held by a certain species of Pokémon.
grass-memory,sword-shield,A memory disc that contains Grass-type data. It changes the type of the holder if held by a certain species of Pokémon.
grass-memory,ultra-sun-ultra-moon,A memory disc that contains Grass-type data. It changes the type of the holder if held by a certain species of Pokémon.
grass-tera-shard,scarlet-violet,"On rare occasions, these shards form when a Tera Pokémon falls in battle and its Tera Jewel shatters."
grassium-z,brilliant-diamond-shining-pearl,It converts Z-Power into crystals that upgrade Grass-type moves to Grass-type Z-Moves.
grassium-z,legends-arceus,It converts Z-Power into crystals that upgrade Grass-type moves to Grass-type Z-Moves.
grassium-z,scarlet-violet,It converts Z-Power into crystals that upgrade Grass-type moves to Grass-type Z-Moves.
grassium-z,sun-moon,It converts Z-Power into crystals that upgrade Grass-type moves to Grass-type Z-Moves.
grassium-z,sword-shield,It converts Z-Power into crystals that upgrade Grass-type moves to Grass-type Z-Moves.
grassium-z,ultra-sun-ultra-moon,It converts Z-Power into crystals that upgrade Grass-type moves to Grass-type Z-Moves.
grassy-seed,brilliant-diamond-shining-pearl,An item to be held by a Pokémon. It boosts Defense on Grassy Terrain. It can only be used once.
grassy-seed,legends-arceus,An item to be held by a Pokémon. It boosts Defense on Grassy Terrain. It can only be used once.
grassy-seed,scarlet-violet,"An item to be held by a Pokémon. If the terrain becomes Grassy Terrain, the holder will use this seed to boost its own Defense stat."
grassy-seed,sun-moon,An item to be held by a Pokémon. It boosts Defense on Grassy Terrain. It can only be used once.
grassy-seed,sword-shield,An item to be held by a Pokémon. It boosts Defense on Grassy Terrain. It can only be used once.
great-ball,diamond-pearl,"A good, high-performance Ball that provides a higher Pokémon catch rate than a standard Poké Ball."
great-ball,emerald,A good Ball with a higher catch rate than a Poké Ball.
great-ball,platinum,"A good, high-performance Ball that provides a higher Pokémon catch rate than a standard Poké Ball."
great-ball,ruby-sapphire,A good Ball with a higher catch rate than a Poké Ball.
great-ball,scarlet-violet,"A good, high-performance Poké Ball that provides a higher success rate for catching Pokémon than a standard Poké Ball."
great-ball-hisuian,legends-arceus,A mysterious ball that provides a higher success rate for catching Pokémon than a standard Poké Ball.
great-ball-hisuian,scarlet-violet,A mysterious ball that provides a higher success rate for catching Pokémon than a standard Poké Ball does.
great-butter,legends-za,"A great pack of butter found in Hyperspace Lumiose. With it, you should be able to make even higher quality donuts than before."
green-apricorn,black-2-white-2,"A green Apricorn. It has a mysterious, aromatic scent."
green-apricorn,black-white,"A green Apricorn. It has a mysterious, aromatic scent."
green-apricorn,brilliant-diamond-shining-pearl,"A green Apricorn. It has a mysterious, aromatic scent."
green-apricorn,crystal,A green Apricorn.
green-apricorn,gold-silver,A green Apricorn.
green-apricorn,heartgold-soulsilver,"A green Apricorn. It has a mysterious, aromatic scent."
green-apricorn,legends-arceus,"A green Apricorn. It has a mysterious, aromatic scent."
green-apricorn,lets-go-pikachu-lets-go-eevee,"A green Apricorn. It has a mysterious, aromatic scent."
green-apricorn,omega-ruby-alpha-sapphire,"A green Apricorn. It has a mysterious, aromatic scent."
green-apricorn,scarlet-violet,A green Apricorn. It has a mysterious and aromatic scent.
green-apricorn,sun-moon,"A green Apricorn. It has a mysterious, aromatic scent."
green-apricorn,sword-shield,"A green Apricorn. It has a mysterious, aromatic scent."
green-apricorn,ultra-sun-ultra-moon,"A green Apricorn. It has a mysterious, aromatic scent."
green-apricorn,x-y,"A green Apricorn. It has a mysterious, aromatic scent."
green-bell-pepper,scarlet-violet,"An ingredient with some bitterness. When sliced, it adds a nice accent to a sandwich."
green-canari-plush-lv-1,legends-za,A plush doll of Canari that holds a green charm. Having one of these makes you a little less likely to black out from taking damage.
green-canari-plush-lv-2,legends-za,A plush doll of Canari that holds a green charm. Having one of these makes you less likely to black out from taking damage.
green-canari-plush-lv-3,legends-za,A plush doll of Canari that holds a green charm. Having one of these makes you a lot less likely to black out from taking damage.
green-dish,scarlet-violet,A dish for picnics. Comes in plenty of colors to choose from based on the food or the mood. The green variety is quite popular.
green-petal,brilliant-diamond-shining-pearl,A pressed flower petal you receive from Mallow during Mina's trial. The goal is to collect seven different kinds of petals.
green-petal,legends-arceus,A pressed flower petal you receive from Mallow during Mina's trial. The goal is to collect seven different kinds of petals.
green-petal,lets-go-pikachu-lets-go-eevee,A pressed flower petal you receive from Mallow during Mina's trial. The goal is to collect seven different kinds of petals.
green-petal,scarlet-violet,A pressed flower petal you receive from Mallow during Mina's trial. The goal is to collect seven different kinds of petals.
green-petal,sword-shield,A pressed flower petal you receive from Mallow during Mina's trial. The goal is to collect seven different kinds of petals.
green-petal,ultra-sun-ultra-moon,A pressed flower petal you receive from Mallow during Mina's trial. The goal is to collect seven different kinds of petals.
green-poke-ball-pick,scarlet-violet,A sandwich pick with a simple green Poké Ball design. Often used by Trainers who picked a Grass-type Pokémon for their first partner.
green-scarf,diamond-pearl,"An item to be held by a Pokémon. It boosts the ""Smart"" aspect of the holder in a Contest."
green-scarf,emerald,A hold item that raises Smart in Contests.
green-scarf,firered-leafgreen,An item to be held by a Pokémon. It boosts the holding Pokémon's Smart condition in Contests.
green-scarf,omega-ruby-alpha-sapphire,"An item to be held by a Pokémon. During a contest, it raises the Clever aspect of the Pokémon holding it."
green-scarf,platinum,"An item to be held by a Pokémon. It boosts the ""Smart"" aspect of the holder in a Contest."
green-scarf,ruby-sapphire,A hold item that raises Smart in Contests.
green-shard,black-2-white-2,A small green shard. It appears to be from some sort of implement made long ago.
green-shard,black-white,A small green shard. It appears to be from some sort of implement made long ago.
green-shard,brilliant-diamond-shining-pearl,A small green shard. It appears to be a fragment of some sort of implement made long ago.
green-shard,diamond-pearl,A small green shard. It appears to be from some sort of implement made long ago.
green-shard,emerald,A shard from an ancient item. Can be sold cheaply.
green-shard,firered-leafgreen,A small green shard. It appears to be from some sort of a tool made long ago.
green-shard,heartgold-soulsilver,A small green shard. It appears to be from some sort of implement made long ago.
green-shard,legends-arceus,A small green shard. It appears to be a fragment of some sort of implement made long ago.
green-shard,omega-ruby-alpha-sapphire,A small green shard. It appears to be a fragment of some sort of implement made long ago.
green-shard,platinum,A small green shard. It appears to be from some sort of implement made long ago.
green-shard,ruby-sapphire,A shard from an ancient item. Can be sold cheaply.
green-shard,scarlet-violet,A small green shard. It appears to be a fragment of some sort of implement made long ago.
green-shard,sun-moon,A small green shard. It appears to be a fragment of some sort of implement made long ago.
green-shard,sword-shield,A small green shard. It appears to be a fragment of some sort of implement made long ago.
green-shard,ultra-sun-ultra-moon,A small green shard. It appears to be a fragment of some sort of implement made long ago.
green-shard,x-y,A small green shard. It appears to be a fragment of some sort of implement made long ago.
greet-mail,black-2-white-2,Stationery designed for introductory greetings. Let a Pokémon hold it for delivery.
greet-mail,black-white,Stationery designed for introductory greetings. Let a Pokémon hold it for delivery.
greet-mail,x-y,Stationery designed to be easy to use when writing someone for the first time. Have a Pokémon hold it for delivery.
greninjite,legends-za,One of a variety of mysterious Mega Stones. A Greninja holding this stone will be able to Mega Evolve during battle.
grepa-berry,diamond-pearl,"Using it on a Pokémon makes it more friendly, but it also lowers its base Sp. Def stat."
grepa-berry,emerald,Makes a Pokémon friendly but lowers base Sp. Def.
grepa-berry,platinum,"Using it on a Pokémon makes it more friendly, but it also lowers its base Sp. Def stat."
grepa-berry,ruby-sapphire,Pokéblock ingredient. Plant in loamy soil to grow Grepa.
grepa-berry,scarlet-violet,"If a Pokémon is fed this Berry, it will grow more friendly, but it will lose base points for its Sp. Def stat."
grepa-berry,sword-shield,A Berry to be consumed by Pokémon. Using it makes it more friendly but lowers its Sp. Def base points.
grip-claw,black-2-white-2,A Pokémon held item that extends the duration of multiturn attacks like Bind and Wrap.
grip-claw,black-white,A Pokémon held item that extends the duration of multiturn attacks like Bind and Wrap.
grip-claw,brilliant-diamond-shining-pearl,"An item to be held by a Pokémon. It extends the duration of multi-turn attacks, such as Bind and Wrap."
grip-claw,diamond-pearl,A Pokémon hold item that extends the duration of multiturn attacks like Bind and Wrap.
grip-claw,heartgold-soulsilver,A Pokémon held item that extends the duration of multiturn attacks like Bind and Wrap.
grip-claw,legends-arceus,"An item to be held by a Pokémon. It extends the duration of multi-turn attacks, such as Bind and Wrap."
grip-claw,lets-go-pikachu-lets-go-eevee,"An item to be held by a Pokémon. It extends the duration of multi-turn attacks, such as Bind and Wrap."
grip-claw,omega-ruby-alpha-sapphire,An item to be held by a Pokémon. It extends the duration of multi-turn attacks like Bind and Wrap.
grip-claw,platinum,A Pokémon hold item that extends the duration of multiturn attacks like Bind and Wrap.
grip-claw,scarlet-violet,"An item to be held by a Pokémon. When the holder uses moves that deal damage over several turns, such as Bind or Wrap, their effects will last longer than usual."
grip-claw,sun-moon,An item to be held by a Pokémon. It extends the duration of multi-turn attacks like Bind and Wrap.
grip-claw,sword-shield,"An item to be held by a Pokémon. It extends the duration of multi-turn attacks, such as Bind and Wrap."
grip-claw,ultra-sun-ultra-moon,An item to be held by a Pokémon. It extends the duration of multi-turn attacks like Bind and Wrap.
grip-claw,x-y,An item to be held by a Pokémon. It extends the duration of multi-turn attacks like Bind and Wrap.
griseous-core,legends-arceus,"When used on Giratina, this large, glowing gem wells with power and allows the Pokémon to change form."
griseous-core,scarlet-violet,"An item to be held by Giratina. This large, glowing gem wells with power and allows the Pokémon to change form."
griseous-orb,black-2-white-2,A glowing orb to be held by Giratina. It boosts the power of Dragon- and Ghost-type moves.
griseous-orb,black-white,A glowing orb to be held by Giratina. It boosts the power of Dragon- and Ghost-type moves.
griseous-orb,brilliant-diamond-shining-pearl,A glowing orb to be held by Giratina. It boosts the power of Dragon- and Ghost-type moves when it is held.
griseous-orb,heartgold-soulsilver,A glowing orb to be held by Giratina. It boosts the power of Dragon- and Ghost-type moves.
griseous-orb,legends-arceus,A glowing orb to be held by Giratina. It boosts the power of Dragon- and Ghost-type moves when it is held.
griseous-orb,omega-ruby-alpha-sapphire,A glowing orb to be held by Giratina. It boosts the power of Dragon- and Ghost-type moves when it is held.
griseous-orb,platinum,A glowing orb to be held by Giratina. It boosts the power of Dragon- and Ghost-type moves.
griseous-orb,scarlet-violet,A shining gem to be held by Giratina. It boosts the power of Giratina's Dragon- and Ghost-type moves.
griseous-orb,sun-moon,A glowing orb to be held by Giratina. It boosts the power of Dragon- and Ghost-type moves when it is held.
griseous-orb,sword-shield,A glowing orb to be held by Giratina. It boosts the power of Dragon- and Ghost-type moves when it is held.
griseous-orb,ultra-sun-ultra-moon,A glowing orb to be held by Giratina. It boosts the power of Dragon- and Ghost-type moves when it is held.
griseous-orb,x-y,A glowing orb to be held by Giratina. It boosts the power of Dragon- and Ghost-type moves when it is held.
grit-dust,legends-arceus,"Mysterious dust that can raise the effort level for one of a Pokémon’s stats. It can be used to raise effort levels only up to level three, however."
grit-dust,scarlet-violet,"Mysterious dust that can raise the effort level for one of a Pokémon’s stats. It can be used to raise effort levels only up to level three, however."
grit-gravel,legends-arceus,Mysterious gravel that can raise the effort level for one of a Pokémon’s stats. It can be used only if the effort level is at least level three and no greater than level five.
grit-gravel,scarlet-violet,Mysterious gravel that can raise the effort level for one of a Pokémon’s stats. It can be used only if the effort level is at least level three and no greater than level five.
grit-pebble,legends-arceus,A mysterious pebble that can raise the effort level for one of a Pokémon’s stats. It can be used only if the effort level is at least level six and no greater than level eight.
grit-pebble,scarlet-violet,A mysterious pebble that can raise the effort level for one of a Pokémon’s stats. It can be used only if the effort level is at least level six and no greater than level eight.
grit-rock,legends-arceus,A mysterious rock that can raise the effort level for one of a Pokémon’s stats. It can be used only if the effort level has already reached level nine.
grit-rock,scarlet-violet,A mysterious rock that can raise the effort level for one of a Pokémon’s stats. It can be used only if the effort level has already reached level nine.
groudon-treat,scarlet-violet,A snack made from ingredients favored by the Legendary Pokémon Groudon.
ground-gem,black-2-white-2,"A gem with an essence of land. When held, it strengthens the power of a Ground-type move only once."
ground-gem,black-white,"A gem with an essence of land. When held, it strengthens the power of a Ground-type move only once."
ground-gem,omega-ruby-alpha-sapphire,"A gem with an essence of land. When held, it strengthens the power of a Ground-type move one time."
ground-gem,scarlet-violet,An item to be held by a Pokémon. This gem is imbued with the essence of the earth and will boost the power of a Ground-type move—but only once.
ground-gem,sun-moon,"A gem with an essence of land. When held, it strengthens the power of a Ground-type move one time."
ground-gem,ultra-sun-ultra-moon,"A gem with an essence of land. When held, it strengthens the power of a Ground-type move one time."
ground-gem,x-y,"A gem with an essence of land. When held, it strengthens the power of a Ground-type move one time."
ground-memory,brilliant-diamond-shining-pearl,A memory disc that contains Ground-type data. It changes the type of the holder if held by a certain species of Pokémon.
ground-memory,legends-arceus,A memory disc that contains Ground-type data. It changes the type of the holder if held by a certain species of Pokémon.
ground-memory,scarlet-violet,A memory disc that contains Ground-type data. It changes the type of the holder if held by a certain species of Pokémon.
ground-memory,sun-moon,A memory disc that contains Ground-type data. It changes the type of the holder if held by a certain species of Pokémon.
ground-memory,sword-shield,A memory disc that contains Ground-type data. It changes the type of the holder if held by a certain species of Pokémon.
ground-memory,ultra-sun-ultra-moon,A memory disc that contains Ground-type data. It changes the type of the holder if held by a certain species of Pokémon.
ground-tera-shard,scarlet-violet,"On rare occasions, these shards form when a Tera Pokémon falls in battle and its Tera Jewel shatters."
groundium-z,brilliant-diamond-shining-pearl,It converts Z-Power into crystals that upgrade Ground-type moves to Ground-type Z-Moves.
groundium-z,legends-arceus,It converts Z-Power into crystals that upgrade Ground-type moves to Ground-type Z-Moves.
groundium-z,lets-go-pikachu-lets-go-eevee,It converts Z-Power into crystals that upgrade Ground-type moves to Ground-type Z-Moves.
groundium-z,scarlet-violet,It converts Z-Power into crystals that upgrade Ground-type moves to Ground-type Z-Moves.
groundium-z,sun-moon,It converts Z-Power into crystals that upgrade Ground-type moves to Ground-type Z-Moves.
groundium-z,sword-shield,It converts Z-Power into crystals that upgrade Ground-type moves to Ground-type Z-Moves.
groundium-z,ultra-sun-ultra-moon,It converts Z-Power into crystals that upgrade Ground-type moves to Ground-type Z-Moves.
growth-mulch,black-2-white-2,A fertilizer to be spread on soft soil in regions where Berries are grown. A maniac will buy it for a high price.
growth-mulch,black-white,A fertilizer to be spread on soft soil in regions where Berries are grown. A maniac will buy it for a high price.
growth-mulch,brilliant-diamond-shining-pearl,"A fertilizer for growing Berries. However, it appears to be unsuitable for the soil in the Hoenn region and has no effect."
growth-mulch,diamond-pearl,"A plant fertilizer spread on soft soil. It speeds up the growth of Berries. However, it also dries the soil faster."
growth-mulch,heartgold-soulsilver,"A fertilizer to be spread on soft soil. It speeds up the growth of Berries. However, it also dries the soil faster."
growth-mulch,legends-arceus,"A fertilizer for growing Berries. However, it appears to be unsuitable for the soil in the Hoenn region and has no effect."
growth-mulch,omega-ruby-alpha-sapphire,"A fertilizer for growing Berries. However, it appears to be unsuitable for the soil in the Hoenn region and has no effect."
growth-mulch,platinum,"A plant fertilizer spread on soft soil. It speeds up the growth of Berries. However, it also dries the soil faster."
growth-mulch,scarlet-violet,"A fertilizer for growing Berries. However, it appears to be unsuitable for the soil in the Hoenn region and has no effect."
growth-mulch,sun-moon,"A fertilizer for growing Berries. However, it appears to be unsuitable for the soil in the Hoenn region and has no effect."
growth-mulch,sword-shield,"A fertilizer for growing Berries. However, it appears to be unsuitable for the soil in the Hoenn region and has no effect."
growth-mulch,ultra-sun-ultra-moon,"A fertilizer for growing Berries. However, it appears to be unsuitable for the soil in the Hoenn region and has no effect."
growth-mulch,x-y,A fertilizer to be spread on soft soil in regions where Berries are grown.
grubby-hanky,black-2-white-2,A handkerchief dropped by a regular at the Café Warehouse. It smells faintly like a Pokémon.
grubby-hanky,brilliant-diamond-shining-pearl,A handkerchief dropped by a regular at the Café Warehouse. It smells faintly like a Pokémon.
grubby-hanky,legends-arceus,A handkerchief dropped by a regular at the Café Warehouse. It smells faintly like a Pokémon.
grubby-hanky,lets-go-pikachu-lets-go-eevee,A handkerchief dropped by a regular at the Café Warehouse. It smells faintly like a Pokémon.
grubby-hanky,omega-ruby-alpha-sapphire,A handkerchief dropped by a regular at the Café Warehouse. It smells faintly like a Pokémon.
grubby-hanky,scarlet-violet,A handkerchief dropped by a regular at Nacrene City's Café Warehouse. It smells faintly like a Pokémon.
grubby-hanky,sun-moon,A handkerchief dropped by a regular at the Café Warehouse. It smells faintly like a Pokémon.
grubby-hanky,sword-shield,A handkerchief dropped by a regular at the Café Warehouse. It smells faintly like a Pokémon.
grubby-hanky,ultra-sun-ultra-moon,A handkerchief dropped by a regular at the Café Warehouse. It smells faintly like a Pokémon.
grubby-hanky,x-y,A handkerchief dropped by a regular at the Café Warehouse. It smells faintly like a Pokémon.
gs-ball,crystal,The mysterious Ball.
gs-ball,stadium-2,The mysterious Ball.
guard-spec,crystal,Prevents stats reduction. (1 BTL)
guard-spec,diamond-pearl,An item that prevents stat reduction among the Trainer's party Pokémon for five turns after use.
guard-spec,emerald,Prevents stat reduction when used in battle.
guard-spec,firered-leafgreen,An item that prevents stat reduction among party Pokémon for five turns after use.
guard-spec,gold-silver,Prevents stat reduction. (1 BTL)
guard-spec,heartgold-soulsilver,An item that prevents stat reduction among the Trainer's party Pokémon for five turns after use.
guard-spec,platinum,An item that prevents stat reduction among the Trainer's party Pokémon for five turns after use.
guard-spec,ruby-sapphire,Prevents stat reduction when used in battle.
guard-spec,scarlet-violet,An item that prevents Pokémon on your side from having their stats lowered in battle for five turns.
guidebook,brilliant-diamond-shining-pearl,A book full of useful information for your adventure.
guidebook,diamond-pearl,A notebook that keeps a day-to-day record of your adventure so far.
guidebook,scarlet-violet,A notebook that keeps a record of your adventure so far.
gyaradosite,legends-za,One of a variety of mysterious Mega Stones. A Gyarados holding this stone will be able to Mega Evolve during battle.
gyaradosite,lets-go-pikachu-lets-go-eevee,One of a variety of mysterious Mega Stones. This stone will enable Gyarados to Mega Evolve during battle.
gyaradosite,omega-ruby-alpha-sapphire,"One of a variety of mysterious Mega Stones. Have Gyarados hold it, and this stone will enable it to Mega Evolve during battle."
gyaradosite,sun-moon,"One of a variety of mysterious Mega Stones. Have Gyarados hold it, and this stone will enable it to Mega Evolve during battle."
gyaradosite,ultra-sun-ultra-moon,"One of a variety of mysterious Mega Stones. Have Gyarados hold it, and this stone will enable it to Mega Evolve during battle."
gyaradosite,x-y,"One variety of the mysterious Mega Stones. Have Gyarados hold it, and this stone will enable it to Mega Evolve during battle."
haban-berry,black-2-white-2,Weakens a super effective Dragon-type attack against the holding Pokémon.
haban-berry,black-white,Weakens a super effective Dragon-type attack against the holding Pokémon.
haban-berry,brilliant-diamond-shining-pearl,"If held by a Pokémon, this Berry will lessen the damage taken from one super effective Dragon-type attack."
haban-berry,diamond-pearl,"A Poffin ingredient. If held by a Pokémon, it weakens a foe's super effective Dragon-type attack."
haban-berry,heartgold-soulsilver,"If held by a Pokémon, it weakens a foe's super effective Dragon-type attack."
haban-berry,legends-arceus,"If held by a Pokémon, this Berry will lessen the damage taken from one super effective Dragon-type attack."
haban-berry,lets-go-pikachu-lets-go-eevee,"If held by a Pokémon, this Berry will lessen the damage taken from one super effective Dragon-type attack."
haban-berry,omega-ruby-alpha-sapphire,"If held by a Pokémon, this Berry will lessen the damage taken from one super effective Dragon-type attack."
haban-berry,platinum,"A Poffin ingredient. If held by a Pokémon, it weakens a foe's super effective Dragon-type attack."
haban-berry,scarlet-violet,"If a Pokémon holding this Berry is hit with a super effective Dragon-type move, the power of that move will be weakened."
haban-berry,sun-moon,"If held by a Pokémon, this Berry will lessen the damage taken from one super effective Dragon-type attack."
haban-berry,sword-shield,"If held by a Pokémon, this Berry will lessen the damage taken from one super effective Dragon-type attack."
haban-berry,ultra-sun-ultra-moon,"If held by a Pokémon, this Berry will lessen the damage taken from one super effective Dragon-type attack."
haban-berry,x-y,"If held by a Pokémon, this Berry will lessen the damage taken from one super effective Dragon-type attack."
ham,scarlet-violet,A very salty ingredient—and that very saltiness is what makes it such a nice companion to veggies.
hamburger,scarlet-violet,This very salty ingredient is the thing to add if you want to make your sandwich truly filling.
harbor-mail,emerald,A Wingull-print Mail to be held by a Pokémon.
harbor-mail,firered-leafgreen,A piece of Mail featuring a cute Wingull print. It is to be held by a Pokémon.
harbor-mail,ruby-sapphire,A Wingull-print Mail to be held by a Pokémon.
hard-stone,crystal,Powers up rock-type moves.
hard-stone,diamond-pearl,An item to be held by a Pokémon. It is an unbreakable stone that ups the power of Rock-type moves.
hard-stone,gold-silver,Powers up rock-type moves.
hard-stone,platinum,An item to be held by a Pokémon. It is an unbreakable stone that ups the power of Rock-type moves.
hard-stone,scarlet-violet,An item to be held by a Pokémon. It's a durable stone that boosts the power of the holder's Rock-type moves.
hasty-mint,brilliant-diamond-shining-pearl,"When a Pokémon smells this mint, its Speed will grow more easily, but its Defense will grow more slowly."
hasty-mint,legends-arceus,"When a Pokémon smells this mint, its Speed will grow more easily, but its Defense will grow more slowly."
hasty-mint,scarlet-violet,"Having a Pokémon smell this mint can make its Speed stat grow stronger. However, its Defense stat may suffer."
hasty-mint,sword-shield,"When a Pokémon smells this mint, its Speed will grow more easily, but its Defense will grow more slowly."
hawluchanite,legends-za,One of a variety of mysterious Mega Stones. A Hawlucha holding this stone will be able to Mega Evolve during battle.
heal-ball,black-2-white-2,A remedial Poké Ball that restores the caught Pokémon's HP and eliminates any status problem.
heal-ball,black-white,A remedial Poké Ball that restores the caught Pokémon's HP and eliminates any status problem.
heal-ball,brilliant-diamond-shining-pearl,A remedial Poké Ball that restores the HP of a Pokémon caught with it and eliminates any status conditions.
heal-ball,diamond-pearl,A remedial Poké Ball that restores the caught Pokémon's HP and eliminates any status problem.
heal-ball,heartgold-soulsilver,A remedial Poké Ball that restores the caught Pokémon's HP and eliminates any status problem.
heal-ball,legends-arceus,A remedial Poké Ball that restores the HP of a Pokémon caught with it and eliminates any status conditions.
heal-ball,legends-za,A remedial Poké Ball that restores HP and eliminates status conditions for a Pokémon caught with it.
heal-ball,lets-go-pikachu-lets-go-eevee,A remedial Poké Ball that restores the HP of a Pokémon caught with it and eliminates any status conditions.
heal-ball,omega-ruby-alpha-sapphire,A remedial Poké Ball that restores the HP of a Pokémon caught with it and eliminates any status conditions.
heal-ball,platinum,A remedial Poké Ball that restores the caught Pokémon's HP and eliminates any status problem.
heal-ball,scarlet-violet,A remedial Poké Ball that restores HP and eliminates status conditions for a Pokémon caught with it.
heal-ball,sun-moon,A remedial Poké Ball that restores the HP of a Pokémon caught with it and eliminates any status conditions.
heal-ball,sword-shield,A remedial Poké Ball that restores the HP of a Pokémon caught with it and eliminates any status conditions.
heal-ball,ultra-sun-ultra-moon,A remedial Poké Ball that restores the HP of a Pokémon caught with it and eliminates any status conditions.
heal-ball,x-y,A remedial Poké Ball that restores the HP of a Pokémon caught with it and eliminates any status conditions.
heal-powder,brilliant-diamond-shining-pearl,A very bitter medicinal powder. It can be used once to heal all the status conditions of a Pokémon.
heal-powder,crystal,Cures all status problems. Bitter.
heal-powder,diamond-pearl,A very bitter medicine powder. It heals all the status problems of a single Pokémon.
heal-powder,emerald,A bitter powder that heals all status problems.
heal-powder,gold-silver,Cures all status problems. Bitter.
heal-powder,heartgold-soulsilver,A very bitter medicine powder. It heals all the status problems of a single Pokémon.
heal-powder,legends-arceus,A very bitter medicinal powder. It can be used once to heal all the status conditions of a Pokémon.
heal-powder,omega-ruby-alpha-sapphire,"A very bitter medicine powder. When consumed, it heals all of a Pokémon's status conditions."
heal-powder,platinum,A very bitter medicine powder. It heals all the status problems of a single Pokémon.
heal-powder,ruby-sapphire,A bitter powder that heals all status problems.
heal-powder,scarlet-violet,A very bitter medicinal powder. It can be used to cure any status condition a Pokémon may have.
heal-powder,sun-moon,A very bitter medicinal powder. It can be used once to heal all the status conditions of a Pokémon.
heal-powder,sword-shield,A very bitter medicinal powder. It can be used once to heal all the status conditions of a Pokémon.
heal-powder,ultra-sun-ultra-moon,A very bitter medicinal powder. It can be used once to heal all the status conditions of a Pokémon.
heal-powder,x-y,"A very bitter medicine powder. When consumed, it heals all of a Pokémon's status conditions."
health-candy,brilliant-diamond-shining-pearl,"A candy that is packed with energy. When given to a Pokémon, it will increase that Pokémon's HP."
health-candy,legends-arceus,"A candy that is packed with energy. When given to a Pokémon, it will increase that Pokémon's HP."
health-candy,lets-go-pikachu-lets-go-eevee,"A candy that is packed with energy. When given to a Pokémon, it will increase that Pokémon's HP."
health-candy,scarlet-violet,"A candy that is packed with energy. When given to a Pokémon, it will increase that Pokémon's HP."
health-candy,sword-shield,"A candy that is packed with energy. When given to a Pokémon, it will increase that Pokémon's HP."
health-candy-l,brilliant-diamond-shining-pearl,"A big candy that is packed with energy. When given to a Pokémon Lv. 30 or higher, it will increase that Pokémon's HP."
health-candy-l,legends-arceus,"A big candy that is packed with energy. When given to a Pokémon Lv. 30 or higher, it will increase that Pokémon's HP."
health-candy-l,lets-go-pikachu-lets-go-eevee,"A big candy that is packed with energy. When given to a Pokémon Lv. 30 or higher, it will increase that Pokémon's HP."
health-candy-l,scarlet-violet,"A big candy that is packed with energy. When given to a Pokémon Lv. 30 or higher, it will increase that Pokémon's HP."
health-candy-l,sword-shield,"A big candy that is packed with energy. When given to a Pokémon Lv. 30 or higher, it will increase that Pokémon's HP."
health-candy-xl,brilliant-diamond-shining-pearl,"A huge candy that is packed with energy. When given to a Pokémon Lv. 60 or higher, it will increase that Pokémon's HP."
health-candy-xl,legends-arceus,"A huge candy that is packed with energy. When given to a Pokémon Lv. 60 or higher, it will increase that Pokémon's HP."
health-candy-xl,lets-go-pikachu-lets-go-eevee,"A huge candy that is packed with energy. When given to a Pokémon Lv. 60 or higher, it will increase that Pokémon's HP."
health-candy-xl,scarlet-violet,"A huge candy that is packed with energy. When given to a Pokémon Lv. 60 or higher, it will increase that Pokémon's HP."
health-candy-xl,sword-shield,"A huge candy that is packed with energy. When given to a Pokémon Lv. 60 or higher, it will increase that Pokémon's HP."
health-feather,black-2-white-2,An item for use on a Pokémon. It slightly increases the base HP of a single Pokémon.
health-feather,scarlet-violet,An item to be used on a Pokémon. This feather slightly increases base points for a Pokémon's HP stat.
health-feather,sun-moon,An item for use on a Pokémon. It slightly increases the base HP of a single Pokémon.
health-feather,sword-shield,An item for use on a Pokémon. It slightly increases the HP base points of a single Pokémon.
health-feather,x-y,An item for use on a Pokémon. It slightly increases the base HP of a single Pokémon.
health-mochi,scarlet-violet,A mochi cake with Berries kneaded into its dough. It increases base points for a Pokémon's HP stat.
heart-mail,diamond-pearl,Stationery featuring a print of giant heart patterns. Let a Pokémon hold it for delivery.
heart-mail,heartgold-soulsilver,Stationery featuring a print of giant heart patterns. Let a Pokémon hold it for delivery.
heart-mail,platinum,Stationery featuring a print of giant heart patterns. Let a Pokémon hold it for delivery.
heart-scale,diamond-pearl,"A pretty, heart-shaped scale that is extremely rare. It glows faintly in the colors of the rainbow."
heart-scale,emerald,A lovely scale. It is coveted by collectors.
heart-scale,firered-leafgreen,"A pretty, heart-shaped scale that is extremely rare. It glows faintly in the colors of a rainbow."
heart-scale,platinum,"A pretty, heart-shaped scale that is extremely rare. It glows faintly in the colors of the rainbow."
heart-scale,ruby-sapphire,A lovely scale. It is coveted by collectors.
heart-scale,scarlet-violet,"A pretty, heart-shaped scale that is extremely rare. Certain people are delighted to be given one of these."
heart-scale,sun-moon,"A pretty, heart-shaped scale that is extremely rare. Some people are happy to receive one."
heart-scale,ultra-sun-ultra-moon,"A pretty, heart-shaped scale that is extremely rare. Some people are happy to receive one."
heart-scale,x-y,"A pretty, heart-shaped scale that is extremely rare. It glows faintly with all of the colors of the rainbow."
hearthflame-mask,scarlet-violet,An item to be held by Ogerpon. This carved wooden mask is adorned with crystals and allows Ogerpon to wield the Fire type during battle.
hearty-grains,legends-arceus,Beautiful stalks of rice bursting with life. Pokémon that dwell and wander among the fields love these grains and will gather wherever the stalks are thrown.
hearty-grains,scarlet-violet,Beautiful stalks of rice bursting with life. Pokémon that dwell and wander among the fields love these grains and will gather wherever the stalks are thrown.
heat-rock,black-2-white-2,A Pokémon held item that extends the duration of the move Sunny Day used by the holder.
heat-rock,black-white,A Pokémon held item that extends the duration of the move Sunny Day used by the holder.
heat-rock,brilliant-diamond-shining-pearl,An item to be held by a Pokémon. It extends the duration of the move Sunny Day when used by the holder.
heat-rock,diamond-pearl,A Pokémon hold item that extends the duration of the move Sunny Day used by the holder.
heat-rock,heartgold-soulsilver,A Pokémon held item that extends the duration of the move Sunny Day used by the holder.
heat-rock,legends-arceus,An item to be held by a Pokémon. It extends the duration of the move Sunny Day when used by the holder.
heat-rock,omega-ruby-alpha-sapphire,An item to be held by a Pokémon. It extends the duration of the move Sunny Day when used by the holder.
heat-rock,platinum,A Pokémon hold item that extends the duration of the move Sunny Day used by the holder.
heat-rock,scarlet-violet,"An item to be held by a Pokémon. When the holder changes the weather to harsh sunlight, the sunlight will persist for longer than usual."
heat-rock,sun-moon,An item to be held by a Pokémon. It extends the duration of the move Sunny Day when used by the holder.
heat-rock,sword-shield,An item to be held by a Pokémon. It extends the duration of the move Sunny Day when used by the holder.
heat-rock,ultra-sun-ultra-moon,An item to be held by a Pokémon. It extends the duration of the move Sunny Day when used by the holder.
heat-rock,x-y,An item to be held by a Pokémon. It extends the duration of the move Sunny Day when used by the holder.
heatranite,legends-za,One of a variety of mysterious Mega Stones. A Heatran holding this stone will be able to Mega Evolve during battle.
heavy-ball,black-2-white-2,A Poké Ball for catching very heavy Pokémon.
heavy-ball,black-white,A Poké Ball for catching very heavy Pokémon.
heavy-ball,brilliant-diamond-shining-pearl,A Poké Ball that is better than usual at catching very heavy Pokémon.
heavy-ball,crystal,A Ball for catching heavy Pokémon.
heavy-ball,gold-silver,A Ball for catching heavy Pokémon.
heavy-ball,heartgold-soulsilver,A Poké Ball for catching very heavy Pokémon.
heavy-ball,legends-arceus,"A ball that is too heavy to fly high or far, but it is highly effective if you manage to hit an unsuspecting Pokémon."
heavy-ball,legends-arceus,A Poké Ball that is better than usual at catching very heavy Pokémon.
heavy-ball,legends-za,A somewhat different Poké Ball that becomes more effective the heavier the Pokémon is.
heavy-ball,omega-ruby-alpha-sapphire,A Poké Ball that is better than usual at catching very heavy Pokémon.
heavy-ball,scarlet-violet,"A ball that is too heavy to fly high or far, but it is highly effective if you manage to hit an unsuspecting Pokémon."
heavy-ball,scarlet-violet,A somewhat different Poké Ball that becomes more effective the heavier the Pokémon is.
heavy-ball,sun-moon,A Poké Ball that is better than usual at catching very heavy Pokémon.
heavy-ball,sword-shield,A Poké Ball that is better than usual at catching very heavy Pokémon.
heavy-ball,ultra-sun-ultra-moon,A Poké Ball that is better than usual at catching very heavy Pokémon.
heavy-ball,x-y,A Poké Ball that is better than usual at catching very heavy Pokémon.
heavy-duty-boots,brilliant-diamond-shining-pearl,These boots prevent the effects of traps set on the battlefield.
heavy-duty-boots,legends-arceus,These boots prevent the effects of traps set on the battlefield.
heavy-duty-boots,scarlet-violet,An item to be held by a Pokémon. These boots protect the holder from the effects of traps and the like set on the battlefield.
heavy-duty-boots,sword-shield,These boots prevent the effects of traps set on the battlefield.
helix-fossil,diamond-pearl,A fossil of an ancient Pokémon that lived in the sea. It appears to be part of a seashell.
helix-fossil,firered-leafgreen,"A fossil of an ancient, seafloor-dwelling Pokémon. It appears to be part of a seashell."
helix-fossil,x-y,A fossil from a prehistoric Pokémon that once lived in the sea. It might be a piece of a seashell.
heracronite,legends-za,One of a variety of mysterious Mega Stones. A Heracross holding this stone will be able to Mega Evolve during battle.
heracronite,omega-ruby-alpha-sapphire,"One of a variety of mysterious Mega Stones. Have Heracross hold it, and this stone will enable it to Mega Evolve during battle."
heracronite,sun-moon,"One of a variety of mysterious Mega Stones. Have Heracross hold it, and this stone will enable it to Mega Evolve during battle."
heracronite,ultra-sun-ultra-moon,"One of a variety of mysterious Mega Stones. Have Heracross hold it, and this stone will enable it to Mega Evolve during battle."
heracronite,x-y,"One variety of the mysterious Mega Stones. Have Heracross hold it, and this stone will enable it to Mega Evolve during battle."
herbed-sausage,scarlet-violet,A very salty and bitter ingredient. The balance between the potent saltiness and the herbs' bitterness make this sausage a pleasure.
heroic-sword-pick,scarlet-violet,"A pick made to be the coolest. Once you've eaten, you can pretend you're a hero of legend. Souvenir shops at tourist spots sell these for some reason."
hi-tech-earbuds,brilliant-diamond-shining-pearl,Strange earbuds that allow you to freely control the volume of various sounds.
hi-tech-earbuds,legends-arceus,Strange earbuds that allow you to freely control the volume of various sounds.
hi-tech-earbuds,scarlet-violet,Strange earbuds that allow you to freely control the volume of various sounds.
hi-tech-earbuds,sword-shield,Strange earbuds that allow you to freely control the volume of various sounds.
hm02,red-blue,A Hidden Machine that teaches the move Fly.
hm02,yellow,A Hidden Machine that teaches the move Fly.
hm04,red-blue,A Hidden Machine that teaches the move Strength.
ho-oh-treat,scarlet-violet,A snack made from ingredients favored by the Legendary Pokémon Ho-Oh.
hoennian-salt,legends-za,A coarse salt that can only be harvested in small amounts in the Hoenn region. A tiny pinch will impart a wondrous depth of flavor.
holo-caster,omega-ruby-alpha-sapphire,A device that allows users to receive and view hologram clips at any time. It is also used to chat with others.
holo-caster,scarlet-violet,A device that allows you to view the hologram clips you have received at any time.
holo-caster,sun-moon,A device that allows users to receive and view hologram clips at any time. It's also used to chat with others.
holo-caster,ultra-sun-ultra-moon,A device that allows users to receive and view hologram clips at any time. It's also used to chat with others.
holo-caster,x-y,A device that allows users to receive and view hologram clips at any time. It is also used to chat with others.
hometown-muffin,legends-arceus,"A baked treat made from Berries and other ingredients, which is often eaten in regions such as Galar. It is beloved by a surprising number of Pokémon."
hometown-muffin,scarlet-violet,"A baked treat made from Berries and other ingredients, which is often eaten in regions such as Galar. It is beloved by a surprising number of Pokémon."
hondew-berry,diamond-pearl,"Using it on a Pokémon makes it more friendly, but it also lowers its base Sp. Atk stat."
hondew-berry,emerald,Makes a Pokémon friendly but lowers base Sp. Atk.
hondew-berry,platinum,"Using it on a Pokémon makes it more friendly, but it also lowers its base Sp. Atk stat."
hondew-berry,ruby-sapphire,Pokéblock ingredient. Plant in loamy soil to grow Hondew.
hondew-berry,scarlet-violet,"If a Pokémon is fed this Berry, it will grow more friendly, but it will lose base points for its Sp. Atk stat."
hondew-berry,sword-shield,A Berry to be consumed by Pokémon. Using it on a Pokémon makes it more friendly but lowers its Sp. Atk base points.
honey,diamond-pearl,"A sweet honey with a lush aroma that attracts wild Pokémon when it is used in grass, caves, or on special trees."
honey,legends-arceus,A sweet honey collected by Pokémon. It has a lush aroma and can be sold at a low price to shops.
honey,omega-ruby-alpha-sapphire,"A sweet honey with a lush aroma that attracts wild Pokémon when it is used in tall grass, in caves, or on special trees."
honey,platinum,"A sweet honey with a lush aroma that attracts wild Pokémon when it is used in grass, caves, or on special trees."
honey,scarlet-violet,Honey collected thanks to Pokémon’s efforts. It has a sweet aroma and can be sold at a low price to shops.
honey,sword-shield,A sweet honey collected by Pokémon. It has a lush aroma and can be sold at a low price to shops.
honey,x-y,"A sweet honey with a lush aroma that attracts wild Pokémon when it is used in tall grass, in caves, or on special trees."
honey-cake,legends-arceus,A cake made by combining honey with a Cake-Lure Base. These cakes are potently effective at attracting bug Pokémon and also those with fairylike charms.
honor-of-kalos,scarlet-violet,A precious symbol that is awarded to individuals who have done great things for the Kalos region.
honor-of-kalos,x-y,A precious symbol that is awarded only to an individual who has done great things for the Kalos region.
hopo-berry,legends-arceus,"A Berry that can be fed to a Pokémon to restore its PP. If a wild Pokémon eats one of these Berries, that Pokémon's reactions will be dulled."
hopo-berry,scarlet-violet,"A Berry that can be fed to a Pokémon to restore its PP. If a wild Pokémon eats one of these Berries, that Pokémon's reactions will be dulled."
horseradish,scarlet-violet,A very spicy condiment. Its distinctive sharp sizzle in your sinuses makes it a good match for rich fillings.
houndoominite,legends-za,One of a variety of mysterious Mega Stones. A Houndoom holding this stone will be able to Mega Evolve during battle.
houndoominite,omega-ruby-alpha-sapphire,"One of a variety of mysterious Mega Stones. Have Houndoom hold it, and this stone will enable it to Mega Evolve during battle."
houndoominite,sun-moon,"One of a variety of mysterious Mega Stones. Have Houndoom hold it, and this stone will enable it to Mega Evolve during battle."
houndoominite,ultra-sun-ultra-moon,"One of a variety of mysterious Mega Stones. Have Houndoom hold it, and this stone will enable it to Mega Evolve during battle."
houndoominite,x-y,"One variety of the mysterious Mega Stones. Have Houndoom hold it, and this stone will enable it to Mega Evolve during battle."
hp-up,scarlet-violet,A nutritious drink for Pokémon. This drink increases base points for a Pokémon's HP stat.
hyper-aspear-berry,legends-za,A mysterious Berry found in Hyperspace Lumiose that's ideal for making donuts. Its sour bite makes it perfect for stewing into a confiture.
hyper-babiri-berry,legends-za,A mysterious Berry found in Hyperspace Lumiose that's ideal for making donuts. It goes well in chocolate and confitures.
hyper-charti-berry,legends-za,A mysterious Berry found in Hyperspace Lumiose that's ideal for making donuts. It goes well in chocolate.
hyper-cheri-berry,legends-za,A mysterious Berry found in Hyperspace Lumiose that's ideal for making donuts. Its spicy kick is great when added to curries.
hyper-chesto-berry,legends-za,A mysterious Berry found in Hyperspace Lumiose that's ideal for making donuts. Its dry flavor offers a good balance when used in sweet cream.
hyper-chilan-berry,legends-za,A mysterious Berry found in Hyperspace Lumiose that's ideal for making donuts. It goes well in curries and chocolate.
hyper-chople-berry,legends-za,A mysterious Berry found in Hyperspace Lumiose that's ideal for making donuts. It goes well in meringue.
hyper-coba-berry,legends-za,A mysterious Berry found in Hyperspace Lumiose that's ideal for making donuts. It goes well in curries.
hyper-colbur-berry,legends-za,A mysterious Berry found in Hyperspace Lumiose that's ideal for making donuts. It goes well in cream and confitures.
hyper-grepa-berry,legends-za,A mysterious Berry found in Hyperspace Lumiose that's ideal for making donuts. It goes well in curries.
hyper-haban-berry,legends-za,A mysterious Berry found in Hyperspace Lumiose that's ideal for making donuts. It goes well in cream and meringue.
hyper-hondew-berry,legends-za,A mysterious Berry found in Hyperspace Lumiose that's ideal for making donuts. It goes well in cream and confitures.
hyper-kasib-berry,legends-za,A mysterious Berry found in Hyperspace Lumiose that's ideal for making donuts. It goes well in confitures.
hyper-kebia-berry,legends-za,A mysterious Berry found in Hyperspace Lumiose that's ideal for making donuts. It goes well in chocolate.
hyper-kelpsy-berry,legends-za,A mysterious Berry found in Hyperspace Lumiose that's ideal for making donuts. It goes well in cream and chocolate.
hyper-lum-berry,legends-za,"A mysterious Berry found in Hyperspace Lumiose that's ideal for making donuts. It goes well in curries, cream, meringue, and confitures."
hyper-occa-berry,legends-za,A mysterious Berry found in Hyperspace Lumiose that's ideal for making donuts. It goes well in meringue.
hyper-oran-berry,legends-za,"A mysterious Berry found in Hyperspace Lumiose that's ideal for making donuts. It goes well in curries, meringue, chocolate, and confitures."
hyper-passho-berry,legends-za,A mysterious Berry found in Hyperspace Lumiose that's ideal for making donuts. It goes well in chocolate.
hyper-payapa-berry,legends-za,A mysterious Berry found in Hyperspace Lumiose that's ideal for making donuts. It goes well in cream.
hyper-pecha-berry,legends-za,A mysterious Berry found in Hyperspace Lumiose that's ideal for making donuts. Its sweet flavor makes it a great ingredient for meringue.
hyper-persim-berry,legends-za,"A mysterious Berry found in Hyperspace Lumiose that's ideal for making donuts. It goes well in curries, cream, chocolate, and confitures."
hyper-pomeg-berry,legends-za,A mysterious Berry found in Hyperspace Lumiose that's ideal for making donuts. It goes well in curries and meringue.
hyper-potion,crystal,Restores Pokémon HP by 200.
hyper-potion,gold-silver,Restores Pokémon HP by 200.
hyper-potion,legends-arceus,It can be used to restore 150 HP to a single Pokémon.
hyper-potion,sun-moon,It can be used to restore 120 HP to an injured Pokémon.
hyper-potion,ultra-sun-ultra-moon,It can be used to restore 120 HP to an injured Pokémon.
hyper-qualot-berry,legends-za,A mysterious Berry found in Hyperspace Lumiose that's ideal for making donuts. It goes well in meringue and confitures.
hyper-rawst-berry,legends-za,A mysterious Berry found in Hyperspace Lumiose that's ideal for making donuts. Its bitter bite works beautifully in chocolate.
hyper-rindo-berry,legends-za,A mysterious Berry found in Hyperspace Lumiose that's ideal for making donuts. It goes well in curries.
hyper-roseli-berry,legends-za,A mysterious Berry found in Hyperspace Lumiose that's ideal for making donuts. It goes well in curries and confitures.
hyper-shuca-berry,legends-za,A mysterious Berry found in Hyperspace Lumiose that's ideal for making donuts. It goes well in confitures.
hyper-sitrus-berry,legends-za,"A mysterious Berry found in Hyperspace Lumiose that's ideal for making donuts. It goes well in curries, cream, meringue, and chocolate."
hyper-tamato-berry,legends-za,A mysterious Berry found in Hyperspace Lumiose that's ideal for making donuts. It goes well in cream.
hyper-tanga-berry,legends-za,A mysterious Berry found in Hyperspace Lumiose that's ideal for making donuts. It goes well in meringue.
hyper-wacan-berry,legends-za,A mysterious Berry found in Hyperspace Lumiose that's ideal for making donuts. It goes well in confitures.
hyper-yache-berry,legends-za,A mysterious Berry found in Hyperspace Lumiose that's ideal for making donuts. It goes well in cream.
hyperspace-butter,legends-za,"The absolute ultimate in butter, found in Hyperspace Lumiose. With it, you should be able to make even higher quality donuts than before."
iapapa-berry,brilliant-diamond-shining-pearl,"If held by a Pokémon, it restores HP in a pinch, but may cause confusion if it hates the taste."
iapapa-berry,colosseum,A hold item that restores HP but may confuse.
iapapa-berry,diamond-pearl,"A Poffin ingredient. If held by a Pokémon, it restores HP in a pinch, but may cause confusion."
iapapa-berry,emerald,A hold item that restores HP but may confuse.
iapapa-berry,legends-arceus,A Berry that restores up to half HP. Wild Pokémon that hate sour flavors will briefly pause.
iapapa-berry,platinum,"A Poffin ingredient. If held by a Pokémon, it restores HP in a pinch, but may cause confusion."
iapapa-berry,ruby-sapphire,A hold item that restores HP but may confuse.
iapapa-berry,scarlet-violet,"Restores HP in a pinch, but confuses the holder if it hates the Berry’s taste."
iapapa-berry,sword-shield,"If held by a Pokémon, it restores HP in a pinch, but may cause confusion if it hates the taste."
iapapa-berry,xd,A hold item that restores HP but may confuse.
ice-berry,crystal,A self-heal for a burn. (HOLD)
ice-berry,gold-silver,A self-heal for a burn. (HOLD)
ice-gem,black-2-white-2,"A gem with an essence of ice. When held, it strengthens the power of an Ice-type move only once."
ice-gem,black-white,"A gem with an essence of ice. When held, it strengthens the power of an Ice-type move only once."
ice-gem,omega-ruby-alpha-sapphire,"A gem with an essence of ice. When held, it strengthens the power of a Ice-type move one time."
ice-gem,scarlet-violet,An item to be held by a Pokémon. This gem is imbued with the essence of ice and will boost the power of an Ice-type move—but only once.
ice-gem,sun-moon,"A gem with an essence of ice. When held, it strengthens the power of a Ice-type move one time."
ice-gem,ultra-sun-ultra-moon,"A gem with an essence of ice. When held, it strengthens the power of a Ice-type move one time."
ice-gem,x-y,"A gem with an essence of ice. When held, it strengthens the power of a Ice-type move one time."
ice-heal,brilliant-diamond-shining-pearl,A spray-type medicine for treating freezing. It can be used to thaw out a single Pokémon that has been frozen solid.
ice-heal,crystal,Defrosts frozen Pokémon.
ice-heal,diamond-pearl,A spray-type medicine. It defrosts a Pokémon that has been frozen solid.
ice-heal,firered-leafgreen,A spray-type medicine. It defrosts a frozen Pokémon.
ice-heal,gold-silver,Defrosts frozen Pokémon.
ice-heal,legends-arceus,A spray-type medicine for treating freezing. It can be used to thaw out a single Pokémon that has been frozen solid.
ice-heal,legends-za,A spray-type medicine for treating freezing. It can be used to thaw out a Pokémon that has been frozen solid.
ice-heal,omega-ruby-alpha-sapphire,A spray-type medicine for freezing. It can be used once to defrost a Pokémon that has been frozen solid.
ice-heal,platinum,A spray-type medicine. It defrosts a Pokémon that has been frozen solid.
ice-heal,scarlet-violet,A spray-type medicine for treating freezing. It can be used to thaw out a Pokémon that has been frozen solid.
ice-heal,sword-shield,A spray-type medicine for treating freezing. It can be used to thaw out a single Pokémon that has been frozen solid.
ice-heal,x-y,A spray-type medicine for freezing. It can be used once to defrost a Pokémon that has been frozen solid.
ice-memory,brilliant-diamond-shining-pearl,A memory disc that contains Ice-type data. It changes the type of the holder if held by a certain species of Pokémon.
ice-memory,legends-arceus,A memory disc that contains Ice-type data. It changes the type of the holder if held by a certain species of Pokémon.
ice-memory,lets-go-pikachu-lets-go-eevee,A memory disc that contains Ice-type data. It changes the type of the holder if held by a certain species of Pokémon.
ice-memory,scarlet-violet,A memory disc that contains Ice-type data. It changes the type of the holder if held by a certain species of Pokémon.
ice-memory,sun-moon,A memory disc that contains Ice-type data. It changes the type of the holder if held by a certain species of Pokémon.
ice-memory,sword-shield,A memory disc that contains Ice-type data. It changes the type of the holder if held by a certain species of Pokémon.
ice-memory,ultra-sun-ultra-moon,A memory disc that contains Ice-type data. It changes the type of the holder if held by a certain species of Pokémon.
ice-stone,brilliant-diamond-shining-pearl,A peculiar stone that can make certain species of Pokémon evolve. It has an unmistakable snowflake pattern.
ice-stone,legends-arceus,A peculiar stone that can make certain species of Pokémon evolve. It has a snowflake pattern in it.
ice-stone,legends-za,A peculiar stone that can make certain species of Pokémon evolve. It has a snowflake pattern in it.
ice-stone,lets-go-pikachu-lets-go-eevee,A peculiar stone that can make certain species of Pokémon evolve. It has an unmistakable snowflake pattern.
ice-stone,scarlet-violet,A peculiar stone that can make certain species of Pokémon evolve. It has a snowflake pattern in it.
ice-stone,sun-moon,A peculiar stone that can make certain species of Pokémon evolve. It has an unmistakable snowflake pattern.
ice-stone,sword-shield,A peculiar stone that can make certain species of Pokémon evolve. It has an unmistakable snowflake pattern.
ice-stone,ultra-sun-ultra-moon,A peculiar stone that can make certain species of Pokémon evolve. It has an unmistakable snowflake pattern.
ice-tera-shard,scarlet-violet,"On rare occasions, these shards form when a Tera Pokémon falls in battle and its Tera Jewel shatters."
iceroot-carrot,brilliant-diamond-shining-pearl,Produce that the King of Bountiful Harvests' beloved steed likes to eat. It grew in a field covered in snow.
iceroot-carrot,legends-arceus,Produce that the King of Bountiful Harvests' beloved steed likes to eat. It grew in a field covered in snow.
iceroot-carrot,scarlet-violet,Produce that the King of Bountiful Harvests' beloved steed likes to eat. It grew in a field covered in snow.
iceroot-carrot,sword-shield,Produce that the King of Bountiful Harvests' beloved steed likes to eat. It grew in a field covered in snow.
icicle-plate,black-2-white-2,An item to be held by a Pokémon. It is a stone tablet that boosts the power of Ice-type moves.
icicle-plate,black-white,An item to be held by a Pokémon. It is a stone tablet that boosts the power of Ice-type moves.
icicle-plate,brilliant-diamond-shining-pearl,An item to be held by a Pokémon. It's a stone tablet that boosts the power of Ice-type moves.
icicle-plate,diamond-pearl,An item to be held by a Pokémon. It is a stone tablet that boosts the power of Ice-type moves.
icicle-plate,legends-arceus,"A stone tablet imbued with the essence of ice. When used on a certain Pokémon, it allows that Pokémon to gain the power of the Ice type."
icicle-plate,lets-go-pikachu-lets-go-eevee,An item to be held by a Pokémon. It's a stone tablet that boosts the power of Ice-type moves.
icicle-plate,omega-ruby-alpha-sapphire,An item to be held by a Pokémon. It's a stone tablet that boosts the power of Ice-type moves.
icicle-plate,platinum,An item to be held by a Pokémon. It is a stone tablet that boosts the power of Ice-type moves.
icicle-plate,scarlet-violet,An item to be held by a Pokémon. This stone tablet is imbued with the essence of ice and boosts the power of the holder’s Ice-type moves.
icicle-plate,sun-moon,An item to be held by a Pokémon. It's a stone tablet that boosts the power of Ice-type moves.
icicle-plate,sword-shield,An item to be held by a Pokémon. It's a stone tablet that boosts the power of Ice-type moves.
icicle-plate,ultra-sun-ultra-moon,An item to be held by a Pokémon. It's a stone tablet that boosts the power of Ice-type moves.
icicle-plate,x-y,An item to be held by a Pokémon. It's a stone tablet that boosts the power of Ice-type moves.
icium-z,brilliant-diamond-shining-pearl,It converts Z-Power into crystals that upgrade Ice-type moves to Ice-type Z-Moves.
icium-z,legends-arceus,It converts Z-Power into crystals that upgrade Ice-type moves to Ice-type Z-Moves.
icium-z,scarlet-violet,It converts Z-Power into crystals that upgrade Ice-type moves to Ice-type Z-Moves.
icium-z,sun-moon,It converts Z-Power into crystals that upgrade Ice-type moves to Ice-type Z-Moves.
icium-z,sword-shield,It converts Z-Power into crystals that upgrade Ice-type moves to Ice-type Z-Moves.
icium-z,ultra-sun-ultra-moon,It converts Z-Power into crystals that upgrade Ice-type moves to Ice-type Z-Moves.
icy-rock,black-2-white-2,A Pokémon held item that extends the duration of the move Hail used by the holder.
icy-rock,black-white,A Pokémon held item that extends the duration of the move Hail used by the holder.
icy-rock,brilliant-diamond-shining-pearl,An item to be held by a Pokémon. It extends the duration of the move Hail when used by the holder.
icy-rock,diamond-pearl,A Pokémon hold item that extends the duration of the move Hail used by the holder.
icy-rock,heartgold-soulsilver,A Pokémon held item that extends the duration of the move Hail used by the holder.
icy-rock,legends-arceus,An item to be held by a Pokémon. It extends the duration of the move Hail when used by the holder.
icy-rock,omega-ruby-alpha-sapphire,An item to be held by a Pokémon. It extends the duration of the move Hail when it's used by the holder.
icy-rock,platinum,A Pokémon hold item that extends the duration of the move Hail used by the holder.
icy-rock,scarlet-violet,"An item to be held by a Pokémon. When the holder changes the weather to snow, the snow will persist for longer than usual."
icy-rock,sun-moon,An item to be held by a Pokémon. It extends the duration of the move Hail when used by the holder.
icy-rock,sword-shield,An item to be held by a Pokémon. It extends the duration of the move Hail when used by the holder.
icy-rock,ultra-sun-ultra-moon,An item to be held by a Pokémon. It extends the duration of the move Hail when used by the holder.
icy-rock,x-y,An item to be held by a Pokémon. It extends the duration of the move Hail when it's used by the holder.
ilimas-normalium-z,brilliant-diamond-shining-pearl,The Normalium Z you were entrusted with by Ilima. You were asked to place it on the pedestal at the back of Verdant Cavern.
ilimas-normalium-z,legends-arceus,The Normalium Z you were entrusted with by Ilima. You were asked to place it on the pedestal at the back of Verdant Cavern.
ilimas-normalium-z,lets-go-pikachu-lets-go-eevee,The Normalium Z you were entrusted with by Ilima. You were asked to place it on the pedestal at the back of Verdant Cavern.
ilimas-normalium-z,scarlet-violet,The Normalium Z you were entrusted with by Ilima. You were asked to place it on the pedestal at the back of Verdant Cavern.
ilimas-normalium-z,sword-shield,The Normalium Z you were entrusted with by Ilima. You were asked to place it on the pedestal at the back of Verdant Cavern.
ilimas-normalium-z,ultra-sun-ultra-moon,The Normalium Z you were entrusted with by Ilima. You were asked to place it on the pedestal at the back of Verdant Cavern.
impish-mint,brilliant-diamond-shining-pearl,"When a Pokémon smells this mint, its Defense will grow more easily, but its Sp. Atk will grow more slowly."
impish-mint,legends-arceus,"When a Pokémon smells this mint, its Defense will grow more easily, but its Sp. Atk will grow more slowly."
impish-mint,scarlet-violet,"Having a Pokémon smell this mint can make its Defense stat grow stronger. However, its Sp. Atk stat may suffer."
impish-mint,sword-shield,"When a Pokémon smells this mint, its Defense will grow more easily, but its Sp. Atk will grow more slowly."
incinium-z,brilliant-diamond-shining-pearl,It converts Z-Power into crystals that upgrade Incineroar's Darkest Lariat to an exclusive Z-Move.
incinium-z,legends-arceus,It converts Z-Power into crystals that upgrade Incineroar's Darkest Lariat to an exclusive Z-Move.
incinium-z,scarlet-violet,It converts Z-Power into crystals that upgrade Incineroar's Darkest Lariat to a Z-Move.
incinium-z,sun-moon,It converts Z-Power into crystals that upgrade Incineroar's Darkest Lariat to an exclusive Z-Move.
incinium-z,sword-shield,It converts Z-Power into crystals that upgrade Incineroar's Darkest Lariat to an exclusive Z-Move.
incinium-z,ultra-sun-ultra-moon,It converts Z-Power into crystals that upgrade Incineroar's Darkest Lariat to an exclusive Z-Move.
indigo-disk,scarlet-violet,"A mysterious disk with indigo shine to it, given to you by the Top Champion. It seems to be tied to Area Zero."
indigo-style-card,scarlet-violet,Having one of these cards increases the selection available to you in boutiques and hair salons.
inquiry-mail,black-2-white-2,Stationery designed for writing questions. Let a Pokémon hold it for delivery.
inquiry-mail,black-white,Stationery designed for writing questions. Let a Pokémon hold it for delivery.
inquiry-mail,x-y,Stationery designed to make it easier to pose a question about something. Have a Pokémon hold it for delivery.
insect-plate,black-2-white-2,An item to be held by a Pokémon. It is a stone tablet that boosts the power of Bug-type moves.
insect-plate,diamond-pearl,An item to be held by a Pokémon. It is a stone tablet that boosts the power of Bug-type moves.
insect-plate,legends-arceus,"A stone tablet imbued with the essence of bugs. When used on a certain Pokémon, it allows that Pokémon to gain the power of the Bug type."
insect-plate,platinum,An item to be held by a Pokémon. It is a stone tablet that boosts the power of Bug-type moves.
insect-plate,scarlet-violet,An item to be held by a Pokémon. This stone tablet is imbued with the essence of bugs and boosts the power of the holder’s Bug-type moves.
insect-plate,sun-moon,An item to be held by a Pokémon. It's a stone tablet that boosts the power of Bug-type moves.
insect-plate,ultra-sun-ultra-moon,An item to be held by a Pokémon. It's a stone tablet that boosts the power of Bug-type moves.
insect-plate,x-y,An item to be held by a Pokémon. It's a stone tablet that boosts the power of Bug-type moves.
instant-noodles,brilliant-diamond-shining-pearl,"One of the many ingredients that can be used for cooking at your camp. It has a junk-food sort of taste, but it goes well with curry."
instant-noodles,legends-arceus,"One of the many ingredients that can be used for cooking at your camp. It has a junk-food sort of taste, but it goes well with curry."
instant-noodles,scarlet-violet,"One of the many ingredients that can be used for cooking at your camp. It has a junk-food sort of taste, but it goes well with curry."
instant-noodles,sword-shield,"One of the many ingredients that can be used for cooking at your camp. It has a junk-food sort of taste, but it goes well with curry."
intriguing-stone,brilliant-diamond-shining-pearl,A rather curious stone that might appear valuable to some. It's all in the eye of the beholder.
intriguing-stone,legends-arceus,A rather curious stone that might appear valuable to some. It's all in the eye of the beholder.
intriguing-stone,lets-go-pikachu-lets-go-eevee,A rather curious stone that might appear valuable to some. It's all in the eye of the beholder.
intriguing-stone,omega-ruby-alpha-sapphire,A rather curious stone that might appear valuable to some. It's all in the eye of the beholder.
intriguing-stone,scarlet-violet,A rather curious stone that might appear valuable to some. It's all in the eye of the beholder.
intriguing-stone,sun-moon,A rather curious stone that might appear valuable to some. It's all in the eye of the beholder.
intriguing-stone,sword-shield,A rather curious stone that might appear valuable to some. It's all in the eye of the beholder.
intriguing-stone,ultra-sun-ultra-moon,A rather curious stone that might appear valuable to some. It's all in the eye of the beholder.
intriguing-stone,x-y,A rather curious stone that might appear to be valuable to some. It's all in the eye of the beholder.
iron,firered-leafgreen,A nutritious drink for Pokémon. It raises the base Defense stat of one Pokémon.
iron,gold-silver,Raises Defense of one Pokémon.
iron,scarlet-violet,A nutritious drink for Pokémon. This drink increases base points for a Pokémon's Defense stat.
iron-ball,black-2-white-2,A Pokémon held item that cuts Speed. It makes Flying-type and levitating holders susceptible to Ground moves.
iron-ball,black-white,A Pokémon held item that cuts Speed. It makes Flying-type and levitating holders susceptible to Ground moves.
iron-ball,brilliant-diamond-shining-pearl,An item to be held by a Pokémon. It lowers Speed and allows Ground-type moves to hit Flying types and holders that are levitating.
iron-ball,diamond-pearl,A Pokémon hold item that cuts Speed. It makes Flying-type and levitating holders susceptible to Ground moves.
iron-ball,heartgold-soulsilver,A Pokémon held item that cuts Speed. It makes Flying-type and levitating holders susceptible to Ground moves.
iron-ball,legends-arceus,An item to be held by a Pokémon. It lowers Speed and allows Ground-type moves to hit Flying types and holders that are levitating.
iron-ball,lets-go-pikachu-lets-go-eevee,An item to be held by a Pokémon. It lowers Speed and allows Ground-type moves to hit Flying types and holders that are levitating.
iron-ball,omega-ruby-alpha-sapphire,An item to be held by a Pokémon. It lowers Speed and allows Ground-type moves to hit Flying-type and levitating holders.
iron-ball,platinum,A Pokémon hold item that cuts Speed. It makes Flying-type and levitating holders susceptible to Ground moves.
iron-ball,scarlet-violet,An item to be held by a Pokémon. It lowers the holder's Speed stat and makes the holder vulnerable to Ground-type moves even if it is a Flying type or is levitating.
iron-ball,sun-moon,An item to be held by a Pokémon. It lowers Speed and allows Ground-type moves to hit Flying-type and levitating holders.
iron-ball,sword-shield,An item to be held by a Pokémon. It lowers Speed and allows Ground-type moves to hit Flying types and holders that are levitating.
iron-ball,ultra-sun-ultra-moon,An item to be held by a Pokémon. It lowers Speed and allows Ground-type moves to hit Flying-type and levitating holders.
iron-ball,x-y,An item to be held by a Pokémon. It lowers Speed and allows Ground-type moves to hit Flying-type and levitating holders.
iron-barktongue,legends-arceus,"Mushrooms that, when consumed, make the body of the eater grow tougher. They boost endurance and are one of the materials needed for crafting Aux Guards."
iron-barktongue,scarlet-violet,"Mushrooms that, when consumed, make the body of the eater grow tougher. They boost endurance and are one of the materials needed for crafting Aux Guards."
iron-chunk,legends-arceus,"A naturally occurring hunk of iron. Such ore is needed to make the requisite parts of numerous Poké Ball varieties, such as the clasp that holds the ball shut."
iron-chunk,scarlet-violet,"A naturally occurring hunk of iron. Such ore is needed to make the requisite parts of numerous Poké Ball varieties, such as the clasp that holds the ball shut."
iron-plate,black-2-white-2,An item to be held by a Pokémon. It is a stone tablet that boosts the power of Steel-type moves.
iron-plate,black-white,An item to be held by a Pokémon. It is a stone tablet that boosts the power of Steel-type moves.
iron-plate,brilliant-diamond-shining-pearl,An item to be held by a Pokémon. It's a stone tablet that boosts the power of Steel-type moves.
iron-plate,diamond-pearl,An item to be held by a Pokémon. It is a stone tablet that boosts the power of Steel-type moves.
iron-plate,heartgold-soulsilver,An item to be held by a Pokémon. It is a stone tablet that boosts the power of Steel-type moves.
iron-plate,legends-arceus,"A stone tablet imbued with the essence of steel. When used on a certain Pokémon, it allows that Pokémon to gain the power of the Steel type."
iron-plate,omega-ruby-alpha-sapphire,An item to be held by a Pokémon. It's a stone tablet that boosts the power of Steel-type moves.
iron-plate,platinum,An item to be held by a Pokémon. It is a stone tablet that boosts the power of Steel-type moves.
iron-plate,scarlet-violet,An item to be held by a Pokémon. This stone tablet is imbued with the essence of steel and boosts the power of the holder’s Steel-type moves.
iron-plate,sun-moon,An item to be held by a Pokémon. It's a stone tablet that boosts the power of Steel-type moves.
iron-plate,sword-shield,An item to be held by a Pokémon. It's a stone tablet that boosts the power of Steel-type moves.
iron-plate,ultra-sun-ultra-moon,An item to be held by a Pokémon. It's a stone tablet that boosts the power of Steel-type moves.
iron-plate,x-y,An item to be held by a Pokémon. It's a stone tablet that boosts the power of Steel-type moves.
item-drop,black-2-white-2,"When used, it causes an ally Pokémon to drop a held item."
item-drop,black-white,"When used, it causes an ally Pokémon to drop a held item."
item-urge,black-2-white-2,"When used, it causes an ally Pokémon to use its held item."
item-urge,black-white,"When used, it causes an ally Pokémon to use its held item."
jaboca-berry,brilliant-diamond-shining-pearl,"A Berry to be consumed by Pokémon. If a physical attack hits the Pokémon holding it, the attacker will also be hurt."
jaboca-berry,legends-arceus,"A Berry to be consumed by Pokémon. If a physical attack hits the Pokémon holding it, the attacker will also be hurt."
jaboca-berry,lets-go-pikachu-lets-go-eevee,"A Berry to be consumed by Pokémon. If a physical attack hits the Pokémon holding it, the attacker will also be hurt."
jaboca-berry,omega-ruby-alpha-sapphire,"A Berry to be consumed by Pokémon. If a physical attack hits the Pokémon holding it, the attacker will also be hurt."
jaboca-berry,scarlet-violet,"If a Pokémon holding this Berry is hit with a physical move, the attacker will also take damage."
jaboca-berry,sun-moon,"A Berry to be consumed by Pokémon. If a physical attack hits the Pokémon holding it, the attacker will also be hurt."
jaboca-berry,sword-shield,"A Berry to be consumed by Pokémon. If a physical attack hits the Pokémon holding it, the attacker will also be hurt."
jaboca-berry,ultra-sun-ultra-moon,"A Berry to be consumed by Pokémon. If a physical attack hits the Pokémon holding it, the attacker will also be hurt."
jaboca-berry,x-y,"A Berry to be consumed by Pokémon. If a physical attack hits the Pokémon holding it, the attacker will also be hurt."
jade-orb,black-2-white-2,A shiny green orb that is said to have a legend and has a deep connection with the Hoenn region.
jade-orb,black-white,A shiny green orb that is said to have a legend and has a deep connection with the Hoenn region.
jade-orb,brilliant-diamond-shining-pearl,A shiny green orb that is said to have a legend tied to it. It's known to have a deep connection with the Hoenn region.
jade-orb,heartgold-soulsilver,A shiny green orb that is said to have a legend and has a deep connection with the Hoenn region.
jade-orb,legends-arceus,A shiny green orb that is said to have a legend tied to it. It's known to have a deep connection with the Hoenn region.
jade-orb,lets-go-pikachu-lets-go-eevee,A shiny green orb that is said to have a legend tied to it. It's known to have a deep connection with the Hoenn region.
jade-orb,omega-ruby-alpha-sapphire,A shiny green orb that is said to have a legend tied to it. It's known to have a deep connection with the Hoenn region.
jade-orb,scarlet-violet,A shiny green orb that is said to have a deep connection to a legend of the Hoenn region.
jade-orb,sun-moon,A shiny green orb that is said to have a legend tied to it. It's known to have a deep connection with the Hoenn region.
jade-orb,sword-shield,A shiny green orb that is said to have a legend tied to it. It's known to have a deep connection with the Hoenn region.
jade-orb,ultra-sun-ultra-moon,A shiny green orb that is said to have a legend tied to it. It's known to have a deep connection with the Hoenn region.
jade-orb,x-y,A shiny green orb that is said to have a legend tied to it. It's known to have a deep connection with the Hoenn region.
jalapeno,scarlet-violet,A very spicy ingredient—so spicy as to leave no room for ambivalence about it. You either like it or you don't.
jam,scarlet-violet,"A condiment that's very sweet and likewise very sour. Take care when adding it to sandwiches, as the sweet side can overwhelm."
jaw-fossil,legends-za,A fossil from a prehistoric Pokémon that once lived on the land. It looks as if it could be a piece of a large jaw.
jaw-fossil,omega-ruby-alpha-sapphire,A fossil from a prehistoric Pokémon that once lived on the land. It looks as if it could be a piece of a large jaw.
jaw-fossil,sun-moon,A fossil from a prehistoric Pokémon that once lived on the land. It looks as if it could be a piece of a large jaw.
jaw-fossil,ultra-sun-ultra-moon,A fossil from a prehistoric Pokémon that once lived on the land. It looks as if it could be a piece of a large jaw.
jaw-fossil,x-y,A fossil from a prehistoric Pokémon that once lived on the land. It looks as if it could be a piece of a large jaw.
jet-ball,legends-arceus,The ultimate iteration of the Feather Ball. A ball that flies fast and true—ideal for catching nimble Pokémon or Pokémon that fly high in the air.
jet-ball,scarlet-violet,The ultimate iteration of the Feather Ball. A ball that flies fast and true—ideal for catching nimble Pokémon or Pokémon that fly high in the air.
johto-slate,brilliant-diamond-shining-pearl,A slate overflowing with enigmatic energy. You can feel a strong connection between it and the Johto Room at Ramanas Park.
johto-slate,scarlet-violet,A slate overflowing with enigmatic energy. You can feel a strong connection between it and the Johto Room at Ramanas Park.
jolly-mint,brilliant-diamond-shining-pearl,"When a Pokémon smells this mint, its Speed will grow more easily, but its Sp. Atk will grow more slowly."
jolly-mint,legends-arceus,"When a Pokémon smells this mint, its Speed will grow more easily, but its Sp. Atk will grow more slowly."
jolly-mint,scarlet-violet,"Having a Pokémon smell this mint can make its Speed stat grow stronger. However, its Sp. Atk stat may suffer."
jolly-mint,sword-shield,"When a Pokémon smells this mint, its Speed will grow more easily, but its Sp. Atk will grow more slowly."
jubilife-muffin,legends-arceus,A hidden gem gaining popularity in Jubilife Village and beloved by Pokémon. This sweet treat can be fed to a Pokémon to cure any status conditions it may have.
jubilife-muffin,scarlet-violet,A hidden gem gaining popularity in Jubilife Village and beloved by Pokémon. This sweet treat can be fed to a Pokémon to cure any status condition it may have.
kangaskhanite,legends-za,One of a variety of mysterious Mega Stones. A Kangaskhan holding this stone will be able to Mega Evolve during battle.
kangaskhanite,lets-go-pikachu-lets-go-eevee,One of a variety of mysterious Mega Stones. This stone will enable Kangaskhan to Mega Evolve during battle.
kangaskhanite,omega-ruby-alpha-sapphire,"One of a variety of mysterious Mega Stones. Have Kangaskhan hold it, and this stone will enable it to Mega Evolve during battle."
kangaskhanite,sun-moon,"One of a variety of mysterious Mega Stones. Have Kangaskhan hold it, and this stone will enable it to Mega Evolve during battle."
kangaskhanite,ultra-sun-ultra-moon,"One of a variety of mysterious Mega Stones. Have Kangaskhan hold it, and this stone will enable it to Mega Evolve during battle."
kangaskhanite,x-y,"One variety of the mysterious Mega Stones. Have Kangaskhan hold it, and this stone will enable it to Mega Evolve during battle."
kanto-slate,brilliant-diamond-shining-pearl,A slate overflowing with enigmatic energy. You can feel a strong connection between it and the Kanto Room at Ramanas Park.
kanto-slate,scarlet-violet,A slate overflowing with enigmatic energy. You can feel a strong connection between it and the Kanto Room at Ramanas Park.
kasib-berry,black-white,Weakens a supereffective Ghost-type attack against the holding Pokémon.
kasib-berry,diamond-pearl,"A Poffin ingredient. If held by a Pokémon, it weakens a foe's supereffective Ghost-type attack."
kasib-berry,scarlet-violet,"If a Pokémon holding this Berry is hit with a supereffective Ghost-type move, the power of that move will be weakened."
kebia-berry,black-2-white-2,Weakens a supereffective Poison-type attack against the holding Pokémon.
kebia-berry,diamond-pearl,"A Poffin ingredient. If held by a Pokémon, it weakens a foe's supereffective Poison-type attack."
kebia-berry,heartgold-soulsilver,"If held by a Pokémon, it weakens a foe's supereffective Poison-type attack."
kebia-berry,platinum,"A Poffin ingredient. If held by a Pokémon, it weakens a foe's supereffective Poison-type attack."
kebia-berry,scarlet-violet,"If a Pokémon holding this Berry is hit with a supereffective Poison-type move, the power of that move will be weakened."
kee-berry,brilliant-diamond-shining-pearl,"If held by a Pokémon, this Berry will increase the holder's Defense if it's hit with a physical move."
kee-berry,legends-arceus,"If held by a Pokémon, this Berry will increase the holder's Defense if it's hit with a physical move."
kee-berry,omega-ruby-alpha-sapphire,"If held by a Pokémon, this Berry will increase the holder's Defense if it's hit with a physical move."
kee-berry,scarlet-violet,"If a Pokémon holding this Berry is hit with a physical move, the holder’s Defense stat will be boosted."
kee-berry,sun-moon,"If held by a Pokémon, this Berry will increase the holder's Defense if it's hit with a physical move."
kee-berry,sword-shield,"If held by a Pokémon, this Berry will increase the holder's Defense if it's hit with a physical move."
kee-berry,ultra-sun-ultra-moon,"If held by a Pokémon, this Berry will increase the holder's Defense if it's hit with a physical move."
kee-berry,x-y,"If held by a Pokémon, this Berry will increase the holder's Defense if it's hit with a physical move."
kelpsy-berry,diamond-pearl,"A Poffin ingredient. Using it on a Pokémon makes it more friendly, but it also lowers its base Attack stat."
kelpsy-berry,emerald,Makes a Pokémon friendly but lowers base Attack.
kelpsy-berry,platinum,"A Poffin ingredient. Using it on a Pokémon makes it more friendly, but it also lowers its base Attack stat."
kelpsy-berry,ruby-sapphire,Pokéblock ingredient. Plant in loamy soil to grow Kelpsy.
kelpsy-berry,scarlet-violet,"If a Pokémon is fed this Berry, it will grow more friendly, but it will lose base points for its Attack stat."
kelpsy-berry,sword-shield,A Berry to be consumed by Pokémon. Using it on a Pokémon makes it more friendly but lowers its Attack base points.
ketchup,scarlet-violet,"A condiment with very salty and tart flavor. While a number of other ingredients go into its signature flavor, the noble tomato is its heart and soul."
key-stone,brilliant-diamond-shining-pearl,A stone filled with an unexplained power. It makes Pokémon that battle with a Mega Stone Mega Evolve.
key-stone,legends-arceus,A stone filled with an unexplained power. It makes Pokémon that battle with a Mega Stone Mega Evolve.
key-stone,lets-go-pikachu-lets-go-eevee,A stone filled with an unexplained power. It reacts to Mega Stones and makes Pokémon Mega Evolve.
key-stone,omega-ruby-alpha-sapphire,A stone of unexplained power that makes Pokémon Mega Evolve.
key-stone,scarlet-violet,A stone filled with an unexplained power. It makes Pokémon that battle with a Mega Stone Mega Evolve.
key-stone,sun-moon,A stone filled with an unexplained power. It makes Pokémon that battle with a Mega Stone Mega Evolve.
key-stone,sword-shield,A stone filled with an unexplained power. It makes Pokémon that battle with a Mega Stone Mega Evolve.
key-stone,ultra-sun-ultra-moon,A stone filled with an unexplained power. It makes Pokémon that battle with a Mega Stone Mega Evolve.
key-to-room-1-hoenn,emerald,A key that opens a door inside the Abandoned Ship.
key-to-room-1-hoenn,firered-leafgreen,A key that opens the door to Room 1 inside the Abandoned Ship. It is old and looks easily broken.
key-to-room-1-hoenn,omega-ruby-alpha-sapphire,A key that opens a door inside Sea Mauville.
key-to-room-1-hoenn,ruby-sapphire,A key that opens a door inside the Abandoned Ship.
key-to-room-2,emerald,A key that opens a door inside the Abandoned Ship.
key-to-room-2,firered-leafgreen,A key that opens the door to Room 2 inside the Abandoned Ship. It is old and looks easily broken.
key-to-room-2,omega-ruby-alpha-sapphire,A key that opens a door inside Sea Mauville.
key-to-room-2,ruby-sapphire,A key that opens a door inside the Abandoned Ship.
key-to-room-2,sun-moon,A key that opens a door inside Sea Mauville.
key-to-room-2,ultra-sun-ultra-moon,A key that opens a door inside Sea Mauville.
key-to-room-202,legends-za,A key for room 202 at Hotel Z.
key-to-room-4,brilliant-diamond-shining-pearl,A key that opens a door inside Sea Mauville.
key-to-room-4,emerald,A key that opens a door inside the Abandoned Ship.
key-to-room-4,firered-leafgreen,A key that opens the door to Room 4 inside the Abandoned Ship. It is old and looks easily broken.
key-to-room-4,legends-arceus,A key that opens a door inside Sea Mauville.
key-to-room-4,omega-ruby-alpha-sapphire,A key that opens a door inside Sea Mauville.
key-to-room-4,ruby-sapphire,A key that opens a door inside the Abandoned Ship.
key-to-room-4,scarlet-violet,A key that opens a door inside Sea Mauville.
key-to-room-4,sun-moon,A key that opens a door inside Sea Mauville.
key-to-room-4,sword-shield,A key that opens a door inside Sea Mauville.
key-to-room-4,ultra-sun-ultra-moon,A key that opens a door inside Sea Mauville.
key-to-room-6,brilliant-diamond-shining-pearl,A key that opens a door inside Sea Mauville.
key-to-room-6,emerald,A key that opens a door inside the Abandoned Ship.
key-to-room-6,firered-leafgreen,A key that opens the door to Room 6 inside the Abandoned Ship. It is old and looks easily broken.
key-to-room-6,legends-arceus,A key that opens a door inside Sea Mauville.
key-to-room-6,omega-ruby-alpha-sapphire,A key that opens a door inside Sea Mauville.
key-to-room-6,ruby-sapphire,A key that opens a door inside the Abandoned Ship.
key-to-room-6,scarlet-violet,A key that opens a door inside Sea Mauville.
key-to-room-6,sun-moon,A key that opens a door inside Sea Mauville.
key-to-room-6,sword-shield,A key that opens a door inside Sea Mauville.
key-to-room-6,ultra-sun-ultra-moon,A key that opens a door inside Sea Mauville.
kings-leaf,legends-arceus,"The king of herbs, glittering and brilliant. Combining this herb with other materials needed to make medicines will boost their efficacy."
kings-leaf,scarlet-violet,"The king of herbs, glittering and brilliant. Combining this herb with other materials needed to make medicines will boost their efficacy."
kings-rock,crystal,May make the foe flinch. (HOLD)
kings-rock,gold-silver,May make the foe flinch. (HOLD)
kings-rock,scarlet-violet,It may cause the target to flinch whenever the holder successfully inflicts damage on them.
kiwi,scarlet-violet,A very tart ingredient that has a light touch of sweetness as well. It goes well with rich ingredients.
klawf-stick,scarlet-violet,A very sweet and salty ingredient. It's a nutritious processed food made with a concentrate derived from shed Klawf shells.
kofus-wallet,scarlet-violet,"A wallet that was left behind by Kofu, the Gym Leader at the Cascarrafa Gym. You’re to deliver it to him at the market in Porto Marinada."
kommonium-z,scarlet-violet,It converts Z-Power into crystals that upgrade Kommo-o's Clanging Scales to a Z-Move.
kommonium-z,sun-moon,It converts Z-Power into crystals that upgrade Kommo-o's Clanging Scales to an exclusive Z-Move.
kommonium-z,ultra-sun-ultra-moon,It converts Z-Power into crystals that upgrade Kommo-o's Clanging Scales to an exclusive Z-Move.
koraidons-poke-ball,scarlet-violet,A Poké Ball that can hold the mysterious Pokémon known as Koraidon. A boy named Arven gave it to you.
kubfu-treat,scarlet-violet,A snack made from ingredients favored by the Legendary Pokémon Kubfu.
kyogre-treat,scarlet-violet,A snack made from ingredients favored by the Legendary Pokémon Kyogre.
kyurem-treat,scarlet-violet,A snack made from ingredients favored by the Legendary Pokémon Kyurem.
lab-key-card-a,legends-za,"A key card that can be used in Lysandre Labs. The locks were each programmed to take different keys for security purposes, but mostly it’s just an inconvenience."
lab-key-card-b,legends-za,"A key card that can be used in Lysandre Labs. The locks were each programmed to take different keys for security purposes, but mostly it’s just an inconvenience."
lab-key-card-c,legends-za,"A key card that can be used in Lysandre Labs. The locks were each programmed to take different keys for security purposes, but mostly it’s just an inconvenience."
lab-key-card-m,legends-za,---
lab-key-card-x,legends-za,---
lagging-tail,diamond-pearl,An item to be held by a Pokémon. It is tremendously heavy and makes the holder move slower than usual.
lagging-tail,scarlet-violet,"An item to be held by a Pokémon. A tail of something, this item is tremendously heavy and makes the holder move slower than usual."
lansat-berry,diamond-pearl,"A Poffin ingredient. If held by a Pokémon, it raises its critical-hit ratio in a pinch."
lansat-berry,emerald,A hold item that ups the critical-hit rate in a pinch.
lansat-berry,platinum,"A Poffin ingredient. If held by a Pokémon, it raises its critical-hit ratio in a pinch."
lansat-berry,ruby-sapphire,A hold item that ups the critical-hit rate in a pinch.
lansat-berry,scarlet-violet,"If a Pokémon holds one of these Berries, its critical-hit ratio will be boosted should it find itself in a pinch."
lansat-berry,x-y,"A Berry to be consumed by Pokémon. If a Pokémon holds one, its critical-hit ratio will increase when it's in a pinch."
large-leek,brilliant-diamond-shining-pearl,One of the many ingredients that can be used for cooking at your camp. Whether this is the kind of vegetable stalk that Farfetch'd like is unknown.
large-leek,legends-arceus,One of the many ingredients that can be used for cooking at your camp. Whether this is the kind of vegetable stalk that Farfetch'd like is unknown.
large-leek,scarlet-violet,One of the many ingredients that can be used for cooking at your camp. Whether this is the kind of vegetable stalk that Farfetch'd like is unknown.
large-leek,sword-shield,One of the many ingredients that can be used for cooking at your camp. Whether this is the kind of vegetable stalk that Farfetch'd like is unknown.
latias-treat,scarlet-violet,A snack made from ingredients favored by the Legendary Pokémon Latias.
latiasite,legends-za,One of a variety of mysterious Mega Stones. A Latias holding this stone will be able to Mega Evolve during battle.
latiasite,omega-ruby-alpha-sapphire,"One of a variety of mysterious Mega Stones. Have Latias hold it, and this stone will enable it to Mega Evolve during battle."
latiasite,x-y,"One variety of the mysterious Mega Stones. Have Latias hold it, and this stone will enable it to Mega Evolve during battle."
latios-treat,scarlet-violet,A snack made from ingredients favored by the Legendary Pokémon Latios.
latiosite,legends-za,One of a variety of mysterious Mega Stones. A Latios holding this stone will be able to Mega Evolve during battle.
latiosite,omega-ruby-alpha-sapphire,"One of a variety of mysterious Mega Stones. Have Latios hold it, and this stone will enable it to Mega Evolve during battle."
latiosite,sun-moon,"One of a variety of mysterious Mega Stones. Have Latios hold it, and this stone will enable it to Mega Evolve during battle."
latiosite,ultra-sun-ultra-moon,"One of a variety of mysterious Mega Stones. Have Latios hold it, and this stone will enable it to Mega Evolve during battle."
latiosite,x-y,"One variety of the mysterious Mega Stones. Have Latios hold it, and this stone will enable it to Mega Evolve during battle."
lava-cookie,black-2-white-2,Lavaridge Town's local specialty. It heals all the status problems of one Pokémon.
lava-cookie,black-white,Lavaridge Town's local specialty. It heals all the status problems of one Pokémon.
lava-cookie,brilliant-diamond-shining-pearl,Lavaridge Town's local specialty. It can be used once to heal all the status conditions of a Pokémon.
lava-cookie,diamond-pearl,Lavaridge Town's local specialty. It heals all the status problems of one Pokémon.
lava-cookie,emerald,A local specialty that heals all status problems.
lava-cookie,firered-leafgreen,Lavaridge Town's local specialty. It heals all the status problems of one Pokémon.
lava-cookie,heartgold-soulsilver,Lavaridge Town's local specialty. It heals all the status problems of one Pokémon.
lava-cookie,legends-arceus,Lavaridge Town's local specialty. It can be used once to heal all the status conditions of a Pokémon.
lava-cookie,lets-go-pikachu-lets-go-eevee,Lavaridge Town's local specialty. It can be used once to heal all the status conditions of a Pokémon.
lava-cookie,omega-ruby-alpha-sapphire,Lavaridge Town's local specialty. It can be used once to heal all the status conditions of a Pokémon.
lava-cookie,platinum,Lavaridge Town's local specialty. It heals all the status problems of one Pokémon.
lava-cookie,ruby-sapphire,A local specialty that heals all status problems.
lava-cookie,scarlet-violet,Lavaridge Town’s local specialty. It can be used to cure any status condition a Pokémon may have.
lava-cookie,sun-moon,Lavaridge Town's local specialty. It can be used once to heal all the status conditions of a Pokémon.
lava-cookie,sword-shield,Lavaridge Town's local specialty. It can be used once to heal all the status conditions of a Pokémon.
lava-cookie,ultra-sun-ultra-moon,Lavaridge Town's local specialty. It can be used once to heal all the status conditions of a Pokémon.
lava-cookie,x-y,Lavaridge Town's local specialty. It can be used once to heal all the status conditions of a Pokémon.
lax-incense,black-white,An item to be held by a Pokémon. The tricky aroma of this incense may make attacks miss the holder.
lax-incense,diamond-pearl,An item to be held by a Pokémon. The tricky aroma of this incense lowers the foe's accuracy.
lax-incense,firered-leafgreen,An item to be held by a Pokémon. Its tricky aroma slightly reduces the foe's accuracy.
lax-incense,ruby-sapphire,A hold item that slightly lowers the foe's accuracy.
lax-incense,scarlet-violet,An item to be held by a Pokémon. The curious aroma of this incense may cause moves to miss its holder.
lax-incense,x-y,An item to be held by a Pokémon. The beguiling aroma of this incense may cause attacks to miss its holder.
lax-mint,brilliant-diamond-shining-pearl,"When a Pokémon smells this mint, its Defense will grow more easily, but its Sp. Def will grow more slowly."
lax-mint,legends-arceus,"When a Pokémon smells this mint, its Defense will grow more easily, but its Sp. Def will grow more slowly."
lax-mint,scarlet-violet,"Having a Pokémon smell this mint can make its Defense stat grow stronger. However, its Sp. Def stat may suffer."
lax-mint,sword-shield,"When a Pokémon smells this mint, its Defense will grow more easily, but its Sp. Def will grow more slowly."
leaden-ball,legends-arceus,"An improvement on the original Heavy Ball design. A ball that is too heavy to fly high or far, but it is highly effective if you manage to hit an unsuspecting Pokémon."
leaden-ball,scarlet-violet,"An improvement on the original Heavy Ball design. A ball that is too heavy to fly high or far, but it is highly effective if you manage to hit an unsuspecting Pokémon."
leaders-crest,scarlet-violet,A shard of what appears to be an old blade of some sort. It is held only by Bisharp that head up a group of Pawniard.
leaf-letter,brilliant-diamond-shining-pearl,A letter written on a leaf. Something is written using Pikachu/Eevee's footprints.
leaf-letter,legends-arceus,A letter written on a leaf. Something is written using Pikachu/Eevee's footprints.
leaf-letter,lets-go-pikachu-lets-go-eevee,A letter written on a leaf. Something is written using Pikachu/Eevee's footprints.
leaf-letter,scarlet-violet,A letter written on a leaf. Something is written using Pikachu/Eevee's footprints.
leaf-letter,sword-shield,A letter written on a leaf. Something is written using Pikachu/Eevee's footprints.
leaf-stone,x-y,A peculiar stone that can make certain species of Pokémon evolve. It has an unmistakable leaf pattern.
leafy-chairs,scarlet-violet,A set of chairs that are ideal for picnicking. Their design was inspired by the Leafy Tablecloth.
leafy-tablecloth,scarlet-violet,A botanically themed tablecloth featuring Grass-type Pokémon. Can you find the Pokémon that doesn't quite fit in?
leek,diamond-pearl,An item to be held by Farfetch'd. It is a very long and stiff stalk of leek that boosts the critical-hit ratio.
leek,gold-silver,An ordinary stick. Sell low.
leek,scarlet-violet,An item to be held by Farfetch'd. This very long and stiff stalk of leek boosts the critical-hit ratio of Farfetch'd's moves.
leek,sword-shield,An item to be held by Farfetch'd. This very long and stiff stalk of leek boosts its critical-hit ratio.
left-poke-ball,brilliant-diamond-shining-pearl,A Poké Ball with a Pokémon that lost its Trainer inside. It seems to be from Ula'ula Island.
left-poke-ball,legends-arceus,A Poké Ball with a Pokémon that lost its Trainer inside. It seems to be from Ula'ula Island.
left-poke-ball,lets-go-pikachu-lets-go-eevee,A Poké Ball with a Pokémon that lost its Trainer inside. It seems to be from Ula'ula Island.
left-poke-ball,scarlet-violet,A Poké Ball containing a Pokémon that lost its Trainer. It seems the Trainer hails from Ula'ula Island.
left-poke-ball,sword-shield,A Poké Ball with a Pokémon that lost its Trainer inside. It seems to be from Ula'ula Island.
left-poke-ball,ultra-sun-ultra-moon,A Poké Ball with a Pokémon that lost its Trainer inside. It seems to be from Ula'ula Island.
leftovers,black-2-white-2,An item to be held by a Pokémon. The holder's HP is gradually restored during battle.
leftovers,black-white,An item to be held by a Pokémon. The holder's HP is gradually restored during battle.
leftovers,brilliant-diamond-shining-pearl,An item to be held by a Pokémon. The holder's HP is slowly but steadily restored throughout every battle.
leftovers,colosseum,A hold item that gradually restores HP in battle.
leftovers,crystal,Restores HP during battle. (HOLD)
leftovers,diamond-pearl,An item to be held by a Pokémon. The holder's HP is gradually restored during battle.
leftovers,emerald,A hold item that gradually restores HP in battle.
leftovers,gold-silver,Restores HP during battle. (HOLD)
leftovers,heartgold-soulsilver,An item to be held by a Pokémon. The holder's HP is gradually restored during battle.
leftovers,legends-arceus,An item to be held by a Pokémon. The holder's HP is slowly but steadily restored throughout every battle.
leftovers,omega-ruby-alpha-sapphire,An item to be held by a Pokémon. The holder's HP is slowly but steadily restored throughout every battle.
leftovers,platinum,An item to be held by a Pokémon. The holder's HP is gradually restored during battle.
leftovers,ruby-sapphire,A hold item that gradually restores HP in battle.
leftovers,scarlet-violet,An item to be held by a Pokémon. The holder's HP is slowly but steadily restored throughout a battle.
leftovers,sun-moon,An item to be held by a Pokémon. The holder's HP is slowly but steadily restored throughout every battle.
leftovers,sword-shield,An item to be held by a Pokémon. The holder's HP is slowly but steadily restored throughout every battle.
leftovers,ultra-sun-ultra-moon,An item to be held by a Pokémon. The holder's HP is slowly but steadily restored throughout every battle.
leftovers,x-y,An item to be held by a Pokémon. The holder's HP is slowly but steadily restored throughout every battle.
leftovers,xd,A hold item that gradually restores HP in battle.
legend-plate,legends-arceus,"A stone tablet imbued with the essence of all creation. When used on a certain Pokémon, it allows that Pokémon to gain the power of every type there is."
legend-plate,scarlet-violet,"A stone tablet imbued with the essence of all creation. When used on a certain Pokémon, it allows that Pokémon to gain the power of every type there is."
legendary-clue-1,brilliant-diamond-shining-pearl,"A clue about the King of Bountiful Harvests. It's written by Peony, and an old photo is attached to it."
legendary-clue-1,legends-arceus,"A clue about the King of Bountiful Harvests. It's written by Peony, and an old photo is attached to it."
legendary-clue-1,scarlet-violet,"A clue about the King of Bountiful Harvests. It's written by Peony, and an old photo is attached to it."
legendary-clue-1,sword-shield,"A clue about the King of Bountiful Harvests. It's written by Peony, and an old photo is attached to it."
legendary-clue-2,brilliant-diamond-shining-pearl,A clue about the legend of giants. It's written by Peony and has unique drawings.
legendary-clue-2,legends-arceus,A clue about the legend of giants. It's written by Peony and has unique drawings.
legendary-clue-2,scarlet-violet,A clue about the legend of giants. It's written by Peony and has unique drawings.
legendary-clue-2,sword-shield,A clue about the legend of giants. It's written by Peony and has unique drawings.
legendary-clue-3,brilliant-diamond-shining-pearl,A clue about the legend of Bird Pokémon. It's written by Peony and has a unique drawing.
legendary-clue-3,legends-arceus,A clue about the legend of Bird Pokémon. It's written by Peony and has a unique drawing.
legendary-clue-3,scarlet-violet,A clue about the legend of Bird Pokémon. It's written by Peony and has a unique drawing.
legendary-clue-3,sword-shield,A clue about the legend of Bird Pokémon. It's written by Peony and has a unique drawing.
legendary-clue-question,brilliant-diamond-shining-pearl,A mysterious clue that Peony seems to have dropped. There's a photo attached to it showing a shining hole opening above the Max Lair.
legendary-clue-question,legends-arceus,A mysterious clue that Peony seems to have dropped. There's a photo attached to it showing a shining hole opening above the Max Lair.
legendary-clue-question,scarlet-violet,A mysterious clue that Peony seems to have dropped. There's a photo attached to it showing a shining hole opening above the Max Lair.
legendary-clue-question,sword-shield,A mysterious clue that Peony seems to have dropped. There's a photo attached to it showing a shining hole opening above the Max Lair.
lemonade,diamond-pearl,A very sweet drink. It restores the HP of one Pokémon by 80 points.
lemonade,platinum,A very sweet drink. It restores the HP of one Pokémon by 80 points.
lemonade,scarlet-violet,A very sweet and refreshing drink. It can be used to restore 70 HP to a Pokémon.
lemonade,sun-moon,"A very sweet and refreshing drink. When consumed, it restores up to 70 HP to an injured Pokémon."
lens-case,brilliant-diamond-shining-pearl,A rather chic-looking case for carrying contact lenses.
lens-case,legends-arceus,A rather chic-looking case for carrying contact lenses.
lens-case,lets-go-pikachu-lets-go-eevee,A rather chic-looking case for carrying contact lenses.
lens-case,omega-ruby-alpha-sapphire,A rather chic-looking case for carrying contact lenses.
lens-case,scarlet-violet,A rather chic-looking case for carrying contact lenses.
lens-case,sun-moon,A rather chic-looking case for carrying contact lenses.
lens-case,sword-shield,A rather chic-looking case for carrying contact lenses.
lens-case,ultra-sun-ultra-moon,A rather chic-looking case for carrying contact lenses.
lens-case,x-y,A rather chic-looking case for carrying contact lenses.
leppa-berry,emerald,A hold item that restores 10 PP in battle.
leppa-berry,legends-arceus,A Berry that can be fed to a Pokémon to restore 10 PP to one of its moves. You can also throw this Berry near wild Pokémon to draw their attention.
leppa-berry,ruby-sapphire,A hold item that restores 10 PP in battle.
leppa-berry,x-y,"A Berry to be consumed by Pokémon. If a Pokémon holds one, it can restore 10 PP to a depleted move during battle."
letter,emerald,A letter to Steven from the President of the Devon Corp.
letter,firered-leafgreen,An extremely important letter to Steven from the President of the Devon Corporation.
letter,omega-ruby-alpha-sapphire,An extremely important letter to Steven from the President of Devon Corporation.
letter,ruby-sapphire,A letter to Steven from the President of the Devon Corp.
letter,sun-moon,An extremely important letter to Steven from the President of Devon Corporation.
letter,ultra-sun-ultra-moon,An extremely important letter to Steven from the President of Devon Corporation.
lettuce,scarlet-violet,This bitter-tasting ingredient is simple and straightforward—just add it to all kinds of other ingredients for a delightfully crunchy time.
level-ball,crystal,A Ball for lower-level Pokémon.
level-ball,gold-silver,A Ball for lower-level Pokémon.
level-ball,heartgold-soulsilver,A Poké Ball for catching Pokémon that are a lower level than your own.
level-ball,scarlet-violet,A somewhat different Poké Ball that becomes more effective the lower the level of the Pokémon compared to your own Pokémon.
level-ball,x-y,A Poké Ball that makes it easier to catch Pokémon that are at a lower level than your own Pokémon.
liberty-pass,black-white,A special pass to go to Liberty Garden. Board the ship in Castelia City.
lidas-things,legends-za,Lida's accessories and other items that she uses when practicing dance. They're kept in a small pouch that was handmade by Naveen.
liechi-berry,diamond-pearl,"If held by a Pokémon, it raises its Attack stat in a pinch."
liechi-berry,emerald,A hold item that raises Attack in a pinch.
liechi-berry,platinum,"If held by a Pokémon, it raises its Attack stat in a pinch."
liechi-berry,ruby-sapphire,A hold item that raises Attack in a pinch.
liechi-berry,scarlet-violet,"If a Pokémon holds one of these Berries, its Attack stat will be boosted should it find itself in a pinch."
life-orb,black-2-white-2,"An item to be held by a Pokémon. It boosts the power of moves, but at the cost of some HP on each hit."
life-orb,black-white,"An item to be held by a Pokémon. It boosts the power of moves, but at the cost of some HP on each hit."
life-orb,diamond-pearl,"An item to be held by a Pokémon. It boosts the power of moves, but at the cost of some HP on each hit."
life-orb,heartgold-soulsilver,"An item to be held by a Pokémon. It boosts the power of moves, but at the cost of some HP on each hit."
life-orb,omega-ruby-alpha-sapphire,"An item to be held by a Pokémon. It boosts the power of moves, but at the cost of some HP on each hit."
life-orb,platinum,"An item to be held by a Pokémon. It boosts the power of moves, but at the cost of some HP on each hit."
life-orb,scarlet-violet,"An item to be held by a Pokémon. It boosts the power of the holder's moves, but the holder also loses a small amount of HP with each attack it lands."
life-orb,sun-moon,"An item to be held by a Pokémon. It boosts the power of moves, but at the cost of some HP on each hit."
life-orb,ultra-sun-ultra-moon,"An item to be held by a Pokémon. It boosts the power of moves, but at the cost of some HP on each hit."
life-orb,x-y,"An item to be held by a Pokémon. It boosts the power of moves, but at the cost of some HP on each hit."
lift-key,emerald,An elevator key used in Team Rocket's Hideout.
lift-key,firered-leafgreen,A key that operates the elevator in Team Rocket's Hideout. It bears the Team Rocket logo.
lift-key,lets-go-pikachu-lets-go-eevee,A key that operates the elevator in the Team Rocket Hideout. It bears the Team Rocket logo.
lift-key,stadium,The key used for operating the elevator in a certain building.
light-ball,black-2-white-2,An item to be held by Pikachu. It is a puzzling orb that raises the Attack and Sp. Atk stat.
light-ball,black-white,An item to be held by Pikachu. It is a puzzling orb that raises the Attack and Sp. Atk stat.
light-ball,brilliant-diamond-shining-pearl,An item to be held by Pikachu. It's a puzzling orb that boosts its Attack and Sp. Atk stats.
light-ball,crystal,"An odd, electrical orb. (HOLD)"
light-ball,diamond-pearl,An item to be held by Pikachu. It is a puzzling orb that raises the Sp. Atk stat.
light-ball,emerald,A hold item that raises the Sp. Atk of Pikachu.
light-ball,firered-leafgreen,An orb to be held by a Pikachu that raises the Sp. Atk stat. Touching it may cause a shock.
light-ball,gold-silver,"An odd, electrical orb. (HOLD)"
light-ball,heartgold-soulsilver,An item to be held by Pikachu. It is a puzzling orb that raises the Attack and Sp. Atk stat.
light-ball,legends-arceus,An item to be held by Pikachu. It's a puzzling orb that boosts its Attack and Sp. Atk stats.
light-ball,omega-ruby-alpha-sapphire,An item to be held by Pikachu. It's a puzzling orb that boosts its Attack and Sp. Atk stats.
light-ball,platinum,An item to be held by Pikachu. It is a puzzling orb that raises the Attack and Sp. Atk stat.
light-ball,ruby-sapphire,A hold item that raises the Sp. Atk of Pikachu.
light-ball,scarlet-violet,An item to be held by Pikachu. It's a mysterious orb that boosts Pikachu’s Attack and Sp. Atk stats.
light-ball,sun-moon,An item to be held by Pikachu. It's a puzzling orb that boosts its Attack and Sp. Atk stats.
light-ball,sword-shield,An item to be held by Pikachu. It's a puzzling orb that boosts its Attack and Sp. Atk stats.
light-ball,ultra-sun-ultra-moon,An item to be held by Pikachu. It's a puzzling orb that boosts its Attack and Sp. Atk stats.
light-ball,x-y,An item to be held by Pikachu. It's a puzzling orb that boosts its Attack and Sp. Atk stats.
light-clay,black-2-white-2,A Pokémon held item that extends the duration of barrier moves like Light Screen and Reflect used by the holder.
light-clay,black-white,A Pokémon held item that extends the duration of barrier moves like Light Screen and Reflect used by the holder.
light-clay,brilliant-diamond-shining-pearl,An item to be held by a Pokémon. Protective moves like Light Screen and Reflect will be effective longer.
light-clay,diamond-pearl,A Pokémon hold item that extends the duration of barrier moves like Light Screen and Reflect used by the holder.
light-clay,heartgold-soulsilver,A Pokémon held item that extends the duration of barrier moves like Light Screen and Reflect used by the holder.
light-clay,legends-arceus,An item to be held by a Pokémon. Protective moves like Light Screen and Reflect will be effective longer.
light-clay,lets-go-pikachu-lets-go-eevee,An item to be held by a Pokémon. Protective moves like Light Screen and Reflect will be effective longer.
light-clay,omega-ruby-alpha-sapphire,An item to be held by a Pokémon. Protective moves like Light Screen and Reflect will be effective longer.
light-clay,platinum,A Pokémon hold item that extends the duration of barrier moves like Light Screen and Reflect used by the holder.
light-clay,scarlet-violet,"An item to be held by a Pokémon. When the holder uses protective moves like Light Screen or Reflect, their effects will last longer than usual."
light-clay,sun-moon,An item to be held by a Pokémon. Protective moves like Light Screen and Reflect will be effective longer.
light-clay,sword-shield,An item to be held by a Pokémon. Protective moves like Light Screen and Reflect will be effective longer.
light-clay,ultra-sun-ultra-moon,An item to be held by a Pokémon. Protective moves like Light Screen and Reflect will be effective longer.
light-clay,x-y,An item to be held by a Pokémon. Protective moves like Light Screen and Reflect will be effective longer.
light-stone,black-2-white-2,Reshiram's body was destroyed and changed into this stone. It is said to be waiting for the emergence of a hero.
light-stone,black-white,Reshiram's body was destroyed and changed into this stone. It is said to be waiting for the emergence of a hero.
light-stone,brilliant-diamond-shining-pearl,Reshiram's body was destroyed and changed into this stone. It is said to be waiting for the emergence of a hero.
light-stone,legends-arceus,Reshiram's body was destroyed and changed into this stone. It is said to be waiting for the emergence of a hero.
light-stone,omega-ruby-alpha-sapphire,Reshiram's body was destroyed and changed into this stone. It is said to be waiting for the emergence of a hero.
light-stone,scarlet-violet,Reshiram's body was destroyed and changed into this stone. It is said to be waiting for the emergence of a hero.
light-stone,sword-shield,Reshiram's body was destroyed and changed into this stone. It is said to be waiting for the emergence of a hero.
light-stone,ultra-sun-ultra-moon,Reshiram's body was destroyed and changed into this stone. It is said to be waiting for the emergence of a hero.
light-stone,x-y,Reshiram's body was destroyed and changed into this stone. It is said to be waiting for the emergence of a hero.
like-mail,black-2-white-2,Stationery designed for writing recommendations. Let a Pokémon hold it for delivery.
like-mail,black-white,Stationery designed for writing recommendations. Let a Pokémon hold it for delivery.
like-mail,brilliant-diamond-shining-pearl,Stationery designed to allow you to recommend something to the reader. Have a Pokémon hold it for delivery.
like-mail,legends-arceus,Stationery designed to allow you to recommend something to the reader. Have a Pokémon hold it for delivery.
like-mail,omega-ruby-alpha-sapphire,Stationery designed to allow you to recommend something to the reader. Have a Pokémon hold it for delivery.
like-mail,scarlet-violet,Stationery designed to allow you to recommend something to the reader. Have a Pokémon hold it for delivery.
like-mail,sun-moon,Stationery designed to allow you to recommend something to the reader. Have a Pokémon hold it for delivery.
like-mail,sword-shield,Stationery designed to allow you to recommend something to the reader. Have a Pokémon hold it for delivery.
like-mail,ultra-sun-ultra-moon,Stationery designed to allow you to recommend something to the reader. Have a Pokémon hold it for delivery.
like-mail,x-y,Stationery designed to allow you to recommend something to the reader. Have a Pokémon hold it for delivery.
lilac-chairs,scarlet-violet,A set of chairs that are ideal for picnicking. Their design was inspired by the Lilac Tablecloth.
lilac-tablecloth,scarlet-violet,"A light purple tablecloth. It's smooth and pleasant to the touch, and dishes can be placed on it with hardly a sound."
linking-cord,legends-arceus,A string exuding a mysterious energy that makes you feel a strange sense of connection. It’s loved by certain Pokémon.
linking-cord,scarlet-violet,A string exuding a mysterious energy that makes you feel a strange sense of connection. It’s loved by certain Pokémon.
litebluemail,crystal,Dratini-print Mail. (HOLD)
litebluemail,gold,Dratini-print Mail. (HOLD)
litebluemail,silver,Dratini-print Mail. (HOLD)
loaded-dice,scarlet-violet,"An item to be held by a Pokémon. This loaded dice always rolls a good number, and holding one can ensure that the holder's multistrike moves hit more times."
lock-capsule,heartgold-soulsilver,A sturdy capsule that can only be opened with a special key.
lone-earring,brilliant-diamond-shining-pearl,A single earring that somebody dropped.
lone-earring,legends-arceus,A single earring that somebody dropped.
lone-earring,lets-go-pikachu-lets-go-eevee,A single earring that somebody dropped.
lone-earring,scarlet-violet,A single earring that somebody dropped.
lone-earring,sword-shield,A single earring that somebody dropped.
lonely-mint,brilliant-diamond-shining-pearl,"When a Pokémon smells this mint, its Attack will grow more easily, but its Defense will grow more slowly."
lonely-mint,legends-arceus,"When a Pokémon smells this mint, its Attack will grow more easily, but its Defense will grow more slowly."
lonely-mint,scarlet-violet,"Having a Pokémon smell this mint can make its Attack stat grow stronger. However, its Defense stat may suffer."
lonely-mint,sword-shield,"When a Pokémon smells this mint, its Attack will grow more easily, but its Defense will grow more slowly."
looker-ticket,brilliant-diamond-shining-pearl,A ticket that was handmade by Looker. It's decorated with a liberal amount of glittery paint.
looker-ticket,legends-arceus,A ticket that was handmade by Looker. It's decorated with a liberal amount of glittery paint.
looker-ticket,lets-go-pikachu-lets-go-eevee,A ticket that was handmade by Looker. It's decorated with a liberal amount of glittery paint.
looker-ticket,omega-ruby-alpha-sapphire,A ticket that was handmade by Looker. It's decorated with a liberal amount of glittery paint.
looker-ticket,scarlet-violet,A ticket that was handmade by Looker. It's decorated with a liberal amount of glittery paint.
looker-ticket,sun-moon,A ticket that was handmade by Looker. It's decorated with a liberal amount of glittery paint.
looker-ticket,sword-shield,A ticket that was handmade by Looker. It's decorated with a liberal amount of glittery paint.
looker-ticket,ultra-sun-ultra-moon,A ticket that was handmade by Looker. It's decorated with a liberal amount of glittery paint.
looker-ticket,x-y,A ticket that was handmade by Looker. It's decorated with a liberal amount of glittery paint.
lopunnite,legends-za,One of a variety of mysterious Mega Stones. A Lopunny holding this stone will be able to Mega Evolve during battle.
lopunnite,omega-ruby-alpha-sapphire,"One of a variety of mysterious Mega Stones. Have Lopunny hold it, and this stone will enable it to Mega Evolve during battle."
lopunnite,sun-moon,"One of a variety of mysterious Mega Stones. Have Lopunny hold it, and this stone will enable it to Mega Evolve during battle."
lopunnite,ultra-sun-ultra-moon,"One of a variety of mysterious Mega Stones. Have Lopunny hold it, and this stone will enable it to Mega Evolve during battle."
lost-item,black-2-white-2,The Mime Jr. doll that was lost by the Copycat.
lost-item,black-white,The Mime Jr. doll that was lost by the Copycat.
lost-item,brilliant-diamond-shining-pearl,The Mime Jr. doll that was lost by the Copycat.
lost-item,crystal,The Poké Doll lost by the Copycat.
lost-item,gold-silver,The Poké Doll lost by the Copycat.
lost-item,heartgold-soulsilver,The Poké Doll lost by the Copycat.
lost-item,legends-arceus,The Mime Jr. doll that was lost by the Copycat.
lost-item,lets-go-pikachu-lets-go-eevee,The Mime Jr. doll that was lost by the Copycat.
lost-item,omega-ruby-alpha-sapphire,The Mime Jr. doll that was lost by the Copycat.
lost-item,scarlet-violet,The Mime Jr. doll that was lost by the Copycat.
lost-item,sun-moon,The Mime Jr. doll that was lost by the Copycat.
lost-item,sword-shield,The Mime Jr. doll that was lost by the Copycat.
lost-item,ultra-sun-ultra-moon,The Mime Jr. doll that was lost by the Copycat.
lost-item,x-y,The Mime Jr. doll that was lost by the Copycat.
lost-satchel,legends-arceus,A satchel that someone dropped.
lost-satchel,scarlet-violet,A satchel that someone dropped.
love-ball,black-2-white-2,Poké Ball for catching Pokémon that are the opposite gender of your Pokémon.
love-ball,black-white,Poké Ball for catching Pokémon that are the opposite gender of your Pokémon.
love-ball,brilliant-diamond-shining-pearl,A Poké Ball that works best when catching a Pokémon that is of the opposite gender of your Pokémon.
love-ball,crystal,For catching the opposite gender.
love-ball,gold-silver,For catching the opposite gender.
love-ball,heartgold-soulsilver,Poké Ball for catching Pokémon that are the opposite gender of your Pokémon.
love-ball,legends-arceus,A Poké Ball that works best when catching a Pokémon that is of the opposite gender of your Pokémon.
love-ball,legends-za,A somewhat different Poké Ball that is more effective when catching Pokémon of the opposite gender to your own Pokémon.
love-ball,omega-ruby-alpha-sapphire,A Poké Ball that works best when catching a Pokémon that is of the opposite gender of your Pokémon.
love-ball,scarlet-violet,A somewhat different Poké Ball that is more effective when catching Pokémon of the opposite gender to your own Pokémon.
love-ball,sun-moon,A Poké Ball that works best when catching a Pokémon that is of the opposite gender of your Pokémon.
love-ball,sword-shield,A Poké Ball that works best when catching a Pokémon that is of the opposite gender of your Pokémon.
love-ball,ultra-sun-ultra-moon,A Poké Ball that works best when catching a Pokémon that is of the opposite gender of your Pokémon.
love-ball,x-y,A Poké Ball that works best when catching a Pokémon that is of the opposite gender of your Pokémon.
love-sweet,brilliant-diamond-shining-pearl,"A heart-shaped sweet. When a Milcery holds this, it spins around happily."
love-sweet,legends-arceus,"A heart-shaped sweet. When a Milcery holds this, it spins around happily."
love-sweet,scarlet-violet,"A heart-shaped sweet. When a Milcery holds this, it spins around happily."
love-sweet,sword-shield,"A heart-shaped sweet. When a Milcery holds this, it spins around happily."
lovely-mail,crystal,Heart-print Mail. (HOLD)
lovely-mail,gold-silver,Heart-print Mail. (HOLD)
lucarionite,legends-za,One of a variety of mysterious Mega Stones. A Lucario holding this stone will be able to Mega Evolve during battle.
lucarionite,omega-ruby-alpha-sapphire,"One of a variety of mysterious Mega Stones. Have Lucario hold it, and this stone will enable it to Mega Evolve during battle."
lucarionite,sun-moon,"One of a variety of mysterious Mega Stones. Have Lucario hold it, and this stone will enable it to Mega Evolve during battle."
lucarionite,ultra-sun-ultra-moon,"One of a variety of mysterious Mega Stones. Have Lucario hold it, and this stone will enable it to Mega Evolve during battle."
lucarionite,x-y,"One variety of the mysterious Mega Stones. Have Lucario hold it, and this stone will enable it to Mega Evolve during battle."
lucarionite-z,legends-za,One of a variety of mysterious Mega Stones. A Lucario holding this stone will be able to Mega Evolve during battle.
luck-incense,black-2-white-2,An item to be held by a Pokémon. It doubles a battle's prize money if the holding Pokémon joins in.
luck-incense,black-white,An item to be held by a Pokémon. It doubles a battle's prize money if the holding Pokémon joins in.
luck-incense,brilliant-diamond-shining-pearl,An item to be held by a Pokémon. It doubles any prize money received if the holding Pokémon joins a battle.
luck-incense,diamond-pearl,An item to be held by a Pokémon. It doubles a battle's prize money if the holding Pokémon joins in.
luck-incense,heartgold-soulsilver,An item to be held by a Pokémon. It doubles a battle's prize money if the holding Pokémon joins in.
luck-incense,legends-arceus,An item to be held by a Pokémon. It doubles any prize money received if the holding Pokémon joins a battle.
luck-incense,lets-go-pikachu-lets-go-eevee,An item to be held by a Pokémon. It doubles any prize money received if the holding Pokémon joins a battle.
luck-incense,omega-ruby-alpha-sapphire,An item to be held by a Pokémon. It doubles any prize money received if the holding Pokémon joins a battle.
luck-incense,platinum,An item to be held by a Pokémon. It doubles a battle's prize money if the holding Pokémon joins in.
luck-incense,scarlet-violet,An item to be held by a Pokémon. It doubles any prize money received as long as the holder joins the battle at least once.
luck-incense,sun-moon,An item to be held by a Pokémon. It doubles any prize money received if the holding Pokémon joins a battle.
luck-incense,sword-shield,An item to be held by a Pokémon. It doubles any prize money received if the holding Pokémon joins a battle.
luck-incense,ultra-sun-ultra-moon,An item to be held by a Pokémon. It doubles any prize money received if the holding Pokémon joins a battle.
luck-incense,x-y,An item to be held by a Pokémon. It doubles any prize money received if the holding Pokémon joins a battle.
lucky-egg,crystal,Earns extra Exp. points. (HOLD)
lucky-egg,diamond-pearl,An item to be held by a Pokémon. It is an egg filled with happiness that earns extra Exp. Points in battle.
lucky-egg,gold-silver,Earns extra Exp. points. (HOLD)
lucky-egg,heartgold-soulsilver,An item to be held by a Pokémon. It is an egg filled with happiness that earns extra Exp. Points in battle.
lucky-egg,platinum,An item to be held by a Pokémon. It is an egg filled with happiness that earns extra Exp. Points in battle.
lucky-egg,scarlet-violet,An item to be held by a Pokémon. It's an egg filled with happiness that earns the holder extra Exp. Points.
lucky-punch,black-2-white-2,An item to be held by Chansey. It is a pair of gloves that boosts Chansey's critical-hit ratio.
lucky-punch,black-white,An item to be held by Chansey. It is a pair of gloves that boosts Chansey's critical-hit ratio.
lucky-punch,crystal,Ups critical hit ratio of Chansey.
lucky-punch,diamond-pearl,An item to be held by Chansey. It is a pair of gloves that boosts Chansey's critical-hit ratio.
lucky-punch,emerald,A hold item that raises Chansey's critical-hit rate.
lucky-punch,firered-leafgreen,A glove to be held by a Chansey. It raises Chansey's critical-hit ratio.
lucky-punch,gold-silver,Ups critical hit ratio of Chansey.
lucky-punch,heartgold-soulsilver,An item to be held by Chansey. It is a pair of gloves that boosts Chansey's critical-hit ratio.
lucky-punch,omega-ruby-alpha-sapphire,An item to be held by Chansey. This pair of lucky boxing gloves will boost Chansey's critical-hit ratio.
lucky-punch,platinum,An item to be held by Chansey. It is a pair of gloves that boosts Chansey's critical-hit ratio.
lucky-punch,ruby-sapphire,A hold item that raises Chansey's critical-hit rate.
lucky-punch,scarlet-violet,An item to be held by Chansey. This lucky boxing glove boosts the critical-hit ratio of Chansey's moves.
lucky-punch,sun-moon,An item to be held by Chansey. This pair of lucky boxing gloves will boost Chansey's critical-hit ratio.
lucky-punch,ultra-sun-ultra-moon,An item to be held by Chansey. This pair of lucky boxing gloves will boost Chansey's critical-hit ratio.
lucky-punch,x-y,An item to be held by Chansey. This pair of lucky boxing gloves will boost Chansey's critical-hit ratio.
lugia-treat,scarlet-violet,A snack made from ingredients favored by the Legendary Pokémon Lugia.
lum-berry,emerald,A hold item that heals status in battle.
lum-berry,legends-arceus,A Berry that can be fed to a Pokémon to cure any status conditions it may have. You can also throw this Berry near wild Pokémon to draw their attention.
lum-berry,ruby-sapphire,A hold item that heals status in battle.
lum-berry,x-y,"A Berry to be consumed by Pokémon. If a Pokémon holds one, it can recover from any status condition during battle."
luminous-moss,brilliant-diamond-shining-pearl,An item to be held by a Pokémon. It boosts Sp. Def if the holder is hit with a Water-type attack. It can only be used once.
luminous-moss,legends-arceus,An item to be held by a Pokémon. It boosts Sp. Def if the holder is hit with a Water-type attack. It can only be used once.
luminous-moss,lets-go-pikachu-lets-go-eevee,An item to be held by a Pokémon. It boosts Sp. Def if the holder is hit with a Water-type attack. It can only be used once.
luminous-moss,omega-ruby-alpha-sapphire,An item to be held by a Pokémon. It boosts Sp. Def if hit with a Water-type attack. It can only be used once.
luminous-moss,scarlet-violet,An item to be held by a Pokémon. This single-use luminous moss boosts the Sp. Def stat if the holder is damaged by a Water-type move.
luminous-moss,sun-moon,An item to be held by a Pokémon. It boosts Sp. Def if hit with a Water-type attack. It can only be used once.
luminous-moss,sword-shield,An item to be held by a Pokémon. It boosts Sp. Def if the holder is hit with a Water-type attack. It can only be used once.
luminous-moss,ultra-sun-ultra-moon,An item to be held by a Pokémon. It boosts Sp. Def if hit with a Water-type attack. It can only be used once.
luminous-moss,x-y,An item to be held by a Pokémon. It boosts Sp. Def if hit with a Water-type attack. It can only be used once.
lumiose-galette,brilliant-diamond-shining-pearl,A popular treat in Lumiose City. It can be used once to heal all the status conditions of a Pokémon.
lumiose-galette,legends-arceus,A popular treat in Lumiose City. It can be used once to heal all the status conditions of a Pokémon.
lumiose-galette,legends-za,A popular treat in Lumiose City. It can be used to cure any status condition a Pokémon may have.
lumiose-galette,lets-go-pikachu-lets-go-eevee,A popular treat in Lumiose City. It can be used once to heal all the status conditions of a Pokémon.
lumiose-galette,omega-ruby-alpha-sapphire,A popular treat in Lumiose City. It can be used once to heal all the status conditions of a Pokémon.
lumiose-galette,scarlet-violet,A popular treat in Lumiose City. It can be used to cure any status condition a Pokémon may have.
lumiose-galette,sun-moon,A popular treat in Lumiose City. It can be used once to heal all the status conditions of a Pokémon.
lumiose-galette,sword-shield,A popular treat in Lumiose City. It can be used once to heal all the status conditions of a Pokémon.
lumiose-galette,ultra-sun-ultra-moon,A popular treat in Lumiose City. It can be used once to heal all the status conditions of a Pokémon.
lumiose-galette,x-y,A popular treat in Lumiose City. It can be used once to heal all the status conditions of a Pokémon.
lumiosian-butter,legends-za,"Some of the absolute best butter produced in the Kalos region. Highly sought after by the cooks of Lumiose—if you know, you know. Makes for great donuts."
lunala-treat,scarlet-violet,A snack made from ingredients favored by the Legendary Pokémon Lunala.
lunalium-z,scarlet-violet,It converts Z-Power into crystals that upgrade Lunala's Moongeist Beam to a Z-Move.
lunalium-z,ultra-sun-ultra-moon,It converts Z-Power into crystals that upgrade Lunala's Moongeist Beam to an exclusive Z-Move.
lunar-feather,heartgold-soulsilver,A feather that glows like the moon. It is said to possess the power to dispel nightmares.
lunar-feather,scarlet-violet,A feather that glows like the moon. It's said to possess the power to dispel nightmares.
lure,brilliant-diamond-shining-pearl,A glass bottle of perfume that makes rare Pokémon more likely to appear.
lure,legends-arceus,A glass bottle of perfume that makes rare Pokémon more likely to appear.
lure,lets-go-pikachu-lets-go-eevee,A glass bottle of perfume that makes rare Pokémon more likely to appear.
lure,scarlet-violet,A bottle of perfume that makes rare Pokémon more likely to appear for a short time when sprayed about.
lure,sword-shield,A glass bottle of perfume that makes rare Pokémon more likely to appear.
lure-ball,crystal,A Ball for Pokémon hooked by a rod.
lure-ball,gold-silver,A Ball for Pokémon hooked by a rod.
lure-ball,heartgold-soulsilver,A Poké Ball for catching Pokémon hooked by a Rod when fishing.
lure-ball,legends-za,A somewhat different Poké Ball that is more effective when catching Pokémon in or on the water.
lure-ball,omega-ruby-alpha-sapphire,A Poké Ball that is good for catching Pokémon that you reel in with a Rod while out fishing.
lure-ball,scarlet-violet,A somewhat different Poké Ball that is more effective when catching Pokémon in or on the water.
lure-ball,sun-moon,A Poké Ball that is good for catching Pokémon that you reel in with a rod while out fishing.
lure-ball,ultra-sun-ultra-moon,A Poké Ball that is good for catching Pokémon that you reel in with a rod while out fishing.
lure-ball,x-y,A Poké Ball that is good for catching Pokémon that you reel in with a Rod while out fishing.
lustrous-globe,legends-arceus,"When used on Palkia, this large, glowing orb wells with power and allows the Pokémon to change form."
lustrous-globe,scarlet-violet,"An item to be held by Palkia. This large, glowing orb wells with power and allows the Pokémon to change form."
lustrous-orb,black-2-white-2,A beautifully glowing orb to be held by Palkia. It boosts the power of Dragon- and Water-type moves.
lustrous-orb,black-white,A beautifully glowing orb to be held by Palkia. It boosts the power of Dragon- and Water-type moves.
lustrous-orb,brilliant-diamond-shining-pearl,A beautifully glowing orb to be held by Palkia. It boosts the power of Dragon- and Water-type moves when it is held.
lustrous-orb,diamond-pearl,A beautifully glowing orb to be held by Palkia. It boosts the power of Dragon- and Water-type moves.
lustrous-orb,heartgold-soulsilver,A beautifully glowing orb to be held by Palkia. It boosts the power of Dragon- and Water-type moves.
lustrous-orb,legends-arceus,A beautifully glowing orb to be held by Palkia. It boosts the power of Dragon- and Water-type moves when it is held.
lustrous-orb,lets-go-pikachu-lets-go-eevee,A beautifully glowing orb to be held by Palkia. It boosts the power of Dragon- and Water-type moves when it is held.
lustrous-orb,omega-ruby-alpha-sapphire,A beautifully glowing orb to be held by Palkia. It boosts the power of Dragon- and Water-type moves when it is held.
lustrous-orb,platinum,A beautifully glowing orb to be held by Palkia. It boosts the power of Dragon- and Water-type moves.
lustrous-orb,scarlet-violet,A beautifully shining gem to be held by Palkia. It boosts the power of Palkia’s Dragon- and Water-type moves.
lustrous-orb,sun-moon,A beautifully glowing orb to be held by Palkia. It boosts the power of Dragon- and Water-type moves when it is held.
lustrous-orb,sword-shield,A beautifully glowing orb to be held by Palkia. It boosts the power of Dragon- and Water-type moves when it is held.
lustrous-orb,ultra-sun-ultra-moon,A beautifully glowing orb to be held by Palkia. It boosts the power of Dragon- and Water-type moves when it is held.
lustrous-orb,x-y,A beautifully glowing orb to be held by Palkia. It boosts the power of Dragon- and Water-type moves when it is held.
luxury-ball,diamond-pearl,A comfortable Poké Ball that makes a caught wild Pokémon quickly grow friendly.
luxury-ball,emerald,A cozy Ball that makes Pokémon more friendly.
luxury-ball,firered-leafgreen,A comfortable Ball that makes a captured wild Pokémon quickly grow friendly.
luxury-ball,platinum,A comfortable Poké Ball that makes a caught wild Pokémon quickly grow friendly.
luxury-ball,ruby-sapphire,A cozy Ball that makes Pokémon more friendly.
luxury-ball,scarlet-violet,A particularly comfortable Poké Ball that makes a wild Pokémon quickly grow friendlier after being caught.
lycanium-z,brilliant-diamond-shining-pearl,It converts Z-Power into crystals that upgrade Lycanroc's Stone Edge to an exclusive Z-Move.
lycanium-z,legends-arceus,It converts Z-Power into crystals that upgrade Lycanroc's Stone Edge to an exclusive Z-Move.
lycanium-z,scarlet-violet,It converts Z-Power into crystals that upgrade Lycanroc's Stone Edge to a Z-Move.
lycanium-z,sun-moon,It converts Z-Power into crystals that upgrade Lycanroc's Stone Edge to an exclusive Z-Move.
lycanium-z,sword-shield,It converts Z-Power into crystals that upgrade Lycanroc's Stone Edge to an exclusive Z-Move.
lycanium-z,ultra-sun-ultra-moon,It converts Z-Power into crystals that upgrade Lycanroc's Stone Edge to an exclusive Z-Move.
mach-bike,emerald,A folding bicycle that doubles your speed or better.
mach-bike,firered-leafgreen,A folding bicycle that is at least twice as fast as walking.
mach-bike,omega-ruby-alpha-sapphire,This folding Bike more than doubles your movement speed.
mach-bike,ruby-sapphire,A folding bicycle that more than doubles foot speed.
mach-bike,sun-moon,This folding Bike more than doubles your movement speed.
mach-bike,ultra-sun-ultra-moon,This folding Bike more than doubles your movement speed.
machine-part,brilliant-diamond-shining-pearl,An important part of a machine that was stolen from the Power Plant.
machine-part,crystal,A machine part for the Power Plant.
machine-part,gold-silver,A machine part for the Power Plant.
machine-part,heartgold-soulsilver,An important machine part for the Power Plant that was stolen.
machine-part,legends-arceus,An important part of a machine that was stolen from the Power Plant.
machine-part,omega-ruby-alpha-sapphire,An important part of a machine that was stolen from the Power Plant.
machine-part,scarlet-violet,An important part of a machine that was stolen from the Power Plant.
machine-part,sun-moon,An important part of a machine that was stolen from the Power Plant.
machine-part,sword-shield,An important part of a machine that was stolen from the Power Plant.
machine-part,ultra-sun-ultra-moon,An important part of a machine that was stolen from the Power Plant.
machine-part,x-y,An important part of a machine that was stolen from the Power Plant.
macho-brace,diamond-pearl,An item to be held by a Pokémon. It is a stiff and heavy brace that promotes strong growth but lowers Speed.
macho-brace,firered-leafgreen,An item to be held by a Pokémon. It promotes strong growth but lowers Speed while it is held.
macho-brace,ruby-sapphire,"A hold item that promotes growth, but reduces Speed."
macho-brace,scarlet-violet,"An item to be held by a Pokémon. Holding this stiff, heavy brace reduces a Pokémon's Speed in battle but allows its stats to grow more quickly."
macho-brace,x-y,"An item to be held by a Pokémon. This stiff, heavy brace helps Pokémon grow strong but cuts Speed in battle."
magearnite,legends-za,One of a variety of mysterious Mega Stones. A Magearna holding this stone will be able to Mega Evolve during battle.
magical-heart-pick,scarlet-violet,A pick shaped after a magic wand. Perhaps the real magic is the food maker's wish for a delicious dish.
magical-star-pick,scarlet-violet,A pick shaped after a magic wand. Perhaps the real magic is the food maker's wish for a delicious dish.
magma-emblem,emerald,A medal-like item in the same shape as Team Magma's mark.
magma-stone,black-2-white-2,"A stone formed when boulders melted in intensely hot magma, then hardened. Magma remains sealed inside."
magma-stone,black-white,"A stone formed when boulders melted in intensely hot magma, then hardened. Magma remains sealed inside."
magma-stone,brilliant-diamond-shining-pearl,"A stone formed by boulders melting in intensely hot magma, then hardening. Magma remains sealed inside it."
magma-stone,diamond-pearl,"A stone formed when boulders melted in intensely hot magma, then hardened. Magma remains sealed inside."
magma-stone,heartgold-soulsilver,"A stone formed when boulders melted in intensely hot magma, then hardened. Magma remains sealed inside."
magma-stone,legends-arceus,"A stone formed by boulders melting in intensely hot magma, then hardening. Magma remains sealed inside it."
magma-stone,lets-go-pikachu-lets-go-eevee,"A stone formed by boulders melting in intensely hot magma, then hardening. Magma remains sealed inside it."
magma-stone,omega-ruby-alpha-sapphire,"A stone formed by boulders melting in intensely hot magma, then hardening. Magma remains sealed inside it."
magma-stone,scarlet-violet,"A stone formed by boulders melting in intensely hot magma, then hardening. Magma remains sealed inside it."
magma-stone,sun-moon,"A stone formed by boulders melting in intensely hot magma, then hardening. Magma remains sealed inside it."
magma-stone,sword-shield,"A stone formed by boulders melting in intensely hot magma, then hardening. Magma remains sealed inside it."
magma-stone,ultra-sun-ultra-moon,"A stone formed by boulders melting in intensely hot magma, then hardening. Magma remains sealed inside it."
magma-stone,x-y,"A stone formed by boulders melting in intensely hot magma, then hardening. Magma remains sealed inside it."
magma-suit,brilliant-diamond-shining-pearl,A suit made with the collective technological know-how of Team Magma. It can withstand any impact.
magma-suit,legends-arceus,A suit made with the collective technological know-how of Team Magma. It can withstand any impact.
magma-suit,lets-go-pikachu-lets-go-eevee,A suit made with the collective technological know-how of Team Magma. It can withstand any impact.
magma-suit,omega-ruby-alpha-sapphire,A suit made with the collective technological know-how of Team Magma. It can withstand any impact.
magma-suit,scarlet-violet,A suit made with the collective technological know-how of Team Magma. It can withstand any impact.
magma-suit,sun-moon,A suit made with the collective technological know-how of Team Magma. It can withstand any impact.
magma-suit,sword-shield,A suit made with the collective technological know-how of Team Magma. It can withstand any impact.
magma-suit,ultra-sun-ultra-moon,A suit made with the collective technological know-how of Team Magma. It can withstand any impact.
magmarizer,black-2-white-2,A box packed with a tremendous amount of magma energy. It is loved by a certain Pokémon.
magmarizer,black-white,A box packed with a tremendous amount of magma energy. It is loved by a certain Pokémon.
magmarizer,brilliant-diamond-shining-pearl,A box packed with a tremendous amount of magma energy. It's loved by a certain Pokémon.
magmarizer,diamond-pearl,A box packed with a tremendous amount of magma energy. It is loved by a certain Pokémon.
magmarizer,heartgold-soulsilver,A box packed with a tremendous amount of magma energy. It is loved by a certain Pokémon.
magmarizer,legends-arceus,A box packed with a tremendous amount of magma energy. It's loved by a certain Pokémon.
magmarizer,lets-go-pikachu-lets-go-eevee,A box packed with a tremendous amount of magma energy. It's loved by a certain Pokémon.
magmarizer,omega-ruby-alpha-sapphire,A box packed with a tremendous amount of magma energy. It's loved by a certain Pokémon.
magmarizer,platinum,A box packed with a tremendous amount of magma energy. It is loved by a certain Pokémon.
magmarizer,scarlet-violet,A box packed with a tremendous amount of magma energy. It's loved by a certain Pokémon.
magmarizer,sun-moon,A box packed with a tremendous amount of magma energy. It's loved by a certain Pokémon.
magmarizer,sword-shield,A box packed with a tremendous amount of magma energy. It's loved by a certain Pokémon.
magmarizer,ultra-sun-ultra-moon,A box packed with a tremendous amount of magma energy. It's loved by a certain Pokémon.
magmarizer,x-y,A box packed with a tremendous amount of magma energy. It's loved by a certain Pokémon.
magnet,scarlet-violet,An item to be held by a Pokémon. It's a powerful magnet that boosts the power of the holder's Electric-type moves.
mago-berry,diamond-pearl,"If held by a Pokémon, it restores the user's HP in a pinch, but may also cause confusion."
mago-berry,emerald,A hold item that restores HP but may confuse.
mago-berry,legends-arceus,A Berry that can be fed to a Pokémon to restore its HP by up to half its max.
mago-berry,platinum,"If held by a Pokémon, it restores the user's HP in a pinch, but may also cause confusion."
mago-berry,ruby-sapphire,A hold item that restores HP but may confuse.
magost-berry,black-2-white-2,A Berry which is very rare in the Unova region. A maniac will buy it for a high price.
magost-berry,black-white,A Berry which is very rare in the Unova region. A maniac will buy it for a high price.
magost-berry,diamond-pearl,A Poffin ingredient. Bury it in soft soil to grow a Magost Plant.
magost-berry,emerald,Pokéblock ingredient. Plant in loamy soil to grow Magost.
magost-berry,omega-ruby-alpha-sapphire,Used to make Pokéblocks that will enhance your Cuteness. This Berry is rare in other regions.
magost-berry,platinum,A Poffin ingredient. Bury it in soft soil to grow a Magost Plant.
magost-berry,ruby-sapphire,Pokéblock ingredient. Plant in loamy soil to grow Magost.
makeup-bag,brilliant-diamond-shining-pearl,A rather chic-looking case for carrying lipsticks.
makeup-bag,legends-arceus,A rather chic-looking case for carrying lipsticks.
makeup-bag,lets-go-pikachu-lets-go-eevee,A rather chic-looking case for carrying lipsticks.
makeup-bag,scarlet-violet,A chic-looking case for carrying lipsticks.
makeup-bag,sun-moon,A rather chic-looking case for carrying lipsticks.
makeup-bag,sword-shield,A rather chic-looking case for carrying lipsticks.
makeup-bag,ultra-sun-ultra-moon,A rather chic-looking case for carrying lipsticks.
malamarite,legends-za,One of a variety of mysterious Mega Stones. A Malamar holding this stone will be able to Mega Evolve during battle.
malicious-armor,legends-za,A peculiar set of armor that can make a certain species of Pokémon evolve. Malicious will lurks within it.
malicious-armor,scarlet-violet,A peculiar set of armor that can make a certain species of Pokémon evolve. Malicious will lurks within it.
manectite,legends-za,One of a variety of mysterious Mega Stones. A Manectric holding this stone will be able to Mega Evolve during battle.
manectite,omega-ruby-alpha-sapphire,"One of a variety of mysterious Mega Stones. Have Manectric hold it, and this stone will enable it to Mega Evolve during battle."
manectite,sun-moon,"One of a variety of mysterious Mega Stones. Have Manectric hold it, and this stone will enable it to Mega Evolve during battle."
manectite,x-y,"One variety of the mysterious Mega Stones. Have Manectric hold it, and this stone will enable it to Mega Evolve during battle."
maranga-berry,omega-ruby-alpha-sapphire,"If held by a Pokémon, this Berry will increase the holder's Sp. Def if it's hit with a special move."
maranga-berry,scarlet-violet,"If a Pokémon holding this Berry is hit with a special move, the holder’s Sp. Def stat will be boosted."
maranga-berry,sun-moon,"If held by a Pokémon, this Berry will increase the holder's Sp. Def if it's hit with a special move."
maranga-berry,sword-shield,"If held by a Pokémon, this Berry will increase the holder's Sp. Def if it's hit with a special move."
maranga-berry,ultra-sun-ultra-moon,"If held by a Pokémon, this Berry will increase the holder's Sp. Def if it's hit with a special move."
maranga-berry,x-y,"If held by a Pokémon, this Berry will increase the holder's Sp. Def if it's hit with a special move."
marble,brilliant-diamond-shining-pearl,A round glass marble. You can see colored glass inside the transparent marble.
marble,legends-arceus,A round glass marble. You can see colored glass inside the transparent marble.
marble,lets-go-pikachu-lets-go-eevee,A round glass marble. You can see colored glass inside the transparent marble.
marble,scarlet-violet,A round glass marble. You can see colored glass inside the transparent marble.
marble,sword-shield,A round glass marble. You can see colored glass inside the transparent marble.
marill-ball,scarlet-violet,A Marill-themed ball. It's soft and springy. Make sure you haven't mistaken a real Marill for this ball before throwing.
mark-charm,brilliant-diamond-shining-pearl,A mysterious and unique charm that increases the chance of finding a Pokémon with a mark.
mark-charm,legends-arceus,A mysterious and unique charm that increases the chance of finding a Pokémon with a mark.
mark-charm,scarlet-violet,Having one of these mysterious and unique charms makes it more likely you’ll encounter a Pokémon with a mark.
mark-charm,sword-shield,A mysterious and unique charm that increases the chance of finding a Pokémon with a mark.
marmalade,scarlet-violet,"A condiment with sour and bitter notes. It's surprisingly useful, as it makes a nice counterpoint to oilier foods."
marsh-balm,legends-arceus,"A mysterious balm that gives off a soothing scent. It can be used to help calm the frenzy of the Lady of the Ridge, Lilligant."
marsh-balm,scarlet-violet,"A mysterious balm that gives off a soothing scent. It can be used to help calm the frenzy of the Lady of the Ridge, Lilligant."
marshadium-z,brilliant-diamond-shining-pearl,It converts Z-Power into crystals that upgrade Marshadow's Spectral Thief to an exclusive Z-Move.
marshadium-z,legends-arceus,It converts Z-Power into crystals that upgrade Marshadow's Spectral Thief to an exclusive Z-Move.
marshadium-z,scarlet-violet,It converts Z-Power into crystals that upgrade Marshadow's Spectral Thief to a Z-Move.
marshadium-z,sun-moon,It converts Z-Power into crystals that upgrade Marshadow's Spectral Thief to an exclusive Z-Move.
marshadium-z,sword-shield,It converts Z-Power into crystals that upgrade Marshadow's Spectral Thief to an exclusive Z-Move.
marshadium-z,ultra-sun-ultra-moon,It converts Z-Power into crystals that upgrade Marshadow's Spectral Thief to an exclusive Z-Move.
master-ball,diamond-pearl,The best Ball with the ultimate level of performance. It will catch any wild Pokémon without fail.
master-ball,gold-silver,The best Ball. It never misses.
master-ball,scarlet-violet,"The very best Poké Ball with the ultimate level of performance. With it, you will catch any wild Pokémon without fail."
masterpiece-teacup,scarlet-violet,"A peculiar teacup that can make a certain species of Pokémon evolve. It may be chipped, but tea drunk from it is delicious."
mawilite,legends-za,One of a variety of mysterious Mega Stones. A Mawile holding this stone will be able to Mega Evolve during battle.
mawilite,omega-ruby-alpha-sapphire,"One of a variety of mysterious Mega Stones. Have Mawile hold it, and this stone will enable it to Mega Evolve during battle."
mawilite,sun-moon,"One of a variety of mysterious Mega Stones. Have Mawile hold it, and this stone will enable it to Mega Evolve during battle."
mawilite,ultra-sun-ultra-moon,"One of a variety of mysterious Mega Stones. Have Mawile hold it, and this stone will enable it to Mega Evolve during battle."
mawilite,x-y,"One variety of the mysterious Mega Stones. Have Mawile hold it, and this stone will enable it to Mega Evolve during battle."
max-elixir,scarlet-violet,A medicine that can be used to fully restore the max PP of all four moves that a Pokémon knows.
max-ether,black-2-white-2,It fully restores the PP of a single selected move that has been learned by the target Pokémon.
max-ether,black-white,It fully restores the PP of a single selected move that has been learned by the target Pokémon.
max-ether,brilliant-diamond-shining-pearl,This medicine can be used to fully restore the PP of a single selected move that has been learned by a Pokémon.
max-ether,crystal,Fully restores PP of one move.
max-ether,diamond-pearl,It fully restores the PP of a single selected move that has been learned by the target Pokémon.
max-ether,emerald,Fully restores the PP of a selected move.
max-ether,firered-leafgreen,Fully restores a selected move's PP for one Pokémon.
max-ether,gold-silver,Fully restores PP of one move.
max-ether,legends-arceus,This medicine can be used to fully restore the PP of a single selected move that a Pokémon knows.
max-ether,lets-go-pikachu-lets-go-eevee,This medicine can be used to fully restore the PP of a single selected move that has been learned by a Pokémon.
max-ether,omega-ruby-alpha-sapphire,This medicine can fully restore the PP of a single selected move that has been learned by a Pokémon.
max-ether,platinum,It fully restores the PP of a single selected move that has been learned by the target Pokémon.
max-ether,ruby-sapphire,Fully restores the PP of a selected move.
max-ether,scarlet-violet,A medicine that can be used to fully restore the max PP of a single move that a Pokémon knows.
max-ether,stadium,Fully restores the PP of the selected move.
max-ether,sun-moon,This medicine can fully restore the PP of a single selected move that has been learned by a Pokémon.
max-ether,sword-shield,This medicine can be used to fully restore the PP of a single selected move that has been learned by a Pokémon.
max-ether,ultra-sun-ultra-moon,This medicine can fully restore the PP of a single selected move that has been learned by a Pokémon.
max-ether,x-y,This medicine can fully restore the PP of a single selected move that has been learned by a Pokémon.
max-honey,brilliant-diamond-shining-pearl,Honey that Dynamax Vespiquen produces. Adding this honey to Max Soup makes the taste very smooth. It also has the same effect as a Max Revive.
max-honey,legends-arceus,Honey that Dynamax Vespiquen produces. Adding this honey to Max Soup makes the taste very smooth. It also has the same effect as a Max Revive.
max-honey,scarlet-violet,Honey that Dynamax Vespiquen produces. Adding this honey to Max Soup makes the taste very smooth. It also has the same effect as a Max Revive.
max-honey,sword-shield,Honey that Dynamax Vespiquen produces. Adding this honey to Max Soup makes the taste very smooth. It also has the same effect as a Max Revive.
max-lure,brilliant-diamond-shining-pearl,A glass bottle of perfume that makes rare Pokémon more likely to appear. It lasts longer than a Super Lure.
max-lure,legends-arceus,A glass bottle of perfume that makes rare Pokémon more likely to appear. It lasts longer than a Super Lure.
max-lure,lets-go-pikachu-lets-go-eevee,A glass bottle of perfume that makes rare Pokémon more likely to appear. It lasts longer than a Super Lure.
max-lure,scarlet-violet,A bottle of perfume that makes rare Pokémon more likely to appear when sprayed about. Its effect lasts longer than that of a Super Lure.
max-lure,sword-shield,A glass bottle of perfume that makes rare Pokémon more likely to appear. It lasts longer than a Super Lure.
max-mushrooms,scarlet-violet,Mushrooms that have the power of changing Dynamax forms. They boost all stats of a Pokémon during battle.
max-mushrooms,sword-shield,Mushrooms that have the power of changing Dynamax forms. They boost all stats of a Pokémon during battle.
max-potion,crystal,Fully restores Pokémon HP.
max-potion,diamond-pearl,A spray-type medicine for wounds. It completely restores the HP of a single Pokémon.
max-potion,gold-silver,Fully restores Pokémon HP.
max-potion,omega-ruby-alpha-sapphire,A spray-type medicine for treating wounds. It will completely restore the max HP of a single Pokémon.
max-potion,platinum,A spray-type medicine for wounds. It completely restores the HP of a single Pokémon.
max-potion,scarlet-violet,A spray-type medicine for treating wounds. It can be used to fully restore the max HP of a Pokémon.
max-potion,x-y,A spray-type medicine for treating wounds. It will completely restore the max HP of a single Pokémon.
max-repel,crystal,Repels weak Pokémon for 250 steps.
max-repel,diamond-pearl,An item that prevents weak wild Pokémon from appearing for 250 steps after its use.
max-repel,emerald,Repels weak wild Pokémon for 250 steps.
max-repel,firered-leafgreen,Prevents weak wild Pokémon from appearing for 250 steps.
max-repel,gold-silver,Repels weak Pokémon for 250 steps.
max-repel,platinum,An item that prevents weak wild Pokémon from appearing for 250 steps after its use.
max-repel,ruby-sapphire,Repels weak wild Pokémon for 250 steps.
max-repel,scarlet-violet,An item that prevents low-level wild Pokémon from jumping out at you for a time. It lasts longer than Super Repel.
max-repel,sun-moon,An item that prevents any low-level wild Pokémon from jumping out at you for a while. It lasts longer than Super Repel.
max-repel,ultra-sun-ultra-moon,An item that prevents any low-level wild Pokémon from jumping out at you for a while. It lasts longer than Super Repel.
max-repel,x-y,An item that prevents any low-level wild Pokémon from jumping out at you for 250 steps after its use.
max-revive,diamond-pearl,A medicine that revives a fainted Pokémon. It fully restores the Pokémon's HP.
max-revive,firered-leafgreen,"A medicine that revives a fainted Pokémon, restoring HP fully."
max-revive,gold-silver,Fully restores a fainted Pokémon.
max-revive,ruby-sapphire,Revives a fainted Pokémon with all its HP.
max-revive,scarlet-violet,A medicine that can be used to revive a Pokémon that has fainted. It also fully restores the Pokémon’s max HP.
max-revive,stadium,"Revives a fainted Pokémon, fully restoring its HP."
max-revive,sword-shield,A medicine that can be used to revive a single Pokémon that has fainted. It also fully restores the Pokémon's max HP.
max-revive,x-y,A medicine that can revive fainted Pokémon. It also fully restores a fainted Pokémon's maximum HP.
mayonnaise,scarlet-violet,A condiment that packs a very tart punch yet pairs well with various ingredients.
meadow-plate,black-2-white-2,An item to be held by a Pokémon. It is a stone tablet that boosts the power of Grass-type moves.
meadow-plate,black-white,An item to be held by a Pokémon. It is a stone tablet that boosts the power of Grass-type moves.
meadow-plate,brilliant-diamond-shining-pearl,An item to be held by a Pokémon. It's a stone tablet that boosts the power of Grass-type moves.
meadow-plate,diamond-pearl,An item to be held by a Pokémon. It is a stone tablet that boosts the power of Grass-type moves.
meadow-plate,heartgold-soulsilver,An item to be held by a Pokémon. It is a stone tablet that boosts the power of Grass-type moves.
meadow-plate,legends-arceus,"A stone tablet imbued with the essence of plants. When used on a certain Pokémon, it allows that Pokémon to gain the power of the Grass type."
meadow-plate,omega-ruby-alpha-sapphire,An item to be held by a Pokémon. It's a stone tablet that boosts the power of Grass-type moves.
meadow-plate,platinum,An item to be held by a Pokémon. It is a stone tablet that boosts the power of Grass-type moves.
meadow-plate,scarlet-violet,An item to be held by a Pokémon. This stone tablet is imbued with the essence of plants and boosts the power of the holder’s Grass-type moves.
meadow-plate,sun-moon,An item to be held by a Pokémon. It's a stone tablet that boosts the power of Grass-type moves.
meadow-plate,sword-shield,An item to be held by a Pokémon. It's a stone tablet that boosts the power of Grass-type moves.
meadow-plate,ultra-sun-ultra-moon,An item to be held by a Pokémon. It's a stone tablet that boosts the power of Grass-type moves.
meadow-plate,x-y,An item to be held by a Pokémon. It's a stone tablet that boosts the power of Grass-type moves.
mech-mail,emerald,A Magnemite-print Mail to be held by a Pokémon.
mech-mail,firered-leafgreen,A piece of Mail featuring a cute Magnemite print. It is to be held by a Pokémon.
mech-mail,ruby-sapphire,A Magnemite-print Mail to be held by a Pokémon.
medal-box,black-2-white-2,A box-shaped machine that stores Medals and Medal information.
medal-box,brilliant-diamond-shining-pearl,A box-shaped machine that stores Medals and Medal information.
medal-box,legends-arceus,A box-shaped machine that stores Medals and Medal information.
medal-box,lets-go-pikachu-lets-go-eevee,A box-shaped machine that stores Medals and Medal information.
medal-box,omega-ruby-alpha-sapphire,A box-shaped machine that stores Medals and Medal information.
medal-box,scarlet-violet,A box-shaped machine that stores Medals and Medal information.
medal-box,sun-moon,A box-shaped machine that stores Medals and Medal information.
medal-box,sword-shield,A box-shaped machine that stores Medals and Medal information.
medal-box,ultra-sun-ultra-moon,A box-shaped machine that stores Medals and Medal information.
medal-box,x-y,A box-shaped machine that stores Medals and Medal information.
medichamite,legends-za,One of a variety of mysterious Mega Stones. A Medicham holding this stone will be able to Mega Evolve during battle.
medichamite,omega-ruby-alpha-sapphire,"One of a variety of mysterious Mega Stones. Have Medicham hold it, and this stone will enable it to Mega Evolve during battle."
medichamite,sun-moon,"One of a variety of mysterious Mega Stones. Have Medicham hold it, and this stone will enable it to Mega Evolve during battle."
medichamite,ultra-sun-ultra-moon,"One of a variety of mysterious Mega Stones. Have Medicham hold it, and this stone will enable it to Mega Evolve during battle."
medichamite,x-y,"One variety of the mysterious Mega Stones. Have Medicham hold it, and this stone will enable it to Mega Evolve during battle."
medicinal-leek,legends-arceus,Required for crafting medicinal compounds. This vegetable is found growing across the Hisui region and is also known as the wayfarer’s friend.
medicinal-leek,scarlet-violet,Required for crafting medicinal compounds. This vegetable is found growing across the Hisui region and is also known as the wayfarer’s friend.
mega-bracelet,brilliant-diamond-shining-pearl,This cuff contains an untold power that somehow enables Pokémon carrying a Mega Stone to Mega Evolve in battle.
mega-bracelet,legends-arceus,This cuff contains an untold power that somehow enables Pokémon carrying a Mega Stone to Mega Evolve in battle.
mega-bracelet,lets-go-pikachu-lets-go-eevee,This cuff contains an untold power that somehow enables Pokémon carrying a Mega Stone to Mega Evolve in battle.
mega-bracelet,omega-ruby-alpha-sapphire,This cuff contains an untold power that somehow enables Pokémon carrying a Mega Stone to Mega Evolve in battle.
mega-bracelet,scarlet-violet,This bracelet contains an unknown power that somehow enables a Pokémon carrying a Mega Stone to Mega Evolve in battle.
mega-bracelet,sun-moon,This cuff contains an untold power that somehow enables Pokémon carrying a Mega Stone to Mega Evolve in battle.
mega-bracelet,sword-shield,This cuff contains an untold power that somehow enables Pokémon carrying a Mega Stone to Mega Evolve in battle.
mega-bracelet,ultra-sun-ultra-moon,This cuff contains an untold power that somehow enables Pokémon carrying a Mega Stone to Mega Evolve in battle.
mega-ring,legends-za,This ring contains an unknown power that somehow enables a Pokémon carrying a Mega Stone to Mega Evolve in battle.
mega-ring,omega-ruby-alpha-sapphire,This ring contains an untold power that somehow enables Pokémon carrying Mega Stones to Mega Evolve in battle.
mega-ring,sun-moon,This ring contains an untold power that somehow enables Pokémon carrying Mega Stones to Mega Evolve in battle.
mega-ring,ultra-sun-ultra-moon,This ring contains an untold power that somehow enables Pokémon carrying Mega Stones to Mega Evolve in battle.
mega-ring,x-y,This ring contains an untold power that somehow enables Pokémon carrying a Mega Stone to Mega Evolve in battle.
mega-shard,legends-za,A mysterious shard that can be found after smashing Mega Crystals using Pokémon moves. It seems that some people collect these shards.
meganiumite,legends-za,One of a variety of mysterious Mega Stones. A Meganium holding this stone will be able to Mega Evolve during battle.
member-card,brilliant-diamond-shining-pearl,"A card needed for entering the inn in Canalave City. Oddly, the last date marked on it was 50 years ago."
member-card,diamond-pearl,"A card needed for entering the inn in Canalave City. Oddly, the last date marked on it was 50 years ago."
mental-herb,black-2-white-2,An item to be held by a Pokémon. It snaps the holder out of infatuation. It can be used only once.
mental-herb,black-white,An item to be held by a Pokémon. It snaps the holder out of infatuation. It can be used only once.
mental-herb,brilliant-diamond-shining-pearl,An item to be held by a Pokémon. The holder shakes off move-binding effects to move freely. It can be used only once.
mental-herb,colosseum,A hold item that snaps Pokémon out of infatuation.
mental-herb,diamond-pearl,An item to be held by a Pokémon. It snaps the holder out of infatuation. It can be used only once.
mental-herb,emerald,A hold item that snaps Pokémon out of infatuation.
mental-herb,firered-leafgreen,An item to be held by a Pokémon. It snaps the holder out of infatuation. It can be used once.
mental-herb,heartgold-soulsilver,An item to be held by a Pokémon. It snaps the holder out of infatuation. It can be used only once.
mental-herb,legends-arceus,An item to be held by a Pokémon. The holder shakes off move-binding effects to move freely. It can be used only once.
mental-herb,lets-go-pikachu-lets-go-eevee,An item to be held by a Pokémon. The holder shakes off move-binding effects to move freely. It can be used only once.
mental-herb,omega-ruby-alpha-sapphire,An item to be held by a Pokémon. The holder shakes off move-binding effects to move freely. It can be used only once.
mental-herb,platinum,An item to be held by a Pokémon. It snaps the holder out of infatuation. It can be used only once.
mental-herb,ruby-sapphire,A hold item that snaps Pokémon out of infatuation.
mental-herb,scarlet-violet,An item to be held by a Pokémon. The holder will be able to shake off move-binding effects to move freely—but only once.
mental-herb,sun-moon,An item to be held by a Pokémon. The holder shakes off move-binding effects to move freely. It can be used only once.
mental-herb,sword-shield,An item to be held by a Pokémon. The holder shakes off move-binding effects to move freely. It can be used only once.
mental-herb,ultra-sun-ultra-moon,An item to be held by a Pokémon. The holder shakes off move-binding effects to move freely. It can be used only once.
mental-herb,x-y,An item to be held by a Pokémon. It snaps the holder out of infatuation. It can be used only once.
mental-herb,xd,A hold item that snaps Pokémon out of infatuation.
meowsticite,legends-za,One of a variety of mysterious Mega Stones. A Meowstic holding this stone will be able to Mega Evolve during battle.
mesprits-plume,legends-arceus,"Proof that you have completed the trial set by Mesprit, the Being of Emotion that lives in Lake Verity. This item is needed to forge the Red Chain."
mesprits-plume,scarlet-violet,"Proof that you have completed the trial set by Mesprit, the Being of Emotion that lives in Lake Verity. This item is needed to forge the Red Chain."
metagrossite,legends-za,One of a variety of mysterious Mega Stones. A Metagross holding this stone will be able to Mega Evolve during battle.
metagrossite,omega-ruby-alpha-sapphire,"One of a variety of mysterious Mega Stones. Have Metagross hold it, and this stone will enable it to Mega Evolve during battle."
metal-alloy,scarlet-violet,A peculiar metal that can make certain species of Pokémon evolve. It is composed of many layers.
metal-coat,crystal,Powers up steel-type moves. (HOLD)
metal-coat,gold-silver,Powers up steel-type moves. (HOLD)
metal-coat,scarlet-violet,It's a special metallic coating that boosts the power of the holder's Steel-type moves.
metal-powder,black-2-white-2,"An item to be held by Ditto. Extremely fine yet hard, this odd powder boosts the Defense stat."
metal-powder,black-white,"An item to be held by Ditto. Extremely fine yet hard, this odd powder boosts the Defense stat."
metal-powder,brilliant-diamond-shining-pearl,"An item to be held by Ditto. Extremely fine yet hard, this odd powder boosts the Defense stat."
metal-powder,colosseum,A hold item that raises Defense.
metal-powder,crystal,Raises Defense of Ditto. (HOLD)
metal-powder,diamond-pearl,"An item to be held by Ditto. Extremely fine yet hard, this odd powder boosts the Defense stat."
metal-powder,emerald,A hold item that raises Ditto's Defense.
metal-powder,firered-leafgreen,"A fine, hard powder to be held by a Ditto. It raises Ditto's Defense stat."
metal-powder,gold-silver,Raises Defense of Ditto. (HOLD)
metal-powder,heartgold-soulsilver,"An item to be held by Ditto. Extremely fine yet hard, this odd powder boosts the Defense stat."
metal-powder,legends-arceus,"An item to be held by Ditto. Extremely fine yet hard, this odd powder boosts the Defense stat."
metal-powder,lets-go-pikachu-lets-go-eevee,"An item to be held by Ditto. Extremely fine yet hard, this odd powder boosts the Defense stat."
metal-powder,omega-ruby-alpha-sapphire,"An item to be held by Ditto. Extremely fine yet hard, this odd powder boosts the Defense stat."
metal-powder,platinum,"An item to be held by Ditto. Extremely fine yet hard, this odd powder boosts the Defense stat."
metal-powder,ruby-sapphire,A hold item that raises Defense.
metal-powder,scarlet-violet,"An item to be held by Ditto. Extremely fine yet hard, this odd powder boosts Ditto's Defense stat."
metal-powder,sun-moon,"An item to be held by Ditto. Extremely fine yet hard, this odd powder boosts the Defense stat."
metal-powder,sword-shield,"An item to be held by Ditto. Extremely fine yet hard, this odd powder boosts the Defense stat."
metal-powder,ultra-sun-ultra-moon,"An item to be held by Ditto. Extremely fine yet hard, this odd powder boosts the Defense stat."
metal-powder,x-y,"An item to be held by Ditto. Extremely fine yet hard, this odd powder boosts the Defense stat."
metal-powder,xd,A hold item that raises Ditto's Defense.
meteorite,alpha-sapphire,A Meteorite originally found at Meteor Falls. You got it at Mt. Chimney.
meteorite,brilliant-diamond,A Meteorite originally found at Meteor Falls. You got it at Mt. Chimney.
meteorite,emerald,A meteorite found at Meteor Falls.
meteorite,firered,A meteorite that fell from space onto Mt. Moon long ago. It is very lumpy and hard.
meteorite,leafgreen,A meteorite that fell from space onto Mt. Moon long ago. It is very lumpy and hard.
meteorite,legends-arceus,A Meteorite originally found at Meteor Falls. You got it at Mt. Chimney.
meteorite,lets-go-eevee,A Meteorite originally found at Meteor Falls. You got it at Mt. Chimney.
meteorite,lets-go-pikachu,A Meteorite originally found at Meteor Falls. You got it at Mt. Chimney.
meteorite,moon,A Meteorite originally found at Meteor Falls. You got it at Mt. Chimney.
meteorite,omega-ruby,A Meteorite originally found at Meteor Falls. You got it at Mt. Chimney.
meteorite,ruby,A meteorite found at Meteor Falls.
meteorite,ruby-sapphire,A meteorite found at Meteor Falls.
meteorite,sapphire,A meteorite found at Meteor Falls.
meteorite,scarlet,A rock that fell to earth from space. It's slightly warm to the touch. It allows a certain species of Pokémon to change forms.
meteorite,shield,A Meteorite originally found at Meteor Falls. You got it at Mt. Chimney.
meteorite,shining-pearl,A Meteorite originally found at Meteor Falls. You got it at Mt. Chimney.
meteorite,sun,A Meteorite originally found at Meteor Falls. You got it at Mt. Chimney.
meteorite,sword,A Meteorite originally found at Meteor Falls. You got it at Mt. Chimney.
meteorite,ultra-moon,A Meteorite originally found at Meteor Falls. You got it at Mt. Chimney.
meteorite,ultra-sun,A Meteorite originally found at Meteor Falls. You got it at Mt. Chimney.
meteorite,violet,A rock that fell to earth from space. It's slightly warm to the touch. It allows a certain species of Pokémon to change forms.
meteorite-shard,brilliant-diamond-shining-pearl,One of the fragments of a Meteorite from Granite Cave. It's faintly warm to the touch.
meteorite-shard,legends-arceus,One of the fragments of a Meteorite from Granite Cave. It's faintly warm to the touch.
meteorite-shard,lets-go-pikachu-lets-go-eevee,One of the fragments of a Meteorite from Granite Cave. It's faintly warm to the touch.
meteorite-shard,omega-ruby-alpha-sapphire,One of the fragments of a Meteorite from Granite Cave. It's faintly warm to the touch.
meteorite-shard,scarlet-violet,One of the fragments of a meteorite from Granite Cave. It's faintly warm to the touch.
meteorite-shard,sun-moon,One of the fragments of a Meteorite from Granite Cave. It's faintly warm to the touch.
meteorite-shard,sword-shield,One of the fragments of a Meteorite from Granite Cave. It's faintly warm to the touch.
meteorite-shard,ultra-sun-ultra-moon,One of the fragments of a Meteorite from Granite Cave. It's faintly warm to the touch.
metronome,black-2-white-2,A Pokémon held item that boosts a move used consecutively. Its effect is reset if another move is used.
metronome,black-white,A Pokémon held item that boosts a move used consecutively. Its effect is reset if another move is used.
metronome,brilliant-diamond-shining-pearl,An item to be held by a Pokémon. It boosts moves used consecutively but only until a different move is used.
metronome,diamond-pearl,A Pokémon hold item that boosts a move used consecutively. Its effect is reset if another move is used.
metronome,heartgold-soulsilver,A Pokémon held item that boosts a move used consecutively. Its effect is reset if another move is used.
metronome,legends-arceus,An item to be held by a Pokémon. It boosts moves used consecutively but only until a different move is used.
metronome,lets-go-pikachu-lets-go-eevee,An item to be held by a Pokémon. It boosts moves used consecutively but only until a different move is used.
metronome,omega-ruby-alpha-sapphire,"An item to be held by a Pokémon. It boosts moves used consecutively, but only until a different move is used."
metronome,platinum,A Pokémon hold item that boosts a move used consecutively. Its effect is reset if another move is used.
metronome,scarlet-violet,"An item to be held by a Pokémon. It boosts the power of a move that's used repeatedly. Once the chain is broken, the move's power returns to normal."
metronome,sun-moon,"An item to be held by a Pokémon. It boosts moves used consecutively, but only until a different move is used."
metronome,sword-shield,An item to be held by a Pokémon. It boosts moves used consecutively but only until a different move is used.
metronome,ultra-sun-ultra-moon,"An item to be held by a Pokémon. It boosts moves used consecutively, but only until a different move is used."
metronome,x-y,"An item to be held by a Pokémon. It boosts moves used consecutively, but only until a different move is used."
mewnium-z,brilliant-diamond-shining-pearl,It converts Z-Power into crystals that upgrade Mew's Psychic to an exclusive Z-Move.
mewnium-z,legends-arceus,It converts Z-Power into crystals that upgrade Mew's Psychic to an exclusive Z-Move.
mewnium-z,lets-go-pikachu-lets-go-eevee,It converts Z-Power into crystals that upgrade Mew's Psychic to an exclusive Z-Move.
mewnium-z,scarlet-violet,It converts Z-Power into crystals that upgrade Mew's Psychic to a Z-Move.
mewnium-z,sun-moon,It converts Z-Power into crystals that upgrade Mew's Psychic to an exclusive Z-Move.
mewnium-z,sword-shield,It converts Z-Power into crystals that upgrade Mew's Psychic to an exclusive Z-Move.
mewnium-z,ultra-sun-ultra-moon,It converts Z-Power into crystals that upgrade Mew's Psychic to an exclusive Z-Move.
mewtwonite-x,legends-za,One of a variety of mysterious Mega Stones. A Mewtwo holding this stone will be able to Mega Evolve during battle.
mewtwonite-x,lets-go-pikachu-lets-go-eevee,One of a variety of mysterious Mega Stones. This stone will enable Mewtwo to Mega Evolve during battle.
mewtwonite-x,omega-ruby-alpha-sapphire,"One of a variety of mysterious Mega Stones. Have Mewtwo hold it, and this stone will enable it to Mega Evolve during battle."
mewtwonite-x,x-y,"One variety of the mysterious Mega Stones. Have Mewtwo hold it, and this stone will enable it to Mega Evolve during battle."
mewtwonite-y,legends-za,One of a variety of mysterious Mega Stones. A Mewtwo holding this stone will be able to Mega Evolve during battle.
mewtwonite-y,lets-go-pikachu-lets-go-eevee,One of a variety of mysterious Mega Stones. This stone will enable Mewtwo to Mega Evolve during battle.
mewtwonite-y,omega-ruby-alpha-sapphire,"One of a variety of mysterious Mega Stones. Have Mewtwo hold it, and this stone will enable it to Mega Evolve during battle."
mewtwonite-y,x-y,"One variety of the mysterious Mega Stones. Have Mewtwo hold it, and this stone will enable it to Mega Evolve during battle."
micle-berry,black-2-white-2,"If held by a Pokémon, it raises the accuracy of a move just once in a pinch."
micle-berry,black-white,"If held by a Pokémon, it raises the accuracy of a move just once in a pinch."
micle-berry,brilliant-diamond-shining-pearl,"A Berry to be consumed by Pokémon. If a Pokémon holds one, its accuracy will increase just once when it's in a pinch."
micle-berry,diamond-pearl,"A Poffin ingredient. If held by a Pokémon, it raises the accuracy of a move just once in a pinch."
micle-berry,heartgold-soulsilver,"If held by a Pokémon, it raises the accuracy of a move just once in a pinch."
micle-berry,legends-arceus,"A Berry to be consumed by Pokémon. If a Pokémon holds one, its accuracy will increase just once when it's in a pinch."
micle-berry,omega-ruby-alpha-sapphire,"A Berry to be consumed by Pokémon. If a Pokémon holds one, its accuracy will increase just once when it's in a pinch."
micle-berry,platinum,"A Poffin ingredient. If held by a Pokémon, it raises the accuracy of a move just once in a pinch."
micle-berry,scarlet-violet,"If a Pokémon holds one of these Berries, its accuracy will be boosted should it find itself in a pinch—but only for the next move it uses."
micle-berry,sun-moon,"A Berry to be consumed by Pokémon. If a Pokémon holds one, its accuracy will increase just once when it's in a pinch."
micle-berry,sword-shield,"A Berry to be consumed by Pokémon. If a Pokémon holds one, its accuracy will increase just once when it's in a pinch."
micle-berry,ultra-sun-ultra-moon,"A Berry to be consumed by Pokémon. If a Pokémon holds one, its accuracy will increase just once when it's in a pinch."
micle-berry,x-y,"A Berry to be consumed by Pokémon. If a Pokémon holds one, its accuracy will increase just once when it's in a pinch."
mighty-candy,brilliant-diamond-shining-pearl,"A candy that is packed with energy. When given to a Pokémon, it will increase that Pokémon's Attack."
mighty-candy,legends-arceus,"A candy that is packed with energy. When given to a Pokémon, it will increase that Pokémon's Attack."
mighty-candy,lets-go-pikachu-lets-go-eevee,"A candy that is packed with energy. When given to a Pokémon, it will increase that Pokémon's Attack."
mighty-candy,scarlet-violet,"A candy that is packed with energy. When given to a Pokémon, it will increase that Pokémon's Attack."
mighty-candy,sword-shield,"A candy that is packed with energy. When given to a Pokémon, it will increase that Pokémon's Attack."
mighty-candy-l,brilliant-diamond-shining-pearl,"A big candy that is packed with energy. When given to a Pokémon Lv. 30 or higher, it will increase that Pokémon's Attack."
mighty-candy-l,legends-arceus,"A big candy that is packed with energy. When given to a Pokémon Lv. 30 or higher, it will increase that Pokémon's Attack."
mighty-candy-l,lets-go-pikachu-lets-go-eevee,"A big candy that is packed with energy. When given to a Pokémon Lv. 30 or higher, it will increase that Pokémon's Attack."
mighty-candy-l,scarlet-violet,"A big candy that is packed with energy. When given to a Pokémon Lv. 30 or higher, it will increase that Pokémon's Attack."
mighty-candy-l,sword-shield,"A big candy that is packed with energy. When given to a Pokémon Lv. 30 or higher, it will increase that Pokémon's Attack."
mighty-candy-xl,brilliant-diamond-shining-pearl,"A huge candy that is packed with energy. When given to a Pokémon Lv. 60 or higher, it will increase that Pokémon's Attack."
mighty-candy-xl,legends-arceus,"A huge candy that is packed with energy. When given to a Pokémon Lv. 60 or higher, it will increase that Pokémon's Attack."
mighty-candy-xl,lets-go-pikachu-lets-go-eevee,"A huge candy that is packed with energy. When given to a Pokémon Lv. 60 or higher, it will increase that Pokémon's Attack."
mighty-candy-xl,scarlet-violet,"A huge candy that is packed with energy. When given to a Pokémon Lv. 60 or higher, it will increase that Pokémon's Attack."
mighty-candy-xl,sword-shield,"A huge candy that is packed with energy. When given to a Pokémon Lv. 60 or higher, it will increase that Pokémon's Attack."
mild-mint,brilliant-diamond-shining-pearl,"When a Pokémon smells this mint, its Sp. Atk will grow more easily, but its Defense will grow more slowly."
mild-mint,legends-arceus,"When a Pokémon smells this mint, its Sp. Atk will grow more easily, but its Defense will grow more slowly."
mild-mint,scarlet-violet,"Having a Pokémon smell this mint can make its Sp. Atk stat grow stronger. However, its Defense stat may suffer."
mild-mint,sword-shield,"When a Pokémon smells this mint, its Sp. Atk will grow more easily, but its Defense will grow more slowly."
mimikium-z,brilliant-diamond-shining-pearl,It converts Z-Power into crystals that upgrade Mimikyu's Play Rough to an exclusive Z-Move.
mimikium-z,legends-arceus,It converts Z-Power into crystals that upgrade Mimikyu's Play Rough to an exclusive Z-Move.
mimikium-z,scarlet-violet,It converts Z-Power into crystals that upgrade Mimikyu's Play Rough to a Z-Move.
mimikium-z,sun-moon,It converts Z-Power into crystals that upgrade Mimikyu's Play Rough to an exclusive Z-Move.
mimikium-z,sword-shield,It converts Z-Power into crystals that upgrade Mimikyu's Play Rough to an exclusive Z-Move.
mimikium-z,ultra-sun-ultra-moon,It converts Z-Power into crystals that upgrade Mimikyu's Play Rough to an exclusive Z-Move.
mind-plate,diamond-pearl,An item to be held by a Pokémon. It is a stone tablet that boosts the power of Psychic-type moves.
mind-plate,legends-arceus,"A stone tablet imbued with the essence of psychic energy. When used on a certain Pokémon, it allows that Pokémon to gain the power of the Psychic type."
mind-plate,scarlet-violet,An item to be held by a Pokémon. This stone tablet is imbued with the essence of psychic energy and boosts the power of the holder’s Psychic-type moves.
mind-plate,x-y,An item to be held by a Pokémon. It's a stone tablet that boosts the power of Psychic-type moves.
mint-berry,crystal,A self-awakening for sleep. (HOLD)
mint-berry,gold-silver,A self-awakening for sleep. (HOLD)
mint-chairs,scarlet-violet,A set of chairs that are ideal for picnicking. Their design was inspired by the Mint Tablecloth.
mint-tablecloth,scarlet-violet,"A light mint-colored tablecloth. It's smooth and pleasant to the touch, and dishes can be placed on it with hardly a sound."
miracle-seed,brilliant-diamond-shining-pearl,A seed imbued with life-force that boosts the power of Grass-type moves.
miracle-seed,crystal,Powers up grass-type moves. (HOLD)
miracle-seed,diamond-pearl,A seed imbued with life that ups the power of Grass-type moves.
miracle-seed,emerald,A hold item that raises the power of Grass-type moves.
miracle-seed,firered-leafgreen,A seed imbued with life that boosts the power of Grass-type moves.
miracle-seed,gold-silver,Powers up grass-type moves. (HOLD)
miracle-seed,legends-arceus,A seed imbued with life-force that boosts the power of Grass-type moves.
miracle-seed,omega-ruby-alpha-sapphire,A seed imbued with life force that boosts the power of Grass-type moves.
miracle-seed,platinum,A seed imbued with life that ups the power of Grass-type moves.
miracle-seed,ruby-sapphire,A hold item that raises the power of Grass-type moves.
miracle-seed,scarlet-violet,A seed imbued with life-force that boosts the power of the holder's Grass-type moves.
miracle-seed,sun-moon,A seed imbued with life force that boosts the power of Grass-type moves.
miracle-seed,sword-shield,A seed imbued with life-force that boosts the power of Grass-type moves.
miracle-seed,ultra-sun-ultra-moon,A seed imbued with life force that boosts the power of Grass-type moves.
miracle-seed,x-y,A seed imbued with life force that boosts the power of Grass-type moves.
miracleberry,crystal,Cures all status problems. (HOLD)
miracleberry,gold-silver,Cures all status problems. (HOLD)
mirage-mail,crystal,Mew-print Mail. (HOLD)
mirage-mail,gold-silver,Mew-print Mail. (HOLD)
miraidons-poke-ball,scarlet-violet,A Poké Ball that can hold the mysterious Pokémon known as Miraidon. A boy named Arven gave it to you.
mirror-herb,scarlet-violet,An item to be held by a Pokémon. This herb will allow the holder to mirror an opponent's stat increases to boost its own stats—but only once.
misty-seed,brilliant-diamond-shining-pearl,An item to be held by a Pokémon. It boosts Sp. Defense on Misty Terrain. It can only be used once.
misty-seed,legends-arceus,An item to be held by a Pokémon. It boosts Sp. Defense on Misty Terrain. It can only be used once.
misty-seed,scarlet-violet,"An item to be held by a Pokémon. If the terrain becomes Misty Terrain, the holder will use this seed to boost its own Sp. Def stat."
misty-seed,sun-moon,An item to be held by a Pokémon. It boosts Sp. Defense on Misty Terrain. It can only be used once.
misty-seed,sword-shield,An item to be held by a Pokémon. It boosts Sp. Defense on Misty Terrain. It can only be used once.
misty-seed,ultra-sun-ultra-moon,An item to be held by a Pokémon. It boosts Sp. Defense on Misty Terrain. It can only be used once.
mixed-mushrooms,brilliant-diamond-shining-pearl,One of the many ingredients that can be used for cooking at your camp. The chewy texture of the mushrooms transforms any dish they're added to.
mixed-mushrooms,legends-arceus,One of the many ingredients that can be used for cooking at your camp. The chewy texture of the mushrooms transforms any dish they're added to.
mixed-mushrooms,scarlet-violet,One of the many ingredients that can be used for cooking at your camp. The chewy texture of the mushrooms transforms any dish they're added to.
mixed-mushrooms,sword-shield,One of the many ingredients that can be used for cooking at your camp. The chewy texture of the mushrooms transforms any dish they're added to.
modest-mint,brilliant-diamond-shining-pearl,"When a Pokémon smells this mint, its Sp. Atk will grow more easily, but its Attack will grow more slowly."
modest-mint,legends-arceus,"When a Pokémon smells this mint, its Sp. Atk will grow more easily, but its Attack will grow more slowly."
modest-mint,scarlet-violet,"Having a Pokémon smell this mint can make its Sp. Atk stat grow stronger. However, its Attack stat may suffer."
modest-mint,sword-shield,"When a Pokémon smells this mint, its Sp. Atk will grow more easily, but its Attack will grow more slowly."
moltres-treat,scarlet-violet,A snack made from ingredients favored by the Legendary Pokémon Moltres.
monstrous-chairs,scarlet-violet,A set of chairs that are ideal for picnicking. Their design was inspired by the Monstrous Tablecloth.
monstrous-tablecloth,scarlet-violet,A tablecloth designed by the Pewter Museum of Science. The academic air of the pattern is a big hit with kids and adults alike.
moomoo-cheese,brilliant-diamond-shining-pearl,One of the many ingredients that can be used for cooking at your camp. Melted cheese can really give a curry some richness.
moomoo-cheese,legends-arceus,One of the many ingredients that can be used for cooking at your camp. Melted cheese can really give a curry some richness.
moomoo-cheese,scarlet-violet,One of the many ingredients that can be used for cooking at your camp. Melted cheese can really give a curry some richness.
moomoo-cheese,sword-shield,One of the many ingredients that can be used for cooking at your camp. Melted cheese can really give a curry some richness.
moomoo-milk,crystal,Restores Pokémon HP by 100.
moomoo-milk,diamond-pearl,Milk with a very high nutrition content. It restores the HP of one Pokémon by 100 points.
moomoo-milk,gold-silver,Restores Pokémon HP by 100.
moomoo-milk,platinum,Milk with a very high nutrition content. It restores the HP of one Pokémon by 100 points.
moomoo-milk,scarlet-violet,A bottle of highly nutritious milk. It can be used to restore 100 HP to a Pokémon.
moomoo-milk,x-y,"A bottle of highly nutritious milk. When consumed, it restores 100 HP to an injured Pokémon."
moon-ball,crystal,A Ball for Moon Stone evolvers.
moon-ball,gold-silver,A Ball for Moon Stone evolvers.
moon-ball,heartgold-soulsilver,A Poké Ball for catching Pokémon that evolve using the Moon Stone.
moon-ball,scarlet-violet,A somewhat different Poké Ball that is more effective when catching Pokémon that can be evolved using a Moon Stone.
moon-flute,brilliant-diamond-shining-pearl,It is said that the tones it produces were offered up as an expression of gratitude to the Legendary Pokémon of the moon.
moon-flute,legends-arceus,It is said that the tones it produces were offered up as an expression of gratitude to the Legendary Pokémon of the moon.
moon-flute,lets-go-pikachu-lets-go-eevee,It is said that the tones it produces were offered up as an expression of gratitude to the Legendary Pokémon of the moon.
moon-flute,scarlet-violet,It is said that the tones it produces were offered up as an expression of gratitude to the Legendary Pokémon of the moon.
moon-flute,sun-moon,It is said that the tones it produces were offered up as an expression of gratitude to the Legendary Pokémon of the moon.
moon-flute,sword-shield,It is said that the tones it produces were offered up as an expression of gratitude to the Legendary Pokémon of the moon.
moon-flute,ultra-sun-ultra-moon,It is said that the tones it produces were offered up as an expression of gratitude to the Legendary Pokémon of the moon.
moon-stone,diamond-pearl,A peculiar stone that makes certain species of Pokémon evolve. It is as black as the night sky.
moon-stone,gold-silver,Evolves certain kinds of Pokémon.
moon-stone,scarlet-violet,A peculiar stone that can make certain species of Pokémon evolve. It is dark like the night sky.
morph-mail,crystal,Ditto-print Mail. (HOLD)
morph-mail,gold-silver,Ditto-print Mail. (HOLD)
mosaic-mail,diamond-pearl,Stationery featuring a print of a vivid rainbow pattern. Let a Pokémon hold it for delivery.
mosaic-mail,heartgold-soulsilver,Stationery featuring a print of a vivid rainbow pattern. Let a Pokémon hold it for delivery.
mosaic-mail,platinum,Stationery featuring a print of a vivid rainbow pattern. Let a Pokémon hold it for delivery.
mountain-balm,legends-arceus,"A mysterious balm that gives off a soothing scent. It can be used to help calm the frenzy of the Lord of the Hollow, Electrode."
mountain-balm,scarlet-violet,"A mysterious balm that gives off a soothing scent. It can be used to help calm the frenzy of the Lord of the Hollow, Electrode."
muscle-band,black-2-white-2,An item to be held by a Pokémon. It is a headband that slightly boosts the power of physical moves.
muscle-band,black-white,An item to be held by a Pokémon. It is a headband that slightly boosts the power of physical moves.
muscle-band,brilliant-diamond-shining-pearl,"An item to be held by a Pokémon. This headband exudes strength, slightly boosting the power of physical moves."
muscle-band,diamond-pearl,An item to be held by a Pokémon. It is a headband that slightly boosts the power of physical moves.
muscle-band,heartgold-soulsilver,An item to be held by a Pokémon. It is a headband that slightly boosts the power of physical moves.
muscle-band,legends-arceus,"An item to be held by a Pokémon. This headband exudes strength, slightly boosting the power of physical moves."
muscle-band,lets-go-pikachu-lets-go-eevee,"An item to be held by a Pokémon. This headband exudes strength, slightly boosting the power of physical moves."
muscle-band,omega-ruby-alpha-sapphire,"An item to be held by a Pokémon. This headband exudes strength, slightly boosting the power of physical moves."
muscle-band,platinum,An item to be held by a Pokémon. It is a headband that slightly boosts the power of physical moves.
muscle-band,scarlet-violet,"An item to be held by a Pokémon. This headband exudes strength, slightly boosting the power of the holder's physical moves."
muscle-band,sun-moon,"An item to be held by a Pokémon. This headband exudes strength, slightly boosting the power of physical moves."
muscle-band,sword-shield,"An item to be held by a Pokémon. This headband exudes strength, slightly boosting the power of physical moves."
muscle-band,ultra-sun-ultra-moon,"An item to be held by a Pokémon. This headband exudes strength, slightly boosting the power of physical moves."
muscle-band,x-y,"An item to be held by a Pokémon. This headband exudes strength, slightly boosting the power of physical moves."
muscle-feather,black-2-white-2,An item for use on a Pokémon. It slightly increases the base Attack stat of a single Pokémon.
muscle-feather,black-white,An item for use on a Pokémon. It slightly increases the base Attack stat of a single Pokémon.
muscle-feather,brilliant-diamond-shining-pearl,An item for use on a Pokémon. It slightly increases the Attack base points of a single Pokémon.
muscle-feather,legends-arceus,An item for use on a Pokémon. It slightly increases the Attack base points of a single Pokémon.
muscle-feather,lets-go-pikachu-lets-go-eevee,An item for use on a Pokémon. It slightly increases the base Attack stat of a single Pokémon.
muscle-feather,omega-ruby-alpha-sapphire,An item for use on a Pokémon. It slightly increases the base Attack stat of a single Pokémon.
muscle-feather,scarlet-violet,An item to be used on a Pokémon. This feather slightly increases base points for a Pokémon's Attack stat.
muscle-feather,sun-moon,An item for use on a Pokémon. It slightly increases the base Attack stat of a single Pokémon.
muscle-feather,sword-shield,An item for use on a Pokémon. It slightly increases the Attack base points of a single Pokémon.
muscle-feather,ultra-sun-ultra-moon,An item for use on a Pokémon. It slightly increases the base Attack stat of a single Pokémon.
muscle-feather,x-y,An item for use on a Pokémon. It slightly increases the base Attack stat of a single Pokémon.
muscle-mochi,scarlet-violet,A mochi cake with Berries kneaded into its dough. It increases base points for a Pokémon's Attack stat.
mushroom-cake,legends-arceus,"A cake made by combining mushrooms with a Cake-Lure Base. These cakes are potently effective at attracting the more monstrous Pokémon, as well as dragon Pokémon."
mushroom-cake,scarlet-violet,"A cake made by combining mushrooms with a Cake-Lure Base. These cakes are potently effective at attracting the more monstrous Pokémon, as well as dragon Pokémon."
music-mail,crystal,Natu-print mail. (HOLD)
music-mail,gold-silver,Natu-print mail. (HOLD)
mustard,scarlet-violet,A very spicy condiment that's indispensable when bread is on the table. It pairs tremendously with ketchup.
mysterious-balm,legends-arceus,A mysterious balm to be used when battling Arceus.
mysterious-balm,scarlet-violet,A mysterious balm to be used when battling Arceus.
mysterious-shard-l,brilliant-diamond-shining-pearl,"A large shard that emanates an enigmatic power. Inside the shard, you can see a pattern that looks like Ramanas roses."
mysterious-shard-l,scarlet-violet,"A large shard that emanates an enigmatic power. Inside the shard, you can see a pattern that looks like Ramanas roses."
mysterious-shard-s,brilliant-diamond-shining-pearl,"A small shard that emanates an enigmatic power. Inside the shard, you can see a pattern that looks like Ramanas roses."
mysterious-shard-s,scarlet-violet,"A small shard that emanates an enigmatic power. Inside the shard, you can see a pattern that looks like Ramanas roses."
mystery-berry,crystal,A self-restore for PP. (HOLD)
mystery-berry,gold-silver,A self-restore for PP. (HOLD)
mystery-egg,black-2-white-2,A mysterious Egg obtained from Mr. Pokémon. What's in the Egg is unknown.
mystery-egg,black-white,A mysterious Egg obtained from Mr. Pokémon. What's in the Egg is unknown.
mystery-egg,crystal,An Egg obtained by Mr. Pokémon.
mystery-egg,gold-silver,An Egg obtained by Mr. Pokémon.
mystery-egg,heartgold-soulsilver,A mysterious Egg obtained from Mr. Pokémon. What's in the Egg is unknown.
mystery-egg,omega-ruby-alpha-sapphire,A mysterious Egg obtained from Mr. Pokémon. What is in the Egg is unknown.
mystery-egg,scarlet-violet,"An Egg obtained from Mr. Pokémon. It has a mysterious pattern on it, and what is in the Egg is unknown."
mystery-egg,sun-moon,A mysterious Egg obtained from Mr. Pokémon. What is in the Egg is unknown.
mystery-egg,ultra-sun-ultra-moon,A mysterious Egg obtained from Mr. Pokémon. What is in the Egg is unknown.
mystery-egg,x-y,A mysterious Egg obtained from Mr. Pokémon. What is in the Egg is unknown.
mystic-ticket,emerald,A ticket required to board the ship to Navel Rock.
mystic-ticket,firered-leafgreen,A ticket required to board the ship to Navel Rock. It glows with a mystic light.
mystic-water,crystal,Powers up water-type moves. (HOLD)
mystic-water,diamond-pearl,A teardrop-shaped gem that ups the power of Water-type moves.
mystic-water,emerald,A hold item that raises the power of Water-type moves.
mystic-water,firered-leafgreen,A teardrop-shaped gem that boosts the power of Water-type moves.
mystic-water,gold-silver,Powers up water-type moves. (HOLD)
mystic-water,heartgold-soulsilver,A teardrop-shaped gem that ups the power of Water-type moves.
mystic-water,omega-ruby-alpha-sapphire,This teardrop-shaped gem boosts the power of Water-type moves.
mystic-water,platinum,A teardrop-shaped gem that ups the power of Water-type moves.
mystic-water,ruby-sapphire,A hold item that raises the power of Water-type moves.
mystic-water,scarlet-violet,This teardrop-shaped gem boosts the power of the holder's Water-type moves.
mystic-water,sun-moon,This teardrop-shaped gem boosts the power of Water-type moves.
mystic-water,ultra-sun-ultra-moon,This teardrop-shaped gem boosts the power of Water-type moves.
mystic-water,x-y,This teardrop-shaped gem boosts the power of Water-type moves.
mythical-pecha-berry,scarlet-violet,A Pecha Berry of the highest quality. It’s said that a Pecha Berry tree carefully tended by an expert gardener will produce just one of these Berries every few years.
n-lunarizer,brilliant-diamond-shining-pearl,"A machine to fuse Necrozma, which needs light, and Lunala."
n-lunarizer,legends-arceus,"A machine to fuse Necrozma, which needs light, and Lunala."
n-lunarizer,lets-go-pikachu-lets-go-eevee,"A machine to fuse Necrozma, which needs light, and Lunala."
n-lunarizer,scarlet-violet,"A machine to fuse Necrozma, which needs light, and Lunala."
n-lunarizer,sword-shield,"A machine to fuse Necrozma, which needs light, and Lunala."
n-lunarizer,ultra-sun-ultra-moon,"A machine to fuse Necrozma, which needs light, and Lunala."
n-solarizer,scarlet-violet,"A machine to fuse Necrozma, which needs light, and Solgaleo."
n-solarizer,sword-shield,"A machine to fuse Necrozma, which needs light, and Solgaleo."
n-solarizer,ultra-sun-ultra-moon,"A machine to fuse Necrozma, which needs light, and Solgaleo."
naive-mint,brilliant-diamond-shining-pearl,"When a Pokémon smells this mint, its Speed will grow more easily, but its Sp. Def will grow more slowly."
naive-mint,legends-arceus,"When a Pokémon smells this mint, its Speed will grow more easily, but its Sp. Def will grow more slowly."
naive-mint,scarlet-violet,"Having a Pokémon smell this mint can make its Speed stat grow stronger. However, its Sp. Def stat may suffer."
naive-mint,sword-shield,"When a Pokémon smells this mint, its Speed will grow more easily, but its Sp. Def will grow more slowly."
nanab-berry,diamond-pearl,A Poffin ingredient. Bury it in soft soil to grow a Nanab Plant.
nanab-berry,emerald,Pokéblock ingredient. Plant in loamy soil to grow Nanab.
nanab-berry,legends-arceus,A Berry that restores HP by up to a third of a Pokémon’s maximum HP.
nanab-berry,lets-go-pikachu-lets-go-eevee,A Berry that calms wild Pokémon you're trying to catch slightly when given to them.
nanab-berry,platinum,A Poffin ingredient. Bury it in soft soil to grow a Nanab Plant.
nanab-berry,ruby-sapphire,Pokéblock ingredient. Plant in loamy soil to grow Nanab.
naughty-mint,brilliant-diamond-shining-pearl,"When a Pokémon smells this mint, its Attack will grow more easily, but its Sp. Def will grow more slowly."
naughty-mint,legends-arceus,"When a Pokémon smells this mint, its Attack will grow more easily, but its Sp. Def will grow more slowly."
naughty-mint,scarlet-violet,"Having a Pokémon smell this mint can make its Attack stat grow stronger. However, its Sp. Def stat may suffer."
naughty-mint,sword-shield,"When a Pokémon smells this mint, its Attack will grow more easily, but its Sp. Def will grow more slowly."
necrozma-treat,scarlet-violet,A snack made from ingredients favored by the Legendary Pokémon Necrozma.
nest-ball,diamond-pearl,A somewhat different Poké Ball that works especially well on weaker Pokémon in the wild.
nest-ball,firered-leafgreen,A somewhat different Ball that works especially well on weaker Pokémon.
nest-ball,ruby-sapphire,A Ball that works better on weaker Pokémon.
nest-ball,x-y,A somewhat different Poké Ball that becomes more effective the lower the level of the wild Pokémon.
net-ball,black-2-white-2,A somewhat different Poké Ball that works especially well on Water- and Bug-type Pokémon.
net-ball,black-white,A somewhat different Poké Ball that works especially well on Water- and Bug-type Pokémon.
net-ball,brilliant-diamond-shining-pearl,A somewhat different Poké Ball that is more effective when attempting to catch Water- or Bug-type Pokémon.
net-ball,colosseum,A Ball that works well on Water- and Bug-type Pokémon.
net-ball,diamond-pearl,A somewhat different Poké Ball that works especially well on Water- and Bug-type Pokémon.
net-ball,emerald,A Ball that works well on Water- and Bug-type Pokémon.
net-ball,firered-leafgreen,A somewhat different Ball that works especially well on Water- and Bug-type Pokémon.
net-ball,heartgold-soulsilver,A somewhat different Poké Ball that works especially well on Water- and Bug-type Pokémon.
net-ball,legends-arceus,A somewhat different Poké Ball that is more effective when attempting to catch Water- or Bug-type Pokémon.
net-ball,legends-za,A somewhat different Poké Ball that is more effective when catching Water- or Bug-type Pokémon.
net-ball,omega-ruby-alpha-sapphire,A somewhat different Poké Ball that is more effective when attempting to catch Water- or Bug-type Pokémon.
net-ball,platinum,A somewhat different Poké Ball that works especially well on Water- and Bug-type Pokémon.
net-ball,ruby-sapphire,A Ball that works well on Water- and Bug-type Pokémon.
net-ball,scarlet-violet,A somewhat different Poké Ball that is more effective when catching Water- or Bug-type Pokémon.
net-ball,sun-moon,A somewhat different Poké Ball that is more effective when attempting to catch Water- or Bug-type Pokémon.
net-ball,sword-shield,A somewhat different Poké Ball that is more effective when attempting to catch Water- or Bug-type Pokémon.
net-ball,ultra-sun-ultra-moon,A somewhat different Poké Ball that is more effective when attempting to catch Water- or Bug-type Pokémon.
net-ball,x-y,A somewhat different Poké Ball that is more effective when attempting to catch Water- or Bug-type Pokémon.
net-ball,xd,A Ball that works well on Water- and Bug-type Pokémon.
never-melt-ice,crystal,Powers up ice-type moves. (HOLD)
never-melt-ice,diamond-pearl,A piece of ice that repels heat and boosts Ice-type moves.
never-melt-ice,emerald,A hold item that raises the power of Ice-type moves.
never-melt-ice,firered-leafgreen,A piece of ice that repels heat and boosts Ice-type moves.
never-melt-ice,gold-silver,Powers up ice-type moves. (HOLD)
never-melt-ice,heartgold-soulsilver,A piece of ice that repels heat and boosts Ice-type moves.
never-melt-ice,omega-ruby-alpha-sapphire,A piece of ice that repels heat effects and boosts Ice-type moves.
never-melt-ice,platinum,A piece of ice that repels heat and boosts Ice-type moves.
never-melt-ice,ruby-sapphire,A hold item that raises the power of Ice-type moves.
never-melt-ice,scarlet-violet,A heat-repelling piece of ice that boosts the power of the holder's Ice-type moves.
never-melt-ice,sun-moon,A heat-repelling piece of ice that boosts the power of Ice-type moves.
never-melt-ice,ultra-sun-ultra-moon,A heat-repelling piece of ice that boosts the power of Ice-type moves.
never-melt-ice,x-y,A piece of ice that repels heat effects and boosts Ice-type moves.
nice-butter,legends-za,"A nice pack of butter found in Hyperspace Lumiose. With it, you should be able to make even higher quality donuts than before."
nomel-berry,black-white,A Berry which is very rare in the Unova region. A maniac will buy it for a high price.
nomel-berry,diamond-pearl,A Poffin ingredient. Bury it in soft soil to grow a Nomel Plant.
nomel-berry,emerald,Pokéblock ingredient. Plant in loamy soil to grow Nomel.
nomel-berry,firered-leafgreen,Can be ground up into a powder as an ingredient for medicine.
nomel-berry,omega-ruby-alpha-sapphire,"Used to make Pokéblocks that will enhance your Toughness, this Berry is rare in other regions."
nomel-berry,platinum,A Poffin ingredient. Bury it in soft soil to grow a Nomel Plant.
nomel-berry,ruby-sapphire,Pokéblock ingredient. Plant in loamy soil to grow Nomel.
noodles,scarlet-violet,A nice salty ingredient. It's unclear how well these boiled noodles will serve as a sandwich filling.
normal-box,crystal,Open it and see what's inside.
normal-box,gold,Open it and see what's inside.
normal-box,silver,Open it and see what's inside.
normal-gem,black-white,"A gem with an ordinary essence. When held, it strengthens the power of a Normal-type move only once."
normal-gem,scarlet-violet,An item to be held by a Pokémon. This gem is imbued with the essence of normalcy and will boost the power of a Normal-type move—but only once.
normal-gem,x-y,"A gem with an ordinary essence. When held, it strengthens the power of a Normal-type move one time."
normal-tera-shard,scarlet-violet,"On rare occasions, these shards form when a Tera Pokémon falls in battle and its Tera Jewel shatters."
normalium-z,brilliant-diamond-shining-pearl,It converts Z-Power into crystals that upgrade Normal-type moves to Normal-type Z-Moves.
normalium-z,legends-arceus,It converts Z-Power into crystals that upgrade Normal-type moves to Normal-type Z-Moves.
normalium-z,scarlet-violet,It converts Z-Power into crystals that upgrade Normal-type moves to Normal-type Z-Moves.
normalium-z,sun-moon,It converts Z-Power into crystals that upgrade Normal-type moves to Normal-type Z-Moves.
normalium-z,sword-shield,It converts Z-Power into crystals that upgrade Normal-type moves to Normal-type Z-Moves.
normalium-z,ultra-sun-ultra-moon,It converts Z-Power into crystals that upgrade Normal-type moves to Normal-type Z-Moves.
nugget,diamond-pearl,A nugget of pure gold that gives off a lustrous gleam. It can be sold at a high price to shops.
nugget,legends-arceus,A nugget of the purest gold that gives off a lustrous gleam in direct light. It can be sold at a high price to the general store.
nugget,platinum,A nugget of pure gold that gives off a lustrous gleam. It can be sold at a high price to shops.
nugget,x-y,A nugget of the purest gold that gives off a lustrous gleam in direct light. It can be sold at a high price to shops.
oaks-letter,diamond-pearl,A letter from Prof. Oak. Written in it is a request for you to go to Rt. 224.
oaks-letter,platinum,A letter from Prof. Oak. Written in it is a request for you to go to Rt. 224.
oaks-letter,x-y,A letter from Professor Oak. Written in it is a request for you to go to Route 224.
occa-berry,black-2-white-2,Weakens a supereffective Fire-type attack against the holding Pokémon.
occa-berry,black-white,Weakens a supereffective Fire-type attack against the holding Pokémon.
occa-berry,brilliant-diamond-shining-pearl,"If held by a Pokémon, this Berry will lessen the damage taken from one supereffective Fire-type attack."
occa-berry,diamond-pearl,"A Poffin ingredient. If held by a Pokémon, it weakens a foe's supereffective Fire-type attack."
occa-berry,heartgold-soulsilver,"If held by a Pokémon, it weakens a foe's supereffective Fire-type attack."
occa-berry,legends-arceus,"If held by a Pokémon, this Berry will lessen the damage taken from one supereffective Fire-type attack."
occa-berry,lets-go-pikachu-lets-go-eevee,"If held by a Pokémon, this Berry will lessen the damage taken from one supereffective Fire-type attack."
occa-berry,omega-ruby-alpha-sapphire,"If held by a Pokémon, this Berry will lessen the damage taken from one supereffective Fire-type attack."
occa-berry,platinum,"A Poffin ingredient. If held by a Pokémon, it weakens a foe's supereffective Fire-type attack."
occa-berry,scarlet-violet,"If a Pokémon holding this Berry is hit with a supereffective Fire-type move, the power of that move will be weakened."
occa-berry,sun-moon,"If held by a Pokémon, this Berry will lessen the damage taken from one supereffective Fire-type attack."
occa-berry,sword-shield,"If held by a Pokémon, this Berry will lessen the damage taken from one supereffective Fire-type attack."
occa-berry,ultra-sun-ultra-moon,"If held by a Pokémon, this Berry will lessen the damage taken from one supereffective Fire-type attack."
occa-berry,x-y,"If held by a Pokémon, this Berry will lessen the damage taken from one supereffective Fire-type attack."
oceanic-slate,brilliant-diamond-shining-pearl,A slate overflowing with enigmatic energy. You can feel a strong connection between it and the Oceanic Room at Ramanas Park.
oceanic-slate,scarlet-violet,A slate overflowing with enigmatic energy. You can feel a strong connection between it and the Oceanic Room at Ramanas Park.
odd-incense,diamond-pearl,An item to be held by a Pokémon. It is an exotic-smelling incense that boosts the power of Psychic-type moves.
odd-incense,scarlet-violet,An item to be held by a Pokémon. This incense has a curious aroma that boosts the power of the holder's Psychic-type moves.
odd-incense,x-y,An item to be held by a Pokémon. This exotic-smelling incense boosts the power of Psychic-type moves.
odd-keystone,diamond-pearl,A vital item that is needed to keep a stone tower from collapsing. Voices can be heard from it occasionally.
odd-keystone,legends-arceus,A mysterious stone that can be used to collect wisps that glow with an eerie purple light.
odd-keystone,platinum,A vital item that is needed to keep a stone tower from collapsing. Voices can be heard from it occasionally.
old-amber,black-2-white-2,A piece of amber that contains the genetic material of an ancient Pokémon. It is clear with a reddish tint.
old-amber,black-white,A piece of amber that contains the genetic material of an ancient Pokémon. It is clear with a reddish tint.
old-amber,brilliant-diamond-shining-pearl,"A piece of amber that still contains the genetic material of an ancient Pokémon. It's clear with a tawny, reddish tint."
old-amber,diamond-pearl,A piece of amber that contains the genetic material of an ancient Pokémon. It is clear with a reddish tint.
old-amber,firered-leafgreen,A piece of amber that contains the genes of an ancient Pokémon. It is clear with a reddish tint.
old-amber,heartgold-soulsilver,A piece of amber that contains the genetic material of an ancient Pokémon. It is clear with a reddish tint.
old-amber,legends-arceus,"A piece of amber that still contains the genetic material of an ancient Pokémon. It's clear with a tawny, reddish tint."
old-amber,legends-za,"A piece of amber that still contains the genetic material of a prehistoric Pokémon. It's clear with a tawny, reddish tint."
old-amber,lets-go-pikachu-lets-go-eevee,"A piece of amber that still contains the genetic material of an ancient Pokémon. It's clear with a tawny, reddish tint."
old-amber,omega-ruby-alpha-sapphire,"A piece of amber that still contains the genetic material of an ancient Pokémon. It's clear with a tawny, reddish tint."
old-amber,platinum,A piece of amber that contains the genetic material of an ancient Pokémon. It is clear with a reddish tint.
old-amber,scarlet-violet,"A piece of amber that still contains the genetic material of a prehistoric Pokémon. It's clear with a tawny, reddish tint."
old-amber,sun-moon,"A piece of amber that still contains the genetic material of an ancient Pokémon. It's clear with a tawny, reddish tint."
old-amber,sword-shield,"A piece of amber that still contains the genetic material of an ancient Pokémon. It's clear with a tawny, reddish tint."
old-amber,ultra-sun-ultra-moon,"A piece of amber that still contains the genetic material of an ancient Pokémon. It's clear with a tawny, reddish tint."
old-amber,x-y,"A piece of amber that still contains the genetic material of an ancient Pokémon. It's clear with a tawny, reddish tint."
old-charm,black-2-white-2,An ancient good-luck charm made of Pokémon bones to be taken to the elder of Celestic Town.
old-charm,black-white,An ancient good-luck charm made of Pokémon bones to be taken to the elder of Celestic Town.
old-charm,brilliant-diamond-shining-pearl,An ancient good-luck charm made of Pokémon bones to be taken to the elder of Celestic Town.
old-charm,diamond-pearl,An ancient good-luck charm made of Pokémon bones to be taken to the elder of Celestic Town.
old-charm,heartgold-soulsilver,An ancient good-luck charm made of Pokémon bones to be taken to the elder of Celestic Town.
old-charm,legends-arceus,An ancient good-luck charm made of Pokémon bones to be taken to the elder of Celestic Town.
old-charm,omega-ruby-alpha-sapphire,An ancient good-luck charm made of Pokémon bones to be taken to the elder of Celestic Town.
old-charm,platinum,An ancient good-luck charm made of Pokémon bones to be taken to the elder of Celestic Town.
old-charm,scarlet-violet,An ancient good-luck charm made of Pokémon bones to be taken to the elder of Celestic Town.
old-charm,sun-moon,An ancient good-luck charm made of Pokémon bones to be taken to the elder of Celestic Town.
old-charm,sword-shield,An ancient good-luck charm made of Pokémon bones to be taken to the elder of Celestic Town.
old-charm,ultra-sun-ultra-moon,An ancient good-luck charm made of Pokémon bones to be taken to the elder of Celestic Town.
old-charm,x-y,An ancient good-luck charm made of Pokémon bones to be taken to the elder of Celestic Town.
old-gateau,black-white,Old Chateau's hidden specialty. It heals all the status problems of a single Pokémon.
old-gateau,diamond-pearl,Old Chateau's hidden specialty. It heals all the status problems of a single Pokémon.
old-gateau,legends-arceus,A hidden gem found in Jubilife Village. This sweet treat can be fed to a Pokémon to cure any status conditions it may have.
old-gateau,scarlet-violet,A hidden gem found in the Old Chateau. It can be used to cure any status condition a Pokémon may have.
old-gateau,sun-moon,The Old Chateau's hidden specialty. It can be used once to heal all the status conditions of a Pokémon.
old-gateau,x-y,The Old Chateau's hidden specialty. It can be used once to heal all the status conditions of a Pokémon.
old-journal,legends-arceus,A stab-bound journal that once had pages torn from it. All the pages have been collected and restored.
old-journal,scarlet-violet,A stab-bound journal that once had pages torn from it. All the pages have been collected and restored.
old-letter,brilliant-diamond-shining-pearl,"A letter entrusted to you by a girl, to be delivered to a boy. Strangely, it looks old to you."
old-letter,legends-arceus,"A letter entrusted to you by a girl, to be delivered to a boy. Strangely, it looks old to you."
old-letter,scarlet-violet,"A letter entrusted to you by a girl, to be delivered to a boy. Strangely, it looks old to you."
old-letter,sword-shield,"A letter entrusted to you by a girl, to be delivered to a boy. Strangely, it looks old to you."
old-rod,diamond-pearl,An old and beat-up fishing rod. Use it by any body of water to fish for wild aquatic Pokémon.
old-rod,firered-leafgreen,An old and beat-up fishing rod. Use it by any body of water to fish for wild Pokémon.
old-rod,gold-silver,Use by water to fish for Pokémon.
old-rod,ruby-sapphire,Use by any body of water to fish for wild Pokémon.
old-rod,scarlet-violet,An old and beat-up fishing rod. Use it at bodies of water to fish for Pokémon.
old-rod,stadium,"Use in front of the sea, a river, etc., to fish for Pokémon."
old-sea-map,emerald,A faded sea chart that shows the way to a certain island.
old-verse-01,legends-arceus,Once there were two...
olive-oil,scarlet-violet,A condiment offering faint notes of sour and bitter flavors. The most prized varieties are the ones Smoliv love the smell of—such oils' quality is assured.
onion,scarlet-violet,This spicy veggie is indispensable to many sandwiches. It goes well with rich ingredients.
oran-berry,diamond-pearl,It may be used or held by a Pokémon to heal the user by just 10 HP.
oran-berry,emerald,A hold item that restores 10 HP in battle.
oran-berry,legends-arceus,A Berry that can be fed to a Pokémon to restore its HP by 20 points.
oran-berry,platinum,It may be used or held by a Pokémon to heal the user by just 10 HP.
oran-berry,ruby-sapphire,A hold item that restores 10 HP in battle.
orange-dish,scarlet-violet,A dish for picnics. Comes in plenty of colors to choose from based on the food or the mood. The orange variety is the most popular of all.
orange-mail,emerald,A Zigzagoon-print Mail to be held by a Pokémon.
orange-mail,firered,A piece of Mail featuring a cute Zigzagoon print. It is to be held by a Pokémon.
orange-mail,leafgreen,A piece of Mail featuring a cute Zigzagoon print. It is to be held by a Pokémon.
orange-mail,ruby,A Zigzagoon-print Mail to be held by a Pokémon.
orange-mail,sapphire,A Zigzagoon-print Mail to be held by a Pokémon.
orange-petal,brilliant-diamond-shining-pearl,A pressed flower petal you receive from Ilima during Mina's trial. The goal is to collect seven different kinds of petals.
orange-petal,legends-arceus,A pressed flower petal you receive from Ilima during Mina's trial. The goal is to collect seven different kinds of petals.
orange-petal,lets-go-pikachu-lets-go-eevee,A pressed flower petal you receive from Ilima during Mina's trial. The goal is to collect seven different kinds of petals.
orange-petal,scarlet-violet,A pressed flower petal you receive from Ilima during Mina's trial. The goal is to collect seven different kinds of petals.
orange-petal,sword-shield,A pressed flower petal you receive from Ilima during Mina's trial. The goal is to collect seven different kinds of petals.
orange-petal,ultra-sun-ultra-moon,A pressed flower petal you receive from Ilima during Mina's trial. The goal is to collect seven different kinds of petals.
origin-ball,legends-arceus,A singular and irreplicable Poké Ball that can be used to catch the frenzied Pokémon raging at the Temple of Sinnoh.
origin-ball,legends-za,A singular and irreplicable Poké Ball that can be used to catch the frenzied Pokémon raging at the Temple of Sinnoh.
origin-ore,legends-arceus,"An ore of mysterious power, spoken of in ancient myths and said to contain the power of almighty Sinnoh itself."
origin-ore,scarlet-violet,"An ore of mysterious power, spoken of in ancient myths and said to contain the power of almighty Sinnoh itself."
oval-charm,black-2-white-2,An oval charm said to increase the chance of Eggs being found at the Day Care.
oval-charm,scarlet-violet,Having one of these mysterious oval charms makes it more likely Pokémon Eggs might be found during picnics.
oval-charm,sun-moon,An oval charm said to increase the chance of Pokémon Eggs being found at the Nursery.
oval-charm,ultra-sun-ultra-moon,An oval charm said to increase the chance of Pokémon Eggs being found at the Nursery.
oval-charm,x-y,An oval charm said to increase the chance of Pokémon Eggs being found at the Day Care.
oval-stone,diamond-pearl,A peculiar stone that makes certain species of Pokémon evolve. It is shaped like an egg.
oval-stone,legends-arceus,A peculiar stone that can make certain species of Pokémon evolve. It is round and smooth.
oval-stone,scarlet-violet,A peculiar stone that can make a certain species of Pokémon evolve. It is round and smooth.
oval-stone,x-y,A peculiar stone that can make certain species of Pokémon evolve. It's as round as a Pokémon Egg.
pack-of-potatoes,brilliant-diamond-shining-pearl,"One of the many ingredients that can be used for cooking at your camp. Potatoes help mellow out a spicy taste, to make a dish more mild."
pack-of-potatoes,legends-arceus,"One of the many ingredients that can be used for cooking at your camp. Potatoes help mellow out a spicy taste, to make a dish more mild."
pack-of-potatoes,scarlet-violet,"One of the many ingredients that can be used for cooking at your camp. Potatoes help mellow out a spicy taste, to make a dish more mild."
pack-of-potatoes,sword-shield,"One of the many ingredients that can be used for cooking at your camp. Potatoes help mellow out a spicy taste, to make a dish more mild."
packaged-curry,brilliant-diamond-shining-pearl,One of the many ingredients that can be used for cooking at your camp. Using packaged curry helps make sure there are no slipups when cooking.
packaged-curry,legends-arceus,One of the many ingredients that can be used for cooking at your camp. Using packaged curry helps make sure there are no slipups when cooking.
packaged-curry,scarlet-violet,One of the many ingredients that can be used for cooking at your camp. Using packaged curry helps make sure there are no slipups when cooking.
packaged-curry,sword-shield,One of the many ingredients that can be used for cooking at your camp. Using packaged curry helps make sure there are no slipups when cooking.
pair-of-tickets,brilliant-diamond-shining-pearl,Tickets for two to the astronomical show being held at the Mossdeep Space Center.
pair-of-tickets,legends-arceus,Tickets for two to the astronomical show being held at the Mossdeep Space Center.
pair-of-tickets,lets-go-pikachu-lets-go-eevee,Tickets for two to the astronomical show being held at the Mossdeep Space Center.
pair-of-tickets,omega-ruby-alpha-sapphire,Tickets for two to the astronomical show being held at the Mossdeep Space Center.
pair-of-tickets,scarlet-violet,Tickets for two to the astronomical show being held at the Mossdeep Space Center.
pair-of-tickets,sun-moon,Tickets for two to the astronomical show being held at the Mossdeep Space Center.
pair-of-tickets,sword-shield,Tickets for two to the astronomical show being held at the Mossdeep Space Center.
pair-of-tickets,ultra-sun-ultra-moon,Tickets for two to the astronomical show being held at the Mossdeep Space Center.
pal-pad,black-2-white-2,"A convenient notepad that is used for registering your friends, Friend Codes, and keeping a record of game play."
pal-pad,black-white,"A convenient notepad that is used for registering your friends, Friend Codes, and keeping a record of game play."
pal-pad,brilliant-diamond-shining-pearl,A convenient notepad that is used to register your Friends and friend codes and keep a record of your gameplay.
pal-pad,diamond-pearl,A convenient notepad that is used for registering your friends and keeping a record of game play.
pal-pad,heartgold-soulsilver,"A convenient notepad that is used for registering your friends, Friend Codes, and keeping a record of game play."
pal-pad,legends-arceus,A convenient notepad that is used to register your Friends and friend codes and keep a record of your gameplay.
pal-pad,lets-go-pikachu-lets-go-eevee,A convenient notepad that is used to register your Friends and friend codes and keep a record of your gameplay.
pal-pad,omega-ruby-alpha-sapphire,A convenient notepad that is used to register your Friends and friend codes and keep a record of your gameplay.
pal-pad,platinum,"A convenient notepad that is used for registering your friends, Friend Codes, and keeping a record of game play."
pal-pad,scarlet-violet,A convenient notepad that is used to register your friends and keep a record of your gameplay.
pal-pad,sun-moon,A convenient notepad that is used to register your Friends and friend codes and keep a record of your gameplay.
pal-pad,sword-shield,A convenient notepad that is used to register your Friends and friend codes and keep a record of your gameplay.
pal-pad,ultra-sun-ultra-moon,A convenient notepad that is used to register your Friends and friend codes and keep a record of your gameplay.
pal-pad,x-y,A convenient notepad that is used to register your Friends and friend codes and keep a record of your gameplay.
pamtre-berry,black-white,A Berry which is very rare in the Unova region. A maniac will buy it for a high price.
pamtre-berry,diamond-pearl,A Poffin ingredient. Bury it in soft soil to grow a Pamtre Plant.
pamtre-berry,emerald,Pokéblock ingredient. Plant in loamy soil to grow Pamtre.
pamtre-berry,platinum,A Poffin ingredient. Bury it in soft soil to grow a Pamtre Plant.
pamtre-berry,ruby-sapphire,Pokéblock ingredient. Plant in loamy soil to grow Pamtre.
pamtre-berry,scarlet-violet,Used to make Pokéblocks that will enhance Beauty. This Berry is rare in other regions.
paralyze-heal,black-2-white-2,A spray-type medicine. It eliminates paralysis from a single Pokémon.
paralyze-heal,black-white,A spray-type medicine. It eliminates paralysis from a single Pokémon.
paralyze-heal,crystal,Heals paralyzed Pokémon.
paralyze-heal,diamond-pearl,A spray-type medicine. It eliminates paralysis from a single Pokémon.
paralyze-heal,firered-leafgreen,A spray-type medicine. It heals one Pokémon from paralysis.
paralyze-heal,gold-silver,Heals paralyzed Pokémon.
paralyze-heal,heartgold-soulsilver,A spray-type medicine. It eliminates paralysis from a single Pokémon.
paralyze-heal,legends-za,A spray-type medicine for treating paralysis. It can be used to free a Pokémon that has been paralyzed.
paralyze-heal,omega-ruby-alpha-sapphire,A spray-type medicine for paralysis. It can be used once to free a Pokémon that has been paralyzed.
paralyze-heal,platinum,A spray-type medicine. It eliminates paralysis from a single Pokémon.
paralyze-heal,scarlet-violet,A spray-type medicine for treating paralysis. It can be used to free a Pokémon that has been paralyzed.
paralyze-heal,sun-moon,A spray-type medicine for paralysis. It can be used once to free a Pokémon that has been paralyzed.
paralyze-heal,ultra-sun-ultra-moon,A spray-type medicine for paralysis. It can be used once to free a Pokémon that has been paralyzed.
paralyze-heal,x-y,A spray-type medicine for paralysis. It can be used once to free a Pokémon that has been paralyzed.
parasol-pick,scarlet-violet,"Some complain that the parasol part of this pick is hard to hold on to, so your fingers get messy. Still, it's fun to twirl this all around after you've eaten."
parcel,brilliant-diamond-shining-pearl,A parcel entrusted in your care. You are supposed to deliver it to your childhood friend who left Twinleaf Town.
parcel,firered-leafgreen,A parcel to be delivered to Prof. Oak from Viridian City's Pokémon Mart.
parcel,lets-go-pikachu-lets-go-eevee,A parcel to be delivered to Professor Oak from Viridian City's Pokémon Mart.
park-ball,black-2-white-2,A special Poké Ball for the Pal Park.
park-ball,brilliant-diamond-shining-pearl,A special Poké Ball for Ramanas Park.
park-ball,heartgold-soulsilver,A special Poké Ball for the Pal Park.
park-ball,scarlet-violet,A special Poké Ball used in the Pal Park.
park-ball,sun-moon,A special Poké Ball for the Pal Park.
park-ball,x-y,A special Poké Ball for the Pal Park.
party-sparkler-pick,scarlet-violet,This pick features a small sparkler that goes off automatically. It's used at parties or for guests of honor. It leaves an oddly appealing aroma once it's burned out.
pass,black-2-white-2,A ticket required for riding the Magnet Train. It allows you to ride whenever and however much you'd like.
pass,crystal,A ticket for the Magnet Train.
pass,gold-silver,A ticket for the Magnet Train.
pass,heartgold-soulsilver,A ticket required for riding the Magnet Train. It allows you to ride whenever and however much you'd like.
pass,ultra-sun-ultra-moon,A pass required for riding the Magnet Train. It allows you to ride whenever and however much you'd like.
pass-orb,black-2-white-2,"A mysterious orb containing the power of the Unova region, to be used when generating Pass Power."
pass-orb,black-white,"A mysterious orb containing the power of the Unova region, to be used when generating Pass Power."
pass-orb,omega-ruby-alpha-sapphire,"A mysterious orb containing the power of the Unova region, to be used when generating Pass Power."
pass-orb,sun-moon,"A mysterious orb containing the power of the Unova region, to be used when generating Pass Power."
pass-orb,ultra-sun-ultra-moon,"A mysterious orb containing the power of the Unova region, to be used when generating Pass Power."
pass-orb,x-y,"A mysterious orb containing the power of the Unova region, to be used when generating Pass Power."
passho-berry,black-2-white-2,Weakens a supereffective Water-type attack against the holding Pokémon.
passho-berry,black-white,Weakens a supereffective Water-type attack against the holding Pokémon.
passho-berry,brilliant-diamond-shining-pearl,"If held by a Pokémon, this Berry will lessen the damage taken from one supereffective Water-type attack."
passho-berry,diamond-pearl,"A Poffin ingredient. If held by a Pokémon, it weakens a foe's supereffective Water-type attack."
passho-berry,heartgold-soulsilver,"If held by a Pokémon, it weakens a foe's supereffective Water-type attack."
passho-berry,legends-arceus,"If held by a Pokémon, this Berry will lessen the damage taken from one supereffective Water-type attack."
passho-berry,omega-ruby-alpha-sapphire,"If held by a Pokémon, this Berry will lessen the damage taken from one supereffective Water-type attack."
passho-berry,platinum,"A Poffin ingredient. If held by a Pokémon, it weakens a foe's supereffective Water-type attack."
passho-berry,scarlet-violet,"If a Pokémon holding this Berry is hit with a supereffective Water-type move, the power of that move will be weakened."
passho-berry,sun-moon,"If held by a Pokémon, this Berry will lessen the damage taken from one supereffective Water-type attack."
passho-berry,sword-shield,"If held by a Pokémon, this Berry will lessen the damage taken from one supereffective Water-type attack."
passho-berry,ultra-sun-ultra-moon,"If held by a Pokémon, this Berry will lessen the damage taken from one supereffective Water-type attack."
passho-berry,x-y,"If held by a Pokémon, this Berry will lessen the damage taken from one supereffective Water-type attack."
pasta,brilliant-diamond-shining-pearl,One of the many ingredients that can be used for cooking at your camp. These flour noodles make for a surprisingly good match with curry.
pasta,legends-arceus,One of the many ingredients that can be used for cooking at your camp. These flour noodles make for a surprisingly good match with curry.
pasta,scarlet-violet,One of the many ingredients that can be used for cooking at your camp. These flour noodles make for a surprisingly good match with curry.
pasta,sword-shield,One of the many ingredients that can be used for cooking at your camp. These flour noodles make for a surprisingly good match with curry.
payapa-berry,black-2-white-2,Weakens a supereffective Psychic-type attack against the holding Pokémon.
payapa-berry,black-white,Weakens a supereffective Psychic-type attack against the holding Pokémon.
payapa-berry,brilliant-diamond-shining-pearl,"If held by a Pokémon, this Berry will lessen the damage taken from one supereffective Psychic-type attack."
payapa-berry,diamond-pearl,"A Poffin ingredient. If held by a Pokémon, it weakens a foe's supereffective Psychic-type attack."
payapa-berry,heartgold-soulsilver,"If held by a Pokémon, it weakens a foe's supereffective Psychic-type attack."
payapa-berry,legends-arceus,"If held by a Pokémon, this Berry will lessen the damage taken from one supereffective Psychic-type attack."
payapa-berry,omega-ruby-alpha-sapphire,"If held by a Pokémon, this Berry will lessen the damage taken from one supereffective Psychic-type attack."
payapa-berry,platinum,"A Poffin ingredient. If held by a Pokémon, it weakens a foe's supereffective Psychic-type attack."
payapa-berry,scarlet-violet,"If a Pokémon holding this Berry is hit with a supereffective Psychic-type move, the power of that move will be weakened."
payapa-berry,sun-moon,"If held by a Pokémon, this Berry will lessen the damage taken from one supereffective Psychic-type attack."
payapa-berry,sword-shield,"If held by a Pokémon, this Berry will lessen the damage taken from one supereffective Psychic-type attack."
payapa-berry,ultra-sun-ultra-moon,"If held by a Pokémon, this Berry will lessen the damage taken from one supereffective Psychic-type attack."
payapa-berry,x-y,"If held by a Pokémon, this Berry will lessen the damage taken from one supereffective Psychic-type attack."
peach-chairs,scarlet-violet,A set of chairs that are ideal for picnicking. Their design was inspired by the Peach Tablecloth.
peach-tablecloth,scarlet-violet,"A light peach-colored tablecloth. It's smooth and pleasant to the touch, and dishes can be placed on it with hardly a sound."
peanut-butter,scarlet-violet,A very sweet condiment. People in Paldea seem to favor the sweet varieties over the unsweetened.
pearl,crystal,A beautiful pearl. Sell low.
pearl,diamond-pearl,A somewhat-small pearl that sparkles in a pretty silver color. It can be sold cheaply to shops.
pearl,gold-silver,A beautiful pearl. Sell low.
pearl,platinum,A somewhat-small pearl that sparkles in a pretty silver color. It can be sold cheaply to shops.
pearl,scarlet-violet,A rather small pearl that has a nice silvery sheen to it. It can be sold at a low price to shops.
pearl-string,black-2-white-2,Very large pearls that sparkle in a pretty silver color. A maniac will buy them for a high price.
pearl-string,black-white,Very large pearls that sparkle in a pretty silver color. A maniac will buy them for a high price.
pearl-string,brilliant-diamond-shining-pearl,Very large pearls that sparkle in a pretty silver color. They can be sold at a high price to shops.
pearl-string,legends-arceus,Very large pearls that sparkle in a pretty silver color. They can be sold at a high price to shops.
pearl-string,legends-za,Very large pearls that have a nice silvery sheen to them. They can be sold at a high price to shops.
pearl-string,lets-go-pikachu-lets-go-eevee,Very large pearls that sparkle in a pretty silver color. They can be sold at a high price to shops.
pearl-string,omega-ruby-alpha-sapphire,Very large pearls that sparkle in a pretty silver color. They can be sold at a high price to shops.
pearl-string,scarlet-violet,Very large pearls that have a nice silvery sheen to them. They can be sold at a high price to shops.
pearl-string,sun-moon,Very large pearls that sparkle in a pretty silver color. They can be sold at a high price to shops.
pearl-string,sword-shield,Very large pearls that sparkle in a pretty silver color. They can be sold at a high price to shops.
pearl-string,ultra-sun-ultra-moon,Very large pearls that sparkle in a pretty silver color. They can be sold at a high price to shops.
pearl-string,x-y,Very large pearls that sparkle in a pretty silver color. They can be sold at a high price to shops.
peat-block,legends-arceus,A block of muddy material that can be used as fuel for burning when it is dried. It’s loved by a certain Pokémon.
peat-block,scarlet-violet,A block of muddy material that can be used as fuel for burning when it is dried. It’s loved by a certain Pokémon.
pebble,legends-za,An ordinary pebble entrusted to you by the Pokémon known as Zygarde. It is completely unremarkable.
pecha-berry,diamond-pearl,A Poffin ingredient. It may be used or held by a Pokémon to recover from poison.
pecha-berry,emerald,A hold item that heals poisoning in battle.
pecha-berry,firered-leafgreen,"When held by a Pokémon, it will be used in battle to cure poison."
pecha-berry,legends-arceus,A Berry that can be fed to a Pokémon to cure its poisoning. You can also throw this Berry near wild Pokémon to draw their attention.
pecha-berry,platinum,A Poffin ingredient. It may be used or held by a Pokémon to recover from poison.
pecha-berry,ruby-sapphire,A hold item that heals poisoning in battle.
pecha-berry,scarlet-violet,"If a Pokémon holds one of these Berries, it will be able to lift the effects of being poisoned from itself."
pecha-berry,x-y,"A Berry to be consumed by Pokémon. If a Pokémon holds one, it can recover from poisoning on its own in battle."
pep-up-plant,legends-arceus,Extremely spicy but also highly nutritious. This herb is used as a material for crafting items that can restore PP to Pokémon or boost their stats.
pep-up-plant,scarlet-violet,Extremely spicy but also highly nutritious. This herb is used as a material for crafting items that can restore PP to Pokémon or boost their stats.
pepper,scarlet-violet,A seasoning packing very spicy flavor. It goes nicely with oilier foods and works especially well when you add just a pinch for a hint of flavor.
permit,black-2-white-2,A permit needed to enter the Nature Preserve. Only a few know about this place.
permit,brilliant-diamond-shining-pearl,A permit that is needed to enter the Nature Preserve. Not many know about it.
permit,legends-arceus,A permit that is needed to enter the Nature Preserve. Not many know about it.
permit,omega-ruby-alpha-sapphire,A permit that is needed to enter the Nature Preserve. Not many know about it.
permit,scarlet-violet,"A permit that is needed to enter the Nature Preserve, a place that not many people know about."
permit,sun-moon,A permit that is needed to enter the Nature Preserve. Not many know about it.
permit,sword-shield,A permit that is needed to enter the Nature Preserve. Not many know about it.
permit,ultra-sun-ultra-moon,A permit that is needed to enter the Nature Preserve. Not many know about it.
permit,x-y,A permit that is needed to enter the Nature Preserve. Not many know about it.
persim-berry,diamond-pearl,It may be used or held by a Pokémon to recover from confusion.
persim-berry,emerald,A hold item that heals confusion in battle.
persim-berry,platinum,It may be used or held by a Pokémon to recover from confusion.
persim-berry,ruby-sapphire,A hold item that heals confusion in battle.
persim-berry,scarlet-violet,"If a Pokémon holds one of these Berries, it will be able to cure itself of confusion."
petaya-berry,diamond-pearl,"A Poffin ingredient. If held by a Pokémon, it raises its Sp. Atk stat in a pinch."
petaya-berry,emerald,A hold item that raises Sp. Atk in a pinch.
petaya-berry,platinum,"A Poffin ingredient. If held by a Pokémon, it raises its Sp. Atk stat in a pinch."
petaya-berry,ruby-sapphire,A hold item that raises Sp. Atk in a pinch.
petaya-berry,sword-shield,"A slightly rare Berry. It's eye-poppingly spicy and bitter, but it's packed with nutrients."
pewter-crunchies,brilliant-diamond-shining-pearl,Pewter City's famous crunchy snack. They can be used to heal all status conditions of a single Pokémon.
pewter-crunchies,legends-arceus,Pewter City's famous crunchy snack. They can be used to heal all status conditions of a single Pokémon.
pewter-crunchies,lets-go-pikachu-lets-go-eevee,Pewter City's famous crunchy snack. They can be used to heal all status conditions of a single Pokémon.
pewter-crunchies,scarlet-violet,Pewter City's famous crunchy snack. They can be used to cure any status condition a Pokémon may have.
pewter-crunchies,sword-shield,Pewter City's famous crunchy snack. They can be used to heal all status conditions of a single Pokémon.
pickle,scarlet-violet,This very sour ingredient is made by pickling veggies in a flavorful brine made from spices and vinegar.
picnic-set,scarlet-violet,A roomy basket packed with all sorts of things for use when enjoying picnicking with your Pokémon.
pidgeotite,legends-za,One of a variety of mysterious Mega Stones. A Pidgeot holding this stone will be able to Mega Evolve during battle.
pidgeotite,lets-go-pikachu-lets-go-eevee,One of a variety of mysterious Mega Stones. This stone will enable Pidgeot to Mega Evolve during battle.
pidgeotite,omega-ruby-alpha-sapphire,"One of a variety of mysterious Mega Stones. Have Pidgeot hold it, and this stone will enable it to Mega Evolve during battle."
pika-pika-pick,scarlet-violet,"A Pick-achu, as it were, sporting Pikachu's usual expression. It's easy to grab by the ears, which is part of why it's so popular."
pikachu-cup,scarlet-violet,"A cup for big-time Pokémon fans. Kids will happily drink out of it, making it a boon to parents."
pikanium-z,brilliant-diamond-shining-pearl,It converts Z-Power into crystals that upgrade Pikachu's Volt Tackle to an exclusive Z-Move.
pikanium-z,legends-arceus,It converts Z-Power into crystals that upgrade Pikachu's Volt Tackle to an exclusive Z-Move.
pikanium-z,scarlet-violet,It converts Z-Power into crystals that upgrade Pikachu's Volt Tackle to a Z-Move.
pikanium-z,sun-moon,It converts Z-Power into crystals that upgrade Pikachu's Volt Tackle to an exclusive Z-Move.
pikanium-z,sword-shield,It converts Z-Power into crystals that upgrade Pikachu's Volt Tackle to an exclusive Z-Move.
pikanium-z,ultra-sun-ultra-moon,It converts Z-Power into crystals that upgrade Pikachu's Volt Tackle to an exclusive Z-Move.
pikashunium-z,scarlet-violet,It converts Z-Power into crystals that upgrade Thunderbolt to a Z-Move when used by a Pikachu wearing a cap.
pikashunium-z,sun-moon,It converts Z-Power into crystals that upgrade a Thunderbolt by Pikachu in a cap to an exclusive Z-Move.
pinap-berry,emerald,Pokéblock ingredient. Plant in loamy soil to grow Pinap.
pinap-berry,legends-arceus,Restores up to a third of a Pokémon’s HP yields more Exp. Points if eaten by a wild Pokémon.
pinap-berry,lets-go-pikachu-lets-go-eevee,A Berry that makes you slightly more likely to get an item when catching Pokémon.
pinap-berry,ruby-sapphire,Pokéblock ingredient. Plant in loamy soil to grow Pinap.
pineapple,scarlet-violet,"This very tart ingredient is a fruit of southern lands, and its color and texture are a thrill. It's been cut into chunks to be easily manageable."
pink-apricorn,black-2-white-2,"A pink Apricorn. It has a nice, sweet scent."
pink-apricorn,black-white,"A pink Apricorn. It has a nice, sweet scent."
pink-apricorn,brilliant-diamond-shining-pearl,"A pink Apricorn. It has a nice, sweet scent."
pink-apricorn,crystal,A pink Apricorn.
pink-apricorn,gold-silver,A pink Apricorn.
pink-apricorn,heartgold-soulsilver,"A pink Apricorn. It has a nice, sweet scent."
pink-apricorn,legends-arceus,"A pink Apricorn. It has a nice, sweet scent."
pink-apricorn,lets-go-pikachu-lets-go-eevee,"A pink Apricorn. It has a nice, sweet scent."
pink-apricorn,omega-ruby-alpha-sapphire,"A pink Apricorn. It has a nice, sweet scent."
pink-apricorn,scarlet-violet,A pink Apricorn. It has a pleasantly sweet scent.
pink-apricorn,sun-moon,"A pink Apricorn. It has a nice, sweet scent."
pink-apricorn,sword-shield,"A pink Apricorn. It has a nice, sweet scent."
pink-apricorn,ultra-sun-ultra-moon,"A pink Apricorn. It has a nice, sweet scent."
pink-apricorn,x-y,"A pink Apricorn. It has a nice, sweet scent."
pink-bottle,scarlet-violet,A go-to bottle widely used for drinks at picnics. Its simple design and portability make it popular among all sorts of people.
pink-bow,crystal,Powers up normal-type moves. (HOLD)
pink-bow,gold,Powers up normal-type moves. (HOLD)
pink-bow,silver,Powers up normal-type moves. (HOLD)
pink-canari-plush-lv-1,legends-za,A plush doll of Canari that holds a pink charm. Having one of these increases the number of Mega Shards you'll find after smashing Mega Crystals by a little.
pink-canari-plush-lv-2,legends-za,A plush doll of Canari that holds a pink charm. Having one of these increases the number of Mega Shards you'll find after smashing Mega Crystals.
pink-canari-plush-lv-3,legends-za,A plush doll of Canari that holds a pink charm. Having one of these increases the number of Mega Shards you'll find after smashing Mega Crystals by a lot.
pink-chairs,scarlet-violet,A set of chairs that are ideal for picnicking. Their design was inspired by the Pink Tablecloth.
pink-cup,scarlet-violet,"A cup sold with the Pink Bottle. The two don't stack, so they're tough to pack—but they look good, so they're popular with those who like to post picnic photos."
pink-nectar,lets-go-pikachu-lets-go-eevee,A flower nectar obtained from the flowering shrubs on Royal Avenue. It changes the form of certain species of Pokémon.
pink-nectar,scarlet-violet,Flower nectar obtained from a pink flower. It changes the form of a certain species of Pokémon.
pink-nectar,sun-moon,The flower nectar obtained at the flowering shrubs on Royal Avenue. It changes the form of certain species of Pokémon.
pink-nectar,ultra-sun-ultra-moon,The flower nectar obtained at the flowering shrubs on Royal Avenue. It changes the form of certain species of Pokémon.
pink-petal,brilliant-diamond-shining-pearl,A pressed flower petal you receive from Mina during Mina's trial. The goal is to collect seven different kinds of petals.
pink-petal,legends-arceus,A pressed flower petal you receive from Mina during Mina's trial. The goal is to collect seven different kinds of petals.
pink-petal,lets-go-pikachu-lets-go-eevee,A pressed flower petal you receive from Mina during Mina's trial. The goal is to collect seven different kinds of petals.
pink-petal,scarlet-violet,A pressed flower petal you receive from Mina during Mina's trial. The goal is to collect seven different kinds of petals.
pink-petal,sword-shield,A pressed flower petal you receive from Mina during Mina's trial. The goal is to collect seven different kinds of petals.
pink-petal,ultra-sun-ultra-moon,A pressed flower petal you receive from Mina during Mina's trial. The goal is to collect seven different kinds of petals.
pink-scarf,emerald,A hold item that raises Cute in Contests.
pink-scarf,ruby-sapphire,A hold item that raises Cute in Contests.
pink-tablecloth,scarlet-violet,"A simple pink tablecloth. It's smooth and pleasant to the touch, and dishes can be placed on it with hardly a sound."
pinsirite,legends-za,One of a variety of mysterious Mega Stones. A Pinsir holding this stone will be able to Mega Evolve during battle.
pinsirite,lets-go-pikachu-lets-go-eevee,One of a variety of mysterious Mega Stones. This stone will enable Pinsir to Mega Evolve during battle.
pinsirite,omega-ruby-alpha-sapphire,"One of a variety of mysterious Mega Stones. Have Pinsir hold it, and this stone will enable it to Mega Evolve during battle."
pinsirite,sun-moon,"One of a variety of mysterious Mega Stones. Have Pinsir hold it, and this stone will enable it to Mega Evolve during battle."
pinsirite,ultra-sun-ultra-moon,"One of a variety of mysterious Mega Stones. Have Pinsir hold it, and this stone will enable it to Mega Evolve during battle."
pinsirite,x-y,"One variety of the mysterious Mega Stones. Have Pinsir hold it, and this stone will enable it to Mega Evolve during battle."
pixie-plate,legends-arceus,"A stone tablet imbued with the essence of fairies. When used on a certain Pokémon, it allows that Pokémon to gain the power of the Fairy type."
pixie-plate,scarlet-violet,An item to be held by a Pokémon. This stone tablet is imbued with the essence of fairies and boosts the power of the holder’s Fairy-type moves.
pixie-plate,sun-moon,An item to be held by a Pokémon. It's a stone tablet that boosts the power of Fairy-type moves.
pixie-plate,x-y,An item to be held by a Pokémon. It is a stone tablet that boosts the power of Fairy-type moves.
plaid-chairs-b,scarlet-violet,A set of chairs that are ideal for picnicking. Their design was inspired by the blue Plaid Tablecloth.
plaid-chairs-r,scarlet-violet,A set of chairs that are ideal for picnicking. Their design was inspired by the red Plaid Tablecloth.
plaid-chairs-y,scarlet-violet,A set of chairs that are ideal for picnicking. Their design was inspired by the yellow Plaid Tablecloth.
plaid-tablecloth-b,scarlet-violet,A sturdy tablecloth made of thick fabric. The gentle blue plaid gives a table a crisp look.
plaid-tablecloth-r,scarlet-violet,A sturdy tablecloth made of thick fabric. The quietly composed red plaid gives the table some flair.
plaid-tablecloth-y,scarlet-violet,A sturdy tablecloth made of thick fabric. The cheery yellow plaid brightens up a table.
plasma-card,black-2-white-2,A card key needed to enter the password inside the Plasma Frigate.
plasma-card,brilliant-diamond-shining-pearl,A card key needed to enter the password inside the Plasma Frigate.
plasma-card,legends-arceus,A card key needed to enter the password inside the Plasma Frigate.
plasma-card,lets-go-pikachu-lets-go-eevee,A card key needed to enter the password inside the Plasma Frigate.
plasma-card,omega-ruby-alpha-sapphire,A card key needed to enter the password inside the Plasma Frigate.
plasma-card,scarlet-violet,A card key needed to enter the password inside the Plasma Frigate.
plasma-card,sun-moon,A card key needed to enter the password inside the Plasma Frigate.
plasma-card,sword-shield,A card key needed to enter the password inside the Plasma Frigate.
plasma-card,ultra-sun-ultra-moon,A card key needed to enter the password inside the Plasma Frigate.
plasma-card,x-y,A card key needed to enter the password inside the Plasma Frigate.
plume-fossil,black-white,A fossil of an ancient Pokémon that flew in the sky in ancient times. It appears to be part of its wing.
plume-fossil,scarlet-violet,A fossil from a prehistoric Pokémon said to be an ancestor to modern bird Pokémon. It looks as if it could have come from part of some creature's wing.
plume-fossil,x-y,A fossil from a prehistoric Pokémon that once lived in the sky. It looks as if it could come from part of its wing.
plump-beans,legends-arceus,"Large, juicy beans that grow in pods. These beans are beloved by fish Pokémon, as well as bird Pokémon and their flying ilk, so throw one and they will gather around."
poffin-case,black-2-white-2,A case for storing Poffin cooked from Berries.
poffin-case,black-white,A case for storing Poffin cooked from Berries.
poffin-case,brilliant-diamond-shining-pearl,A case for storing Poffins cooked from Berries.
poffin-case,diamond-pearl,A case for storing Poffin cooked from Berries.
poffin-case,heartgold-soulsilver,A case for storing Poffin cooked from Berries.
poffin-case,legends-arceus,A case for storing Poffins cooked from Berries.
poffin-case,omega-ruby-alpha-sapphire,A case for storing Poffins cooked from Berries.
poffin-case,platinum,A case for storing Poffin cooked from Berries.
poffin-case,scarlet-violet,A case for storing Poffins cooked from Berries.
poffin-case,sun-moon,A case for storing Poffins cooked from Berries.
poffin-case,ultra-sun-ultra-moon,A case for storing Poffins cooked from Berries.
poffin-case,x-y,A case for storing Poffins cooked from Berries.
point-card,black-2-white-2,A card that lists the Battle Points you have earned.
point-card,black-white,A card that lists the Battle Points you have earned.
point-card,brilliant-diamond-shining-pearl,A card that lists how many Battle Points you have earned.
point-card,diamond-pearl,A card that lists the Battle Points you have earned.
point-card,heartgold-soulsilver,A card that lists the Battle Points you have earned.
point-card,legends-arceus,A card that lists how many Battle Points you have earned.
point-card,omega-ruby-alpha-sapphire,A card that lists how many Battle Points you have earned.
point-card,platinum,A card that lists the Battle Points you have earned.
point-card,scarlet-violet,A card that lists how many Battle Points you have earned.
point-card,sun-moon,A card that lists how many Battle Points you have earned.
point-card,sword-shield,A card that lists how many Battle Points you have earned.
point-card,ultra-sun-ultra-moon,A card that lists how many Battle Points you have earned.
point-card,x-y,A card that lists how many Battle Points you have earned.
poison-barb,black-2-white-2,"It is a small, poisonous barb that ups the power of Poison-type moves."
poison-barb,black-white,"It is a small, poisonous barb that ups the power of Poison-type moves."
poison-barb,crystal,Powers up poison-type moves. (HOLD)
poison-barb,diamond-pearl,"It is a small, poisonous barb that ups the power of Poison-type moves."
poison-barb,emerald,A hold item that raises the power of Poison-type moves.
poison-barb,firered-leafgreen,"A small, poisonous barb that boosts the power of Poison-type moves."
poison-barb,gold-silver,Powers up poison-type moves. (HOLD)
poison-barb,legends-arceus,"This small, poisonous barb boosts the power of Poison-type moves."
poison-barb,omega-ruby-alpha-sapphire,"This small, poisonous barb boosts the power of Poison-type moves."
poison-barb,platinum,"It is a small, poisonous barb that ups the power of Poison-type moves."
poison-barb,ruby-sapphire,A hold item that raises the power of Poison-type moves.
poison-barb,scarlet-violet,This small poisonous barb boosts the power of the holder's Poison-type moves.
poison-barb,sun-moon,"This small, poisonous barb boosts the power of Poison-type moves."
poison-barb,sword-shield,"This small, poisonous barb boosts the power of Poison-type moves."
poison-barb,ultra-sun-ultra-moon,"This small, poisonous barb boosts the power of Poison-type moves."
poison-barb,x-y,"This small, poisonous barb boosts the power of Poison-type moves."
poison-gem,black-2-white-2,"A gem with an essence of poison. When held, it strengthens the power of a Poison-type move only once."
poison-gem,black-white,"A gem with an essence of poison. When held, it strengthens the power of a Poison-type move only once."
poison-gem,omega-ruby-alpha-sapphire,"A gem with an essence of poison. When held, it strengthens the power of a Poison-type move one time."
poison-gem,scarlet-violet,An item to be held by a Pokémon. This gem is imbued with the essence of poison and will boost the power of a Poison-type move—but only once.
poison-gem,sun-moon,"A gem with an essence of poison. When held, it strengthens the power of a Poison-type move one time."
poison-gem,ultra-sun-ultra-moon,"A gem with an essence of poison. When held, it strengthens the power of a Poison-type move one time."
poison-gem,x-y,"A gem with an essence of poison. When held, it strengthens the power of a Poison-type move one time."
poison-memory,brilliant-diamond-shining-pearl,A memory disc that contains Poison-type data. It changes the type of the holder if held by a certain species of Pokémon.
poison-memory,legends-arceus,A memory disc that contains Poison-type data. It changes the type of the holder if held by a certain species of Pokémon.
poison-memory,scarlet-violet,A memory disc that contains Poison-type data. It changes the type of the holder if held by a certain species of Pokémon.
poison-memory,sun-moon,A memory disc that contains Poison-type data. It changes the type of the holder if held by a certain species of Pokémon.
poison-memory,sword-shield,A memory disc that contains Poison-type data. It changes the type of the holder if held by a certain species of Pokémon.
poison-memory,ultra-sun-ultra-moon,A memory disc that contains Poison-type data. It changes the type of the holder if held by a certain species of Pokémon.
poison-tera-shard,scarlet-violet,"On rare occasions, these shards form when a Tera Pokémon falls in battle and its Tera Jewel shatters."
poisonium-z,sun-moon,It converts Z-Power into crystals that upgrade Poison-type moves to Poison-type Z-Moves.
poisonium-z,ultra-sun-ultra-moon,It converts Z-Power into crystals that upgrade Poison-type moves to Poison-type Z-Moves.
poke-ball,crystal,An item for catching Pokémon.
poke-ball,emerald,A tool for catching wild Pokémon.
poke-ball,gold-silver,An item for catching Pokémon.
poke-ball,ruby-sapphire,A tool for catching wild Pokémon.
poke-ball,x-y,"A device for catching wild Pokémon. It's thrown like a ball, comfortably encapsulating its target."
poke-ball-hisuian,legends-arceus,A mysterious ball that can be thrown at wild Pokémon in order to catch them. These balls can be crafted by hand if you gather the necessary materials.
poke-ball-hisuian,scarlet-violet,A mysterious ball that can be thrown at wild Pokémon in order to catch them. These balls can be crafted by hand if you gather the necessary materials.
poke-doll,scarlet-violet,A doll that attracts the attention of Pokémon. It guarantees escape from any battle with wild Pokémon.
poke-doll,x-y,A doll that attracts the attention of a Pokémon. It guarantees escape from any battle with wild Pokémon.
poke-flute,emerald,A sweet-sounding flute that awakens Pokémon.
poke-flute,firered-leafgreen,A flute that is said to instantly awaken any Pokémon. It has a lovely tone.
poke-flute,lets-go-pikachu-lets-go-eevee,A flute that can play with such a beautiful tone that even sleeping Pokémon find themselves woken up.
poke-flute,sun-moon,A flute that can play with such a beautiful tone that even sleeping Pokémon find themselves roused.
poke-flute,x-y,A flute which can play with such a beautiful tone that even sleeping Pokémon find themselves roused.
poke-radar,black-2-white-2,A tool that can search out Pokémon that are hiding in grass. Its battery is recharged as you walk.
poke-radar,black-white,A tool that can search out Pokémon that are hiding in grass. Its battery is recharged as you walk.
poke-radar,brilliant-diamond-shining-pearl,A tool that can search out Pokémon that are hiding in the tall grass. Its battery is recharged as you walk.
poke-radar,diamond-pearl,A tool that can search out Pokémon that are hiding in grass. Its battery is recharged as you walk.
poke-radar,heartgold-soulsilver,A tool that can search out Pokémon that are hiding in grass. Its battery is recharged as you walk.
poke-radar,legends-arceus,A tool that can search out Pokémon that are hiding in the tall grass. Its battery is recharged as you walk.
poke-radar,omega-ruby-alpha-sapphire,A tool that can search out Pokémon that are hiding in the tall grass. Its battery is recharged as you walk.
poke-radar,platinum,A tool that can search out Pokémon that are hiding in grass. Its battery is recharged as you walk.
poke-radar,scarlet-violet,A tool that can search out Pokémon that are hiding in the tall grass. Its battery is recharged as you walk.
poke-radar,sun-moon,A tool that can search out Pokémon that are hiding in the tall grass. Its battery is recharged as you walk.
poke-radar,ultra-sun-ultra-moon,A tool that can search out Pokémon that are hiding in the tall grass. Its battery is recharged as you walk.
poke-radar,x-y,A tool that can search out Pokémon that are hiding in the tall grass. Its battery is recharged as you walk.
poke-toy,black-2-white-2,An item that attracts Pokémon. Use it to flee from any battle with a wild Pokémon.
poke-toy,omega-ruby-alpha-sapphire,A toy that attracts the attention of a Pokémon. It guarantees escape from any battle with wild Pokémon.
poke-toy,scarlet-violet,A toy that attracts the attention of Pokémon. It guarantees escape from any battle with wild Pokémon.
poke-toy,sun-moon,A toy that attracts the attention of a Pokémon. It guarantees escape from any battle with wild Pokémon.
poke-toy,ultra-sun-ultra-moon,A toy that attracts the attention of a Pokémon. It guarantees escape from any battle with wild Pokémon.
poke-toy,x-y,A toy that attracts the attention of a Pokémon. It guarantees escape from any battle with a wild Pokémon.
pokeblock-case,emerald,A case for holding Pokéblocks made with a Berry Blender.
pokeblock-case,firered-leafgreen,A case for holding Pokéblocks made with a Berry Blender. It releases one Pokéblock when shaken.
pokeblock-case,ruby-sapphire,A case for holding Pokéblocks made with a Berry Blender.
pokeblock-kit,brilliant-diamond-shining-pearl,A set containing a Berry Blender for making Pokéblocks and a Pokéblock Case for storing Pokéblocks.
pokeblock-kit,legends-arceus,A set containing a Berry Blender for making Pokéblocks and a Pokéblock Case for storing Pokéblocks.
pokeblock-kit,lets-go-pikachu-lets-go-eevee,A set containing a Berry Blender for making Pokéblocks and a Pokéblock Case for storing Pokéblocks.
pokeblock-kit,omega-ruby-alpha-sapphire,A set containing a Berry Blender for making Pokéblocks and a Pokéblock Case for storing Pokéblocks.
pokeblock-kit,scarlet-violet,A set containing a Berry Blender for making Pokéblocks and a Pokéblock Case for storing Pokéblocks.
pokeblock-kit,sun-moon,A set containing a Berry Blender for making Pokéblocks and a Pokéblock Case for storing Pokéblocks.
pokeblock-kit,sword-shield,A set containing a Berry Blender for making Pokéblocks and a Pokéblock Case for storing Pokéblocks.
pokeblock-kit,ultra-sun-ultra-moon,A set containing a Berry Blender for making Pokéblocks and a Pokéblock Case for storing Pokéblocks.
pokemon-box-link,brilliant-diamond-shining-pearl,A device that allows you to access the Pokémon storage system. There are some places where it won't work.
pokemon-box-link,scarlet-violet,A device that allows you to access the Pokémon storage system. There are some places where it won't work.
pokemon-box-link,sword-shield,A device that allows you to access the Pokémon storage system. There are some places where it won't work.
pokeshi-doll,legends-arceus,A wooden toy carved in the image of a Pokémon. It can be sold to the general store.
pokeshi-doll,scarlet-violet,A wooden toy carved in the image of a Pokémon. It can be sold to the general store.
polished-mud-ball,brilliant-diamond-shining-pearl,A ball made of mud. It had been polished for such a long time that the surface is very shiny.
polished-mud-ball,legends-arceus,A ball made of mud. It had been polished for such a long time that the surface is very shiny.
polished-mud-ball,lets-go-pikachu-lets-go-eevee,A ball made of mud. It had been polished for such a long time that the surface is very shiny.
polished-mud-ball,scarlet-violet,A ball made of mud. It had been polished for such a long time that the surface is very shiny.
polished-mud-ball,sword-shield,A ball made of mud. It had been polished for such a long time that the surface is very shiny.
polka-dot-bottle,scarlet-violet,"A polka-dot-patterned bottle that's small, light, and even comes with a cup. The detachable strap makes it handy for walking around with."
polka-dot-chairs,scarlet-violet,A set of chairs that are ideal for picnicking. Their design was inspired by the Polka-Dot Tablecloth.
polka-dot-cup,scarlet-violet,"A cup for kids to use at picnics. It's made of light but strong material. It's stackable, which makes it handy for carrying around."
polka-dot-tablecloth,scarlet-violet,"A tablecloth with a fashionable polka-dot pattern. It's great at repelling water and mold, and stains and smudges wipe right off."
polkadot-bow,crystal,Powers up normal-type moves. (HOLD)
polkadot-bow,gold,Powers up normal-type moves. (HOLD)
polkadot-bow,silver,Powers up normal-type moves. (HOLD)
pomeg-berry,diamond-pearl,"Using it on a Pokémon makes it more friendly, but it also lowers its base HP."
pomeg-berry,emerald,Makes a Pokémon friendly but lowers base HP.
pomeg-berry,platinum,"Using it on a Pokémon makes it more friendly, but it also lowers its base HP."
pomeg-berry,ruby-sapphire,Pokéblock ingredient. Plant in loamy soil to grow Pomeg.
pomeg-berry,scarlet-violet,"If a Pokémon is fed this Berry, it will grow more friendly, but it will lose base points for its HP stat."
pomeg-berry,sword-shield,A Berry to be consumed by Pokémon. Using it makes it more friendly but lowers its HP base points.
pop-pod,legends-arceus,"A sea vegetable used for crafting Scatter Bangs. If you wrap it up so that the air has no way to escape, then deal it a sharp blow, it produces a loud popping noise."
pop-pod,scarlet-violet,"A sea vegetable used for crafting Scatter Bangs. If you wrap it up so that the air has no way to escape, then deal it a sharp blow, it produces a loud popping noise."
popping-candy,legends-za,"A popular candy among the children of Lumiose. It pops in your mouth as if it's exploding, so you can enjoy a shocking experience while eating it."
portraitmail,crystal,Mail featuring the holder's likeness.
portraitmail,gold-silver,Mail featuring the holder's likeness.
potato-salad,scarlet-violet,This very tart ingredient—a soft salad that's all about potatoes—pairs tremendously well with bread.
potato-tortilla,scarlet-violet,A very salty ingredient and a popular dish in Paldea. It's undeniably filling.
potion,legends-arceus,A topical medicine meant to be applied to Pokémon. It can be used to restore 60 HP to a single Pokémon.
potion,scarlet-violet,A spray-type medicine for treating wounds. It can be used to restore 20 HP to a Pokémon.
powder-jar,emerald,Stores Berry Powder made using a Berry Crusher.
powder-jar,firered-leafgreen,A jar for storing Berry Powder made using a Berry Crusher.
power-anklet,diamond-pearl,"A Pokémon hold item that promotes Speed gain on leveling, but reduces the Speed stat."
power-anklet,scarlet-violet,An item to be held by a Pokémon. Holding this anklet reduces a Pokémon's Speed in battle but allows its Speed stat to grow more quickly.
power-anklet,x-y,An item to be held by a Pokémon. It reduces Speed but allows the holder's Speed stat to grow more after battling.
power-band,brilliant-diamond-shining-pearl,An item to be held by a Pokémon. It reduces Speed but allows the holder's Sp. Def stat to grow more after battling.
power-band,diamond-pearl,"A Pokémon hold item that promotes Sp. Def gain on leveling, but reduces the Speed stat."
power-band,heartgold-soulsilver,"A Pokémon held item that promotes Sp. Def gain on leveling, but reduces the Speed stat."
power-band,legends-arceus,An item to be held by a Pokémon. It reduces Speed but allows the holder's Sp. Def stat to grow more after battling.
power-band,lets-go-pikachu-lets-go-eevee,An item to be held by a Pokémon. It reduces Speed but allows the holder's Sp. Def stat to grow more after battling.
power-band,omega-ruby-alpha-sapphire,An item to be held by a Pokémon. It reduces Speed but allows the holder's Sp. Def stat to grow more after battling.
power-band,platinum,"A Pokémon hold item that promotes Sp. Def gain on leveling, but reduces the Speed stat."
power-band,scarlet-violet,An item to be held by a Pokémon. Holding this band reduces a Pokémon's Speed in battle but allows its Sp. Def stat to grow more quickly.
power-band,sun-moon,An item to be held by a Pokémon. It reduces Speed but allows the holder's Sp. Def stat to grow more after battling.
power-band,sword-shield,An item to be held by a Pokémon. It reduces Speed but allows the holder's Sp. Def stat to grow more after battling.
power-band,ultra-sun-ultra-moon,An item to be held by a Pokémon. It reduces Speed but allows the holder's Sp. Def stat to grow more after battling.
power-band,x-y,An item to be held by a Pokémon. It reduces Speed but allows the holder's Sp. Def stat to grow more after battling.
power-belt,black-2-white-2,"A Pokémon held item that promotes Defense gain on leveling, but reduces the Speed stat."
power-belt,black-white,"A Pokémon held item that promotes Defense gain on leveling, but reduces the Speed stat."
power-belt,brilliant-diamond-shining-pearl,An item to be held by a Pokémon. It reduces Speed but allows the holder's Defense stat to grow more after battling.
power-belt,diamond-pearl,"A Pokémon hold item that promotes Defense gain on leveling, but reduces the Speed stat."
power-belt,heartgold-soulsilver,"A Pokémon held item that promotes Defense gain on leveling, but reduces the Speed stat."
power-belt,legends-arceus,An item to be held by a Pokémon. It reduces Speed but allows the holder's Defense stat to grow more after battling.
power-belt,lets-go-pikachu-lets-go-eevee,An item to be held by a Pokémon. It reduces Speed but allows the holder's Defense stat to grow more after battling.
power-belt,omega-ruby-alpha-sapphire,An item to be held by a Pokémon. It reduces Speed but allows the holder's Defense stat to grow more after battling.
power-belt,platinum,"A Pokémon hold item that promotes Defense gain on leveling, but reduces the Speed stat."
power-belt,scarlet-violet,An item to be held by a Pokémon. Holding this belt reduces a Pokémon's Speed in battle but allows its Defense stat to grow more quickly.
power-belt,sun-moon,An item to be held by a Pokémon. It reduces Speed but allows the holder's Defense stat to grow more after battling.
power-belt,sword-shield,An item to be held by a Pokémon. It reduces Speed but allows the holder's Defense stat to grow more after battling.
power-belt,ultra-sun-ultra-moon,An item to be held by a Pokémon. It reduces Speed but allows the holder's Defense stat to grow more after battling.
power-belt,x-y,An item to be held by a Pokémon. It reduces Speed but allows the holder's Defense stat to grow more after battling.
power-bracer,brilliant-diamond-shining-pearl,An item to be held by a Pokémon. It reduces Speed but allows the holder's Attack stat to grow more after battling.
power-bracer,diamond-pearl,"A Pokémon hold item that promotes Attack gain on leveling, but reduces the Speed stat."
power-bracer,heartgold-soulsilver,"A Pokémon held item that promotes Attack gain on leveling, but reduces the Speed stat."
power-bracer,legends-arceus,An item to be held by a Pokémon. It reduces Speed but allows the holder's Attack stat to grow more after battling.
power-bracer,omega-ruby-alpha-sapphire,An item to be held by a Pokémon. It reduces Speed but allows the holder's Attack stat to grow more after battling.
power-bracer,platinum,"A Pokémon hold item that promotes Attack gain on leveling, but reduces the Speed stat."
power-bracer,scarlet-violet,An item to be held by a Pokémon. Holding this bracer reduces a Pokémon's Speed in battle but allows its Attack stat to grow more quickly.
power-bracer,sun-moon,An item to be held by a Pokémon. It reduces Speed but allows the holder's Attack stat to grow more after battling.
power-bracer,sword-shield,An item to be held by a Pokémon. It reduces Speed but allows the holder's Attack stat to grow more after battling.
power-bracer,ultra-sun-ultra-moon,An item to be held by a Pokémon. It reduces Speed but allows the holder's Attack stat to grow more after battling.
power-bracer,x-y,An item to be held by a Pokémon. It reduces Speed but allows the holder's Attack stat to grow more after battling.
power-herb,black-2-white-2,A single-use item to be held by a Pokémon. It allows the immediate use of a move that charges on the first turn.
power-herb,black-white,A single-use item to be held by a Pokémon. It allows the immediate use of a move that charges on the first turn.
power-herb,brilliant-diamond-shining-pearl,A single-use item to be held by a Pokémon. It allows the holder to immediately use a move that normally requires a turn to charge.
power-herb,diamond-pearl,A single-use item to be held by a Pokémon. It allows the immediate use of a move that charges on the first turn.
power-herb,heartgold-soulsilver,A single-use item to be held by a Pokémon. It allows the immediate use of a move that charges on the first turn.
power-herb,legends-arceus,A single-use item to be held by a Pokémon. It allows the holder to immediately use a move that normally requires a turn to charge.
power-herb,omega-ruby-alpha-sapphire,A single-use item to be held by a Pokémon. It allows the holder to immediately use a move that normally requires a turn to charge.
power-herb,platinum,A single-use item to be held by a Pokémon. It allows the immediate use of a move that charges on the first turn.
power-herb,scarlet-violet,An item to be held by a Pokémon. It allows the holder to immediately use a move that normally requires a turn to charge—but only once.
power-herb,sun-moon,A single-use item to be held by a Pokémon. It allows the holder to immediately use a move that normally requires a turn to charge.
power-herb,sword-shield,A single-use item to be held by a Pokémon. It allows the holder to immediately use a move that normally requires a turn to charge.
power-herb,ultra-sun-ultra-moon,A single-use item to be held by a Pokémon. It allows the holder to immediately use a move that normally requires a turn to charge.
power-herb,x-y,A single-use item to be held by a Pokémon. It allows the holder to immediately use a move that normally requires a turn to charge.
power-lens,black-2-white-2,"A Pokémon held item that promotes Sp. Atk gain on leveling, but reduces the Speed stat."
power-lens,black-white,"A Pokémon held item that promotes Sp. Atk gain on leveling, but reduces the Speed stat."
power-lens,brilliant-diamond-shining-pearl,An item to be held by a Pokémon. It reduces Speed but allows the holder's Sp. Atk stat to grow more after battling.
power-lens,diamond-pearl,"A Pokémon hold item that promotes Sp. Atk gain on leveling, but reduces the Speed stat."
power-lens,heartgold-soulsilver,"A Pokémon held item that promotes Sp. Atk gain on leveling, but reduces the Speed stat."
power-lens,legends-arceus,An item to be held by a Pokémon. It reduces Speed but allows the holder's Sp. Atk stat to grow more after battling.
power-lens,lets-go-pikachu-lets-go-eevee,An item to be held by a Pokémon. It reduces Speed but allows the holder's Sp. Atk stat to grow more after battling.
power-lens,omega-ruby-alpha-sapphire,An item to be held by a Pokémon. It reduces Speed but allows the holder's Sp. Atk stat to grow more after battling.
power-lens,platinum,"A Pokémon hold item that promotes Sp. Atk gain on leveling, but reduces the Speed stat."
power-lens,scarlet-violet,An item to be held by a Pokémon. Holding this lens reduces a Pokémon's Speed in battle but allows its Sp. Atk stat to grow more quickly.
power-lens,sun-moon,An item to be held by a Pokémon. It reduces Speed but allows the holder's Sp. Atk stat to grow more after battling.
power-lens,sword-shield,An item to be held by a Pokémon. It reduces Speed but allows the holder's Sp. Atk stat to grow more after battling.
power-lens,ultra-sun-ultra-moon,An item to be held by a Pokémon. It reduces Speed but allows the holder's Sp. Atk stat to grow more after battling.
power-lens,x-y,An item to be held by a Pokémon. It reduces Speed but allows the holder's Sp. Atk stat to grow more after battling.
power-plant-pass,brilliant-diamond-shining-pearl,This pass serves as an ID card for gaining access to the Power Plant that lies along Route 13.
power-plant-pass,legends-arceus,This pass serves as an ID card for gaining access to the Power Plant that lies along Route 13.
power-plant-pass,lets-go-pikachu-lets-go-eevee,This pass serves as an ID card for gaining access to the Power Plant that lies along Route 13.
power-plant-pass,omega-ruby-alpha-sapphire,This pass serves as an ID card for gaining access to the power plant that lies along Route 13.
power-plant-pass,scarlet-violet,This pass serves as an ID card for gaining access to the Power Plant that lies along Route 13.
power-plant-pass,sun-moon,This pass serves as an ID card for gaining access to the power plant that lies along Route 13.
power-plant-pass,sword-shield,This pass serves as an ID card for gaining access to the Power Plant that lies along Route 13.
power-plant-pass,ultra-sun-ultra-moon,This pass serves as an ID card for gaining access to the power plant that lies along Route 13.
power-plant-pass,x-y,This pass serves as an ID card for gaining access to the power plant that lies along Route 13.
power-weight,black-2-white-2,"A Pokémon held item that promotes HP gain on leveling, but reduces the Speed stat."
power-weight,black-white,"A Pokémon held item that promotes HP gain on leveling, but reduces the Speed stat."
power-weight,brilliant-diamond-shining-pearl,An item to be held by a Pokémon. It reduces Speed but allows the holder's max HP to grow more after battling.
power-weight,diamond-pearl,"A Pokémon hold item that promotes HP gain on leveling, but reduces the Speed stat."
power-weight,heartgold-soulsilver,"A Pokémon held item that promotes HP gain on leveling, but reduces the Speed stat."
power-weight,legends-arceus,An item to be held by a Pokémon. It reduces Speed but allows the holder's max HP to grow more after battling.
power-weight,lets-go-pikachu-lets-go-eevee,An item to be held by a Pokémon. It reduces Speed but allows the holder's maximum HP to grow more after battling.
power-weight,omega-ruby-alpha-sapphire,An item to be held by a Pokémon. It reduces Speed but allows the holder's maximum HP to grow more after battling.
power-weight,platinum,"A Pokémon hold item that promotes HP gain on leveling, but reduces the Speed stat."
power-weight,scarlet-violet,An item to be held by a Pokémon. Holding this weight reduces a Pokémon's Speed in battle but allows its HP stat to grow more quickly.
power-weight,sun-moon,An item to be held by a Pokémon. It reduces Speed but allows the holder's maximum HP to grow more after battling.
power-weight,sword-shield,An item to be held by a Pokémon. It reduces Speed but allows the holder's max HP to grow more after battling.
power-weight,ultra-sun-ultra-moon,An item to be held by a Pokémon. It reduces Speed but allows the holder's maximum HP to grow more after battling.
power-weight,x-y,An item to be held by a Pokémon. It reduces Speed but allows the holder's maximum HP to grow more after battling.
pp-max,black-2-white-2,It maximally raises the top PP of a selected move that has been learned by the target Pokémon.
pp-max,black-white,It maximally raises the top PP of a selected move that has been learned by the target Pokémon.
pp-max,brilliant-diamond-shining-pearl,A medicine that optimally raises the max PP of a single selected move that has been learned by a Pokémon.
pp-max,diamond-pearl,It maximally raises the top PP of a selected move that has been learned by the target Pokémon.
pp-max,emerald,Raises the PP of a move to its maximum points.
pp-max,firered-leafgreen,Raises the PP of a selected move to its maximum level for one Pokémon.
pp-max,heartgold-soulsilver,It maximally raises the top PP of a selected move that has been learned by the target Pokémon.
pp-max,legends-arceus,A medicine that optimally raises the max PP of a single selected move that has been learned by a Pokémon.
pp-max,omega-ruby-alpha-sapphire,A medicine that can optimally raise the maximum PP of a single move that has been learned by the target Pokémon.
pp-max,platinum,It maximally raises the top PP of a selected move that has been learned by the target Pokémon.
pp-max,ruby-sapphire,Raises the PP of a move to its maximum points.
pp-max,scarlet-violet,A medicine that can be used to raise the max PP of a single move that a Pokémon knows as high as it can possibly go.
pp-max,sun-moon,A medicine that can optimally raise the maximum PP of a single move that has been learned by the target Pokémon.
pp-max,sword-shield,A medicine that optimally raises the max PP of a single selected move that has been learned by a Pokémon.
pp-max,ultra-sun-ultra-moon,A medicine that can optimally raise the maximum PP of a single move that has been learned by the target Pokémon.
pp-max,x-y,A medicine that can optimally raise the maximum PP of a single move that has been learned by the target Pokémon.
pp-up,brilliant-diamond-shining-pearl,A medicine that slightly raises the max PP of a single selected move that has been learned by a Pokémon.
pp-up,crystal,Raises max PP of a selected move.
pp-up,diamond-pearl,It slightly raises the maximum PP of a selected move that has been learned by the target Pokémon.
pp-up,emerald,Raises the maximum PP of a selected move.
pp-up,firered-leafgreen,Slightly raises the maximum PP of a selected move for one Pokémon.
pp-up,gold-silver,Raises max PP of a selected move.
pp-up,heartgold-soulsilver,It slightly raises the maximum PP of a selected move that has been learned by the target Pokémon.
pp-up,legends-arceus,A medicine that slightly raises the max PP of a single selected move that has been learned by a Pokémon.
pp-up,omega-ruby-alpha-sapphire,A medicine that can slightly raise the maximum PP of a single move that has been learned by the target Pokémon.
pp-up,platinum,It slightly raises the maximum PP of a selected move that has been learned by the target Pokémon.
pp-up,ruby-sapphire,Raises the maximum PP of a selected move.
pp-up,scarlet-violet,A medicine that can be used to slightly raise the max PP of a single move that a Pokémon knows.
pp-up,stadium,Increases the PP of the selected Pokémon's move by 20 percent.
pp-up,sun-moon,A medicine that can slightly raise the maximum PP of a single move that has been learned by the target Pokémon.
pp-up,sword-shield,A medicine that slightly raises the max PP of a single selected move that has been learned by a Pokémon.
pp-up,ultra-sun-ultra-moon,A medicine that can slightly raise the maximum PP of a single move that has been learned by the target Pokémon.
pp-up,x-y,A medicine that can slightly raise the maximum PP of a single move that has been learned by the target Pokémon.
precooked-burger,brilliant-diamond-shining-pearl,"One of the many ingredients that can be used for cooking at your camp. If you're unsure about what to cook, you can't go wrong with some burger."
precooked-burger,legends-arceus,"One of the many ingredients that can be used for cooking at your camp. If you're unsure about what to cook, you can't go wrong with some burger."
precooked-burger,scarlet-violet,"One of the many ingredients that can be used for cooking at your camp. If you're unsure about what to cook, you can't go wrong with some burger."
precooked-burger,sword-shield,"One of the many ingredients that can be used for cooking at your camp. If you're unsure about what to cook, you can't go wrong with some burger."
premier-ball,diamond-pearl,A somewhat rare Poké Ball that has been specially made to commemorate an event of some sort.
premier-ball,emerald,A rare Ball made in commemoration of some event.
premier-ball,platinum,A somewhat rare Poké Ball that has been specially made to commemorate an event of some sort.
premier-ball,ruby-sapphire,A rare Ball made in commemoration of some event.
premier-ball,scarlet-violet,A somewhat rare Poké Ball made to commemorate a special occasion of some sort.
pretty-feather,black-white,"Though this feather is beautiful, it's just a regular feather and has no effect on Pokémon."
pretty-feather,scarlet-violet,"Though this feather is beautiful, it's just a regular feather and has no effect."
pretty-feather,sun-moon,"Though this feather is beautiful, it's just a regular feather and has no effect."
pretty-feather,sword-shield,"Though this feather is beautiful, it's just a regular feather and has no effect."
pretty-feather,x-y,"Though this feather is beautiful, it's just a regular feather and has no effect on Pokémon."
primarium-z,scarlet-violet,It converts Z-Power into crystals that upgrade Primarina's Sparkling Aria to a Z-Move.
primarium-z,sun-moon,It converts Z-Power into crystals that upgrade Primarina's Sparkling Aria to an exclusive Z-Move.
primarium-z,ultra-sun-ultra-moon,It converts Z-Power into crystals that upgrade Primarina's Sparkling Aria to an exclusive Z-Move.
prism-scale,black-2-white-2,A mysterious scale that evolves certain Pokémon. It shines in rainbow colors.
prism-scale,black-white,A mysterious scale that evolves certain Pokémon. It shines in rainbow colors.
prism-scale,brilliant-diamond-shining-pearl,A mysterious scale that causes a certain Pokémon to evolve. It shines in rainbow colors.
prism-scale,legends-arceus,A mysterious scale that causes a certain Pokémon to evolve. It shines in rainbow colors.
prism-scale,omega-ruby-alpha-sapphire,A mysterious scale that causes a certain Pokémon to evolve. It shines in rainbow colors.
prism-scale,scarlet-violet,A mysterious scale that causes a certain Pokémon to evolve. It shines in rainbow colors.
prism-scale,sun-moon,A mysterious scale that causes a certain Pokémon to evolve. It shines in rainbow colors.
prism-scale,sword-shield,A mysterious scale that causes a certain Pokémon to evolve. It shines in rainbow colors.
prism-scale,ultra-sun-ultra-moon,A mysterious scale that causes a certain Pokémon to evolve. It shines in rainbow colors.
prism-scale,x-y,A mysterious scale that causes a certain Pokémon to evolve. It shines in rainbow colors.
prison-bottle,brilliant-diamond-shining-pearl,"A bottle believed to have been used to seal away the power of a certain Pokémon long, long ago."
prison-bottle,legends-arceus,"A bottle believed to have been used to seal away the power of a certain Pokémon long, long ago."
prison-bottle,legends-za,"A bottle believed to have been used to seal away the power of a certain Pokémon long, long ago."
prison-bottle,lets-go-pikachu-lets-go-eevee,"A bottle believed to have been used to seal away the power of a certain Pokémon long, long ago."
prison-bottle,omega-ruby-alpha-sapphire,"A bottle believed to have been used to seal away the power of a certain Pokémon long, long ago."
prison-bottle,scarlet-violet,"A bottle believed to have been used to seal away the power of a certain Pokémon long, long ago."
prison-bottle,sun-moon,"A bottle believed to have been used to seal away the power of a certain Pokémon long, long ago."
prison-bottle,sword-shield,"A bottle believed to have been used to seal away the power of a certain Pokémon long, long ago."
prison-bottle,ultra-sun-ultra-moon,"A bottle believed to have been used to seal away the power of a certain Pokémon long, long ago."
professors-mask,brilliant-diamond-shining-pearl,The mask that belongs to The Masked Royal. This pro wrestler apparently sews his mask on a machine himself.
professors-mask,legends-arceus,The mask that belongs to The Masked Royal. This pro wrestler apparently sews his mask on a machine himself.
professors-mask,scarlet-violet,The mask that belongs to The Masked Royal. This pro wrestler apparently sews his mask on a machine himself.
professors-mask,sun-moon,The mask that belongs to The Masked Royal. This pro wrestler apparently sews his mask on a machine himself.
professors-mask,sword-shield,The mask that belongs to The Masked Royal. This pro wrestler apparently sews his mask on a machine himself.
professors-mask,ultra-sun-ultra-moon,The mask that belongs to The Masked Royal. This pro wrestler apparently sews his mask on a machine himself.
profs-letter,brilliant-diamond-shining-pearl,A letter that Professor Sycamore wrote to your mother. A faint but pleasant perfume seems to cling to the paper.
profs-letter,legends-arceus,A letter that Professor Sycamore wrote to your mother. A faint but pleasant perfume seems to cling to the paper.
profs-letter,lets-go-pikachu-lets-go-eevee,A letter that Professor Sycamore wrote to your mother. A faint but pleasant perfume seems to cling to the paper.
profs-letter,omega-ruby-alpha-sapphire,A letter that Professor Sycamore wrote to your mother. A faint but pleasant perfume seems to cling to the paper.
profs-letter,scarlet-violet,A letter that Professor Sycamore wrote to your mother. A faint but pleasant perfume seems to cling to the paper.
profs-letter,sun-moon,A letter that Professor Sycamore wrote to your mother. A faint but pleasant perfume seems to cling to the paper.
profs-letter,sword-shield,A letter that Professor Sycamore wrote to your mother. A faint but pleasant perfume seems to cling to the paper.
profs-letter,ultra-sun-ultra-moon,A letter that Professor Sycamore wrote to your mother. A faint but pleasant perfume seems to cling to the paper.
profs-letter,x-y,A letter that Professor Sycamore wrote to your mother. A faint but pleasant perfume seems to cling to the paper.
prop-case,black-2-white-2,A lovely case to store colorful Props for your Pokémon to wear in a musical.
prop-case,black-white,A lovely case to store colorful Props for your Pokémon to wear in a musical.
prop-case,brilliant-diamond-shining-pearl,A lovely case to store colorful Props for your Pokémon to wear in a musical.
prop-case,legends-arceus,A lovely case to store colorful Props for your Pokémon to wear in a musical.
prop-case,lets-go-pikachu-lets-go-eevee,A lovely case to store colorful Props for your Pokémon to wear in a musical.
prop-case,omega-ruby-alpha-sapphire,A lovely case to store colorful Props for your Pokémon to wear in a musical.
prop-case,scarlet-violet,"A wondrous, pretty case to store lots of colorful Props for your Pokémon to wear in a musical."
prop-case,sun-moon,A lovely case to store colorful Props for your Pokémon to wear in a musical.
prop-case,sword-shield,A lovely case to store colorful Props for your Pokémon to wear in a musical.
prop-case,ultra-sun-ultra-moon,A lovely case to store colorful Props for your Pokémon to wear in a musical.
prop-case,x-y,A lovely case to store colorful Props for your Pokémon to wear in a musical.
prosciutto,scarlet-violet,"This ingredient is very salty like regular ham, but the difference is prosciutto is not cooked after it is cured, giving it a fun freshness."
protective-pads,brilliant-diamond-shining-pearl,An item to be held by a Pokémon. These pads protect the holder from effects caused by making direct contact with the target.
protective-pads,legends-arceus,An item to be held by a Pokémon. These pads protect the holder from effects caused by making direct contact with the target.
protective-pads,scarlet-violet,An item to be held by a Pokémon. These pads protect the holder from effects triggered by making direct contact with another Pokémon.
protective-pads,sun-moon,An item to be held by a Pokémon. These pads protect the holder from effects caused by making direct contact with the target.
protective-pads,sword-shield,An item to be held by a Pokémon. These pads protect the holder from effects caused by making direct contact with the target.
protective-pads,ultra-sun-ultra-moon,An item to be held by a Pokémon. These pads protect the holder from effects caused by making direct contact with the target.
protector,diamond-pearl,A protective item of some sort. It is extremely stiff and heavy. It is loved by a certain Pokémon.
protector,platinum,A protective item of some sort. It is extremely stiff and heavy. It is loved by a certain Pokémon.
protector,x-y,A protective item of some sort. It is extremely stiff and heavy. It's loved by a certain Pokémon.
protein,crystal,Raises Attack of one Pokémon.
protein,diamond-pearl,A nutritious drink for Pokémon. It raises the base Attack stat of a single Pokémon.
protein,gold-silver,Raises Attack of one Pokémon.
protein,platinum,A nutritious drink for Pokémon. It raises the base Attack stat of a single Pokémon.
protein,scarlet-violet,A nutritious drink for Pokémon. This drink increases base points for a Pokémon's Attack stat.
przcureberry,crystal,A self-cure for paralysis. (HOLD)
przcureberry,gold-silver,A self-cure for paralysis. (HOLD)
psn-cure-berry,crystal,A self-cure for poison. (HOLD)
psn-cure-berry,gold-silver,A self-cure for poison. (HOLD)
psychic-gem,black-2-white-2,"A gem with an essence of the mind. When held, it strengthens the power of a Psychic-type move only once."
psychic-gem,black-white,"A gem with an essence of the mind. When held, it strengthens the power of a Psychic-type move only once."
psychic-gem,scarlet-violet,An item to be held by a Pokémon. This gem is imbued with the essence of psychic energy and will boost the power of a Psychic-type move—but only once.
psychic-gem,x-y,"A gem with an essence of the mind. When held, it strengthens the power of a Psychic-type move one time."
psychic-memory,sun-moon,A memory disc that contains Psychic-type data. It changes the type of the holder if held by a certain species of Pokémon.
psychic-memory,sword-shield,A memory disc that contains Psychic-type data. It changes the type of the holder if held by a certain species of Pokémon.
psychic-memory,ultra-sun-ultra-moon,A memory disc that contains Psychic-type data. It changes the type of the holder if held by a certain species of Pokémon.
psychic-seed,brilliant-diamond-shining-pearl,An item to be held by a Pokémon. It boosts Sp. Defense on Psychic Terrain. It can only be used once.
psychic-seed,legends-arceus,An item to be held by a Pokémon. It boosts Sp. Defense on Psychic Terrain. It can only be used once.
psychic-seed,scarlet-violet,"An item to be held by a Pokémon. If the terrain becomes Psychic Terrain, the holder will use this seed to boost its own Sp. Def stat."
psychic-seed,sun-moon,An item to be held by a Pokémon. It boosts Sp. Defense on Psychic Terrain. It can only be used once.
psychic-seed,sword-shield,An item to be held by a Pokémon. It boosts Sp. Defense on Psychic Terrain. It can only be used once.
psychic-tera-shard,scarlet-violet,"On rare occasions, these shards form when a Tera Pokémon falls in battle and its Tera Jewel shatters."
psychium-z,sun-moon,It converts Z-Power into crystals that upgrade Psychic-type moves to Psychic-type Z-Moves.
psychium-z,ultra-sun-ultra-moon,It converts Z-Power into crystals that upgrade Psychic-type moves to Psychic-type Z-Moves.
pumkin-berry,ruby-sapphire,This Berry is amazingly sour. It's heavy due to its dense filling.
punching-glove,scarlet-violet,An item to be held by a Pokémon. This protective glove boosts the power of the holder's punching moves and prevents direct contact with targets.
pungent-root,brilliant-diamond-shining-pearl,"One of the many ingredients that can be used for cooking at your camp. Though carelessly picked, these herbs can add a fragrant accent to a dish."
pungent-root,legends-arceus,"One of the many ingredients that can be used for cooking at your camp. Though carelessly picked, these herbs can add a fragrant accent to a dish."
pungent-root,scarlet-violet,"One of the many ingredients that can be used for cooking at your camp. Though carelessly picked, these herbs can add a fragrant accent to a dish."
pungent-root,sword-shield,"One of the many ingredients that can be used for cooking at your camp. Though carelessly picked, these herbs can add a fragrant accent to a dish."
pure-incense,black-2-white-2,An item to be held by a Pokémon. It helps keep wild Pokémon away if the holder is the first one in the party.
pure-incense,black-white,An item to be held by a Pokémon. It helps keep wild Pokémon away if the holder is the first one in the party.
pure-incense,brilliant-diamond-shining-pearl,An item to be held by a Pokémon. It helps keep wild Pokémon away if the holder is the head of the party.
pure-incense,diamond-pearl,An item to be held by a Pokémon. It helps keep wild Pokémon away if the holder is the first one in the party.
pure-incense,heartgold-soulsilver,An item to be held by a Pokémon. It helps keep wild Pokémon away if the holder is the first one in the party.
pure-incense,legends-arceus,An item to be held by a Pokémon. It helps keep wild Pokémon away if the holder is the head of the party.
pure-incense,lets-go-pikachu-lets-go-eevee,An item to be held by a Pokémon. It helps keep wild Pokémon away if the holder is the head of the party.
pure-incense,omega-ruby-alpha-sapphire,An item to be held by a Pokémon. It helps keep wild Pokémon away if the holder is the head of the party.
pure-incense,platinum,An item to be held by a Pokémon. It helps keep wild Pokémon away if the holder is the first one in the party.
pure-incense,scarlet-violet,An item to be held by a Pokémon. It helps keep wild Pokémon away when the holder is the head of the party.
pure-incense,sun-moon,An item to be held by a Pokémon. It helps keep wild Pokémon away if the holder is the head of the party.
pure-incense,sword-shield,An item to be held by a Pokémon. It helps keep wild Pokémon away if the holder is the head of the party.
pure-incense,ultra-sun-ultra-moon,An item to be held by a Pokémon. It helps keep wild Pokémon away if the holder is the head of the party.
pure-incense,x-y,An item to be held by a Pokémon. It helps keep wild Pokémon away if the holder is the head of the party.
purple-nectar,brilliant-diamond-shining-pearl,A flower nectar obtained at Poni Meadow. It changes the form of certain species of Pokémon.
purple-nectar,legends-arceus,A flower nectar obtained at Poni Meadow. It changes the form of certain species of Pokémon.
purple-nectar,scarlet-violet,Flower nectar obtained from a purple flower. It changes the form of a certain species of Pokémon.
purple-nectar,sun-moon,A flower nectar obtained at Poni Meadow. It changes the form of certain species of Pokémon.
purple-nectar,sword-shield,A flower nectar obtained at Poni Meadow. It changes the form of certain species of Pokémon.
purple-nectar,ultra-sun-ultra-moon,A flower nectar obtained at Poni Meadow. It changes the form of certain species of Pokémon.
purple-petal,brilliant-diamond-shining-pearl,A pressed flower petal you receive from Nanu during Mina's trial. The goal is to collect seven different kinds of petals.
purple-petal,legends-arceus,A pressed flower petal you receive from Nanu during Mina's trial. The goal is to collect seven different kinds of petals.
purple-petal,lets-go-pikachu-lets-go-eevee,A pressed flower petal you receive from Nanu during Mina's trial. The goal is to collect seven different kinds of petals.
purple-petal,scarlet-violet,A pressed flower petal you receive from Nanu during Mina's trial. The goal is to collect seven different kinds of petals.
purple-petal,sword-shield,A pressed flower petal you receive from Nanu during Mina's trial. The goal is to collect seven different kinds of petals.
purple-petal,ultra-sun-ultra-moon,A pressed flower petal you receive from Nanu during Mina's trial. The goal is to collect seven different kinds of petals.
pyroarite,legends-za,One of a variety of mysterious Mega Stones. A Pyroar holding this stone will be able to Mega Evolve during battle.
qualot-berry,diamond-pearl,"A Poffin ingredient. Using it on a Pokémon makes it more friendly, but it also lowers its base Defense stat."
qualot-berry,emerald,Makes a Pokémon friendly but lowers base Defense.
qualot-berry,platinum,"A Poffin ingredient. Using it on a Pokémon makes it more friendly, but it also lowers its base Defense stat."
qualot-berry,ruby-sapphire,Pokéblock ingredient. Plant in loamy soil to grow Qualot.
qualot-berry,scarlet-violet,"If a Pokémon is fed this Berry, it will grow more friendly, but it will lose base points for its Defense stat."
quick-ball,brilliant-diamond-shining-pearl,A somewhat different Poké Ball that has a more successful catch rate if used at the start of a wild encounter.
quick-ball,diamond-pearl,A somewhat different Poké Ball that provides a better catch rate if it is used at the start of a wild encounter.
quick-ball,heartgold-soulsilver,A somewhat different Poké Ball that provides a better catch rate if it is used at the start of a wild encounter.
quick-ball,legends-arceus,A somewhat different Poké Ball that has a more successful catch rate if used at the start of a wild encounter.
quick-ball,omega-ruby-alpha-sapphire,A somewhat different Poké Ball that has a more successful catch rate if used at the start of a wild encounter.
quick-ball,platinum,A somewhat different Poké Ball that provides a better catch rate if it is used at the start of a wild encounter.
quick-ball,scarlet-violet,A somewhat different Poké Ball that is more effective at catching Pokémon when used first thing in a battle.
quick-ball,sun-moon,A somewhat different Poké Ball that has a more successful catch rate if used at the start of a wild encounter.
quick-ball,sword-shield,A somewhat different Poké Ball that has a more successful catch rate if used at the start of a wild encounter.
quick-ball,ultra-sun-ultra-moon,A somewhat different Poké Ball that has a more successful catch rate if used at the start of a wild encounter.
quick-ball,x-y,A somewhat different Poké Ball that has a more successful catch rate if used at the start of a wild encounter.
quick-candy,brilliant-diamond-shining-pearl,"A candy that is packed with energy. When given to a Pokémon, it will increase that Pokémon's Speed."
quick-candy,legends-arceus,"A candy that is packed with energy. When given to a Pokémon, it will increase that Pokémon's Speed."
quick-candy,lets-go-pikachu-lets-go-eevee,"A candy that is packed with energy. When given to a Pokémon, it will increase that Pokémon's Speed."
quick-candy,scarlet-violet,"A candy that is packed with energy. When given to a Pokémon, it will increase that Pokémon's Speed."
quick-candy,sword-shield,"A candy that is packed with energy. When given to a Pokémon, it will increase that Pokémon's Speed."
quick-candy-l,brilliant-diamond-shining-pearl,"A big candy that is packed with energy. When given to a Pokémon Lv. 30 or higher, it will increase that Pokémon's Speed."
quick-candy-l,legends-arceus,"A big candy that is packed with energy. When given to a Pokémon Lv. 30 or higher, it will increase that Pokémon's Speed."
quick-candy-l,lets-go-pikachu-lets-go-eevee,"A big candy that is packed with energy. When given to a Pokémon Lv. 30 or higher, it will increase that Pokémon's Speed."
quick-candy-l,scarlet-violet,"A big candy that is packed with energy. When given to a Pokémon Lv. 30 or higher, it will increase that Pokémon's Speed."
quick-candy-l,sword-shield,"A big candy that is packed with energy. When given to a Pokémon Lv. 30 or higher, it will increase that Pokémon's Speed."
quick-candy-xl,brilliant-diamond-shining-pearl,"A huge candy that is packed with energy. When given to a Pokémon Lv. 60 or higher, it will increase that Pokémon's Speed."
quick-candy-xl,legends-arceus,"A huge candy that is packed with energy. When given to a Pokémon Lv. 60 or higher, it will increase that Pokémon's Speed."
quick-candy-xl,lets-go-pikachu-lets-go-eevee,"A huge candy that is packed with energy. When given to a Pokémon Lv. 60 or higher, it will increase that Pokémon's Speed."
quick-candy-xl,scarlet-violet,"A huge candy that is packed with energy. When given to a Pokémon Lv. 60 or higher, it will increase that Pokémon's Speed."
quick-candy-xl,sword-shield,"A huge candy that is packed with energy. When given to a Pokémon Lv. 60 or higher, it will increase that Pokémon's Speed."
quick-claw,black-2-white-2,"A light, sharp claw that lets the bearer move first occasionally."
quick-claw,black-white,"A light, sharp claw that lets the bearer move first occasionally."
quick-claw,brilliant-diamond-shining-pearl,"This light, sharp claw lets the bearer move first occasionally."
quick-claw,crystal,Raises 1st strike ratio. (HOLD)
quick-claw,diamond-pearl,"A light, sharp claw that lets the bearer move first occasionally."
quick-claw,emerald,A hold item that occasionally allows the first strike.
quick-claw,firered-leafgreen,A light and sharp claw. The holder may be able to strike first.
quick-claw,gold-silver,Raises 1st strike ratio. (HOLD)
quick-claw,heartgold-soulsilver,"A light, sharp claw that lets the bearer move first occasionally."
quick-claw,legends-arceus,"This light, sharp claw lets the bearer move first occasionally."
quick-claw,legends-za,"This light, sharp claw lets the holder occasionally unleash a move faster than it usually would."
quick-claw,lets-go-pikachu-lets-go-eevee,"This light, sharp claw lets the bearer move first occasionally."
quick-claw,omega-ruby-alpha-sapphire,"This light, sharp claw lets the bearer move first occasionally."
quick-claw,platinum,"A light, sharp claw that lets the bearer move first occasionally."
quick-claw,ruby-sapphire,A hold item that occasionally allows the first strike.
quick-claw,scarlet-violet,"This light, sharp claw lets the holder move first occasionally."
quick-claw,sun-moon,"This light, sharp claw lets the bearer move first occasionally."
quick-claw,sword-shield,"This light, sharp claw lets the bearer move first occasionally."
quick-claw,ultra-sun-ultra-moon,"This light, sharp claw lets the bearer move first occasionally."
quick-claw,x-y,"This light, sharp claw lets the bearer move first occasionally."
quick-powder,black-white,"An item to be held by Ditto. Extremely fine yet hard, this odd powder boosts the Speed stat."
quick-powder,diamond-pearl,"An item to be held by Ditto. Extremely fine yet hard, this odd powder boosts the Speed stat."
quick-powder,scarlet-violet,"An item to be held by Ditto. Extremely fine yet hard, this odd powder boosts Ditto's Speed stat."
quick-powder,sword-shield,"An item to be held by Ditto. Extremely fine yet hard, this odd powder boosts the Speed stat."
quiet-mint,brilliant-diamond-shining-pearl,"When a Pokémon smells this mint, its Sp. Atk will grow more easily, but its Speed will grow more slowly."
quiet-mint,legends-arceus,"When a Pokémon smells this mint, its Sp. Atk will grow more easily, but its Speed will grow more slowly."
quiet-mint,scarlet-violet,"Having a Pokémon smell this mint can make its Sp. Atk stat grow stronger. However, its Speed stat may suffer."
quiet-mint,sword-shield,"When a Pokémon smells this mint, its Sp. Atk will grow more easily, but its Speed will grow more slowly."
rabuta-berry,black-2-white-2,A Berry which is very rare in the Unova region. A maniac will buy it for a high price.
rabuta-berry,black-white,A Berry which is very rare in the Unova region. A maniac will buy it for a high price.
rabuta-berry,brilliant-diamond-shining-pearl,A Poffin ingredient. Bury it in soft soil to grow a Rabuta Berry Plant.
rabuta-berry,diamond-pearl,A Poffin ingredient. Bury it in soft soil to grow a Rabuta Plant.
rabuta-berry,emerald,Pokéblock ingredient. Plant in loamy soil to grow Rabuta.
rabuta-berry,firered-leafgreen,Can be ground up into a powder as an ingredient for medicine.
rabuta-berry,heartgold-soulsilver,"In the Sinnoh region, they like to make sweets known as Poffins with this Berry and feed them to their Pokémon."
rabuta-berry,omega-ruby-alpha-sapphire,Used to make Pokéblocks that will enhance your Cleverness. This Berry is rare in other regions.
rabuta-berry,platinum,A Poffin ingredient. Bury it in soft soil to grow a Rabuta Plant.
rabuta-berry,ruby-sapphire,Pokéblock ingredient. Plant in loamy soil to grow Rabuta.
rabuta-berry,scarlet-violet,Used to make Pokéblocks that will enhance Cleverness. This Berry is rare in other regions.
rabuta-berry,x-y,A Berry to be used in cooking. This Berry is very rare and hard to obtain in the Unova region.
radiant-petal,brilliant-diamond-shining-pearl,A single petal that the King of Bountiful Harvests gave you. It radiates faint light.
radiant-petal,legends-arceus,A single petal that the King of Bountiful Harvests gave you. It radiates faint light.
radiant-petal,scarlet-violet,A single petal that the King of Bountiful Harvests gave you. It radiates faint light.
radiant-petal,sword-shield,A single petal that the King of Bountiful Harvests gave you. It radiates faint light.
rage-candy-bar,black-2-white-2,A famous Mahogany Town candy tourists like to buy and take home. It restores the HP of one Pokémon by 20 points.
rage-candy-bar,black-white,A famous Mahogany Town candy tourists like to buy and take home. It restores the HP of one Pokémon by 20 points.
rage-candy-bar,brilliant-diamond-shining-pearl,Mahogany Town's famous candy. It can be used once to heal all the status conditions of a Pokémon.
rage-candy-bar,crystal,Restores Pokémon HP by 20.
rage-candy-bar,gold-silver,Restores Pokémon HP by 20.
rage-candy-bar,heartgold-soulsilver,A famous candy in Mahogany Town. Many tourists like to buy them to take home.
rage-candy-bar,legends-arceus,Mahogany Town's famous candy. It can be used once to heal all the status conditions of a Pokémon.
rage-candy-bar,omega-ruby-alpha-sapphire,"Mahogany Town's famous candy. When consumed, it restores 20 HP to an injured Pokémon."
rage-candy-bar,scarlet-violet,Mahogany Town's famous candy. It can be used to cure any status condition a Pokémon may have.
rage-candy-bar,sun-moon,Mahogany Town's famous candy. It can be used once to heal all the status conditions of a Pokémon.
rage-candy-bar,sword-shield,Mahogany Town's famous candy. It can be used once to heal all the status conditions of a Pokémon.
rage-candy-bar,ultra-sun-ultra-moon,Mahogany Town's famous candy. It can be used once to heal all the status conditions of a Pokémon.
rage-candy-bar,x-y,"Mahogany Town's famous candy. When consumed, it restores 20 HP to an injured Pokémon."
raichunite-x,legends-za,One of a variety of mysterious Mega Stones. A Raichu holding this stone will be able to Mega Evolve during battle.
raichunite-y,legends-za,One of a variety of mysterious Mega Stones. A Raichu holding this stone will be able to Mega Evolve during battle.
raikou-treat,scarlet-violet,A snack made from ingredients favored by the Legendary Pokémon Raikou.
rainbow-feather,black-2-white-2,A mystical rainbow feather that sparkles.
rainbow-feather,black-white,A mystical rainbow feather that sparkles.
rainbow-feather,black-white,A mystical rainbow feather that sparkles.
rainbow-feather,brilliant-diamond-shining-pearl,A mystical rainbow feather that sparkles.
rainbow-feather,crystal,A mystical feather of rainbow colors.
rainbow-feather,gold-silver,A mystical feather of rainbow colors.
rainbow-feather,heartgold-soulsilver,"A mystical, rainbow feather that sparkles."
rainbow-feather,legends-arceus,A mystical rainbow feather that sparkles.
rainbow-feather,lets-go-pikachu-lets-go-eevee,A mystical rainbow feather that sparkles.
rainbow-feather,omega-ruby-alpha-sapphire,A mystical rainbow feather that sparkles.
rainbow-feather,scarlet-violet,A strange feather that gleams in rainbow colors.
rainbow-feather,sun-moon,A mystical rainbow feather that sparkles.
rainbow-feather,sword-shield,A mystical rainbow feather that sparkles.
rainbow-feather,ultra-sun-ultra-moon,A mystical rainbow feather that sparkles.
rainbow-feather,x-y,A mystical rainbow feather that sparkles.
rainbow-flower,brilliant-diamond-shining-pearl,A flower made of the petals you received from captains. It's proof that your growth has been recognized by them.
rainbow-flower,legends-arceus,A flower made of the petals you received from captains. It's proof that your growth has been recognized by them.
rainbow-flower,lets-go-pikachu-lets-go-eevee,A flower made of the petals you received from captains. It's proof that your growth has been recognized by them.
rainbow-flower,scarlet-violet,A flower made of the petals you received from captains. It's proof that your growth has been recognized by them.
rainbow-flower,sword-shield,A flower made of the petals you received from captains. It's proof that your growth has been recognized by them.
rainbow-flower,ultra-sun-ultra-moon,A flower made of the petals you received from captains. It's proof that your growth has been recognized by them.
rainbow-pass,emerald,For ferries serving Vermilion and the Sevii Islands.
rainbow-pass,firered-leafgreen,A pass for ferries between Vermilion and the Sevii Islands. It features a drawing of a rainbow.
rainbow-slate,brilliant-diamond-shining-pearl,A slate overflowing with enigmatic energy. You can feel a strong connection between it and the Rainbow Room at Ramanas Park.
rainbow-slate,scarlet-violet,A slate overflowing with enigmatic energy. You can feel a strong connection between it and the Rainbow Room at Ramanas Park.
rare-bone,black-2-white-2,A bone that is extremely valuable for Pokémon archeology. It can be sold for a high price to shops.
rare-bone,black-white,A bone that is extremely valuable for Pokémon archeology. It can be sold for a high price to shops.
rare-bone,diamond-pearl,A bone that is extremely valuable for Pokémon archaeology. It can be sold for a high price to shops.
rare-bone,omega-ruby-alpha-sapphire,A rare bone that is extremely valuable for the study of Pokémon archeology. It can be sold for a high price to shops.
rare-bone,platinum,A bone that is extremely valuable for Pokémon archaeology. It can be sold for a high price to shops.
rare-bone,scarlet-violet,A rare bone that is extremely valuable for the study of Pokémon archeology. It can be sold at a high price to shops.
rare-bone,x-y,A rare bone that is extremely valuable for the study of Pokémon archeology. It can be sold for a high price to shops.
rare-candy,scarlet-violet,"A candy that is packed with energy. If consumed, it raises a Pokémon's level by one."
rash-mint,brilliant-diamond-shining-pearl,"When a Pokémon smells this mint, its Sp. Atk will grow more easily, but its Sp. Def will grow more slowly."
rash-mint,legends-arceus,"When a Pokémon smells this mint, its Sp. Atk will grow more easily, but its Sp. Def will grow more slowly."
rash-mint,scarlet-violet,"Having a Pokémon smell this mint can make its Sp. Atk stat grow stronger. However, its Sp. Def stat may suffer."
rash-mint,sword-shield,"When a Pokémon smells this mint, its Sp. Atk will grow more easily, but its Sp. Def will grow more slowly."
rawst-berry,diamond-pearl,A Poffin ingredient. It may be used or held by a Pokémon to recover from a burn.
rawst-berry,emerald,A hold item that heals a burn in battle.
rawst-berry,legends-arceus,A Berry that can be fed to a Pokémon to cure its burn or thrown to draw wild Pokémon's attention.
rawst-berry,platinum,A Poffin ingredient. It may be used or held by a Pokémon to recover from a burn.
rawst-berry,ruby-sapphire,A hold item that heals a burn in battle.
rawst-berry,sword-shield,"A Berry to be consumed by Pokémon. If a Pokémon holds one, it can recover from a burn on its own in battle."
rayquaza-treat,scarlet-violet,A snack made from ingredients favored by the Legendary Pokémon Rayquaza.
razor-claw,brilliant-diamond-shining-pearl,An item to be held by a Pokémon. This sharply hooked claw increases the holder's critical-hit ratio.
razor-claw,diamond-pearl,An item to be held by a Pokémon. It is a sharply hooked claw that ups the holder's critical-hit ratio.
razor-claw,heartgold-soulsilver,An item to be held by a Pokémon. It is a sharply hooked claw that ups the holder's critical-hit ratio.
razor-claw,legends-arceus,A sharp and pointed claw that seems as though it might be able to cut through anything at all. It's loved by a certain Pokémon.
razor-claw,omega-ruby-alpha-sapphire,An item to be held by a Pokémon. This sharply hooked claw increases the holder's critical-hit ratio.
razor-claw,platinum,An item to be held by a Pokémon. It is a sharply hooked claw that ups the holder's critical-hit ratio.
razor-claw,scarlet-violet,An item to be held by a Pokémon. This sharply hooked claw boosts the critical-hit ratio of the holder's moves.
razor-claw,sun-moon,An item to be held by a Pokémon. This sharply hooked claw increases the holder's critical-hit ratio.
razor-claw,sword-shield,An item to be held by a Pokémon. This sharply hooked claw increases the holder's critical-hit ratio.
razor-claw,ultra-sun-ultra-moon,An item to be held by a Pokémon. This sharply hooked claw increases the holder's critical-hit ratio.
razor-claw,x-y,An item to be held by a Pokémon. This sharply hooked claw increases the holder's critical-hit ratio.
razor-fang,black-2-white-2,An item to be held by a Pokémon. It may make foes and allies flinch when the holder inflicts damage.
razor-fang,black-white,An item to be held by a Pokémon. It may make foes and allies flinch when the holder inflicts damage.
razor-fang,brilliant-diamond-shining-pearl,"An item to be held by a Pokémon. When the holder successfully inflicts damage, the target may also flinch."
razor-fang,diamond-pearl,An item to be held by a Pokémon. It may cause the foe to flinch when the holder inflicts damage.
razor-fang,heartgold-soulsilver,An item to be held by a Pokémon. It may cause the foe to flinch when the holder inflicts damage.
razor-fang,legends-arceus,A sharp and pointed fang that seems as though it might be able to pierce straight through anything at all. It's loved by a certain Pokémon.
razor-fang,omega-ruby-alpha-sapphire,"An item to be held by a Pokémon. When the holder successfully inflicts damage, the target may also flinch."
razor-fang,platinum,An item to be held by a Pokémon. It may cause the foe to flinch when the holder inflicts damage.
razor-fang,scarlet-violet,An item to be held by a Pokémon. This sharply hooked fang may cause the target to flinch whenever the holder successfully inflicts damage.
razor-fang,sun-moon,"An item to be held by a Pokémon. When the holder successfully inflicts damage, the target may also flinch."
razor-fang,sword-shield,"An item to be held by a Pokémon. When the holder successfully inflicts damage, the target may also flinch."
razor-fang,ultra-sun-ultra-moon,"An item to be held by a Pokémon. When the holder successfully inflicts damage, the target may also flinch."
razor-fang,x-y,"An item to be held by a Pokémon. When the holder successfully inflicts damage, the target may also flinch."
razz-berry,legends-arceus,A Berry that can be fed to a Pokémon to restore its HP by up to a third of its max. A wild Pokémon will become easier to catch if it eats one of these Berries.
razz-berry,lets-go-pikachu-lets-go-eevee,A Berry that makes it slightly easier to catch Pokémon when given to them.
reaper-cloth,black-2-white-2,A cloth imbued with horrifyingly strong spiritual energy. It is loved by a certain Pokémon.
reaper-cloth,black-white,A cloth imbued with horrifyingly strong spiritual energy. It is loved by a certain Pokémon.
reaper-cloth,brilliant-diamond-shining-pearl,A cloth imbued with horrifyingly strong spiritual energy. It's loved by a certain Pokémon.
reaper-cloth,diamond-pearl,A cloth imbued with horrifyingly strong spiritual energy. It is loved by a certain Pokémon.
reaper-cloth,heartgold-soulsilver,A cloth imbued with horrifyingly strong spiritual energy. It is loved by a certain Pokémon.
reaper-cloth,legends-arceus,A cloth imbued with horrifyingly strong spiritual energy. It's loved by a certain Pokémon.
reaper-cloth,lets-go-pikachu-lets-go-eevee,A cloth imbued with horrifyingly strong spiritual energy. It's loved by a certain Pokémon.
reaper-cloth,omega-ruby-alpha-sapphire,A cloth imbued with horrifyingly strong spiritual energy. It's loved by a certain Pokémon.
reaper-cloth,platinum,A cloth imbued with horrifyingly strong spiritual energy. It is loved by a certain Pokémon.
reaper-cloth,scarlet-violet,A cloth imbued with horrifyingly strong spiritual energy. It's loved by a certain Pokémon.
reaper-cloth,sun-moon,A cloth imbued with horrifyingly strong spiritual energy. It's loved by a certain Pokémon.
reaper-cloth,sword-shield,A cloth imbued with horrifyingly strong spiritual energy. It's loved by a certain Pokémon.
reaper-cloth,ultra-sun-ultra-moon,A cloth imbued with horrifyingly strong spiritual energy. It's loved by a certain Pokémon.
reaper-cloth,x-y,A cloth imbued with horrifyingly strong spiritual energy. It's loved by a certain Pokémon.
red-apricorn,black-2-white-2,A red Apricorn. It assails your nostrils.
red-apricorn,black-white,A red Apricorn. It assails your nostrils.
red-apricorn,brilliant-diamond-shining-pearl,A red Apricorn. It assails your nostrils.
red-apricorn,crystal,A red Apricorn.
red-apricorn,gold-silver,A red Apricorn.
red-apricorn,heartgold-soulsilver,A red Apricorn. It assails your nostrils.
red-apricorn,legends-arceus,A red Apricorn. It assails your nostrils.
red-apricorn,lets-go-pikachu-lets-go-eevee,A red Apricorn. It assails your nostrils.
red-apricorn,omega-ruby-alpha-sapphire,A red Apricorn. It assails your nostrils.
red-apricorn,scarlet-violet,A red Apricorn. It has a pungent scent that assails the nostrils.
red-apricorn,sun-moon,A red Apricorn. It assails your nostrils.
red-apricorn,sword-shield,A red Apricorn. It assails your nostrils.
red-apricorn,ultra-sun-ultra-moon,A red Apricorn. It assails your nostrils.
red-apricorn,x-y,A red Apricorn. It assails your nostrils.
red-bell-pepper,scarlet-violet,An ingredient with some bitterness—but its bitter notes and overall flavor are pleasantly mild compared to its green cousin.
red-canari-plush-lv-1,legends-za,A plush doll of Canari that holds a red charm. Having one of these increases the Exp. Points your Pokémon get by a little.
red-canari-plush-lv-2,legends-za,A plush doll of Canari that holds a red charm. Having one of these increases the Exp. Points your Pokémon get.
red-canari-plush-lv-3,legends-za,A plush doll of Canari that holds a red charm. Having one of these increases the Exp. Points your Pokémon get by a lot.
red-card,black-2-white-2,"A card with a mysterious power. When the holder is struck by a foe, the attacker is removed from battle."
red-card,black-white,"A card with a mysterious power. When the holder is struck by a foe, the attacker is removed from battle."
red-card,brilliant-diamond-shining-pearl,"An item to be held by a Pokémon. When the holder is hit by an attack, the attacker is removed from battle."
red-card,legends-arceus,"An item to be held by a Pokémon. When the holder is hit by an attack, the attacker is removed from battle."
red-card,lets-go-pikachu-lets-go-eevee,"An item to be held by a Pokémon. When the holder is hit by an attack, the attacker is removed from battle."
red-card,omega-ruby-alpha-sapphire,"An item to be held by a Pokémon. When the holder is hit by an attack, the attacker is removed from battle."
red-card,scarlet-violet,"An item to be held by a Pokémon. If the holder is damaged by an attack, the mysterious power of this card can remove the attacker from the battle."
red-card,sun-moon,"An item to be held by a Pokémon. When the holder is hit by an attack, the attacker is removed from battle."
red-card,sword-shield,"An item to be held by a Pokémon. When the holder is hit by an attack, the attacker is removed from battle."
red-card,ultra-sun-ultra-moon,"An item to be held by a Pokémon. When the holder is hit by an attack, the attacker is removed from battle."
red-card,x-y,"An item to be held by a Pokémon. When the holder is hit by an attack, the attacker is removed from battle."
red-chain,brilliant-diamond-shining-pearl,A mythical chain that is said to link the Legendary Pokémon that created the Sinnoh region.
red-chain,diamond-pearl,A mythical chain that is said to link the legendary Pokémon that created the Sinnoh region.
red-chain,heartgold-soulsilver,A mythical chain that is said to link the legendary Pokémon that created the Sinnoh region.
red-chain,legends-arceus,A mythical chain that is said to bind the Legendary Pokémon that created the Hisui region.
red-chain,omega-ruby-alpha-sapphire,A mythical chain that is said to link the Legendary Pokémon that created the Sinnoh region.
red-chain,platinum,A mythical chain that is said to link the legendary Pokémon that created the Sinnoh region.
red-chain,scarlet-violet,A mythical chain that is said to bind the Legendary Pokémon that created the Sinnoh region.
red-chain,sun-moon,A mythical chain that is said to link the Legendary Pokémon that created the Sinnoh region.
red-chain,sword-shield,A mythical chain that is said to link the Legendary Pokémon that created the Sinnoh region.
red-chain,ultra-sun-ultra-moon,A mythical chain that is said to link the Legendary Pokémon that created the Sinnoh region.
red-chain,x-y,A mythical chain that is said to link the Legendary Pokémon that created the Sinnoh region.
red-dish,scarlet-violet,A dish for picnics. Comes in plenty of colors to choose from based on the food or the mood. The red variety never fails to sell well.
red-flag-pick,scarlet-violet,"This pick flies a red flag that lends an air of adventure. The flag itself is made of card stock, so it'll fly proudly even with no wind."
red-flute,black-2-white-2,A toy flute made from red glass. A maniac will buy it for a high price.
red-flute,black-white,A toy flute made from red glass. A maniac will buy it for a high price.
red-flute,diamond-pearl,A red flute made from blown glass. Its melody snaps a single Pokémon out of infatuation.
red-flute,emerald,A glass flute that snaps Pokémon out of attraction.
red-flute,firered-leafgreen,A red glass flute that snaps one Pokémon out of infatuation.
red-flute,omega-ruby-alpha-sapphire,A flute made from red glass that snaps Pokémon out of infatuation.
red-flute,platinum,A red flute made from blown glass. Its melody snaps a single Pokémon out of infatuation.
red-flute,ruby-sapphire,A glass flute that snaps Pokémon out of attraction.
red-flute,x-y,A lovely toy flute to admire. It's made from red glass.
red-nectar,scarlet-violet,Flower nectar obtained from a red flower. It changes the form of a certain species of Pokémon.
red-nectar,sun-moon,A flower nectar obtained at Ula'ula Meadow. It changes the form of certain species of Pokémon.
red-nectar,ultra-sun-ultra-moon,A flower nectar obtained at Ula'ula Meadow. It changes the form of certain species of Pokémon.
red-onion,scarlet-violet,"An ingredient with some sweetness to it. Its spiciness and fragrance are milder than those of other onions, making it a pleasant bite."
red-orb,emerald,"A red, glowing orb said to contain an ancient power."
red-orb,firered-leafgreen,An orb that glows red. It is said to contain an incredible power from ancient times.
red-orb,heartgold-soulsilver,A shiny red orb that is said to have a legend and has a deep connection with the Hoenn region.
red-orb,omega-ruby-alpha-sapphire,A shiny red orb that is said to have a legend tied to it. It's known to have a deep connection with the Hoenn region.
red-orb,ruby-sapphire,"A red, glowing orb said to contain an ancient power."
red-orb,scarlet-violet,A shiny red orb that is said to have a deep connection to a legend of the Hoenn region.
red-orb,x-y,A shiny red orb that is said to have a legend tied to it. It's known to have a deep connection with the Hoenn region.
red-petal,brilliant-diamond-shining-pearl,A pressed flower petal you receive from Kiawe during Mina's trial. The goal is to collect seven different kinds of petals.
red-petal,legends-arceus,A pressed flower petal you receive from Kiawe during Mina's trial. The goal is to collect seven different kinds of petals.
red-petal,lets-go-pikachu-lets-go-eevee,A pressed flower petal you receive from Kiawe during Mina's trial. The goal is to collect seven different kinds of petals.
red-petal,scarlet-violet,A pressed flower petal you receive from Kiawe during Mina's trial. The goal is to collect seven different kinds of petals.
red-petal,sword-shield,A pressed flower petal you receive from Kiawe during Mina's trial. The goal is to collect seven different kinds of petals.
red-petal,ultra-sun-ultra-moon,A pressed flower petal you receive from Kiawe during Mina's trial. The goal is to collect seven different kinds of petals.
red-poke-ball-pick,scarlet-violet,A sandwich pick with a simple red Poké Ball design. Often used by Trainers who picked a Fire-type Pokémon for their first partner.
red-scale,black-2-white-2,A scale from the red Gyarados. It glows red like a flame.
red-scale,crystal,A scale from the red Gyarados.
red-scale,gold-silver,A scale from the red Gyarados.
red-scale,heartgold-soulsilver,A scale from the red Gyarados. It glows red like a flame.
red-scale,scarlet-violet,A scale from a red Gyarados that appeared at the Lake of Rage. It glows red like a flame.
red-scale,sun-moon,A scale from a red Gyarados. It glows red like a flame.
red-scale,sword-shield,A scale from a red Gyarados. It glows red like a flame.
red-scale,x-y,A scale from a red Gyarados. It glows red like a flame.
red-scarf,black-white,An item to be held by a Pokémon. It boosts the Cool aspect of the holder in a Contest.
red-scarf,brilliant-diamond-shining-pearl,"An item to be held by a Pokémon. During a Super Contest Show, it raises the Coolness of the Pokémon holding it."
red-scarf,diamond-pearl,"An item to be held by a Pokémon. It boosts the ""Cool"" aspect of the holder in a Contest."
red-scarf,firered-leafgreen,An item to be held by a Pokémon. It boosts the holding Pokémon's Cool condition in Contests.
red-scarf,ruby-sapphire,A hold item that raises Cool in Contests.
red-scarf,scarlet-violet,"When a Pokémon holds this during a contest, it looks even cooler than usual."
red-scarf,x-y,"An item to be held by a Pokémon. During a Contest, it raises the Cool aspect of the Pokémon holding it."
red-shard,brilliant-diamond-shining-pearl,A small red shard. It appears to be a fragment of some sort of implement made long ago.
red-shard,diamond-pearl,A small red shard. It appears to be from some sort of implement made long ago.
red-shard,emerald,A shard from an ancient item. Can be sold cheaply.
red-shard,firered-leafgreen,A small red shard. It appears to be from some sort of a tool made long ago.
red-shard,legends-arceus,A small red shard. It appears to be a fragment of some sort of implement made long ago.
red-shard,omega-ruby-alpha-sapphire,A small red shard. It appears to be a fragment of some sort of implement made long ago.
red-shard,platinum,A small red shard. It appears to be from some sort of implement made long ago.
red-shard,ruby-sapphire,A shard from an ancient item. Can be sold cheaply.
red-shard,scarlet-violet,A small red shard. It appears to be a fragment of some sort of implement made long ago.
red-shard,sun-moon,A small red shard. It appears to be a fragment of some sort of implement made long ago.
red-shard,ultra-sun-ultra-moon,A small red shard. It appears to be a fragment of some sort of implement made long ago.
red-shard,x-y,A small red shard. It appears to be a fragment of some sort of implement made long ago.
reins-of-unity,brilliant-diamond-shining-pearl,Reins that people presented to the king. They enhance Calyrex’s power over bountiful harvests and unite Calyrex with its beloved steed.
reins-of-unity,legends-arceus,Reins that people presented to the king. They enhance Calyrex’s power over bountiful harvests and unite Calyrex with its beloved steed.
reins-of-unity,scarlet-violet,Reins that people presented to the king. They enhance Calyrex’s power over bountiful harvests and unite Calyrex with its beloved steed.
reins-of-unity,sword-shield,Reins that people presented to the king. They enhance Calyrex’s power over bountiful harvests and unite Calyrex with its beloved steed.
relaxed-mint,brilliant-diamond-shining-pearl,"When a Pokémon smells this mint, its Defense will grow more easily, but its Speed will grow more slowly."
relaxed-mint,legends-arceus,"When a Pokémon smells this mint, its Defense will grow more easily, but its Speed will grow more slowly."
relaxed-mint,scarlet-violet,"Having a Pokémon smell this mint can make its Defense stat grow stronger. However, its Speed stat may suffer."
relaxed-mint,sword-shield,"When a Pokémon smells this mint, its Defense will grow more easily, but its Speed will grow more slowly."
relic-band,black-2-white-2,"A bracelet made in a civilization about 3,000 years ago. A maniac will buy it for a high price."
relic-band,black-white,"A bracelet made in a civilization about 3,000 years ago. A maniac will buy it for a high price."
relic-band,brilliant-diamond-shining-pearl,A heavy bracelet made by an ancient civilization about three thousand years ago.
relic-band,legends-arceus,A heavy bracelet made by an ancient civilization about three thousand years ago.
relic-band,lets-go-pikachu-lets-go-eevee,"A heavy bracelet made by an ancient civilization about 3,000 years ago."
relic-band,omega-ruby-alpha-sapphire,"A heavy bracelet made by an ancient civilization about 3,000 years ago."
relic-band,scarlet-violet,A bracelet made by an ancient civilization about three thousand years ago.
relic-band,sun-moon,"A heavy bracelet made by an ancient civilization about 3,000 years ago."
relic-band,sword-shield,A heavy bracelet made by an ancient civilization about three thousand years ago.
relic-band,ultra-sun-ultra-moon,"A heavy bracelet made by an ancient civilization about 3,000 years ago."
relic-band,x-y,"A heavy bracelet made by an ancient civilization about 3,000 years ago."
relic-copper,black-2-white-2,"A copper coin used in a civilization about 3,000 years ago. A maniac will buy it for a high price."
relic-copper,black-white,"A copper coin used in a civilization about 3,000 years ago. A maniac will buy it for a high price."
relic-copper,brilliant-diamond-shining-pearl,A copper coin used by an ancient civilization about three thousand years ago.
relic-copper,legends-arceus,A copper coin used by an ancient civilization about three thousand years ago.
relic-copper,omega-ruby-alpha-sapphire,"A copper coin used by an ancient civilization about 3,000 years ago."
relic-copper,scarlet-violet,A copper coin used by an ancient civilization about three thousand years ago.
relic-copper,sun-moon,"A copper coin used by an ancient civilization about 3,000 years ago."
relic-copper,sword-shield,A copper coin used by an ancient civilization about three thousand years ago.
relic-copper,ultra-sun-ultra-moon,"A copper coin used by an ancient civilization about 3,000 years ago."
relic-copper,x-y,"A copper coin used by an ancient civilization about 3,000 years ago."
relic-crown,black-2-white-2,"A crown made in a civilization about 3,000 years ago. A maniac will buy it for a high price."
relic-crown,brilliant-diamond-shining-pearl,A heavy crown made by an ancient civilization about three thousand years ago.
relic-crown,legends-arceus,A heavy crown made by an ancient civilization about three thousand years ago.
relic-crown,omega-ruby-alpha-sapphire,"A heavy crown made by an ancient civilization about 3,000 years ago."
relic-crown,scarlet-violet,A crown made by an ancient civilization about three thousand years ago.
relic-crown,sun-moon,"A heavy crown made by an ancient civilization about 3,000 years ago."
relic-crown,sword-shield,A heavy crown made by an ancient civilization about three thousand years ago.
relic-crown,ultra-sun-ultra-moon,"A heavy crown made by an ancient civilization about 3,000 years ago."
relic-crown,x-y,"A heavy crown made by an ancient civilization about 3,000 years ago."
relic-gold,black-2-white-2,"A gold coin used in a civilization about 3,000 years ago. A maniac will buy it for a high price."
relic-gold,black-white,"A gold coin used in a civilization about 3,000 years ago. A maniac will buy it for a high price."
relic-gold,brilliant-diamond-shining-pearl,A gold coin used by an ancient civilization about three thousand years ago.
relic-gold,legends-arceus,A gold coin used by an ancient civilization about three thousand years ago.
relic-gold,omega-ruby-alpha-sapphire,"A gold coin used by an ancient civilization about 3,000 years ago."
relic-gold,scarlet-violet,A gold coin used by an ancient civilization about three thousand years ago.
relic-gold,sun-moon,"A gold coin used by an ancient civilization about 3,000 years ago."
relic-gold,sword-shield,A gold coin used by an ancient civilization about three thousand years ago.
relic-gold,ultra-sun-ultra-moon,"A gold coin used by an ancient civilization about 3,000 years ago."
relic-gold,x-y,"A gold coin used by an ancient civilization about 3,000 years ago."
relic-silver,black-2-white-2,"A silver coin used in a civilization about 3,000 years ago. A maniac will buy it for a high price."
relic-silver,black-white,"A silver coin used in a civilization about 3,000 years ago. A maniac will buy it for a high price."
relic-silver,brilliant-diamond-shining-pearl,A silver coin used by an ancient civilization about three thousand years ago.
relic-silver,legends-arceus,A silver coin used by an ancient civilization about three thousand years ago.
relic-silver,lets-go-pikachu-lets-go-eevee,"A silver coin used by an ancient civilization about 3,000 years ago."
relic-silver,omega-ruby-alpha-sapphire,"A silver coin used by an ancient civilization about 3,000 years ago."
relic-silver,scarlet-violet,A silver coin used by an ancient civilization about three thousand years ago.
relic-silver,sun-moon,"A silver coin used by an ancient civilization about 3,000 years ago."
relic-silver,sword-shield,A silver coin used by an ancient civilization about three thousand years ago.
relic-silver,ultra-sun-ultra-moon,"A silver coin used by an ancient civilization about 3,000 years ago."
relic-silver,x-y,"A silver coin used by an ancient civilization about 3,000 years ago."
relic-statue,black-2-white-2,"A stone figure made in a civilization about 3,000 years ago. A maniac will buy it for a high price."
relic-statue,black-white,"A stone figure made in a civilization about 3,000 years ago. A maniac will buy it for a high price."
relic-statue,brilliant-diamond-shining-pearl,A stone figurine made by an ancient civilization about three thousand years ago.
relic-statue,legends-arceus,A stone figurine made by an ancient civilization about three thousand years ago.
relic-statue,lets-go-pikachu-lets-go-eevee,"A stone figurine made by an ancient civilization about 3,000 years ago."
relic-statue,omega-ruby-alpha-sapphire,"A stone figurine made by an ancient civilization about 3,000 years ago."
relic-statue,scarlet-violet,A stone figurine made by an ancient civilization about three thousand years ago.
relic-statue,sun-moon,"A stone figurine made by an ancient civilization about 3,000 years ago."
relic-statue,sword-shield,A stone figurine made by an ancient civilization about three thousand years ago.
relic-statue,ultra-sun-ultra-moon,"A stone figurine made by an ancient civilization about 3,000 years ago."
relic-statue,x-y,"A stone figurine made by an ancient civilization about 3,000 years ago."
relic-vase,black-2-white-2,"A vase made in a civilization about 3,000 years ago. A maniac will buy it for a high price."
relic-vase,brilliant-diamond-shining-pearl,A fragile vase made by an ancient civilization about three thousand years ago.
relic-vase,legends-arceus,A fragile vase made by an ancient civilization about three thousand years ago.
relic-vase,omega-ruby-alpha-sapphire,"A fragile vase made by an ancient civilization about 3,000 years ago."
relic-vase,scarlet-violet,A vase made by an ancient civilization about three thousand years ago.
relic-vase,sun-moon,"A fragile vase made by an ancient civilization about 3,000 years ago."
relic-vase,sword-shield,A fragile vase made by an ancient civilization about three thousand years ago.
relic-vase,ultra-sun-ultra-moon,"A fragile vase made by an ancient civilization about 3,000 years ago."
relic-vase,x-y,"A fragile vase made by an ancient civilization about 3,000 years ago."
remedy,legends-arceus,"An herbal medicine that can restore 60 HP to a Pokémon, just as a Potion does. Yet the bitter taste will make the Pokémon less friendly toward you."
remedy,scarlet-violet,"An herbal medicine that can restore 60 HP to a Pokémon, just as a Potion does. Yet the bitter taste will make the Pokémon less friendly toward you."
repeat-ball,diamond-pearl,A somewhat different Poké Ball that works especially well on Pokémon species that were previously caught.
repeat-ball,ruby-sapphire,A Ball that works better on Pokémon caught before.
repeat-ball,scarlet-violet,A somewhat different Poké Ball that is more effective when catching a Pokémon of a species that you've caught before.
repeat-ball,x-y,A somewhat different Poké Ball that works especially well on Pokémon species that have been caught before.
repel,crystal,Repels weak Pokémon for 100 steps.
repel,diamond-pearl,An item that prevents weak wild Pokémon from appearing for 100 steps after its use.
repel,emerald,Repels weak wild Pokémon for 100 steps.
repel,gold-silver,Repels weak Pokémon for 100 steps.
repel,omega-ruby-alpha-sapphire,An item that prevents any low-level wild Pokémon from jumping out at you for 100 steps after its use.
repel,platinum,An item that prevents weak wild Pokémon from appearing for 100 steps after its use.
repel,ruby-sapphire,Repels weak wild Pokémon for 100 steps.
repel,sun-moon,An item that prevents any low-level wild Pokémon from jumping out at you for a while.
repel,ultra-sun-ultra-moon,An item that prevents any low-level wild Pokémon from jumping out at you for a while.
repel,x-y,An item that prevents any low-level wild Pokémon from jumping out at you for 100 steps after its use.
reply-mail,black-2-white-2,Stationery designed for writing a reply. Let a Pokémon hold it for delivery.
reply-mail,black-white,Stationery designed for writing a reply. Let a Pokémon hold it for delivery.
reset-urge,black-2-white-2,"When used, it restores any stat changes of an ally Pokémon."
reset-urge,black-white,"When used, it restores any stat changes of an ally Pokémon."
reset-urge,scarlet-violet,"When used, it removes any stat changes of an ally Pokémon."
reshiram-treat,scarlet-violet,A snack made from ingredients favored by the Legendary Pokémon Reshiram.
resist-feather,black-2-white-2,An item for use on a Pokémon. It slightly increases the base Defense stat of a single Pokémon.
resist-feather,black-white,An item for use on a Pokémon. It slightly increases the base Defense stat of a single Pokémon.
resist-feather,brilliant-diamond-shining-pearl,An item for use on a Pokémon. It slightly increases the Defense base points of a single Pokémon.
resist-feather,legends-arceus,An item for use on a Pokémon. It slightly increases the Defense base points of a single Pokémon.
resist-feather,lets-go-pikachu-lets-go-eevee,An item for use on a Pokémon. It slightly increases the base Defense stat of a single Pokémon.
resist-feather,omega-ruby-alpha-sapphire,An item for use on a Pokémon. It slightly increases the base Defense stat of a single Pokémon.
resist-feather,scarlet-violet,An item to be used on a Pokémon. This feather slightly increases base points for a Pokémon's Defense stat.
resist-feather,sun-moon,An item for use on a Pokémon. It slightly increases the base Defense stat of a single Pokémon.
resist-feather,sword-shield,An item for use on a Pokémon. It slightly increases the Defense base points of a single Pokémon.
resist-feather,ultra-sun-ultra-moon,An item for use on a Pokémon. It slightly increases the base Defense stat of a single Pokémon.
resist-feather,x-y,An item for use on a Pokémon. It slightly increases the base Defense stat of a single Pokémon.
resist-mochi,scarlet-violet,A mochi cake with Berries kneaded into its dough. It increases base points for a Pokémon's Defense stat.
retro-mail,emerald,Mail featuring the drawings of three Pokémon.
retro-mail,firered-leafgreen,A piece of Mail featuring a print of three cute Pokémon. It is to be held by a Pokémon.
retro-mail,ruby-sapphire,Mail featuring the drawings of three Pokémon.
reveal-glass,black-2-white-2,A glass that reveals the truth. It is a mysterious glass that returns a Pokémon back to its original shape.
reveal-glass,legends-arceus,A looking glass that reveals the truth. It's a mysterious mirror that returns certain Pokémon to their true shape.
reveal-glass,omega-ruby-alpha-sapphire,A looking glass that reveals the truth. It's a mysterious glass that returns a Pokémon to its original shape.
reveal-glass,scarlet-violet,A mysterious looking glass that reveals the truth. It can return a Pokémon to its original shape.
reveal-glass,sun-moon,A looking glass that reveals the truth. It's a mysterious glass that returns a Pokémon to its original shape.
reveal-glass,sword-shield,A looking glass that reveals the truth. It's a mysterious glass that returns a Pokémon to its original shape.
reveal-glass,ultra-sun-ultra-moon,A looking glass that reveals the truth. It's a mysterious glass that returns a Pokémon to its original shape.
reveal-glass,x-y,A looking glass that reveals the truth. It's a mysterious glass that returns a Pokémon to its original shape.
revitalizing-twig,legends-za,A small twig that is beloved by Fennekin. It's said that chewing on one of these twigs can be both soothing and cheering.
revival-herb,crystal,Revives fainted Pokémon. Bitter.
revival-herb,diamond-pearl,"A very bitter medicinal herb. It revives a fainted Pokémon, fully restoring its HP."
revival-herb,emerald,A very bitter herb that revives a fainted Pokémon.
revival-herb,gold-silver,Revives fainted Pokémon. Bitter.
revival-herb,platinum,"A very bitter medicinal herb. It revives a fainted Pokémon, fully restoring its HP."
revival-herb,ruby-sapphire,A very bitter herb that revives a fainted Pokémon.
revival-herb,scarlet-violet,A very bitter medicinal herb. It can be used to revive a Pokémon that has fainted. It also fully restores the Pokémon’s max HP.
revival-herb,x-y,A terribly bitter medicinal herb. It revives a fainted Pokémon and fully restores its maximum HP.
revive,scarlet-violet,A medicine that can be used to revive a Pokémon that has fainted. It also restores half the Pokémon's max HP.
ribbon-sweet,brilliant-diamond-shining-pearl,"A ribbon-shaped sweet. When a Milcery holds this, it spins around happily."
ribbon-sweet,legends-arceus,"A ribbon-shaped sweet. When a Milcery holds this, it spins around happily."
ribbon-sweet,scarlet-violet,"A ribbon-shaped sweet. When a Milcery holds this, it spins around happily."
ribbon-sweet,sword-shield,"A ribbon-shaped sweet. When a Milcery holds this, it spins around happily."
rice,scarlet-violet,An ingredient with a touch of sweetness. It's unclear how well this cooked rice will serve as a sandwich filling.
rich-mulch,omega-ruby-alpha-sapphire,"A fertilizer for growing Berries. However, it appears to be unsuitable for the soil in the Hoenn region and has no effect."
rich-mulch,sun-moon,"A fertilizer for growing Berries. However, it appears to be unsuitable for the soil in the Hoenn region and has no effect."
rich-mulch,ultra-sun-ultra-moon,"A fertilizer for growing Berries. However, it appears to be unsuitable for the soil in the Hoenn region and has no effect."
rich-mulch,x-y,Mulch to be used in a Berry field. It increases the Berry harvest without the need for particularly diligent care.
rindo-berry,black-2-white-2,Weakens a supereffective Grass-type attack against the holding Pokémon.
rindo-berry,black-white,Weakens a supereffective Grass-type attack against the holding Pokémon.
rindo-berry,brilliant-diamond-shining-pearl,"If held by a Pokémon, this Berry will lessen the damage taken from one supereffective Grass-type attack."
rindo-berry,diamond-pearl,"A Poffin ingredient. If held by a Pokémon, it weakens a foe's supereffective Grass-type attack."
rindo-berry,heartgold-soulsilver,"If held by a Pokémon, it weakens a foe's supereffective Grass-type attack."
rindo-berry,legends-arceus,"If held by a Pokémon, this Berry will lessen the damage taken from one supereffective Grass-type attack."
rindo-berry,omega-ruby-alpha-sapphire,"If held by a Pokémon, this Berry will lessen the damage taken from one supereffective Grass-type attack."
rindo-berry,platinum,"A Poffin ingredient. If held by a Pokémon, it weakens a foe's supereffective Grass-type attack."
rindo-berry,scarlet-violet,"If a Pokémon holding this Berry is hit with a supereffective Grass-type move, the power of that move will be weakened."
rindo-berry,sun-moon,"If held by a Pokémon, this Berry will lessen the damage taken from one supereffective Grass-type attack."
rindo-berry,sword-shield,"If held by a Pokémon, this Berry will lessen the damage taken from one supereffective Grass-type attack."
rindo-berry,ultra-sun-ultra-moon,"If held by a Pokémon, this Berry will lessen the damage taken from one supereffective Grass-type attack."
rindo-berry,x-y,"If held by a Pokémon, this Berry will lessen the damage taken from one supereffective Grass-type attack."
ring-target,black-2-white-2,Moves that would otherwise have no effect will land on the Pokémon that holds it.
ring-target,black-white,Moves that would otherwise have no effect will land on the Pokémon that holds it.
ring-target,omega-ruby-alpha-sapphire,An item to be held by a Pokémon. Moves that normally have no effect will land on a Pokémon holding it.
ring-target,scarlet-violet,An item to be held by a Pokémon. Moves that would normally have no effect due to type matchups will still hit the holder.
ring-target,sun-moon,An item to be held by a Pokémon. Moves that normally have no effect will land on a Pokémon holding it.
ring-target,sword-shield,An item to be held by a Pokémon. Moves that normally have no effect will land on a Pokémon holding it.
ring-target,ultra-sun-ultra-moon,An item to be held by a Pokémon. Moves that normally have no effect will land on a Pokémon holding it.
ring-target,x-y,An item to be held by a Pokémon. Moves that normally have no effect will land on a Pokémon holding it.
rock-gem,black-2-white-2,"A gem with an essence of rock. When held, it strengthens the power of a Rock-type move only once."
rock-gem,black-white,"A gem with an essence of rock. When held, it strengthens the power of a Rock-type move only once."
rock-gem,omega-ruby-alpha-sapphire,"A gem with an essence of rock. When held, it strengthens the power of a Rock-type move one time."
rock-gem,scarlet-violet,An item to be held by a Pokémon. This gem is imbued with the essence of rock and will boost the power of a Rock-type move—but only once.
rock-gem,sun-moon,"A gem with an essence of rock. When held, it strengthens the power of a Rock-type move one time."
rock-gem,ultra-sun-ultra-moon,"A gem with an essence of rock. When held, it strengthens the power of a Rock-type move one time."
rock-gem,x-y,"A gem with an essence of rock. When held, it strengthens the power of a Rock-type move one time."
rock-incense,diamond-pearl,An item to be held by a Pokémon. It is an exotic-smelling incense that boosts the power of Rock-type moves.
rock-incense,scarlet-violet,An item to be held by a Pokémon. This incense has a curious aroma that boosts the power of the holder's Rock-type moves.
rock-incense,x-y,An item to be held by a Pokémon. This exotic-smelling incense boosts the power of Rock-type moves.
rock-memory,brilliant-diamond-shining-pearl,A memory disc that contains Rock-type data. It changes the type of the holder if held by a certain species of Pokémon.
rock-memory,legends-arceus,A memory disc that contains Rock-type data. It changes the type of the holder if held by a certain species of Pokémon.
rock-memory,scarlet-violet,A memory disc that contains Rock-type data. It changes the type of the holder if held by a certain species of Pokémon.
rock-memory,sun-moon,A memory disc that contains Rock-type data. It changes the type of the holder if held by a certain species of Pokémon.
rock-memory,sword-shield,A memory disc that contains Rock-type data. It changes the type of the holder if held by a certain species of Pokémon.
rock-memory,ultra-sun-ultra-moon,A memory disc that contains Rock-type data. It changes the type of the holder if held by a certain species of Pokémon.
rock-tera-shard,scarlet-violet,"On rare occasions, these shards form when a Tera Pokémon falls in battle and its Tera Jewel shatters."
rockium-z,brilliant-diamond-shining-pearl,It converts Z-Power into crystals that upgrade Rock-type moves to Rock-type Z-Moves.
rockium-z,legends-arceus,It converts Z-Power into crystals that upgrade Rock-type moves to Rock-type Z-Moves.
rockium-z,lets-go-pikachu-lets-go-eevee,It converts Z-Power into crystals that upgrade Rock-type moves to Rock-type Z-Moves.
rockium-z,scarlet-violet,It converts Z-Power into crystals that upgrade Rock-type moves to Rock-type Z-Moves.
rockium-z,sun-moon,It converts Z-Power into crystals that upgrade Rock-type moves to Rock-type Z-Moves.
rockium-z,sword-shield,It converts Z-Power into crystals that upgrade Rock-type moves to Rock-type Z-Moves.
rockium-z,ultra-sun-ultra-moon,It converts Z-Power into crystals that upgrade Rock-type moves to Rock-type Z-Moves.
rocky-helmet,black-white,"If the holder of this item takes damage, the attacker will also be damaged upon contact."
rocky-helmet,scarlet-violet,"An item to be held by a Pokémon. If another Pokémon makes direct contact with the holder, that Pokémon will be damaged."
rocky-helmet,x-y,"An item to be held by a Pokémon. If the holder is hit, the attacker will also be damaged upon contact."
roller-skates,omega-ruby-alpha-sapphire,"Attaches roller skates to the bottom of your shoes, allowing you to glide quickly around and perform tricks."
roller-skates,sun-moon,"Attaches roller skates to the bottom of your shoes, allowing you to glide quickly around and perform tricks."
roller-skates,ultra-sun-ultra-moon,"Attaches roller skates to the bottom of your shoes, allowing you to glide quickly around and perform tricks."
roller-skates,x-y,"Attaches roller skates to the bottom of your shoes, allowing you to glide quickly around and perform tricks."
room-service,brilliant-diamond-shining-pearl,An item to be held by a Pokémon. Lowers Speed when Trick Room takes effect.
room-service,legends-arceus,An item to be held by a Pokémon. Lowers Speed when Trick Room takes effect.
room-service,scarlet-violet,"An item to be held by a Pokémon. If Trick Room takes effect, this item will lower the holder's Speed stat."
room-service,sword-shield,An item to be held by a Pokémon. Lowers Speed when Trick Room takes effect.
root-fossil,black-2-white-2,A fossil of an ancient Pokémon that lived in the sea. It appears to be part of a plant root.
root-fossil,black-white,A fossil of an ancient Pokémon that lived in the sea. It appears to be part of a plant root.
root-fossil,brilliant-diamond-shining-pearl,A fossil from a prehistoric Pokémon that once lived in the sea. It looks as if it could be part of a plant's root.
root-fossil,diamond-pearl,A fossil of an ancient Pokémon that lived in the sea. It appears to be part of a plant root.
root-fossil,emerald,"A fossil of an ancient, seafloor-dwelling Pokémon."
root-fossil,firered-leafgreen,"A fossil of an ancient, seafloor-dwelling Pokémon. It appears to be part of a plant root."
root-fossil,heartgold-soulsilver,A fossil of an ancient Pokémon that lived in the sea. It appears to be part of a plant root.
root-fossil,legends-arceus,A fossil from a prehistoric Pokémon that once lived in the sea. It looks as if it could be part of a plant's root.
root-fossil,omega-ruby-alpha-sapphire,A fossil from a prehistoric Pokémon that once lived in the sea. It looks as if it could be part of a plant's root.
root-fossil,platinum,A fossil of an ancient Pokémon that lived in the sea. It appears to be part of a plant root.
root-fossil,ruby-sapphire,"A fossil of an ancient, seafloor-dwelling Pokémon."
root-fossil,scarlet-violet,A fossil from a prehistoric Pokémon that once lived in the sea. It looks as if it could be part of a plant's root.
root-fossil,sun-moon,A fossil from a prehistoric Pokémon that once lived in the sea. It looks as if it could be part of a plant's root.
root-fossil,sword-shield,A fossil from a prehistoric Pokémon that once lived in the sea. It looks as if it could be part of a plant's root.
root-fossil,ultra-sun-ultra-moon,A fossil from a prehistoric Pokémon that once lived in the sea. It looks as if it could be part of a plant's root.
root-fossil,x-y,A fossil from a prehistoric Pokémon that once lived in the sea. It looks as if it could be part of a plant's root.
rose-incense,black-2-white-2,An item to be held by a Pokémon. It is an exotic-smelling incense that boosts the power of Grass-type moves.
rose-incense,black-white,An item to be held by a Pokémon. It is an exotic-smelling incense that boosts the power of Grass-type moves.
rose-incense,brilliant-diamond-shining-pearl,An item to be held by a Pokémon. This exotic-smelling incense boosts the power of Grass-type moves.
rose-incense,diamond-pearl,An item to be held by a Pokémon. It is an exotic-smelling incense that boosts the power of Grass-type moves.
rose-incense,heartgold-soulsilver,An item to be held by a Pokémon. It is an exotic-smelling incense that boosts the power of Grass-type moves.
rose-incense,legends-arceus,An item to be held by a Pokémon. This exotic-smelling incense boosts the power of Grass-type moves.
rose-incense,lets-go-pikachu-lets-go-eevee,An item to be held by a Pokémon. This exotic-smelling incense boosts the power of Grass-type moves.
rose-incense,omega-ruby-alpha-sapphire,An item to be held by a Pokémon. This exotic-smelling incense boosts the power of Grass-type moves.
rose-incense,platinum,An item to be held by a Pokémon. It is an exotic-smelling incense that boosts the power of Grass-type moves.
rose-incense,scarlet-violet,An item to be held by a Pokémon. This incense has a curious aroma that boosts the power of the holder's Grass-type moves.
rose-incense,sun-moon,An item to be held by a Pokémon. This exotic-smelling incense boosts the power of Grass-type moves.
rose-incense,sword-shield,An item to be held by a Pokémon. This exotic-smelling incense boosts the power of Grass-type moves.
rose-incense,ultra-sun-ultra-moon,An item to be held by a Pokémon. This exotic-smelling incense boosts the power of Grass-type moves.
rose-incense,x-y,An item to be held by a Pokémon. This exotic-smelling incense boosts the power of Grass-type moves.
roseli-berry,scarlet-violet,"If a Pokémon holding this Berry is hit with a supereffective Fairy-type move, the power of that move will be weakened."
roseli-berry,x-y,"If held by a Pokémon, this Berry will lessen the damage taken from one supereffective Fairy-type attack."
roto-stick,scarlet-violet,A stick to rest a Rotom Phone on. It allows you to take selfies from a little bit farther away than you could on your own.
rotom-bike,brilliant-diamond-shining-pearl,"This bike can be combined with the Pokémon Rotom to use a turbo boost and, in Water Mode, run on the water."
rotom-bike,legends-arceus,"This bike can be combined with the Pokémon Rotom to use a turbo boost and, in Water Mode, run on the water."
rotom-bike,scarlet-violet,"This bike can be combined with the Pokémon Rotom to use a turbo boost and, in Water Mode, run on the water."
rotom-bike,sword-shield,"This bike can be combined with the Pokémon Rotom to use a turbo boost and, in Water Mode, run on the water."
rotom-catalog,brilliant-diamond-shining-pearl,A catalog of devices that Rotom like. Use the catalog to have Rotom hop in and out of the various devices listed within.
rotom-catalog,legends-za,A catalog of devices that Rotom like. Use the catalog to have Rotom hop in and out of the various devices listed within.
rotom-catalog,scarlet-violet,A catalog of devices that Rotom like. Use the catalog to have Rotom hop in and out of the various devices listed within.
rotom-catalog,sword-shield,A catalog of devices that Rotom like. Use the catalog to have Rotom hop in and out of the various devices listed within.
rotom-phone,scarlet-violet,"The latest model of smartphone. A Pokémon called Rotom lives within it, and it can be used to run all sorts of handy apps."
rotom-pokedex,sun-moon,A rare Pokédex enhanced by a Rotom that speaks and guides the player.
rotom-pokedex,ultra-sun-ultra-moon,A Pokédex possessed by a Rotom with expanded features and personality.
rowap-berry,black-2-white-2,"If held by a Pokémon and a special attack lands, the attacker also takes damage."
rowap-berry,black-white,"If held by a Pokémon and a special attack lands, the attacker also takes damage."
rowap-berry,brilliant-diamond-shining-pearl,"A Berry to be consumed by Pokémon. If a special attack hits the Pokémon holding it, the attacker will also be hurt."
rowap-berry,diamond-pearl,"A Poffin ingredient. If held by a Pokémon, and if a foe's special attack lands, the foe also takes damage."
rowap-berry,heartgold-soulsilver,"If held by a Pokémon and a foe's special attack lands, the foe also takes damage."
rowap-berry,legends-arceus,"A Berry to be consumed by Pokémon. If a special attack hits the Pokémon holding it, the attacker will also be hurt."
rowap-berry,lets-go-pikachu-lets-go-eevee,"A Berry to be consumed by Pokémon. If a special attack hits the Pokémon holding it, the attacker will also be hurt."
rowap-berry,omega-ruby-alpha-sapphire,"A Berry to be consumed by Pokémon. If a special attack hits the Pokémon holding it, the attacker will also be hurt."
rowap-berry,platinum,"A Poffin ingredient. If held by a Pokémon, and if a foe's special attack lands, the foe also takes damage."
rowap-berry,scarlet-violet,"If a Pokémon holding this Berry is hit with a special move, the attacker will also take damage."
rowap-berry,sun-moon,"A Berry to be consumed by Pokémon. If a special attack hits the Pokémon holding it, the attacker will also be hurt."
rowap-berry,sword-shield,"A Berry to be consumed by Pokémon. If a special attack hits the Pokémon holding it, the attacker will also be hurt."
rowap-berry,ultra-sun-ultra-moon,"A Berry to be consumed by Pokémon. If a special attack hits the Pokémon holding it, the attacker will also be hurt."
rowap-berry,x-y,"A Berry to be consumed by Pokémon. If a special attack hits the Pokémon holding it, the attacker will also be hurt."
rsvp-mail,black-2-white-2,Stationery designed for invitations. Let a Pokémon hold it for delivery.
rsvp-mail,black-white,Stationery designed for invitations. Let a Pokémon hold it for delivery.
rsvp-mail,brilliant-diamond-shining-pearl,Stationery designed to allow you to extend an invitation to the recipient. Have a Pokémon hold it for delivery.
rsvp-mail,legends-arceus,Stationery designed to allow you to extend an invitation to the recipient. Have a Pokémon hold it for delivery.
rsvp-mail,lets-go-pikachu-lets-go-eevee,Stationery designed to allow you to extend an invitation to the recipient. Have a Pokémon hold it for delivery.
rsvp-mail,omega-ruby-alpha-sapphire,Stationery designed to allow you to extend an invitation to the recipient. Have a Pokémon hold it for delivery.
rsvp-mail,scarlet-violet,Stationery designed to allow you to extend an invitation to the recipient. Have a Pokémon hold it for delivery.
rsvp-mail,sun-moon,Stationery designed to allow you to extend an invitation to the recipient. Have a Pokémon hold it for delivery.
rsvp-mail,sword-shield,Stationery designed to allow you to extend an invitation to the recipient. Have a Pokémon hold it for delivery.
rsvp-mail,ultra-sun-ultra-moon,Stationery designed to allow you to extend an invitation to the recipient. Have a Pokémon hold it for delivery.
rsvp-mail,x-y,Stationery designed to allow you to extend an invitation to the recipient. Have a Pokémon hold it for delivery.
ruby,emerald,"An exquisite, red-glowing gem that symbolizes passion."
ruby,firered-leafgreen,An exquisitely beautiful gem that has a red glow. It symbolizes passion.
rusted-shield,brilliant-diamond-shining-pearl,It is said that a hero used this shield to halt a terrible disaster in ancient times. But it's grown rusty and worn.
rusted-shield,legends-arceus,It is said that a hero used this shield to halt a terrible disaster in ancient times. But it's grown rusty and worn.
rusted-shield,scarlet-violet,It is said that a hero used this shield to halt a terrible disaster in ancient times. But it's grown rusty and worn.
rusted-shield,sword-shield,It is said that a hero used this shield to halt a terrible disaster in ancient times. But it's grown rusty and worn.
rusted-sword,brilliant-diamond-shining-pearl,It is said that a hero used this sword to halt a terrible disaster in ancient times. But it's grown rusty and worn.
rusted-sword,legends-arceus,It is said that a hero used this sword to halt a terrible disaster in ancient times. But it's grown rusty and worn.
rusted-sword,scarlet-violet,It is said that a hero used this sword to halt a terrible disaster in ancient times. But it's grown rusty and worn.
rusted-sword,sword-shield,It is said that a hero used this sword to halt a terrible disaster in ancient times. But it's grown rusty and worn.
sablenite,legends-za,One of a variety of mysterious Mega Stones. A Sableye holding this stone will be able to Mega Evolve during battle.
sablenite,omega-ruby-alpha-sapphire,"One of a variety of mysterious Mega Stones. Have Sableye hold it, and this stone will enable it to Mega Evolve during battle."
sachet,legends-za,A sachet filled with fragrant perfumes that are just slightly overwhelming. Yet it's loved by a certain Pokémon.
sachet,scarlet-violet,A sachet filled with fragrant perfumes that are just slightly overwhelming. Yet it's loved by a certain Pokémon.
sachet,sun-moon,A sachet filled with fragrant perfumes that are just slightly too overwhelming. Yet it's loved by a certain Pokémon.
sachet,sword-shield,A sachet filled with fragrant perfumes that are just slightly too overwhelming. Yet it's loved by a certain Pokémon.
sachet,x-y,A sachet filled with fragrant perfumes that are just slightly too overwhelming. Yet it's loved by a certain Pokémon.
sacred-ash,black-2-white-2,"It revives all fainted Pokémon. In doing so, it also fully restores their HP."
sacred-ash,black-white,"It revives all fainted Pokémon. In doing so, it also fully restores their HP."
sacred-ash,brilliant-diamond-shining-pearl,"This rare ash can revive all fainted Pokémon in a party. In doing so, it also fully restores their max HP."
sacred-ash,colosseum,Fully revives and restores all fainted Pokémon.
sacred-ash,crystal,Fully revives all fainted Pokémon.
sacred-ash,diamond-pearl,"It revives all fainted Pokémon. In doing so, it also fully restores their HP."
sacred-ash,emerald,Fully revives and restores all fainted Pokémon.
sacred-ash,firered-leafgreen,"Revives all fainted Pokémon, restoring HP fully."
sacred-ash,gold-silver,Fully revives all fainted Pokémon.
sacred-ash,heartgold-soulsilver,"It revives all fainted Pokémon. In doing so, it also fully restores their HP."
sacred-ash,legends-arceus,"This rare ash can revive all fainted Pokémon in a party. In doing so, it also fully restores their max HP."
sacred-ash,omega-ruby-alpha-sapphire,"This rare ash can revive all fainted Pokémon in a party. In doing so, it also fully restores their maximum HP."
sacred-ash,platinum,"It revives all fainted Pokémon. In doing so, it also fully restores their HP."
sacred-ash,ruby-sapphire,Fully revives and restores all fainted Pokémon.
sacred-ash,scarlet-violet,Ash that can be used to revive all party Pokémon that have fainted. It also fully restores the Pokémon’s max HP.
sacred-ash,sun-moon,"This rare ash can revive all fainted Pokémon in a party. In doing so, it also fully restores their maximum HP."
sacred-ash,sword-shield,"This rare ash can revive all fainted Pokémon in a party. In doing so, it also fully restores their max HP."
sacred-ash,ultra-sun-ultra-moon,"This rare ash can revive all fainted Pokémon in a party. In doing so, it also fully restores their maximum HP."
sacred-ash,x-y,"This rare ash can revive all fainted Pokémon in a party. In doing so, it also fully restores their maximum HP."
sacred-ash,xd,Fully revives and restores all fainted Pokémon.
safari-ball,crystal,A Ball used in the Safari Zone for catching wild Pokémon.
safari-ball,diamond-pearl,A special Poké Ball that is used only in the Great Marsh. It is decorated in a camouflage pattern.
safari-ball,emerald,A special Ball that is used only in the Safari Zone.
safari-ball,firered-leafgreen,A special Ball that is used only in the Safari Zone. It is finished in a camouflage pattern.
safari-ball,gold-silver,A Ball used in the Safari Zone for catching wild Pokémon.
safari-ball,platinum,A special Poké Ball that is used only in the Great Marsh. It is decorated in a camouflage pattern.
safari-ball,ruby-sapphire,A special Ball that is used only in the Safari Zone.
safari-ball,scarlet-violet,A special Poké Ball used in locales such as the Safari Zone in the Kanto region and the Great Marsh in the Sinnoh region.
safety-goggles,omega-ruby-alpha-sapphire,An item to be held by a Pokémon. These goggles protect the holder from both weather-related damage and powder.
safety-goggles,scarlet-violet,An item to be held by a Pokémon. These goggles protect the holder from both sandstorm damage and the effects of powders and spores.
safety-goggles,sun-moon,An item to be held by a Pokémon. These goggles protect the holder from both weather-related damage and powder.
safety-goggles,sword-shield,An item to be held by a Pokémon. These goggles protect the holder from both weather-related damage and powder.
safety-goggles,ultra-sun-ultra-moon,An item to be held by a Pokémon. These goggles protect the holder from both weather-related damage and powder.
safety-goggles,x-y,An item to be held by a Pokémon. These goggles protect the holder from both weather-related damage and powder.
sail-fossil,scarlet-violet,A fossil from a prehistoric Pokémon that once lived on land. It looks like the impression from a skin sail.
salac-berry,diamond-pearl,"A Poffin ingredient. If held by a Pokémon, it raises its Speed stat in a pinch."
salac-berry,emerald,A hold item that raises Speed in a pinch.
salac-berry,platinum,"A Poffin ingredient. If held by a Pokémon, it raises its Speed stat in a pinch."
salac-berry,ruby-sapphire,A hold item that raises Speed in a pinch.
salac-berry,scarlet-violet,"If a Pokémon holds one of these Berries, its Speed stat will be boosted should it find itself in a pinch."
salad-mix,brilliant-diamond-shining-pearl,One of the many ingredients that can be used for cooking at your camp. The assortment of vegetables looks quite appealing and healthy.
salad-mix,legends-arceus,One of the many ingredients that can be used for cooking at your camp. The assortment of vegetables looks quite appealing and healthy.
salad-mix,scarlet-violet,One of the many ingredients that can be used for cooking at your camp. The assortment of vegetables looks quite appealing and healthy.
salad-mix,sword-shield,One of the many ingredients that can be used for cooking at your camp. The assortment of vegetables looks quite appealing and healthy.
salamencite,legends-za,One of a variety of mysterious Mega Stones. A Salamence holding this stone will be able to Mega Evolve during battle.
salamencite,omega-ruby-alpha-sapphire,"One of a variety of mysterious Mega Stones. Have Salamence hold it, and this stone will enable it to Mega Evolve during battle."
salamencite,sun-moon,"One of a variety of mysterious Mega Stones. Have Salamence hold it, and this stone will enable it to Mega Evolve during battle."
salamencite,ultra-sun-ultra-moon,"One of a variety of mysterious Mega Stones. Have Salamence hold it, and this stone will enable it to Mega Evolve during battle."
salt,scarlet-violet,"A very salty seasoning, unsurprisingly. People quite like the grains of salt that can be gathered from the footprints of particularly jagged Naclstack."
salt-cake,legends-arceus,"A cake made by combining salt with a Cake-Lure Base. These cakes are potently effective at attracting Pokémon that bear a resemblance to grass, plants, or minerals."
salt-cake,scarlet-violet,"A cake made by combining salt with a Cake-Lure Base. These cakes are potently effective at attracting Pokémon that bear a resemblance to grass, plants, or minerals."
salty-herba-mystica,scarlet-violet,One of the condiments spoken of as legends. Its mellow saltiness is said to be tremendously effective when it comes to promoting health.
sand-radish,legends-arceus,"This bitter root, originally native to sandy beaches, can now be raised even in frozen soil. It is pickled to make a sweet and spicy treat known as Twice-Spiced Radishes."
sand-radish,scarlet-violet,"This bitter root, originally native to sandy beaches, can now be raised even in frozen soil. It is pickled to make a sweet and spicy treat known as Twice-Spiced Radishes."
sandwich,scarlet-violet,"A dish made by sandwiching vegetables, meat, or other ingredients between two pieces of bread. It makes a fantastic meal when out on a picnic."
sapphire,emerald,A brilliant blue gem that symbolizes honesty.
sapphire,firered-leafgreen,An exquisitely beautiful gem that has a blue glow. It symbolizes honesty.
sassy-mint,brilliant-diamond-shining-pearl,"When a Pokémon smells this mint, its Sp. Def will grow more easily, but its Speed will grow more slowly."
sassy-mint,legends-arceus,"When a Pokémon smells this mint, its Sp. Def will grow more easily, but its Speed will grow more slowly."
sassy-mint,scarlet-violet,"Having a Pokémon smell this mint can make its Sp. Def stat grow stronger. However, its Speed stat may suffer."
sassy-mint,sword-shield,"When a Pokémon smells this mint, its Sp. Def will grow more easily, but its Speed will grow more slowly."
sausages,brilliant-diamond-shining-pearl,One of the many ingredients that can be used for cooking at your camp. These sausages should be boiled before eating.
sausages,legends-arceus,One of the many ingredients that can be used for cooking at your camp. These sausages should be boiled before eating.
sausages,scarlet-violet,One of the many ingredients that can be used for cooking at your camp. These sausages should be boiled before eating.
sausages,sword-shield,One of the many ingredients that can be used for cooking at your camp. These sausages should be boiled before eating.
scanner,brilliant-diamond-shining-pearl,A device found inside Sea Mauville.
scanner,emerald,A device found inside the Abandoned Ship.
scanner,firered-leafgreen,A device used to search for life-forms in water. It looks too difficult to use.
scanner,legends-arceus,A device found inside Sea Mauville.
scanner,omega-ruby-alpha-sapphire,A device found inside Sea Mauville.
scanner,ruby-sapphire,A device found inside the Abandoned Ship.
scanner,scarlet-violet,A device found inside Sea Mauville.
scanner,sun-moon,A device found inside Sea Mauville.
scanner,sword-shield,A device found inside Sea Mauville.
scanner,ultra-sun-ultra-moon,A device found inside Sea Mauville.
scarlet-book,scarlet-violet,"A record of the expedition that the author, Heath, went on within the Great Crater of Paldea. The book has the name “Sada” written on it in clumsy handwriting."
scarlet-book,the-indigo-disk,"A record of an expedition to the Great Crater of Paldea, given to you by Professor Sada. The book has the name “Sada” written on it in clumsy handwriting."
scatter-bang,legends-arceus,"When thrown at the ground, these balls produce a loud noise and scare off weak Pokémon in the area, sending them running."
scatter-bang,scarlet-violet,"When thrown at the ground, these balls produce a loud noise and scare off low-level Pokémon in the area, sending them running."
sceptilite,legends-za,One of a variety of mysterious Mega Stones. A Sceptile holding this stone will be able to Mega Evolve during battle.
sceptilite,omega-ruby-alpha-sapphire,"One of a variety of mysterious Mega Stones. Have Sceptile hold it, and this stone will enable it to Mega Evolve during battle."
scizorite,legends-za,One of a variety of mysterious Mega Stones. A Scizor holding this stone will be able to Mega Evolve during battle.
scizorite,omega-ruby-alpha-sapphire,"One of a variety of mysterious Mega Stones. Have Scizor hold it, and this stone will enable it to Mega Evolve during battle."
scizorite,sun-moon,"One of a variety of mysterious Mega Stones. Have Scizor hold it, and this stone will enable it to Mega Evolve during battle."
scizorite,ultra-sun-ultra-moon,"One of a variety of mysterious Mega Stones. Have Scizor hold it, and this stone will enable it to Mega Evolve during battle."
scizorite,x-y,"One variety of the mysterious Mega Stones. Have Scizor hold it, and this stone will enable it to Mega Evolve during battle."
scolipite,legends-za,One of a variety of mysterious Mega Stones. A Scolipede holding this stone will be able to Mega Evolve during battle.
scope-lens,x-y,An item to be held by a Pokémon. It's a lens for scoping out weak points. It boosts the holder's critical-hit ratio.
scovillainite,legends-za,One of a variety of mysterious Mega Stones. A Scovillain holding this stone will be able to Mega Evolve during battle.
scraftinite,legends-za,One of a variety of mysterious Mega Stones. A Scrafty holding this stone will be able to Mega Evolve during battle.
scroll-of-darkness,scarlet-violet,A peculiar scroll that can make a certain species of Pokémon evolve. Written upon it are the true secrets of the path of darkness.
scroll-of-waters,scarlet-violet,A peculiar scroll that can make a certain species of Pokémon evolve. Written upon it are the true secrets of the path of water.
sea-incense,diamond-pearl,An item to be held by a Pokémon. It is incense with a curious aroma that boosts the power of Water-type moves.
sea-incense,emerald,A hold item that slightly boosts Water-type moves.
sea-incense,ruby-sapphire,A hold item that slightly boosts Water-type moves.
sea-incense,scarlet-violet,An item to be held by a Pokémon. This incense has a curious aroma that boosts the power of the holder's Water-type moves.
secret-key-kanto,emerald,The key to the Cinnabar Island Gym's entrance.
secret-key-kanto,firered-leafgreen,The key to Cinnabar Island Gym's front door. It is colored red and decorated.
secret-key-kanto,lets-go-pikachu-lets-go-eevee,The key that unlocks the front door of the Pokémon Gym on Cinnabar Island. It has a red decoration.
secret-key-kanto,stadium,The key required to enter a Pokémon Gym somewhere.
secret-key-sinnoh,black-white,A high-tech key that has to be used at a specific location. It emits a special electric signal to open a door.
secret-key-sinnoh,brilliant-diamond-shining-pearl,A high-tech key that has to be used at a specific location. It emits a special electronic signal to open a door.
secret-key-sinnoh,platinum,A high-tech key that has to be used at a specific location. It emits a special electric signal to open a door.
secret-key-sinnoh,x-y,A high-tech key that has to be used at a specific location. It emits a special electronic signal to open a door.
secret-medicine,brilliant-diamond-shining-pearl,A fantastic medicine dispensed by the pharmacy in Cianwood City. It fully heals a Pokémon of any ailment.
secret-medicine,crystal,Fully heals any Pokémon.
secret-medicine,diamond-pearl,A fantastic medicine dispensed by the pharmacy in Cianwood City. It fully heals a Pokémon of any ailment.
secret-medicine,gold-silver,Fully heals any Pokémon.
secret-medicine,legends-arceus,An astonishing medicine that can instantly restore health to any Pokémon. It is produced by an apothecary in Cianwood City.
secret-medicine,platinum,A fantastic medicine dispensed by the pharmacy in Cianwood City. It fully heals a Pokémon of any ailment.
seed-of-mastery,legends-arceus,A rare seed that can be given to the captain of the Security Corps to have a Pokémon master a move so it can be used in the agile style or strong style.
seed-of-mastery,legends-za,A rare variety of seed. A certain person can help you upgrade your Pokémon's moves into Plus Moves if given one of these.
serious-mint,brilliant-diamond-shining-pearl,"When a Pokémon smells this mint, all of its stats will grow at an equal rate."
serious-mint,legends-arceus,"When a Pokémon smells this mint, its Attack, Defense, Sp. Atk, Sp. Def, and Speed will grow at their usual rates."
serious-mint,scarlet-violet,"Having a Pokémon smell this mint will cause its Attack, Defense, Sp. Atk, Sp. Def, and Speed stats to grow at an equal rate."
serious-mint,sword-shield,"When a Pokémon smells this mint, all of its stats will grow at an equal rate."
shaderoot-carrot,brilliant-diamond-shining-pearl,Produce that the King of Bountiful Harvests' beloved steed likes to eat. It grew in a gloomy field.
shaderoot-carrot,legends-arceus,Produce that the King of Bountiful Harvests' beloved steed likes to eat. It grew in a gloomy field.
shaderoot-carrot,scarlet-violet,Produce that the King of Bountiful Harvests' beloved steed likes to eat. It grew in a gloomy field.
shaderoot-carrot,sword-shield,Produce that the King of Bountiful Harvests' beloved steed likes to eat. It grew in a gloomy field.
shadow-mail,emerald,A Duskull-print Mail to be held by a Pokémon.
shadow-mail,firered,A piece of Mail featuring a cute Duskull print. It is to be held by a Pokémon.
shadow-mail,leafgreen,A piece of Mail featuring a cute Duskull print. It is to be held by a Pokémon.
shadow-mail,ruby,A Duskull-print Mail to be held by a Pokémon.
shadow-mail,sapphire,A Duskull-print Mail to be held by a Pokémon.
shalour-sable,brilliant-diamond-shining-pearl,Shalour City's famous shortbread. It can be used once to heal all the status conditions of a Pokémon.
shalour-sable,legends-arceus,Shalour City's famous shortbread. It can be used once to heal all the status conditions of a Pokémon.
shalour-sable,lets-go-pikachu-lets-go-eevee,The Kalos region's famous shortbread. It can be used to heal all the status conditions of a single Pokémon.
shalour-sable,omega-ruby-alpha-sapphire,Shalour City's famous shortbread. It can be used once to heal all the status conditions of a Pokémon.
shalour-sable,scarlet-violet,Shalour City’s famous shortbread. It can be used to cure any status condition a Pokémon may have.
shalour-sable,sun-moon,Shalour City's famous shortbread. It can be used once to heal all the status conditions of a Pokémon.
shalour-sable,sword-shield,Shalour City's famous shortbread. It can be used once to heal all the status conditions of a Pokémon.
shalour-sable,ultra-sun-ultra-moon,Shalour City's famous shortbread. It can be used once to heal all the status conditions of a Pokémon.
shalour-sable,x-y,Shalour City's famous shortbread. It can be used once to heal all the status conditions of a Pokémon.
sharp-beak,black-2-white-2,"An item to be held by a Pokémon. It is a long, sharp beak that boosts the power of Flying-type moves."
sharp-beak,black-white,"An item to be held by a Pokémon. It is a long, sharp beak that boosts the power of Flying-type moves."
sharp-beak,brilliant-diamond-shining-pearl,"An item to be held by a Pokémon. It's a long, sharp beak that boosts the power of Flying-type moves."
sharp-beak,colosseum,A hold item that raises the power of Flying-type moves.
sharp-beak,crystal,Powers up flying-type moves. (HOLD)
sharp-beak,diamond-pearl,"An item to be held by a Pokémon. It is a long, sharp beak that boosts the power of Flying-type moves."
sharp-beak,emerald,A hold item that raises the power of Flying-type moves.
sharp-beak,firered-leafgreen,"An item to be held by a Pokémon. A long, sharp beak that boosts the power of Flying-type moves."
sharp-beak,gold-silver,Powers up flying-type moves. (HOLD)
sharp-beak,heartgold-soulsilver,"An item to be held by a Pokémon. It is a long, sharp beak that boosts the power of Flying-type moves."
sharp-beak,legends-arceus,"An item to be held by a Pokémon. It's a long, sharp beak that boosts the power of Flying-type moves."
sharp-beak,lets-go-pikachu-lets-go-eevee,"An item to be held by a Pokémon. It's a long, sharp beak that boosts the power of Flying-type moves."
sharp-beak,omega-ruby-alpha-sapphire,"An item to be held by a Pokémon. It's a long, sharp beak that boosts the power of Flying-type moves."
sharp-beak,platinum,"An item to be held by a Pokémon. It is a long, sharp beak that boosts the power of Flying-type moves."
sharp-beak,ruby-sapphire,A hold item that raises the power of Flying-type moves.
sharp-beak,scarlet-violet,"An item to be held by a Pokémon. It's a long, sharp beak that boosts the power of the holder's Flying-type moves."
sharp-beak,sun-moon,"An item to be held by a Pokémon. It's a long, sharp beak that boosts the power of Flying-type moves."
sharp-beak,sword-shield,"An item to be held by a Pokémon. It's a long, sharp beak that boosts the power of Flying-type moves."
sharp-beak,ultra-sun-ultra-moon,"An item to be held by a Pokémon. It's a long, sharp beak that boosts the power of Flying-type moves."
sharp-beak,x-y,"An item to be held by a Pokémon. It's a long, sharp beak that boosts the power of Flying-type moves."
sharp-beak,xd,A hold item that raises the power of Flying-type moves.
sharpedonite,legends-za,One of a variety of mysterious Mega Stones. A Sharpedo holding this stone will be able to Mega Evolve during battle.
sharpedonite,omega-ruby-alpha-sapphire,"One of a variety of mysterious Mega Stones. Have Sharpedo hold it, and this stone will enable it to Mega Evolve during battle."
shed-shell,black-2-white-2,"A tough, discarded carapace to be held by a Pokémon. It enables the holder to switch with a waiting Pokémon in battle."
shed-shell,black-white,"A tough, discarded carapace to be held by a Pokémon. It enables the holder to switch with a waiting Pokémon in battle."
shed-shell,brilliant-diamond-shining-pearl,An item to be held by a Pokémon. This discarded carapace enables the holder to switch out of battle without fail.
shed-shell,diamond-pearl,"A tough, discarded carapace to be held by a Pokémon. It enables the holder to switch with a waiting Pokémon in battle."
shed-shell,heartgold-soulsilver,"A tough, discarded carapace to be held by a Pokémon. It enables the holder to switch with a waiting Pokémon in battle."
shed-shell,legends-arceus,An item to be held by a Pokémon. This discarded carapace enables the holder to switch out of battle without fail.
shed-shell,lets-go-pikachu-lets-go-eevee,An item to be held by a Pokémon. This discarded carapace enables the holder to switch out of battle without fail.
shed-shell,omega-ruby-alpha-sapphire,An item to be held by a Pokémon. This discarded carapace enables the holder to switch out of battle without fail.
shed-shell,platinum,"A tough, discarded carapace to be held by a Pokémon. It enables the holder to switch with a waiting Pokémon in battle."
shed-shell,scarlet-violet,"An item to be held by a Pokémon. Hard and sturdy, this discarded carapace enables the holder to switch out of battle without fail."
shed-shell,sun-moon,An item to be held by a Pokémon. This discarded carapace enables the holder to switch out of battle without fail.
shed-shell,sword-shield,An item to be held by a Pokémon. This discarded carapace enables the holder to switch out of battle without fail.
shed-shell,ultra-sun-ultra-moon,An item to be held by a Pokémon. This discarded carapace enables the holder to switch out of battle without fail.
shed-shell,x-y,An item to be held by a Pokémon. This discarded carapace enables the holder to switch out of battle without fail.
shell-bell,black-2-white-2,An item to be held by a Pokémon. The holder's HP is restored a little every time it inflicts damage.
shell-bell,black-white,An item to be held by a Pokémon. The holder's HP is restored a little every time it inflicts damage.
shell-bell,brilliant-diamond-shining-pearl,An item to be held by a Pokémon. The holder restores a little HP every time it inflicts damage on others.
shell-bell,diamond-pearl,An item to be held by a Pokémon. The holder's HP is restored a little every time it inflicts damage.
shell-bell,emerald,A hold item that restores HP upon striking the foe.
shell-bell,firered-leafgreen,An item to be held by a Pokémon. The holding Pokémon regains some HP upon striking the foe.
shell-bell,heartgold-soulsilver,An item to be held by a Pokémon. The holder's HP is restored a little every time it inflicts damage.
shell-bell,legends-arceus,An item to be held by a Pokémon. The holder restores a little HP every time it inflicts damage on others.
shell-bell,lets-go-pikachu-lets-go-eevee,An item to be held by a Pokémon. The holder regains a little HP every time it inflicts damage on others.
shell-bell,omega-ruby-alpha-sapphire,An item to be held by a Pokémon. The holder regains a little HP every time it inflicts damage on others.
shell-bell,platinum,An item to be held by a Pokémon. The holder's HP is restored a little every time it inflicts damage.
shell-bell,ruby-sapphire,A hold item that restores HP upon striking the foe.
shell-bell,scarlet-violet,An item to be held by a Pokémon. The holder restores a little HP to itself every time it inflicts damage with an attack.
shell-bell,sun-moon,An item to be held by a Pokémon. The holder regains a little HP every time it inflicts damage on others.
shell-bell,sword-shield,An item to be held by a Pokémon. The holder restores a little HP every time it inflicts damage on others.
shell-bell,ultra-sun-ultra-moon,An item to be held by a Pokémon. The holder regains a little HP every time it inflicts damage on others.
shell-bell,x-y,An item to be held by a Pokémon. The holder regains a little HP every time it inflicts damage on others.
shiny-charm,black-2-white-2,A shiny charm said to increase the chance of finding a Shiny Pokémon.
shiny-charm,brilliant-diamond-shining-pearl,A shiny charm said to increase the chance of finding a Shiny Pokémon in the wild.
shiny-charm,legends-arceus,A charm that shines with a mysterious light. It is said to increase the chance of finding a Shiny Pokémon in the wild.
shiny-charm,legends-za,Having one of these mysterious shining charms makes it more likely you'll encounter Shiny Pokémon in the wild.
shiny-charm,scarlet-violet,Having one of these mysterious shining charms makes it more likely you'll encounter Shiny Pokémon in the wild.
shiny-charm,sun-moon,A shiny charm said to increase the chance of finding a Shiny Pokémon in the wild.
shiny-charm,sword-shield,A shiny charm said to increase the chance of finding a Shiny Pokémon in the wild.
shiny-charm,x-y,A shiny charm said to increase the chance of finding a Shiny Pokémon in the wild.
shiny-stone,diamond-pearl,A peculiar stone that makes certain species of Pokémon evolve. It shines with a dazzling light.
shiny-stone,platinum,A peculiar stone that makes certain species of Pokémon evolve. It shines with a dazzling light.
shiny-stone,x-y,A peculiar stone that can make certain species of Pokémon evolve. It shines with a dazzling light.
shoal-salt,black-white,Pure salt that can be discovered deep inside the Shoal Cave. A maniac will buy it for a high price.
shoal-salt,diamond-pearl,Pure salt that was discovered deep inside the Shoal Cave. It is extremely salty.
shoal-salt,emerald,Salt obtained deep inside the Shoal Cave.
shoal-salt,firered-leafgreen,Pure salt obtained from deep inside the Shoal Cave. It is extremely salty.
shoal-salt,omega-ruby-alpha-sapphire,Salt that you found inside Shoal Cave.
shoal-salt,platinum,Pure salt that was discovered deep inside the Shoal Cave. It is extremely salty.
shoal-salt,ruby-sapphire,Salt obtained deep inside the Shoal Cave.
shoal-salt,scarlet-violet,Salt that was found inside Shoal Cave.
shoal-salt,x-y,Pure salt that can be discovered only deep inside the Shoal Cave.
shoal-shell,black-2-white-2,A pretty seashell that can be found deep inside the Shoal Cave. A maniac will buy it for a high price.
shoal-shell,black-white,A pretty seashell that can be found deep inside the Shoal Cave. A maniac will buy it for a high price.
shoal-shell,colosseum,An item brought over from a faraway place.
shoal-shell,diamond-pearl,A pretty seashell that was found deep inside the Shoal Cave. It is striped in blue and white.
shoal-shell,emerald,A seashell found deep inside the Shoal Cave.
shoal-shell,firered-leafgreen,A pretty seashell found deep inside the Shoal Cave. It is striped in blue and white.
shoal-shell,omega-ruby-alpha-sapphire,A seashell that you found inside Shoal Cave.
shoal-shell,platinum,A pretty seashell that was found deep inside the Shoal Cave. It is striped in blue and white.
shoal-shell,ruby-sapphire,A seashell found deep inside the Shoal Cave.
shoal-shell,scarlet-violet,A seashell that was found inside Shoal Cave.
shoal-shell,sun-moon,A seashell that you found inside Shoal Cave.
shoal-shell,ultra-sun-ultra-moon,A seashell that you found inside Shoal Cave.
shoal-shell,x-y,A pretty seashell that can be found deep inside the Shoal Cave.
shoal-shell,xd,An item brought over from a faraway place.
shock-drive,black-2-white-2,A cassette to be held by Genesect. It changes Techno Blast to an Electric-type move.
shock-drive,black-white,A cassette to be held by Genesect. It changes Techno Blast to an Electric-type move.
shock-drive,brilliant-diamond-shining-pearl,A cassette to be held by Genesect. It changes Genesect's Techno Blast move so it becomes Electric type.
shock-drive,legends-arceus,A cassette to be held by Genesect. It changes Genesect's Techno Blast move so it becomes Electric type.
shock-drive,legends-za,A cassette to be held by Genesect. It changes Genesect's Techno Blast move so it becomes Electric type.
shock-drive,omega-ruby-alpha-sapphire,A cassette to be held by Genesect. It changes Genesect's Techno Blast move so it becomes Electric type.
shock-drive,scarlet-violet,A cassette to be held by Genesect. It changes Genesect's Techno Blast move so it becomes Electric type.
shock-drive,sun-moon,A cassette to be held by Genesect. It changes Genesect's Techno Blast move so it becomes Electric type.
shock-drive,sword-shield,A cassette to be held by Genesect. It changes Genesect's Techno Blast move so it becomes Electric type.
shock-drive,ultra-sun-ultra-moon,A cassette to be held by Genesect. It changes Genesect's Techno Blast move so it becomes Electric type.
shock-drive,x-y,A cassette to be held by Genesect. It changes Genesect's Techno Blast move so it becomes Electric type.
shuca-berry,black-2-white-2,Weakens a supereffective Ground-type attack against the holding Pokémon.
shuca-berry,black-white,Weakens a supereffective Ground-type attack against the holding Pokémon.
shuca-berry,brilliant-diamond-shining-pearl,"If held by a Pokémon, this Berry will lessen the damage taken from one supereffective Ground-type attack."
shuca-berry,diamond-pearl,"A Poffin ingredient. If held by a Pokémon, it weakens a foe's supereffective Ground-type attack."
shuca-berry,heartgold-soulsilver,"If held by a Pokémon, it weakens a foe's supereffective Ground-type attack."
shuca-berry,legends-arceus,"If held by a Pokémon, this Berry will lessen the damage taken from one supereffective Ground-type attack."
shuca-berry,omega-ruby-alpha-sapphire,"If held by a Pokémon, this Berry will lessen the damage taken from one supereffective Ground-type attack."
shuca-berry,platinum,"A Poffin ingredient. If held by a Pokémon, it weakens a foe's supereffective Ground-type attack."
shuca-berry,scarlet-violet,"If a Pokémon holding this Berry is hit with a supereffective Ground-type move, the power of that move will be weakened."
shuca-berry,sun-moon,"If held by a Pokémon, this Berry will lessen the damage taken from one supereffective Ground-type attack."
shuca-berry,sword-shield,"If held by a Pokémon, this Berry will lessen the damage taken from one supereffective Ground-type attack."
shuca-berry,ultra-sun-ultra-moon,"If held by a Pokémon, this Berry will lessen the damage taken from one supereffective Ground-type attack."
shuca-berry,x-y,"If held by a Pokémon, this Berry will lessen the damage taken from one supereffective Ground-type attack."
silk-scarf,emerald,A hold item that raises the power of Normal-type moves.
silk-scarf,ruby-sapphire,A hold item that raises the power of Normal-type moves.
silk-scarf,scarlet-violet,An item to be held by a Pokémon. It's a sumptuous scarf that boosts the power of the holder's Normal-type moves.
silph-scope,emerald,Silph Co.'s scope makes unseeable Pokémon visible.
silph-scope,firered-leafgreen,A scope that makes unseeable Pokémon visible. It is made by Silph Co.
silph-scope,lets-go-pikachu-lets-go-eevee,A scope that lets you see what cannot usually be seen. It is made by Silph Co.
silph-scope,stadium,An item that makes ghosts clearly distinguishable.
silver-bottle,scarlet-violet,"A popular option among hikers. It's made with titanium, so it doesn't rust even if it's used to hold drinks with high sodium content."
silver-cup,scarlet-violet,"A popular option among hikers. It's made with titanium, so it doesn't rust even if it's used to hold drinks with high sodium content."
silver-feather,black-2-white-2,"A strange, silvery feather that sparkles."
silver-feather,black-white,"A strange, silvery feather that sparkles."
silver-feather,brilliant-diamond-shining-pearl,"A strange, silvery feather that sparkles."
silver-feather,crystal,"A strange, silver-colored feather."
silver-feather,gold-silver,"A strange, silver-colored feather."
silver-feather,heartgold-soulsilver,"A strange, silvery feather that sparkles."
silver-feather,legends-arceus,"A strange, silvery feather that sparkles."
silver-feather,lets-go-pikachu-lets-go-eevee,"A strange, silvery feather that sparkles."
silver-feather,omega-ruby-alpha-sapphire,"A strange, silvery feather that sparkles."
silver-feather,scarlet-violet,A strange feather that gleams with a silvery color.
silver-feather,sun-moon,"A strange, silvery feather that sparkles."
silver-feather,sword-shield,"A strange, silvery feather that sparkles."
silver-feather,ultra-sun-ultra-moon,"A strange, silvery feather that sparkles."
silver-feather,x-y,"A strange, silvery feather that sparkles."
silver-leaf,crystal,"A strange, silver-colored leaf."
silver-leaf,gold,"A strange, silver-colored leaf."
silver-leaf,lets-go-pikachu-lets-go-eevee,A mysterious silver leaf. No trees with this leaf have been found yet.
silver-leaf,silver,"A strange, silver-colored leaf."
silver-nanab-berry,brilliant-diamond-shining-pearl,A Berry that calms wild Pokémon you're trying to catch when given to them.
silver-nanab-berry,legends-arceus,A Berry that calms wild Pokémon you're trying to catch when given to them.
silver-nanab-berry,lets-go-pikachu-lets-go-eevee,A Berry that calms wild Pokémon you're trying to catch when given to them.
silver-nanab-berry,scarlet-violet,A Berry that calms Pokémon you're trying to catch when given to them.
silver-nanab-berry,sword-shield,A Berry that calms wild Pokémon you're trying to catch when given to them.
silver-pick,scarlet-violet,"A silver pick that oozes class. Using it on a sandwich lends an extravagant air that'll make you want to eat up, even if you don't love the fillings."
silver-pinap-berry,brilliant-diamond-shining-pearl,A Berry that makes you more likely to get an item when given to Pokémon you're trying to catch.
silver-pinap-berry,legends-arceus,A Berry that makes you more likely to get an item when given to Pokémon you're trying to catch.
silver-pinap-berry,lets-go-pikachu-lets-go-eevee,A Berry that makes you more likely to get an item when given to Pokémon you're trying to catch.
silver-pinap-berry,scarlet-violet,A Berry that makes you more likely to get an item when given to Pokémon you're trying to catch.
silver-pinap-berry,sword-shield,A Berry that makes you more likely to get an item when given to Pokémon you're trying to catch.
silver-powder,crystal,Powers up Bug-type moves.
silver-powder,gold-silver,Powers up Bug-type moves.
silver-powder,scarlet-violet,An item to be held by a Pokémon. It's a shiny silver powder that boosts the power of the holder's Bug-type moves.
silver-razz-berry,brilliant-diamond-shining-pearl,A Berry that makes it easier to catch Pokémon when given to them.
silver-razz-berry,legends-arceus,A Berry that makes it easier to catch Pokémon when given to them.
silver-razz-berry,lets-go-pikachu-lets-go-eevee,A Berry that makes it easier to catch Pokémon when given to them.
silver-razz-berry,scarlet-violet,A Berry that makes it easier to catch Pokémon when given to them.
silver-razz-berry,sword-shield,A Berry that makes it easier to catch Pokémon when given to them.
simple-chairs,scarlet-violet,A set of chairs that are ideal for picnicking. They have a simple design that can stand up to both dirt and physical impacts.
sitrus-berry,diamond-pearl,It may be used or held by a Pokémon to heal the user's HP a little.
sitrus-berry,emerald,A hold item that restores 30 HP in battle.
sitrus-berry,legends-arceus,A Berry that can be fed to a Pokémon to restore its HP by up to half its max.
sitrus-berry,ruby-sapphire,A hold item that restores 30 HP in battle.
sitrus-berry,x-y,"A Berry to be consumed by Pokémon. If a Pokémon holds one, it can restore its own HP by a small amount during battle."
skarmorite,legends-za,One of a variety of mysterious Mega Stones. A Skarmory holding this stone will be able to Mega Evolve during battle.
skull-fossil,black-2-white-2,A fossil from a prehistoric Pokémon that lived on the land. It appears to be part of a head.
skull-fossil,black-white,A fossil from a prehistoric Pokémon that lived on the land. It appears to be part of a head.
skull-fossil,brilliant-diamond-shining-pearl,A fossil from a prehistoric Pokémon that once lived on the land. It appears as though it's part of a head.
skull-fossil,diamond-pearl,A fossil from a prehistoric Pokémon that lived on the land. It appears to be part of a head.
skull-fossil,heartgold-soulsilver,A fossil from a prehistoric Pokémon that lived on the land. It appears to be part of a head.
skull-fossil,legends-arceus,A fossil from a prehistoric Pokémon that once lived on the land. It appears as though it's part of a head.
skull-fossil,omega-ruby-alpha-sapphire,A fossil from a prehistoric Pokémon that once lived on the land. It appears as though it's part of a head.
skull-fossil,platinum,A fossil from a prehistoric Pokémon that lived on the land. It appears to be part of a head.
skull-fossil,scarlet-violet,A fossil from a prehistoric Pokémon that once lived on the land. It appears as though it's part of a head.
skull-fossil,sun-moon,A fossil from a prehistoric Pokémon that once lived on the land. It appears as though it's part of a head.
skull-fossil,sword-shield,A fossil from a prehistoric Pokémon that once lived on the land. It appears as though it's part of a head.
skull-fossil,ultra-sun-ultra-moon,A fossil from a prehistoric Pokémon that once lived on the land. It appears as though it's part of a head.
skull-fossil,x-y,A fossil from a prehistoric Pokémon that once lived on the land. It appears as though it's part of a head.
sky-plate,black-2-white-2,An item to be held by a Pokémon. It is a stone tablet that boosts the power of Flying-type moves.
sky-plate,black-white,An item to be held by a Pokémon. It is a stone tablet that boosts the power of Flying-type moves.
sky-plate,brilliant-diamond-shining-pearl,An item to be held by a Pokémon. It's a stone tablet that boosts the power of Flying-type moves.
sky-plate,diamond-pearl,An item to be held by a Pokémon. It is a stone tablet that boosts the power of Flying-type moves.
sky-plate,heartgold-soulsilver,An item to be held by a Pokémon. It is a stone tablet that boosts the power of Flying-type moves.
sky-plate,legends-arceus,"A stone tablet imbued with the essence of flight. When used on a certain Pokémon, it allows that Pokémon to gain the power of the Flying type."
sky-plate,lets-go-pikachu-lets-go-eevee,An item to be held by a Pokémon. It's a stone tablet that boosts the power of Flying-type moves.
sky-plate,omega-ruby-alpha-sapphire,An item to be held by a Pokémon. It's a stone tablet that boosts the power of Flying-type moves.
sky-plate,platinum,An item to be held by a Pokémon. It is a stone tablet that boosts the power of Flying-type moves.
sky-plate,scarlet-violet,An item to be held by a Pokémon. This stone tablet is imbued with the essence of flight and boosts the power of the holder’s Flying-type moves.
sky-plate,sun-moon,An item to be held by a Pokémon. It's a stone tablet that boosts the power of Flying-type moves.
sky-plate,sword-shield,An item to be held by a Pokémon. It's a stone tablet that boosts the power of Flying-type moves.
sky-plate,ultra-sun-ultra-moon,An item to be held by a Pokémon. It's a stone tablet that boosts the power of Flying-type moves.
sky-plate,x-y,An item to be held by a Pokémon. It's a stone tablet that boosts the power of Flying-type moves.
sky-tumblestone,legends-arceus,"When combined with an Apricorn, this mysterious sky-blue stone can draw out the properties required to forge a Feather Ball."
sky-tumblestone,scarlet-violet,"When combined with an Apricorn, this mysterious sky-blue stone can draw out the properties required to forge a Feather Ball."
slowbronite,legends-za,"One of a variety of mysterious Mega Stones. A Slowbro holding this stone will be able to Mega Evolve during battle. It won't work for a Galarian Slowbro, however."
slowbronite,lets-go-pikachu-lets-go-eevee,One of a variety of mysterious Mega Stones. This stone will enable Slowbro to Mega Evolve during battle.
slowbronite,omega-ruby-alpha-sapphire,"One of a variety of mysterious Mega Stones. Have Slowbro hold it, and this stone will enable it to Mega Evolve during battle."
slowpoke-cup,scarlet-violet,"A cup for big-time Pokémon fans. Kids will happily drink out of it, making it a boon to parents."
slowpoke-tail,black-2-white-2,A very tasty tail of something. It sells for a high price.
slowpoke-tail,crystal,Very tasty. Sell high.
slowpoke-tail,gold-silver,Very tasty. Sell high.
slowpoke-tail,heartgold-soulsilver,A very tasty tail of something. It sells for a high price.
slowpoke-tail,sun-moon,A very tasty tail of something. It can be sold at a high price to shops.
slowpoke-tail,x-y,A very tasty tail of something. It can be sold at a high price to shops.
small-bouquet,brilliant-diamond-shining-pearl,A small bouquet that was made with heart and soul for a single Trainer.
small-bouquet,legends-arceus,A small bouquet that was made with heart and soul for a single Trainer.
small-bouquet,lets-go-pikachu-lets-go-eevee,A small bouquet that was made with heart and soul for a single Trainer.
small-bouquet,scarlet-violet,A small bouquet that was made with heart and soul for a single Trainer.
small-bouquet,sword-shield,A small bouquet that was made with heart and soul for a single Trainer.
smart-candy,brilliant-diamond-shining-pearl,"A candy that is packed with energy. When given to a Pokémon, it will increase that Pokémon's Sp. Attack."
smart-candy,legends-arceus,"A candy that is packed with energy. When given to a Pokémon, it will increase that Pokémon's Sp. Attack."
smart-candy,lets-go-pikachu-lets-go-eevee,"A candy that is packed with energy. When given to a Pokémon, it will increase that Pokémon's Sp. Attack."
smart-candy,scarlet-violet,"A candy that is packed with energy. When given to a Pokémon, it will increase that Pokémon's Sp. Attack."
smart-candy,sword-shield,"A candy that is packed with energy. When given to a Pokémon, it will increase that Pokémon's Sp. Attack."
smart-candy-l,brilliant-diamond-shining-pearl,"A big candy that is packed with energy. When given to a Pokémon Lv. 30 or higher, it will increase that Pokémon's Sp. Attack."
smart-candy-l,legends-arceus,"A big candy that is packed with energy. When given to a Pokémon Lv. 30 or higher, it will increase that Pokémon's Sp. Attack."
smart-candy-l,lets-go-pikachu-lets-go-eevee,"A big candy that is packed with energy. When given to a Pokémon Lv. 30 or higher, it will increase that Pokémon's Sp. Attack."
smart-candy-l,scarlet-violet,"A big candy that is packed with energy. When given to a Pokémon Lv. 30 or higher, it will increase that Pokémon's Sp. Attack."
smart-candy-l,sword-shield,"A big candy that is packed with energy. When given to a Pokémon Lv. 30 or higher, it will increase that Pokémon's Sp. Attack."
smart-candy-xl,brilliant-diamond-shining-pearl,"A huge candy that is packed with energy. When given to a Pokémon Lv. 60 or higher, it will increase that Pokémon's Sp. Attack."
smart-candy-xl,legends-arceus,"A huge candy that is packed with energy. When given to a Pokémon Lv. 60 or higher, it will increase that Pokémon's Sp. Attack."
smart-candy-xl,lets-go-pikachu-lets-go-eevee,"A huge candy that is packed with energy. When given to a Pokémon Lv. 60 or higher, it will increase that Pokémon's Sp. Attack."
smart-candy-xl,scarlet-violet,"A huge candy that is packed with energy. When given to a Pokémon Lv. 60 or higher, it will increase that Pokémon's Sp. Attack."
smart-candy-xl,sword-shield,"A huge candy that is packed with energy. When given to a Pokémon Lv. 60 or higher, it will increase that Pokémon's Sp. Attack."
smiling-vee-pick,scarlet-violet,"A pick designed after Eevee, sporting the Pokémon's smiling face. It's easy to grab by the ears, which is part of why it's so popular."
smoke-ball,crystal,Escape from wild Pokémon. (HOLD)
smoke-ball,diamond-pearl,An item to be held by a Pokémon. It enables the holder to flee from any wild Pokémon without fail.
smoke-ball,emerald,A hold item that assures fleeing from wild Pokémon.
smoke-ball,firered-leafgreen,An item to be held by a Pokémon. The holding Pokémon can flee from any wild Pokémon for sure.
smoke-ball,gold-silver,Escape from wild Pokémon. (HOLD)
smoke-ball,omega-ruby-alpha-sapphire,An item to be held by a Pokémon. It enables the holder to flee from any wild Pokémon encounter without fail.
smoke-ball,platinum,An item to be held by a Pokémon. It enables the holder to flee from any wild Pokémon without fail.
smoke-ball,ruby-sapphire,A hold item that can be used to flee from a wild Pokémon.
smoke-ball,scarlet-violet,An item to be held by a Pokémon. It enables the holder to flee from any wild Pokémon encounter without fail.
smoke-ball,x-y,An item to be held by a Pokémon. It enables the holder to flee from any wild Pokémon encounter without fail.
smoke-bomb,legends-arceus,"When thrown at the ground, these balls produce a cloud of fine powder that will reduce visibility in the area and keep wild Pokémon from noticing you."
smoke-bomb,scarlet-violet,"When thrown at the ground, these balls produce a cloud of fine powder that will reduce visibility in the area and keep wild Pokémon from noticing you."
smoke-poke-tail,brilliant-diamond-shining-pearl,"One of the many ingredients that can be used for cooking at your camp. When a Slowpoke's tail falls off, it grows back quickly."
smoke-poke-tail,legends-arceus,"One of the many ingredients that can be used for cooking at your camp. When a Slowpoke's tail falls off, it grows back quickly."
smoke-poke-tail,scarlet-violet,"One of the many ingredients that can be used for cooking at your camp. When a Slowpoke's tail falls off, it grows back quickly."
smoke-poke-tail,sword-shield,"One of the many ingredients that can be used for cooking at your camp. When a Slowpoke's tail falls off, it grows back quickly."
smoked-fillet,scarlet-violet,A very salty and bitter ingredient with that unmistakable smoky flavor. It pairs exceptionally well with veggies.
smooth-rock,black-2-white-2,A Pokémon held item that extends the duration of the move Sandstorm used by the holder.
smooth-rock,black-white,A Pokémon held item that extends the duration of the move Sandstorm used by the holder.
smooth-rock,brilliant-diamond-shining-pearl,An item to be held by a Pokémon. It extends the duration of the move Sandstorm when used by the holder.
smooth-rock,diamond-pearl,A Pokémon hold item that extends the duration of the move Sandstorm used by the holder.
smooth-rock,heartgold-soulsilver,A Pokémon held item that extends the duration of the move Sandstorm used by the holder.
smooth-rock,legends-arceus,An item to be held by a Pokémon. It extends the duration of the move Sandstorm when used by the holder.
smooth-rock,lets-go-pikachu-lets-go-eevee,An item to be held by a Pokémon. It extends the duration of the move Sandstorm when used by the holder.
smooth-rock,omega-ruby-alpha-sapphire,An item to be held by a Pokémon. It extends the duration of the move Sandstorm when used by the holder.
smooth-rock,platinum,A Pokémon hold item that extends the duration of the move Sandstorm used by the holder.
smooth-rock,scarlet-violet,"An item to be held by a Pokémon. When the holder changes the weather to a sandstorm, the storm will persist for longer than usual."
smooth-rock,sun-moon,An item to be held by a Pokémon. It extends the duration of the move Sandstorm when used by the holder.
smooth-rock,sword-shield,An item to be held by a Pokémon. It extends the duration of the move Sandstorm when used by the holder.
smooth-rock,ultra-sun-ultra-moon,An item to be held by a Pokémon. It extends the duration of the move Sandstorm when used by the holder.
smooth-rock,x-y,An item to be held by a Pokémon. It extends the duration of the move Sandstorm when used by the holder.
snorlium-z,scarlet-violet,It converts Z-Power into crystals that upgrade Snorlax's Giga Impact to a Z-Move.
snorlium-z,sun-moon,It converts Z-Power into crystals that upgrade Snorlax's Giga Impact to an exclusive Z-Move.
snorlium-z,ultra-sun-ultra-moon,It converts Z-Power into crystals that upgrade Snorlax's Giga Impact to an exclusive Z-Move.
snow-balm,legends-arceus,"A mysterious balm that gives off a soothing scent. It can be used to help calm the frenzy of the Lord of the Tundra, Avalugg."
snow-mail,diamond-pearl,"Stationery featuring a print of a chilly, snow-covered world. Let a Pokémon hold it for delivery."
snow-mail,heartgold-soulsilver,"Stationery featuring a print of a chilly, snow-covered world. Let a Pokémon hold it for delivery."
snow-mail,platinum,"Stationery featuring a print of a chilly, snow-covered world. Let a Pokémon hold it for delivery."
snowball,legends-arceus,"A hard ball made of compressed snow. Hitting a Pokémon with one may stun the Pokémon, creating an opening for you to act."
snowball,omega-ruby-alpha-sapphire,An item to be held by a Pokémon. It boosts Attack if hit with an Ice-type attack. It can only be used once.
snowball,scarlet-violet,An item to be held by a Pokémon. This single-use ball of snow boosts the Attack stat if the holder is damaged by an Ice-type move.
snowball,sun-moon,An item to be held by a Pokémon. It boosts Attack if the holder is hit with an Ice-type attack. It can only be used once.
snowball,ultra-sun-ultra-moon,An item to be held by a Pokémon. It boosts Attack if the holder is hit with an Ice-type attack. It can only be used once.
snowball,x-y,An item to be held by a Pokémon. It boosts Attack if hit with an Ice-type attack. It can only be used once.
soda-pop,crystal,Restores Pokémon HP by 60.
soda-pop,gold-silver,Restores Pokémon HP by 60.
soda-pop,scarlet-violet,A highly carbonated soda drink. It can be used to restore 50 HP to a Pokémon.
soda-pop,sun-moon,"A highly carbonated soda drink. When consumed, it restores up to 50 HP to an injured Pokémon."
soda-pop,x-y,"A highly carbonated soda drink. When consumed, it restores 60 HP to an injured Pokémon."
soft-sand,crystal,Powers up ground-type moves. (HOLD)
soft-sand,diamond-pearl,"A loose, silky sand that boosts the power of Ground-type moves."
soft-sand,emerald,A hold item that raises the power of Ground-type moves.
soft-sand,firered-leafgreen,"A loose, silky sand that boosts the power of Ground-type moves."
soft-sand,gold-silver,Powers up ground-type moves. (HOLD)
soft-sand,platinum,"A loose, silky sand that boosts the power of Ground-type moves."
soft-sand,ruby-sapphire,A hold item that raises the power of Ground-type moves.
soft-sand,scarlet-violet,"A loose, silky sand that boosts the power of the holder's Ground-type moves."
soft-sand,sun-moon,"A loose, silky sand that boosts the power of Ground-type moves."
soft-sand,ultra-sun-ultra-moon,"A loose, silky sand that boosts the power of Ground-type moves."
solgaleo-treat,scarlet-violet,A snack made from ingredients favored by the Legendary Pokémon Solgaleo.
solganium-z,scarlet-violet,It converts Z-Power into crystals that upgrade Solgaleo's Sunsteel Strike to a Z-Move.
solganium-z,sun-moon,It converts Z-Power into crystals that upgrade Solgaleo's Sunsteel Strike to an exclusive Z-Move.
solganium-z,ultra-sun-ultra-moon,It converts Z-Power into crystals that upgrade Solgaleo's Sunsteel Strike to an exclusive Z-Move.
sonias-book,brilliant-diamond-shining-pearl,Professor Sonia's published writings. Her new discoveries about the Galar region's legends are recorded in this enjoyable read.
sonias-book,legends-arceus,Professor Sonia's published writings. Her new discoveries about the Galar region's legends are recorded in this enjoyable read.
sonias-book,scarlet-violet,Professor Sonia's published writings. Her new discoveries about the Galar region's legends are recorded in this enjoyable read.
sonias-book,sword-shield,Professor Sonia's published writings. Her new discoveries about the Galar region's legends are recorded in this enjoyable read.
soot-sack,brilliant-diamond-shining-pearl,A sack used to gather and hold volcanic ash.
soot-sack,emerald,A sack used to gather and hold volcanic ash.
soot-sack,firered,A sack used to collect volcanic ash automatically during walks over deep ash.
soot-sack,leafgreen,A sack used to collect volcanic ash automatically during walks over deep ash.
soot-sack,legends-arceus,A sack used to gather and hold volcanic ash.
soot-sack,lets-go-pikachu-lets-go-eevee,A sack used to gather and hold volcanic ash.
soot-sack,omega-ruby-alpha-sapphire,A sack used to gather and hold volcanic ash.
soot-sack,ruby,A sack used to gather and hold volcanic ash.
soot-sack,sapphire,A sack used to gather and hold volcanic ash.
soot-sack,scarlet-violet,A sack used to gather and hold volcanic ash.
soot-sack,sun-moon,A sack used to gather and hold volcanic ash.
soot-sack,sword-shield,A sack used to gather and hold volcanic ash.
soot-sack,ultra-sun-ultra-moon,A sack used to gather and hold volcanic ash.
sootfoot-root,legends-arceus,"A tuber used for crafting Smoke Bombs. It can be mashed for use in cooking, but it can also be dried and ground to produce a fine powder."
soothe-bell,black-2-white-2,An item to be held by a Pokémon. It is a bell with a comforting chime that calms the holder and makes it friendly.
soothe-bell,black-white,An item to be held by a Pokémon. It is a bell with a comforting chime that calms the holder and makes it friendly.
soothe-bell,brilliant-diamond-shining-pearl,"An item to be held by a Pokémon. The comforting chime of this bell calms the holder, making it friendly."
soothe-bell,colosseum,A hold item that calms spirits and fosters friendship.
soothe-bell,diamond-pearl,An item to be held by a Pokémon. It is a bell with a comforting chime that calms the holder and makes it friendly.
soothe-bell,emerald,A hold item that calms spirits and fosters friendship.
soothe-bell,firered-leafgreen,An item to be held by a Pokémon. A bell with a comforting chime that makes the holder calm and friendly.
soothe-bell,heartgold-soulsilver,An item to be held by a Pokémon. It is a bell with a comforting chime that calms the holder and makes it friendly.
soothe-bell,legends-arceus,"An item to be held by a Pokémon. The comforting chime of this bell calms the holder, making it friendly."
soothe-bell,legends-za,"An item to be held by a Pokémon. The comforting chime of this bell calms the holder, making it friendly."
soothe-bell,lets-go-pikachu-lets-go-eevee,"An item to be held by a Pokémon. The comforting chime of this bell calms the holder, making it friendly."
soothe-bell,omega-ruby-alpha-sapphire,"An item to be held by a Pokémon. The comforting chime of this bell calms the holder, making it friendly."
soothe-bell,platinum,An item to be held by a Pokémon. It is a bell with a comforting chime that calms the holder and makes it friendly.
soothe-bell,ruby-sapphire,A hold item that calms spirits and fosters friendship.
soothe-bell,scarlet-violet,"An item to be held by a Pokémon. The comforting chime of this bell calms the holder, making it friendly."
soothe-bell,sun-moon,"An item to be held by a Pokémon. The comforting chime of this bell calms the holder, making it friendly."
soothe-bell,sword-shield,"An item to be held by a Pokémon. The comforting chime of this bell calms the holder, making it friendly."
soothe-bell,ultra-sun-ultra-moon,"An item to be held by a Pokémon. The comforting chime of this bell calms the holder, making it friendly."
soothe-bell,x-y,"An item to be held by a Pokémon. The comforting chime of this bell calms the holder, making it friendly."
soothe-bell,xd,A hold item that calms spirits and fosters friendship.
soul-dew,diamond-pearl,A wondrous orb to be held by Latios or Latias. It raises both the Sp. Atk and Sp. Def stats.
soul-dew,platinum,A wondrous orb to be held by Latios or Latias. It raises both the Sp. Atk and Sp. Def stats.
soul-dew,ruby-sapphire,Hold item: Raises Sp. Atk & Sp. Def of Latios & Latias.
soul-dew,scarlet-violet,A wondrous orb to be held by Latios or Latias. It boosts the power of their Psychic- and Dragon-type moves.
soul-dew,sun-moon,A wondrous orb to be held by either Latios or Latias. It raises the power of Psychic- and Dragon-type moves.
soul-slate,brilliant-diamond-shining-pearl,A slate overflowing with enigmatic energy. You can feel a strong connection between it and the Soul Room at Ramanas Park.
soul-slate,scarlet-violet,A slate overflowing with enigmatic energy. You can feel a strong connection between it and the Soul Room at Ramanas Park.
sour-herba-mystica,scarlet-violet,This surpassingly sour condiment is said to be super effective in helping the eater recover from exhaustion. Only a scant few people know it exists.
space-balm,legends-arceus,A mysterious balm that somehow has the power to calm Palkia in its frenzy.
space-balm,scarlet-violet,A mysterious balm that somehow has the power to calm Palkia in its frenzy.
space-mail,diamond-pearl,Stationery featuring a print depicting the huge expanse of space. Let a Pokémon hold it for delivery.
space-mail,heartgold-soulsilver,Stationery featuring a print depicting the huge expanse of space. Let a Pokémon hold it for delivery.
space-mail,platinum,Stationery featuring a print depicting the huge expanse of space. Let a Pokémon hold it for delivery.
sparkling-stone,brilliant-diamond-shining-pearl,A stone entrusted by a Pokémon that has been venerated as a guardian deity in the Alola region. There is said to be some secret in how it sparkles.
sparkling-stone,legends-arceus,A stone entrusted by a Pokémon that has been venerated as a guardian deity in the Alola region. There is said to be some secret in how it sparkles.
sparkling-stone,scarlet-violet,A stone entrusted to you by a Pokémon that has been venerated as a guardian deity in the Alola region. There is said to be some secret in how it sparkles.
sparkling-stone,sun-moon,A stone entrusted by a Pokémon that has been venerated as a guardian deity in the Alola region. There is said to be some secret in how it sparkles.
sparkling-stone,sword-shield,A stone entrusted by a Pokémon that has been venerated as a guardian deity in the Alola region. There is said to be some secret in how it sparkles.
sparkling-stone,ultra-sun-ultra-moon,A stone entrusted by a Pokémon that has been venerated as a guardian deity in the Alola region. There is said to be some secret in how it sparkles.
spectrier-treat,scarlet-violet,A snack made from ingredients favored by the Legendary Pokémon Spectrier.
spell-tag,diamond-pearl,"An item to be held by a Pokémon. It is a sinister, eerie tag that boosts the power of Ghost-type moves."
spell-tag,firered-leafgreen,"An item to be held by a Pokémon. A sinister, eerie tag that boosts Ghost-type moves."
spell-tag,gold-silver,Powers up ghost-type moves. (HOLD)
spell-tag,ruby-sapphire,A hold item that raises the power of Ghost-type moves.
spell-tag,scarlet-violet,"An item to be held by a Pokémon. It's a sinister, eerie tag that boosts the power of the holder's Ghost-type moves."
spell-tag,x-y,"An item to be held by a Pokémon. It's a sinister, eerie tag that boosts the power of Ghost-type moves."
spelon-berry,black-2-white-2,A Berry which is very rare in the Unova region. A maniac will buy it for a high price.
spelon-berry,diamond-pearl,A Poffin ingredient. Bury it in soft soil to grow a Spelon Plant.
spelon-berry,emerald,Pokéblock ingredient. Plant in loamy soil to grow Spelon.
spelon-berry,omega-ruby-alpha-sapphire,"Used to make Pokéblocks that will enhance your Cuteness, this Berry is rare in other regions."
spelon-berry,platinum,A Poffin ingredient. Bury it in soft soil to grow a Spelon Plant.
spelon-berry,ruby-sapphire,Pokéblock ingredient. Plant in loamy soil to grow Spelon.
spelon-berry,scarlet-violet,Used to make Pokéblocks that will enhance Cuteness. This Berry is rare in other regions.
spice-mix,brilliant-diamond-shining-pearl,One of the many ingredients that can be used for cooking at your camp. There are over fifty spices contained within this ingredient's hot flavor.
spice-mix,legends-arceus,One of the many ingredients that can be used for cooking at your camp. There are over fifty spices contained within this ingredient's hot flavor.
spice-mix,scarlet-violet,One of the many ingredients that can be used for cooking at your camp. There are over fifty spices contained within this ingredient's hot flavor.
spice-mix,sword-shield,One of the many ingredients that can be used for cooking at your camp. There are over fifty spices contained within this ingredient's hot flavor.
spicy-herba-mystica,scarlet-violet,The legendary condiment said to have the mightiest of all spicy flavors. It's said that a single bite will kick the metabolism into high gear immediately.
splash-plate,black-2-white-2,An item to be held by a Pokémon. It is a stone tablet that boosts the power of Water-type moves.
splash-plate,black-white,An item to be held by a Pokémon. It is a stone tablet that boosts the power of Water-type moves.
splash-plate,brilliant-diamond-shining-pearl,An item to be held by a Pokémon. It's a stone tablet that boosts the power of Water-type moves.
splash-plate,diamond-pearl,An item to be held by a Pokémon. It is a stone tablet that boosts the power of Water-type moves.
splash-plate,heartgold-soulsilver,An item to be held by a Pokémon. It is a stone tablet that boosts the power of Water-type moves.
splash-plate,legends-arceus,"A stone tablet imbued with the essence of water. When used on a certain Pokémon, it allows that Pokémon to gain the power of the Water type."
splash-plate,omega-ruby-alpha-sapphire,An item to be held by a Pokémon. It's a stone tablet that boosts the power of Water-type moves.
splash-plate,platinum,An item to be held by a Pokémon. It is a stone tablet that boosts the power of Water-type moves.
splash-plate,scarlet-violet,An item to be held by a Pokémon. This stone tablet is imbued with the essence of water and boosts the power of the holder’s Water-type moves.
splash-plate,sun-moon,An item to be held by a Pokémon. It's a stone tablet that boosts the power of Water-type moves.
splash-plate,sword-shield,An item to be held by a Pokémon. It's a stone tablet that boosts the power of Water-type moves.
splash-plate,ultra-sun-ultra-moon,An item to be held by a Pokémon. It's a stone tablet that boosts the power of Water-type moves.
splash-plate,x-y,An item to be held by a Pokémon. It's a stone tablet that boosts the power of Water-type moves.
spoiled-apricorn,legends-arceus,"An Apricorn that's had its insides eaten. Hitting a Pokémon with one may stun the Pokémon, creating an opening for you to act."
spoiled-apricorn,scarlet-violet,"An Apricorn that's had its insides eaten. Hitting a Pokémon with one may stun the Pokémon, creating an opening for you to act."
spooky-chairs,scarlet-violet,A set of chairs that are ideal for picnicking. Their design was inspired by the Spooky Tablecloth.
spooky-plate,brilliant-diamond-shining-pearl,An item to be held by a Pokémon. It's a stone tablet that boosts the power of Ghost-type moves.
spooky-plate,diamond-pearl,An item to be held by a Pokémon. It is a stone tablet that boosts the power of Ghost-type moves.
spooky-plate,heartgold-soulsilver,An item to be held by a Pokémon. It is a stone tablet that boosts the power of Ghost-type moves.
spooky-plate,legends-arceus,"A stone tablet imbued with the essence of ghosts. When used on a certain Pokémon, it allows that Pokémon to gain the power of the Ghost type."
spooky-plate,omega-ruby-alpha-sapphire,An item to be held by a Pokémon. It's a stone tablet that boosts the power of Ghost-type moves.
spooky-plate,platinum,An item to be held by a Pokémon. It is a stone tablet that boosts the power of Ghost-type moves.
spooky-plate,scarlet-violet,An item to be held by a Pokémon. This stone tablet is imbued with the essence of ghosts and boosts the power of the holder’s Ghost-type moves.
spooky-plate,sun-moon,An item to be held by a Pokémon. It's a stone tablet that boosts the power of Ghost-type moves.
spooky-plate,sword-shield,An item to be held by a Pokémon. It's a stone tablet that boosts the power of Ghost-type moves.
spooky-plate,ultra-sun-ultra-moon,An item to be held by a Pokémon. It's a stone tablet that boosts the power of Ghost-type moves.
spooky-plate,x-y,An item to be held by a Pokémon. It's a stone tablet that boosts the power of Ghost-type moves.
spooky-tablecloth,scarlet-violet,A pop-art-style tablecloth with Pokémon faces floating up from the deep nighttime blue. This is a must-have for fans of Ghost types.
sport-ball,black-2-white-2,A special Poké Ball for the Bug-Catching Contest.
sport-ball,black-white,A special Poké Ball for the Bug-Catching Contest.
sport-ball,brilliant-diamond-shining-pearl,A special Poké Ball that is used during the Bug-Catching Contest.
sport-ball,crystal,The Bug-Catching Contest Ball.
sport-ball,gold-silver,The Bug-Catching Contest Ball.
sport-ball,heartgold-soulsilver,A special Poké Ball for the Bug-Catching Contest.
sport-ball,lets-go-pikachu-lets-go-eevee,A special Poké Ball that is used during the Bug-Catching Contest.
sport-ball,omega-ruby-alpha-sapphire,A special Poké Ball that is used during the Bug-Catching Contest.
sport-ball,scarlet-violet,A special Poké Ball that was used during the Bug-Catching Contest in the Johto region.
sport-ball,sun-moon,A special Poké Ball that is used during the Bug-Catching Contest.
sport-ball,sword-shield,A special Poké Ball that is used during the Bug-Catching Contest.
sport-ball,ultra-sun-ultra-moon,A special Poké Ball that is used during the Bug-Catching Contest.
sport-ball,x-y,A special Poké Ball that is used during the Bug-Catching Contest.
sprayduck,black-2-white-2,A watering can shaped like a Psyduck. It helps promote healthy growth of Berries planted in soft soil.
sprayduck,black-white,A watering can shaped like a Psyduck. It helps promote healthy growth of Berries planted in soft soil.
sprayduck,brilliant-diamond-shining-pearl,"A watering can shaped like a Psyduck. It helps promote the healthy growth of any Berries planted in good, soft soil."
sprayduck,diamond-pearl,A watering can shaped like a Psyduck. It helps promote healthy growth of Berries planted in soft soil.
sprayduck,heartgold-soulsilver,A watering can shaped like a Psyduck. It helps promote healthy growth of Berries planted in soft soil.
sprayduck,legends-arceus,"A watering can shaped like a Psyduck. It helps promote the healthy growth of any Berries planted in good, soft soil."
sprayduck,lets-go-pikachu-lets-go-eevee,"A watering can shaped like a Psyduck. It helps promote the healthy growth of any Berries planted in good, soft soil."
sprayduck,omega-ruby-alpha-sapphire,"A watering can shaped like a Psyduck. It helps promote the healthy growth of any Berries planted in good, soft soil."
sprayduck,platinum,A watering can shaped like a Psyduck. It helps promote healthy growth of Berries planted in soft soil.
sprayduck,scarlet-violet,"A watering can shaped like a Psyduck. It helps promote the healthy growth of any Berries planted in good, soft soil."
sprayduck,sun-moon,"A watering can shaped like a Psyduck. It helps promote the healthy growth of any Berries planted in good, soft soil."
sprayduck,sword-shield,"A watering can shaped like a Psyduck. It helps promote the healthy growth of any Berries planted in good, soft soil."
sprayduck,ultra-sun-ultra-moon,"A watering can shaped like a Psyduck. It helps promote the healthy growth of any Berries planted in good, soft soil."
sprayduck,x-y,"A watering can shaped like a Psyduck. It helps promote the healthy growth of any Berries planted in good, soft soil."
springy-mushroom,legends-arceus,"A large and well-ripened mushroom. It is beloved by the more monstrous Pokémon, as well as dragon Pokémon, so they will gather wherever one is thrown."
springy-mushroom,scarlet-violet,"A large and well-ripened mushroom. It is beloved by the more monstrous Pokémon, as well as dragon Pokémon, so they will gather wherever one is thrown."
sprinklotad,brilliant-diamond-shining-pearl,"A watering can shaped like a Lotad. It helps promote the healthy growth of any Berries planted in good, soft soil."
sprinklotad,legends-arceus,"A watering can shaped like a Lotad. It helps promote the healthy growth of any Berries planted in good, soft soil."
sprinklotad,omega-ruby-alpha-sapphire,"A watering can shaped like a Lotad. It helps promote the healthy growth of any Berries planted in good, soft soil."
sprinklotad,scarlet-violet,"A watering can shaped like a Lotad. It helps promote the healthy growth of any Berries planted in good, soft soil."
sprinklotad,sun-moon,"A watering can shaped like a Lotad. It helps promote the healthy growth of any Berries planted in good, soft soil."
sprinklotad,sword-shield,"A watering can shaped like a Lotad. It helps promote the healthy growth of any Berries planted in good, soft soil."
sprinklotad,ultra-sun-ultra-moon,"A watering can shaped like a Lotad. It helps promote the healthy growth of any Berries planted in good, soft soil."
sprinklotad,x-y,"A watering can shaped like a Lotad. It helps promote the healthy growth of any Berries planted in good, soft soil."
squall-slate,brilliant-diamond-shining-pearl,A slate overflowing with enigmatic energy. You can feel a strong connection between it and the Squall Room at Ramanas Park.
squall-slate,scarlet-violet,A slate overflowing with enigmatic energy. You can feel a strong connection between it and the Squall Room at Ramanas Park.
squirt-bottle,crystal,A bottle used for watering plants.
squirt-bottle,gold-silver,A bottle used for watering plants.
squirt-bottle,scarlet-violet,A bottle used for watering plants in the Berry Pots.
ss-ticket,crystal,A ticket for the S.S. Aqua.
ss-ticket,diamond-pearl,The ticket required for sailing on the ferry S.S. Anne. It has a drawing of a ship on it.
ss-ticket,emerald,The ticket required for sailing on a ferry.
ss-ticket,firered-leafgreen,The ticket required for sailing on the ferry S.S. Anne. It has a drawing of a ship on it.
ss-ticket,gold-silver,A ticket for the S.S. Aqua.
ss-ticket,heartgold-soulsilver,The ticket required for sailing on the ferry S.S. Aqua. It has a drawing of a ship on it.
ss-ticket,lets-go-pikachu-lets-go-eevee,The ticket required to board the S.S. Anne. It has a drawing of a ship on it.
ss-ticket,omega-ruby-alpha-sapphire,Ticket required for sailing on a ferry.
ss-ticket,platinum,The ticket required for sailing on the ferry S.S. Anne. It has a drawing of a ship on it.
ss-ticket,ruby-sapphire,The ticket required for sailing on a ferry.
stable-mulch,black-2-white-2,A fertilizer to be spread on soft soil in regions where Berries are grown. A maniac will buy it for a high price.
stable-mulch,black-white,A fertilizer to be spread on soft soil in regions where Berries are grown. A maniac will buy it for a high price.
stable-mulch,diamond-pearl,A plant fertilizer spread on soft soil. It extends the time ripened Berries remain on their plants before falling.
stable-mulch,heartgold-soulsilver,A fertilizer to be spread on soft soil. It extends the time ripened Berries remain on their plants before falling.
stable-mulch,omega-ruby-alpha-sapphire,"A fertilizer for growing Berries. However, it appears to be unsuitable for the soil in the Hoenn region and has no effect."
stable-mulch,platinum,A plant fertilizer spread on soft soil. It extends the time ripened Berries remain on their plants before falling.
stable-mulch,x-y,A fertilizer to be spread on soft soil in regions where Berries are grown.
star-piece,diamond-pearl,A shard of a pretty gem that sparkles in a red color. It can be sold at a high price to shops.
star-piece,gold-silver,A hunk of red gem. Sell very high.
star-piece,scarlet-violet,A small shard of a beautiful gem that gives off a distinctly red sparkle. It can be sold at a high price to shops.
star-piece,sun-moon,A small shard of a beautiful gem that demonstrates a distinctly red sparkle. It can be sold at a high price to shops.
star-sweet,brilliant-diamond-shining-pearl,"A star-shaped sweet. When a Milcery holds this, it spins around happily."
star-sweet,legends-arceus,"A star-shaped sweet. When a Milcery holds this, it spins around happily."
star-sweet,scarlet-violet,"A star-shaped sweet. When a Milcery holds this, it spins around happily."
star-sweet,sword-shield,"A star-shaped sweet. When a Milcery holds this, it spins around happily."
staraptite,legends-za,One of a variety of mysterious Mega Stones. A Staraptor holding this stone will be able to Mega Evolve during battle.
stardust,crystal,"Pretty, red sand. Sell high."
stardust,emerald,Beautiful red sand. Can be sold at a high price.
stardust,gold-silver,"Pretty, red sand. Sell high."
stardust,legends-arceus,"Lovely red sand that flows between the fingers with a loose, silky feel. It can be sold at a low price to the general store."
stardust,omega-ruby-alpha-sapphire,"Lovely, red sand that flows between the fingers with a loose, silky feel. It can be sold at a high price to shops."
stardust,ruby-sapphire,Beautiful red sand. Can be sold at a high price.
stardust,sun-moon,"Lovely red sand that flows between the fingers with a loose, silky feel. It can be sold at a low price to shops."
stardust,ultra-sun-ultra-moon,"Lovely red sand that flows between the fingers with a loose, silky feel. It can be sold at a low price to shops."
stardust,x-y,"Lovely, red sand that flows between the fingers with a loose, silky feel. It can be sold at a high price to shops."
starf-berry,diamond-pearl,"A Poffin ingredient. If held by a Pokémon, it sharply raises one of its stats in a pinch."
starf-berry,emerald,A hold item that sharply boosts a stat in a pinch.
starf-berry,platinum,"A Poffin ingredient. If held by a Pokémon, it sharply raises one of its stats in a pinch."
starf-berry,ruby-sapphire,A hold item that sharply boosts a stat in a pinch.
starf-berry,scarlet-violet,"If a Pokémon holds one of these Berries, one of its stats will be sharply boosted should it find itself in a pinch."
starf-berry,x-y,"A Berry to be consumed by Pokémon. If a Pokémon holds one, one of its stats will sharply increase when it's in a pinch."
starminite,legends-za,One of a variety of mysterious Mega Stones. A Starmie holding this stone will be able to Mega Evolve during battle.
stealth-spray,legends-arceus,"When used in the field, this spray muffles the sound of your footsteps and makes wild Pokémon less likely to notice you for a short time."
stealth-spray,scarlet-violet,"When used in the field, this spray muffles the sound of your footsteps and makes wild Pokémon less likely to notice you for a short time."
steel-bottle-b,scarlet-violet,"A go-to bottle sometimes used while camping. The stainless steel keeps the temperature inside steady, making it great for keeping drinks hot or cold."
steel-bottle-r,scarlet-violet,"A go-to bottle sometimes used while camping. The stainless steel keeps the temperature inside steady, making it great for keeping drinks hot or cold."
steel-bottle-y,scarlet-violet,"A go-to bottle sometimes used while camping. The stainless steel keeps the temperature inside steady, making it great for keeping drinks hot or cold."
steel-gem,black-2-white-2,"A gem with an essence of steel. When held, it strengthens the power of a Steel-type move only once."
steel-gem,black-white,"A gem with an essence of steel. When held, it strengthens the power of a Steel-type move only once."
steel-gem,omega-ruby-alpha-sapphire,"A gem with an essence of steel. When held, it strengthens the power of a Steel-type move one time."
steel-gem,scarlet-violet,An item to be held by a Pokémon. This gem is imbued with the essence of steel and will boost the power of a Steel-type move—but only once.
steel-gem,sun-moon,"A gem with an essence of steel. When held, it strengthens the power of a Steel-type move one time."
steel-gem,ultra-sun-ultra-moon,"A gem with an essence of steel. When held, it strengthens the power of a Steel-type move one time."
steel-gem,x-y,"A gem with an essence of steel. When held, it strengthens the power of a Steel-type move one time."
steel-mail,diamond-pearl,Stationery featuring a print of cool mechanical designs. Let a Pokémon hold it for delivery.
steel-mail,heartgold-soulsilver,Stationery featuring a print of cool mechanical designs. Let a Pokémon hold it for delivery.
steel-mail,platinum,Stationery featuring a print of cool mechanical designs. Let a Pokémon hold it for delivery.
steel-memory,brilliant-diamond-shining-pearl,A memory disc that contains Steel-type data. It changes the type of the holder if held by a certain species of Pokémon.
steel-memory,legends-arceus,A memory disc that contains Steel-type data. It changes the type of the holder if held by a certain species of Pokémon.
steel-memory,scarlet-violet,A memory disc that contains Steel-type data. It changes the type of the holder if held by a certain species of Pokémon.
steel-memory,sun-moon,A memory disc that contains Steel-type data. It changes the type of the holder if held by a certain species of Pokémon.
steel-memory,sword-shield,A memory disc that contains Steel-type data. It changes the type of the holder if held by a certain species of Pokémon.
steel-memory,ultra-sun-ultra-moon,A memory disc that contains Steel-type data. It changes the type of the holder if held by a certain species of Pokémon.
steel-tera-shard,scarlet-violet,"On rare occasions, these shards form when a Tera Pokémon falls in battle and its Tera Jewel shatters."
steelium-z,sun-moon,It converts Z-Power into crystals that upgrade Steel-type moves to Steel-type Z-Moves.
steelium-z,ultra-sun-ultra-moon,It converts Z-Power into crystals that upgrade Steel-type moves to Steel-type Z-Moves.
steelixite,legends-za,One of a variety of mysterious Mega Stones. A Steelix holding this stone will be able to Mega Evolve during battle.
steelixite,omega-ruby-alpha-sapphire,"One of a variety of mysterious Mega Stones. Have Steelix hold it, and this stone will enable it to Mega Evolve during battle."
steelixite,sun-moon,"One of a variety of mysterious Mega Stones. Have Steelix hold it, and this stone will enable it to Mega Evolve during battle."
steelixite,ultra-sun-ultra-moon,"One of a variety of mysterious Mega Stones. Have Steelix hold it, and this stone will enable it to Mega Evolve during battle."
stellar-tera-shard,scarlet-violet,"On rare occasions, these shards form when a Tera Pokémon falls in battle and its Tera Jewel shatters."
sticker-case,black-2-white-2,A case for storing Seals that can be applied to the Capsule cases of Poké Balls.
sticker-case,black-white,A case for storing Seals that can be applied to the Capsule cases of Poké Balls.
sticker-case,brilliant-diamond-shining-pearl,A case for storing Stickers that can be applied to Ball Capsules.
sticker-case,diamond-pearl,A case for storing Seals that can be applied to the capsule cases of Poké Balls.
sticker-case,heartgold-soulsilver,A case for storing Seals that can be applied to the Capsule cases of Poké Balls.
sticker-case,legends-arceus,A case for storing Seals that can be applied to the exteriors of Poké Balls.
sticker-case,lets-go-pikachu-lets-go-eevee,A case for storing Seals that can be applied to the exteriors of Poké Balls.
sticker-case,omega-ruby-alpha-sapphire,A case for storing Seals that can be applied to the exteriors of Poké Balls.
sticker-case,platinum,A case for storing Seals that can be applied to the capsule cases of Poké Balls.
sticker-case,scarlet-violet,A case for storing Stickers that can be applied to Ball Capsules.
sticker-case,sun-moon,A case for storing Seals that can be applied to the exteriors of Poké Balls.
sticker-case,sword-shield,A case for storing Seals that can be applied to the exteriors of Poké Balls.
sticker-case,ultra-sun-ultra-moon,A case for storing Seals that can be applied to the exteriors of Poké Balls.
sticker-case,x-y,A case for storing Seals that can be applied to the exteriors of Poké Balls.
sticky-barb,black-2-white-2,A held item that damages the holder on every turn. It may latch on to foes and allies that touch the holder.
sticky-barb,black-white,A held item that damages the holder on every turn. It may latch on to foes and allies that touch the holder.
sticky-barb,brilliant-diamond-shining-pearl,An item to be held by a Pokémon. It damages the holder every turn and may latch on to Pokémon that touch the holder.
sticky-barb,diamond-pearl,A hold item that damages the holder on every turn. It may latch on to foes that touch the holder.
sticky-barb,heartgold-soulsilver,A held item that damages the holder on every turn. It may latch on to foes that touch the holder.
sticky-barb,legends-arceus,An item to be held by a Pokémon. It damages the holder every turn and may latch on to Pokémon that touch the holder.
sticky-barb,lets-go-pikachu-lets-go-eevee,An item to be held by a Pokémon. It damages the holder every turn and may latch on to Pokémon that touch the holder.
sticky-barb,omega-ruby-alpha-sapphire,An item to be held by a Pokémon. It damages the holder every turn and may latch on to Pokémon that touch the holder.
sticky-barb,platinum,A hold item that damages the holder on every turn. It may latch on to foes that touch the holder.
sticky-barb,scarlet-violet,An item to be held by a Pokémon. It damages the holder every turn and may latch on to Pokémon that make direct contact with the holder.
sticky-barb,sun-moon,An item to be held by a Pokémon. It damages the holder every turn and may latch on to Pokémon that touch the holder.
sticky-barb,sword-shield,An item to be held by a Pokémon. It damages the holder every turn and may latch on to Pokémon that touch the holder.
sticky-barb,ultra-sun-ultra-moon,An item to be held by a Pokémon. It damages the holder every turn and may latch on to Pokémon that touch the holder.
sticky-barb,x-y,An item to be held by a Pokémon. It damages the holder every turn and may latch on to Pokémon that touch the holder.
sticky-glob,legends-arceus,"A ball of some kind of sticky substance. Hitting a Pokémon with one may stun the Pokémon, creating an opening for you to act."
sticky-glob,scarlet-violet,"A ball of some kind of sticky substance. Hitting a Pokémon with one may stun the Pokémon, creating an opening for you to act."
stone-plate,black-2-white-2,An item to be held by a Pokémon. It is a stone tablet that boosts the power of Rock-type moves.
stone-plate,black-white,An item to be held by a Pokémon. It is a stone tablet that boosts the power of Rock-type moves.
stone-plate,brilliant-diamond-shining-pearl,An item to be held by a Pokémon. It's a stone tablet that boosts the power of Rock-type moves.
stone-plate,diamond-pearl,An item to be held by a Pokémon. It is a stone tablet that boosts the power of Rock-type moves.
stone-plate,heartgold-soulsilver,An item to be held by a Pokémon. It is a stone tablet that boosts the power of Rock-type moves.
stone-plate,legends-arceus,"A stone tablet imbued with the essence of rock. When used on a certain Pokémon, it allows that Pokémon to gain the power of the Rock type."
stone-plate,omega-ruby-alpha-sapphire,An item to be held by a Pokémon. It's a stone tablet that boosts the power of Rock-type moves.
stone-plate,platinum,An item to be held by a Pokémon. It is a stone tablet that boosts the power of Rock-type moves.
stone-plate,scarlet-violet,An item to be held by a Pokémon. This stone tablet is imbued with the essence of rock and boosts the power of the holder’s Rock-type moves.
stone-plate,sun-moon,An item to be held by a Pokémon. It's a stone tablet that boosts the power of Rock-type moves.
stone-plate,sword-shield,An item to be held by a Pokémon. It's a stone tablet that boosts the power of Rock-type moves.
stone-plate,ultra-sun-ultra-moon,An item to be held by a Pokémon. It's a stone tablet that boosts the power of Rock-type moves.
stone-plate,x-y,An item to be held by a Pokémon. It's a stone tablet that boosts the power of Rock-type moves.
storage-key-hoenn,brilliant-diamond-shining-pearl,A key that opens the storage hold inside Sea Mauville.
storage-key-hoenn,emerald,The key to the storage inside the Abandoned Ship.
storage-key-hoenn,firered-leafgreen,A key that opens the storage hold inside the Abandoned Ship. It is old and looks easily broken.
storage-key-hoenn,legends-arceus,A key that opens the storage hold inside Sea Mauville.
storage-key-hoenn,omega-ruby-alpha-sapphire,A key that opens the storage hold inside Sea Mauville.
storage-key-hoenn,ruby-sapphire,The key to the storage inside the Abandoned Ship.
storage-key-hoenn,scarlet-violet,A key that opens the storage hold inside Sea Mauville.
storage-key-hoenn,sun-moon,A key that opens the storage hold inside Sea Mauville.
storage-key-hoenn,sword-shield,A key that opens the storage hold inside Sea Mauville.
storage-key-hoenn,ultra-sun-ultra-moon,A key that opens the storage hold inside Sea Mauville.
storage-key-sinnoh,brilliant-diamond-shining-pearl,The key to Team Galactic's sinister warehouse located at the edge of Veilstone City.
storage-key-sinnoh,diamond-pearl,The key to Team Galactic's sinister warehouse located at the edge of Veilstone City.
storage-key-sinnoh,platinum,The key to Team Galactic's sinister warehouse located at the edge of Veilstone City.
strange-souvenir,omega-ruby-alpha-sapphire,An ornament depicting a Pokémon that is venerated as a protector in some region far from Kalos.
strange-souvenir,sun-moon,An ornament depicting a mysterious Pokémon that has been venerated as a guardian deity for an extremely long time in the Alola region.
strange-souvenir,ultra-sun-ultra-moon,An ornament depicting a mysterious Pokémon that has been venerated as a guardian deity for an extremely long time in the Alola region.
strange-souvenir,x-y,An ornament depicting a Pokémon that is venerated as a protector in some region far from Kalos.
stratospheric-slate,brilliant-diamond-shining-pearl,A slate overflowing with enigmatic energy. You can feel a strong connection between it and the Stratospheric Room at Ramanas Park.
stratospheric-slate,scarlet-violet,A slate overflowing with enigmatic energy. You can feel a strong connection between it and the Stratospheric Room at Ramanas Park.
strawberry,scarlet-violet,"A very tart and sweet ingredient, popular for its ability to make a sandwich visually striking."
strawberry-sweet,brilliant-diamond-shining-pearl,"A strawberry-shaped sweet. When a Milcery holds this, it will spin around happily."
strawberry-sweet,legends-arceus,"A strawberry-shaped sweet. When a Milcery holds this, it will spin around happily."
strawberry-sweet,scarlet-violet,"A strawberry-shaped sweet. When a Milcery holds this, it spins around happily."
strawberry-sweet,sword-shield,"A strawberry-shaped sweet. When a Milcery holds this, it will spin around happily."
stretchy-spring,brilliant-diamond-shining-pearl,"A thin small spring. It's totally stretched out, and what it's used for is unknown."
stretchy-spring,legends-arceus,"A thin small spring. It's totally stretched out, and what it's used for is unknown."
stretchy-spring,lets-go-pikachu-lets-go-eevee,"A thin small spring. It's totally stretched out, and what it's used for is unknown."
stretchy-spring,scarlet-violet,"A thin small spring. It's totally stretched out, and what it's used for is unknown."
stretchy-spring,sword-shield,"A thin small spring. It's totally stretched out, and what it's used for is unknown."
striped-bottle,scarlet-violet,"A striped bottle that's small, light, and even comes with a cup. The detachable strap makes it handy for walking around with."
striped-chairs,scarlet-violet,A set of chairs that are ideal for picnicking. Their design was inspired by the Striped Tablecloth.
striped-cup,scarlet-violet,"A cup for kids to use at picnics. It's made of light but strong material. It's stackable, which makes it handy for carrying around."
striped-tablecloth,scarlet-violet,"A tablecloth with a fashionable striped pattern. It's great at repelling water and mold, and stains and smudges wipe right off."
style-card,brilliant-diamond-shining-pearl,A card that increases the selection in boutiques and hair salons.
style-card,legends-arceus,A card that increases the selection in boutiques and hair salons.
style-card,scarlet-violet,Having one of these cards increases the selection available to you in boutiques and hair salons.
style-card,sword-shield,A card that increases the selection in boutiques and hair salons.
suicune-treat,scarlet-violet,A snack made from ingredients favored by the Legendary Pokémon Suicune.
suite-key,brilliant-diamond-shining-pearl,"A key to one of the suites at a certain luxury hotel by a lake. For some odd reason, it often disappears."
suite-key,diamond-pearl,"A key to one of the suites at the luxury hotel by a lake. For some odd reason, it often disappears."
suite-key,legends-arceus,"A key to one of the suites at a certain luxury hotel by a lake. For some odd reason, it often disappears."
suite-key,omega-ruby-alpha-sapphire,"A key to one of the suites at a certain luxury hotel by a lake. For some odd reason, it often disappears."
suite-key,platinum,"A key to one of the suites at the luxury hotel by a lake. For some odd reason, it often disappears."
suite-key,scarlet-violet,"A key to one of the suites at a certain luxury hotel by a lake. For some odd reason, it often disappears."
suite-key,sun-moon,"A key to one of the suites at a certain luxury hotel by a lake. For some odd reason, it often disappears."
suite-key,sword-shield,"A key to one of the suites at a certain luxury hotel by a lake. For some odd reason, it often disappears."
suite-key,ultra-sun-ultra-moon,"A key to one of the suites at a certain luxury hotel by a lake. For some odd reason, it often disappears."
suite-key,x-y,"A key to one of the suites at a certain luxury hotel by a lake. For some odd reason, it often disappears."
sun-flute,sun-moon,It is said that the tones it produces were offered up as an expression of gratitude to the Legendary Pokémon of the sun.
sun-flute,ultra-sun-ultra-moon,It is said that the tones it produces were offered up as an expression of gratitude to the Legendary Pokémon of the sun.
sun-stone,x-y,A peculiar stone that can make certain species of Pokémon evolve. It burns as red as the evening sun.
sunrise-flower-pick,scarlet-violet,"A flower pick designed to evoke a glorious sunrise. It's part of a line of ""sky-flower"" picks. Using a few is guaranteed to boost that special picnic spirit."
sunset-flower-pick,scarlet-violet,"A flower pick designed to evoke a blazing sunset. It's part of a line of ""sky-flower"" picks. Using a few is guaranteed to boost that special picnic spirit."
super-lumiose-galette,legends-za,A popular treat among certain residents of Lumiose City. This variety is baked to be incredibly firm so that one can savor the crunch.
super-lure,brilliant-diamond-shining-pearl,A glass bottle of perfume that makes rare Pokémon more likely to appear. It lasts longer than a Lure.
super-lure,legends-arceus,A glass bottle of perfume that makes rare Pokémon more likely to appear. It lasts longer than a Lure.
super-lure,lets-go-pikachu-lets-go-eevee,A glass bottle of perfume that makes rare Pokémon more likely to appear. It lasts longer than a Lure.
super-lure,scarlet-violet,A bottle of perfume that makes rare Pokémon more likely to appear when sprayed about. Its effect lasts longer than that of a Lure.
super-lure,sword-shield,A glass bottle of perfume that makes rare Pokémon more likely to appear. It lasts longer than a Lure.
super-potion,crystal,Restores Pokémon HP by 50.
super-potion,gold-silver,Restores Pokémon HP by 50.
super-potion,legends-arceus,A topical medicine meant to be applied to Pokémon. It can be used to restore 100 HP.
super-potion,sun-moon,A spray-type medicine for treating wounds. It can be used to restore 60 HP to an injured Pokémon.
super-repel,crystal,Repels weak Pokémon for 200 steps.
super-repel,diamond-pearl,An item that prevents weak wild Pokémon from appearing for 200 steps after its use.
super-repel,emerald,Repels weak wild Pokémon for 200 steps.
super-repel,firered-leafgreen,Prevents weak wild Pokémon from appearing for 200 steps.
super-repel,gold-silver,Repels weak Pokémon for 200 steps.
super-repel,heartgold-soulsilver,An item that prevents weak wild Pokémon from appearing for 200 steps after its use.
super-repel,omega-ruby-alpha-sapphire,An item that prevents any low-level wild Pokémon from jumping out at you for 200 steps after its use.
super-repel,platinum,An item that prevents weak wild Pokémon from appearing for 200 steps after its use.
super-repel,ruby-sapphire,Repels weak wild Pokémon for 200 steps.
super-repel,scarlet-violet,An item that prevents low-level wild Pokémon from jumping out at you for a time. It lasts longer than Repel.
super-repel,sun-moon,An item that prevents any low-level wild Pokémon from jumping out at you for a while. It lasts longer than Repel.
super-repel,ultra-sun-ultra-moon,An item that prevents any low-level wild Pokémon from jumping out at you for a while. It lasts longer than Repel.
super-repel,x-y,An item that prevents any low-level wild Pokémon from jumping out at you for 200 steps after its use.
super-rod,black-2-white-2,"An awesome, high-tech fishing rod. Use it by any body of water to fish for wild aquatic Pokémon."
super-rod,black-white,"An awesome, high-tech fishing rod. Use it by any body of water to fish for wild aquatic Pokémon."
super-rod,brilliant-diamond-shining-pearl,"An awesome, high-tech fishing rod. Use it at any body of water to fish for wild aquatic Pokémon."
super-rod,crystal,The best Rod for catching Pokémon.
super-rod,diamond-pearl,"An awesome, high-tech fishing rod. Use it by any body of water to fish for wild aquatic Pokémon."
super-rod,emerald,The best fishing rod for catching wild Pokémon.
super-rod,firered-leafgreen,"An awesome, high-tech fishing rod. Use it by any body of water to fish for wild Pokémon."
super-rod,gold-silver,The best Rod for catching Pokémon.
super-rod,heartgold-soulsilver,"An awesome, high-tech fishing rod. Use it by any body of water to fish for wild aquatic Pokémon."
super-rod,legends-arceus,"An awesome, high-tech fishing rod. Use it at any body of water to fish for wild aquatic Pokémon."
super-rod,omega-ruby-alpha-sapphire,"An awesome, high-tech fishing rod. Use it at any body of water to fish for wild aquatic Pokémon."
super-rod,platinum,"An awesome, high-tech fishing rod. Use it by any body of water to fish for wild aquatic Pokémon."
super-rod,ruby-sapphire,The best fishing rod for catching wild Pokémon.
super-rod,scarlet-violet,"An awesome, high-spec fishing rod. Use it at bodies of water to fish for Pokémon."
super-rod,stadium,"Use in front of the sea, a river, etc., to fish for Pokémon."
super-rod,sun-moon,"An awesome, high-tech fishing rod. Use it at any body of water to fish for wild aquatic Pokémon."
super-rod,sword-shield,"An awesome, high-tech fishing rod. Use it at any body of water to fish for wild aquatic Pokémon."
super-rod,ultra-sun-ultra-moon,"An awesome, high-tech fishing rod. Use it at any body of water to fish for wild aquatic Pokémon."
super-rod,x-y,"An awesome, high-tech fishing rod. Use it at any body of water to fish for wild aquatic Pokémon."
superb-remedy,legends-arceus,"An herbal medicine that can restore 150 HP to a Pokémon, just as a Hyper Potion does. Yet the bitter taste will make the Pokémon less friendly toward you."
superb-remedy,scarlet-violet,"An herbal medicine that can restore 150 HP to a Pokémon, just as a Hyper Potion does. Yet the bitter taste will make the Pokémon less friendly toward you."
supreme-butter,legends-za,"A supreme pack of butter found in Hyperspace Lumiose. With it, you should be able to make even higher quality donuts than before."
surf-mail,crystal,Lapras-print Mail. (HOLD)
surf-mail,gold-silver,Lapras-print Mail. (HOLD)
surge-badge,brilliant-diamond-shining-pearl,A novelty badge that you can receive at the Kantonian Gym. Rumor has it that it imitates the Badge of a Gym somewhere.
surge-badge,legends-arceus,A novelty badge that you can receive at the Kantonian Gym. Rumor has it that it imitates the Badge of a Gym somewhere.
surge-badge,lets-go-pikachu-lets-go-eevee,A novelty badge that you can receive at the Kantonian Gym. Rumor has it that it imitates the Badge of a Gym somewhere.
surge-badge,scarlet-violet,A novelty badge that you can receive at the Kantonian Gym. Rumor has it that it imitates the Badge of a Gym somewhere.
surge-badge,sword-shield,A novelty badge that you can receive at the Kantonian Gym. Rumor has it that it imitates the Badge of a Gym somewhere.
surge-badge,ultra-sun-ultra-moon,A novelty badge that you can receive at the Kantonian Gym. Rumor has it that it imitates the Badge of a Gym somewhere.
surprise-mulch,omega-ruby-alpha-sapphire,"A fertilizer for growing Berries. However, it appears to be unsuitable for the soil in the Hoenn region and has no effect."
surprise-mulch,x-y,"Mulch to be used in a Berry field. It causes strange, sudden mutations based on the combination of Berries."
survival-charm,legends-arceus,A mysterious charm that holds the power to protect a person from fainting while out in the field. This type of charm comes in five different colors.
survival-charm,scarlet-violet,A mysterious charm that holds the power to protect a person from fainting while out in the field. This type of charm comes in five different colors.
swampertite,legends-za,One of a variety of mysterious Mega Stones. A Swampert holding this stone will be able to Mega Evolve during battle.
swampertite,omega-ruby-alpha-sapphire,"One of a variety of mysterious Mega Stones. Have Swampert hold it, and this stone will enable it to Mega Evolve during battle."
swampertite,sun-moon,"One of a variety of mysterious Mega Stones. Have Swampert hold it, and this stone will enable it to Mega Evolve during battle."
swampertite,sword-shield,"One of a variety of mysterious Mega Stones. Have Swampert hold it, and this stone will enable it to Mega Evolve during battle."
swap-snack,legends-arceus,"When eaten, this curious snack temporarily swaps a Pokémon's offensive stats with its defensive stats."
swap-snack,scarlet-violet,"When eaten, this curious snack temporarily swaps a Pokémon's offensive stats with its defensive stats."
sweet-apple,brilliant-diamond-shining-pearl,A peculiar apple that can make a certain species of Pokémon evolve. It's exceptionally sweet.
sweet-apple,go,A peculiar apple that can make a certain species of Pokémon evolve. It's exceptionally sweet.
sweet-apple,legends-arceus,A peculiar apple that can make a certain species of Pokémon evolve. It's exceptionally sweet.
sweet-apple,scarlet-violet,A peculiar apple that can make a certain species of Pokémon evolve. It's exceptionally sweet.
sweet-apple,sword-shield,A peculiar apple that can make a certain species of Pokémon evolve. It's exceptionally sweet.
sweet-heart,black-2-white-2,Very sweet chocolate. It restores the HP of one Pokémon by only 20 points.
sweet-heart,black-white,Very sweet chocolate. It restores the HP of one Pokémon by only 20 points.
sweet-heart,brilliant-diamond-shining-pearl,A piece of cloyingly sweet chocolate. It can be used to restore 20 HP to a single Pokémon.
sweet-heart,legends-arceus,A piece of cloyingly sweet chocolate. It can be used to restore 20 HP to a single Pokémon.
sweet-heart,omega-ruby-alpha-sapphire,"A piece of cloyingly sweet chocolate. When consumed, it restores 20 HP to an injured Pokémon."
sweet-heart,scarlet-violet,A piece of cloyingly sweet chocolate. It can be used to restore 20 HP to a Pokémon.
sweet-heart,sun-moon,"A piece of cloyingly sweet chocolate. When consumed, it restores 20 HP to an injured Pokémon."
sweet-heart,sword-shield,A piece of cloyingly sweet chocolate. It can be used to restore 20 HP to a single Pokémon.
sweet-heart,ultra-sun-ultra-moon,"A piece of cloyingly sweet chocolate. When consumed, it restores 20 HP to an injured Pokémon."
sweet-heart,x-y,"A piece of cloyingly sweet chocolate. When consumed, it restores 20 HP to an injured Pokémon."
sweet-herba-mystica,scarlet-violet,A legendary condiment told of only in books. Word has it that one taste of its sweet flavor stimulates the digestive system and cures a lack of appetite.
swift-feather,black-white,An item for use on a Pokémon. It slightly increases the base Speed stat of a single Pokémon.
swift-feather,omega-ruby-alpha-sapphire,An item for use on a Pokémon. It slightly increases the base Speed stat of a single Pokémon.
swift-feather,scarlet-violet,An item to be used on a Pokémon. This feather slightly increases base points for a Pokémon's Speed stat.
swift-feather,sun-moon,An item for use on a Pokémon. It slightly increases the base Speed stat of a single Pokémon.
swift-feather,sword-shield,An item for use on a Pokémon. It slightly increases the Speed base points of a single Pokémon.
swift-feather,x-y,An item for use on a Pokémon. It slightly increases the base Speed stat of a single Pokémon.
swift-mochi,scarlet-violet,A mochi cake with Berries kneaded into its dough. It increases base points for a Pokémon's Speed stat.
swordcap,legends-arceus,"Mushrooms that, when consumed, cause the muscles to swell. They imbue the eater with strength and are one of the materials needed for crafting Aux Powers."
swordcap,scarlet-violet,"Mushrooms that, when consumed, cause the muscles to swell. They imbue the eater with strength and are one of the materials needed for crafting Aux Powers."
synchro-machine,scarlet-violet,A device that synchronizes your mind and feelings with your Pokémon's so that you can work as one. It's still a prototype—hence its unrefined appearance.
syrupy-apple,scarlet-violet,A peculiar apple that can make a certain species of Pokémon evolve. It's exceptionally syrupy.
tamato-berry,diamond-pearl,A Poffin ingredient. Using it makes a Pokémon more friendly but lowers its Speed.
tamato-berry,emerald,Makes a Pokémon friendly but lowers its base Speed.
tamato-berry,platinum,A Poffin ingredient. Using it makes a Pokémon more friendly but lowers its Speed.
tamato-berry,ruby-sapphire,Pokéblock ingredient. Plant in loamy soil to grow Tamato.
tamato-berry,scarlet-violet,"If a Pokémon is fed this Berry, it will grow more friendly, but it will lose base points for its Speed stat."
tamato-berry,sword-shield,A Berry to be consumed by Pokémon. It makes a Pokémon more friendly but lowers its Speed base points.
tanga-berry,black-white,Weakens a supereffective Bug-type attack against the holding Pokémon.
tanga-berry,diamond-pearl,"A Poffin ingredient. If held by a Pokémon, it weakens a foe's supereffective Bug-type attack."
tanga-berry,heartgold-soulsilver,"If held by a Pokémon, it weakens a foe's supereffective Bug-type attack."
tanga-berry,platinum,"A Poffin ingredient. If held by a Pokémon, it weakens a foe's supereffective Bug-type attack."
tanga-berry,scarlet-violet,"If a Pokémon holding this Berry is hit with a supereffective Bug-type move, the power of that move will be weakened."
tanga-berry,x-y,"If held by a Pokémon, this Berry will lessen the damage taken from one supereffective Bug-type attack."
tapunium-z,brilliant-diamond-shining-pearl,It converts Z-Power into crystals that upgrade the tapu's Nature's Madness to an exclusive Z-Move.
tapunium-z,legends-arceus,It converts Z-Power into crystals that upgrade the tapu's Nature's Madness to an exclusive Z-Move.
tapunium-z,lets-go-pikachu-lets-go-eevee,It converts Z-Power into crystals that upgrade the tapu's Nature's Madness to an exclusive Z-Move.
tapunium-z,scarlet-violet,It converts Z-Power into crystals that upgrade the tapu's Nature's Madness to a Z-Move.
tapunium-z,sun-moon,It converts Z-Power into crystals that upgrade the tapu's Nature's Madness to an exclusive Z-Move.
tapunium-z,sword-shield,It converts Z-Power into crystals that upgrade the tapu's Nature's Madness to an exclusive Z-Move.
tapunium-z,ultra-sun-ultra-moon,It converts Z-Power into crystals that upgrade the tapu's Nature's Madness to an exclusive Z-Move.
tart-apple,brilliant-diamond-shining-pearl,A peculiar apple that can make a certain species of Pokémon evolve. It's exceptionally tart.
tart-apple,legends-arceus,A peculiar apple that can make a certain species of Pokémon evolve. It's exceptionally tart.
tart-apple,scarlet-violet,A peculiar apple that can make a certain species of Pokémon evolve. It's exceptionally tart.
tart-apple,sword-shield,A peculiar apple that can make a certain species of Pokémon evolve. It's exceptionally tart.
tasty-trash,legends-za,"Food waste made up of cooking ingredients. Although they were thrown away after the best parts were used, some edible bits still remain."
tatsugirinite,legends-za,One of a variety of mysterious Mega Stones. A Tatsugiri holding this stone will be able to Mega Evolve during battle.
tea,brilliant-diamond-shining-pearl,Aromatic tea that has a slightly bitter taste. It soothes a dry throat.
tea,emerald,A thirst-quenching tea prepared by an old lady.
tea,firered-leafgreen,An aromatic tea prepared by an old lady. It will slake even the worst thirst.
tea,legends-arceus,Aromatic tea that has a slightly bitter taste. It soothes a dry throat.
tea,lets-go-pikachu-lets-go-eevee,Aromatic tea that has a slightly bitter taste. It soothes a dry throat.
tea,scarlet-violet,Aromatic tea that has a slightly bitter taste. It soothes a dry throat.
tea,sword-shield,Aromatic tea that has a slightly bitter taste. It soothes a dry throat.
teachy-tv,emerald,A TV set tuned to an advice program for Trainers.
teachy-tv,firered-leafgreen,A television set that is tuned to a program with useful tips for novice Trainers.
teal-mask,scarlet-violet,A teal mask patterned after the face of an ogre. Ogerpon dropped it while fleeing up the stairs after visiting the Festival of Masks.
teal-style-card,scarlet-violet,Having one of these cards increases the selection available to you in boutiques and hair salons.
tectonic-slate,brilliant-diamond-shining-pearl,A slate overflowing with enigmatic energy. You can feel a strong connection between it and the Tectonic Room at Ramanas Park.
tectonic-slate,scarlet-violet,A slate overflowing with enigmatic energy. You can feel a strong connection between it and the Tectonic Room at Ramanas Park.
tempting-charm,legends-arceus,A mysterious charm that tends to be lost before any other item when you faint in the field. This type of charm comes in five different colors.
tempting-charm,scarlet-violet,A mysterious charm that tends to be lost before any other item when you faint in the field. This type of charm comes in five different colors.
tera-orb,scarlet-violet,"An orb that holds within it the power to crystallize. When it is charged with energy, it can be used to cause Pokémon to Terastallize."
terrain-extender,brilliant-diamond-shining-pearl,An item to be held by a Pokémon. It extends the duration of the terrain caused by the holder's move or Ability.
terrain-extender,legends-arceus,An item to be held by a Pokémon. It extends the duration of the terrain caused by the holder's move or Ability.
terrain-extender,lets-go-pikachu-lets-go-eevee,An item to be held by a Pokémon. It extends the duration of the terrain caused by the holder's move or Ability.
terrain-extender,scarlet-violet,An item to be held by a Pokémon. It extends the duration of terrain caused by the holder's move or Ability.
terrain-extender,sun-moon,An item to be held by a Pokémon. It extends the duration of the terrain caused by the holder's move or Ability.
terrain-extender,sword-shield,An item to be held by a Pokémon. It extends the duration of the terrain caused by the holder's move or Ability.
terrain-extender,ultra-sun-ultra-moon,An item to be held by a Pokémon. It extends the duration of the terrain caused by the holder's move or Ability.
terrakion-treat,scarlet-violet,A snack made from ingredients favored by the Legendary Pokémon Terrakion.
teru-sama,crystal,?
teru-sama,gold,?
teru-sama,silver,?
thanks-mail,black-2-white-2,Stationery designed for a thank-you note. Let a Pokémon hold it for delivery.
thanks-mail,black-white,Stationery designed for a thank-you note. Let a Pokémon hold it for delivery.
thanks-mail,brilliant-diamond-shining-pearl,Stationery designed to make it easy for you to express thanks. Have a Pokémon hold it for delivery.
thanks-mail,legends-arceus,Stationery designed to make it easy for you to express thanks. Have a Pokémon hold it for delivery.
thanks-mail,lets-go-pikachu-lets-go-eevee,Stationery designed to make it easy for you to express thanks. Have a Pokémon hold it for delivery.
thanks-mail,omega-ruby-alpha-sapphire,Stationery designed to make it easy for you to express thanks. Have a Pokémon hold it for delivery.
thanks-mail,scarlet-violet,Stationery designed to make it easy for you to express thanks. Have a Pokémon hold it for delivery.
thanks-mail,sun-moon,Stationery designed to make it easy for you to express thanks. Have a Pokémon hold it for delivery.
thanks-mail,sword-shield,Stationery designed to make it easy for you to express thanks. Have a Pokémon hold it for delivery.
thanks-mail,ultra-sun-ultra-moon,Stationery designed to make it easy for you to express thanks. Have a Pokémon hold it for delivery.
thanks-mail,x-y,Stationery designed to make it easy for you to express thanks. Have a Pokémon hold it for delivery.
thick-club,crystal,A bone of some sort. Sell low.
thick-club,gold-silver,A bone of some sort. Sell low.
thick-club,scarlet-violet,An item to be held by Cubone or Marowak. This hard bone of unknown origin boosts their Attack stat.
throat-spray,brilliant-diamond-shining-pearl,Raises Sp. Atk when a Pokémon uses a sound-based move.
throat-spray,legends-arceus,Raises Sp. Atk when a Pokémon uses a sound-based move.
throat-spray,scarlet-violet,"An item to be held by a Pokémon. If the holder uses a sound-based move, this throat spray will boost its Sp. Atk stat."
throat-spray,sword-shield,Raises Sp. Atk when a Pokémon uses a sound-based move.
thunder-stone,crystal,Evolves certain kinds of Pokémon.
thunder-stone,firered-leafgreen,A peculiar stone that makes certain species of Pokémon evolve. It has a thunderbolt pattern.
thunder-stone,gold-silver,Evolves certain kinds of Pokémon.
thunder-stone,x-y,A peculiar stone that can make certain species of Pokémon evolve. It has a distinct thunderbolt pattern.
tidal-bell,black-2-white-2,A very old-fashioned bell that makes a gentle ringing.
tidal-bell,black-white,A very old-fashioned bell that makes a gentle ringing.
tidal-bell,brilliant-diamond-shining-pearl,A very old-fashioned bell that makes a gentle ringing sound.
tidal-bell,heartgold-soulsilver,"An old-fashioned bell with a gentle, soothing sound."
tidal-bell,legends-arceus,A very old-fashioned bell that makes a gentle ringing sound.
tidal-bell,lets-go-pikachu-lets-go-eevee,A very old-fashioned bell that makes a gentle ringing sound.
tidal-bell,omega-ruby-alpha-sapphire,A very old-fashioned bell that makes a gentle ringing sound.
tidal-bell,scarlet-violet,A very old-fashioned bell that makes a gentle ringing sound.
tidal-bell,sun-moon,A very old-fashioned bell that makes a gentle ringing sound.
tidal-bell,sword-shield,A very old-fashioned bell that makes a gentle ringing sound.
tidal-bell,ultra-sun-ultra-moon,A very old-fashioned bell that makes a gentle ringing sound.
tidal-bell,x-y,A very old-fashioned bell that makes a gentle ringing sound.
time-balm,legends-arceus,A mysterious balm that somehow has the power to calm Dialga in its frenzy.
time-balm,scarlet-violet,A mysterious balm that somehow has the power to calm Dialga in its frenzy.
timer-ball,diamond-pearl,A somewhat different Ball that becomes progressively better the more turns there are in a battle.
timer-ball,ruby-sapphire,More effective as more turns are taken in battle.
timer-ball,scarlet-violet,A somewhat different Poké Ball that becomes more effective at catching Pokémon the more turns that are taken in battle.
timer-ball,sword-shield,A somewhat different Poké Ball that becomes progressively more effective at catching Pokémon the more turns that are taken in battle.
timer-ball,x-y,A somewhat different Poké Ball that becomes progressively more effective the more turns that are taken in battle.
timid-mint,brilliant-diamond-shining-pearl,"When a Pokémon smells this mint, its Speed will grow more easily, but its Attack will grow more slowly."
timid-mint,legends-arceus,"When a Pokémon smells this mint, its Speed will grow more easily, but its Attack will grow more slowly."
timid-mint,scarlet-violet,"Having a Pokémon smell this mint can make its Speed stat grow stronger. However, its Attack stat may suffer."
timid-mint,sword-shield,"When a Pokémon smells this mint, its Speed will grow more easily, but its Attack will grow more slowly."
tin-of-beans,brilliant-diamond-shining-pearl,"One of the many ingredients that can be used for cooking at your camp. When simmered, the beans suffuse a dish with their mild flavor."
tin-of-beans,legends-arceus,"One of the many ingredients that can be used for cooking at your camp. When simmered, the beans suffuse a dish with their mild flavor."
tin-of-beans,scarlet-violet,"One of the many ingredients that can be used for cooking at your camp. When simmered, the beans suffuse a dish with their mild flavor."
tin-of-beans,sword-shield,"One of the many ingredients that can be used for cooking at your camp. When simmered, the beans suffuse a dish with their mild flavor."
tiny-bamboo-shoot,scarlet-violet,A small and rare bamboo shoot. It’s quite popular with a certain class of gourmands.
tiny-mushroom,black-white,A small and rare mushroom. It is sought after by collectors.
tiny-mushroom,diamond-pearl,A small and rare mushroom. It is quite popular among certain maniacal fan segments.
tiny-mushroom,firered-leafgreen,A small and rare mushroom. It is quite popular among certain people.
tiny-mushroom,gold-silver,An ordinary mushroom. Sell low.
tiny-mushroom,scarlet-violet,A small and rare mushroom. It's quite popular with a certain class of collectors.
tiny-mushroom,sword-shield,A very small and rare mushroom. It's popular with a certain class of collectors.
tiny-mushroom,x-y,A very small and rare mushroom. It's popular with a certain class of collectors and sought out by them.
tm-case,emerald,A convenient case that holds TMs and HMs.
tm-case,firered-leafgreen,A case that holds TMs and HMs. It is attached to the Bag's compartment for important items.
tm001,black-2-white-2,A Technical Machine that teaches Hone Claws.
tm001,black-white,A Technical Machine that teaches Hone Claws.
tm001,crystal,A Technical Machine that teaches DynamicPunch.
tm001,emerald,A Technical Machine that teaches Focus Punch.
tm001,gold-silver,A Technical Machine that teaches DynamicPunch.
tm001,red-blue,A Technical Machine that teaches Mega Punch.
tm001,ruby-sapphire,A Technical Machine that teaches Focus Punch.
tm001,scarlet-violet,A Technical Machine that teaches Take Down.
tm001,sun-moon,A Technical Machine that teaches Work Up.
tm001,sword-shield,A Technical Machine that teaches Mega Kick.
tm001,ultra-sun-ultra-moon,A Technical Machine that teaches Work Up.
tm001,yellow,A Technical Machine that teaches Mega Punch.
tm002,gold-silver,A TM that teaches Headbutt.
tm002,lets-go-pikachu-lets-go-eevee,A TM that teaches Taunt.
tm002,red-blue,A TM that teaches Razor Wind.
tm002,ruby-sapphire,A TM that teaches Dragon Claw.
tm002,scarlet-violet,A TM that teaches Charm.
tm002,sword-shield,A TM that teaches Pay Day.
tm003,red-blue,A Technical Machine that teaches Swords Dance.
tm003,yellow,A Technical Machine that teaches Swords Dance.
tm004,gold-silver,A Technical Machine that teaches Rollout.
tm004,red-blue,A Technical Machine that teaches Whirlwind.
tm004,ruby-sapphire,A Technical Machine that teaches Calm Mind.
tm004,scarlet-violet,A Technical Machine that teaches Agility.
tm004,sword-shield,A Technical Machine that teaches Ice Punch.
tm005,crystal,A TM that teaches Roar.
tm005,gold-silver,A TM that teaches Roar.
tm005,red-blue,A TM that teaches Mega Kick.
tm005,scarlet-violet,A TM that teaches Mud-Slap.
tm005,sword-shield,A TM that teaches Thunder Punch.
tm005,yellow,A TM that teaches Mega Kick.
tm006,red-blue,A TM that teaches the move Toxic.
tm006,yellow,A TM that teaches the move Toxic.
tm007,crystal,A TM that teaches Zap Cannon.
tm007,emerald,A TM that teaches Hail.
tm007,gold-silver,A TM that teaches Zap Cannon.
tm007,red-blue,A TM that teaches Horn Drill.
tm007,ruby-sapphire,A TM that teaches Hail.
tm007,scarlet-violet,A TM that teaches Protect.
tm007,yellow,A TM that teaches Horn Drill.
tm008,black-2-white-2,A TM that teaches Bulk Up.
tm008,black-white,A TM that teaches Bulk Up.
tm008,brilliant-diamond-shining-pearl,A TM that teaches Bulk Up.
tm008,crystal,A TM that teaches Rock Smash.
tm008,diamond-pearl,A TM that teaches Bulk Up.
tm008,emerald,A TM that teaches Bulk Up.
tm008,gold-silver,A TM that teaches Rock Smash.
tm008,legends-za,A TM that teaches Thunder Wave.
tm008,lets-go-pikachu-lets-go-eevee,A TM that teaches Substitute.
tm008,omega-ruby-alpha-sapphire,A TM that teaches Bulk Up.
tm008,platinum,A TM that teaches Bulk Up.
tm008,red-blue,A TM that teaches Body Slam.
tm008,ruby-sapphire,A TM that teaches Bulk Up.
tm008,scarlet-violet,A TM that teaches Fire Fang.
tm008,sun-moon,A TM that teaches Bulk Up.
tm008,sword-shield,A TM that teaches Hyper Beam.
tm008,ultra-sun-ultra-moon,A TM that teaches Bulk Up.
tm008,x-y,A TM that teaches Bulk Up.
tm008,yellow,A TM that teaches Body Slam.
tm009,black-2-white-2,A Technical Machine that teaches the move Venoshock.
tm009,black-white,A Technical Machine that teaches the move Venoshock.
tm009,crystal,A Technical Machine that teaches the move Psych Up.
tm009,emerald,A Technical Machine that teaches the move Bullet Seed.
tm009,gold-silver,A Technical Machine that teaches the move Psych Up.
tm009,red-blue,A Technical Machine that teaches the move Take Down.
tm009,ruby-sapphire,A Technical Machine that teaches the move Bullet Seed.
tm009,yellow,A Technical Machine that teaches the move Take Down.
tm010,crystal,A Technical Machine that teaches Hidden Power.
tm010,gold-silver,A Technical Machine that teaches Hidden Power.
tm010,red-blue,A Technical Machine that teaches Double-Edge.
tm010,yellow,A Technical Machine that teaches Double-Edge.
tm014,gold-silver,A TM that teaches Blizzard.
tm014,red-blue,A TM that teaches Blizzard.
tm014,ruby-sapphire,A TM that teaches Blizzard.
tm014,scarlet-violet,A TM that teaches Acrobatics.
tm014,sword-shield,A TM that teaches Thunder Wave.
tm017,crystal,A Technical Machine that teaches Protect.
tm017,diamond-pearl,A Technical Machine that teaches Protect.
tm017,emerald,A Technical Machine that teaches Protect.
tm017,gold-silver,A Technical Machine that teaches Protect.
tm017,heartgold-soulsilver,A Technical Machine that teaches Protect.
tm017,platinum,A Technical Machine that teaches Protect.
tm017,red-blue,A Technical Machine that teaches Submission.
tm017,ruby-sapphire,A Technical Machine that teaches Protect.
tm017,scarlet-violet,A Technical Machine that teaches Confuse Ray.
tm017,sword-shield,A Technical Machine that teaches Light Screen.
tm017,yellow,A Technical Machine that teaches Submission.
tm018,crystal,A TM that teaches Rain Dance.
tm018,diamond-pearl,A TM that teaches Rain Dance.
tm018,emerald,A TM that teaches Rain Dance.
tm018,gold-silver,A TM that teaches Rain Dance.
tm018,platinum,A TM that teaches Rain Dance.
tm018,red-blue,A TM that teaches Counter.
tm018,ruby-sapphire,A TM that teaches Rain Dance.
tm018,scarlet-violet,A TM that teaches Thief.
tm018,sword-shield,A TM that teaches Reflect.
tm019,red-blue,It teaches a compatible Pokémon a move.
tm019,yellow,It teaches a compatible Pokémon a move.
tm021,gold-silver,A TM that teaches Frustration.
tm021,red-blue,A TM that teaches Mega Drain.
tm021,scarlet-violet,A TM that teaches Pounce.
tm023,black-white,A Technical Machine that teaches Smack Down.
tm023,crystal,A Technical Machine that teaches Iron Tail.
tm023,gold-silver,A Technical Machine that teaches Iron Tail.
tm023,red-blue,A Technical Machine that teaches Dragon Rage.
tm023,scarlet-violet,A Technical Machine that teaches Charge Beam.
tm023,sword-shield,A Technical Machine that teaches Thief.
tm023,yellow,A Technical Machine that teaches Dragon Rage.
tm024,red-blue,A Technical Machine that teaches Thunderbolt.
tm024,yellow,A Technical Machine that teaches Thunderbolt.
tm025,emerald,A TM that teaches Thunder.
tm025,gold-silver,A TM that teaches Thunder.
tm025,red-blue,A TM that teaches Thunder.
tm025,ruby-sapphire,A TM that teaches Thunder.
tm025,scarlet-violet,A TM that teaches Facade.
tm025,sword-shield,A TM that teaches Protect.
tm026,red-blue,A TM that teaches the move Earthquake.
tm026,scarlet-violet,A TM that teaches the move Poison Tail.
tm026,sword-shield,A TM that teaches the move Scary Face.
tm028,red-blue,A TM that teaches the move Dig.
tm028,yellow,A TM that teaches the move Dig.
tm029,red-blue,A Technical Machine that teaches the move Psychic.
tm029,scarlet-violet,A TM that teaches the move Hex.
tm030,crystal,A Technical Machine that teaches Shadow Ball.
tm030,gold-silver,A Technical Machine that teaches Shadow Ball.
tm030,red-blue,A Technical Machine that teaches Teleport.
tm030,yellow,A Technical Machine that teaches Teleport.
tm031,crystal,A Technical Machine that teaches Mud-Slap.
tm031,gold-silver,A Technical Machine that teaches Mud-Slap.
tm031,red-blue,A Technical Machine that teaches Mimic.
tm031,yellow,A Technical Machine that teaches Mimic.
tm033,red-blue,A Technical Machine that teaches Reflect.
tm033,yellow,A Technical Machine that teaches Reflect.
tm034,red-blue,A Technical Machine that teaches a Pokémon the move Bide.
tm034,yellow,A Technical Machine that teaches a Pokémon the move Bide.
tm036,crystal,A TM that teaches Sludge Bomb.
tm036,emerald,A TM that teaches Sludge Bomb.
tm036,gold-silver,A TM that teaches Sludge Bomb.
tm036,red-blue,A TM that teaches Selfdestruct.
tm036,ruby-sapphire,A TM that teaches Sludge Bomb.
tm036,scarlet-violet,A TM that teaches Rock Tomb.
tm036,sword-shield,A TM that teaches Whirlpool.
tm036,yellow,A TM that teaches Selfdestruct.
tm038,lets-go-pikachu-lets-go-eevee,A TM that teaches Thunder.
tm038,red-blue,A TM that teaches Fire Blast.
tm038,scarlet-violet,A TM that teaches Flame Charge.
tm038,sword-shield,A TM that teaches Will-O-Wisp.
tm038,yellow,A TM that teaches Fire Blast.
tm040,crystal,A Technical Machine that teaches Defense Curl.
tm040,gold-silver,A Technical Machine that teaches Defense Curl.
tm040,red-blue,A Technical Machine that teaches Skull Bash.
tm040,yellow,A Technical Machine that teaches Skull Bash.
tm041,crystal,A TM that teaches ThunderPunch.
tm041,diamond-pearl,A TM that teaches Torment.
tm041,emerald,A TM that teaches Torment.
tm041,gold-silver,A TM that teaches ThunderPunch.
tm041,legends-za,A TM that teaches Water Pulse.
tm041,platinum,A TM that teaches Torment.
tm041,red-blue,A TM that teaches Softboiled.
tm041,ruby-sapphire,A TM that teaches Torment.
tm041,scarlet-violet,A TM that teaches Stored Power.
tm041,sword-shield,A TM that teaches Helping Hand.
tm041,yellow,A TM that teaches Softboiled.
tm044,crystal,A TM that teaches Rest.
tm044,diamond-pearl,A TM that teaches Rest.
tm044,emerald,A TM that teaches Rest.
tm044,gold-silver,A TM that teaches Rest.
tm044,platinum,A TM that teaches Rest.
tm044,red-blue,A TM that teaches Rest.
tm044,ruby-sapphire,A TM that teaches Rest.
tm044,scarlet-violet,A TM that teaches Dragon Tail.
tm044,sun-moon,A TM that teaches Rest.
tm044,sword-shield,A TM that teaches Imprison.
tm044,ultra-sun-ultra-moon,A TM that teaches Rest.
tm044,yellow,A TM that teaches Rest.
tm045,red-blue,A Technical Machine that teaches Thunder Wave.
tm045,yellow,A Technical Machine that teaches Thunder Wave.
tm049,red-blue,A Technical Machine that teaches Tri Attack.
tm049,yellow,A Technical Machine that teaches Tri Attack.
tm050,crystal,A TM that teaches the move Nightmare.
tm050,emerald,A TM that teaches the move Overheat.
tm050,gold-silver,A TM that teaches the move Nightmare.
tm050,red-blue,A TM that teaches the move Substitute.
tm050,ruby-sapphire,A TM that teaches the move Overheat.
tm050,scarlet-violet,A TM that teaches the move Rain Dance.
tm050,sword-shield,A TM that teaches the move Bullet Seed.
tm050,yellow,A TM that teaches the move Substitute.
tm051,black-2-white-2,A TM that teaches the move Ally Switch.
tm051,black-white,A TM that teaches the move Ally Switch.
tm051,brilliant-diamond-shining-pearl,A TM that teaches the move Roost.
tm051,diamond-pearl,A TM that teaches the move Roost.
tm051,legends-za,A TM that teaches the move Safeguard.
tm051,lets-go-pikachu-lets-go-eevee,A TM that teaches the move Blizzard.
tm051,omega-ruby-alpha-sapphire,A TM that teaches the move Steel Wing.
tm051,platinum,A TM that teaches the move Roost.
tm051,scarlet-violet,A TM that teaches the move Sandstorm.
tm051,sun-moon,A TM that teaches the move Steel Wing.
tm051,sword-shield,A TM that teaches the move Icicle Spear.
tm051,ultra-sun-ultra-moon,A TM that teaches the move Steel Wing.
tm051,x-y,A TM that teaches the move Steel Wing.
tm053,diamond-pearl,A Technical Machine that teaches the move Energy Ball.
tm053,legends-za,A Technical Machine that teaches the move Sludge Bomb.
tm053,platinum,A Technical Machine that teaches the move Energy Ball.
tm053,scarlet-violet,A Technical Machine that teaches the move Smart Strike.
tm053,sword-shield,A Technical Machine that teaches the move Mud Shot.
tm055,black-2-white-2,A Technical Machine that teaches Scald.
tm055,black-white,A Technical Machine that teaches Scald.
tm055,brilliant-diamond-shining-pearl,A Technical Machine that teaches Brine.
tm055,diamond-pearl,A Technical Machine that teaches Brine.
tm055,legends-za,A Technical Machine that teaches Giga Impact.
tm055,lets-go-pikachu-lets-go-eevee,A Technical Machine that teaches Ice Beam.
tm055,omega-ruby-alpha-sapphire,A Technical Machine that teaches Scald.
tm055,platinum,A Technical Machine that teaches Brine.
tm055,scarlet-violet,A Technical Machine that teaches Dig.
tm055,sun-moon,A Technical Machine that teaches Scald.
tm055,sword-shield,A Technical Machine that teaches Brine.
tm055,ultra-sun-ultra-moon,A Technical Machine that teaches Scald.
tm055,x-y,A Technical Machine that teaches Scald.
tm056,black-2-white-2,A Technical Machine that teaches the move Fling.
tm056,black-white,A Technical Machine that teaches the move Fling.
tm056,brilliant-diamond-shining-pearl,A Technical Machine that teaches the move Fling.
tm056,diamond-pearl,A Technical Machine that teaches the move Fling.
tm056,legends-za,A Technical Machine that teaches the move Double-Edge.
tm056,lets-go-pikachu-lets-go-eevee,A Technical Machine that teaches the move Stealth Rock.
tm056,omega-ruby-alpha-sapphire,A Technical Machine that teaches the move Fling.
tm056,platinum,A Technical Machine that teaches the move Fling.
tm056,scarlet-violet,A Technical Machine that teaches the move Bullet Seed.
tm056,sun-moon,A Technical Machine that teaches the move Fling.
tm056,sword-shield,A Technical Machine that teaches the move U-turn.
tm056,ultra-sun-ultra-moon,A Technical Machine that teaches the move Fling.
tm056,x-y,A Technical Machine that teaches the move Fling.
tm060,black-2-white-2,A Technical Machine that teaches Quash.
tm060,black-white,A Technical Machine that teaches Quash.
tm060,diamond-pearl,A Technical Machine that teaches Drain Punch.
tm060,legends-za,A Technical Machine that teaches Future Sight.
tm060,lets-go-pikachu-lets-go-eevee,A Technical Machine that teaches Megahorn.
tm060,omega-ruby-alpha-sapphire,A Technical Machine that teaches Quash.
tm060,platinum,A Technical Machine that teaches Drain Punch.
tm060,scarlet-violet,A Technical Machine that teaches U-turn.
tm060,sun-moon,A Technical Machine that teaches Quash.
tm060,sword-shield,A Technical Machine that teaches Power Swap.
tm060,ultra-sun-ultra-moon,A Technical Machine that teaches Quash.
tm060,x-y,A Technical Machine that teaches Quash.
tm067,black-2-white-2,A Technical Machine that teaches Retaliate.
tm067,black-white,A Technical Machine that teaches Retaliate.
tm067,diamond-pearl,A Technical Machine that teaches Recycle.
tm067,legends-za,A Technical Machine that teaches Thunderbolt.
tm067,platinum,A Technical Machine that teaches Recycle.
tm067,scarlet-violet,A Technical Machine that teaches Fire Punch.
tm067,sun-moon,A Technical Machine that teaches Smart Strike.
tm067,sword-shield,A Technical Machine that teaches Ice Fang.
tm067,ultra-sun-ultra-moon,A Technical Machine that teaches Smart Strike.
tm069,black-2-white-2,A Technical Machine that teaches Rock Polish.
tm069,black-white,A Technical Machine that teaches Rock Polish.
tm069,brilliant-diamond-shining-pearl,A Technical Machine that teaches Rock Polish.
tm069,diamond-pearl,A Technical Machine that teaches Rock Polish.
tm069,heartgold-soulsilver,A Technical Machine that teaches Rock Polish.
tm069,legends-za,A Technical Machine that teaches Earthquake.
tm069,omega-ruby-alpha-sapphire,A Technical Machine that teaches Rock Polish.
tm069,platinum,A Technical Machine that teaches Rock Polish.
tm069,scarlet-violet,A Technical Machine that teaches Ice Punch.
tm069,sun-moon,A Technical Machine that teaches Rock Polish.
tm069,sword-shield,A Technical Machine that teaches Psycho Cut.
tm069,ultra-sun-ultra-moon,A Technical Machine that teaches Rock Polish.
tm069,x-y,A Technical Machine that teaches Rock Polish.
tm071,black-2-white-2,A Technical Machine that teaches Stone Edge.
tm071,black-white,A Technical Machine that teaches Stone Edge.
tm071,diamond-pearl,A Technical Machine that teaches Stone Edge.
tm071,legends-za,A Technical Machine that teaches Hyper Voice.
tm071,omega-ruby-alpha-sapphire,A Technical Machine that teaches Stone Edge.
tm071,platinum,A Technical Machine that teaches Stone Edge.
tm071,scarlet-violet,A Technical Machine that teaches Seed Bomb.
tm071,sun-moon,A Technical Machine that teaches Stone Edge.
tm071,sword-shield,A Technical Machine that teaches Wonder Room.
tm071,ultra-sun-ultra-moon,A Technical Machine that teaches Stone Edge.
tm071,x-y,A Technical Machine that teaches Stone Edge.
tm072,black-2-white-2,A Technical Machine that teaches Volt Switch.
tm072,black-white,A Technical Machine that teaches Volt Switch.
tm072,diamond-pearl,A Technical Machine that teaches Avalanche.
tm072,platinum,A Technical Machine that teaches Avalanche.
tm072,scarlet-violet,A Technical Machine that teaches Electro Ball.
tm072,sword-shield,A Technical Machine that teaches Magic Room.
tm073,diamond-pearl,A Technical Machine that teaches Thunder Wave.
tm073,platinum,A Technical Machine that teaches Thunder Wave.
tm073,scarlet-violet,A Technical Machine that teaches Drain Punch.
tm073,sword-shield,A Technical Machine that teaches Cross Poison.
tm077,diamond-pearl,A TM that teaches the move Psych Up.
tm077,legends-za,A TM that teaches the move Poison Jab.
tm077,platinum,A TM that teaches the move Psych Up.
tm077,scarlet-violet,A TM that teaches the move Waterfall.
tm077,sword-shield,A TM that teaches the move Hex.
tm080,black-2-white-2,A TM that teaches the move Rock Slide.
tm080,black-white,A TM that teaches the move Rock Slide.
tm080,brilliant-diamond-shining-pearl,A TM that teaches the move Rock Slide.
tm080,diamond-pearl,A TM that teaches the move Rock Slide.
tm080,legends-za,A TM that teaches the move Iron Defense.
tm080,omega-ruby-alpha-sapphire,A TM that teaches the move Rock Slide.
tm080,platinum,A TM that teaches the move Rock Slide.
tm080,scarlet-violet,A TM that teaches the move Metronome.
tm080,sun-moon,A TM that teaches the move Rock Slide.
tm080,sword-shield,A TM that teaches the move Volt Switch.
tm080,ultra-sun-ultra-moon,A TM that teaches the move Rock Slide.
tm080,x-y,A TM that teaches the move Rock Slide.
tm082,black-2-white-2,A Technical Machine that teaches Dragon Tail.
tm082,black-white,A Technical Machine that teaches Dragon Tail.
tm082,diamond-pearl,A Technical Machine that teaches Sleep Talk.
tm082,platinum,A Technical Machine that teaches Sleep Talk.
tm082,scarlet-violet,A Technical Machine that teaches Thunder Wave.
tm082,sword-shield,A Technical Machine that teaches Electroweb.
tm083,black-2-white-2,Teaches Work Up to a compatible Pokémon.
tm083,black-white,Teaches Work Up to a compatible Pokémon.
tm083,brilliant-diamond-shining-pearl,Teaches Bulldoze to a compatible Pokémon.
tm083,diamond-pearl,Teaches Natural Gift to a compatible Pokémon.
tm083,legends-za,Teaches Nasty Plot to a compatible Pokémon.
tm083,omega-ruby-alpha-sapphire,Teaches Infestation to a compatible Pokémon.
tm083,platinum,Teaches Natural Gift to a compatible Pokémon.
tm083,scarlet-violet,Teaches Poison Jab to a compatible Pokémon.
tm083,sun-moon,Teaches Infestation to a compatible Pokémon.
tm083,sword-shield,Teaches Razor Shell to a compatible Pokémon.
tm083,ultra-sun-ultra-moon,Teaches Infestation to a compatible Pokémon.
tm083,x-y,Teaches Infestation to a compatible Pokémon.
tm087,diamond-pearl,A Technical Machine that teaches the move Swagger.
tm087,platinum,A Technical Machine that teaches the move Swagger.
tm087,scarlet-violet,A Technical Machine that teaches the move Taunt.
tm087,sword-shield,A Technical Machine that teaches the move Draining Kiss.
tm088,diamond-pearl,A Technical Machine that teaches Pluck.
tm088,omega-ruby-alpha-sapphire,A Technical Machine that teaches Sleep Talk.
tm088,platinum,A Technical Machine that teaches Pluck.
tm088,scarlet-violet,A Technical Machine that teaches Swords Dance.
tm088,sword-shield,A Technical Machine that teaches Grassy Terrain.
tm088,x-y,A Technical Machine that teaches Sleep Talk.
tm090,diamond-pearl,A TM that teaches the move Substitute.
tm090,legends-za,A TM that teaches the move Dark Pulse.
tm090,platinum,A TM that teaches the move Substitute.
tm090,scarlet-violet,A TM that teaches the move Spikes.
tm090,sword-shield,A TM that teaches the move Electric Terrain.
tm091,diamond-pearl,A TM that teaches the move Flash Cannon.
tm091,platinum,A TM that teaches the move Flash Cannon.
tm091,scarlet-violet,A TM that teaches the move Toxic Spikes.
tm091,sword-shield,A TM that teaches the move Psychic Terrain.
tm092,black-2-white-2,A Technical Machine that teaches Trick Room.
tm092,black-white,A Technical Machine that teaches Trick Room.
tm092,brilliant-diamond-shining-pearl,A Technical Machine that teaches Trick Room.
tm092,diamond-pearl,A Technical Machine that teaches Trick Room.
tm092,heartgold-soulsilver,A Technical Machine that teaches Trick Room.
tm092,legends-za,A Technical Machine that teaches Dazzling Gleam.
tm092,omega-ruby-alpha-sapphire,A Technical Machine that teaches Trick Room.
tm092,platinum,A Technical Machine that teaches Trick Room.
tm092,scarlet-violet,A Technical Machine that teaches Imprison.
tm092,sun-moon,A Technical Machine that teaches Trick Room.
tm092,sword-shield,A Technical Machine that teaches Mystical Fire.
tm092,ultra-sun-ultra-moon,A Technical Machine that teaches Trick Room.
tm092,x-y,A Technical Machine that teaches Trick Room.
tm093,black-white,A TM that teaches the move Wild Charge.
tm093,brilliant-diamond-shining-pearl,A TM that teaches the move Cut.
tm093,legends-za,A TM that teaches the move Outrage.
tm093,scarlet-violet,A TM that teaches the move Flash Cannon.
tm093,sword-shield,A TM that teaches the move Eerie Impulse.
tm094,black-white,A TM that teaches the move Rock Smash.
tm094,brilliant-diamond-shining-pearl,A TM that teaches the move Fly.
tm094,legends-za,A TM that teaches the move Whirlwind.
tm094,omega-ruby-alpha-sapphire,A TM that teaches the move Secret Power.
tm094,scarlet-violet,A TM that teaches the move Dark Pulse.
tm094,sun-moon,A TM that teaches the move Surf.
tm094,sword-shield,A TM that teaches the move False Swipe.
tm094,ultra-sun-ultra-moon,A TM that teaches the move Surf.
tm094,x-y,A TM that teaches the move Rock Smash.
tm095,black-white,A TM that teaches Snarl.
tm095,brilliant-diamond-shining-pearl,A TM that teaches Surf.
tm095,legends-za,A TM that teaches Taunt.
tm095,scarlet-violet,A TM that teaches Leech Life.
tm095,sun-moon,A TM that teaches Snarl.
tm095,sword-shield,A TM that teaches Air Slash.
tm095,ultra-sun-ultra-moon,A TM that teaches Snarl.
tm095,x-y,A TM that teaches Snarl.
tm100,brilliant-diamond-shining-pearl,A Technical Machine that teaches the move Rock Climb.
tm100,legends-za,A Technical Machine that teaches the move Gunk Shot.
tm100,scarlet-violet,A Technical Machine that teaches the move Dragon Dance.
tm100,sun-moon,A Technical Machine that teaches the move Confide.
tm100,ultra-sun-ultra-moon,A Technical Machine that teaches the move Confide.
tm100,x-y,A Technical Machine that teaches the move Confide.
tm102,legends-za,It teaches a compatible Pokémon a move.
tm102,scarlet-violet,It teaches a compatible Pokémon a move.
tm106,legends-za,A TM that can be used any number of times to teach a compatible Pokémon a move.
tm106,scarlet-violet,A TM that teaches a compatible Pokémon a move. The move it teaches depends on the game.
tm111,legends-za,A Technical Machine that can be used any number of times to teach a compatible Pokémon a move.
tm111,scarlet-violet,A Technical Machine that teaches a compatible Pokémon a move. The move it teaches depends on the game.
tm120,legends-za,A Technical Machine that can be used any number of times.
tm120,scarlet-violet,A Technical Machine that teaches a compatible Pokémon a move.
tm121,legends-za,It teaches a compatible Pokémon a move. The move it teaches depends on the game.
tm121,scarlet-violet,It teaches a compatible Pokémon a move. The move it teaches depends on the game.
tm127,legends-za,It teaches a compatible Pokémon a move. The move it teaches depends on the game.
tm127,scarlet-violet,It teaches a compatible Pokémon a move. The move it teaches depends on the game.
tm132,legends-za,A TM that can be used any number of times to teach a compatible Pokémon a move.
tm132,scarlet-violet,A TM introduced in Generation IX that teaches a compatible Pokémon a move.
tm135,legends-za,A Technical Machine that teaches a compatible Pokémon a move. The move taught depends on the game.
tm135,scarlet-violet,A Technical Machine that teaches a compatible Pokémon a move. The move taught depends on the game.
tm146,legends-za,A TM that teaches a compatible Pokémon the move Skull Bash.
tm146,scarlet-violet,A TM that teaches a compatible Pokémon the move Grass Pledge.
tm148,scarlet-violet,It teaches a compatible Pokémon a move. The move it teaches depends on the game.
tm150,legends-za,A Technical Machine that teaches a compatible Pokémon a move.
tm150,scarlet-violet,A Technical Machine that teaches a compatible Pokémon a move.
tm162,scarlet-violet,It teaches a compatible Pokémon a move. The move it teaches depends on the game.
tm164,scarlet-violet,It teaches a compatible Pokémon a move. The move it teaches depends on the game.
tm166,scarlet-violet,A Technical Machine introduced in Generation IX. It teaches a compatible Pokémon a move.
tm171,scarlet-violet,A Technical Machine that teaches a compatible Pokémon a move. The move it teaches depends on the game.
tm178,scarlet-violet,A TM that teaches the move Gravity.
tm180,scarlet-violet,A Technical Machine that teaches a compatible Pokémon a move.
tm182,scarlet-violet,It teaches a compatible Pokémon a move.
tm189,scarlet-violet,It teaches a compatible Pokémon a move. The move it teaches depends on the game.
tm195,scarlet-violet,A Technical Machine that teaches a compatible Pokémon a move. The move it teaches depends on the game.
tm196,scarlet-violet,A TM introduced in Generation IX that teaches a compatible Pokémon a move.
tm197,scarlet-violet,A Technical Machine that teaches a compatible Pokémon a move. The move it teaches depends on the game.
tm198,scarlet-violet,It teaches a compatible Pokémon a move. The move it teaches depends on the game.
tm199,scarlet-violet,It teaches a compatible Pokémon a move. The move it teaches depends on the game.
tm200,scarlet-violet,It teaches a compatible Pokémon a move. The move it teaches depends on the game.
tm203,scarlet-violet,A Technical Machine that teaches a compatible Pokémon a move. The move it teaches depends on the game.
tm204,scarlet-violet,It teaches a compatible Pokémon a move.
tm207,scarlet-violet,A Technical Machine that teaches a compatible Pokémon a move.
tm210,scarlet-violet,A Technical Machine that teaches a compatible Pokémon a move. The move it teaches depends on the game.
tm211,scarlet-violet,A Technical Machine that teaches a compatible Pokémon a move.
tm214,scarlet-violet,A TM that teaches the move Sludge Wave to a compatible Pokémon.
tm215,scarlet-violet,A Technical Machine that teaches a compatible Pokémon a move.
tm216,scarlet-violet,A TM that teaches a compatible Pokémon a move. The move it teaches depends on the game.
tm220,scarlet-violet,It teaches a compatible Pokémon a move. The move it teaches depends on the game.
tm221,scarlet-violet,It teaches a compatible Pokémon a move. The move it teaches depends on the game.
tm222,scarlet-violet,A Technical Machine that teaches a compatible Pokémon a move.
tm226,scarlet-violet,It teaches a compatible Pokémon a move. The move it teaches depends on the game.
tm229,scarlet-violet,A Technical Machine that teaches a compatible Pokémon a move. The move it teaches depends on the game.
tmv-pass,brilliant-diamond-shining-pearl,A commuter pass that allows the holder to ride the TMV between Lumiose City and Kiloude City at any time.
tmv-pass,legends-arceus,A commuter pass that allows the holder to ride the TMV between Lumiose City and Kiloude City at any time.
tmv-pass,lets-go-pikachu-lets-go-eevee,A commuter pass that allows the holder to ride the TMV between Lumiose City and Kiloude City at any time.
tmv-pass,omega-ruby-alpha-sapphire,A commuter pass that allows the holder to ride the TMV between Lumiose City and Kiloude City at any time.
tmv-pass,scarlet-violet,A commuter pass that allows the holder to ride the TMV between Lumiose City and Kiloude City at any time.
tmv-pass,sun-moon,A commuter pass that allows the holder to ride the TMV between Lumiose City and Kiloude City at any time.
tmv-pass,sword-shield,A commuter pass that allows the holder to ride the TMV between Lumiose City and Kiloude City at any time.
tmv-pass,ultra-sun-ultra-moon,A commuter pass that allows the holder to ride the TMV between Lumiose City and Kiloude City at any time.
tmv-pass,x-y,A commuter pass that allows the holder to ride the TMV between Lumiose City and Kiloude City at any time.
tofu,scarlet-violet,An ingredient with a touch of sweetness. It's unclear how well this raw block of tofu will serve as a sandwich filling.
tomato,scarlet-violet,"This very tart ingredient has a lot of savory elements to it, making it popular with many Pokémon."
torn-journal,legends-arceus,"An old, stab-bound diary in a traditional style. It has been torn and is missing the latter half of its pages."
torn-journal,scarlet-violet,"An old, stab-bound diary in a traditional style. It has been torn and is missing the latter half of its pages."
tough-candy,brilliant-diamond-shining-pearl,"A candy that is packed with energy. When given to a Pokémon, it will increase that Pokémon's Defense."
tough-candy,legends-arceus,"A candy that is packed with energy. When given to a Pokémon, it will increase that Pokémon's Defense."
tough-candy,lets-go-pikachu-lets-go-eevee,"A candy that is packed with energy. When given to a Pokémon, it will increase that Pokémon's Defense."
tough-candy,scarlet-violet,"A candy that is packed with energy. When given to a Pokémon, it will increase that Pokémon's Defense."
tough-candy,sword-shield,"A candy that is packed with energy. When given to a Pokémon, it will increase that Pokémon's Defense."
tough-candy-l,lets-go-pikachu-lets-go-eevee,"A big candy that is packed with energy. When given to a Pokémon Lv. 30 or higher, it will increase that Pokémon's Defense."
tough-candy-xl,brilliant-diamond-shining-pearl,"A huge candy that is packed with energy. When given to a Pokémon Lv. 60 or higher, it will increase that Pokémon's Defense."
tough-candy-xl,legends-arceus,"A huge candy that is packed with energy. When given to a Pokémon Lv. 60 or higher, it will increase that Pokémon's Defense."
tough-candy-xl,lets-go-pikachu-lets-go-eevee,"A huge candy that is packed with energy. When given to a Pokémon Lv. 60 or higher, it will increase that Pokémon's Defense."
tough-candy-xl,scarlet-violet,"A huge candy that is packed with energy. When given to a Pokémon Lv. 60 or higher, it will increase that Pokémon's Defense."
tough-candy-xl,sword-shield,"A huge candy that is packed with energy. When given to a Pokémon Lv. 60 or higher, it will increase that Pokémon's Defense."
town-map,black-white,A very convenient map that can be viewed anytime. It even shows your present location.
town-map,diamond-pearl,A very convenient map that can be viewed anytime. It even shows your present location.
town-map,emerald,Can be viewed anytime. Shows your present location.
town-map,firered-leafgreen,A very convenient map that can be viewed anytime. It even shows your present location.
town-map,stadium,A map of the local area. It identifies your present location.
town-map,sun-moon,A very convenient map that can be viewed anytime. It even shows you your present location in the region.
town-map,sword-shield,A very convenient map that can be viewed anytime. It even shows you your present location in the region.
town-map,x-y,A very convenient map that can be viewed anytime. It even shows you your present location in the region.
toxic-orb,black-2-white-2,An item to be held by a Pokémon. It is a bizarre orb that badly poisons the holder in battle.
toxic-orb,black-white,An item to be held by a Pokémon. It is a bizarre orb that badly poisons the holder in battle.
toxic-orb,brilliant-diamond-shining-pearl,An item to be held by a Pokémon. It's a bizarre orb that will badly poison the holder during battle.
toxic-orb,diamond-pearl,An item to be held by a Pokémon. It is a bizarre orb that badly poisons the holder in battle.
toxic-orb,heartgold-soulsilver,An item to be held by a Pokémon. It is a bizarre orb that badly poisons the holder in battle.
toxic-orb,legends-arceus,An item to be held by a Pokémon. It's a bizarre orb that will badly poison the holder during battle.
toxic-orb,lets-go-pikachu-lets-go-eevee,An item to be held by a Pokémon. It's a bizarre orb that will badly poison the holder during battle.
toxic-orb,omega-ruby-alpha-sapphire,An item to be held by a Pokémon. It is a bizarre orb that will badly poison the holder during battle.
toxic-orb,platinum,An item to be held by a Pokémon. It is a bizarre orb that badly poisons the holder in battle.
toxic-orb,scarlet-violet,An item to be held by a Pokémon. It's a bizarre orb that exudes toxins when touched and will badly poison the holder during battle.
toxic-orb,sun-moon,An item to be held by a Pokémon. It's a bizarre orb that will badly poison the holder during battle.
toxic-orb,sword-shield,An item to be held by a Pokémon. It's a bizarre orb that will badly poison the holder during battle.
toxic-orb,ultra-sun-ultra-moon,An item to be held by a Pokémon. It's a bizarre orb that will badly poison the holder during battle.
toxic-orb,x-y,An item to be held by a Pokémon. It is a bizarre orb that will badly poison the holder during battle.
toxic-plate,diamond-pearl,An item to be held by a Pokémon. It is a stone tablet that boosts the power of Poison-type moves.
toxic-plate,legends-arceus,"A stone tablet imbued with the essence of poison. When used on a certain Pokémon, it allows that Pokémon to gain the power of the Poison type."
toxic-plate,omega-ruby-alpha-sapphire,An item to be held by a Pokémon. It's a stone tablet that boosts the power of Poison-type moves.
toxic-plate,platinum,An item to be held by a Pokémon. It is a stone tablet that boosts the power of Poison-type moves.
toxic-plate,scarlet-violet,An item to be held by a Pokémon. This stone tablet is imbued with the essence of poison and boosts the power of the holder’s Poison-type moves.
toxic-plate,sun-moon,An item to be held by a Pokémon. It's a stone tablet that boosts the power of Poison-type moves.
toxic-plate,ultra-sun-ultra-moon,An item to be held by a Pokémon. It's a stone tablet that boosts the power of Poison-type moves.
toxic-plate,x-y,An item to be held by a Pokémon. It's a stone tablet that boosts the power of Poison-type moves.
tr01,sword-shield,"It teaches a compatible Pokémon a move, once only."
tr03,sword-shield,A TR that teaches the move Hydro Pump.
tr05,sword-shield,It teaches a compatible Pokémon the move Ice Beam. It can be used only once.
tr06,sword-shield,A Technical Record that teaches the move Blizzard.
tr09,sword-shield,"It teaches a compatible Pokémon a move, once only."
tr11,sword-shield,"It teaches a compatible Pokémon a move, once only."
tr12,sword-shield,"It teaches a compatible Pokémon a move, once only."
tr13,sword-shield,"It teaches a compatible Pokémon a move, once only."
tr17,sword-shield,It teaches a compatible Pokémon the move Amnesia. This is a one-time use Technical Record.
tr21,sword-shield,A Technical Record that teaches the move Reversal.
tr26,sword-shield,"It teaches a compatible Pokémon a move, once only."
tr38,sword-shield,A Technical Record that teaches the move Trick.
tr40,sword-shield,"It teaches a compatible Pokémon a move, once only."
tr49,sword-shield,"It teaches a compatible Pokémon a move, once only."
tr50,sword-shield,It teaches the move Leaf Blade to a compatible Pokémon. It can be used only once.
tr51,sword-shield,"It teaches a compatible Pokémon a move, once only."
tr52,sword-shield,"It teaches a compatible Pokémon a move, once only."
tr57,sword-shield,It teaches a compatible Pokémon the move Poison Jab. It can be used only once.
tr59,sword-shield,"It teaches a compatible Pokémon a move, once only."
tr72,sword-shield,A Technical Record that teaches the move Power Whip.
tr75,sword-shield,Teaches the move Stone Edge.
tr76,sword-shield,"It teaches a compatible Pokémon a move, once only."
tr81,sword-shield,A TR that teaches the move Foul Play.
tr84,sword-shield,It teaches a compatible Pokémon the move Scald. It can be used only once.
tr87,sword-shield,A Technical Record that teaches the move Drill Run to a compatible Pokémon once.
tr88,sword-shield,It teaches a compatible Pokémon the move Heat Crash. It can be used only once.
tr99,sword-shield,A Technical Record that teaches the move Body Press.
tri-pass,emerald,"A pass for ferries between One, Two, and Three Island."
tri-pass,firered-leafgreen,"A pass for ferries between One, Two, and Three Island. It has a drawing of three islands."
tropic-mail,emerald,A Bellossom-print Mail to be held by a Pokémon.
tropic-mail,firered-leafgreen,A piece of Mail featuring a cute Bellossom print. It is to be held by a Pokémon.
tropic-mail,ruby-sapphire,A Bellossom-print Mail to be held by a Pokémon.
tropical-shell,brilliant-diamond-shining-pearl,A beautiful white shell that may have drifted from a sea in a warm region.
tropical-shell,legends-arceus,A beautiful white shell that may have drifted from a sea in a warm region.
tropical-shell,lets-go-pikachu-lets-go-eevee,A beautiful white shell that may have drifted from a sea in a warm region.
tropical-shell,scarlet-violet,A beautiful white shell that may have drifted from a sea in a warm region.
tropical-shell,sword-shield,A beautiful white shell that may have drifted from a sea in a warm region.
tumblestone,legends-arceus,"When combined with an Apricorn, this mysterious, tumbled stone can draw out the properties required to forge a Poké Ball."
tumblestone,scarlet-violet,"When combined with an Apricorn, this mysterious tumbled stone can draw out the properties required to forge a Poké Ball."
tunnel-mail,diamond-pearl,Stationery featuring a print of a dimly lit coal mine. Let a Pokémon hold it for delivery.
tunnel-mail,heartgold-soulsilver,Stationery featuring a print of a dimly lit coal mine. Let a Pokémon hold it for delivery.
tunnel-mail,platinum,Stationery featuring a print of a dimly lit coal mine. Let a Pokémon hold it for delivery.
twice-spiced-radish,legends-arceus,"These pickled vegetables prime a Pokémon for battle. The Pokémon takes a hard-hitting stance, which boosts the power of the Pokémon's moves by 50 percent."
twice-spiced-radish,scarlet-violet,"These pickled vegetables prime a Pokémon for battle. The Pokémon takes a hard-hitting stance, which boosts the damage dealt by its moves by 50 percent."
twisted-spoon,crystal,Powers up psychic-type moves. (HOLD)
twisted-spoon,diamond-pearl,An item to be held by a Pokémon. It is a spoon imbued with telekinetic power that boosts Psychic-type moves.
twisted-spoon,emerald,A hold item that boosts Psychic-type moves.
twisted-spoon,firered-leafgreen,An item to be held by a Pokémon. A spoon imbued with telekinetic power boosts Psychic-type moves.
twisted-spoon,gold-silver,Powers up psychic-type moves. (HOLD)
twisted-spoon,heartgold-soulsilver,An item to be held by a Pokémon. It is a spoon imbued with telekinetic power that boosts Psychic-type moves.
twisted-spoon,omega-ruby-alpha-sapphire,An item to be held by a Pokémon. This spoon is imbued with telekinetic power and boosts Psychic-type moves.
twisted-spoon,platinum,An item to be held by a Pokémon. It is a spoon imbued with telekinetic power that boosts Psychic-type moves.
twisted-spoon,ruby-sapphire,A hold item that boosts Psychic-type moves.
twisted-spoon,scarlet-violet,An item to be held by a Pokémon. This spoon is imbued with telekinetic energy and boosts the power of the holder's Psychic-type moves.
twisted-spoon,sun-moon,An item to be held by a Pokémon. This spoon is imbued with telekinetic power and boosts Psychic-type moves.
twisted-spoon,ultra-sun-ultra-moon,An item to be held by a Pokémon. This spoon is imbued with telekinetic power and boosts Psychic-type moves.
twisted-spoon,x-y,An item to be held by a Pokémon. This spoon is imbued with telekinetic power and boosts Psychic-type moves.
tyranitarite,legends-za,One of a variety of mysterious Mega Stones. A Tyranitar holding this stone will be able to Mega Evolve during battle.
tyranitarite,omega-ruby-alpha-sapphire,"One of a variety of mysterious Mega Stones. Have Tyranitar hold it, and this stone will enable it to Mega Evolve during battle."
tyranitarite,x-y,"One variety of the mysterious Mega Stones. Have Tyranitar hold it, and this stone will enable it to Mega Evolve during battle."
ultra-ball,gold-silver,A Ball with a high rate of success.
ultra-ball,ruby-sapphire,A better Ball with a higher catch rate than a Great Ball.
ultra-ball,x-y,An ultra-high-performance Poké Ball that provides a higher success rate for catching Pokémon than a Great Ball.
ultra-ball-hisui,legends-arceus,A mysterious ball that provides an even higher success rate for catching Pokémon than a Great Ball does.
ultra-ball-hisui,scarlet-violet,A mysterious ball that provides an even higher success rate for catching Pokémon than a Great Ball does.
ultranecrozium-z,brilliant-diamond-shining-pearl,It's a crystal that turns Necrozma fused with Solgaleo or Lunala into a new form.
ultranecrozium-z,legends-arceus,It's a crystal that turns Necrozma fused with Solgaleo or Lunala into a new form.
ultranecrozium-z,scarlet-violet,It's a crystal that turns Necrozma fused with Solgaleo or Lunala into a new form.
ultranecrozium-z,sun-moon,It's a crystal that turns Necrozma fused with Solgaleo or Lunala into a new form.
ultranecrozium-z,sword-shield,It's a crystal that turns Necrozma fused with Solgaleo or Lunala into a new form.
ultranecrozium-z,ultra-sun-ultra-moon,It's a crystal that turns Necrozma fused with Solgaleo or Lunala into a new form.
unown-report,black-2-white-2,A report of all the discovered kinds of Unown.
unown-report,black-white,A report of all the discovered kinds of Unown.
unown-report,brilliant-diamond-shining-pearl,A report detailing all of the discovered kinds of Unown.
unown-report,heartgold-soulsilver,A report of all the discovered kinds of Unown.
unown-report,legends-arceus,A report of all the discovered kinds of Unown.
unown-report,lets-go-pikachu-lets-go-eevee,A report of all the discovered kinds of Unown.
unown-report,omega-ruby-alpha-sapphire,A report of all the discovered kinds of Unown.
unown-report,scarlet-violet,A report of all the discovered kinds of Unown.
unown-report,sun-moon,A report of all the discovered kinds of Unown.
unown-report,sword-shield,A report of all the discovered kinds of Unown.
unown-report,ultra-sun-ultra-moon,A report of all the discovered kinds of Unown.
unown-report,x-y,A report of all the discovered kinds of Unown.
unremarkable-teacup,scarlet-violet,"A peculiar teacup that can make a certain species of Pokémon evolve. It may be cracked, but tea drunk from it is delicious."
upgrade,firered-leafgreen,A transparent device filled with all sorts of data. It is made by Silph Co.
upgrade,gold-silver,A mysterious box made by Silph Co.
upgrade,legends-arceus,A transparent device somehow filled with all sorts of data. It's loved by a certain Pokémon.
upgrade,x-y,A transparent device somehow filled with all sorts of data. It was produced by Silph Co.
utility-umbrella,brilliant-diamond-shining-pearl,An item to be held by a Pokémon. This sturdy umbrella protects the holder from the effects of weather.
utility-umbrella,legends-arceus,An item to be held by a Pokémon. This sturdy umbrella protects the holder from the effects of weather.
utility-umbrella,scarlet-violet,An item to be held by a Pokémon. This sturdy umbrella protects the holder from the effects of rain and harsh sunlight.
utility-umbrella,sword-shield,An item to be held by a Pokémon. This sturdy umbrella protects the holder from the effects of weather.
uxies-claw,legends-arceus,"Proof that you have completed the trial set by Uxie, the Being of Knowledge that lives in Lake Acuity. This item is needed to forge the Red Chain."
uxies-claw,scarlet-violet,"Proof that you have completed the trial set by Uxie, the Being of Knowledge that lives in Lake Acuity. This item is needed to forge the Red Chain."
vee-vee-pick,scarlet-violet,"A pick designed after Eevee, sporting the Pokémon's usual expression. It's easy to grab by the ears, which is part of why it's so popular."
venusaurite,legends-za,One of a variety of mysterious Mega Stones. A Venusaur holding this stone will be able to Mega Evolve during battle.
venusaurite,lets-go-pikachu-lets-go-eevee,One of a variety of mysterious Mega Stones. This stone will enable Venusaur to Mega Evolve during battle.
venusaurite,omega-ruby-alpha-sapphire,"One of a variety of mysterious Mega Stones. Have Venusaur hold it, and this stone will enable it to Mega Evolve during battle."
venusaurite,x-y,"One variety of the mysterious Mega Stones. Have Venusaur hold it, and this stone will enable it to Mega Evolve during battle."
victreebelite,legends-za,One of a variety of mysterious Mega Stones. A Victreebel holding this stone will be able to Mega Evolve during battle.
vinegar,scarlet-violet,A very sour condiment. Vinegars derived from grapes are popular in Paldea. Highly effective when used to add just a light note of flavor.
violet-book,scarlet-violet,"A record of the expedition that the author, Heath, went on within the Great Crater of Paldea. The book has the name “Turo” written on it in clumsy handwriting."
violet-book,the-indigo-disk,"A record of an expedition to the Great Crater of Paldea, given to you by Professor Turo. The book has the name “Turo” written on it in clumsy handwriting."
virizion-treat,scarlet-violet,A snack made from ingredients favored by the Legendary Pokémon Virizion.
vivichoke,legends-arceus,Also called a morning-dew bud. It is used as a material for crafting items that can restore vitality to a Pokémon that has fainted.
volcano-balm,legends-arceus,"A mysterious balm that gives off a soothing scent. It can be used to help calm the frenzy of the Lord of the Isles, Arcanine."
volcano-balm,scarlet-violet,"A mysterious balm that gives off a soothing scent. It can be used to help calm the frenzy of the Lord of the Isles, Arcanine."
vs-recorder,black-white,An amazing device that can record a battle either between friends or at a special battle facility.
vs-recorder,heartgold-soulsilver,An amazing device that can record a battle either between friends or at a special battle facility.
vs-recorder,omega-ruby-alpha-sapphire,An amazing device that can record a battle between friends or the battles at certain special battle facilities.
vs-recorder,platinum,An amazing device that can record a battle either between friends or at a special battle facility.
vs-recorder,sun-moon,An amazing device that can record a battle between friends or the battles at certain special battle facilities.
vs-recorder,x-y,An amazing device that can record a battle between friends or the battles at certain special battle facilities.
vs-seeker,diamond-pearl,A device that indicates Trainers who want to battle. Its battery charges while you walk.
vs-seeker,emerald,A rechargeable unit that flags battle-ready Trainers.
vs-seeker,firered-leafgreen,A device that indicates Trainers who want to battle. The battery charges while traveling.
vs-seeker,platinum,A device that indicates Trainers who want to battle. Its battery charges while you walk.
wacan-berry,black-2-white-2,Weakens a supereffective Electric-type attack against the holding Pokémon.
wacan-berry,black-white,Weakens a supereffective Electric-type attack against the holding Pokémon.
wacan-berry,brilliant-diamond-shining-pearl,"If held by a Pokémon, this Berry will lessen the damage taken from one supereffective Electric-type attack."
wacan-berry,diamond-pearl,"A Poffin ingredient. If held by a Pokémon, it weakens a foe's supereffective Electric-type attack."
wacan-berry,heartgold-soulsilver,"If held by a Pokémon, it weakens a foe's supereffective Electric-type attack."
wacan-berry,legends-arceus,"If held by a Pokémon, this Berry will lessen the damage taken from one supereffective Electric-type attack."
wacan-berry,lets-go-pikachu-lets-go-eevee,"If held by a Pokémon, this Berry will lessen the damage taken from one supereffective Electric-type attack."
wacan-berry,omega-ruby-alpha-sapphire,"If held by a Pokémon, this Berry will lessen the damage taken from one supereffective Electric-type attack."
wacan-berry,platinum,"A Poffin ingredient. If held by a Pokémon, it weakens a foe's supereffective Electric-type attack."
wacan-berry,scarlet-violet,"If a Pokémon holding this Berry is hit with a supereffective Electric-type move, the power of that move will be weakened."
wacan-berry,sun-moon,"If held by a Pokémon, this Berry will lessen the damage taken from one supereffective Electric-type attack."
wacan-berry,sword-shield,"If held by a Pokémon, this Berry will lessen the damage taken from one supereffective Electric-type attack."
wacan-berry,ultra-sun-ultra-moon,"If held by a Pokémon, this Berry will lessen the damage taken from one supereffective Electric-type attack."
wacan-berry,x-y,"If held by a Pokémon, this Berry will lessen the damage taken from one supereffective Electric-type attack."
wailmer-pail,brilliant-diamond-shining-pearl,This is a tool for watering Berries you planted to make them grow more quickly.
wailmer-pail,emerald,A tool used for watering Berries and plants.
wailmer-pail,firered-leafgreen,A nifty watering pail. Use it to promote strong growth in Berries planted in soft soil.
wailmer-pail,legends-arceus,This is a tool for watering Berries you planted to make them grow more quickly.
wailmer-pail,lets-go-pikachu-lets-go-eevee,This is a tool for watering Berries you planted to make them grow more quickly.
wailmer-pail,omega-ruby-alpha-sapphire,This is a tool for watering Berries you planted to make them grow more quickly.
wailmer-pail,ruby-sapphire,A tool used for watering Berries and plants.
wailmer-pail,scarlet-violet,A watering can shaped like a Wailmer. It helps promote the healthy growth of any Berries planted in soil.
wailmer-pail,sun-moon,This is a tool for watering Berries you planted to make them grow more quickly.
wailmer-pail,sword-shield,This is a tool for watering Berries you planted to make them grow more quickly.
wailmer-pail,ultra-sun-ultra-moon,This is a tool for watering Berries you planted to make them grow more quickly.
wall-fragment,legends-arceus,A fragment that was once part of a stone panel in the Solaceon Ruins. It has markings carved on it that appear to be some kind of writing.
wall-fragment,scarlet-violet,A fragment that was once part of a stone panel in the Solaceon Ruins. It has markings carved on it that appear to be some kind of writing.
warding-charm,legends-arceus,A mysterious charm that holds the power to protect a person from being afflicted with status conditions. This type of charm comes in five different colors.
warding-charm,scarlet-violet,A mysterious charm that holds the power to protect a person from being afflicted with status conditions. This type of charm comes in five different colors.
wasabi,scarlet-violet,"This very spicy condiment seems close to horseradish at first, but you'll find that it has a superb flavor all its own."
water-gem,black-2-white-2,"A gem with an essence of water. When held, it strengthens the power of a Water-type move only once."
water-gem,black-white,"A gem with an essence of water. When held, it strengthens the power of a Water-type move only once."
water-gem,omega-ruby-alpha-sapphire,"A gem with an essence of water. When held, it strengthens the power of a Water-type move one time."
water-gem,scarlet-violet,An item to be held by a Pokémon. This gem is imbued with the essence of water and will boost the power of a Water-type move—but only once.
water-gem,sun-moon,"A gem with an essence of water. When held, it strengthens the power of a Water-type move one time."
water-gem,ultra-sun-ultra-moon,"A gem with an essence of water. When held, it strengthens the power of a Water-type move one time."
water-gem,x-y,"A gem with an essence of water. When held, it strengthens the power of a Water-type move one time."
water-memory,brilliant-diamond-shining-pearl,A memory disc that contains Water-type data. It changes the type of the holder if held by a certain species of Pokémon.
water-memory,legends-arceus,A memory disc that contains Water-type data. It changes the type of the holder if held by a certain species of Pokémon.
water-memory,scarlet-violet,A memory disc that contains Water-type data. It changes the type of the holder if held by a certain species of Pokémon.
water-memory,sun-moon,A memory disc that contains Water-type data. It changes the type of the holder if held by a certain species of Pokémon.
water-memory,sword-shield,A memory disc that contains Water-type data. It changes the type of the holder if held by a certain species of Pokémon.
water-memory,ultra-sun-ultra-moon,A memory disc that contains Water-type data. It changes the type of the holder if held by a certain species of Pokémon.
water-stone,legends-arceus,A peculiar stone that can make certain species of Pokémon evolve. It is the clear blue of a deep pool.
water-stone,x-y,A peculiar stone that can make certain species of Pokémon evolve. It is the blue of a pool of clear water.
water-tera-shard,scarlet-violet,"On rare occasions, these shards form when a Tera Pokémon falls in battle and its Tera Jewel shatters."
watercress,scarlet-violet,A very bitter ingredient that stands out among veggies for its quirky flavor. People tend to either like it or not like it—they rarely sit on the fence.
waterium-z,brilliant-diamond-shining-pearl,It converts Z-Power into crystals that upgrade Water-type moves to Water-type Z-Moves.
waterium-z,legends-arceus,It converts Z-Power into crystals that upgrade Water-type moves to Water-type Z-Moves.
waterium-z,lets-go-pikachu-lets-go-eevee,It converts Z-Power into crystals that upgrade Water-type moves to Water-type Z-Moves.
waterium-z,scarlet-violet,It converts Z-Power into crystals that upgrade Water-type moves to Water-type Z-Moves.
waterium-z,sun-moon,It converts Z-Power into crystals that upgrade Water-type moves to Water-type Z-Moves.
waterium-z,sword-shield,It converts Z-Power into crystals that upgrade Water-type moves to Water-type Z-Moves.
waterium-z,ultra-sun-ultra-moon,It converts Z-Power into crystals that upgrade Water-type moves to Water-type Z-Moves.
watmel-berry,black-white,A Berry which is very rare in the Unova region. A maniac will buy it for a high price.
watmel-berry,brilliant-diamond-shining-pearl,A Poffin ingredient. Bury it in soft soil to grow a Watmel Berry Plant.
watmel-berry,diamond-pearl,A Poffin ingredient. Bury it in soft soil to grow a Watmel Plant.
watmel-berry,emerald,Pokéblock ingredient. Plant in loamy soil to grow Watmel.
watmel-berry,omega-ruby-alpha-sapphire,"Used to make Pokéblocks that will enhance your Cleverness, this Berry is rare in other regions."
watmel-berry,platinum,A Poffin ingredient. Bury it in soft soil to grow a Watmel Plant.
watmel-berry,ruby-sapphire,Pokéblock ingredient. Plant in loamy soil to grow Watmel.
watmel-berry,scarlet-violet,Used to make Pokéblocks that will enhance Cleverness. This Berry is rare in other regions.
watmel-berry,x-y,A Berry to be used in cooking. This Berry is very rare and hard to obtain in the Unova region.
wave-incense,black-2-white-2,An item to be held by a Pokémon. It is incense with a curious aroma that boosts the power of Water-type moves.
wave-incense,black-white,An item to be held by a Pokémon. It is incense with a curious aroma that boosts the power of Water-type moves.
wave-incense,brilliant-diamond-shining-pearl,An item to be held by a Pokémon. This incense has a curious aroma that boosts the power of Water-type moves.
wave-incense,diamond-pearl,An item to be held by a Pokémon. It is an exotic-smelling incense that boosts the power of Water-type moves.
wave-incense,heartgold-soulsilver,An item to be held by a Pokémon. It is an exotic-smelling incense that boosts the power of Water-type moves.
wave-incense,legends-arceus,An item to be held by a Pokémon. This incense has a curious aroma that boosts the power of Water-type moves.
wave-incense,omega-ruby-alpha-sapphire,An item to be held by a Pokémon. This exotic-smelling incense boosts the power of Water-type moves.
wave-incense,platinum,An item to be held by a Pokémon. It is an exotic-smelling incense that boosts the power of Water-type moves.
wave-incense,scarlet-violet,An item to be held by a Pokémon. This incense has a curious aroma that boosts the power of the holder's Water-type moves.
wave-incense,sun-moon,An item to be held by a Pokémon. This incense has a curious aroma that boosts the power of Water-type moves.
wave-incense,sword-shield,An item to be held by a Pokémon. This incense has a curious aroma that boosts the power of Water-type moves.
wave-incense,ultra-sun-ultra-moon,An item to be held by a Pokémon. This incense has a curious aroma that boosts the power of Water-type moves.
wave-incense,x-y,An item to be held by a Pokémon. This exotic-smelling incense boosts the power of Water-type moves.
wave-mail,emerald,A Wailmer-print Mail to be held by a Pokémon.
wave-mail,firered-leafgreen,A piece of Mail featuring a cute Wailmer print. It is to be held by a Pokémon.
wave-mail,ruby-sapphire,A Wailmer-print Mail to be held by a Pokémon.
weakness-policy,omega-ruby-alpha-sapphire,An item to be held by a Pokémon. Attack and Sp. Atk sharply increase if the holder is hit with a move it's weak to.
weakness-policy,scarlet-violet,"An item to be held by a Pokémon. If the holder is hit with a move it's weak to, this policy sharply boosts its Attack and Sp. Atk stats."
weakness-policy,sun-moon,An item to be held by a Pokémon. Attack and Sp. Atk sharply increase if the holder is hit with a move it's weak to.
weakness-policy,sword-shield,An item to be held by a Pokémon. Attack and Sp. Atk sharply increase if the holder is hit with a move it's weak to.
weakness-policy,ultra-sun-ultra-moon,An item to be held by a Pokémon. Attack and Sp. Atk sharply increase if the holder is hit with a move it's weak to.
weakness-policy,x-y,An item to be held by a Pokémon. Attack and Sp. Atk sharply increase if the holder is hit with a move it's weak to.
wellspring-mask,scarlet-violet,An item to be held by Ogerpon. This carved wooden mask is adorned with crystals and allows Ogerpon to wield the Water type during battle.
wepear-berry,black-white,A Berry which is very rare in the Unova region. A maniac will buy it for a high price.
wepear-berry,brilliant-diamond-shining-pearl,A Poffin ingredient. Bury it in soft soil to grow a Wepear Berry plant.
wepear-berry,diamond-pearl,A Poffin ingredient. Bury it in soft soil to grow a Wepear Plant.
wepear-berry,emerald,Pokéblock ingredient. Plant in loamy soil to grow Wepear.
wepear-berry,firered-leafgreen,Can be ground up into a powder as an ingredient for medicine.
wepear-berry,omega-ruby-alpha-sapphire,Used to make Pokéblocks that will enhance your Cleverness. Its green flesh is bitter when eaten.
wepear-berry,platinum,A Poffin ingredient. Bury it in soft soil to grow a Wepear Plant.
wepear-berry,ruby-sapphire,Pokéblock ingredient. Plant in loamy soil to grow Wepear.
wepear-berry,scarlet-violet,Used to make Pokéblocks that will enhance Cleverness. Its green flesh is bitter if eaten.
wepear-berry,x-y,A Berry to be used in cooking. This Berry is very rare and hard to obtain in the Unova region.
whimsical-chairs,scarlet-violet,A set of chairs that are ideal for picnicking. Their design was inspired by the Whimsical Tablecloth.
whimsical-tablecloth,scarlet-violet,A tablecloth made in collaboration with a popular picture-book author. The gently drawn Pokémon make even the loveliest picnic table more charming.
whipped-cream,scarlet-violet,A very sweet condiment. Folks in Paldea seem to love the varieties that really let the sweetness sing.
whipped-dream,brilliant-diamond-shining-pearl,"A soft and sweet treat made of fluffy, puffy, whipped, and whirled cream. It's loved by a certain Pokémon."
whipped-dream,legends-arceus,"A soft and sweet treat made of fluffy, puffy, whipped, and whirled cream. It's loved by a certain Pokémon."
whipped-dream,legends-za,"A soft and sweet treat made of fluffy, puffy, whipped, and whirled cream. It's loved by a certain Pokémon."
whipped-dream,omega-ruby-alpha-sapphire,"A soft and sweet treat made of fluffy, puffy, whipped and whirled cream. It's loved by a certain Pokémon."
whipped-dream,scarlet-violet,"A soft and sweet treat made of fluffy, puffy, whipped, and whirled cream. It's loved by a certain Pokémon."
whipped-dream,sun-moon,"A soft and sweet treat made of fluffy, puffy, whipped, and whirled cream. It's loved by a certain Pokémon."
whipped-dream,sword-shield,"A soft and sweet treat made of fluffy, puffy, whipped, and whirled cream. It's loved by a certain Pokémon."
whipped-dream,ultra-sun-ultra-moon,"A soft and sweet treat made of fluffy, puffy, whipped, and whirled cream. It's loved by a certain Pokémon."
whipped-dream,x-y,"A soft and sweet treat made of fluffy, puffy, whipped and whirled cream. It's loved by a certain Pokémon."
white-apricorn,black-2-white-2,A white Apricorn. It doesn't smell like anything.
white-apricorn,black-white,A white Apricorn. It doesn't smell like anything.
white-apricorn,brilliant-diamond-shining-pearl,A white Apricorn. It doesn't smell like anything.
white-apricorn,crystal,A white Apricorn.
white-apricorn,gold-silver,A white Apricorn.
white-apricorn,heartgold-soulsilver,A white Apricorn. It doesn't smell like anything.
white-apricorn,legends-arceus,A white Apricorn. It doesn't smell like anything.
white-apricorn,lets-go-pikachu-lets-go-eevee,A white Apricorn. It doesn't smell like anything.
white-apricorn,omega-ruby-alpha-sapphire,A white Apricorn. It doesn't smell like anything.
white-apricorn,scarlet-violet,A white Apricorn. It doesn’t have any aroma at all.
white-apricorn,sun-moon,A white Apricorn. It doesn't smell like anything.
white-apricorn,sword-shield,A white Apricorn. It doesn't smell like anything.
white-apricorn,ultra-sun-ultra-moon,A white Apricorn. It doesn't smell like anything.
white-apricorn,x-y,A white Apricorn. It doesn't smell like anything.
white-dish,scarlet-violet,A dish for picnics. Comes in plenty of colors to choose from based on the food or the mood. The white variety comes recommended by sellers.
white-flute,black-2-white-2,A toy flute made from white glass. A maniac will buy it for a high price.
white-flute,black-white,A toy flute made from white glass. A maniac will buy it for a high price.
white-flute,brilliant-diamond-shining-pearl,A flute made from white glass. It makes it easier to encounter weak Pokémon in the place you use it.
white-flute,diamond-pearl,A white flute made from blown glass. Its melody makes wild Pokémon more likely to appear.
white-flute,emerald,A glass flute that lures wild Pokémon.
white-flute,firered-leafgreen,"A white glass flute. When blown, it makes wild Pokémon more likely to appear."
white-flute,heartgold-soulsilver,A white flute made from blown glass. Its melody makes wild Pokémon more likely to appear.
white-flute,legends-arceus,A flute made from white glass. It makes it easier to encounter weak Pokémon in the place you use it.
white-flute,omega-ruby-alpha-sapphire,A flute made from white glass. It makes it easier to encounter weak Pokémon in the place you use it.
white-flute,platinum,A white flute made from blown glass. Its melody makes wild Pokémon more likely to appear.
white-flute,ruby-sapphire,A glass flute that lures wild Pokémon.
white-flute,scarlet-violet,A flute made from white glass. It makes it easier to encounter low-level Pokémon in the place you use it.
white-flute,sun-moon,A flute made from white glass. It makes it easier to encounter weak Pokémon in the place you use it.
white-flute,sword-shield,A flute made from white glass. It makes it easier to encounter weak Pokémon in the place you use it.
white-flute,ultra-sun-ultra-moon,A flute made from white glass. It makes it easier to encounter weak Pokémon in the place you use it.
white-flute,x-y,A lovely toy flute to admire. It's made from white glass.
white-herb,diamond-pearl,An item to be held by a Pokémon. It restores any lowered stat in battle. It can be used only once.
white-herb,emerald,A hold item that restores any lowered stat.
white-herb,platinum,An item to be held by a Pokémon. It restores any lowered stat in battle. It can be used only once.
white-herb,ruby-sapphire,A hold item that restores any lowered stat.
white-herb,scarlet-violet,An item to be held by a Pokémon. It will restore any lowered stat in battle—but only once.
white-mane-hair,brilliant-diamond-shining-pearl,"Mane hair that belonged to the King of Bountiful Harvests' beloved steed, Glastrier. The hair is strong and very flexible."
white-mane-hair,legends-arceus,"Mane hair that belonged to the King of Bountiful Harvests' beloved steed, Glastrier. The hair is strong and very flexible."
white-mane-hair,scarlet-violet,"Mane hair that belonged to the King of Bountiful Harvests' beloved steed, Glastrier. The hair is strong and very flexible."
white-mane-hair,sword-shield,"Mane hair that belonged to the King of Bountiful Harvests' beloved steed, Glastrier. The hair is strong and very flexible."
wide-lens,black-2-white-2,An item to be held by a Pokémon. It is a magnifying lens that slightly boosts the accuracy of moves.
wide-lens,black-white,An item to be held by a Pokémon. It is a magnifying lens that slightly boosts the accuracy of moves.
wide-lens,brilliant-diamond-shining-pearl,An item to be held by a Pokémon. It's a magnifying lens that slightly boosts the accuracy of moves.
wide-lens,diamond-pearl,An item to be held by a Pokémon. It is a magnifying lens that slightly boosts the accuracy of moves.
wide-lens,heartgold-soulsilver,An item to be held by a Pokémon. It is a magnifying lens that slightly boosts the accuracy of moves.
wide-lens,legends-arceus,An item to be held by a Pokémon. It's a magnifying lens that slightly boosts the accuracy of moves.
wide-lens,omega-ruby-alpha-sapphire,An item to be held by a Pokémon. It's a magnifying lens that slightly boosts the accuracy of moves.
wide-lens,platinum,An item to be held by a Pokémon. It is a magnifying lens that slightly boosts the accuracy of moves.
wide-lens,scarlet-violet,An item to be held by a Pokémon. It's a magnifying lens that slightly boosts the accuracy of the holder's moves.
wide-lens,sun-moon,An item to be held by a Pokémon. It's a magnifying lens that slightly boosts the accuracy of moves.
wide-lens,sword-shield,An item to be held by a Pokémon. It's a magnifying lens that slightly boosts the accuracy of moves.
wide-lens,ultra-sun-ultra-moon,An item to be held by a Pokémon. It's a magnifying lens that slightly boosts the accuracy of moves.
wide-lens,x-y,An item to be held by a Pokémon. It's a magnifying lens that slightly boosts the accuracy of moves.
wiki-berry,black-white,"If held by a Pokémon, it restores HP in a pinch, but will cause confusion if it hates the taste."
wiki-berry,diamond-pearl,"A Poffin ingredient. If held by a Pokémon, it restores HP in a pinch, but may also cause confusion."
wiki-berry,emerald,A hold item that restores HP but may confuse.
wiki-berry,heartgold-soulsilver,"If held by a Pokémon, it restores HP in a pinch, but will cause confusion if it hates dry food."
wiki-berry,legends-arceus,A Berry that can be fed to a Pokémon to restore its HP by up to half its max.
wiki-berry,platinum,"A Poffin ingredient. If held by a Pokémon, it restores HP in a pinch, but may also cause confusion."
wiki-berry,ruby-sapphire,A hold item that restores HP but may confuse.
wiki-berry,sword-shield,"If held by a Pokémon, it restores HP in a pinch, but it will cause confusion if the user hates the taste."
wing-ball,legends-arceus,An improvement on the original Feather Ball design. A ball that flies fast and true—ideal for catching nimble Pokémon or Pokémon that fly high in the air.
wing-ball,scarlet-violet,An improvement on the original Feather Ball design. A ball that flies fast and true—ideal for catching nimble Pokémon or Pokémon that fly high in the air.
winking-pika-pick,scarlet-violet,"A Pick-achu, if you will, sporting Pikachu's winking face. It's easy to grab by the ears, which is part of why it's so popular."
wise-glasses,black-2-white-2,An item to be held by a Pokémon. It is a thick pair of glasses that slightly boosts the power of special moves.
wise-glasses,black-white,An item to be held by a Pokémon. It is a thick pair of glasses that slightly boosts the power of special moves.
wise-glasses,brilliant-diamond-shining-pearl,An item to be held by a Pokémon. This thick pair of glasses slightly boosts the power of special moves.
wise-glasses,diamond-pearl,An item to be held by a Pokémon. It is a thick pair of glasses that slightly boosts the power of special moves.
wise-glasses,heartgold-soulsilver,An item to be held by a Pokémon. It is a thick pair of glasses that slightly boosts the power of special moves.
wise-glasses,legends-arceus,An item to be held by a Pokémon. This thick pair of glasses slightly boosts the power of special moves.
wise-glasses,omega-ruby-alpha-sapphire,An item to be held by a Pokémon. This thick pair of glasses slightly boosts the power of special moves.
wise-glasses,platinum,An item to be held by a Pokémon. It is a thick pair of glasses that slightly boosts the power of special moves.
wise-glasses,scarlet-violet,An item to be held by a Pokémon. This thick pair of glasses slightly boosts the power of the holder's special moves.
wise-glasses,sun-moon,An item to be held by a Pokémon. This thick pair of glasses slightly boosts the power of special moves.
wise-glasses,sword-shield,An item to be held by a Pokémon. This thick pair of glasses slightly boosts the power of special moves.
wise-glasses,ultra-sun-ultra-moon,An item to be held by a Pokémon. This thick pair of glasses slightly boosts the power of special moves.
wise-glasses,x-y,An item to be held by a Pokémon. This thick pair of glasses slightly boosts the power of special moves.
wishing-chip,sword-shield,Toss a number of them into a Pokémon Den for the chance to attract a wild Dynamax Pokémon.
wishing-piece,brilliant-diamond-shining-pearl,Throw one into a Pokémon Den to attract a wild Dynamax Pokémon.
wishing-piece,legends-arceus,Throw one into a Pokémon Den to attract a wild Dynamax Pokémon.
wishing-piece,scarlet-violet,Throw one into a Pokémon Den to attract a wild Dynamax Pokémon.
wishing-piece,sword-shield,Throw one into a Pokémon Den to attract a wild Dynamax Pokémon.
wishing-star,brilliant-diamond-shining-pearl,A stone found in the Galar region with a mysterious power. It's said that your dreams come true if you find one.
wishing-star,legends-arceus,A stone found in the Galar region with a mysterious power. It's said that your dreams come true if you find one.
wishing-star,scarlet-violet,A stone found in the Galar region with a mysterious power. It's said that your dreams come true if you find one.
wishing-star,sword-shield,A stone found in the Galar region with a mysterious power. It's said that your dreams come true if you find one.
wood,legends-arceus,"A handy log of wood that can be used for anything, from crafting common goods needed for daily living to producing works of art."
wood,scarlet-violet,"A handy log of wood that can be used for anything, from crafting common goods needed for daily living to producing works of art."
wood-mail,emerald,A Slakoth-print Mail to be held by a Pokémon.
wood-mail,firered-leafgreen,A piece of Mail featuring a cute Slakoth print. It is to be held by a Pokémon.
wood-mail,ruby-sapphire,A Slakoth-print Mail to be held by a Pokémon.
wooden-crown,brilliant-diamond-shining-pearl,A mysterious object made of wood. Part of it seems to be chipped. Maybe it's meant to be part of something.
wooden-crown,legends-arceus,A mysterious object made of wood. Part of it seems to be chipped. Maybe it's meant to be part of something.
wooden-crown,scarlet-violet,A mysterious object made of wood. Part of it seems to be chipped. Maybe it's meant to be part of something.
wooden-crown,sword-shield,A mysterious object made of wood. Part of it seems to be chipped. Maybe it's meant to be part of something.
works-key,scarlet-violet,A large key for operating the doors of the Valley Windworks in the canyon. It was held by a Team Galactic Grunt.
x-accuracy,crystal,Raises accuracy. (1 BTL)
x-accuracy,gold-silver,Raises accuracy. (1 BTL)
x-accuracy,scarlet-violet,An item that sharply boosts a Pokémon’s accuracy in battle. This effect disappears if the Pokémon leaves the battle.
x-accuracy,stadium,Temporarily heightens accuracy for one battle.
x-accuracy-2,black-2-white-2,It sharply raises the accuracy of a Pokémon in battle. It wears off if the Pokémon is withdrawn.
x-accuracy-2,black-white,It sharply raises the accuracy of a Pokémon in battle. It wears off if the Pokémon is withdrawn.
x-accuracy-2,scarlet-violet,Sharply boosts the accuracy of a Pokémon in battle. This effect disappears if the Pokémon leaves the battle.
x-accuracy-3,black-2-white-2,It drastically raises the accuracy of a Pokémon in battle. It wears off if the Pokémon is withdrawn.
x-accuracy-3,black-white,It drastically raises the accuracy of a Pokémon in battle. It wears off if the Pokémon is withdrawn.
x-accuracy-3,scarlet-violet,Drastically boosts the accuracy of a Pokémon in battle. This effect disappears if the Pokémon leaves the battle.
x-accuracy-6,black-2-white-2,It raises the accuracy of a Pokémon in battle immensely. It wears off if the Pokémon is withdrawn.
x-accuracy-6,black-white,It raises the accuracy of a Pokémon in battle immensely. It wears off if the Pokémon is withdrawn.
x-accuracy-6,scarlet-violet,Immensely boosts the accuracy of a Pokémon in battle. This effect disappears if the Pokémon leaves the battle.
x-attack,crystal,Raises Attack. (1 BTL)
x-attack,gold-silver,Raises Attack. (1 BTL)
x-attack,sun-moon,An item that sharply boosts the Attack stat of a Pokémon during a battle. It wears off once the Pokémon is withdrawn.
x-attack,ultra-sun-ultra-moon,An item that sharply boosts the Attack stat of a Pokémon during a battle. It wears off once the Pokémon is withdrawn.
x-attack-2,black-2-white-2,It sharply raises the Attack stat of a Pokémon in battle. It wears off if the Pokémon is withdrawn.
x-attack-2,black-white,It sharply raises the Attack stat of a Pokémon in battle. It wears off if the Pokémon is withdrawn.
x-attack-2,scarlet-violet,Sharply boosts the Attack stat of a Pokémon in battle. This effect disappears if the Pokémon leaves the battle.
x-attack-3,black-2-white-2,It drastically raises the Attack stat of a Pokémon in battle. It wears off if the Pokémon is withdrawn.
x-attack-3,black-white,It drastically raises the Attack stat of a Pokémon in battle. It wears off if the Pokémon is withdrawn.
x-attack-3,scarlet-violet,Drastically boosts the Attack stat of a Pokémon in battle. This effect disappears if the Pokémon leaves the battle.
x-attack-6,black-2-white-2,It raises the Attack stat of a Pokémon in battle immensely. It wears off if the Pokémon is withdrawn.
x-attack-6,black-white,It raises the Attack stat of a Pokémon in battle immensely. It wears off if the Pokémon is withdrawn.
x-attack-6,scarlet-violet,Immensely boosts the Attack stat of a Pokémon in battle. This effect disappears if the Pokémon leaves the battle.
x-defend-2,black-2-white-2,It sharply raises the Defense stat of a Pokémon in battle. It wears off if the Pokémon is withdrawn.
x-defend-2,black-white,It sharply raises the Defense stat of a Pokémon in battle. It wears off if the Pokémon is withdrawn.
x-defend-2,scarlet-violet,Sharply boosts the Defense stat of a Pokémon in battle. This effect disappears if the Pokémon leaves the battle.
x-defend-3,black-2-white-2,It drastically raises the Defense stat of a Pokémon in battle. It wears off if the Pokémon is withdrawn.
x-defend-3,black-white,It drastically raises the Defense stat of a Pokémon in battle. It wears off if the Pokémon is withdrawn.
x-defend-3,scarlet-violet,Drastically boosts the Defense stat of a Pokémon in battle. This effect disappears if the Pokémon leaves the battle.
x-defend-6,black-2-white-2,It raises the Defense stat of a Pokémon in battle immensely. It wears off if the Pokémon is withdrawn.
x-defend-6,black-white,It raises the Defense stat of a Pokémon in battle immensely. It wears off if the Pokémon is withdrawn.
x-defend-6,scarlet-violet,Immensely boosts the Defense stat of a Pokémon in battle. This effect disappears if the Pokémon leaves the battle.
x-defense,scarlet-violet,An item that sharply boosts the Defense stat of a Pokémon in battle. This effect disappears if the Pokémon leaves the battle.
x-defense,sun-moon,An item that sharply boosts the Defense stat of a Pokémon during a battle. It wears off once the Pokémon is withdrawn.
x-defense,ultra-sun-ultra-moon,An item that sharply boosts the Defense stat of a Pokémon during a battle. It wears off once the Pokémon is withdrawn.
x-sp-atk,black-2-white-2,An item that raises the Sp. Atk stat of a Pokémon in battle. It wears off if the Pokémon is withdrawn.
x-sp-atk,black-white,An item that raises the Sp. Atk stat of a Pokémon in battle. It wears off if the Pokémon is withdrawn.
x-sp-atk,brilliant-diamond-shining-pearl,An item that sharply boosts the Sp. Atk stat of a Pokémon during a battle. It wears off once the Pokémon is withdrawn.
x-sp-atk,crystal,Raises Special Attack. (1 BTL)
x-sp-atk,diamond-pearl,An item that raises the Sp. Atk stat of a Pokémon in battle. It wears off if the Pokémon is withdrawn.
x-sp-atk,emerald,Raises the stat Sp. Atk during one battle.
x-sp-atk,firered-leafgreen,Raises the Sp. Atk stat of Pokémon in battle. Wears off if the Pokémon is withdrawn.
x-sp-atk,gold-silver,Raises Special stats. (1 BTL)
x-sp-atk,heartgold-soulsilver,An item that raises the Sp. Atk stat of a Pokémon in battle. It wears off if the Pokémon is withdrawn.
x-sp-atk,legends-arceus,An item that sharply boosts the Sp. Atk stat of a Pokémon during a battle. It wears off once the Pokémon is withdrawn.
x-sp-atk,lets-go-pikachu-lets-go-eevee,An item that sharply boosts the Sp. Atk stat of a Pokémon during a battle. It wears off once the Pokémon is withdrawn.
x-sp-atk,omega-ruby-alpha-sapphire,An item that boosts the Sp. Atk stat of a Pokémon during a battle. It wears off once the Pokémon is withdrawn.
x-sp-atk,platinum,An item that raises the Sp. Atk stat of a Pokémon in battle. It wears off if the Pokémon is withdrawn.
x-sp-atk,ruby-sapphire,Raises the stat Sp. Atk during one battle.
x-sp-atk,scarlet-violet,An item that sharply boosts the Sp. Atk stat of a Pokémon in battle. This effect disappears if the Pokémon leaves the battle.
x-sp-atk,stadium,Temporarily increases Special for one battle.
x-sp-atk,sun-moon,An item that sharply boosts the Sp. Atk stat of a Pokémon during a battle. It wears off once the Pokémon is withdrawn.
x-sp-atk,sword-shield,An item that sharply boosts the Sp. Atk stat of a Pokémon during a battle. It wears off once the Pokémon is withdrawn.
x-sp-atk,ultra-sun-ultra-moon,An item that sharply boosts the Sp. Atk stat of a Pokémon during a battle. It wears off once the Pokémon is withdrawn.
x-sp-atk,x-y,An item that boosts the Sp. Atk stat of a Pokémon during a battle. It wears off once the Pokémon is withdrawn.
x-sp-atk-2,black-2-white-2,It sharply raises the Sp. Atk stat of a Pokémon in battle. It wears off if the Pokémon is withdrawn.
x-sp-atk-2,black-white,It sharply raises the Sp. Atk stat of a Pokémon in battle. It wears off if the Pokémon is withdrawn.
x-sp-atk-2,scarlet-violet,Sharply boosts the Sp. Atk stat of a Pokémon in battle. This effect disappears if the Pokémon leaves the battle.
x-sp-atk-3,black-2-white-2,It drastically raises the Sp. Atk stat of a Pokémon in battle. It wears off if the Pokémon is withdrawn.
x-sp-atk-3,black-white,It drastically raises the Sp. Atk stat of a Pokémon in battle. It wears off if the Pokémon is withdrawn.
x-sp-atk-3,scarlet-violet,Drastically boosts the Sp. Atk stat of a Pokémon in battle. This effect disappears if the Pokémon leaves the battle.
x-sp-atk-6,black-2-white-2,It raises the Sp. Atk stat of a Pokémon in battle immensely. It wears off if the Pokémon is withdrawn.
x-sp-atk-6,black-white,It raises the Sp. Atk stat of a Pokémon in battle immensely. It wears off if the Pokémon is withdrawn.
x-sp-atk-6,scarlet-violet,Immensely boosts the Sp. Atk stat of a Pokémon in battle. This effect disappears if the Pokémon leaves the battle.
x-sp-def,diamond-pearl,An item that raises the Sp. Def stat of a Pokémon in battle. It wears off if the Pokémon is withdrawn.
x-sp-def,scarlet-violet,An item that sharply boosts the Sp. Def stat of a Pokémon in battle. This effect disappears if the Pokémon leaves the battle.
x-sp-def,sun-moon,An item that sharply boosts the Sp. Def stat of a Pokémon during a battle. It wears off once the Pokémon is withdrawn.
x-sp-def,x-y,An item that boosts the Sp. Def stat of a Pokémon during a battle. It wears off once the Pokémon is withdrawn.
x-sp-def-2,black-2-white-2,It sharply raises the Sp. Def stat of a Pokémon in battle. It wears off if the Pokémon is withdrawn.
x-sp-def-2,black-white,It sharply raises the Sp. Def stat of a Pokémon in battle. It wears off if the Pokémon is withdrawn.
x-sp-def-2,scarlet-violet,Sharply boosts the Sp. Def stat of a Pokémon in battle. This effect disappears if the Pokémon leaves the battle.
x-sp-def-3,black-2-white-2,It drastically raises the Sp. Def stat of a Pokémon in battle. It wears off if the Pokémon is withdrawn.
x-sp-def-3,black-white,It drastically raises the Sp. Def stat of a Pokémon in battle. It wears off if the Pokémon is withdrawn.
x-sp-def-3,scarlet-violet,Drastically boosts the Sp. Def stat of a Pokémon in battle. This effect disappears if the Pokémon leaves the battle.
x-sp-def-6,black-2-white-2,It raises the Sp. Def stat of a Pokémon in battle immensely. It wears off if the Pokémon is withdrawn.
x-sp-def-6,black-white,It raises the Sp. Def stat of a Pokémon in battle immensely. It wears off if the Pokémon is withdrawn.
x-sp-def-6,scarlet-violet,Immensely boosts the Sp. Def stat of a Pokémon in battle. This effect disappears if the Pokémon leaves the battle.
x-speed,scarlet-violet,An item that sharply boosts the Speed stat of a Pokémon in battle. This effect disappears if the Pokémon leaves the battle.
x-speed-2,black-2-white-2,It sharply raises the Speed stat of a Pokémon in battle. It wears off if the Pokémon is withdrawn.
x-speed-2,black-white,It sharply raises the Speed stat of a Pokémon in battle. It wears off if the Pokémon is withdrawn.
x-speed-2,scarlet-violet,Sharply boosts the Speed stat of a Pokémon in battle. This effect disappears if the Pokémon leaves the battle.
x-speed-3,black-2-white-2,It drastically raises the Speed stat of a Pokémon in battle. It wears off if the Pokémon is withdrawn.
x-speed-3,black-white,It drastically raises the Speed stat of a Pokémon in battle. It wears off if the Pokémon is withdrawn.
x-speed-3,scarlet-violet,Drastically boosts the Speed stat of a Pokémon in battle. This effect disappears if the Pokémon leaves the battle.
x-speed-6,black-2-white-2,It raises the Speed stat of a Pokémon in battle immensely. It wears off if the Pokémon is withdrawn.
x-speed-6,black-white,It raises the Speed stat of a Pokémon in battle immensely. It wears off if the Pokémon is withdrawn.
x-speed-6,scarlet-violet,Immensely boosts the Speed stat of a Pokémon in battle. This effect disappears if the Pokémon leaves the battle.
xtransceiver,black-2-white-2,A high-tech transceiver with a camera function. It allows up to four-way calls.
xtransceiver,black-white,A high-tech transceiver with a camera function. It allows up to four-way calls.
xtransceiver,brilliant-diamond-shining-pearl,A high-tech transceiver with a camera function. It allows up to four-way calls.
xtransceiver,legends-arceus,A high-tech transceiver with a camera function. It allows up to four-way calls.
xtransceiver,omega-ruby-alpha-sapphire,A high-tech transceiver with a camera function. It allows up to four-way calls.
xtransceiver,scarlet-violet,A high-tech transceiver with a camera function. It allows up to four-way calls.
xtransceiver,sun-moon,A high-tech transceiver with a camera function. It allows up to four-way calls.
xtransceiver,sword-shield,A high-tech transceiver with a camera function. It allows up to four-way calls.
xtransceiver,ultra-sun-ultra-moon,A high-tech transceiver with a camera function. It allows up to four-way calls.
xtransceiver,x-y,A high-tech transceiver with a camera function. It allows up to four-way calls.
yache-berry,black-2-white-2,Weakens a supereffective Ice-type attack against the holding Pokémon.
yache-berry,black-white,Weakens a supereffective Ice-type attack against the holding Pokémon.
yache-berry,brilliant-diamond-shining-pearl,"If held by a Pokémon, this Berry will lessen the damage taken from one supereffective Ice-type attack."
yache-berry,diamond-pearl,"A Poffin ingredient. If held by a Pokémon, it weakens a foe's supereffective Ice-type attack."
yache-berry,heartgold-soulsilver,"If held by a Pokémon, it weakens a foe's supereffective Ice-type attack."
yache-berry,legends-arceus,"If held by a Pokémon, this Berry will lessen the damage taken from one supereffective Ice-type attack."
yache-berry,omega-ruby-alpha-sapphire,"If held by a Pokémon, this Berry will lessen the damage taken from one supereffective Ice-type attack."
yache-berry,platinum,"A Poffin ingredient. If held by a Pokémon, it weakens a foe's supereffective Ice-type attack."
yache-berry,scarlet-violet,"If a Pokémon holding this Berry is hit with a supereffective Ice-type move, the power of that move will be weakened."
yache-berry,sun-moon,"If held by a Pokémon, this Berry will lessen the damage taken from one supereffective Ice-type attack."
yache-berry,sword-shield,"If held by a Pokémon, this Berry will lessen the damage taken from one supereffective Ice-type attack."
yache-berry,ultra-sun-ultra-moon,"If held by a Pokémon, this Berry will lessen the damage taken from one supereffective Ice-type attack."
yache-berry,x-y,"If held by a Pokémon, this Berry will lessen the damage taken from one supereffective Ice-type attack."
yarn-ball,scarlet-violet,"A small ball of yarn. It's woven tight so as not to unravel, but even if it were to come undone, at least you could still use the yarn for something."
yellow-apricorn,black-2-white-2,A yellow Apricorn. It has an invigorating scent.
yellow-apricorn,black-white,A yellow Apricorn. It has an invigorating scent.
yellow-apricorn,brilliant-diamond-shining-pearl,A yellow Apricorn. It has an invigorating scent.
yellow-apricorn,crystal,A yellow Apricorn.
yellow-apricorn,gold-silver,A yellow Apricorn.
yellow-apricorn,heartgold-soulsilver,A yellow Apricorn. It has an invigorating scent.
yellow-apricorn,legends-arceus,A yellow Apricorn. It has an invigorating scent.
yellow-apricorn,lets-go-pikachu-lets-go-eevee,A yellow Apricorn. It has an invigorating scent.
yellow-apricorn,omega-ruby-alpha-sapphire,A yellow Apricorn. It has an invigorating scent.
yellow-apricorn,scarlet-violet,"A yellow Apricorn. It has a light, refreshing scent."
yellow-apricorn,sun-moon,A yellow Apricorn. It has an invigorating scent.
yellow-apricorn,sword-shield,A yellow Apricorn. It has an invigorating scent.
yellow-apricorn,ultra-sun-ultra-moon,A yellow Apricorn. It has an invigorating scent.
yellow-apricorn,x-y,A yellow Apricorn. It has an invigorating scent.
yellow-bell-pepper,scarlet-violet,"An ingredient with some bitterness. It's not much different from its red counterpart in flavor, but mixing the colors makes a feast for the eyes."
yellow-bottle,scarlet-violet,A go-to bottle widely used for drinks at picnics. Its simple design and portability make it popular among all sorts of people.
yellow-chairs,scarlet-violet,A set of chairs that are ideal for picnicking. Their design was inspired by the Yellow Tablecloth.
yellow-cup,scarlet-violet,"A cup sold with the Yellow Bottle. The two don't stack, so they're tough to pack—but they look good, so they're popular with those who like to post picnic photos."
yellow-dish,scarlet-violet,A dish for picnics. Comes in plenty of colors to choose from based on the food or the mood. The yellow variety is impossible to go wrong with.
yellow-flute,black-2-white-2,A toy flute made from yellow glass. A maniac will buy it for a high price.
yellow-flute,black-white,A toy flute made from yellow glass. A maniac will buy it for a high price.
yellow-flute,diamond-pearl,A yellow flute made from blown glass. Its melody snaps a single Pokémon out of confusion.
yellow-flute,emerald,A glass flute that snaps Pokémon out of confusion.
yellow-flute,firered-leafgreen,A yellow glass flute that snaps one Pokémon out of confusion.
yellow-flute,omega-ruby-alpha-sapphire,A flute made from yellow glass that snaps Pokémon out of confusion.
yellow-flute,platinum,A yellow flute made from blown glass. Its melody snaps a single Pokémon out of confusion.
yellow-flute,ruby-sapphire,A glass flute that snaps Pokémon out of confusion.
yellow-flute,sun-moon,A flute made from yellow glass. It snaps Pokémon out of confusion.
yellow-flute,ultra-sun-ultra-moon,A flute made from yellow glass. It snaps Pokémon out of confusion.
yellow-flute,x-y,A lovely toy flute to admire. It's made from yellow glass.
yellow-nectar,scarlet-violet,Flower nectar obtained from a yellow flower. It changes the form of a certain species of Pokémon.
yellow-nectar,sun-moon,A flower nectar obtained at Melemele Meadow. It changes the form of certain species of Pokémon.
yellow-nectar,ultra-sun-ultra-moon,A flower nectar obtained at Melemele Meadow. It changes the form of certain species of Pokémon.
yellow-petal,brilliant-diamond-shining-pearl,A pressed flower petal you receive from Sophocles during Mina's trial. The goal is to collect seven different kinds of petals.
yellow-petal,legends-arceus,A pressed flower petal you receive from Sophocles during Mina's trial. The goal is to collect seven different kinds of petals.
yellow-petal,lets-go-pikachu-lets-go-eevee,A pressed flower petal you receive from Sophocles during Mina's trial. The goal is to collect seven different kinds of petals.
yellow-petal,scarlet-violet,A pressed flower petal you receive from Sophocles during Mina's trial. The goal is to collect seven different kinds of petals.
yellow-petal,sword-shield,A pressed flower petal you receive from Sophocles during Mina's trial. The goal is to collect seven different kinds of petals.
yellow-petal,ultra-sun-ultra-moon,A pressed flower petal you receive from Sophocles during Mina's trial. The goal is to collect seven different kinds of petals.
yellow-scarf,emerald,A hold item that raises Tough in Contests.
yellow-scarf,ruby-sapphire,A hold item that raises Tough in Contests.
yellow-shard,diamond-pearl,A small yellow shard. It appears to be from some sort of implement made long ago.
yellow-shard,emerald,A shard from an ancient item. Can be sold cheaply.
yellow-shard,firered-leafgreen,A small yellow shard. It appears to be from some sort of a tool made long ago.
yellow-shard,platinum,A small yellow shard. It appears to be from some sort of implement made long ago.
yellow-shard,ruby-sapphire,A shard from an ancient item. Can be sold cheaply.
yellow-shard,sun-moon,A small yellow shard. It appears to be a fragment of some sort of implement made long ago.
yellow-shard,sword-shield,A small yellow shard. It appears to be a fragment of some sort of implement made long ago.
yellow-shard,x-y,A small yellow shard. It appears to be a fragment of some sort of implement made long ago.
yellow-tablecloth,scarlet-violet,"A simple yellow tablecloth. It's smooth and pleasant to the touch, and dishes can be placed on it with hardly a sound."
yogurt,scarlet-violet,A condiment that's very sweet and very sour. It goes especially well with fruit and is easy to incorporate into a sandwich.
z-power-ring,brilliant-diamond-shining-pearl,A mysterious ring that enables Pokémon to use Z-Power. It requires both the willpower and the physical power of the Trainer wearing it.
z-power-ring,legends-arceus,A mysterious ring that enables Pokémon to use Z-Power. It requires both the willpower and the physical power of the Trainer wearing it.
z-power-ring,lets-go-pikachu-lets-go-eevee,A mysterious ring that enables Pokémon to use Z-Power. It requires both the willpower and the physical power of the Trainer wearing it.
z-power-ring,scarlet-violet,A mysterious ring that enables Pokémon to use Z-Power. It requires both the willpower and the physical power of the Trainer wearing it.
z-power-ring,sword-shield,A mysterious ring that enables Pokémon to use Z-Power. It requires both the willpower and the physical power of the Trainer wearing it.
z-power-ring,ultra-sun-ultra-moon,A mysterious ring that enables Pokémon to use Z-Power. It requires both the willpower and the physical power of the Trainer wearing it.
z-ring,sun-moon,A mysterious ring that enables Pokémon to use Z-Power. It requires both the willpower and the physical power of the Trainer wearing it.
z-ring,ultra-sun-ultra-moon,A mysterious ring that enables Pokémon to use Z-Power. It requires both the willpower and the physical power of the Trainer wearing it.
zap-plate,black-2-white-2,An item to be held by a Pokémon. It is a stone tablet that boosts the power of Electric-type moves.
zap-plate,black-white,An item to be held by a Pokémon. It is a stone tablet that boosts the power of Electric-type moves.
zap-plate,brilliant-diamond-shining-pearl,An item to be held by a Pokémon. It's a stone tablet that boosts the power of Electric-type moves.
zap-plate,diamond-pearl,An item to be held by a Pokémon. It is a stone tablet that boosts the power of Electric-type moves.
zap-plate,heartgold-soulsilver,An item to be held by a Pokémon. It is a stone tablet that boosts the power of Electric-type moves.
zap-plate,legends-arceus,"A stone tablet imbued with the essence of electricity. When used on a certain Pokémon, it allows that Pokémon to gain the power of the Electric type."
zap-plate,omega-ruby-alpha-sapphire,An item to be held by a Pokémon. It's a stone tablet that boosts the power of Electric-type moves.
zap-plate,platinum,An item to be held by a Pokémon. It is a stone tablet that boosts the power of Electric-type moves.
zap-plate,scarlet-violet,An item to be held by a Pokémon. This stone tablet is imbued with the essence of electricity and boosts the power of the holder’s Electric-type moves.
zap-plate,sun-moon,An item to be held by a Pokémon. It's a stone tablet that boosts the power of Electric-type moves.
zap-plate,sword-shield,An item to be held by a Pokémon. It's a stone tablet that boosts the power of Electric-type moves.
zap-plate,ultra-sun-ultra-moon,An item to be held by a Pokémon. It's a stone tablet that boosts the power of Electric-type moves.
zap-plate,x-y,An item to be held by a Pokémon. It's a stone tablet that boosts the power of Electric-type moves.
zapdos-treat,scarlet-violet,A snack made from ingredients favored by the Legendary Pokémon Zapdos.
zekrom-treat,scarlet-violet,A snack made from ingredients favored by the Legendary Pokémon Zekrom.
zeraorite,legends-za,One of a variety of mysterious Mega Stones. A Zeraora holding this stone will be able to Mega Evolve during battle.
zinc,black-2-white-2,A nutritious drink for Pokémon. It raises the base Sp. Def (Special Defense) stat of a single Pokémon.
zinc,black-white,A nutritious drink for Pokémon. It raises the base Sp. Def (Special Defense) stat of a single Pokémon.
zinc,brilliant-diamond-shining-pearl,"A nutritious drink for Pokémon. When consumed, it raises the Sp. Def base points of a single Pokémon."
zinc,diamond-pearl,A nutritious drink for Pokémon. It raises the base Sp. Def (Special Defense) stat of a single Pokémon.
zinc,firered-leafgreen,A nutritious drink for Pokémon. It raises the base Sp. Def stat of one Pokémon.
zinc,legends-arceus,"A nutritious drink for Pokémon. When consumed, it raises the Sp. Def base points of a single Pokémon."
zinc,omega-ruby-alpha-sapphire,"A nutritious drink for Pokémon. When consumed, it raises the base Sp. Def stat of a single Pokémon."
zinc,platinum,A nutritious drink for Pokémon. It raises the base Sp. Def (Special Defense) stat of a single Pokémon.
zinc,ruby-sapphire,Raises the stat Sp. Def of one Pokémon.
zinc,scarlet-violet,A nutritious drink for Pokémon. This drink increases base points for a Pokémon's Sp. Def stat.
zinc,sun-moon,"A nutritious drink for Pokémon. When consumed, it raises the base Sp. Def stat of a single Pokémon."
zinc,sword-shield,"A nutritious drink for Pokémon. When consumed, it raises the Sp. Def base points of a single Pokémon."
zinc,ultra-sun-ultra-moon,"A nutritious drink for Pokémon. When consumed, it raises the base Sp. Def stat of a single Pokémon."
zinc,x-y,"A nutritious drink for Pokémon. When consumed, it raises the base Sp. Def stat of a single Pokémon."
zoom-lens,black-2-white-2,"An item to be held by a Pokémon. If the holder moves after its target, its accuracy will be boosted."
zoom-lens,black-white,"An item to be held by a Pokémon. If the holder moves after its target, its accuracy will be boosted."
zoom-lens,brilliant-diamond-shining-pearl,"An item to be held by a Pokémon. If the holder moves after its target moves, its accuracy will be boosted."
zoom-lens,diamond-pearl,"An item to be held by a Pokémon. If the holder moves after the foe, its critical-hit ratio will be boosted."
zoom-lens,heartgold-soulsilver,"An item to be held by a Pokémon. If the holder moves after the foe, its accuracy will be boosted."
zoom-lens,legends-arceus,"An item to be held by a Pokémon. If the holder moves after its target moves, its accuracy will be boosted."
zoom-lens,omega-ruby-alpha-sapphire,"An item to be held by a Pokémon. If the holder moves after its target moves, its accuracy will be boosted."
zoom-lens,platinum,"An item to be held by a Pokémon. If the holder moves after the foe, its accuracy will be boosted."
zoom-lens,scarlet-violet,"An item to be held by a Pokémon. When the holder acts after its target, its move will be more accurate than usual."
zoom-lens,sun-moon,"An item to be held by a Pokémon. If the holder moves after its target moves, its accuracy will be boosted."
zoom-lens,sword-shield,"An item to be held by a Pokémon. If the holder moves after its target moves, its accuracy will be boosted."
zoom-lens,ultra-sun-ultra-moon,"An item to be held by a Pokémon. If the holder moves after its target moves, its accuracy will be boosted."
zoom-lens,x-y,"An item to be held by a Pokémon. If the holder moves after its target moves, its accuracy will be boosted."
zygarde-cube,legends-za,An item in which Zygarde Cores and Cells are gathered. You can also use it to change Zygarde's form.
zygarde-cube,sun-moon,An item to store Zygarde Cores and Cells. You can also use it to teach Zygarde moves.
zygarde-cube,sword-shield,An item in which Zygarde Cores and Cells are gathered. You can also use it to change Zygarde's forms.
zygarde-cube,ultra-sun-ultra-moon,An item to store Zygarde Cores and Cells. You can also use it to teach Zygarde moves.
zygardite,legends-za,"One of a variety of mysterious Mega Stones. When in Complete Forme and holding this stone, Zygarde will be able to Mega Evolve during battle."