item_identifier,version_identifier,price_type,amount,pokemon_currency_identifier,notes
ability-capsule,brilliant-diamond-shining-pearl,sell,5000,pokedollars,
ability-capsule,omega-ruby-alpha-sapphire,sell,500,pokedollars,
ability-capsule,scarlet-violet,sell,25000,pokedollars,
ability-capsule,scarlet-violet,buy,100000,pokedollars,
ability-capsule,sun-moon,sell,5000,pokedollars,
ability-capsule,sword-shield,sell,5000,pokedollars,
ability-capsule,ultra-sun-ultra-moon,sell,5000,pokedollars,
ability-capsule,x-y,sell,500,pokedollars,
ability-patch,scarlet-violet,sell,125000,pokedollars,
ability-patch,sword-shield,sell,10,pokedollars,
ability-shield,scarlet-violet,buy,20000,pokedollars,
ability-shield,scarlet-violet,sell,5000,pokedollars,
abomasite,legends-za,buy,50000,pokedollars,
absorb-bulb,black-white,sell,100,pokedollars,
absorb-bulb,omega-ruby-alpha-sapphire,sell,100,pokedollars,
absorb-bulb,scarlet-violet,sell,1250,pokedollars,
absorb-bulb,scarlet-violet,buy,5000,pokedollars,
absorb-bulb,sun-moon,sell,2000,pokedollars,
absorb-bulb,sword-shield,sell,2000,pokedollars,
absorb-bulb,ultra-sun-ultra-moon,sell,2000,pokedollars,
absorb-bulb,x-y,sell,100,pokedollars,
adamant-mint,brilliant-diamond-shining-pearl,sell,10,pokedollars,
adamant-mint,legends-arceus,sell,500,pokedollars,
adamant-mint,scarlet-violet,buy,20000,pokedollars,
adamant-mint,scarlet-violet,sell,5000,pokedollars,
adamant-mint,sword-shield,sell,10,pokedollars,
adamant-orb,black-2-white-2,sell,5000,pokedollars,
adamant-orb,black-white,sell,5000,pokedollars,
adamant-orb,brilliant-diamond-shining-pearl,sell,5000,pokedollars,
adamant-orb,diamond-pearl,sell,5000,pokedollars,
adamant-orb,heartgold-soulsilver,sell,5000,pokedollars,
adamant-orb,omega-ruby-alpha-sapphire,sell,5000,pokedollars,
adamant-orb,platinum,sell,5000,pokedollars,
adamant-orb,sun-moon,buy,10000,pokedollars,
adamant-orb,sword-shield,sell,5000,pokedollars,
adamant-orb,ultra-sun-ultra-moon,buy,10000,pokedollars,
adamant-orb,x-y,sell,5000,pokedollars,
adrenaline-orb,scarlet-violet,sell,1250,pokedollars,
adrenaline-orb,scarlet-violet,buy,5000,pokedollars,
adrenaline-orb,sun-moon,buy,300,pokedollars,
adrenaline-orb,sun-moon,sell,150,pokedollars,
adrenaline-orb,sword-shield,sell,2000,pokedollars,Not purchasable
aerodactylite,lets-go-pikachu-lets-go-eevee,buy,30000,pokedollars,
aguav-berry,legends-arceus,sell,150,pokedollars,
aguav-berry,red-blue,sell,10,pokedollars,
aguav-berry,scarlet-violet,sell,20,pokedollars,
aguav-berry,sword-shield,sell,40,pokedollars,
aguav-berry,yellow,sell,10,pokedollars,
air-balloon,black-white,sell,100,pokedollars,
air-balloon,omega-ruby-alpha-sapphire,sell,100,pokedollars,
air-balloon,scarlet-violet,sell,3750,pokedollars,
air-balloon,scarlet-violet,buy,15000,pokedollars,
air-balloon,sun-moon,sell,2000,pokedollars,
air-balloon,sword-shield,sell,2000,pokedollars,
air-balloon,ultra-sun-ultra-moon,sell,2000,pokedollars,
air-balloon,x-y,sell,100,pokedollars,
air-mail,diamond-pearl,buy,50,pokedollars,
air-mail,diamond-pearl,sell,25,pokedollars,
air-mail,heartgold-soulsilver,buy,50,pokedollars,
air-mail,heartgold-soulsilver,sell,25,pokedollars,
alakazite,lets-go-pikachu-lets-go-eevee,buy,30000,pokedollars,
amaze-mulch,omega-ruby-alpha-sapphire,sell,100,pokedollars,
amaze-mulch,sun-moon,sell,100,pokedollars,
amaze-mulch,ultra-sun-ultra-moon,sell,100,pokedollars,
amaze-mulch,x-y,sell,100,pokedollars,
amulet-coin,crystal,sell,50,pokedollars,
amulet-coin,gold-silver,sell,50,pokedollars,
amulet-coin,scarlet-violet,sell,7500,pokedollars,
amulet-coin,sun-moon,sell,5000,pokedollars,
amulet-coin,ultra-sun-ultra-moon,sell,5000,pokedollars,
antidote,legends-za,sell,25,pokedollars,
antidote,legends-za,buy,100,pokedollars,
antidote,lets-go-pikachu-lets-go-eevee,sell,100,pokedollars,
antidote,lets-go-pikachu-lets-go-eevee,buy,200,pokedollars,
antidote,red-blue,buy,100,pokedollars,
antidote,red-blue,sell,50,pokedollars,
antidote,scarlet-violet,buy,200,pokedollars,
antidote,scarlet-violet,sell,50,pokedollars,
antidote,sun-moon,sell,100,pokedollars,
antidote,sun-moon,buy,200,pokedollars,
antidote,sword-shield,buy,200,pokedollars,
antidote,sword-shield,sell,100,pokedollars,
antidote,ultra-sun-ultra-moon,buy,200,pokedollars,
antidote,ultra-sun-ultra-moon,sell,100,pokedollars,
antidote,yellow,sell,50,pokedollars,
antidote,yellow,buy,100,pokedollars,
apicot-berry,black-white,sell,10,pokedollars,
apicot-berry,brilliant-diamond-shining-pearl,sell,10,pokedollars,
apicot-berry,diamond-pearl,sell,10,pokedollars,
apicot-berry,ruby-sapphire,sell,10,pokedollars,
apicot-berry,scarlet-violet,sell,20,pokedollars,
apicot-berry,sun-moon,sell,10,pokedollars,
apicot-berry,sword-shield,sell,40,pokedollars,
apicot-berry,x-y,sell,10,pokedollars,
apple,scarlet-violet,buy,130,pokedollars,
apple,scarlet-violet,sell,32,pokedollars,
apricorn,legends-arceus,buy,40,pokedollars,
apricorn,legends-arceus,sell,10,pokedollars,
armor-fossil,black-2-white-2,sell,500,pokedollars,
armor-fossil,black-white,sell,500,pokedollars,
armor-fossil,brilliant-diamond-shining-pearl,sell,500,pokedollars,
armor-fossil,diamond-pearl,sell,500,pokedollars,
armor-fossil,heartgold-soulsilver,sell,500,pokedollars,
armor-fossil,moon,buy,7000,pokedollars,
armor-fossil,omega-ruby-alpha-sapphire,sell,500,pokedollars,
armor-fossil,platinum,sell,500,pokedollars,
armor-fossil,sun,sell,3500,pokedollars,
armor-fossil,ultra-sun-ultra-moon,sell,3500,pokedollars,
armor-fossil,x-y,sell,500,pokedollars,
armorite-ore,sword-shield,sell,10,pokedollars,
aspear-berry,brilliant-diamond-shining-pearl,buy,80,pokedollars,
aspear-berry,emerald,sell,10,pokedollars,
aspear-berry,legends-arceus,buy,120,pokedollars,
aspear-berry,ruby-sapphire,sell,10,pokedollars,
aspear-berry,sword-shield,sell,40,pokedollars,
assault-vest,omega-ruby-alpha-sapphire,sell,500,pokedollars,
assault-vest,scarlet-violet,buy,50000,pokedollars,
assault-vest,scarlet-violet,sell,12500,pokedollars,
assault-vest,sun-moon,sell,500,pokedollars,
assault-vest,sword-shield,sell,500,pokedollars,
assault-vest,ultra-sun-ultra-moon,sell,500,pokedollars,
assault-vest,x-y,sell,500,pokedollars,
auspicious-armor,scarlet-violet,sell,1500,pokedollars,
aux-evasion,legends-arceus,sell,400,pokedollars,
aux-guard,legends-arceus,sell,200,pokedollars,
aux-power,legends-arceus,sell,200,pokedollars,
aux-powerguard,legends-arceus,sell,600,pokedollars,
avocado,scarlet-violet,buy,180,pokedollars,
avocado,scarlet-violet,sell,45,pokedollars,
awakening,crystal,sell,125,pokedollars,
awakening,crystal,buy,250,pokedollars,
awakening,gold-silver,sell,125,pokedollars,
awakening,gold-silver,buy,250,pokedollars,
awakening,legends-za,sell,25,pokedollars,
awakening,legends-za,buy,100,pokedollars,
awakening,red-blue,buy,200,pokedollars,
awakening,red-blue,sell,100,pokedollars,
awakening,scarlet-violet,sell,50,pokedollars,
awakening,scarlet-violet,buy,200,pokedollars,
awakening,sun-moon,buy,100,pokedollars,
awakening,sun-moon,sell,50,pokedollars,
awakening,ultra-sun-ultra-moon,sell,50,pokedollars,
awakening,ultra-sun-ultra-moon,buy,100,pokedollars,
awakening,yellow,sell,100,pokedollars,
awakening,yellow,buy,200,pokedollars,
babiri-berry,black-2-white-2,sell,10,pokedollars,
babiri-berry,black-white,sell,10,pokedollars,
babiri-berry,brilliant-diamond-shining-pearl,sell,10,pokedollars,
babiri-berry,diamond-pearl,sell,10,pokedollars,
babiri-berry,heartgold-soulsilver,sell,10,pokedollars,
babiri-berry,omega-ruby-alpha-sapphire,sell,10,pokedollars,
babiri-berry,platinum,sell,10,pokedollars,
babiri-berry,scarlet-violet,sell,20,pokedollars,
babiri-berry,sun-moon,sell,10,pokedollars,
babiri-berry,sword-shield,sell,40,pokedollars,
babiri-berry,ultra-sun-ultra-moon,sell,10,pokedollars,
babiri-berry,x-y,sell,10,pokedollars,
bachs-food-tin,shield,buy,950,pokedollars,
bachs-food-tin,shield,sell,475,pokedollars,
bachs-food-tin,sword,sell,475,pokedollars,
bacon,scarlet-violet,sell,37,pokedollars,
bacon,scarlet-violet,buy,150,pokedollars,
ball-of-mud,legends-arceus,sell,10,pokedollars,
balm-mushroom,omega-ruby-alpha-sapphire,sell,6250,pokedollars,
balm-mushroom,scarlet-violet,sell,7500,pokedollars,
balm-mushroom,sun-moon,sell,7500,pokedollars,
balm-mushroom,sword-shield,sell,7500,pokedollars,
balm-mushroom,ultra-sun-ultra-moon,sell,7500,pokedollars,
balm-mushroom,x-y,sell,6250,pokedollars,
banana,scarlet-violet,buy,80,pokedollars,
banana,scarlet-violet,sell,20,pokedollars,
barred-cup,scarlet-violet,buy,800,pokedollars,
barred-cup,scarlet-violet,sell,200,pokedollars,
basil,scarlet-violet,buy,280,pokedollars,
basil,scarlet-violet,sell,70,pokedollars,
battle-tablecloth,scarlet-violet,buy,4000,pokedollars,
battle-tablecloth,scarlet-violet,sell,1000,pokedollars,
beach-glass,lets-go-pikachu-lets-go-eevee,sell,400,pokedollars,
bead-mail,emerald,sell,25,pokedollars,
bead-mail,firered-leafgreen,sell,25,pokedollars,
bead-mail,ruby-sapphire,sell,25,pokedollars,
bean-cake,legends-arceus,buy,400,pokedollars,
bean-cake,legends-arceus,sell,100,pokedollars,
beast-ball,ultra-sun-ultra-moon,buy,1000,pokedollars,
beedrillite,lets-go-pikachu-lets-go-eevee,buy,30000,pokedollars,
belue-berry,brilliant-diamond-shining-pearl,sell,10,pokedollars,
belue-berry,diamond-pearl,sell,10,pokedollars,
belue-berry,emerald,sell,10,pokedollars,
belue-berry,platinum,sell,10,pokedollars,
belue-berry,ruby-sapphire,sell,10,pokedollars,
belue-berry,x-y,sell,10,pokedollars,
berry-gen2,crystal,sell,5,pokedollars,
berry-gen2,gold-silver,sell,5,pokedollars,
berry-juice,black,buy,1500,pokedollars,Sold to the gourmet maniac on Route 5
berry-juice,crystal,sell,50,pokedollars,
berry-juice,gold-silver,sell,50,pokedollars,
berry-sweet,scarlet-violet,sell,250,pokedollars,
berry-sweet,sword-shield,sell,250,pokedollars,
berserk-gene,crystal,buy,200,pokedollars,
berserk-gene,crystal,sell,100,pokedollars,
berserk-gene,gold-silver,buy,200,pokedollars,
berserk-gene,gold-silver,sell,100,pokedollars,
big-bamboo-shoot,scarlet-violet,sell,1500,pokedollars,
big-malasada,sun-moon,buy,350,pokedollars,
big-malasada,sun-moon,sell,175,pokedollars,
big-malasada,sword-shield,sell,175,pokedollars,Not purchasable
big-malasada,ultra-sun-ultra-moon,buy,350,pokedollars,
big-malasada,ultra-sun-ultra-moon,sell,175,pokedollars,
big-mushroom,black-2-white-2,sell,2500,pokedollars,Can sell for 5000 to Gourmet Maniac on Route 5
big-mushroom,black-white,sell,2500,pokedollars,Can sell for 5000 to Gourmet Maniac on Route 5
big-mushroom,crystal,sell,2500,pokedollars,
big-mushroom,diamond-pearl,sell,2500,pokedollars,
big-mushroom,emerald,sell,2500,pokedollars,
big-mushroom,firered-leafgreen,sell,2500,pokedollars,
big-mushroom,gold-silver,sell,2500,pokedollars,
big-mushroom,heartgold-soulsilver,sell,2500,pokedollars,
big-mushroom,platinum,sell,2500,pokedollars,
big-mushroom,ruby-sapphire,sell,2500,pokedollars,
big-mushroom,sword-shield,sell,10000,pokedollars,Sold to valuable item buyer in Stow-on-Side
big-nugget,omega-ruby-alpha-sapphire,sell,10000,pokedollars,
big-nugget,scarlet-violet,sell,20000,pokedollars,
big-nugget,sun-moon,sell,20000,pokedollars,
big-nugget,sword-shield,sell,20000,pokedollars,
big-nugget,ultra-sun-ultra-moon,sell,20000,pokedollars,
big-nugget,x-y,sell,10000,pokedollars,
big-pearl,black-2-white-2,sell,3750,pokedollars,
big-pearl,brilliant-diamond-shining-pearl,sell,3750,pokedollars,
big-pearl,crystal,buy,3500,pokedollars,
big-pearl,crystal,sell,3750,pokedollars,
big-pearl,diamond-pearl,sell,3750,pokedollars,
big-pearl,emerald,sell,3750,pokedollars,
big-pearl,firered-leafgreen,sell,3750,pokedollars,
big-pearl,gold-silver,sell,3750,pokedollars,
big-pearl,gold-silver,buy,3500,pokedollars,
big-pearl,legends-za,sell,4000,pokedollars,
big-pearl,lets-go-pikachu-lets-go-eevee,sell,4000,pokedollars,
big-pearl,omega-ruby-alpha-sapphire,sell,3750,pokedollars,
big-pearl,platinum,sell,3750,pokedollars,
big-pearl,ruby-sapphire,sell,3750,pokedollars,
big-pearl,scarlet-violet,sell,4000,pokedollars,
big-pearl,sun-moon,sell,4000,pokedollars,
big-pearl,sword-shield,buy,8000,pokedollars,
big-pearl,sword-shield,sell,4000,pokedollars,Can sell for 12000 to valuable item buyer in Stow-on-Side
big-pearl,ultra-sun-ultra-moon,sell,4000,pokedollars,
big-pearl,x-y,sell,3750,pokedollars,
big-root,diamond-pearl,sell,100,pokedollars,
big-root,platinum,sell,100,pokedollars,
big-root,scarlet-violet,buy,10000,pokedollars,
big-root,scarlet-violet,sell,2500,pokedollars,
big-root,sun-moon,sell,2000,pokedollars,
big-root,ultra-sun-ultra-moon,sell,2000,pokedollars,
binding-band,black-white,sell,100,pokedollars,
binding-band,scarlet-violet,sell,5000,pokedollars,
binding-band,scarlet-violet,buy,20000,pokedollars,
binding-band,sun-moon,sell,2000,pokedollars,
binding-band,sword-shield,buy,3000,pokedollars,
binding-band,sword-shield,sell,2000,pokedollars,
binding-band,x-y,sell,100,pokedollars,
bitter-berry,crystal,sell,5,pokedollars,
bitter-berry,gold-silver,sell,5,pokedollars,
black-apricorn,black-2-white-2,sell,10,pokedollars,
black-apricorn,black-white,sell,10,pokedollars,
black-apricorn,crystal,sell,100,pokedollars,
black-apricorn,gold-silver,sell,100,pokedollars,
black-apricorn,lets-go-pikachu-lets-go-eevee,sell,10,pokedollars,
black-apricorn,omega-ruby-alpha-sapphire,sell,10,pokedollars,
black-apricorn,scarlet-violet,sell,50,pokedollars,
black-apricorn,sun-moon,sell,10,pokedollars,
black-apricorn,ultra-sun-ultra-moon,sell,10,pokedollars,
black-apricorn,x-y,sell,10,pokedollars,
black-augurite,legends-arceus,buy,8000,pokedollars,
black-augurite,legends-arceus,sell,500,pokedollars,
black-belt,gold-silver,sell,50,pokedollars,
black-belt,ruby-sapphire,sell,50,pokedollars,
black-belt,scarlet-violet,buy,3000,pokedollars,
black-belt,scarlet-violet,sell,750,pokedollars,
black-belt,sun-moon,sell,500,pokedollars,
black-belt,sword-shield,sell,500,pokedollars,
black-belt,sword-shield,buy,3000,pokedollars,
black-flute,black-white,sell,200,pokedollars,
black-flute,diamond-pearl,sell,200,pokedollars,
black-flute,ruby-sapphire,sell,200,pokedollars,
black-flute,sun-moon,sell,10,pokedollars,
black-flute,x-y,sell,200,pokedollars,
black-glasses,crystal,sell,50,pokedollars,
black-glasses,gold-silver,sell,50,pokedollars,
black-glasses,scarlet-violet,sell,750,pokedollars,
black-glasses,scarlet-violet,buy,3000,pokedollars,
black-glasses,sun-moon,sell,500,pokedollars,
black-glasses,sword-shield,buy,3000,pokedollars,
black-glasses,sword-shield,sell,500,pokedollars,
black-glasses,ultra-sun-ultra-moon,sell,500,pokedollars,
black-sludge,black-2-white-2,sell,100,pokedollars,
black-sludge,black-white,sell,100,pokedollars,
black-sludge,brilliant-diamond-shining-pearl,sell,100,pokedollars,
black-sludge,diamond-pearl,sell,100,pokedollars,
black-sludge,heartgold-soulsilver,sell,100,pokedollars,
black-sludge,omega-ruby-alpha-sapphire,sell,100,pokedollars,
black-sludge,platinum,sell,100,pokedollars,
black-sludge,scarlet-violet,buy,10000,pokedollars,
black-sludge,scarlet-violet,sell,2500,pokedollars,
black-sludge,sun-moon,sell,2000,pokedollars,
black-sludge,sword-shield,buy,3000,pokedollars,
black-sludge,sword-shield,sell,2000,pokedollars,
black-sludge,ultra-sun-ultra-moon,sell,2000,pokedollars,
black-sludge,x-y,sell,100,pokedollars,
black-tumblestone,legends-arceus,buy,80,pokedollars,
black-tumblestone,legends-arceus,sell,20,pokedollars,
blastoisinite,legends-za,buy,100000,pokedollars,
bloom-mail,diamond-pearl,sell,25,pokedollars,
bloom-mail,diamond-pearl,buy,50,pokedollars,
bloom-mail,heartgold-soulsilver,sell,25,pokedollars,
bloom-mail,heartgold-soulsilver,buy,50,pokedollars,
bloom-mail,platinum,buy,50,pokedollars,
bloom-mail,platinum,sell,25,pokedollars,
blue-apricorn,black-white,sell,10,pokedollars,
blue-apricorn,crystal,sell,100,pokedollars,
blue-apricorn,gold,sell,100,pokedollars,
blue-apricorn,lets-go-pikachu-lets-go-eevee,sell,10,pokedollars,
blue-apricorn,omega-ruby-alpha-sapphire,sell,10,pokedollars,
blue-apricorn,scarlet-violet,sell,50,pokedollars,
blue-apricorn,silver,sell,100,pokedollars,
blue-apricorn,sun-moon,sell,10,pokedollars,
blue-apricorn,ultra-sun-ultra-moon,sell,10,pokedollars,
blue-apricorn,x-y,sell,10,pokedollars,
blue-bottle,scarlet-violet,sell,500,pokedollars,
blue-bottle,scarlet-violet,buy,2000,pokedollars,
blue-canari-plush-lv-1,legends-za,buy,3,colorful-screws,
blue-canari-plush-lv-2,legends-za,buy,5,colorful-screws,
blue-canari-plush-lv-3,legends-za,buy,8,colorful-screws,
blue-cup,scarlet-violet,buy,1500,pokedollars,
blue-cup,scarlet-violet,sell,375,pokedollars,
blue-flag-pick,scarlet-violet,sell,30,pokedollars,
blue-flag-pick,scarlet-violet,buy,120,pokedollars,
blue-flute,black-2-white-2,sell,50,pokedollars,Can be sold to the billionaire maniac in Undella Town for 7000 Pokédollars.
blue-flute,black-white,sell,50,pokedollars,Can be sold to the billionaire maniac in Undella Town for 7000 Pokédollars.
blue-flute,diamond-pearl,sell,50,pokedollars,
blue-flute,emerald,sell,50,pokedollars,
blue-flute,firered-leafgreen,sell,50,pokedollars,
blue-flute,heartgold-soulsilver,sell,50,pokedollars,
blue-flute,platinum,sell,50,pokedollars,
blue-flute,ruby-sapphire,sell,50,pokedollars,
blue-flute,sun-moon,sell,10,pokedollars,
blue-flute,ultra-sun-ultra-moon,sell,10,pokedollars,
blue-orb,sun-moon,buy,10000,pokedollars,
blue-orb,ultra-sun-ultra-moon,buy,10000,pokedollars,
blue-poke-ball-pick,scarlet-violet,buy,200,pokedollars,
blue-poke-ball-pick,scarlet-violet,sell,50,pokedollars,
blue-scarf,black-2-white-2,sell,50,pokedollars,
blue-scarf,brilliant-diamond-shining-pearl,sell,50,pokedollars,
blue-scarf,diamond-pearl,sell,50,pokedollars,
blue-scarf,emerald,sell,50,pokedollars,
blue-scarf,firered-leafgreen,sell,50,pokedollars,
blue-scarf,heartgold-soulsilver,sell,50,pokedollars,
blue-scarf,omega-ruby-alpha-sapphire,sell,50,pokedollars,
blue-scarf,platinum,sell,50,pokedollars,
blue-scarf,ruby-sapphire,sell,50,pokedollars,
blue-scarf,sun-moon,sell,50,pokedollars,
blue-scarf,ultra-sun-ultra-moon,sell,50,pokedollars,
blue-scarf,x-y,sell,50,pokedollars,
blue-shard,black-2-white-2,sell,100,pokedollars,
blue-shard,black-white,sell,100,pokedollars,
blue-shard,blue,buy,3000,pokedollars,
blue-shard,brilliant-diamond-shining-pearl,sell,100,pokedollars,
blue-shard,diamond-pearl,sell,100,pokedollars,
blue-shard,emerald,sell,100,pokedollars,
blue-shard,legends-arceus,sell,150,pokedollars,
blue-shard,omega-ruby-alpha-sapphire,sell,100,pokedollars,
blue-shard,platinum,sell,100,pokedollars,
blue-shard,ruby-sapphire,sell,100,pokedollars,
blue-shard,sun-moon,sell,500,pokedollars,
blue-shard,ultra-sun-ultra-moon,sell,500,pokedollars,
blue-shard,x-y,sell,100,pokedollars,
blue-sky-flower-pick,scarlet-violet,buy,1000,pokedollars,
blue-sky-flower-pick,scarlet-violet,sell,250,pokedollars,
blue-tablecloth,scarlet-violet,sell,1250,pokedollars,
blue-tablecloth,scarlet-violet,buy,5000,pokedollars,
blueberry-tablecloth,scarlet-violet,buy,1000,pokedollars,
blueberry-tablecloth,scarlet-violet,sell,250,pokedollars,
bluesky-mail,crystal,sell,55,pokedollars,
bluesky-mail,gold-silver,sell,55,pokedollars,
bluk-berry,black-white,sell,10,pokedollars,Can be sold to gourmet maniac on Route 5 for 500 Pokédollars.
bluk-berry,diamond-pearl,sell,10,pokedollars,
bluk-berry,emerald,sell,10,pokedollars,
bluk-berry,firered-leafgreen,sell,10,pokedollars,
bluk-berry,platinum,sell,10,pokedollars,
bluk-berry,ruby-sapphire,sell,10,pokedollars,
blunder-policy,scarlet-violet,sell,7500,pokedollars,
blunder-policy,scarlet-violet,buy,30000,pokedollars,
blunder-policy,sword-shield,sell,2000,pokedollars,
bobs-food-tin,sword-shield,buy,950,pokedollars,Available for purchase in Sword only
bobs-food-tin,sword-shield,sell,475,pokedollars,
boiled-egg,sword-shield,sell,1100,pokedollars,
boiled-egg,sword-shield,buy,2200,pokedollars,
bold-mint,brilliant-diamond-shining-pearl,sell,10,pokedollars,
bold-mint,legends-arceus,sell,500,pokedollars,
bold-mint,scarlet-violet,sell,5000,pokedollars,
bold-mint,scarlet-violet,buy,20000,pokedollars,
bold-mint,sword-shield,sell,10,pokedollars,
boost-mulch,omega-ruby-alpha-sapphire,sell,100,pokedollars,
boost-mulch,sun-moon,sell,100,pokedollars,
boost-mulch,ultra-sun-ultra-moon,sell,100,pokedollars,
boost-mulch,x-y,sell,100,pokedollars,
bottle-cap,brilliant-diamond-shining-pearl,sell,2500,pokedollars,
bottle-cap,legends-za,sell,5000,pokedollars,
bottle-cap,scarlet-violet,sell,5000,pokedollars,
bottle-cap,scarlet-violet,buy,20000,pokedollars,
bottle-cap,sun-moon,sell,2500,pokedollars,
bottle-cap,sword-shield,sell,2500,pokedollars,
brave-mint,brilliant-diamond-shining-pearl,sell,10,pokedollars,
brave-mint,legends-arceus,sell,500,pokedollars,
brave-mint,scarlet-violet,sell,5000,pokedollars,
brave-mint,scarlet-violet,buy,20000,pokedollars,
brave-mint,sword-shield,sell,10,pokedollars,
bread,sword-shield,sell,75,pokedollars,
bread,sword-shield,buy,150,pokedollars,
brick-mail,diamond-pearl,sell,25,pokedollars,
brick-mail,heartgold-soulsilver,sell,25,pokedollars,
brick-mail,platinum,sell,25,pokedollars,
brick-piece,crystal,sell,25,pokedollars,
brick-piece,crystal,buy,50,pokedollars,
brick-piece,gold,buy,50,pokedollars,
brick-piece,gold,sell,25,pokedollars,
brick-piece,silver,buy,50,pokedollars,
brick-piece,silver,sell,25,pokedollars,
bridgemail-d,black-2-white-2,buy,50,pokedollars,
bridgemail-d,black-2-white-2,sell,25,pokedollars,
bridgemail-d,black-white,buy,50,pokedollars,
bridgemail-d,black-white,sell,25,pokedollars,
bridgemail-m,black-2-white-2,buy,50,pokedollars,
bridgemail-m,black-2-white-2,sell,25,pokedollars,
bridgemail-m,black-white,sell,25,pokedollars,
bridgemail-m,black-white,buy,50,pokedollars,
bridgemail-s,black-2-white-2,buy,50,pokedollars,
bridgemail-s,black-2-white-2,sell,25,pokedollars,
bridgemail-s,black-white,sell,25,pokedollars,
bridgemail-s,black-white,buy,50,pokedollars,
bridgemail-t,black-2-white-2,buy,50,pokedollars,
bridgemail-t,black-2-white-2,sell,25,pokedollars,
bridgemail-t,black-white,buy,50,pokedollars,
bridgemail-t,black-white,sell,25,pokedollars,
bridgemail-v,black-2-white-2,buy,50,pokedollars,
bridgemail-v,black-2-white-2,sell,25,pokedollars,
bridgemail-v,black-white,buy,50,pokedollars,
bridgemail-v,black-white,sell,25,pokedollars,
bright-powder,crystal,sell,5,pokedollars,
bright-powder,emerald,sell,5,pokedollars,
bright-powder,firered-leafgreen,sell,5,pokedollars,
bright-powder,gold-silver,sell,5,pokedollars,
bright-powder,ruby-sapphire,sell,5,pokedollars,
bright-powder,scarlet-violet,buy,30000,pokedollars,
bright-powder,scarlet-violet,sell,7500,pokedollars,
bright-powder,sun-moon,sell,2000,pokedollars,
bright-powder,ultra-sun-ultra-moon,sell,2000,pokedollars,
brittle-bones,sword-shield,buy,950,pokedollars,
brittle-bones,sword-shield,sell,475,pokedollars,
bronze-bottle,scarlet-violet,buy,10000,pokedollars,
bronze-bottle,scarlet-violet,sell,2500,pokedollars,
bronze-cup,scarlet-violet,buy,5000,pokedollars,
bronze-cup,scarlet-violet,sell,1250,pokedollars,
bubble-mail,diamond-pearl,buy,50,pokedollars,
bubble-mail,diamond-pearl,sell,25,pokedollars,
bubble-mail,heartgold-soulsilver,sell,25,pokedollars,
bubble-mail,heartgold-soulsilver,buy,50,pokedollars,
bubble-mail,platinum,buy,50,pokedollars,
bubble-mail,platinum,sell,25,pokedollars,
bug-gem,black-2-white-2,sell,100,pokedollars,
bug-gem,black-white,sell,100,pokedollars,
bug-gem,lets-go-pikachu-lets-go-eevee,sell,100,pokedollars,
bug-gem,omega-ruby-alpha-sapphire,sell,100,pokedollars,
bug-gem,sun-moon,sell,100,pokedollars,
bug-gem,ultra-sun-ultra-moon,sell,100,pokedollars,
bug-gem,x-y,sell,100,pokedollars,
bug-memory,sun-moon,sell,500,pokedollars,
bug-memory,sword-shield,sell,500,pokedollars,
bug-memory,ultra-sun-ultra-moon,sell,500,pokedollars,
bug-tera-shard,scarlet-violet,sell,500,pokedollars,
bugwort,legends-arceus,buy,180,pokedollars,
bugwort,legends-arceus,sell,45,pokedollars,
burn-drive,black-2-white-2,sell,500,pokedollars,
burn-drive,black-white,sell,500,pokedollars,
burn-drive,omega-ruby-alpha-sapphire,sell,500,pokedollars,
burn-drive,x-y,sell,500,pokedollars,
burn-heal,legends-za,sell,25,pokedollars,
burn-heal,legends-za,buy,100,pokedollars,
burn-heal,red-blue,sell,125,pokedollars,
burn-heal,red-blue,buy,250,pokedollars,
burn-heal,scarlet-violet,sell,50,pokedollars,
burn-heal,scarlet-violet,buy,200,pokedollars,
burn-heal,sun-moon,buy,300,pokedollars,
burn-heal,sun-moon,sell,150,pokedollars,
burn-heal,sword-shield,buy,200,pokedollars,
burn-heal,sword-shield,sell,100,pokedollars,
burn-heal,ultra-sun-ultra-moon,sell,150,pokedollars,
burn-heal,ultra-sun-ultra-moon,buy,300,pokedollars,
burn-heal,yellow,sell,125,pokedollars,
burn-heal,yellow,buy,250,pokedollars,
burnt-berry,crystal,sell,5,pokedollars,
burnt-berry,gold-silver,sell,5,pokedollars,
butter,scarlet-violet,buy,250,pokedollars,
butter,scarlet-violet,sell,62,pokedollars,
cake-lure-base,legends-arceus,buy,100,pokedollars,
cake-lure-base,legends-arceus,sell,25,pokedollars,
calcium,red-blue,sell,4900,pokedollars,
calcium,red-blue,buy,9800,pokedollars,
calcium,scarlet-violet,sell,2500,pokedollars,
calcium,scarlet-violet,buy,10000,pokedollars,
calcium,sun-moon,sell,5000,pokedollars,
calcium,sun-moon,buy,10000,pokedollars,
calcium,ultra-sun-ultra-moon,sell,5000,pokedollars,
calcium,ultra-sun-ultra-moon,buy,10000,pokedollars,
calcium,yellow,buy,9800,pokedollars,
calcium,yellow,sell,4900,pokedollars,
calm-mint,brilliant-diamond-shining-pearl,sell,10,pokedollars,
calm-mint,legends-arceus,sell,500,pokedollars,
calm-mint,scarlet-violet,buy,20000,pokedollars,
calm-mint,scarlet-violet,sell,5000,pokedollars,
calm-mint,sword-shield,sell,10,pokedollars,
canari-bread,legends-za,sell,325,pokedollars,
canari-bread,legends-za,buy,1300,pokedollars,
candy-truffle,legends-arceus,buy,600,pokedollars,
candy-truffle,legends-arceus,sell,150,pokedollars,
carbos,red-blue,buy,9800,pokedollars,
carbos,red-blue,sell,4900,pokedollars,
carbos,scarlet-violet,sell,2500,pokedollars,
carbos,scarlet-violet,buy,10000,pokedollars,
carbos,sun-moon,buy,10000,pokedollars,
carbos,sun-moon,sell,5000,pokedollars,
carbos,ultra-sun-ultra-moon,buy,10000,pokedollars,
carbos,ultra-sun-ultra-moon,sell,5000,pokedollars,
carbos,yellow,buy,9800,pokedollars,
carbos,yellow,sell,4900,pokedollars,
careful-mint,brilliant-diamond-shining-pearl,sell,10,pokedollars,
careful-mint,legends-arceus,sell,500,pokedollars,
careful-mint,scarlet-violet,buy,20000,pokedollars,
careful-mint,scarlet-violet,sell,5000,pokedollars,
careful-mint,sword-shield,sell,10,pokedollars,
casteliacone,black-2-white-2,sell,50,pokedollars,
casteliacone,black-2-white-2,buy,100,pokedollars,
casteliacone,black-white,buy,100,pokedollars,
casteliacone,black-white,sell,50,pokedollars,
casteliacone,omega-ruby-alpha-sapphire,sell,50,pokedollars,Cannot be purchased normally
casteliacone,sun-moon,sell,175,pokedollars,Cannot be purchased
casteliacone,ultra-sun-ultra-moon,sell,175,pokedollars,Cannot be purchased
casteliacone,x-y,sell,50,pokedollars,Cannot be purchased
caster-fern,legends-arceus,buy,140,pokedollars,
caster-fern,legends-arceus,sell,35,pokedollars,
cell-battery,black-white,sell,100,pokedollars,
cell-battery,omega-ruby-alpha-sapphire,sell,100,pokedollars,
cell-battery,scarlet-violet,buy,5000,pokedollars,
cell-battery,scarlet-violet,sell,1250,pokedollars,
cell-battery,sun-moon,sell,2000,pokedollars,
cell-battery,sword-shield,sell,2000,pokedollars,
cell-battery,x-y,sell,100,pokedollars,
chalky-stone,lets-go-pikachu-lets-go-eevee,sell,30,pokedollars,
charcoal,crystal,buy,9800,pokedollars,
charcoal,crystal,sell,4900,pokedollars,
charcoal,gold-silver,buy,9800,pokedollars,
charcoal,gold-silver,sell,4900,pokedollars,
charcoal,scarlet-violet,sell,750,pokedollars,
charcoal,scarlet-violet,buy,3000,pokedollars,
charcoal,sun-moon,sell,500,pokedollars,
charcoal,sword-shield,buy,3000,pokedollars,
charcoal,sword-shield,sell,500,pokedollars,
charcoal,ultra-sun-ultra-moon,sell,500,pokedollars,
charizardite-x,legends-za,buy,100000,pokedollars,
charizardite-x,x-y,buy,10000,pokedollars,"Price can range up to 1,000,000"
charizardite-y,legends-za,buy,100000,pokedollars,
charizardite-y,y,buy,10000,pokedollars,"Variable price up to 1,000,000"
charti-berry,black-2-white-2,sell,10,pokedollars,
charti-berry,black-white,sell,10,pokedollars,
charti-berry,brilliant-diamond-shining-pearl,sell,10,pokedollars,
charti-berry,diamond-pearl,sell,10,pokedollars,
charti-berry,heartgold-soulsilver,sell,10,pokedollars,
charti-berry,omega-ruby-alpha-sapphire,sell,10,pokedollars,
charti-berry,platinum,sell,10,pokedollars,
charti-berry,scarlet-violet,sell,20,pokedollars,
charti-berry,sun-moon,sell,10,pokedollars,
charti-berry,sword-shield,sell,40,pokedollars,
charti-berry,ultra-sun-ultra-moon,sell,10,pokedollars,
charti-berry,x-y,sell,10,pokedollars,
cheese,scarlet-violet,buy,120,pokedollars,
cheese,scarlet-violet,sell,30,pokedollars,
cheri-berry,brilliant-diamond-shining-pearl,buy,80,pokedollars,
cheri-berry,brilliant-diamond-shining-pearl,sell,10,pokedollars,
cheri-berry,legends-arceus,buy,120,pokedollars,
cheri-berry,legends-arceus,sell,30,pokedollars,
cheri-berry,sword-shield,sell,40,pokedollars,
cheri-berry,sword-shield,buy,80,pokedollars,
cherry-tomatoes,scarlet-violet,sell,30,pokedollars,
cherry-tomatoes,scarlet-violet,buy,120,pokedollars,
chesto-berry,brilliant-diamond-shining-pearl,sell,10,pokedollars,
chesto-berry,brilliant-diamond-shining-pearl,buy,80,pokedollars,
chesto-berry,legends-arceus,buy,120,pokedollars,
chesto-berry,legends-arceus,sell,30,pokedollars,
chesto-berry,scarlet-violet,sell,20,pokedollars,
chesto-berry,sword-shield,buy,80,pokedollars,
chesto-berry,sword-shield,sell,40,pokedollars,
chilan-berry,black-2-white-2,sell,10,pokedollars,
chilan-berry,black-white,sell,10,pokedollars,
chilan-berry,diamond-pearl,sell,10,pokedollars,
chilan-berry,heartgold-soulsilver,sell,10,pokedollars,
chilan-berry,platinum,sell,10,pokedollars,
chilan-berry,scarlet-violet,sell,20,pokedollars,
chilan-berry,sword-shield,sell,40,pokedollars,
chili-sauce,scarlet-violet,sell,80,pokedollars,
chili-sauce,scarlet-violet,buy,320,pokedollars,
chill-drive,black-2-white-2,sell,500,pokedollars,
chill-drive,black-white,sell,500,pokedollars,
chill-drive,omega-ruby-alpha-sapphire,sell,500,pokedollars,
chill-drive,x-y,sell,500,pokedollars,
chipped-pot,scarlet-violet,sell,9500,pokedollars,
chipped-pot,sword-shield,buy,3000,pokedollars,
chipped-pot,sword-shield,sell,19000,pokedollars,
choice-band,ruby-sapphire,sell,50,pokedollars,
choice-band,scarlet-violet,buy,100000,pokedollars,
choice-band,scarlet-violet,sell,25000,pokedollars,
choice-band,sun-moon,sell,2000,pokedollars,
choice-dumpling,legends-arceus,sell,600,pokedollars,
choice-scarf,black-2-white-2,sell,100,pokedollars,
choice-scarf,black-white,sell,100,pokedollars,
choice-scarf,brilliant-diamond-shining-pearl,sell,100,pokedollars,
choice-scarf,diamond-pearl,sell,100,pokedollars,
choice-scarf,heartgold-soulsilver,sell,100,pokedollars,
choice-scarf,omega-ruby-alpha-sapphire,sell,100,pokedollars,
choice-scarf,platinum,sell,100,pokedollars,
choice-scarf,scarlet-violet,buy,100000,pokedollars,
choice-scarf,scarlet-violet,sell,25000,pokedollars,
choice-scarf,sun-moon,sell,2000,pokedollars,
choice-scarf,sword-shield,sell,2000,pokedollars,
choice-scarf,ultra-sun-ultra-moon,sell,2000,pokedollars,
choice-scarf,x-y,sell,100,pokedollars,
choice-specs,black-2-white-2,sell,100,pokedollars,
choice-specs,black-white,sell,100,pokedollars,
choice-specs,diamond-pearl,sell,100,pokedollars,
choice-specs,heartgold-soulsilver,sell,100,pokedollars,
choice-specs,omega-ruby-alpha-sapphire,sell,100,pokedollars,
choice-specs,platinum,sell,100,pokedollars,
choice-specs,scarlet-violet,buy,100000,pokedollars,
choice-specs,scarlet-violet,sell,25000,pokedollars,
choice-specs,sun-moon,sell,2000,pokedollars,
choice-specs,sword-shield,sell,2000,pokedollars,
choice-specs,ultra-sun-ultra-moon,sell,2000,pokedollars,
choice-specs,x-y,sell,100,pokedollars,
chople-berry,black-2-white-2,sell,10,pokedollars,Can sell for 20 to Gourmet Maniac on Route 5 in Gen V
chople-berry,black-white,sell,10,pokedollars,Can sell for 20 to Gourmet Maniac on Route 5 in Gen V
chople-berry,diamond-pearl,sell,10,pokedollars,
chople-berry,heartgold-soulsilver,sell,10,pokedollars,
chople-berry,platinum,sell,10,pokedollars,
chople-berry,scarlet-violet,sell,20,pokedollars,
chople-berry,sword-shield,sell,40,pokedollars,
chorizo,scarlet-violet,buy,150,pokedollars,
chorizo,scarlet-violet,sell,37,pokedollars,
claw-fossil,diamond-pearl,sell,500,pokedollars,
claw-fossil,platinum,sell,500,pokedollars,
claw-fossil,sun-moon,sell,3500,pokedollars,
claw-fossil,ultra-sun-ultra-moon,buy,7000,pokedollars,Ultra Sun only
claw-fossil,ultra-sun-ultra-moon,sell,3500,pokedollars,
cleanse-tag,black-2-white-2,sell,100,pokedollars,
cleanse-tag,black-white,sell,100,pokedollars,
cleanse-tag,crystal,sell,100,pokedollars,
cleanse-tag,diamond-pearl,sell,100,pokedollars,
cleanse-tag,emerald,sell,100,pokedollars,
cleanse-tag,firered-leafgreen,sell,100,pokedollars,
cleanse-tag,gold-silver,sell,100,pokedollars,
cleanse-tag,heartgold-soulsilver,sell,100,pokedollars,
cleanse-tag,omega-ruby-alpha-sapphire,sell,100,pokedollars,
cleanse-tag,platinum,sell,100,pokedollars,
cleanse-tag,ruby-sapphire,sell,100,pokedollars,
cleanse-tag,scarlet-violet,sell,1250,pokedollars,
cleanse-tag,sun-moon,sell,2500,pokedollars,
cleanse-tag,sword-shield,sell,2500,pokedollars,
cleanse-tag,ultra-sun-ultra-moon,sell,2500,pokedollars,
cleanse-tag,x-y,sell,100,pokedollars,
clear-amulet,scarlet-violet,buy,30000,pokedollars,
clear-amulet,scarlet-violet,sell,7500,pokedollars,
clever-feather,black-2-white-2,sell,1500,pokedollars,
clever-feather,black-white,sell,1500,pokedollars,
clever-feather,omega-ruby-alpha-sapphire,sell,1500,pokedollars,
clever-feather,scarlet-violet,sell,75,pokedollars,
clever-feather,sun-moon,sell,150,pokedollars,
clever-feather,sword-shield,sell,150,pokedollars,
clever-feather,ultra-sun-ultra-moon,sell,150,pokedollars,
clever-feather,x-y,sell,1500,pokedollars,
clever-mochi,scarlet-violet,sell,125,pokedollars,
clover-sweet,scarlet-violet,sell,250,pokedollars,
clover-sweet,sword-shield,sell,250,pokedollars,
coba-berry,black-2-white-2,sell,10,pokedollars,Can be sold for $20 to the gourmet maniac on Route 5 in Generation V
coba-berry,diamond-pearl,sell,10,pokedollars,
coba-berry,heartgold-soulsilver,sell,10,pokedollars,
coba-berry,platinum,sell,10,pokedollars,
coba-berry,scarlet-violet,sell,20,pokedollars,
coba-berry,sword-shield,sell,40,pokedollars,
coconut-milk,sword-shield,buy,950,pokedollars,
coconut-milk,sword-shield,sell,475,pokedollars,
colbur-berry,black-2-white-2,sell,10,pokedollars,
colbur-berry,black-white,sell,10,pokedollars,
colbur-berry,brilliant-diamond-shining-pearl,sell,10,pokedollars,
colbur-berry,diamond-pearl,sell,10,pokedollars,
colbur-berry,heartgold-soulsilver,sell,10,pokedollars,
colbur-berry,omega-ruby-alpha-sapphire,sell,10,pokedollars,
colbur-berry,platinum,sell,10,pokedollars,
colbur-berry,scarlet-violet,sell,20,pokedollars,
colbur-berry,sun-moon,sell,10,pokedollars,
colbur-berry,sword-shield,sell,40,pokedollars,
colbur-berry,ultra-sun-ultra-moon,sell,10,pokedollars,
colbur-berry,x-y,sell,10,pokedollars,
comet-shard,black-2-white-2,sell,60000,pokedollars,Ore Maniac in Icirrus City
comet-shard,black-white,sell,60000,pokedollars,Ore Maniac in Icirrus City
comet-shard,omega-ruby-alpha-sapphire,sell,15000,pokedollars,
comet-shard,scarlet-violet,sell,12500,pokedollars,
comet-shard,sun-moon,sell,30000,pokedollars,
comet-shard,sword-shield,sell,30000,pokedollars,Valuable item buyer in Stow-on-Side
comet-shard,ultra-sun-ultra-moon,sell,30000,pokedollars,
comet-shard,x-y,sell,15000,pokedollars,
cornn-berry,black-white,sell,10,pokedollars,Can be sold to the gourmet maniac for 500 Pokédollars
cornn-berry,diamond-pearl,sell,10,pokedollars,
cornn-berry,emerald,sell,10,pokedollars,
cornn-berry,platinum,sell,10,pokedollars,
cornn-berry,ruby-sapphire,sell,10,pokedollars,
courage-candy,lets-go-pikachu-lets-go-eevee,sell,10,pokedollars,
courage-candy-l,lets-go-pikachu-lets-go-eevee,sell,10,pokedollars,
courage-candy-xl,lets-go-pikachu-lets-go-eevee,sell,10,pokedollars,
cover-fossil,black-2-white-2,sell,500,pokedollars,
cover-fossil,black-white,sell,500,pokedollars,
cover-fossil,omega-ruby-alpha-sapphire,sell,500,pokedollars,
cover-fossil,scarlet-violet,buy,7000,pokedollars,
cover-fossil,sun-moon,sell,3500,pokedollars,
cover-fossil,ultra-sun-ultra-moon,sell,3500,pokedollars,
cover-fossil,x-y,sell,500,pokedollars,
covert-cloak,scarlet-violet,buy,20000,pokedollars,
covert-cloak,scarlet-violet,sell,5000,pokedollars,
cracked-pot,scarlet-violet,sell,400,pokedollars,
cracked-pot,sword-shield,buy,3000,pokedollars,
cracked-pot,sword-shield,sell,800,pokedollars,
cream-cheese,scarlet-violet,buy,280,pokedollars,
cream-cheese,scarlet-violet,sell,70,pokedollars,
crunchy-salt,legends-arceus,buy,200,pokedollars,
crunchy-salt,legends-arceus,sell,50,pokedollars,
cucumber,scarlet-violet,buy,130,pokedollars,
cucumber,scarlet-violet,sell,32,pokedollars,
curry-powder,scarlet-violet,sell,112,pokedollars,
curry-powder,scarlet-violet,buy,450,pokedollars,
custap-berry,black-2-white-2,sell,10,pokedollars,
custap-berry,black-white,sell,10,pokedollars,
custap-berry,brilliant-diamond-shining-pearl,sell,10,pokedollars,
custap-berry,diamond-pearl,sell,10,pokedollars,
custap-berry,heartgold-soulsilver,sell,10,pokedollars,
custap-berry,omega-ruby-alpha-sapphire,sell,10,pokedollars,
custap-berry,platinum,sell,10,pokedollars,
custap-berry,scarlet-violet,sell,20,pokedollars,
custap-berry,sword-shield,sell,40,pokedollars,
custap-berry,x-y,sell,10,pokedollars,
cyber-ball,scarlet-violet,buy,2000,pokedollars,
cyber-ball,scarlet-violet,sell,500,pokedollars,
damp-mulch,black-2-white-2,sell,100,pokedollars,Can be sold to the Mulch Maniac in Mistralton City for 1000 Pokédollars.
damp-mulch,black-2-white-2,buy,400,pokedollars,
damp-mulch,black-white,sell,100,pokedollars,
damp-mulch,diamond-pearl,buy,200,pokedollars,
damp-mulch,diamond-pearl,sell,100,pokedollars,
damp-mulch,heartgold-soulsilver,sell,100,pokedollars,
damp-mulch,heartgold-soulsilver,buy,200,pokedollars,
damp-mulch,omega-ruby-alpha-sapphire,sell,100,pokedollars,
damp-mulch,platinum,buy,200,pokedollars,
damp-mulch,platinum,sell,100,pokedollars,
damp-mulch,sun-moon,sell,100,pokedollars,
damp-mulch,ultra-sun-ultra-moon,sell,100,pokedollars,
damp-mulch,x-y,sell,100,pokedollars,
damp-rock,black-2-white-2,sell,100,pokedollars,
damp-rock,black-white,sell,100,pokedollars,
damp-rock,brilliant-diamond-shining-pearl,sell,100,pokedollars,
damp-rock,diamond-pearl,sell,100,pokedollars,
damp-rock,heartgold-soulsilver,sell,100,pokedollars,
damp-rock,omega-ruby-alpha-sapphire,sell,100,pokedollars,
damp-rock,platinum,sell,100,pokedollars,
damp-rock,scarlet-violet,buy,8000,pokedollars,
damp-rock,scarlet-violet,sell,2000,pokedollars,
damp-rock,sun-moon,sell,2000,pokedollars,
damp-rock,sword-shield,sell,2000,pokedollars,
damp-rock,ultra-sun-ultra-moon,sell,2000,pokedollars,
damp-rock,x-y,sell,100,pokedollars,
dark-gem,black-2-white-2,sell,100,pokedollars,
dark-gem,black-white,sell,100,pokedollars,
dark-gem,omega-ruby-alpha-sapphire,sell,100,pokedollars,
dark-gem,sun-moon,sell,100,pokedollars,
dark-gem,ultra-sun-ultra-moon,sell,100,pokedollars,
dark-gem,x-y,sell,100,pokedollars,
dark-memory,sun-moon,sell,500,pokedollars,
dark-memory,sword-shield,sell,500,pokedollars,
dark-memory,ultra-sun-ultra-moon,sell,500,pokedollars,
dark-tera-shard,scarlet-violet,sell,500,pokedollars,
data-card-01,heartgold-soulsilver,buy,500,pokeathlon-points,
dawn-stone,black-white,buy,10000,pokedollars,
dawn-stone,black-white,sell,1050,pokedollars,
dazzling-honey,legends-arceus,sell,50,pokedollars,
dazzling-honey,legends-arceus,buy,200,pokedollars,
deep-sea-scale,black-2-white-2,buy,2000,pokedollars,
deep-sea-scale,ruby-sapphire,sell,100,pokedollars,
deep-sea-scale,sun-moon,sell,1000,pokedollars,
deep-sea-tooth,black-2-white-2,buy,1000,pokedollars,
deep-sea-tooth,black-white,sell,100,pokedollars,
deep-sea-tooth,brilliant-diamond-shining-pearl,sell,100,pokedollars,
deep-sea-tooth,diamond-pearl,sell,100,pokedollars,
deep-sea-tooth,emerald,sell,100,pokedollars,
deep-sea-tooth,firered-leafgreen,sell,100,pokedollars,
deep-sea-tooth,heartgold-soulsilver,sell,100,pokedollars,
deep-sea-tooth,omega-ruby-alpha-sapphire,sell,100,pokedollars,
deep-sea-tooth,platinum,sell,100,pokedollars,
deep-sea-tooth,ruby-sapphire,sell,100,pokedollars,
deep-sea-tooth,sun-moon,sell,1000,pokedollars,
deep-sea-tooth,ultra-sun-ultra-moon,sell,1000,pokedollars,
deep-sea-tooth,x-y,sell,100,pokedollars,
destiny-knot,black-white,sell,100,pokedollars,
destiny-knot,brilliant-diamond-shining-pearl,sell,100,pokedollars,
destiny-knot,diamond-pearl,sell,100,pokedollars,
destiny-knot,scarlet-violet,buy,20000,pokedollars,
destiny-knot,scarlet-violet,sell,5000,pokedollars,
destiny-knot,sun-moon,sell,2000,pokedollars,
destiny-knot,sword-shield,sell,2000,pokedollars,
destiny-knot,x-y,sell,100,pokedollars,
diamond-bottle,scarlet-violet,buy,1000,pokedollars,
diamond-bottle,scarlet-violet,sell,250,pokedollars,
diamond-pattern-cup,scarlet-violet,buy,800,pokedollars,
diamond-pattern-cup,scarlet-violet,sell,200,pokedollars,
diamond-tablecloth,scarlet-violet,buy,1500,pokedollars,
diamond-tablecloth,scarlet-violet,sell,375,pokedollars,
dire-hit,legends-arceus,sell,400,pokedollars,Cannot be bought
dire-hit,red-blue,buy,650,pokedollars,
dire-hit,red-blue,sell,325,pokedollars,
dire-hit,scarlet-violet,sell,250,pokedollars,
dire-hit,scarlet-violet,buy,1000,pokedollars,
dire-hit,sun-moon,sell,500,pokedollars,
dire-hit,sun-moon,buy,1000,pokedollars,
dire-hit,ultra-sun-ultra-moon,buy,1000,pokedollars,
dire-hit,ultra-sun-ultra-moon,sell,500,pokedollars,
dire-hit,yellow,buy,650,pokedollars,
dire-hit,yellow,sell,325,pokedollars,
direshroom,legends-arceus,buy,480,pokedollars,
direshroom,legends-arceus,sell,120,pokedollars,
discount-coupon,omega-ruby-alpha-sapphire,sell,10,pokedollars,
discount-coupon,sun-moon,sell,10,pokedollars,
discount-coupon,ultra-sun-ultra-moon,sell,10,pokedollars,
discount-coupon,x-y,sell,10,pokedollars,
dive-ball,emerald,buy,1000,pokedollars,
dive-ball,emerald,sell,500,pokedollars,
dive-ball,firered-leafgreen,sell,500,pokedollars,Not purchasable
dive-ball,ruby-sapphire,buy,1000,pokedollars,
dive-ball,ruby-sapphire,sell,500,pokedollars,
dive-ball,scarlet-violet,sell,250,pokedollars,
dive-ball,scarlet-violet,buy,1000,pokedollars,
dome-fossil,diamond-pearl,sell,500,pokedollars,
dome-fossil,sun-moon,sell,3500,pokedollars,
dome-fossil,ultra-moon,buy,7000,pokedollars,
doppel-bonnets,legends-arceus,buy,480,pokedollars,
doppel-bonnets,legends-arceus,sell,120,pokedollars,
douse-drive,black-2-white-2,sell,500,pokedollars,
douse-drive,black-white,sell,500,pokedollars,
douse-drive,omega-ruby-alpha-sapphire,sell,500,pokedollars,
douse-drive,x-y,sell,500,pokedollars,
draco-plate,black-2-white-2,sell,500,pokedollars,
draco-plate,black-white,sell,500,pokedollars,
draco-plate,brilliant-diamond-shining-pearl,sell,500,pokedollars,
draco-plate,diamond-pearl,sell,500,pokedollars,
draco-plate,heartgold-soulsilver,sell,500,pokedollars,
draco-plate,omega-ruby-alpha-sapphire,sell,500,pokedollars,
draco-plate,platinum,sell,500,pokedollars,
draco-plate,sun-moon,sell,500,pokedollars,
draco-plate,ultra-sun-ultra-moon,sell,500,pokedollars,
draco-plate,x-y,sell,500,pokedollars,
dragon-fang,crystal,sell,50,pokedollars,
dragon-fang,gold-silver,sell,50,pokedollars,
dragon-fang,scarlet-violet,buy,3000,pokedollars,
dragon-fang,scarlet-violet,sell,750,pokedollars,
dragon-fang,sun-moon,sell,500,pokedollars,
dragon-fang,sword-shield,buy,3000,pokedollars,
dragon-fang,sword-shield,sell,500,pokedollars,
dragon-fang,ultra-sun-ultra-moon,sell,500,pokedollars,
dragon-gem,black-2-white-2,sell,100,pokedollars,
dragon-gem,black-white,sell,100,pokedollars,
dragon-gem,omega-ruby-alpha-sapphire,sell,100,pokedollars,
dragon-gem,sun-moon,sell,100,pokedollars,
dragon-gem,ultra-sun-ultra-moon,sell,100,pokedollars,
dragon-gem,x-y,sell,100,pokedollars,
dragon-memory,sun-moon,sell,500,pokedollars,
dragon-memory,sword-shield,sell,500,pokedollars,
dragon-memory,ultra-sun-ultra-moon,sell,500,pokedollars,
dragon-scale,black-2-white-2,buy,4000,pokedollars,
dragon-scale,black-2-white-2,sell,1050,pokedollars,
dragon-scale,black-white,sell,1050,pokedollars,
dragon-scale,diamond-pearl,sell,1050,pokedollars,
dragon-scale,gold-silver,sell,1050,pokedollars,
dragon-scale,ruby-sapphire,sell,1050,pokedollars,
dragon-scale,scarlet-violet,sell,1000,pokedollars,
dragon-scale,sun-moon,sell,1000,pokedollars,
dragon-scale,sword-shield,sell,1000,pokedollars,
dragon-tera-shard,scarlet-violet,sell,500,pokedollars,
dread-plate,diamond-pearl,sell,500,pokedollars,
dread-plate,platinum,sell,500,pokedollars,
dread-plate,sun-moon,buy,10000,pokedollars,
dread-plate,sun-moon,sell,500,pokedollars,
dread-plate,ultra-sun-ultra-moon,sell,500,pokedollars,
dread-plate,ultra-sun-ultra-moon,buy,10000,pokedollars,
dream-mail,emerald,sell,25,pokedollars,
dream-mail,firered,sell,25,pokedollars,
dream-mail,firered,buy,50,pokedollars,
dream-mail,leafgreen,sell,25,pokedollars,
dream-mail,leafgreen,buy,50,pokedollars,
dream-mail,ruby,sell,25,pokedollars,
dream-mail,sapphire,sell,25,pokedollars,
dubious-disc,black-2-white-2,buy,60000,pokedollars,
dubious-disc,black-white,sell,1050,pokedollars,
dubious-disc,diamond-pearl,sell,1050,pokedollars,
dubious-disc,legends-arceus,sell,500,pokedollars,
dubious-disc,platinum,sell,1050,pokedollars,
dubious-disc,sun-moon,sell,1000,pokedollars,
dubious-disc,ultra-sun-ultra-moon,sell,1000,pokedollars,
durin-berry,black-white,sell,10,pokedollars,Can be sold for 500 Pokédollars to the gourmet maniac on Route 5.
durin-berry,diamond-pearl,sell,10,pokedollars,
durin-berry,emerald,sell,10,pokedollars,
durin-berry,platinum,sell,10,pokedollars,
durin-berry,ruby-sapphire,sell,10,pokedollars,
dusk-ball,black-2-white-2,buy,1000,pokedollars,
dusk-ball,black-2-white-2,sell,500,pokedollars,
dusk-ball,black-white,sell,500,pokedollars,
dusk-ball,black-white,buy,1000,pokedollars,
dusk-ball,brilliant-diamond-shining-pearl,sell,500,pokedollars,
dusk-ball,brilliant-diamond-shining-pearl,buy,1000,pokedollars,
dusk-ball,diamond-pearl,buy,1000,pokedollars,
dusk-ball,diamond-pearl,sell,500,pokedollars,
dusk-ball,heartgold-soulsilver,sell,500,pokedollars,
dusk-ball,heartgold-soulsilver,buy,1000,pokedollars,
dusk-ball,legends-za,buy,1000,pokedollars,
dusk-ball,legends-za,sell,250,pokedollars,
dusk-ball,omega-ruby-alpha-sapphire,sell,500,pokedollars,
dusk-ball,omega-ruby-alpha-sapphire,buy,1000,pokedollars,
dusk-ball,platinum,sell,500,pokedollars,
dusk-ball,platinum,buy,1000,pokedollars,
dusk-ball,scarlet-violet,sell,250,pokedollars,
dusk-ball,scarlet-violet,buy,1000,pokedollars,
dusk-ball,sun-moon,buy,1000,pokedollars,
dusk-ball,sun-moon,sell,500,pokedollars,
dusk-ball,sword-shield,sell,500,pokedollars,
dusk-ball,sword-shield,buy,1000,pokedollars,
dusk-ball,ultra-sun-ultra-moon,buy,1000,pokedollars,
dusk-ball,ultra-sun-ultra-moon,sell,500,pokedollars,
dusk-ball,x-y,sell,500,pokedollars,
dusk-ball,x-y,buy,1000,pokedollars,
dusk-stone,black,buy,10000,pokedollars,
dusk-stone,black-2,buy,40000,pokedollars,
dusk-stone,diamond-pearl,sell,1050,pokedollars,
dusk-stone,heartgold-soulsilver,sell,1050,pokedollars,
dusk-stone,platinum,sell,1050,pokedollars,
dynamax-crystal,sword-shield,sell,10,pokedollars,
dynite-ore,sword-shield,sell,10,pokedollars,
earth-plate,black-2-white-2,sell,500,pokedollars,
earth-plate,black-white,sell,500,pokedollars,
earth-plate,brilliant-diamond-shining-pearl,sell,500,pokedollars,
earth-plate,diamond-pearl,sell,500,pokedollars,
earth-plate,heartgold-soulsilver,sell,500,pokedollars,
earth-plate,omega-ruby-alpha-sapphire,sell,500,pokedollars,
earth-plate,platinum,sell,500,pokedollars,
earth-plate,sun-moon,sell,500,pokedollars,
earth-plate,ultra-sun-ultra-moon,sell,500,pokedollars,
earth-plate,x-y,sell,500,pokedollars,
eevee-cup,scarlet-violet,sell,500,pokedollars,
eevee-cup,scarlet-violet,buy,2000,pokedollars,
egg,scarlet-violet,buy,80,pokedollars,
egg,scarlet-violet,sell,20,pokedollars,
eggant-berry,ruby-sapphire,sell,10,pokedollars,
eject-button,black-2-white-2,sell,100,pokedollars,
eject-button,black-white,sell,100,pokedollars,
eject-button,scarlet-violet,sell,7500,pokedollars,
eject-button,scarlet-violet,buy,30000,pokedollars,
eject-button,sun-moon,sell,2000,pokedollars,
eject-button,sword-shield,sell,2000,pokedollars,
eject-button,ultra-sun-ultra-moon,sell,2000,pokedollars,
eject-pack,scarlet-violet,buy,30000,pokedollars,
eject-pack,scarlet-violet,sell,7500,pokedollars,
eject-pack,sword-shield,sell,2000,pokedollars,
electirizer,black-2-white-2,sell,1050,pokedollars,
electirizer,black-white,sell,1050,pokedollars,
electirizer,brilliant-diamond-shining-pearl,sell,1050,pokedollars,
electirizer,diamond-pearl,sell,1050,pokedollars,
electirizer,heartgold-soulsilver,sell,1050,pokedollars,
electirizer,legends-arceus,sell,500,pokedollars,
electirizer,legends-arceus,buy,10000,pokedollars,
electirizer,omega-ruby-alpha-sapphire,sell,1050,pokedollars,
electirizer,platinum,sell,1050,pokedollars,
electirizer,scarlet-violet,sell,1000,pokedollars,
electirizer,sun-moon,sell,1000,pokedollars,
electirizer,sword-shield,sell,1000,pokedollars,
electirizer,ultra-sun-ultra-moon,sell,1000,pokedollars,
electirizer,x-y,sell,1050,pokedollars,
electric-gem,black-2-white-2,sell,100,pokedollars,
electric-gem,black-white,sell,100,pokedollars,
electric-gem,lets-go-pikachu-lets-go-eevee,sell,100,pokedollars,
electric-gem,omega-ruby-alpha-sapphire,sell,100,pokedollars,
electric-gem,sun-moon,sell,100,pokedollars,
electric-gem,ultra-sun-ultra-moon,sell,100,pokedollars,
electric-gem,x-y,sell,100,pokedollars,
electric-memory,sun-moon,sell,500,pokedollars,
electric-memory,sword-shield,sell,500,pokedollars,
electric-memory,ultra-sun-ultra-moon,sell,500,pokedollars,
electric-seed,scarlet-violet,buy,20000,pokedollars,
electric-seed,scarlet-violet,sell,5000,pokedollars,
electric-seed,sun-moon,sell,2000,pokedollars,
electric-seed,sword-shield,sell,2000,pokedollars,
electric-seed,ultra-sun-ultra-moon,sell,2000,pokedollars,
electric-tera-shard,scarlet-violet,sell,500,pokedollars,
elixir,black-white,sell,1500,pokedollars,
elixir,diamond-pearl,sell,1500,pokedollars,
elixir,gold-silver,sell,1500,pokedollars,
elixir,red-blue,sell,0,pokedollars,
elixir,ruby-sapphire,sell,1500,pokedollars,
elixir,scarlet-violet,sell,750,pokedollars,
elixir,sun-moon,sell,1500,pokedollars,
elixir,sword-shield,sell,1500,pokedollars,
elixir,x-y,sell,1500,pokedollars,
energy-powder,crystal,buy,500,pokedollars,
energy-powder,crystal,sell,250,pokedollars,
energy-powder,gold-silver,buy,500,pokedollars,
energy-powder,gold-silver,sell,250,pokedollars,
energy-powder,scarlet-violet,buy,500,pokedollars,
energy-powder,scarlet-violet,sell,125,pokedollars,
energy-root,crystal,buy,800,pokedollars,
energy-root,crystal,sell,400,pokedollars,
energy-root,gold-silver,buy,800,pokedollars,
energy-root,gold-silver,sell,400,pokedollars,
energy-root,scarlet-violet,sell,300,pokedollars,
energy-root,scarlet-violet,buy,1200,pokedollars,
energy-root,sun-moon,sell,600,pokedollars,
energy-root,sun-moon,buy,1200,pokedollars,
energy-root,ultra-sun-ultra-moon,sell,600,pokedollars,
energy-root,ultra-sun-ultra-moon,buy,1200,pokedollars,
enigma-berry,emerald,sell,10,pokedollars,
enigma-berry,ruby-sapphire,sell,10,pokedollars,
enigma-berry,scarlet-violet,sell,20,pokedollars,
enigma-berry,sword-shield,sell,40,pokedollars,
eon-mail,crystal,sell,25,pokedollars,
eon-mail,gold-silver,sell,25,pokedollars,
escape-rope,gold-silver,buy,550,pokedollars,
escape-rope,gold-silver,sell,275,pokedollars,
escape-rope,lets-go-pikachu-lets-go-eevee,buy,300,pokedollars,
escape-rope,lets-go-pikachu-lets-go-eevee,sell,150,pokedollars,
escape-rope,red-blue,sell,275,pokedollars,
escape-rope,red-blue,buy,550,pokedollars,
escape-rope,sun-moon,buy,1000,pokedollars,
escape-rope,sun-moon,sell,500,pokedollars,
ether,black-2-white-2,buy,1500,pokedollars,
ether,crystal,sell,600,pokedollars,
ether,gold-silver,sell,600,pokedollars,
ether,red-blue,sell,0,pokedollars,
ether,scarlet-violet,sell,300,pokedollars,
ether,yellow,sell,0,pokedollars,
everstone,black-white,sell,100,pokedollars,Item maniac buys for 1000
everstone,diamond-pearl,sell,100,pokedollars,
everstone,gold-silver,sell,100,pokedollars,
everstone,ruby-sapphire,sell,100,pokedollars,
everstone,scarlet-violet,buy,3000,pokedollars,
everstone,scarlet-violet,sell,750,pokedollars,
everstone,sun-moon,sell,1500,pokedollars,
eviolite,black-white,sell,100,pokedollars,
eviolite,scarlet-violet,buy,50000,pokedollars,
eviolite,scarlet-violet,sell,12500,pokedollars,
eviolite,sun-moon,sell,2000,pokedollars,
eviolite,sword-shield,sell,2000,pokedollars,
eviolite,x-y,sell,100,pokedollars,
exercise-ball,scarlet-violet,buy,2000,pokedollars,
exercise-ball,scarlet-violet,sell,500,pokedollars,
exp-candy-l,legends-arceus,buy,18000,pokedollars,
exp-candy-l,legends-arceus,sell,4500,pokedollars,
exp-candy-l,scarlet-violet,sell,750,pokedollars,
exp-candy-l,sword-shield,sell,1500,pokedollars,
exp-candy-m,legends-arceus,buy,6000,pokedollars,
exp-candy-m,legends-arceus,sell,1500,pokedollars,
exp-candy-m,scarlet-violet,sell,250,pokedollars,
exp-candy-m,sword-shield,sell,500,pokedollars,
exp-candy-s,legends-arceus,buy,1600,pokedollars,
exp-candy-s,legends-arceus,sell,400,pokedollars,
exp-candy-s,scarlet-violet,sell,60,pokedollars,
exp-candy-s,sword-shield,sell,120,pokedollars,
exp-candy-xl,legends-arceus,sell,12500,pokedollars,
exp-candy-xl,legends-arceus,buy,50000,pokedollars,
exp-candy-xl,scarlet-violet,sell,2500,pokedollars,
exp-candy-xl,sword-shield,sell,5000,pokedollars,
exp-candy-xs,legends-za,sell,5,pokedollars,
exp-candy-xs,scarlet-violet,sell,5,pokedollars,
exp-candy-xs,sword-shield,sell,10,pokedollars,
exp-share,black-2-white-2,sell,1500,pokedollars,
exp-share,black-white,sell,1500,pokedollars,
exp-share,crystal,sell,1500,pokedollars,
exp-share,diamond-pearl,sell,1500,pokedollars,
exp-share,emerald,sell,1500,pokedollars,
exp-share,firered-leafgreen,sell,1500,pokedollars,
exp-share,gold-silver,sell,1500,pokedollars,
exp-share,heartgold-soulsilver,sell,1500,pokedollars,
exp-share,platinum,sell,1500,pokedollars,
exp-share,red-blue,sell,0,pokedollars,
exp-share,ruby-sapphire,sell,1500,pokedollars,
exp-share,yellow,sell,0,pokedollars,
expert-belt,black-2-white-2,sell,100,pokedollars,
expert-belt,black-white,sell,100,pokedollars,
expert-belt,brilliant-diamond-shining-pearl,sell,100,pokedollars,
expert-belt,diamond-pearl,sell,100,pokedollars,
expert-belt,heartgold-soulsilver,sell,100,pokedollars,
expert-belt,omega-ruby-alpha-sapphire,sell,100,pokedollars,
expert-belt,platinum,sell,100,pokedollars,
expert-belt,scarlet-violet,sell,7500,pokedollars,
expert-belt,scarlet-violet,buy,30000,pokedollars,
expert-belt,sun-moon,sell,2000,pokedollars,
expert-belt,sword-shield,sell,2000,pokedollars,
expert-belt,ultra-sun-ultra-moon,sell,2000,pokedollars,
expert-belt,x-y,sell,100,pokedollars,
fab-mail,emerald,sell,25,pokedollars,
fab-mail,firered-leafgreen,sell,25,pokedollars,
fab-mail,ruby-sapphire,sell,25,pokedollars,
fairy-feather,legends-za,buy,4980,pokedollars,
fairy-feather,legends-za,sell,750,pokedollars,
fairy-feather,scarlet-violet,sell,750,pokedollars,
fairy-gem,lets-go-pikachu-lets-go-eevee,sell,100,pokedollars,
fairy-gem,omega-ruby-alpha-sapphire,sell,100,pokedollars,
fairy-gem,sun-moon,sell,100,pokedollars,
fairy-gem,ultra-sun-ultra-moon,sell,100,pokedollars,
fairy-gem,x-y,sell,100,pokedollars,
fairy-memory,sun-moon,sell,500,pokedollars,
fairy-memory,sword-shield,sell,500,pokedollars,
fairy-memory,ultra-sun-ultra-moon,sell,500,pokedollars,
fairy-tera-shard,scarlet-violet,sell,500,pokedollars,
fancy-apple,sword-shield,buy,2200,pokedollars,
fancy-apple,sword-shield,sell,1100,pokedollars,
fast-ball,crystal,sell,150,pokedollars,
fast-ball,gold-silver,sell,150,pokedollars,
favored-mail,black-2-white-2,sell,25,pokedollars,
favored-mail,black-2-white-2,buy,50,pokedollars,
favored-mail,black-white,buy,50,pokedollars,
favored-mail,black-white,sell,25,pokedollars,
feather-ball,legends-arceus,buy,140,pokedollars,
feather-ball,legends-arceus,sell,35,pokedollars,
festival-ticket,lets-go-pikachu-lets-go-eevee,sell,5,pokedollars,
festival-ticket,sun-moon,sell,5,pokedollars,
festival-ticket,ultra-sun-ultra-moon,sell,5,pokedollars,
fiery-pick,scarlet-violet,buy,1200,pokedollars,
fiery-pick,scarlet-violet,sell,300,pokedollars,
fighting-gem,black-2-white-2,sell,100,pokedollars,
fighting-gem,black-white,sell,100,pokedollars,
fighting-gem,omega-ruby-alpha-sapphire,sell,100,pokedollars,
fighting-gem,sun-moon,sell,100,pokedollars,
fighting-gem,ultra-sun-ultra-moon,sell,100,pokedollars,
fighting-gem,x-y,sell,100,pokedollars,
fighting-memory,sun-moon,sell,500,pokedollars,
fighting-memory,sword-shield,sell,500,pokedollars,
fighting-memory,ultra-sun-ultra-moon,sell,500,pokedollars,
fighting-tera-shard,scarlet-violet,sell,500,pokedollars,
figy-berry,emerald,sell,10,pokedollars,
figy-berry,legends-arceus,sell,150,pokedollars,
figy-berry,ruby-sapphire,sell,10,pokedollars,
figy-berry,scarlet-violet,sell,20,pokedollars,
figy-berry,sword-shield,sell,40,pokedollars,
fine-remedy,legends-arceus,sell,75,pokedollars,
fire-gem,black-2-white-2,sell,100,pokedollars,
fire-gem,sun-moon,sell,100,pokedollars,
fire-gem,x-y,sell,100,pokedollars,
fire-memory,sun-moon,sell,500,pokedollars,
fire-memory,sword-shield,sell,500,pokedollars,
fire-memory,ultra-sun-ultra-moon,sell,500,pokedollars,
fire-pattern-cup,scarlet-violet,sell,200,pokedollars,
fire-pattern-cup,scarlet-violet,buy,800,pokedollars,
fire-stone,red-blue,sell,1050,pokedollars,
fire-stone,red-blue,buy,2100,pokedollars,
fire-stone,scarlet-violet,buy,3000,pokedollars,
fire-stone,scarlet-violet,sell,750,pokedollars,
fire-stone,sun-moon,buy,3000,pokedollars,
fire-stone,sun-moon,sell,1500,pokedollars,
fire-stone,x-y,buy,2100,pokedollars,
fire-stone,x-y,sell,1050,pokedollars,
fire-stone,yellow,sell,1050,pokedollars,
fire-stone,yellow,buy,2100,pokedollars,
fire-tera-shard,scarlet-violet,sell,500,pokedollars,
fist-plate,diamond-pearl,sell,500,pokedollars,
fist-plate,sun-moon,buy,10000,pokedollars,
fist-plate,sun-moon,sell,500,pokedollars,
flame-mail,diamond,buy,50,pokedollars,
flame-mail,diamond,sell,25,pokedollars,
flame-mail,heartgold-soulsilver,sell,25,pokedollars,
flame-mail,heartgold-soulsilver,buy,50,pokedollars,
flame-mail,pearl,buy,50,pokedollars,
flame-mail,pearl,sell,25,pokedollars,
flame-mail,platinum,buy,50,pokedollars,
flame-mail,platinum,sell,25,pokedollars,
flame-orb,black-2-white-2,sell,100,pokedollars,
flame-orb,black-white,sell,100,pokedollars,
flame-orb,brilliant-diamond-shining-pearl,sell,100,pokedollars,
flame-orb,diamond-pearl,sell,100,pokedollars,
flame-orb,heartgold-soulsilver,sell,100,pokedollars,
flame-orb,omega-ruby-alpha-sapphire,sell,100,pokedollars,
flame-orb,platinum,sell,100,pokedollars,
flame-orb,scarlet-violet,sell,3750,pokedollars,
flame-orb,scarlet-violet,buy,15000,pokedollars,
flame-orb,sun-moon,sell,2000,pokedollars,
flame-orb,sword-shield,sell,2000,pokedollars,
flame-orb,ultra-sun-ultra-moon,sell,2000,pokedollars,
flame-orb,x-y,sell,100,pokedollars,
flame-plate,black-white,sell,500,pokedollars,
flame-plate,brilliant-diamond-shining-pearl,sell,500,pokedollars,
flame-plate,diamond-pearl,sell,500,pokedollars,
flame-plate,sun-moon,sell,500,pokedollars,
flame-plate,x-y,sell,500,pokedollars,
float-stone,black-2-white-2,sell,100,pokedollars,
float-stone,black-white,sell,100,pokedollars,
float-stone,scarlet-violet,sell,2500,pokedollars,
float-stone,sun-moon,sell,2000,pokedollars,
float-stone,sword-shield,sell,2000,pokedollars,
float-stone,ultra-sun-ultra-moon,sell,2000,pokedollars,
flower-mail,crystal,sell,25,pokedollars,
flower-mail,crystal,buy,50,pokedollars,
flower-mail,gold-silver,buy,50,pokedollars,
flower-mail,gold-silver,sell,25,pokedollars,
flower-pattern-cup,scarlet-violet,buy,800,pokedollars,
flower-pattern-cup,scarlet-violet,sell,200,pokedollars,
flower-sweet,scarlet-violet,sell,250,pokedollars,
flower-sweet,sword-shield,sell,250,pokedollars,
fluffy-tail,black,buy,15000,pokedollars,
fluffy-tail,black,sell,500,pokedollars,
fluffy-tail,emerald,buy,1000,pokedollars,
fluffy-tail,emerald,sell,500,pokedollars,
fluffy-tail,omega-ruby-alpha-sapphire,buy,1000,pokedollars,
fluffy-tail,omega-ruby-alpha-sapphire,sell,500,pokedollars,
fluffy-tail,ruby-sapphire,buy,1000,pokedollars,
fluffy-tail,ruby-sapphire,sell,500,pokedollars,
fluffy-tail,sun-moon,sell,50,pokedollars,
fluffy-tail,ultra-sun-ultra-moon,sell,50,pokedollars,
flying-gem,black-2-white-2,sell,100,pokedollars,
flying-gem,black-white,sell,100,pokedollars,
flying-gem,omega-ruby-alpha-sapphire,sell,100,pokedollars,
flying-gem,sun-moon,sell,100,pokedollars,
flying-gem,ultra-sun-ultra-moon,sell,100,pokedollars,
flying-gem,x-y,sell,100,pokedollars,
flying-memory,sun-moon,sell,500,pokedollars,
flying-memory,sword-shield,sell,500,pokedollars,
flying-memory,ultra-sun-ultra-moon,sell,500,pokedollars,
flying-tera-shard,scarlet-violet,sell,500,pokedollars,
focus-band,black-2-white-2,sell,100,pokedollars,
focus-band,black-white,sell,100,pokedollars,
focus-band,crystal,sell,100,pokedollars,
focus-band,diamond-pearl,sell,100,pokedollars,
focus-band,emerald,sell,100,pokedollars,
focus-band,firered-leafgreen,sell,100,pokedollars,
focus-band,gold-silver,sell,100,pokedollars,
focus-band,legends-za,sell,750,pokedollars,
focus-band,platinum,sell,100,pokedollars,
focus-band,ruby-sapphire,sell,100,pokedollars,
focus-band,scarlet-violet,sell,2500,pokedollars,
focus-band,scarlet-violet,buy,10000,pokedollars,
focus-band,sun-moon,sell,2000,pokedollars,
focus-band,sword-shield,sell,2000,pokedollars,
focus-band,sword-shield,buy,3000,pokedollars,
focus-band,ultra-sun-ultra-moon,sell,2000,pokedollars,
focus-sash,black-2-white-2,sell,100,pokedollars,
focus-sash,black-white,sell,100,pokedollars,
focus-sash,brilliant-diamond-shining-pearl,sell,100,pokedollars,
focus-sash,diamond-pearl,sell,100,pokedollars,
focus-sash,heartgold-soulsilver,sell,100,pokedollars,
focus-sash,omega-ruby-alpha-sapphire,sell,100,pokedollars,
focus-sash,platinum,sell,100,pokedollars,
focus-sash,scarlet-violet,buy,50000,pokedollars,
focus-sash,scarlet-violet,sell,12500,pokedollars,
focus-sash,sun-moon,sell,2000,pokedollars,
focus-sash,sword-shield,sell,2000,pokedollars,
focus-sash,ultra-sun-ultra-moon,sell,2000,pokedollars,
focus-sash,x-y,sell,100,pokedollars,
fossilized-bird,sword-shield,sell,2500,pokedollars,
fossilized-dino,sword-shield,sell,2500,pokedollars,
fossilized-drake,sword-shield,sell,2500,pokedollars,
fossilized-fish,sword-shield,sell,2500,pokedollars,
fresh-cream,sword-shield,buy,950,pokedollars,
fresh-cream,sword-shield,sell,475,pokedollars,
fresh-start-mochi,scarlet-violet,sell,75,pokedollars,
fresh-water,red-blue,sell,100,pokedollars,
fresh-water,red-blue,buy,200,pokedollars,
fresh-water,scarlet-violet,buy,200,pokedollars,
fresh-water,x-y,buy,300,pokedollars,Standard price
fresh-water,yellow,buy,200,pokedollars,
fresh-water,yellow,sell,100,pokedollars,
fried-fillet,scarlet-violet,buy,360,pokedollars,
fried-fillet,scarlet-violet,sell,90,pokedollars,
fried-food,sword-shield,buy,150,pokedollars,
fried-food,sword-shield,sell,75,pokedollars,
friend-ball,black-2-white-2,sell,150,pokedollars,
friend-ball,black-white,sell,150,pokedollars,
friend-ball,crystal,sell,150,pokedollars,
friend-ball,gold-silver,sell,150,pokedollars,
friend-ball,heartgold-soulsilver,sell,150,pokedollars,
friend-ball,omega-ruby-alpha-sapphire,sell,150,pokedollars,
friend-ball,x-y,sell,150,pokedollars,
fruit-bunch,sword-shield,buy,2200,pokedollars,
fruit-bunch,sword-shield,sell,1100,pokedollars,
full-heal,legends-arceus,sell,150,pokedollars,
full-heal,legends-arceus,buy,600,pokedollars,
full-heal,legends-za,sell,50,pokedollars,
full-heal,legends-za,buy,200,pokedollars,
full-heal,red-blue,buy,600,pokedollars,
full-heal,red-blue,sell,300,pokedollars,
full-heal,scarlet-violet,sell,100,pokedollars,
full-heal,scarlet-violet,buy,400,pokedollars,
full-heal,sun-moon,sell,200,pokedollars,
full-heal,sun-moon,buy,400,pokedollars,
full-heal,ultra-sun-ultra-moon,sell,200,pokedollars,
full-heal,ultra-sun-ultra-moon,buy,400,pokedollars,
full-heal,yellow,sell,300,pokedollars,
full-heal,yellow,buy,600,pokedollars,
full-incense,black-2-white-2,sell,4800,pokedollars,
full-incense,black-2-white-2,buy,9600,pokedollars,
full-incense,black-white,sell,4800,pokedollars,
full-incense,black-white,buy,9600,pokedollars,
full-incense,diamond-pearl,sell,4800,pokedollars,
full-incense,heartgold-soulsilver,sell,4800,pokedollars,
full-incense,omega-ruby-alpha-sapphire,sell,4800,pokedollars,
full-incense,omega-ruby-alpha-sapphire,buy,9600,pokedollars,
full-incense,platinum,sell,4800,pokedollars,
full-incense,sun-moon,sell,2500,pokedollars,
full-incense,sun-moon,buy,5000,pokedollars,
full-incense,sword-shield,sell,2500,pokedollars,
full-incense,sword-shield,buy,5000,pokedollars,
full-incense,ultra-sun-ultra-moon,buy,5000,pokedollars,
full-incense,ultra-sun-ultra-moon,sell,2500,pokedollars,
full-incense,x-y,sell,4800,pokedollars,
full-incense,x-y,buy,9600,pokedollars,
full-restore,legends-arceus,sell,625,pokedollars,
full-restore,legends-arceus,buy,2500,pokedollars,
full-restore,legends-za,sell,375,pokedollars,
full-restore,legends-za,buy,1500,pokedollars,
full-restore,red-blue,sell,1500,pokedollars,
full-restore,red-blue,buy,3000,pokedollars,
full-restore,scarlet-violet,buy,3000,pokedollars,
full-restore,scarlet-violet,sell,750,pokedollars,
full-restore,yellow,buy,3000,pokedollars,
full-restore,yellow,sell,1500,pokedollars,
galarica-cuff,legends-za,sell,750,pokedollars,
galarica-cuff,scarlet-violet,sell,750,pokedollars,
galarica-cuff,sword-shield,sell,1500,pokedollars,
galarica-twig,scarlet-violet,sell,10,pokedollars,
galarica-twig,sword-shield,sell,10,pokedollars,
galarica-wreath,legends-za,sell,750,pokedollars,
galarica-wreath,sword-shield,sell,1500,pokedollars,
ganlon-berry,diamond-pearl,sell,10,pokedollars,
ganlon-berry,emerald,sell,10,pokedollars,
ganlon-berry,platinum,sell,10,pokedollars,
ganlon-berry,ruby-sapphire,sell,10,pokedollars,
ganlon-berry,scarlet-violet,sell,20,pokedollars,
ganlon-berry,sword-shield,sell,40,pokedollars,
garchompite,legends-za,buy,70000,pokedollars,
garchompite,omega-ruby-alpha-sapphire,buy,0,pokedollars,Not sold
garchompite,sun-moon,buy,0,pokedollars,Not sold
garchompite,ultra-sun-ultra-moon,buy,0,pokedollars,Not sold
garchompite,x-y,buy,0,pokedollars,Not sold
gengarite,legends-za,buy,50000,pokedollars,
gengarite,lets-go-pikachu-lets-go-eevee,buy,30000,pokedollars,
genius-feather,black-2-white-2,sell,1500,pokedollars,
genius-feather,black-white,sell,1500,pokedollars,
genius-feather,omega-ruby-alpha-sapphire,sell,1500,pokedollars,
genius-feather,scarlet-violet,sell,75,pokedollars,
genius-feather,sun-moon,sell,150,pokedollars,
genius-feather,sword-shield,sell,150,pokedollars,
genius-feather,ultra-sun-ultra-moon,sell,150,pokedollars,
genius-feather,x-y,sell,1500,pokedollars,
genius-mochi,scarlet-violet,sell,125,pokedollars,
genome-slate,brilliant-diamond-shining-pearl,buy,3,,Costs 3 Mysterious Shards S or 1 Mysterious Shard L
gentle-mint,legends-arceus,sell,500,pokedollars,
gentle-mint,scarlet-violet,buy,20000,pokedollars,
gentle-mint,scarlet-violet,sell,5000,pokedollars,
gentle-mint,sword-shield,sell,10,pokedollars,
ghost-gem,black-2-white-2,sell,100,pokedollars,
ghost-gem,black-white,sell,100,pokedollars,
ghost-gem,lets-go-pikachu-lets-go-eevee,sell,100,pokedollars,
ghost-gem,omega-ruby-alpha-sapphire,sell,100,pokedollars,
ghost-gem,sun-moon,sell,100,pokedollars,
ghost-gem,ultra-sun-ultra-moon,sell,100,pokedollars,
ghost-gem,x-y,sell,100,pokedollars,
ghost-memory,sun-moon,sell,500,pokedollars,
ghost-memory,sword-shield,sell,500,pokedollars,
ghost-memory,ultra-sun-ultra-moon,sell,500,pokedollars,
ghost-tera-shard,scarlet-violet,sell,500,pokedollars,
gigantamix,sword-shield,sell,7500,pokedollars,
gigaton-ball,legends-arceus,sell,160,pokedollars,
glitter-mail,emerald,sell,25,pokedollars,
glitter-mail,firered-leafgreen,sell,25,pokedollars,
glitter-mail,ruby-sapphire,sell,25,pokedollars,
gold-berry,crystal,sell,5,pokedollars,
gold-berry,gold-silver,sell,5,pokedollars,
gold-bottle,scarlet-violet,buy,30000,pokedollars,
gold-bottle,scarlet-violet,sell,7500,pokedollars,
gold-bottle-cap,brilliant-diamond-shining-pearl,sell,5000,pokedollars,
gold-bottle-cap,scarlet-violet,sell,15000,pokedollars,
gold-bottle-cap,sun-moon,sell,5000,pokedollars,
gold-bottle-cap,sword-shield,sell,5000,pokedollars,
gold-canari-plush-lv-1,legends-za,buy,3,,Cost is 3 Colorful Screws
gold-canari-plush-lv-2,legends-za,buy,5,,Cost is 5 Colorful Screws
gold-canari-plush-lv-3,legends-za,buy,8,,Cost is 8 Colorful Screws
gold-cup,scarlet-violet,buy,15000,pokedollars,
gold-cup,scarlet-violet,sell,3750,pokedollars,
gold-leaf,crystal,sell,1000,pokedollars,
gold-leaf,gold-silver,sell,1000,pokedollars,
gold-leaf,lets-go-pikachu-lets-go-eevee,sell,500,pokedollars,
gold-pick,scarlet-violet,buy,400,pokedollars,
gold-pick,scarlet-violet,sell,100,pokedollars,
golden-nanab-berry,lets-go-pikachu-lets-go-eevee,sell,2500,pokedollars,
golden-pinap-berry,lets-go-pikachu-lets-go-eevee,sell,2500,pokedollars,
golden-razz-berry,lets-go-pikachu-lets-go-eevee,sell,2500,pokedollars,
gooey-mulch,black-2-white-2,sell,100,pokedollars,Can be sold to the Mulch Maniac in Mistralton City for 1000
gooey-mulch,black-2-white-2,buy,400,pokedollars,
gooey-mulch,diamond-pearl,buy,200,pokedollars,
gooey-mulch,diamond-pearl,sell,100,pokedollars,
gooey-mulch,heartgold-soulsilver,buy,200,pokedollars,
gooey-mulch,heartgold-soulsilver,sell,100,pokedollars,
gooey-mulch,platinum,sell,100,pokedollars,
gooey-mulch,platinum,buy,200,pokedollars,
gorgeous-box,crystal,sell,5,pokedollars,
gorgeous-box,gold-silver,sell,5,pokedollars,
grain-cake,legends-arceus,buy,400,pokedollars,
grain-cake,legends-arceus,sell,100,pokedollars,
grass-gem,black-2-white-2,sell,100,pokedollars,
grass-gem,black-white,sell,100,pokedollars,
grass-gem,lets-go-pikachu-lets-go-eevee,sell,100,pokedollars,
grass-gem,omega-ruby-alpha-sapphire,sell,100,pokedollars,
grass-gem,sun-moon,sell,100,pokedollars,
grass-gem,ultra-sun-ultra-moon,sell,100,pokedollars,
grass-gem,x-y,sell,100,pokedollars,
grass-mail,diamond-pearl,sell,25,pokedollars,
grass-mail,diamond-pearl,buy,50,pokedollars,
grass-mail,heartgold-soulsilver,buy,50,pokedollars,
grass-mail,heartgold-soulsilver,sell,25,pokedollars,
grass-mail,platinum,buy,50,pokedollars,
grass-mail,platinum,sell,25,pokedollars,
grass-memory,sun-moon,sell,500,pokedollars,
grass-memory,sword-shield,sell,500,pokedollars,
grass-memory,ultra-sun-ultra-moon,sell,500,pokedollars,
grass-tera-shard,scarlet-violet,sell,500,pokedollars,
grassy-seed,scarlet-violet,sell,5000,pokedollars,
grassy-seed,scarlet-violet,buy,20000,pokedollars,
grassy-seed,sun-moon,sell,2000,pokedollars,
grassy-seed,sword-shield,sell,2000,pokedollars,
grassy-seed,ultra-sun-ultra-moon,sell,2000,pokedollars,
great-ball,legends-za,sell,75,pokedollars,
great-ball,legends-za,buy,300,pokedollars,
great-ball,lets-go-pikachu-lets-go-eevee,buy,300,pokedollars,
great-ball,lets-go-pikachu-lets-go-eevee,sell,150,pokedollars,
great-ball,red-blue,buy,600,pokedollars,
great-ball,red-blue,sell,300,pokedollars,
great-ball,scarlet-violet,buy,600,pokedollars,
great-ball,scarlet-violet,sell,150,pokedollars,
great-ball-hisuian,legends-arceus,sell,75,pokedollars,
great-ball-hisuian,legends-arceus,buy,300,pokedollars,
green-apricorn,black-2-white-2,sell,10,pokedollars,
green-apricorn,black-white,sell,10,pokedollars,
green-apricorn,crystal,sell,100,pokedollars,
green-apricorn,gold-silver,sell,100,pokedollars,
green-apricorn,lets-go-pikachu-lets-go-eevee,sell,10,pokedollars,
green-apricorn,omega-ruby-alpha-sapphire,sell,10,pokedollars,
green-apricorn,scarlet-violet,sell,50,pokedollars,
green-apricorn,sun-moon,sell,10,pokedollars,
green-apricorn,ultra-sun-ultra-moon,sell,10,pokedollars,
green-apricorn,x-y,sell,10,pokedollars,
green-bell-pepper,scarlet-violet,buy,230,pokedollars,
green-bell-pepper,scarlet-violet,sell,57,pokedollars,
green-canari-plush-lv-1,legends-za,buy,3,,Cost in Colorful Screws
green-canari-plush-lv-2,legends-za,buy,5,,Cost in Colorful Screws
green-canari-plush-lv-3,legends-za,buy,8,,Cost in Colorful Screws
green-poke-ball-pick,scarlet-violet,buy,200,pokedollars,
green-poke-ball-pick,scarlet-violet,sell,50,pokedollars,
green-scarf,omega-ruby-alpha-sapphire,sell,50,pokedollars,
green-shard,black-2-white-2,sell,100,pokedollars,
green-shard,black-white,buy,3000,pokedollars,
green-shard,brilliant-diamond-shining-pearl,sell,100,pokedollars,
green-shard,diamond-pearl,sell,100,pokedollars,
green-shard,emerald,sell,100,pokedollars,
green-shard,firered-leafgreen,sell,100,pokedollars,
green-shard,heartgold-soulsilver,sell,100,pokedollars,
green-shard,legends-arceus,sell,150,pokedollars,
green-shard,omega-ruby-alpha-sapphire,sell,100,pokedollars,
green-shard,platinum,sell,100,pokedollars,
green-shard,ruby-sapphire,sell,100,pokedollars,
green-shard,sun-moon,sell,500,pokedollars,
green-shard,ultra-sun-ultra-moon,sell,500,pokedollars,
green-shard,x-y,sell,100,pokedollars,
greet-mail,black-2-white-2,sell,25,pokedollars,
greet-mail,black-2-white-2,buy,50,pokedollars,
greet-mail,black-white,buy,50,pokedollars,
greet-mail,black-white,sell,25,pokedollars,
grepa-berry,emerald,sell,10,pokedollars,
grepa-berry,firered-leafgreen,sell,10,pokedollars,
grepa-berry,ruby-sapphire,sell,10,pokedollars,
grepa-berry,scarlet-violet,sell,20,pokedollars,
grepa-berry,sword-shield,sell,40,pokedollars,
grip-claw,black-2-white-2,sell,100,pokedollars,
grip-claw,black-white,sell,100,pokedollars,
grip-claw,diamond-pearl,sell,100,pokedollars,
grip-claw,heartgold-soulsilver,sell,100,pokedollars,
grip-claw,omega-ruby-alpha-sapphire,sell,100,pokedollars,
grip-claw,platinum,sell,100,pokedollars,
grip-claw,scarlet-violet,buy,10000,pokedollars,
grip-claw,scarlet-violet,sell,2500,pokedollars,
grip-claw,sun-moon,sell,2000,pokedollars,
grip-claw,sword-shield,sell,2000,pokedollars,
grip-claw,ultra-sun-ultra-moon,sell,2000,pokedollars,
grip-claw,x-y,sell,100,pokedollars,
griseous-orb,black-2-white-2,sell,5000,pokedollars,
griseous-orb,black-white,sell,5000,pokedollars,
griseous-orb,brilliant-diamond-shining-pearl,sell,5000,pokedollars,
griseous-orb,heartgold-soulsilver,sell,5000,pokedollars,
griseous-orb,omega-ruby-alpha-sapphire,sell,5000,pokedollars,
griseous-orb,platinum,sell,5000,pokedollars,
griseous-orb,sun-moon,buy,10000,pokedollars,
griseous-orb,sword-shield,sell,5000,pokedollars,
griseous-orb,ultra-sun-ultra-moon,buy,10000,pokedollars,
griseous-orb,x-y,sell,5000,pokedollars,
grit-dust,legends-arceus,sell,50,pokedollars,
grit-gravel,legends-arceus,sell,200,pokedollars,
grit-pebble,legends-arceus,sell,800,pokedollars,
grit-rock,legends-arceus,sell,3000,pokedollars,
ground-gem,black-2-white-2,sell,100,pokedollars,
ground-gem,black-white,sell,100,pokedollars,
ground-gem,lets-go-pikachu-lets-go-eevee,sell,100,pokedollars,
ground-gem,omega-ruby-alpha-sapphire,sell,100,pokedollars,
ground-gem,sun-moon,sell,100,pokedollars,
ground-gem,ultra-sun-ultra-moon,sell,100,pokedollars,
ground-gem,x-y,sell,100,pokedollars,
ground-memory,sun-moon,sell,500,pokedollars,
ground-memory,sword-shield,sell,500,pokedollars,
ground-memory,ultra-sun-ultra-moon,sell,500,pokedollars,
ground-tera-shard,scarlet-violet,sell,500,pokedollars,
growth-mulch,black-2-white-2,buy,400,pokedollars,
growth-mulch,black-2-white-2,sell,100,pokedollars,Can be sold to the mulch maniac in Mistralton City for 1000 Poké Dollars
growth-mulch,black-white,sell,100,pokedollars,
growth-mulch,diamond-pearl,buy,200,pokedollars,
growth-mulch,diamond-pearl,sell,100,pokedollars,
growth-mulch,heartgold-soulsilver,buy,200,pokedollars,
growth-mulch,heartgold-soulsilver,sell,100,pokedollars,
growth-mulch,omega-ruby-alpha-sapphire,sell,100,pokedollars,
growth-mulch,platinum,buy,200,pokedollars,
growth-mulch,platinum,sell,100,pokedollars,
growth-mulch,sun-moon,sell,100,pokedollars,
growth-mulch,ultra-sun-ultra-moon,sell,100,pokedollars,
growth-mulch,x-y,sell,100,pokedollars,
guard-spec,red-blue,sell,350,pokedollars,
guard-spec,red-blue,buy,700,pokedollars,
guard-spec,scarlet-violet,sell,375,pokedollars,
guard-spec,scarlet-violet,buy,1500,pokedollars,
guard-spec,sun-moon,sell,750,pokedollars,
guard-spec,sun-moon,buy,1500,pokedollars,
guard-spec,ultra-sun-ultra-moon,sell,750,pokedollars,
guard-spec,ultra-sun-ultra-moon,buy,1500,pokedollars,
guard-spec,yellow,buy,700,pokedollars,
guard-spec,yellow,sell,350,pokedollars,
gyaradosite,lets-go-eevee,buy,30000,pokedollars,
gyaradosite,lets-go-pikachu,buy,30000,pokedollars,
haban-berry,black-2-white-2,sell,10,pokedollars,Can be sold for 20 to Gourmet Maniac in Generation V
haban-berry,black-white,sell,10,pokedollars,Can be sold for 20 to Gourmet Maniac in Generation V
haban-berry,brilliant-diamond-shining-pearl,sell,10,pokedollars,
haban-berry,diamond-pearl,sell,10,pokedollars,
haban-berry,heartgold-soulsilver,sell,10,pokedollars,
haban-berry,omega-ruby-alpha-sapphire,sell,10,pokedollars,
haban-berry,platinum,sell,10,pokedollars,
haban-berry,scarlet-violet,sell,20,pokedollars,
haban-berry,sun-moon,sell,10,pokedollars,
haban-berry,sword-shield,sell,40,pokedollars,
haban-berry,ultra-sun-ultra-moon,sell,10,pokedollars,
haban-berry,x-y,sell,10,pokedollars,
ham,scarlet-violet,buy,170,pokedollars,
ham,scarlet-violet,sell,42,pokedollars,
hamburger,scarlet-violet,sell,95,pokedollars,
hamburger,scarlet-violet,buy,380,pokedollars,
harbor-mail,emerald,sell,25,pokedollars,
harbor-mail,emerald,buy,50,pokedollars,
harbor-mail,firered-leafgreen,sell,25,pokedollars,Not purchasable
harbor-mail,ruby-sapphire,buy,50,pokedollars,
harbor-mail,ruby-sapphire,sell,25,pokedollars,
hard-stone,crystal,sell,50,pokedollars,
hard-stone,gold-silver,sell,50,pokedollars,
hard-stone,scarlet-violet,buy,3000,pokedollars,
hard-stone,scarlet-violet,sell,750,pokedollars,
hard-stone,sun-moon,sell,500,pokedollars,
hard-stone,ultra-sun-ultra-moon,sell,500,pokedollars,
hasty-mint,brilliant-diamond-shining-pearl,sell,10,pokedollars,
hasty-mint,legends-arceus,sell,500,pokedollars,
hasty-mint,scarlet-violet,buy,20000,pokedollars,
hasty-mint,scarlet-violet,sell,5000,pokedollars,
hasty-mint,sword-shield,sell,10,pokedollars,
heal-ball,black-2-white-2,sell,150,pokedollars,
heal-ball,black-2-white-2,buy,300,pokedollars,
heal-ball,black-white,sell,150,pokedollars,
heal-ball,black-white,buy,300,pokedollars,
heal-ball,brilliant-diamond-shining-pearl,sell,150,pokedollars,
heal-ball,brilliant-diamond-shining-pearl,buy,300,pokedollars,
heal-ball,diamond-pearl,buy,300,pokedollars,
heal-ball,diamond-pearl,sell,150,pokedollars,
heal-ball,legends-za,sell,75,pokedollars,
heal-ball,legends-za,buy,300,pokedollars,
heal-ball,omega-ruby-alpha-sapphire,sell,150,pokedollars,
heal-ball,omega-ruby-alpha-sapphire,buy,300,pokedollars,
heal-ball,platinum,buy,300,pokedollars,
heal-ball,platinum,sell,150,pokedollars,
heal-ball,scarlet-violet,sell,75,pokedollars,
heal-ball,scarlet-violet,buy,300,pokedollars,
heal-ball,sun-moon,sell,150,pokedollars,
heal-ball,sun-moon,buy,300,pokedollars,
heal-ball,sword-shield,sell,150,pokedollars,
heal-ball,sword-shield,buy,300,pokedollars,
heal-ball,ultra-sun-ultra-moon,sell,150,pokedollars,
heal-ball,ultra-sun-ultra-moon,buy,300,pokedollars,
heal-ball,x-y,sell,150,pokedollars,
heal-ball,x-y,buy,300,pokedollars,
heal-powder,crystal,sell,225,pokedollars,
heal-powder,crystal,buy,450,pokedollars,
heal-powder,gold-silver,sell,225,pokedollars,
heal-powder,gold-silver,buy,450,pokedollars,
heal-powder,scarlet-violet,sell,75,pokedollars,
heal-powder,scarlet-violet,buy,300,pokedollars,
heal-powder,sun-moon,sell,150,pokedollars,
heal-powder,sun-moon,buy,300,pokedollars,
heal-powder,ultra-sun-ultra-moon,sell,150,pokedollars,
heal-powder,ultra-sun-ultra-moon,buy,300,pokedollars,
health-candy,lets-go-pikachu-lets-go-eevee,sell,10,pokedollars,
health-candy-l,lets-go-pikachu-lets-go-eevee,sell,10,pokedollars,
health-candy-xl,lets-go-pikachu-lets-go-eevee,sell,10,pokedollars,
health-feather,black-white,sell,1500,pokedollars,
health-feather,omega-ruby-alpha-sapphire,sell,1500,pokedollars,
health-feather,scarlet-violet,sell,75,pokedollars,
health-feather,sun-moon,sell,150,pokedollars,
health-feather,sword-shield,sell,150,pokedollars,
health-feather,ultra-sun-ultra-moon,sell,150,pokedollars,
health-feather,x-y,sell,1500,pokedollars,
health-mochi,scarlet-violet,sell,125,pokedollars,
heart-mail,diamond-pearl,sell,25,pokedollars,
heart-mail,diamond-pearl,buy,50,pokedollars,
heart-mail,heartgold-soulsilver,buy,50,pokedollars,
heart-mail,heartgold-soulsilver,sell,25,pokedollars,
heart-mail,platinum,buy,50,pokedollars,
heart-mail,platinum,sell,25,pokedollars,
heart-scale,black,buy,10000,pokedollars,
heart-scale,diamond-pearl,sell,50,pokedollars,
heart-scale,emerald,sell,50,pokedollars,
heart-scale,lets-go-pikachu-lets-go-eevee,sell,50,pokedollars,
heart-scale,platinum,sell,50,pokedollars,
heart-scale,ruby-sapphire,sell,50,pokedollars,
heart-scale,x-y,sell,50,pokedollars,
hearty-grains,legends-arceus,buy,200,pokedollars,
hearty-grains,legends-arceus,sell,50,pokedollars,
heat-rock,black-2-white-2,sell,100,pokedollars,
heat-rock,black-white,sell,100,pokedollars,
heat-rock,brilliant-diamond-shining-pearl,sell,100,pokedollars,
heat-rock,diamond-pearl,sell,100,pokedollars,
heat-rock,heartgold-soulsilver,sell,100,pokedollars,
heat-rock,omega-ruby-alpha-sapphire,sell,100,pokedollars,
heat-rock,platinum,sell,100,pokedollars,
heat-rock,scarlet-violet,buy,8000,pokedollars,
heat-rock,scarlet-violet,sell,2000,pokedollars,
heat-rock,sun-moon,sell,2000,pokedollars,
heat-rock,sword-shield,sell,2000,pokedollars,
heat-rock,ultra-sun-ultra-moon,sell,2000,pokedollars,
heat-rock,x-y,sell,100,pokedollars,
heavy-ball,black-2-white-2,sell,150,pokedollars,
heavy-ball,black-white,sell,150,pokedollars,
heavy-ball,crystal,sell,150,pokedollars,
heavy-ball,gold-silver,sell,150,pokedollars,
heavy-ball,heartgold-soulsilver,sell,150,pokedollars,
heavy-ball,legends-arceus,buy,120,pokedollars,
heavy-ball,legends-arceus,sell,30,pokedollars,
heavy-ball,omega-ruby-alpha-sapphire,sell,150,pokedollars,
heavy-ball,x-y,sell,150,pokedollars,
heavy-duty-boots,scarlet-violet,buy,20000,pokedollars,
heavy-duty-boots,scarlet-violet,sell,5000,pokedollars,
heavy-duty-boots,sword-shield,sell,2000,pokedollars,
helix-fossil,diamond-pearl,sell,500,pokedollars,
helix-fossil,sun-moon,sell,3500,pokedollars,
helix-fossil,ultra-sun-ultra-moon,buy,7000,pokedollars,
herbed-sausage,scarlet-violet,sell,100,pokedollars,
herbed-sausage,scarlet-violet,buy,400,pokedollars,
heroic-sword-pick,scarlet-violet,buy,2000,pokedollars,
heroic-sword-pick,scarlet-violet,sell,500,pokedollars,
hondew-berry,emerald,sell,10,pokedollars,
hondew-berry,ruby-sapphire,sell,10,pokedollars,
hondew-berry,scarlet-violet,sell,20,pokedollars,
hondew-berry,sword-shield,sell,40,pokedollars,
honey,black-2-white-2,buy,3600,pokedollars,Marked with asterisk in source
honey,black-2-white-2,sell,50,pokedollars,
honey,diamond-pearl,buy,100,pokedollars,
honey,diamond-pearl,sell,50,pokedollars,
honey,platinum,buy,100,pokedollars,
honey,platinum,sell,50,pokedollars,
honey,scarlet-violet,sell,225,pokedollars,
honey,sun-moon,buy,300,pokedollars,
honey,sun-moon,sell,150,pokedollars,
honey,sword-shield,sell,450,pokedollars,
honey-cake,legends-arceus,buy,400,pokedollars,
honey-cake,legends-arceus,sell,100,pokedollars,
hopo-berry,legends-arceus,buy,300,pokedollars,
hopo-berry,legends-arceus,sell,75,pokedollars,
horseradish,scarlet-violet,buy,410,pokedollars,
horseradish,scarlet-violet,sell,102,pokedollars,
hp-up,legends-za,buy,5000,pokedollars,
hp-up,legends-za,sell,1250,pokedollars,
hp-up,red-blue,buy,9800,pokedollars,
hp-up,red-blue,sell,4900,pokedollars,
hp-up,scarlet-violet,buy,10000,pokedollars,
hp-up,scarlet-violet,sell,2500,pokedollars,
hp-up,sun-moon,buy,10000,pokedollars,
hp-up,sun-moon,sell,5000,pokedollars,
hyper-aspear-berry,legends-za,sell,10,pokedollars,
hyper-babiri-berry,legends-za,sell,10,pokedollars,
hyper-charti-berry,legends-za,sell,10,pokedollars,
hyper-cheri-berry,legends-za,sell,10,pokedollars,
hyper-chesto-berry,legends-za,sell,10,pokedollars,
hyper-chilan-berry,legends-za,sell,10,pokedollars,
hyper-chople-berry,legends-za,sell,10,pokedollars,
hyper-coba-berry,legends-za,sell,10,pokedollars,
hyper-colbur-berry,legends-za,sell,10,pokedollars,
hyper-grepa-berry,legends-za,sell,10,pokedollars,
hyper-haban-berry,legends-za,sell,10,pokedollars,
hyper-hondew-berry,legends-za,sell,10,pokedollars,
hyper-kasib-berry,legends-za,sell,10,pokedollars,
hyper-kebia-berry,legends-za,sell,10,pokedollars,
hyper-kelpsy-berry,legends-za,sell,10,pokedollars,
hyper-lum-berry,legends-za,sell,10,pokedollars,
hyper-occa-berry,legends-za,sell,10,pokedollars,
hyper-oran-berry,legends-za,sell,10,pokedollars,
hyper-passho-berry,legends-za,sell,10,pokedollars,
hyper-payapa-berry,legends-za,sell,10,pokedollars,
hyper-pecha-berry,legends-za,sell,10,pokedollars,
hyper-persim-berry,legends-za,sell,10,pokedollars,
hyper-pomeg-berry,legends-za,sell,10,pokedollars,
hyper-potion,crystal,buy,1200,pokedollars,
hyper-potion,crystal,sell,600,pokedollars,
hyper-potion,gold-silver,sell,600,pokedollars,
hyper-potion,gold-silver,buy,1200,pokedollars,
hyper-potion,legends-arceus,buy,800,pokedollars,
hyper-potion,legends-arceus,sell,200,pokedollars,
hyper-potion,red-blue,sell,750,pokedollars,
hyper-potion,red-blue,buy,1500,pokedollars,
hyper-potion,scarlet-violet,buy,1500,pokedollars,
hyper-potion,scarlet-violet,sell,375,pokedollars,
hyper-potion,yellow,buy,1500,pokedollars,
hyper-potion,yellow,sell,750,pokedollars,
hyper-qualot-berry,legends-za,sell,10,pokedollars,
hyper-rawst-berry,legends-za,sell,10,pokedollars,
hyper-rindo-berry,legends-za,sell,10,pokedollars,
hyper-roseli-berry,legends-za,sell,10,pokedollars,
hyper-shuca-berry,legends-za,sell,10,pokedollars,
hyper-sitrus-berry,legends-za,sell,10,pokedollars,
hyper-tamato-berry,legends-za,sell,10,pokedollars,
hyper-tanga-berry,legends-za,sell,10,pokedollars,
hyper-wacan-berry,legends-za,sell,10,pokedollars,
hyper-yache-berry,legends-za,sell,10,pokedollars,
iapapa-berry,black-2-white-2,sell,10,pokedollars,
iapapa-berry,black-white,sell,10,pokedollars,
iapapa-berry,brilliant-diamond-shining-pearl,sell,10,pokedollars,
iapapa-berry,diamond-pearl,sell,10,pokedollars,
iapapa-berry,emerald,sell,10,pokedollars,
iapapa-berry,firered-leafgreen,sell,10,pokedollars,
iapapa-berry,heartgold-soulsilver,sell,10,pokedollars,
iapapa-berry,legends-arceus,sell,150,pokedollars,
iapapa-berry,omega-ruby-alpha-sapphire,sell,10,pokedollars,
iapapa-berry,platinum,sell,10,pokedollars,
iapapa-berry,ruby-sapphire,sell,10,pokedollars,
iapapa-berry,scarlet-violet,sell,20,pokedollars,
iapapa-berry,sun-moon,sell,10,pokedollars,
iapapa-berry,sword-shield,sell,40,pokedollars,
iapapa-berry,ultra-sun-ultra-moon,sell,10,pokedollars,
iapapa-berry,x-y,sell,10,pokedollars,
ice-berry,crystal,sell,5,pokedollars,
ice-berry,gold-silver,sell,5,pokedollars,
ice-gem,black-2-white-2,sell,100,pokedollars,
ice-gem,black-white,sell,100,pokedollars,
ice-gem,lets-go-pikachu-lets-go-eevee,sell,100,pokedollars,
ice-gem,omega-ruby-alpha-sapphire,sell,100,pokedollars,
ice-gem,sun-moon,sell,100,pokedollars,
ice-gem,ultra-sun-ultra-moon,sell,100,pokedollars,
ice-gem,x-y,sell,100,pokedollars,
ice-heal,legends-za,sell,25,pokedollars,
ice-heal,legends-za,buy,100,pokedollars,
ice-heal,red-blue,buy,250,pokedollars,
ice-heal,red-blue,sell,125,pokedollars,
ice-heal,scarlet-violet,buy,200,pokedollars,
ice-heal,scarlet-violet,sell,50,pokedollars,
ice-heal,sun-moon,sell,50,pokedollars,
ice-heal,sun-moon,buy,100,pokedollars,
ice-heal,sword-shield,buy,200,pokedollars,
ice-heal,sword-shield,sell,100,pokedollars,
ice-heal,ultra-sun-ultra-moon,sell,50,pokedollars,
ice-heal,ultra-sun-ultra-moon,buy,100,pokedollars,
ice-heal,yellow,buy,250,pokedollars,
ice-heal,yellow,sell,125,pokedollars,
ice-memory,sun-moon,sell,500,pokedollars,
ice-memory,sword-shield,sell,500,pokedollars,
ice-memory,ultra-sun-ultra-moon,sell,500,pokedollars,
ice-stone,legends-arceus,sell,750,pokedollars,
ice-stone,legends-za,sell,750,pokedollars,
ice-stone,legends-za,buy,3000,pokedollars,
ice-stone,lets-go-pikachu-lets-go-eevee,buy,5000,pokedollars,
ice-stone,lets-go-pikachu-lets-go-eevee,sell,2500,pokedollars,
ice-stone,sun-moon,sell,1500,pokedollars,
ice-tera-shard,scarlet-violet,sell,500,pokedollars,
icicle-plate,black-2-white-2,sell,500,pokedollars,
icicle-plate,black-white,sell,500,pokedollars,
icicle-plate,brilliant-diamond-shining-pearl,sell,500,pokedollars,
icicle-plate,diamond-pearl,sell,500,pokedollars,
icicle-plate,heartgold-soulsilver,sell,500,pokedollars,
icicle-plate,omega-ruby-alpha-sapphire,sell,500,pokedollars,
icicle-plate,platinum,sell,500,pokedollars,
icicle-plate,sun-moon,sell,500,pokedollars,
icicle-plate,ultra-sun-ultra-moon,sell,500,pokedollars,
icicle-plate,x-y,sell,500,pokedollars,
icy-rock,black-2-white-2,sell,100,pokedollars,
icy-rock,black-white,sell,100,pokedollars,
icy-rock,brilliant-diamond-shining-pearl,sell,100,pokedollars,
icy-rock,diamond-pearl,sell,100,pokedollars,
icy-rock,heartgold-soulsilver,sell,100,pokedollars,
icy-rock,omega-ruby-alpha-sapphire,sell,100,pokedollars,
icy-rock,platinum,sell,100,pokedollars,
icy-rock,scarlet-violet,buy,8000,pokedollars,
icy-rock,scarlet-violet,sell,2000,pokedollars,
icy-rock,sun-moon,sell,2000,pokedollars,
icy-rock,sword-shield,sell,2000,pokedollars,
icy-rock,ultra-sun-ultra-moon,sell,2000,pokedollars,
icy-rock,x-y,sell,100,pokedollars,
impish-mint,brilliant-diamond-shining-pearl,sell,10,pokedollars,
impish-mint,legends-arceus,sell,500,pokedollars,
impish-mint,scarlet-violet,sell,5000,pokedollars,
impish-mint,scarlet-violet,buy,20000,pokedollars,
impish-mint,sword-shield,sell,10,pokedollars,
inquiry-mail,black-2-white-2,buy,50,pokedollars,
inquiry-mail,black-2-white-2,sell,25,pokedollars,
inquiry-mail,black-white,buy,50,pokedollars,
inquiry-mail,black-white,sell,25,pokedollars,
insect-plate,black-2-white-2,sell,500,pokedollars,
insect-plate,black-white,sell,500,pokedollars,
insect-plate,brilliant-diamond-shining-pearl,sell,500,pokedollars,
insect-plate,diamond-pearl,sell,500,pokedollars,
insect-plate,heartgold-soulsilver,sell,500,pokedollars,
insect-plate,omega-ruby-alpha-sapphire,sell,500,pokedollars,
insect-plate,platinum,sell,500,pokedollars,
insect-plate,sun-moon,sell,500,pokedollars,
insect-plate,ultra-sun-ultra-moon,sell,500,pokedollars,
insect-plate,x-y,sell,500,pokedollars,
instant-noodles,sword-shield,buy,150,pokedollars,
instant-noodles,sword-shield,sell,75,pokedollars,
iron,red-blue,buy,9800,pokedollars,
iron,red-blue,sell,4900,pokedollars,
iron,scarlet-violet,buy,10000,pokedollars,
iron,scarlet-violet,sell,2500,pokedollars,
iron,sun-moon,buy,10000,pokedollars,
iron,sun-moon,sell,5000,pokedollars,
iron-ball,diamond-pearl,sell,100,pokedollars,
iron-ball,platinum,sell,100,pokedollars,
iron-ball,scarlet-violet,sell,5000,pokedollars,
iron-ball,scarlet-violet,buy,20000,pokedollars,
iron-ball,sun-moon,sell,2000,pokedollars,
iron-ball,ultra-sun-ultra-moon,sell,2000,pokedollars,
iron-barktongue,legends-arceus,buy,240,pokedollars,
iron-barktongue,legends-arceus,sell,60,pokedollars,
iron-chunk,legends-arceus,buy,200,pokedollars,
iron-chunk,legends-arceus,sell,50,pokedollars,
iron-plate,black-2-white-2,sell,500,pokedollars,
iron-plate,black-white,sell,500,pokedollars,
iron-plate,brilliant-diamond-shining-pearl,sell,500,pokedollars,
iron-plate,diamond-pearl,sell,500,pokedollars,
iron-plate,heartgold-soulsilver,sell,500,pokedollars,
iron-plate,omega-ruby-alpha-sapphire,sell,500,pokedollars,
iron-plate,platinum,sell,500,pokedollars,
iron-plate,sun-moon,buy,10000,pokedollars,
iron-plate,sun-moon,sell,500,pokedollars,
iron-plate,ultra-sun-ultra-moon,buy,10000,pokedollars,
iron-plate,ultra-sun-ultra-moon,sell,500,pokedollars,
iron-plate,x-y,sell,500,pokedollars,
jaboca-berry,black-2-white-2,sell,10,pokedollars,
jaboca-berry,black-white,sell,10,pokedollars,
jaboca-berry,brilliant-diamond-shining-pearl,sell,10,pokedollars,
jaboca-berry,diamond-pearl,sell,10,pokedollars,
jaboca-berry,heartgold-soulsilver,sell,10,pokedollars,
jaboca-berry,omega-ruby-alpha-sapphire,sell,10,pokedollars,
jaboca-berry,platinum,sell,10,pokedollars,
jaboca-berry,scarlet-violet,sell,20,pokedollars,
jaboca-berry,sword-shield,sell,40,pokedollars,
jaboca-berry,x-y,sell,10,pokedollars,
jalapeno,scarlet-violet,buy,220,pokedollars,
jalapeno,scarlet-violet,sell,55,pokedollars,
jam,scarlet-violet,buy,120,pokedollars,
jam,scarlet-violet,sell,30,pokedollars,
jaw-fossil,legends-za,sell,10000,pokedollars,
jaw-fossil,legends-za,buy,20000,pokedollars,
jaw-fossil,sun-moon,sell,3500,pokedollars,
jaw-fossil,ultra-sun-ultra-moon,sell,3500,pokedollars,
jaw-fossil,ultra-sun-ultra-moon,buy,7000,pokedollars,
jaw-fossil,x-y,sell,500,pokedollars,
jet-ball,legends-arceus,sell,170,pokedollars,
johto-slate,brilliant-diamond,buy,3,,Requires 3 Mysterious Shards S or 1 Mysterious Shard L
jolly-mint,brilliant-diamond-shining-pearl,sell,10,pokedollars,
jolly-mint,legends-arceus,sell,500,pokedollars,
jolly-mint,scarlet-violet,sell,5000,pokedollars,
jolly-mint,scarlet-violet,buy,20000,pokedollars,
jolly-mint,sword-shield,sell,10,pokedollars,
jubilife-muffin,legends-arceus,sell,125,pokedollars,
kangaskhanite,legends-za,buy,70000,pokedollars,
kangaskhanite,lets-go-pikachu-lets-go-eevee,buy,30000,pokedollars,
kanto-slate,brilliant-diamond-shining-pearl,buy,,,Costs 3 Mysterious Shards S or 1 Mysterious Shard L.
kasib-berry,diamond-pearl,sell,10,pokedollars,
kasib-berry,scarlet-violet,sell,20,pokedollars,
kasib-berry,sword-shield,sell,40,pokedollars,
kebia-berry,diamond-pearl,sell,10,pokedollars,
kebia-berry,platinum,sell,10,pokedollars,
kebia-berry,scarlet-violet,sell,20,pokedollars,
kebia-berry,sword-shield,sell,40,pokedollars,
kee-berry,omega-ruby-alpha-sapphire,sell,10,pokedollars,
kee-berry,scarlet-violet,sell,20,pokedollars,
kee-berry,sun-moon,sell,10,pokedollars,
kee-berry,sword-shield,sell,40,pokedollars,
kee-berry,ultra-sun-ultra-moon,sell,10,pokedollars,
kee-berry,x-y,sell,10,pokedollars,
kelpsy-berry,black-2-white-2,sell,10,pokedollars,
kelpsy-berry,black-white,sell,10,pokedollars,
kelpsy-berry,brilliant-diamond-shining-pearl,sell,10,pokedollars,
kelpsy-berry,diamond-pearl,sell,10,pokedollars,
kelpsy-berry,emerald,sell,10,pokedollars,
kelpsy-berry,firered-leafgreen,sell,10,pokedollars,
kelpsy-berry,heartgold-soulsilver,sell,10,pokedollars,
kelpsy-berry,omega-ruby-alpha-sapphire,sell,10,pokedollars,
kelpsy-berry,platinum,sell,10,pokedollars,
kelpsy-berry,ruby-sapphire,sell,10,pokedollars,
kelpsy-berry,scarlet-violet,sell,20,pokedollars,
kelpsy-berry,sun-moon,sell,10,pokedollars,
kelpsy-berry,sword-shield,sell,40,pokedollars,
kelpsy-berry,ultra-sun-ultra-moon,sell,10,pokedollars,
kelpsy-berry,x-y,sell,10,pokedollars,
ketchup,scarlet-violet,buy,110,pokedollars,
ketchup,scarlet-violet,sell,27,pokedollars,
kings-leaf,legends-arceus,buy,1000,pokedollars,
kings-leaf,legends-arceus,sell,250,pokedollars,
kings-rock,black-2-white-2,buy,6000,pokedollars,
kings-rock,scarlet-violet,buy,10000,pokedollars,
kiwi,scarlet-violet,buy,180,pokedollars,
kiwi,scarlet-violet,sell,45,pokedollars,
klawf-stick,scarlet-violet,sell,125,pokedollars,
klawf-stick,scarlet-violet,buy,500,pokedollars,
lagging-tail,black-2-white-2,sell,100,pokedollars,
lagging-tail,black-white,sell,100,pokedollars,
lagging-tail,brilliant-diamond-shining-pearl,sell,100,pokedollars,
lagging-tail,diamond-pearl,sell,100,pokedollars,
lagging-tail,heartgold-soulsilver,sell,100,pokedollars,
lagging-tail,omega-ruby-alpha-sapphire,sell,100,pokedollars,
lagging-tail,scarlet-violet,sell,5000,pokedollars,
lagging-tail,scarlet-violet,buy,20000,pokedollars,
lagging-tail,sun-moon,sell,2000,pokedollars,
lagging-tail,sword-shield,sell,2000,pokedollars,
lagging-tail,ultra-sun-ultra-moon,sell,2000,pokedollars,
lagging-tail,x-y,sell,100,pokedollars,
lansat-berry,diamond-pearl,sell,10,pokedollars,
lansat-berry,emerald,sell,10,pokedollars,
lansat-berry,platinum,sell,10,pokedollars,
lansat-berry,ruby-sapphire,sell,10,pokedollars,
lansat-berry,scarlet-violet,sell,20,pokedollars,
lansat-berry,sword-shield,sell,40,pokedollars,
large-leek,sword-shield,buy,2200,pokedollars,
large-leek,sword-shield,sell,1100,pokedollars,
lava-cookie,black-2-white-2,buy,1000,pokedollars,Special shop pricing
lava-cookie,black-2-white-2,sell,100,pokedollars,
lava-cookie,emerald,sell,100,pokedollars,
lava-cookie,emerald,buy,200,pokedollars,
lava-cookie,firered-leafgreen,sell,100,pokedollars,
lava-cookie,firered-leafgreen,buy,200,pokedollars,
lava-cookie,omega-ruby-alpha-sapphire,buy,200,pokedollars,
lava-cookie,omega-ruby-alpha-sapphire,sell,100,pokedollars,
lava-cookie,platinum,sell,100,pokedollars,
lava-cookie,platinum,buy,200,pokedollars,
lava-cookie,ruby-sapphire,sell,100,pokedollars,
lava-cookie,ruby-sapphire,buy,200,pokedollars,
lava-cookie,sword-shield,sell,175,pokedollars,
lava-cookie,sword-shield,buy,350,pokedollars,
lax-incense,black-white,sell,4800,pokedollars,
lax-incense,black-white,buy,9600,pokedollars,
lax-incense,diamond-pearl,sell,4800,pokedollars,
lax-incense,ruby-sapphire,sell,4800,pokedollars,
lax-incense,sun-moon,buy,5000,pokedollars,
lax-incense,sun-moon,sell,2500,pokedollars,
lax-mint,brilliant-diamond-shining-pearl,sell,10,pokedollars,
lax-mint,legends-arceus,sell,500,pokedollars,
lax-mint,scarlet-violet,buy,20000,pokedollars,
lax-mint,scarlet-violet,sell,5000,pokedollars,
lax-mint,sword-shield,sell,10,pokedollars,
leaden-ball,legends-arceus,sell,80,pokedollars,
leaden-ball,legends-arceus,buy,320,pokedollars,
leaders-crest,scarlet-violet,sell,750,pokedollars,
leaf-stone,red-blue,buy,2100,pokedollars,
leaf-stone,red-blue,sell,1050,pokedollars,
leaf-stone,scarlet-violet,sell,750,pokedollars,
leaf-stone,scarlet-violet,buy,3000,pokedollars,
leaf-stone,sun-moon,buy,3000,pokedollars,
leaf-stone,sun-moon,sell,1500,pokedollars,
leaf-stone,yellow,sell,1050,pokedollars,
leaf-stone,yellow,buy,2100,pokedollars,
leafy-tablecloth,scarlet-violet,buy,2000,pokedollars,
leafy-tablecloth,scarlet-violet,sell,500,pokedollars,
leek,gold-silver,sell,100,pokedollars,
leek,sun-moon,sell,500,pokedollars,
leek,sword-shield,sell,500,pokedollars,
leftovers,black-2-white-2,sell,100,pokedollars,Can be sold to Gourmet Maniac for 200
leftovers,black-white,sell,100,pokedollars,Can be sold to Gourmet Maniac for 200
leftovers,crystal,sell,100,pokedollars,
leftovers,diamond-pearl,sell,100,pokedollars,
leftovers,emerald,sell,100,pokedollars,
leftovers,firered-leafgreen,sell,100,pokedollars,
leftovers,gold-silver,sell,100,pokedollars,
leftovers,heartgold-soulsilver,sell,100,pokedollars,
leftovers,platinum,sell,100,pokedollars,
leftovers,ruby-sapphire,sell,100,pokedollars,
leftovers,scarlet-violet,sell,5000,pokedollars,
leftovers,scarlet-violet,buy,20000,pokedollars,
leftovers,sun-moon,sell,2000,pokedollars,
leftovers,sword-shield,sell,2000,pokedollars,
leftovers,ultra-sun-ultra-moon,sell,2000,pokedollars,
lemonade,red-blue,sell,175,pokedollars,
lemonade,red-blue,buy,350,pokedollars,
lemonade,scarlet-violet,sell,100,pokedollars,
lemonade,scarlet-violet,buy,350,pokedollars,Some locations charge 400
lemonade,sun-moon,buy,350,pokedollars,
lemonade,sun-moon,sell,200,pokedollars,
lemonade,yellow,buy,350,pokedollars,
lemonade,yellow,sell,175,pokedollars,
leppa-berry,emerald,sell,10,pokedollars,
leppa-berry,legends-arceus,sell,200,pokedollars,
leppa-berry,legends-arceus,buy,800,pokedollars,
leppa-berry,ruby-sapphire,sell,10,pokedollars,
leppa-berry,scarlet-violet,sell,20,pokedollars,
leppa-berry,sword-shield,sell,40,pokedollars,
lettuce,scarlet-violet,buy,90,pokedollars,
lettuce,scarlet-violet,sell,22,pokedollars,
level-ball,black-2-white-2,sell,150,pokedollars,
level-ball,black-white,sell,150,pokedollars,
level-ball,crystal,sell,150,pokedollars,
level-ball,gold-silver,sell,150,pokedollars,
level-ball,heartgold-soulsilver,sell,150,pokedollars,
level-ball,omega-ruby-alpha-sapphire,sell,150,pokedollars,
level-ball,x-y,sell,150,pokedollars,
liechi-berry,diamond-pearl,sell,10,pokedollars,
liechi-berry,emerald,sell,10,pokedollars,
liechi-berry,platinum,sell,10,pokedollars,
liechi-berry,ruby-sapphire,sell,10,pokedollars,
liechi-berry,scarlet-violet,sell,20,pokedollars,
liechi-berry,sword-shield,sell,40,pokedollars,
life-orb,diamond-pearl,sell,100,pokedollars,
life-orb,platinum,sell,100,pokedollars,
life-orb,scarlet-violet,buy,50000,pokedollars,
life-orb,scarlet-violet,sell,12500,pokedollars,
life-orb,sun-moon,sell,2000,pokedollars,
life-orb,ultra-sun-ultra-moon,sell,2000,pokedollars,
light-ball,black-2-white-2,sell,50,pokedollars,
light-ball,black-white,sell,50,pokedollars,
light-ball,brilliant-diamond-shining-pearl,sell,50,pokedollars,
light-ball,crystal,sell,50,pokedollars,
light-ball,diamond-pearl,sell,50,pokedollars,
light-ball,emerald,sell,50,pokedollars,
light-ball,firered-leafgreen,sell,50,pokedollars,
light-ball,gold-silver,sell,50,pokedollars,
light-ball,heartgold-soulsilver,sell,50,pokedollars,
light-ball,omega-ruby-alpha-sapphire,sell,50,pokedollars,
light-ball,platinum,sell,50,pokedollars,
light-ball,ruby-sapphire,sell,50,pokedollars,
light-ball,scarlet-violet,sell,250,pokedollars,
light-ball,sun-moon,sell,500,pokedollars,
light-ball,sword-shield,sell,500,pokedollars,
light-ball,ultra-sun-ultra-moon,sell,500,pokedollars,
light-ball,x-y,sell,50,pokedollars,
light-clay,diamond-pearl,sell,100,pokedollars,
light-clay,platinum,sell,100,pokedollars,
light-clay,scarlet-violet,buy,20000,pokedollars,
light-clay,scarlet-violet,sell,5000,pokedollars,
light-clay,sun-moon,sell,2000,pokedollars,
light-clay,ultra-sun-ultra-moon,sell,2000,pokedollars,
like-mail,black-2-white-2,sell,25,pokedollars,
like-mail,black-2-white-2,buy,50,pokedollars,
like-mail,black-white,buy,50,pokedollars,
like-mail,black-white,sell,25,pokedollars,
lilac-tablecloth,scarlet-violet,sell,250,pokedollars,
lilac-tablecloth,scarlet-violet,buy,1000,pokedollars,
linking-cord,legends-arceus,buy,8000,pokedollars,
linking-cord,legends-arceus,sell,500,pokedollars,
litebluemail,crystal,sell,25,pokedollars,
litebluemail,crystal,buy,50,pokedollars,
litebluemail,gold,buy,50,pokedollars,
litebluemail,gold,sell,25,pokedollars,
litebluemail,silver,buy,50,pokedollars,
litebluemail,silver,sell,25,pokedollars,
loaded-dice,scarlet-violet,sell,5000,pokedollars,
loaded-dice,scarlet-violet,buy,20000,pokedollars,
lone-earring,lets-go-pikachu-lets-go-eevee,sell,300,pokedollars,
lonely-mint,brilliant-diamond-shining-pearl,sell,10,pokedollars,
lonely-mint,legends-arceus,sell,500,pokedollars,
lonely-mint,scarlet-violet,buy,20000,pokedollars,
lonely-mint,scarlet-violet,sell,5000,pokedollars,
lonely-mint,sword-shield,sell,10,pokedollars,
love-ball,black-2-white-2,sell,150,pokedollars,
love-ball,black-white,sell,150,pokedollars,
love-ball,crystal,sell,150,pokedollars,
love-ball,gold-silver,sell,150,pokedollars,
love-ball,heartgold-soulsilver,sell,150,pokedollars,
love-ball,omega-ruby-alpha-sapphire,sell,150,pokedollars,
love-ball,x-y,sell,150,pokedollars,
love-sweet,scarlet-violet,sell,250,pokedollars,
love-sweet,sword-shield,sell,250,pokedollars,
lovely-mail,crystal,sell,25,pokedollars,
lovely-mail,crystal,buy,50,pokedollars,
lovely-mail,gold-silver,sell,25,pokedollars,
lovely-mail,gold-silver,buy,50,pokedollars,
luck-incense,black-2-white-2,sell,4800,pokedollars,
luck-incense,black-2-white-2,buy,9600,pokedollars,
luck-incense,black-white,buy,9600,pokedollars,
luck-incense,black-white,sell,4800,pokedollars,
luck-incense,diamond-pearl,sell,4800,pokedollars,
luck-incense,heartgold-soulsilver,sell,4800,pokedollars,
luck-incense,omega-ruby-alpha-sapphire,buy,9600,pokedollars,
luck-incense,omega-ruby-alpha-sapphire,sell,4800,pokedollars,
luck-incense,platinum,sell,4800,pokedollars,
luck-incense,sun-moon,sell,5500,pokedollars,
luck-incense,sun-moon,buy,11000,pokedollars,
luck-incense,sword-shield,buy,11000,pokedollars,
luck-incense,sword-shield,sell,5500,pokedollars,
luck-incense,ultra-sun-ultra-moon,buy,11000,pokedollars,
luck-incense,ultra-sun-ultra-moon,sell,5500,pokedollars,
luck-incense,x-y,buy,9600,pokedollars,
luck-incense,x-y,sell,4800,pokedollars,
lucky-egg,crystal,sell,100,pokedollars,
lucky-egg,gold-silver,sell,100,pokedollars,
lucky-egg,legends-za,sell,750,pokedollars,
lucky-egg,scarlet-violet,sell,2500,pokedollars,
lucky-egg,sun-moon,sell,5000,pokedollars,
lucky-egg,ultra-sun-ultra-moon,sell,5000,pokedollars,
lucky-punch,crystal,sell,5,pokedollars,
lucky-punch,gold-silver,sell,5,pokedollars,
lucky-punch,sun-moon,sell,500,pokedollars,
lucky-punch,ultra-sun-ultra-moon,sell,500,pokedollars,
lum-berry,emerald,sell,10,pokedollars,
lum-berry,legends-arceus,sell,150,pokedollars,
lum-berry,ruby-sapphire,sell,10,pokedollars,
lum-berry,scarlet-violet,sell,20,pokedollars,
lum-berry,sword-shield,sell,40,pokedollars,
luminous-moss,omega-ruby-alpha-sapphire,sell,500,pokedollars,
luminous-moss,scarlet-violet,sell,1250,pokedollars,
luminous-moss,scarlet-violet,buy,5000,pokedollars,
luminous-moss,sun-moon,sell,2000,pokedollars,
luminous-moss,sword-shield,sell,2000,pokedollars,
luminous-moss,ultra-sun-ultra-moon,sell,2000,pokedollars,
luminous-moss,x-y,sell,500,pokedollars,
lumiose-galette,legends-za,sell,87,pokedollars,
lumiose-galette,legends-za,buy,350,pokedollars,
lumiose-galette,omega-ruby-alpha-sapphire,sell,100,pokedollars,
lumiose-galette,scarlet-violet,sell,87,pokedollars,
lumiose-galette,sun-moon,sell,175,pokedollars,
lumiose-galette,sword-shield,sell,175,pokedollars,
lumiose-galette,ultra-sun-ultra-moon,sell,175,pokedollars,
lumiose-galette,x-y,sell,100,pokedollars,
lumiose-galette,x-y,buy,100,pokedollars,Costs 80 if the player has at least 50 points of style.
lure,lets-go-pikachu-lets-go-eevee,buy,400,pokedollars,
lure,lets-go-pikachu-lets-go-eevee,sell,200,pokedollars,
lure-ball,crystal,sell,150,pokedollars,
lure-ball,gold-silver,sell,150,pokedollars,
lustrous-orb,black-2-white-2,sell,5000,pokedollars,
lustrous-orb,black-white,sell,5000,pokedollars,
lustrous-orb,brilliant-diamond-shining-pearl,sell,5000,pokedollars,
lustrous-orb,diamond-pearl,sell,5000,pokedollars,
lustrous-orb,heartgold-soulsilver,sell,5000,pokedollars,
lustrous-orb,omega-ruby-alpha-sapphire,sell,5000,pokedollars,
lustrous-orb,platinum,sell,5000,pokedollars,
lustrous-orb,sun-moon,buy,10000,pokedollars,
lustrous-orb,sword-shield,sell,5000,pokedollars,
lustrous-orb,ultra-sun-ultra-moon,buy,10000,pokedollars,
lustrous-orb,x-y,sell,5000,pokedollars,
luxury-ball,ruby-sapphire,sell,500,pokedollars,
luxury-ball,ruby-sapphire,buy,1000,pokedollars,
luxury-ball,scarlet-violet,buy,3000,pokedollars,
luxury-ball,scarlet-violet,sell,750,pokedollars,
luxury-ball,sword-shield,sell,1500,pokedollars,
luxury-ball,sword-shield,buy,3000,pokedollars,
macho-brace,black-white,sell,1500,pokedollars,
macho-brace,diamond-pearl,sell,1500,pokedollars,
macho-brace,gold-silver,sell,1500,pokedollars,
macho-brace,red-blue,sell,1500,pokedollars,
macho-brace,ruby-sapphire,sell,1500,pokedollars,
macho-brace,sun-moon,sell,1500,pokedollars,
macho-brace,sword-shield,sell,1500,pokedollars,
macho-brace,x-y,sell,1500,pokedollars,
magical-heart-pick,scarlet-violet,buy,600,pokedollars,
magical-heart-pick,scarlet-violet,sell,150,pokedollars,
magical-star-pick,scarlet-violet,buy,600,pokedollars,
magical-star-pick,scarlet-violet,sell,150,pokedollars,
magmarizer,black-2-white-2,sell,1050,pokedollars,
magmarizer,black-white,sell,1050,pokedollars,
magmarizer,brilliant-diamond-shining-pearl,sell,1050,pokedollars,
magmarizer,diamond-pearl,sell,1050,pokedollars,
magmarizer,heartgold-soulsilver,sell,1050,pokedollars,
magmarizer,legends-arceus,buy,10000,pokedollars,
magmarizer,legends-arceus,sell,500,pokedollars,
magmarizer,omega-ruby-alpha-sapphire,sell,1050,pokedollars,
magmarizer,platinum,sell,1050,pokedollars,
magmarizer,scarlet-violet,sell,1000,pokedollars,
magmarizer,sun-moon,sell,1000,pokedollars,
magmarizer,sword-shield,sell,1000,pokedollars,
magmarizer,ultra-sun-ultra-moon,sell,1000,pokedollars,
magmarizer,x-y,sell,1050,pokedollars,
magnet,black-2-white-2,sell,50,pokedollars,
magnet,black-white,sell,50,pokedollars,
magnet,brilliant-diamond-shining-pearl,sell,50,pokedollars,
magnet,colosseum,sell,50,pokedollars,
magnet,crystal,sell,50,pokedollars,
magnet,diamond-pearl,sell,50,pokedollars,
magnet,emerald,sell,50,pokedollars,
magnet,firered-leafgreen,sell,50,pokedollars,
magnet,gold-silver,sell,50,pokedollars,
magnet,heartgold-soulsilver,sell,50,pokedollars,
magnet,omega-ruby-alpha-sapphire,sell,50,pokedollars,
magnet,platinum,sell,50,pokedollars,
magnet,ruby-sapphire,sell,50,pokedollars,
magnet,scarlet-violet,buy,3000,pokedollars,
magnet,scarlet-violet,sell,750,pokedollars,
magnet,sun-moon,sell,500,pokedollars,
magnet,sword-shield,buy,3000,pokedollars,
magnet,sword-shield,sell,500,pokedollars,
magnet,ultra-sun-ultra-moon,sell,500,pokedollars,
magnet,x-y,sell,50,pokedollars,
magnet,xd,sell,50,pokedollars,
mago-berry,emerald,sell,10,pokedollars,
mago-berry,legends-arceus,sell,150,pokedollars,
mago-berry,ruby-sapphire,sell,10,pokedollars,
mago-berry,scarlet-violet,sell,20,pokedollars,
mago-berry,sword-shield,sell,40,pokedollars,
magost-berry,emerald,sell,10,pokedollars,
magost-berry,ruby-sapphire,sell,10,pokedollars,
malicious-armor,scarlet-violet,sell,1500,pokedollars,
maranga-berry,omega-ruby-alpha-sapphire,sell,10,pokedollars,
maranga-berry,scarlet-violet,sell,20,pokedollars,
maranga-berry,sun-moon,sell,10,pokedollars,
maranga-berry,sword-shield,sell,40,pokedollars,
maranga-berry,ultra-sun-ultra-moon,sell,10,pokedollars,
maranga-berry,x-y,sell,10,pokedollars,
marble,lets-go-pikachu-lets-go-eevee,sell,150,pokedollars,
marill-ball,scarlet-violet,buy,2000,pokedollars,
marill-ball,scarlet-violet,sell,500,pokedollars,
marmalade,scarlet-violet,sell,65,pokedollars,
marmalade,scarlet-violet,buy,260,pokedollars,
master-ball,red-blue,sell,0,pokedollars,
masterpiece-teacup,scarlet-violet,sell,9500,pokedollars,
max-elixir,crystal,sell,2250,pokedollars,
max-elixir,gold-silver,sell,2250,pokedollars,
max-elixir,legends-arceus,sell,1250,pokedollars,
max-elixir,red-blue,sell,0,pokedollars,
max-elixir,scarlet-violet,sell,1125,pokedollars,
max-elixir,yellow,sell,0,pokedollars,
max-ether,black-2-white-2,sell,1000,pokedollars,
max-ether,black-white,sell,1000,pokedollars,
max-ether,brilliant-diamond-shining-pearl,sell,1000,pokedollars,
max-ether,crystal,sell,1000,pokedollars,
max-ether,diamond-pearl,sell,1000,pokedollars,
max-ether,emerald,sell,1000,pokedollars,
max-ether,firered-leafgreen,sell,1000,pokedollars,
max-ether,gold-silver,sell,1000,pokedollars,
max-ether,legends-arceus,sell,500,pokedollars,
max-ether,lets-go-pikachu-lets-go-eevee,sell,1000,pokedollars,
max-ether,omega-ruby-alpha-sapphire,sell,1000,pokedollars,
max-ether,platinum,sell,1000,pokedollars,
max-ether,red-blue,sell,0,pokedollars,
max-ether,ruby-sapphire,sell,1000,pokedollars,
max-ether,scarlet-violet,sell,500,pokedollars,
max-ether,sun-moon,sell,1000,pokedollars,
max-ether,sword-shield,sell,1000,pokedollars,
max-ether,ultra-sun-ultra-moon,sell,1000,pokedollars,
max-ether,x-y,sell,1000,pokedollars,
max-ether,yellow,sell,0,pokedollars,
max-honey,sword-shield,sell,4000,pokedollars,
max-lure,lets-go-pikachu-lets-go-eevee,buy,900,pokedollars,
max-lure,lets-go-pikachu-lets-go-eevee,sell,450,pokedollars,
max-mushrooms,sword-shield,sell,4000,pokedollars,
max-potion,legends-arceus,sell,500,pokedollars,
max-potion,legends-arceus,buy,2000,pokedollars,
max-potion,legends-za,sell,300,pokedollars,
max-potion,legends-za,buy,1200,pokedollars,
max-potion,red-blue,sell,1250,pokedollars,
max-potion,red-blue,buy,2500,pokedollars,
max-potion,scarlet-violet,buy,2500,pokedollars,
max-potion,scarlet-violet,sell,625,pokedollars,
max-potion,yellow,buy,2500,pokedollars,
max-potion,yellow,sell,1250,pokedollars,
max-repel,red-blue,buy,700,pokedollars,
max-repel,red-blue,sell,350,pokedollars,
max-repel,sun-moon,sell,450,pokedollars,
max-repel,sun-moon,buy,900,pokedollars,
max-repel,ultra-sun-ultra-moon,buy,900,pokedollars,
max-repel,ultra-sun-ultra-moon,sell,450,pokedollars,
max-repel,yellow,buy,700,pokedollars,
max-repel,yellow,sell,350,pokedollars,
max-revive,black-2-white-2,sell,2000,pokedollars,
max-revive,black-2-white-2,buy,5000,pokedollars,
max-revive,legends-arceus,buy,3000,pokedollars,
max-revive,legends-arceus,sell,750,pokedollars,
max-revive,legends-za,sell,500,pokedollars,
max-revive,scarlet-violet,sell,1000,pokedollars,
mayonnaise,scarlet-violet,buy,120,pokedollars,
mayonnaise,scarlet-violet,sell,30,pokedollars,
meadow-plate,black-2-white-2,sell,500,pokedollars,
meadow-plate,black-white,sell,500,pokedollars,
meadow-plate,brilliant-diamond-shining-pearl,sell,500,pokedollars,
meadow-plate,diamond-pearl,sell,500,pokedollars,
meadow-plate,omega-ruby-alpha-sapphire,sell,500,pokedollars,
meadow-plate,platinum,sell,500,pokedollars,
meadow-plate,sun-moon,sell,500,pokedollars,
meadow-plate,ultra-sun-ultra-moon,sell,500,pokedollars,
meadow-plate,x-y,sell,500,pokedollars,
mech-mail,emerald,sell,25,pokedollars,
mech-mail,emerald,buy,50,pokedollars,
mech-mail,firered-leafgreen,sell,25,pokedollars,
mech-mail,ruby-sapphire,buy,50,pokedollars,
mech-mail,ruby-sapphire,sell,25,pokedollars,
medichamite,legends-za,buy,50000,pokedollars,
medicinal-leek,legends-arceus,buy,120,pokedollars,
medicinal-leek,legends-arceus,sell,30,pokedollars,
mental-herb,black-2-white-2,sell,50,pokedollars,
mental-herb,black-white,sell,50,pokedollars,
mental-herb,brilliant-diamond-shining-pearl,sell,50,pokedollars,
mental-herb,diamond-pearl,sell,50,pokedollars,
mental-herb,emerald,sell,50,pokedollars,
mental-herb,firered-leafgreen,sell,50,pokedollars,
mental-herb,heartgold-soulsilver,sell,50,pokedollars,
mental-herb,omega-ruby-alpha-sapphire,sell,50,pokedollars,
mental-herb,platinum,sell,50,pokedollars,
mental-herb,ruby-sapphire,sell,50,pokedollars,
mental-herb,scarlet-violet,buy,10000,pokedollars,
mental-herb,scarlet-violet,sell,2500,pokedollars,
mental-herb,sun-moon,sell,2000,pokedollars,
mental-herb,sword-shield,sell,2000,pokedollars,
mental-herb,ultra-sun-ultra-moon,sell,2000,pokedollars,
mental-herb,x-y,sell,50,pokedollars,
metal-alloy,scarlet-violet,sell,1500,pokedollars,
metal-coat,black-2-white-2,buy,20000,pokedollars,
metal-coat,scarlet-violet,buy,3000,pokedollars,
metal-coat,sword-shield,buy,3000,pokedollars,
metal-powder,black-2-white-2,sell,5,pokedollars,
metal-powder,black-white,sell,5,pokedollars,
metal-powder,crystal,sell,5,pokedollars,
metal-powder,diamond-pearl,sell,5,pokedollars,
metal-powder,emerald,sell,5,pokedollars,
metal-powder,firered-leafgreen,sell,5,pokedollars,
metal-powder,gold-silver,sell,5,pokedollars,
metal-powder,heartgold-soulsilver,sell,5,pokedollars,
metal-powder,omega-ruby-alpha-sapphire,sell,5,pokedollars,
metal-powder,platinum,sell,5,pokedollars,
metal-powder,ruby-sapphire,sell,5,pokedollars,
metal-powder,sun-moon,sell,500,pokedollars,
metal-powder,sword-shield,sell,500,pokedollars,
metal-powder,ultra-sun-ultra-moon,sell,500,pokedollars,
metal-powder,x-y,sell,5,pokedollars,
metronome,black-2-white-2,sell,100,pokedollars,
metronome,black-white,sell,100,pokedollars,
metronome,brilliant-diamond-shining-pearl,sell,100,pokedollars,
metronome,diamond-pearl,sell,100,pokedollars,
metronome,heartgold-soulsilver,sell,100,pokedollars,
metronome,omega-ruby-alpha-sapphire,sell,100,pokedollars,
metronome,platinum,sell,100,pokedollars,
metronome,scarlet-violet,sell,3750,pokedollars,
metronome,scarlet-violet,buy,15000,pokedollars,
metronome,sun-moon,sell,2000,pokedollars,
metronome,sword-shield,buy,3000,pokedollars,
metronome,sword-shield,sell,2000,pokedollars,
metronome,ultra-sun-ultra-moon,sell,2000,pokedollars,
metronome,x-y,sell,100,pokedollars,
micle-berry,black-2-white-2,sell,10,pokedollars,
micle-berry,black-white,sell,10,pokedollars,
micle-berry,brilliant-diamond-shining-pearl,sell,10,pokedollars,
micle-berry,diamond-pearl,sell,10,pokedollars,
micle-berry,heartgold-soulsilver,sell,10,pokedollars,
micle-berry,omega-ruby-alpha-sapphire,sell,10,pokedollars,
micle-berry,platinum,sell,10,pokedollars,
micle-berry,scarlet-violet,sell,20,pokedollars,
micle-berry,sword-shield,sell,40,pokedollars,
micle-berry,x-y,sell,10,pokedollars,
mighty-candy,lets-go-pikachu-lets-go-eevee,sell,10,pokedollars,
mighty-candy-l,lets-go-pikachu-lets-go-eevee,sell,10,pokedollars,
mighty-candy-xl,lets-go-eevee,sell,10,pokedollars,
mighty-candy-xl,lets-go-pikachu,sell,10,pokedollars,
mild-mint,brilliant-diamond-shining-pearl,sell,10,pokedollars,
mild-mint,legends-arceus,sell,500,pokedollars,
mild-mint,scarlet-violet,buy,20000,pokedollars,
mild-mint,scarlet-violet,sell,5000,pokedollars,
mild-mint,sword-shield,sell,10,pokedollars,
mind-plate,black-white,sell,500,pokedollars,
mind-plate,brilliant-diamond-shining-pearl,sell,500,pokedollars,
mind-plate,diamond-pearl,sell,500,pokedollars,
mind-plate,sun-moon,sell,500,pokedollars,
mind-plate,x-y,sell,500,pokedollars,
mint-berry,crystal,sell,5,pokedollars,
mint-berry,gold,sell,5,pokedollars,
mint-berry,silver,sell,5,pokedollars,
mint-tablecloth,scarlet-violet,buy,1000,pokedollars,
mint-tablecloth,scarlet-violet,sell,250,pokedollars,
miracle-seed,black-2-white-2,sell,50,pokedollars,
miracle-seed,black-white,sell,50,pokedollars,
miracle-seed,crystal,sell,50,pokedollars,
miracle-seed,diamond-pearl,sell,50,pokedollars,
miracle-seed,emerald,sell,50,pokedollars,
miracle-seed,firered-leafgreen,sell,50,pokedollars,
miracle-seed,gold-silver,sell,50,pokedollars,
miracle-seed,omega-ruby-alpha-sapphire,sell,50,pokedollars,
miracle-seed,platinum,sell,50,pokedollars,
miracle-seed,ruby-sapphire,sell,50,pokedollars,
miracle-seed,scarlet-violet,buy,3000,pokedollars,
miracle-seed,scarlet-violet,sell,750,pokedollars,
miracle-seed,sun-moon,sell,500,pokedollars,
miracle-seed,sword-shield,buy,3000,pokedollars,
miracle-seed,sword-shield,sell,500,pokedollars,
miracle-seed,ultra-sun-ultra-moon,sell,500,pokedollars,
miracle-seed,x-y,sell,50,pokedollars,
miracleberry,crystal,sell,5,pokedollars,
miracleberry,gold-silver,sell,5,pokedollars,
mirage-mail,crystal,sell,25,pokedollars,
mirage-mail,gold-silver,sell,25,pokedollars,
mirror-herb,scarlet-violet,buy,30000,pokedollars,
mirror-herb,scarlet-violet,sell,7500,pokedollars,
misty-seed,scarlet-violet,sell,5000,pokedollars,
misty-seed,scarlet-violet,buy,20000,pokedollars,
misty-seed,sun-moon,sell,2000,pokedollars,
misty-seed,sword-shield,sell,2000,pokedollars,
misty-seed,ultra-sun-ultra-moon,sell,2000,pokedollars,
mixed-mushrooms,sword-shield,buy,400,pokedollars,
mixed-mushrooms,sword-shield,sell,200,pokedollars,
modest-mint,brilliant-diamond-shining-pearl,sell,10,pokedollars,
modest-mint,legends-arceus,sell,500,pokedollars,
modest-mint,scarlet-violet,buy,20000,pokedollars,
modest-mint,scarlet-violet,sell,5000,pokedollars,
modest-mint,sword-shield,sell,10,pokedollars,
monstrous-tablecloth,scarlet-violet,sell,500,pokedollars,
monstrous-tablecloth,scarlet-violet,buy,2000,pokedollars,
moomoo-cheese,sword-shield,buy,2200,pokedollars,
moomoo-cheese,sword-shield,sell,1100,pokedollars,
moomoo-milk,crystal,sell,250,pokedollars,
moomoo-milk,crystal,buy,500,pokedollars,
moomoo-milk,gold-silver,buy,500,pokedollars,
moomoo-milk,gold-silver,sell,250,pokedollars,
moomoo-milk,scarlet-violet,buy,600,pokedollars,
moomoo-milk,scarlet-violet,sell,150,pokedollars,
moomoo-milk,sword-shield,buy,600,pokedollars,
moomoo-milk,sword-shield,sell,300,pokedollars,
moon-ball,crystal,sell,150,pokedollars,
moon-ball,gold-silver,sell,150,pokedollars,
moon-stone,diamond-pearl,sell,1050,pokedollars,
moon-stone,gold-silver,sell,0,pokedollars,
moon-stone,red-blue,sell,0,pokedollars,
moon-stone,scarlet-violet,sell,750,pokedollars,
moon-stone,sun-moon,sell,1500,pokedollars,
morph-mail,crystal,sell,25,pokedollars,
morph-mail,gold-silver,sell,25,pokedollars,
mosaic-mail,diamond-pearl,sell,25,pokedollars,
mosaic-mail,heartgold-soulsilver,sell,25,pokedollars,
mosaic-mail,platinum,sell,25,pokedollars,
muscle-band,diamond-pearl,sell,100,pokedollars,
muscle-band,heartgold-soulsilver,sell,100,pokedollars,
muscle-band,platinum,sell,100,pokedollars,
muscle-band,scarlet-violet,buy,8000,pokedollars,
muscle-band,scarlet-violet,sell,2000,pokedollars,
muscle-band,sun-moon,sell,2000,pokedollars,
muscle-band,sword-shield,sell,2000,pokedollars,
muscle-band,ultra-sun-ultra-moon,sell,2000,pokedollars,
muscle-feather,black-2-white-2,sell,1500,pokedollars,
muscle-feather,black-white,sell,1500,pokedollars,
muscle-feather,omega-ruby-alpha-sapphire,sell,1500,pokedollars,
muscle-feather,scarlet-violet,sell,75,pokedollars,
muscle-feather,sun-moon,sell,150,pokedollars,
muscle-feather,sword-shield,sell,150,pokedollars,
muscle-feather,ultra-sun-ultra-moon,sell,150,pokedollars,
muscle-feather,x-y,sell,1500,pokedollars,
muscle-mochi,scarlet-violet,sell,125,pokedollars,
mushroom-cake,legends-arceus,buy,400,pokedollars,
mushroom-cake,legends-arceus,sell,100,pokedollars,
music-mail,crystal,sell,25,pokedollars,
music-mail,gold-silver,sell,25,pokedollars,
mustard,scarlet-violet,sell,32,pokedollars,
mustard,scarlet-violet,buy,130,pokedollars,
mystery-berry,crystal,sell,5,pokedollars,
mystery-berry,gold-silver,sell,5,pokedollars,
mystic-water,crystal,sell,50,pokedollars,
mystic-water,gold-silver,sell,50,pokedollars,
mystic-water,scarlet-violet,sell,750,pokedollars,
mystic-water,scarlet-violet,buy,3000,pokedollars,
mystic-water,sun-moon,sell,500,pokedollars,
mystic-water,sword-shield,buy,3000,pokedollars,
mystic-water,sword-shield,sell,500,pokedollars,
mystic-water,ultra-sun-ultra-moon,sell,500,pokedollars,
naive-mint,brilliant-diamond-shining-pearl,sell,10,pokedollars,
naive-mint,legends-arceus,sell,500,pokedollars,
naive-mint,scarlet-violet,sell,5000,pokedollars,
naive-mint,scarlet-violet,buy,20000,pokedollars,
naive-mint,sword-shield,sell,10,pokedollars,
nanab-berry,emerald,sell,10,pokedollars,
nanab-berry,legends-arceus,buy,200,pokedollars,
nanab-berry,lets-go-pikachu-lets-go-eevee,sell,100,pokedollars,
nanab-berry,ruby-sapphire,sell,10,pokedollars,
naughty-mint,brilliant-diamond-shining-pearl,sell,10,pokedollars,
naughty-mint,legends-arceus,sell,500,pokedollars,
naughty-mint,scarlet-violet,buy,20000,pokedollars,
naughty-mint,scarlet-violet,sell,5000,pokedollars,
naughty-mint,sword-shield,sell,10,pokedollars,
nest-ball,ruby-sapphire,buy,1000,pokedollars,
nest-ball,ruby-sapphire,sell,500,pokedollars,
nest-ball,scarlet-violet,buy,1000,pokedollars,
nest-ball,scarlet-violet,sell,250,pokedollars,
net-ball,black-2-white-2,buy,1000,pokedollars,
net-ball,black-2-white-2,sell,500,pokedollars,
net-ball,black-white,sell,500,pokedollars,
net-ball,black-white,buy,1000,pokedollars,
net-ball,brilliant-diamond-shining-pearl,buy,1000,pokedollars,
net-ball,brilliant-diamond-shining-pearl,sell,500,pokedollars,
net-ball,diamond-pearl,buy,1000,pokedollars,
net-ball,diamond-pearl,sell,500,pokedollars,
net-ball,emerald,buy,1000,pokedollars,
net-ball,emerald,sell,500,pokedollars,
net-ball,firered-leafgreen,buy,1000,pokedollars,
net-ball,firered-leafgreen,sell,500,pokedollars,
net-ball,heartgold-soulsilver,buy,1000,pokedollars,
net-ball,heartgold-soulsilver,sell,500,pokedollars,
net-ball,legends-za,buy,1000,pokedollars,
net-ball,legends-za,sell,250,pokedollars,
net-ball,omega-ruby-alpha-sapphire,sell,500,pokedollars,
net-ball,omega-ruby-alpha-sapphire,buy,1000,pokedollars,
net-ball,platinum,sell,500,pokedollars,
net-ball,platinum,buy,1000,pokedollars,
net-ball,ruby-sapphire,sell,500,pokedollars,
net-ball,ruby-sapphire,buy,1000,pokedollars,
net-ball,scarlet-violet,sell,250,pokedollars,
net-ball,scarlet-violet,buy,1000,pokedollars,
net-ball,sun-moon,buy,1000,pokedollars,
net-ball,sun-moon,sell,500,pokedollars,
net-ball,sword-shield,buy,1000,pokedollars,
net-ball,sword-shield,sell,500,pokedollars,
net-ball,ultra-sun-ultra-moon,sell,500,pokedollars,
net-ball,ultra-sun-ultra-moon,buy,1000,pokedollars,
net-ball,x-y,buy,1000,pokedollars,
net-ball,x-y,sell,500,pokedollars,
never-melt-ice,crystal,sell,50,pokedollars,
never-melt-ice,emerald,sell,50,pokedollars,
never-melt-ice,firered-leafgreen,sell,50,pokedollars,
never-melt-ice,gold-silver,sell,50,pokedollars,
never-melt-ice,ruby-sapphire,sell,50,pokedollars,
never-melt-ice,scarlet-violet,sell,750,pokedollars,
never-melt-ice,scarlet-violet,buy,3000,pokedollars,
never-melt-ice,sun-moon,sell,500,pokedollars,
never-melt-ice,sword-shield,sell,500,pokedollars,
never-melt-ice,sword-shield,buy,3000,pokedollars,
never-melt-ice,ultra-sun-ultra-moon,sell,500,pokedollars,
nomel-berry,black-white,sell,10,pokedollars,Can be sold to gourmet maniac on Route 5 for 500
nomel-berry,diamond-pearl,sell,10,pokedollars,
nomel-berry,emerald,sell,10,pokedollars,
nomel-berry,platinum,sell,10,pokedollars,
nomel-berry,ruby-sapphire,sell,10,pokedollars,
noodles,scarlet-violet,buy,280,pokedollars,
noodles,scarlet-violet,sell,70,pokedollars,
normal-box,crystal,sell,5,pokedollars,
normal-box,gold,sell,5,pokedollars,
normal-box,silver,sell,5,pokedollars,
normal-gem,black-2-white-2,sell,100,pokedollars,
normal-gem,black-white,sell,100,pokedollars,
normal-gem,lets-go-pikachu-lets-go-eevee,sell,2000,pokedollars,
normal-gem,omega-ruby-alpha-sapphire,sell,100,pokedollars,
normal-gem,scarlet-violet,sell,3750,pokedollars,
normal-gem,scarlet-violet,buy,15000,pokedollars,
normal-gem,sun-moon,sell,2000,pokedollars,
normal-gem,sword-shield,sell,2000,pokedollars,
normal-gem,ultra-sun-ultra-moon,sell,2000,pokedollars,
normal-gem,x-y,sell,100,pokedollars,
normal-tera-shard,scarlet-violet,sell,500,pokedollars,
nugget,crystal,buy,4500,pokedollars,
nugget,crystal,sell,5000,pokedollars,
nugget,gold-silver,buy,4500,pokedollars,
nugget,gold-silver,sell,5000,pokedollars,
nugget,legends-arceus,sell,10000,pokedollars,
nugget,red-blue,sell,5000,pokedollars,
nugget,yellow,sell,5000,pokedollars,
occa-berry,diamond-pearl,sell,10,pokedollars,
occa-berry,platinum,sell,10,pokedollars,
occa-berry,scarlet-violet,sell,20,pokedollars,
occa-berry,sword-shield,sell,40,pokedollars,
oceanic-slate,brilliant-diamond-shining-pearl,buy,3,,Costs 3 Mysterious Shards S or 1 Mysterious Shard L.
odd-incense,black-white,buy,9600,pokedollars,
odd-incense,black-white,sell,4800,pokedollars,
odd-incense,diamond-pearl,sell,4800,pokedollars,
odd-incense,sun-moon,sell,1000,pokedollars,
odd-incense,sun-moon,buy,2000,pokedollars,
odd-keystone,brilliant-diamond-shining-pearl,sell,1050,pokedollars,
odd-keystone,diamond-pearl,sell,1050,pokedollars,
odd-keystone,platinum,sell,1050,pokedollars,
odd-keystone,scarlet-violet,sell,525,pokedollars,
old-amber,black-2-white-2,sell,500,pokedollars,
old-amber,black-white,sell,500,pokedollars,
old-amber,brilliant-diamond-shining-pearl,sell,500,pokedollars,
old-amber,diamond-pearl,sell,500,pokedollars,
old-amber,legends-za,sell,15000,pokedollars,
old-amber,legends-za,buy,30000,pokedollars,
old-amber,lets-go-pikachu-lets-go-eevee,sell,500,pokedollars,
old-amber,omega-ruby-alpha-sapphire,sell,500,pokedollars,
old-amber,platinum,sell,500,pokedollars,
old-amber,sun-moon,sell,500,pokedollars,
old-amber,ultra-sun-ultra-moon,sell,500,pokedollars,
old-amber,x-y,sell,500,pokedollars,
old-gateau,black-white,sell,100,pokedollars,
old-gateau,black-white,buy,1000,pokedollars,Only in Black 2 and White 2
old-gateau,diamond-pearl,sell,100,pokedollars,
old-gateau,heartgold-soulsilver,sell,100,pokedollars,
old-gateau,legends-arceus,sell,125,pokedollars,
old-gateau,sun-moon,sell,175,pokedollars,
old-gateau,sword-shield,sell,175,pokedollars,
olive-oil,scarlet-violet,buy,300,pokedollars,
olive-oil,scarlet-violet,sell,75,pokedollars,
onion,scarlet-violet,buy,130,pokedollars,
onion,scarlet-violet,sell,32,pokedollars,
oran-berry,legends-arceus,buy,80,pokedollars,
oran-berry,legends-arceus,sell,20,pokedollars,
oran-berry,sword-shield,buy,80,pokedollars,
oran-berry,sword-shield,sell,40,pokedollars,
orange-mail,emerald,buy,50,pokedollars,
orange-mail,emerald,sell,25,pokedollars,
orange-mail,firered,sell,25,pokedollars,Cannot be bought.
orange-mail,leafgreen,sell,25,pokedollars,Cannot be bought.
orange-mail,ruby,sell,25,pokedollars,
orange-mail,ruby,buy,50,pokedollars,
orange-mail,sapphire,sell,25,pokedollars,
orange-mail,sapphire,buy,50,pokedollars,
oval-stone,black-2-white-2,buy,6000,pokedollars,
oval-stone,black-2-white-2,sell,1050,pokedollars,
oval-stone,black-white,buy,10000,pokedollars,
oval-stone,black-white,sell,1050,pokedollars,
oval-stone,diamond-pearl,sell,1050,pokedollars,
oval-stone,heartgold-soulsilver,sell,1050,pokedollars,
oval-stone,legends-arceus,sell,500,pokedollars,
oval-stone,scarlet-violet,sell,500,pokedollars,
oval-stone,sun-moon,sell,1000,pokedollars,
oval-stone,sword-shield,sell,1000,pokedollars,
pack-of-potatoes,sword-shield,buy,400,pokedollars,
pack-of-potatoes,sword-shield,sell,200,pokedollars,
packaged-curry,sword-shield,buy,950,pokedollars,
packaged-curry,sword-shield,sell,475,pokedollars,
pamtre-berry,black-white,sell,10,pokedollars,Can be sold to the gourmet maniac on Route 5 for 500 Pokédollars.
pamtre-berry,diamond-pearl,sell,10,pokedollars,
pamtre-berry,emerald,sell,10,pokedollars,
pamtre-berry,platinum,sell,10,pokedollars,
pamtre-berry,ruby-sapphire,sell,10,pokedollars,
paralyze-heal,legends-za,sell,25,pokedollars,
paralyze-heal,legends-za,buy,100,pokedollars,
paralyze-heal,red-blue,buy,200,pokedollars,
paralyze-heal,red-blue,sell,100,pokedollars,
paralyze-heal,scarlet-violet,buy,200,pokedollars,
paralyze-heal,scarlet-violet,sell,50,pokedollars,
paralyze-heal,sun-moon,buy,300,pokedollars,
paralyze-heal,sun-moon,sell,150,pokedollars,
paralyze-heal,ultra-sun-ultra-moon,sell,150,pokedollars,
paralyze-heal,ultra-sun-ultra-moon,buy,300,pokedollars,
paralyze-heal,yellow,sell,100,pokedollars,
paralyze-heal,yellow,buy,200,pokedollars,
parasol-pick,scarlet-violet,buy,800,pokedollars,
parasol-pick,scarlet-violet,sell,200,pokedollars,
party-sparkler-pick,scarlet-violet,sell,400,pokedollars,
party-sparkler-pick,scarlet-violet,buy,1600,pokedollars,
pass-orb,black-2-white-2,sell,100,pokedollars,
pass-orb,black-white,sell,100,pokedollars,
pass-orb,omega-ruby-alpha-sapphire,sell,100,pokedollars,
pass-orb,sun-moon,sell,100,pokedollars,
pass-orb,ultra-sun-ultra-moon,sell,100,pokedollars,
pass-orb,x-y,sell,100,pokedollars,
passho-berry,black-2-white-2,sell,10,pokedollars,
passho-berry,black-white,sell,10,pokedollars,
passho-berry,brilliant-diamond-shining-pearl,sell,10,pokedollars,
passho-berry,diamond-pearl,sell,10,pokedollars,
passho-berry,heartgold-soulsilver,sell,10,pokedollars,
passho-berry,omega-ruby-alpha-sapphire,sell,10,pokedollars,
passho-berry,platinum,sell,10,pokedollars,
passho-berry,scarlet-violet,sell,20,pokedollars,
passho-berry,sun-moon,sell,10,pokedollars,
passho-berry,sword-shield,sell,40,pokedollars,
passho-berry,ultra-sun-ultra-moon,sell,10,pokedollars,
passho-berry,x-y,sell,10,pokedollars,
pasta,sword-shield,sell,75,pokedollars,
pasta,sword-shield,buy,150,pokedollars,
payapa-berry,black-2-white-2,sell,10,pokedollars,Can be sold to the gourmet maniac on Route 5 for 20 Pokédollars in Generation V
payapa-berry,black-white,sell,10,pokedollars,Can be sold to the gourmet maniac on Route 5 for 20 Pokédollars in Generation V
payapa-berry,brilliant-diamond-shining-pearl,sell,10,pokedollars,
payapa-berry,diamond-pearl,sell,10,pokedollars,
payapa-berry,heartgold-soulsilver,sell,10,pokedollars,
payapa-berry,omega-ruby-alpha-sapphire,sell,10,pokedollars,
payapa-berry,platinum,sell,10,pokedollars,
payapa-berry,scarlet-violet,sell,20,pokedollars,
payapa-berry,sun-moon,sell,10,pokedollars,
payapa-berry,sword-shield,sell,40,pokedollars,
payapa-berry,ultra-sun-ultra-moon,sell,10,pokedollars,
payapa-berry,x-y,sell,10,pokedollars,
peach-tablecloth,scarlet-violet,buy,1000,pokedollars,
peach-tablecloth,scarlet-violet,sell,250,pokedollars,
peanut-butter,scarlet-violet,buy,300,pokedollars,
peanut-butter,scarlet-violet,sell,75,pokedollars,
pearl,gold-silver,buy,650,pokedollars,
pearl,gold-silver,sell,700,pokedollars,
pearl,sun-moon,sell,1000,pokedollars,
pearl,sword-shield,sell,1000,pokedollars,
pearl-string,black-white,sell,25000,pokedollars,Ore Maniac in Icirrus City Pokémon Center
pearl-string,omega-ruby-alpha-sapphire,sell,7500,pokedollars,
pearl-string,sun-moon,sell,15000,pokedollars,
pearl-string,sword-shield,sell,27500,pokedollars,Valuable item buyer in Stow-on-Side
pearl-string,sword-shield,sell,10000,pokedollars,
pearl-string,ultra-sun-ultra-moon,sell,15000,pokedollars,
pearl-string,x-y,sell,7500,pokedollars,
peat-block,legends-arceus,sell,500,pokedollars,
peat-block,legends-arceus,buy,10000,pokedollars,
pecha-berry,brilliant-diamond-shining-pearl,sell,10,pokedollars,
pecha-berry,brilliant-diamond-shining-pearl,buy,80,pokedollars,
pecha-berry,emerald,sell,10,pokedollars,
pecha-berry,legends-arceus,sell,30,pokedollars,
pecha-berry,legends-arceus,buy,120,pokedollars,
pecha-berry,ruby-sapphire,sell,10,pokedollars,
pecha-berry,scarlet-violet,sell,20,pokedollars,
pecha-berry,sword-shield,sell,40,pokedollars,
pecha-berry,sword-shield,buy,80,pokedollars,
pep-up-plant,legends-arceus,sell,40,pokedollars,
pep-up-plant,legends-arceus,buy,160,pokedollars,
pepper,scarlet-violet,buy,100,pokedollars,
pepper,scarlet-violet,sell,25,pokedollars,
persim-berry,black-2-white-2,sell,10,pokedollars,
persim-berry,black-white,sell,10,pokedollars,
persim-berry,brilliant-diamond-shining-pearl,sell,10,pokedollars,
persim-berry,diamond-pearl,sell,10,pokedollars,
persim-berry,emerald,sell,10,pokedollars,
persim-berry,firered-leafgreen,sell,10,pokedollars,
persim-berry,heartgold-soulsilver,sell,10,pokedollars,
persim-berry,omega-ruby-alpha-sapphire,sell,10,pokedollars,
persim-berry,platinum,sell,10,pokedollars,
persim-berry,ruby-sapphire,sell,10,pokedollars,
persim-berry,scarlet-violet,sell,20,pokedollars,
persim-berry,sun-moon,sell,10,pokedollars,
persim-berry,sword-shield,sell,40,pokedollars,
persim-berry,ultra-sun-ultra-moon,sell,10,pokedollars,
persim-berry,x-y,sell,10,pokedollars,
petaya-berry,emerald,sell,10,pokedollars,
petaya-berry,ruby-sapphire,sell,10,pokedollars,
petaya-berry,scarlet-violet,sell,20,pokedollars,
petaya-berry,sword-shield,sell,40,pokedollars,
pewter-crunchies,lets-go-pikachu-lets-go-eevee,buy,500,pokedollars,
pewter-crunchies,lets-go-pikachu-lets-go-eevee,sell,250,pokedollars,
pewter-crunchies,sword-shield,sell,125,pokedollars,
pickle,scarlet-violet,buy,90,pokedollars,
pickle,scarlet-violet,sell,22,pokedollars,
pidgeotite,lets-go-pikachu-lets-go-eevee,buy,30000,pokedollars,
pika-pika-pick,scarlet-violet,buy,480,pokedollars,
pika-pika-pick,scarlet-violet,sell,120,pokedollars,
pikachu-cup,scarlet-violet,buy,2000,pokedollars,
pikachu-cup,scarlet-violet,sell,500,pokedollars,
pinap-berry,diamond-pearl,sell,10,pokedollars,
pinap-berry,emerald,sell,10,pokedollars,
pinap-berry,legends-arceus,buy,400,pokedollars,
pinap-berry,legends-arceus,sell,100,pokedollars,
pinap-berry,lets-go-pikachu-lets-go-eevee,sell,100,pokedollars,
pinap-berry,platinum,sell,10,pokedollars,
pinap-berry,ruby-sapphire,sell,10,pokedollars,
pineapple,scarlet-violet,sell,62,pokedollars,
pineapple,scarlet-violet,buy,250,pokedollars,
pink-apricorn,black-2-white-2,sell,10,pokedollars,
pink-apricorn,black-white,sell,10,pokedollars,
pink-apricorn,crystal,sell,100,pokedollars,
pink-apricorn,gold-silver,sell,100,pokedollars,
pink-apricorn,lets-go-pikachu-lets-go-eevee,sell,10,pokedollars,
pink-apricorn,omega-ruby-alpha-sapphire,sell,10,pokedollars,
pink-apricorn,scarlet-violet,sell,50,pokedollars,
pink-apricorn,sun-moon,sell,10,pokedollars,
pink-apricorn,ultra-sun-ultra-moon,sell,10,pokedollars,
pink-apricorn,x-y,sell,10,pokedollars,
pink-bottle,scarlet-violet,buy,2000,pokedollars,
pink-bottle,scarlet-violet,sell,500,pokedollars,
pink-bow,crystal,sell,50,pokedollars,
pink-bow,gold,sell,50,pokedollars,
pink-bow,silver,sell,50,pokedollars,
pink-canari-plush-lv-1,legends-za,buy,3,,Colorful Screws
pink-canari-plush-lv-2,legends-za,buy,5,,Colorful Screws
pink-canari-plush-lv-3,legends-za,buy,8,,Colorful Screws
pink-cup,scarlet-violet,buy,1500,pokedollars,
pink-cup,scarlet-violet,sell,375,pokedollars,
pink-nectar,scarlet-violet,buy,300,pokedollars,
pink-nectar,scarlet-violet,sell,75,pokedollars,
pink-nectar,sun-moon,sell,150,pokedollars,
pink-nectar,ultra-sun-ultra-moon,sell,150,pokedollars,
pink-scarf,emerald,sell,50,pokedollars,
pink-scarf,ruby-sapphire,sell,50,pokedollars,
pink-tablecloth,scarlet-violet,buy,5000,pokedollars,
pink-tablecloth,scarlet-violet,sell,1250,pokedollars,
pinsirite,lets-go-pikachu-lets-go-eevee,buy,30000,pokedollars,
pixie-plate,omega-ruby-alpha-sapphire,sell,500,pokedollars,
pixie-plate,sun-moon,buy,10000,pokedollars,
pixie-plate,sun-moon,sell,500,pokedollars,
pixie-plate,sword-shield,buy,3000,pokedollars,
pixie-plate,sword-shield,sell,500,pokedollars,
pixie-plate,x-y,sell,500,pokedollars,
plaid-tablecloth-b,scarlet-violet,buy,3000,pokedollars,
plaid-tablecloth-b,scarlet-violet,sell,750,pokedollars,
plaid-tablecloth-r,scarlet-violet,buy,3000,pokedollars,
plaid-tablecloth-r,scarlet-violet,sell,750,pokedollars,
plaid-tablecloth-y,scarlet-violet,buy,3000,pokedollars,
plaid-tablecloth-y,scarlet-violet,sell,750,pokedollars,
plume-fossil,black-white,sell,500,pokedollars,
plume-fossil,omega-ruby-alpha-sapphire,sell,500,pokedollars,
plume-fossil,sun-moon,sell,3500,pokedollars,
plume-fossil,ultra-sun-ultra-moon,buy,7000,pokedollars,
plume-fossil,ultra-sun-ultra-moon,sell,3500,pokedollars,
plume-fossil,x-y,sell,500,pokedollars,
plump-beans,legends-arceus,sell,50,pokedollars,
plump-beans,legends-arceus,buy,200,pokedollars,
poison-barb,black-2-white-2,sell,50,pokedollars,
poison-barb,black-white,sell,50,pokedollars,
poison-barb,crystal,sell,50,pokedollars,
poison-barb,diamond-pearl,sell,50,pokedollars,
poison-barb,emerald,sell,50,pokedollars,
poison-barb,firered-leafgreen,sell,50,pokedollars,
poison-barb,gold-silver,sell,50,pokedollars,
poison-barb,heartgold-soulsilver,sell,50,pokedollars,
poison-barb,platinum,sell,50,pokedollars,
poison-barb,ruby-sapphire,sell,50,pokedollars,
poison-barb,scarlet-violet,sell,750,pokedollars,
poison-barb,scarlet-violet,buy,3000,pokedollars,
poison-barb,sun-moon,sell,500,pokedollars,
poison-barb,sword-shield,buy,3000,pokedollars,
poison-barb,sword-shield,sell,500,pokedollars,
poison-barb,ultra-sun-ultra-moon,sell,500,pokedollars,
poison-gem,black-2-white-2,sell,100,pokedollars,
poison-gem,black-white,sell,100,pokedollars,
poison-gem,lets-go-pikachu-lets-go-eevee,sell,100,pokedollars,
poison-gem,omega-ruby-alpha-sapphire,sell,100,pokedollars,
poison-gem,sun-moon,sell,100,pokedollars,
poison-gem,ultra-sun-ultra-moon,sell,100,pokedollars,
poison-gem,x-y,sell,100,pokedollars,
poison-memory,sun-moon,sell,500,pokedollars,
poison-memory,sword-shield,sell,500,pokedollars,
poison-memory,ultra-sun-ultra-moon,sell,500,pokedollars,
poison-tera-shard,scarlet-violet,sell,500,pokedollars,
poke-ball,lets-go-pikachu-lets-go-eevee,sell,50,pokedollars,
poke-ball,lets-go-pikachu-lets-go-eevee,buy,100,pokedollars,
poke-ball,red-blue,sell,100,pokedollars,
poke-ball,red-blue,buy,200,pokedollars,
poke-ball,scarlet-violet,buy,200,pokedollars,
poke-ball,scarlet-violet,sell,50,pokedollars,
poke-ball,yellow,buy,200,pokedollars,
poke-ball,yellow,sell,100,pokedollars,
poke-ball-hisuian,legends-arceus,buy,100,pokedollars,
poke-ball-hisuian,legends-arceus,sell,25,pokedollars,
poke-doll,crystal,buy,1000,pokedollars,
poke-doll,crystal,sell,500,pokedollars,
poke-doll,gold-silver,sell,500,pokedollars,
poke-doll,gold-silver,buy,1000,pokedollars,
poke-doll,red-blue,sell,500,pokedollars,
poke-doll,red-blue,buy,1000,pokedollars,
poke-doll,scarlet-violet,sell,75,pokedollars,
poke-doll,scarlet-violet,buy,300,pokedollars,
poke-doll,sword-shield,buy,300,pokedollars,
poke-doll,sword-shield,sell,150,pokedollars,
poke-doll,yellow,buy,1000,pokedollars,
poke-doll,yellow,sell,500,pokedollars,
poke-toy,black-2-white-2,sell,500,pokedollars,
poke-toy,black-2-white-2,buy,1000,pokedollars,
poke-toy,black-white,sell,500,pokedollars,
poke-toy,black-white,buy,1000,pokedollars,
poke-toy,omega-ruby-alpha-sapphire,buy,1000,pokedollars,
poke-toy,omega-ruby-alpha-sapphire,sell,500,pokedollars,
poke-toy,sun-moon,sell,50,pokedollars,Not purchasable
poke-toy,ultra-sun-ultra-moon,buy,100,pokedollars,
poke-toy,ultra-sun-ultra-moon,sell,50,pokedollars,
poke-toy,x-y,sell,500,pokedollars,Not purchasable
pokeshi-doll,legends-arceus,sell,1000,pokedollars,
polished-mud-ball,lets-go-pikachu-lets-go-eevee,sell,600,pokedollars,
polka-dot-bottle,scarlet-violet,buy,1000,pokedollars,
polka-dot-bottle,scarlet-violet,sell,250,pokedollars,
polka-dot-cup,scarlet-violet,buy,800,pokedollars,
polka-dot-cup,scarlet-violet,sell,200,pokedollars,
polka-dot-tablecloth,scarlet-violet,sell,375,pokedollars,
polka-dot-tablecloth,scarlet-violet,buy,1500,pokedollars,
polkadot-bow,crystal,sell,50,pokedollars,
polkadot-bow,gold,sell,50,pokedollars,
polkadot-bow,silver,sell,50,pokedollars,
pomeg-berry,diamond-pearl,sell,10,pokedollars,
pomeg-berry,emerald,sell,10,pokedollars,
pomeg-berry,platinum,sell,10,pokedollars,
pomeg-berry,ruby-sapphire,sell,10,pokedollars,
pomeg-berry,scarlet-violet,sell,20,pokedollars,
pomeg-berry,sword-shield,sell,40,pokedollars,
pop-pod,legends-arceus,buy,400,pokedollars,
pop-pod,legends-arceus,sell,100,pokedollars,
portraitmail,crystal,sell,25,pokedollars,
portraitmail,crystal,buy,50,pokedollars,
portraitmail,gold,buy,50,pokedollars,
portraitmail,gold,sell,25,pokedollars,
portraitmail,silver,buy,50,pokedollars,
portraitmail,silver,sell,25,pokedollars,
potato-salad,scarlet-violet,buy,110,pokedollars,
potato-salad,scarlet-violet,sell,27,pokedollars,
potato-tortilla,scarlet-violet,sell,62,pokedollars,
potato-tortilla,scarlet-violet,buy,250,pokedollars,
potion,legends-arceus,buy,200,pokedollars,
potion,legends-arceus,sell,50,pokedollars,
potion,legends-za,buy,150,pokedollars,
potion,legends-za,sell,37,pokedollars,
potion,red-blue,sell,150,pokedollars,
potion,red-blue,buy,300,pokedollars,
potion,sun-moon,buy,200,pokedollars,
potion,sun-moon,sell,100,pokedollars,
potion,ultra-sun-ultra-moon,buy,200,pokedollars,
potion,ultra-sun-ultra-moon,sell,100,pokedollars,
potion,yellow,sell,150,pokedollars,
potion,yellow,buy,300,pokedollars,
power-anklet,diamond-pearl,sell,1500,pokedollars,
power-anklet,scarlet-violet,sell,2500,pokedollars,
power-anklet,scarlet-violet,buy,10000,pokedollars,
power-band,diamond-pearl,sell,1500,pokedollars,
power-band,scarlet-violet,sell,2500,pokedollars,
power-band,scarlet-violet,buy,10000,pokedollars,
power-belt,black-2-white-2,sell,1500,pokedollars,
power-belt,black-white,sell,1500,pokedollars,
power-belt,brilliant-diamond-shining-pearl,sell,1500,pokedollars,
power-belt,diamond-pearl,sell,1500,pokedollars,
power-belt,heartgold-soulsilver,sell,1500,pokedollars,
power-belt,omega-ruby-alpha-sapphire,sell,1500,pokedollars,
power-belt,platinum,sell,1500,pokedollars,
power-belt,scarlet-violet,sell,2500,pokedollars,
power-belt,scarlet-violet,buy,10000,pokedollars,
power-belt,sun-moon,sell,1500,pokedollars,
power-belt,sword-shield,sell,1500,pokedollars,
power-belt,ultra-sun-ultra-moon,sell,1500,pokedollars,
power-belt,x-y,sell,1500,pokedollars,
power-bracer,black-2-white-2,sell,1500,pokedollars,
power-bracer,black-white,sell,1500,pokedollars,
power-bracer,brilliant-diamond-shining-pearl,sell,1500,pokedollars,
power-bracer,diamond-pearl,sell,1500,pokedollars,
power-bracer,heartgold-soulsilver,sell,1500,pokedollars,
power-bracer,omega-ruby-alpha-sapphire,sell,1500,pokedollars,
power-bracer,scarlet-violet,buy,10000,pokedollars,
power-bracer,scarlet-violet,sell,2500,pokedollars,
power-bracer,sun-moon,sell,1500,pokedollars,
power-bracer,sword-shield,sell,1500,pokedollars,
power-bracer,ultra-sun-ultra-moon,sell,1500,pokedollars,
power-bracer,x-y,sell,1500,pokedollars,
power-herb,black-2-white-2,sell,50,pokedollars,
power-herb,black-white,sell,50,pokedollars,
power-herb,brilliant-diamond-shining-pearl,sell,50,pokedollars,
power-herb,diamond-pearl,sell,50,pokedollars,
power-herb,heartgold-soulsilver,sell,50,pokedollars,
power-herb,omega-ruby-alpha-sapphire,sell,50,pokedollars,
power-herb,platinum,sell,50,pokedollars,
power-herb,scarlet-violet,buy,30000,pokedollars,
power-herb,scarlet-violet,sell,7500,pokedollars,
power-herb,sun-moon,sell,2000,pokedollars,
power-herb,sword-shield,sell,2000,pokedollars,
power-herb,ultra-sun-ultra-moon,sell,2000,pokedollars,
power-herb,x-y,sell,50,pokedollars,
power-lens,black-2-white-2,sell,1500,pokedollars,Not purchasable in these versions
power-lens,black-white,sell,1500,pokedollars,Not purchasable in these versions
power-lens,brilliant-diamond-shining-pearl,sell,1500,pokedollars,Not purchasable in these versions
power-lens,diamond-pearl,sell,1500,pokedollars,Not purchasable in these versions
power-lens,heartgold-soulsilver,sell,1500,pokedollars,Not purchasable in these versions
power-lens,omega-ruby-alpha-sapphire,sell,1500,pokedollars,Not purchasable in these versions
power-lens,platinum,sell,1500,pokedollars,Not purchasable in these versions
power-lens,scarlet-violet,buy,10000,pokedollars,
power-lens,scarlet-violet,sell,2500,pokedollars,
power-lens,sun-moon,sell,1500,pokedollars,Not purchasable in these versions
power-lens,sword-shield,sell,1500,pokedollars,Not purchasable in these versions
power-lens,ultra-sun-ultra-moon,sell,1500,pokedollars,Not purchasable in these versions
power-lens,x-y,sell,1500,pokedollars,Not purchasable in these versions
power-weight,black-2-white-2,sell,1500,pokedollars,
power-weight,black-white,sell,1500,pokedollars,
power-weight,brilliant-diamond-shining-pearl,sell,1500,pokedollars,
power-weight,diamond-pearl,sell,1500,pokedollars,
power-weight,heartgold-soulsilver,sell,1500,pokedollars,
power-weight,omega-ruby-alpha-sapphire,sell,1500,pokedollars,
power-weight,platinum,sell,1500,pokedollars,
power-weight,scarlet-violet,sell,2500,pokedollars,
power-weight,scarlet-violet,buy,10000,pokedollars,
power-weight,sun-moon,sell,1500,pokedollars,
power-weight,sword-shield,sell,1500,pokedollars,
power-weight,ultra-sun-ultra-moon,sell,1500,pokedollars,
power-weight,x-y,sell,1500,pokedollars,
pp-max,black-2-white-2,sell,4900,pokedollars,
pp-max,black-white,sell,4900,pokedollars,
pp-max,brilliant-diamond-shining-pearl,sell,4900,pokedollars,
pp-max,diamond-pearl,sell,4900,pokedollars,
pp-max,emerald,sell,4900,pokedollars,
pp-max,firered-leafgreen,sell,4900,pokedollars,
pp-max,heartgold-soulsilver,sell,4900,pokedollars,
pp-max,omega-ruby-alpha-sapphire,sell,4900,pokedollars,
pp-max,platinum,sell,4900,pokedollars,
pp-max,ruby-sapphire,sell,4900,pokedollars,
pp-max,scarlet-violet,sell,2500,pokedollars,
pp-max,sun-moon,sell,5000,pokedollars,
pp-max,sword-shield,sell,5000,pokedollars,
pp-max,ultra-sun-ultra-moon,sell,5000,pokedollars,
pp-max,x-y,sell,4900,pokedollars,
pp-up,black-2-white-2,buy,12500,pokedollars,
pp-up,black-2-white-2,sell,4900,pokedollars,
pp-up,crystal,sell,4900,pokedollars,
pp-up,gold-silver,sell,4900,pokedollars,
pp-up,red-blue,sell,0,pokedollars,
pp-up,scarlet-violet,buy,10000,pokedollars,
pp-up,scarlet-violet,sell,2500,pokedollars,
pp-up,sun-moon,sell,5000,pokedollars,
pp-up,ultra-sun-ultra-moon,sell,5000,pokedollars,
pp-up,yellow,sell,0,pokedollars,
precooked-burger,sword-shield,buy,150,pokedollars,
precooked-burger,sword-shield,sell,75,pokedollars,
premier-ball,black-2-white-2,buy,500,pokedollars,
premier-ball,legends-za,buy,200,pokedollars,
premier-ball,x-y,buy,200,pokedollars,
pretty-feather,black-2-white-2,sell,100,pokedollars,
pretty-feather,black-white,sell,100,pokedollars,
pretty-feather,lets-go-pikachu-lets-go-eevee,sell,500,pokedollars,
pretty-feather,omega-ruby-alpha-sapphire,sell,100,pokedollars,
pretty-feather,scarlet-violet,sell,500,pokedollars,
pretty-feather,sun-moon,sell,500,pokedollars,
pretty-feather,sword-shield,sell,500,pokedollars,
pretty-feather,ultra-sun-ultra-moon,sell,500,pokedollars,
pretty-feather,x-y,sell,100,pokedollars,
prism-scale,black-2-white-2,sell,250,pokedollars,
prism-scale,black-white,sell,250,pokedollars,
prism-scale,omega-ruby-alpha-sapphire,sell,250,pokedollars,
prism-scale,scarlet-violet,sell,750,pokedollars,
prism-scale,sun-moon,sell,1000,pokedollars,
prism-scale,sword-shield,sell,1000,pokedollars,
prism-scale,ultra-sun-ultra-moon,sell,1000,pokedollars,
prism-scale,x-y,sell,250,pokedollars,
prosciutto,scarlet-violet,buy,200,pokedollars,
prosciutto,scarlet-violet,sell,50,pokedollars,
protective-pads,scarlet-violet,sell,3750,pokedollars,
protective-pads,scarlet-violet,buy,15000,pokedollars,
protective-pads,sun-moon,sell,2000,pokedollars,
protective-pads,sword-shield,buy,3000,pokedollars,
protective-pads,sword-shield,sell,2000,pokedollars,
protective-pads,ultra-sun-ultra-moon,sell,2000,pokedollars,
protector,black-2-white-2,buy,10000,pokedollars,
protector,diamond-pearl,sell,1050,pokedollars,
protector,legends-arceus,buy,10000,pokedollars,
protector,platinum,sell,1050,pokedollars,
protector,sword-shield,buy,3000,pokedollars,
protein,red-blue,sell,4900,pokedollars,
protein,red-blue,buy,9800,pokedollars,
protein,scarlet-violet,buy,10000,pokedollars,
protein,scarlet-violet,sell,2500,pokedollars,
protein,sun-moon,buy,10000,pokedollars,
protein,sun-moon,sell,5000,pokedollars,
protein,ultra-sun-ultra-moon,buy,10000,pokedollars,
protein,ultra-sun-ultra-moon,sell,5000,pokedollars,
protein,yellow,sell,4900,pokedollars,
protein,yellow,buy,9800,pokedollars,
przcureberry,crystal,sell,5,pokedollars,
przcureberry,gold-silver,sell,5,pokedollars,
psn-cure-berry,crystal,sell,5,pokedollars,
psn-cure-berry,gold-silver,sell,5,pokedollars,
psychic-gem,black-2-white-2,sell,100,pokedollars,
psychic-gem,black-white,sell,100,pokedollars,
psychic-gem,omega-ruby-alpha-sapphire,sell,100,pokedollars,
psychic-gem,sun-moon,sell,100,pokedollars,
psychic-gem,ultra-sun-ultra-moon,sell,100,pokedollars,
psychic-gem,x-y,sell,100,pokedollars,
psychic-memory,moon,sell,500,pokedollars,
psychic-memory,shield,sell,500,pokedollars,
psychic-memory,sun,sell,500,pokedollars,
psychic-memory,sword,sell,500,pokedollars,
psychic-memory,ultra-moon,sell,500,pokedollars,
psychic-memory,ultra-sun,sell,500,pokedollars,
psychic-seed,scarlet-violet,sell,5000,pokedollars,
psychic-seed,scarlet-violet,buy,20000,pokedollars,
psychic-seed,sun-moon,sell,2000,pokedollars,
psychic-seed,sword-shield,sell,2000,pokedollars,
psychic-seed,ultra-sun-ultra-moon,sell,2000,pokedollars,
psychic-tera-shard,scarlet-violet,sell,500,pokedollars,
pumkin-berry,ruby-sapphire,sell,10,pokedollars,
punching-glove,scarlet-violet,buy,15000,pokedollars,
punching-glove,scarlet-violet,sell,3750,pokedollars,
pungent-root,sword-shield,buy,950,pokedollars,
pungent-root,sword-shield,sell,475,pokedollars,
pure-incense,black-2-white-2,buy,9600,pokedollars,
pure-incense,black-2-white-2,sell,4800,pokedollars,
pure-incense,black-white,sell,4800,pokedollars,
pure-incense,black-white,buy,9600,pokedollars,
pure-incense,diamond-pearl,sell,4800,pokedollars,
pure-incense,heartgold-soulsilver,sell,4800,pokedollars,
pure-incense,omega-ruby-alpha-sapphire,buy,9600,pokedollars,
pure-incense,omega-ruby-alpha-sapphire,sell,4800,pokedollars,
pure-incense,platinum,sell,4800,pokedollars,
pure-incense,sun-moon,sell,3000,pokedollars,
pure-incense,sun-moon,buy,6000,pokedollars,
pure-incense,sword-shield,sell,3000,pokedollars,
pure-incense,sword-shield,buy,6000,pokedollars,
pure-incense,ultra-sun-ultra-moon,sell,3000,pokedollars,
pure-incense,ultra-sun-ultra-moon,buy,6000,pokedollars,
pure-incense,x-y,sell,4800,pokedollars,
pure-incense,x-y,buy,9600,pokedollars,
purple-nectar,scarlet-violet,buy,300,pokedollars,
purple-nectar,scarlet-violet,sell,75,pokedollars,
purple-nectar,sun-moon,sell,150,pokedollars,
purple-nectar,ultra-sun-ultra-moon,sell,150,pokedollars,
qualot-berry,emerald,sell,10,pokedollars,
qualot-berry,ruby-sapphire,sell,10,pokedollars,
qualot-berry,scarlet-violet,sell,20,pokedollars,
qualot-berry,sword-shield,sell,40,pokedollars,
quick-ball,diamond-pearl,sell,500,pokedollars,
quick-ball,diamond-pearl,buy,1000,pokedollars,
quick-ball,heartgold-soulsilver,buy,1000,pokedollars,
quick-ball,heartgold-soulsilver,sell,500,pokedollars,
quick-ball,platinum,sell,500,pokedollars,
quick-ball,platinum,buy,1000,pokedollars,
quick-ball,scarlet-violet,buy,1000,pokedollars,
quick-ball,scarlet-violet,sell,250,pokedollars,
quick-candy,lets-go-pikachu-lets-go-eevee,sell,10,pokedollars,
quick-candy-l,lets-go-pikachu-lets-go-eevee,sell,10,pokedollars,
quick-candy-xl,lets-go-pikachu-lets-go-eevee,sell,10,pokedollars,
quick-claw,black-2-white-2,sell,50,pokedollars,
quick-claw,black-white,sell,50,pokedollars,
quick-claw,brilliant-diamond-shining-pearl,sell,50,pokedollars,
quick-claw,crystal,sell,50,pokedollars,
quick-claw,diamond-pearl,sell,50,pokedollars,
quick-claw,emerald,sell,50,pokedollars,
quick-claw,firered-leafgreen,sell,50,pokedollars,
quick-claw,gold-silver,sell,50,pokedollars,
quick-claw,heartgold-soulsilver,sell,50,pokedollars,
quick-claw,legends-za,sell,750,pokedollars,
quick-claw,omega-ruby-alpha-sapphire,sell,50,pokedollars,
quick-claw,platinum,sell,50,pokedollars,
quick-claw,ruby-sapphire,sell,50,pokedollars,
quick-claw,scarlet-violet,sell,2000,pokedollars,
quick-claw,scarlet-violet,buy,8000,pokedollars,
quick-claw,sun-moon,sell,2000,pokedollars,
quick-claw,sword-shield,sell,2000,pokedollars,
quick-claw,sword-shield,buy,3000,pokedollars,
quick-claw,ultra-sun-ultra-moon,sell,2000,pokedollars,
quick-claw,x-y,sell,50,pokedollars,
quick-powder,black-2-white-2,sell,5,pokedollars,
quick-powder,black-white,sell,5,pokedollars,
quick-powder,diamond-pearl,sell,5,pokedollars,
quick-powder,heartgold-soulsilver,sell,5,pokedollars,
quick-powder,omega-ruby-alpha-sapphire,sell,5,pokedollars,
quick-powder,sun-moon,sell,500,pokedollars,
quick-powder,sword-shield,sell,500,pokedollars,
quick-powder,ultra-sun-ultra-moon,sell,500,pokedollars,
quick-powder,x-y,sell,5,pokedollars,
quiet-mint,brilliant-diamond-shining-pearl,sell,10,pokedollars,
quiet-mint,legends-arceus,sell,500,pokedollars,
quiet-mint,scarlet-violet,sell,5000,pokedollars,
quiet-mint,scarlet-violet,buy,20000,pokedollars,
quiet-mint,sword-shield,sell,10,pokedollars,
rabuta-berry,black-2-white-2,sell,10,pokedollars,Can be sold to the gourmet maniac on Route 5 for 500 Pokédollars in Generation V
rabuta-berry,black-white,sell,10,pokedollars,Can be sold to the gourmet maniac on Route 5 for 500 Pokédollars in Generation V
rabuta-berry,brilliant-diamond-shining-pearl,sell,10,pokedollars,
rabuta-berry,diamond-pearl,sell,10,pokedollars,
rabuta-berry,emerald,sell,10,pokedollars,
rabuta-berry,platinum,sell,10,pokedollars,
rabuta-berry,ruby-sapphire,sell,10,pokedollars,
rabuta-berry,x-y,sell,10,pokedollars,
rage-candy-bar,black-2-white-2,sell,150,pokedollars,
rage-candy-bar,black-2-white-2,buy,2000,pokedollars,
rage-candy-bar,black-white,sell,150,pokedollars,
rage-candy-bar,crystal,sell,150,pokedollars,
rage-candy-bar,crystal,buy,300,pokedollars,
rage-candy-bar,gold-silver,buy,300,pokedollars,
rage-candy-bar,gold-silver,sell,150,pokedollars,
rage-candy-bar,heartgold-soulsilver,buy,300,pokedollars,
rage-candy-bar,sun-moon,sell,175,pokedollars,
rage-candy-bar,sword-shield,sell,175,pokedollars,
rage-candy-bar,ultra-sun-ultra-moon,sell,175,pokedollars,
rainbow-slate,brilliant-diamond,buy,0,,Costs 3 Mysterious Shards S or 1 Mysterious Shard L
rare-bone,black,buy,30000,pokedollars,
rare-bone,black,sell,5000,pokedollars,
rare-bone,diamond-pearl,sell,5000,pokedollars,
rare-bone,platinum,sell,5000,pokedollars,
rare-bone,sun-moon,sell,2500,pokedollars,
rare-bone,ultra-sun-ultra-moon,sell,2500,pokedollars,
rare-candy,legends-arceus,sell,2500,pokedollars,
rare-candy,red-blue,sell,2400,pokedollars,
rare-candy,sun-moon,sell,5000,pokedollars,
rare-candy,ultra-sun-ultra-moon,sell,5000,pokedollars,
rare-candy,yellow,sell,2400,pokedollars,
rash-mint,brilliant-diamond-shining-pearl,sell,10,pokedollars,
rash-mint,legends-arceus,sell,500,pokedollars,
rash-mint,scarlet-violet,buy,20000,pokedollars,
rash-mint,scarlet-violet,sell,5000,pokedollars,
rash-mint,sword-shield,sell,10,pokedollars,
rawst-berry,brilliant-diamond-shining-pearl,buy,80,pokedollars,
rawst-berry,emerald,sell,10,pokedollars,
rawst-berry,legends-arceus,buy,120,pokedollars,
rawst-berry,ruby-sapphire,sell,10,pokedollars,
rawst-berry,sword-shield,sell,40,pokedollars,
razor-claw,diamond-pearl,sell,1050,pokedollars,
razor-claw,heartgold-soulsilver,sell,1050,pokedollars,
razor-claw,legends-arceus,buy,10000,pokedollars,
razor-claw,platinum,sell,1050,pokedollars,
razor-claw,scarlet-violet,buy,15000,pokedollars,
razor-claw,sun-moon,sell,2500,pokedollars,
razor-claw,sword-shield,buy,3000,pokedollars,
razor-claw,ultra-sun-ultra-moon,sell,2500,pokedollars,
razor-fang,black-2-white-2,sell,1050,pokedollars,
razor-fang,black-white,sell,1050,pokedollars,
razor-fang,brilliant-diamond-shining-pearl,sell,1050,pokedollars,
razor-fang,diamond-pearl,sell,1050,pokedollars,
razor-fang,heartgold-soulsilver,sell,1050,pokedollars,
razor-fang,legends-arceus,sell,500,pokedollars,
razor-fang,legends-arceus,buy,10000,pokedollars,
razor-fang,omega-ruby-alpha-sapphire,sell,1050,pokedollars,
razor-fang,platinum,sell,1050,pokedollars,
razor-fang,sun-moon,sell,2500,pokedollars,
razor-fang,ultra-sun-ultra-moon,sell,2500,pokedollars,
razor-fang,x-y,sell,1050,pokedollars,
razz-berry,black-2-white-2,sell,10,pokedollars,
razz-berry,black-white,sell,10,pokedollars,
razz-berry,brilliant-diamond-shining-pearl,sell,10,pokedollars,
razz-berry,diamond-pearl,sell,10,pokedollars,
razz-berry,emerald,sell,10,pokedollars,
razz-berry,firered-leafgreen,sell,10,pokedollars,
razz-berry,heartgold-soulsilver,sell,10,pokedollars,
razz-berry,legends-arceus,sell,125,pokedollars,
razz-berry,legends-arceus,buy,500,pokedollars,
razz-berry,lets-go-pikachu-lets-go-eevee,sell,100,pokedollars,
razz-berry,omega-ruby-alpha-sapphire,sell,10,pokedollars,
razz-berry,platinum,sell,10,pokedollars,
razz-berry,ruby-sapphire,sell,10,pokedollars,
razz-berry,sword-shield,sell,40,pokedollars,
razz-berry,x-y,sell,10,pokedollars,
reaper-cloth,black-2-white-2,sell,1050,pokedollars,
reaper-cloth,black-white,sell,1050,pokedollars,
reaper-cloth,brilliant-diamond-shining-pearl,sell,1050,pokedollars,
reaper-cloth,diamond-pearl,sell,1050,pokedollars,
reaper-cloth,heartgold-soulsilver,sell,1050,pokedollars,
reaper-cloth,legends-arceus,sell,500,pokedollars,
reaper-cloth,legends-arceus,buy,10000,pokedollars,
reaper-cloth,omega-ruby-alpha-sapphire,sell,1050,pokedollars,
reaper-cloth,platinum,sell,1050,pokedollars,
reaper-cloth,sun-moon,sell,1000,pokedollars,
reaper-cloth,sword-shield,buy,3000,pokedollars,
reaper-cloth,sword-shield,sell,1000,pokedollars,
reaper-cloth,ultra-sun-ultra-moon,sell,1000,pokedollars,
reaper-cloth,x-y,sell,1050,pokedollars,
red-apricorn,black-2-white-2,sell,10,pokedollars,
red-apricorn,black-white,sell,10,pokedollars,
red-apricorn,crystal,sell,100,pokedollars,
red-apricorn,gold-silver,sell,100,pokedollars,
red-apricorn,lets-go-pikachu-lets-go-eevee,sell,10,pokedollars,
red-apricorn,omega-ruby-alpha-sapphire,sell,10,pokedollars,
red-apricorn,scarlet-violet,sell,50,pokedollars,
red-apricorn,sun-moon,sell,10,pokedollars,
red-apricorn,ultra-sun-ultra-moon,sell,10,pokedollars,
red-apricorn,x-y,sell,10,pokedollars,
red-bell-pepper,scarlet-violet,sell,60,pokedollars,
red-bell-pepper,scarlet-violet,buy,240,pokedollars,
red-canari-plush-lv-2,legends-za,buy,5,,Purchased using Colorful Screws
red-canari-plush-lv-3,legends-za,buy,8,,Purchased using Colorful Screws
red-card,black-2-white-2,sell,100,pokedollars,
red-card,black-white,sell,100,pokedollars,
red-card,scarlet-violet,sell,7500,pokedollars,
red-card,scarlet-violet,buy,30000,pokedollars,
red-card,sun-moon,sell,2000,pokedollars,
red-card,sword-shield,sell,2000,pokedollars,
red-card,ultra-sun-ultra-moon,sell,2000,pokedollars,
red-flag-pick,scarlet-violet,sell,30,pokedollars,
red-flag-pick,scarlet-violet,buy,120,pokedollars,
red-flute,black-2-white-2,sell,100,pokedollars,Can be sold to the billionaire maniac in Undella Town for 7500 Poké Dollars.
red-flute,black-white,sell,100,pokedollars,Can be sold to the billionaire maniac in Undella Town for 7500 Poké Dollars.
red-flute,diamond-pearl,sell,100,pokedollars,
red-flute,emerald,sell,100,pokedollars,
red-flute,firered-leafgreen,sell,100,pokedollars,
red-flute,heartgold-soulsilver,sell,100,pokedollars,
red-flute,omega-ruby-alpha-sapphire,sell,100,pokedollars,
red-flute,platinum,sell,100,pokedollars,
red-flute,ruby-sapphire,sell,100,pokedollars,
red-flute,sun-moon,sell,10,pokedollars,
red-flute,ultra-sun-ultra-moon,sell,10,pokedollars,
red-flute,x-y,sell,100,pokedollars,
red-nectar,scarlet-violet,buy,300,pokedollars,
red-nectar,scarlet-violet,sell,75,pokedollars,
red-nectar,sun-moon,sell,150,pokedollars,
red-nectar,ultra-sun-ultra-moon,sell,150,pokedollars,
red-onion,scarlet-violet,buy,230,pokedollars,
red-onion,scarlet-violet,sell,57,pokedollars,
red-orb,sun-moon,buy,10000,pokedollars,
red-orb,ultra-sun-ultra-moon,buy,10000,pokedollars,
red-poke-ball-pick,scarlet-violet,buy,200,pokedollars,
red-poke-ball-pick,scarlet-violet,sell,50,pokedollars,
red-scarf,black-white,sell,50,pokedollars,
red-scarf,brilliant-diamond-shining-pearl,sell,50,pokedollars,
red-scarf,diamond-pearl,sell,50,pokedollars,
red-scarf,omega-ruby-alpha-sapphire,sell,50,pokedollars,
red-scarf,ruby-sapphire,sell,50,pokedollars,
red-scarf,sun-moon,sell,50,pokedollars,
red-scarf,x-y,sell,50,pokedollars,
red-shard,black-2-white-2,sell,100,pokedollars,
red-shard,black-white,buy,3000,pokedollars,
red-shard,brilliant-diamond-shining-pearl,sell,100,pokedollars,
red-shard,diamond-pearl,sell,100,pokedollars,
red-shard,emerald,sell,100,pokedollars,
red-shard,firered-leafgreen,sell,100,pokedollars,
red-shard,heartgold-soulsilver,sell,100,pokedollars,
red-shard,legends-arceus,sell,150,pokedollars,
red-shard,omega-ruby-alpha-sapphire,sell,100,pokedollars,
red-shard,platinum,sell,100,pokedollars,
red-shard,ruby-sapphire,sell,100,pokedollars,
red-shard,sun-moon,sell,500,pokedollars,
red-shard,ultra-sun-ultra-moon,sell,500,pokedollars,
red-shard,x-y,sell,100,pokedollars,
relaxed-mint,brilliant-diamond-shining-pearl,sell,10,pokedollars,
relaxed-mint,legends-arceus,sell,500,pokedollars,
relaxed-mint,scarlet-violet,sell,5000,pokedollars,
relaxed-mint,scarlet-violet,buy,20000,pokedollars,
relaxed-mint,sword-shield,sell,10,pokedollars,
relic-band,black-2-white-2,sell,100000,pokedollars,Sold to the billionaire maniac in Undella Town
relic-band,black-white,sell,100000,pokedollars,Sold to the billionaire maniac in Undella Town
relic-copper,black-2-white-2,sell,1000,pokedollars,Sold to the billionaire maniac in Undella Town
relic-copper,black-white,sell,1000,pokedollars,Sold to the billionaire maniac in Undella Town
relic-crown,black-2-white-2,sell,300000,pokedollars,Sold to the billionaire maniac in Undella Town
relic-crown,black-white,sell,300000,pokedollars,Sold to the billionaire maniac in Undella Town
relic-gold,black-white,sell,10000,pokedollars,Sold to the billionaire maniac in Undella Town
relic-gold,omega-ruby-alpha-sapphire,sell,30000,pokedollars,
relic-gold,sun-moon,sell,30000,pokedollars,
relic-gold,ultra-sun-ultra-moon,sell,30000,pokedollars,
relic-silver,black-2-white-2,sell,5000,pokedollars,Sold to the billionaire maniac in Undella Town
relic-silver,black-white,sell,5000,pokedollars,Sold to the billionaire maniac in Undella Town
relic-statue,black-2-white-2,sell,200000,pokedollars,Sold to the billionaire maniac in Undella Town
relic-statue,black-white,sell,200000,pokedollars,Sold to the billionaire maniac in Undella Town
relic-vase,black-white,sell,50000,pokedollars,Sold to the billionaire maniac in Undella Town
remedy,legends-arceus,sell,75,pokedollars,
repeat-ball,ruby-sapphire,buy,1000,pokedollars,
repeat-ball,ruby-sapphire,sell,500,pokedollars,
repeat-ball,scarlet-violet,sell,250,pokedollars,
repeat-ball,scarlet-violet,buy,1000,pokedollars,
repel,red-blue,sell,175,pokedollars,
repel,red-blue,buy,350,pokedollars,
repel,sun-moon,buy,400,pokedollars,
repel,sun-moon,sell,200,pokedollars,
repel,ultra-sun-ultra-moon,buy,400,pokedollars,
repel,ultra-sun-ultra-moon,sell,200,pokedollars,
repel,yellow,buy,350,pokedollars,
repel,yellow,sell,175,pokedollars,
reply-mail,black-2-white-2,buy,50,pokedollars,
reply-mail,black-2-white-2,sell,25,pokedollars,
reply-mail,black-white,sell,25,pokedollars,
reply-mail,black-white,buy,50,pokedollars,
resist-feather,black-2-white-2,sell,1500,pokedollars,
resist-feather,black-white,sell,1500,pokedollars,
resist-feather,omega-ruby-alpha-sapphire,sell,1500,pokedollars,
resist-feather,scarlet-violet,sell,75,pokedollars,
resist-feather,sun-moon,sell,150,pokedollars,
resist-feather,sword-shield,sell,150,pokedollars,
resist-feather,ultra-sun-ultra-moon,sell,150,pokedollars,
resist-feather,x-y,sell,1500,pokedollars,
resist-mochi,scarlet-violet,sell,125,pokedollars,
retro-mail,emerald,sell,25,pokedollars,Cannot be purchased.
retro-mail,firered-leafgreen,sell,25,pokedollars,
retro-mail,firered-leafgreen,buy,50,pokedollars,
retro-mail,ruby-sapphire,sell,25,pokedollars,Cannot be purchased.
revival-herb,crystal,buy,2800,pokedollars,
revival-herb,crystal,sell,1400,pokedollars,
revival-herb,gold-silver,sell,1400,pokedollars,
revival-herb,gold-silver,buy,2800,pokedollars,
revival-herb,scarlet-violet,sell,700,pokedollars,
revival-herb,scarlet-violet,buy,2800,pokedollars,
revive,legends-arceus,buy,700,pokedollars,
revive,legends-arceus,sell,175,pokedollars,
revive,legends-za,sell,200,pokedollars,
revive,legends-za,buy,800,pokedollars,
revive,red-blue,buy,1500,pokedollars,
revive,red-blue,sell,750,pokedollars,
revive,scarlet-violet,sell,500,pokedollars,
revive,scarlet-violet,buy,2000,pokedollars,
revive,sun-moon,sell,1000,pokedollars,
revive,sun-moon,buy,2000,pokedollars,
revive,ultra-sun-ultra-moon,sell,1000,pokedollars,
revive,ultra-sun-ultra-moon,buy,2000,pokedollars,
revive,yellow,sell,750,pokedollars,
revive,yellow,buy,1500,pokedollars,
ribbon-sweet,scarlet-violet,sell,250,pokedollars,
ribbon-sweet,sword-shield,sell,250,pokedollars,
rice,scarlet-violet,buy,280,pokedollars,
rice,scarlet-violet,sell,70,pokedollars,
rich-mulch,omega-ruby-alpha-sapphire,sell,100,pokedollars,
rich-mulch,sun-moon,sell,100,pokedollars,
rich-mulch,ultra-sun-ultra-moon,sell,100,pokedollars,
rich-mulch,x-y,sell,100,pokedollars,
rindo-berry,black-2-white-2,sell,10,pokedollars,Can be sold to Gourmet Maniac for 20
rindo-berry,black-white,sell,10,pokedollars,Can be sold to Gourmet Maniac for 20
rindo-berry,diamond-pearl,sell,10,pokedollars,
rindo-berry,heartgold-soulsilver,sell,10,pokedollars,
rindo-berry,platinum,sell,10,pokedollars,
rindo-berry,scarlet-violet,sell,20,pokedollars,
rindo-berry,sword-shield,sell,40,pokedollars,
ring-target,black-2-white-2,sell,100,pokedollars,
ring-target,black-white,sell,100,pokedollars,
ring-target,omega-ruby-alpha-sapphire,sell,100,pokedollars,
ring-target,scarlet-violet,sell,2500,pokedollars,
ring-target,scarlet-violet,buy,10000,pokedollars,
ring-target,sun-moon,sell,2000,pokedollars,
ring-target,sword-shield,buy,3000,pokedollars,
ring-target,sword-shield,sell,2000,pokedollars,
ring-target,ultra-sun-ultra-moon,sell,2000,pokedollars,
ring-target,x-y,sell,100,pokedollars,
rock-gem,black-2-white-2,sell,100,pokedollars,
rock-gem,black-white,sell,100,pokedollars,
rock-gem,omega-ruby-alpha-sapphire,sell,100,pokedollars,
rock-gem,sun-moon,sell,100,pokedollars,
rock-gem,ultra-sun-ultra-moon,sell,100,pokedollars,
rock-gem,x-y,sell,100,pokedollars,
rock-incense,black-white,buy,9600,pokedollars,
rock-incense,black-white,sell,4800,pokedollars,
rock-incense,diamond-pearl,sell,4800,pokedollars,
rock-incense,sun-moon,buy,2000,pokedollars,
rock-incense,sun-moon,sell,1000,pokedollars,
rock-memory,sun-moon,sell,500,pokedollars,
rock-memory,sword-shield,sell,500,pokedollars,
rock-memory,ultra-sun-ultra-moon,sell,500,pokedollars,
rock-tera-shard,scarlet-violet,sell,500,pokedollars,
rocky-helmet,black-white,sell,100,pokedollars,
rocky-helmet,omega-ruby-alpha-sapphire,sell,100,pokedollars,
rocky-helmet,scarlet-violet,buy,50000,pokedollars,
rocky-helmet,scarlet-violet,sell,12500,pokedollars,
rocky-helmet,sun-moon,sell,2000,pokedollars,
rocky-helmet,sword-shield,sell,2000,pokedollars,
rocky-helmet,ultra-sun-ultra-moon,sell,2000,pokedollars,
rocky-helmet,x-y,sell,100,pokedollars,
room-service,scarlet-violet,buy,20000,pokedollars,
room-service,scarlet-violet,sell,5000,pokedollars,
room-service,sword-shield,sell,2000,pokedollars,
root-fossil,black-2-white-2,sell,500,pokedollars,
root-fossil,black-white,sell,500,pokedollars,
root-fossil,brilliant-diamond-shining-pearl,sell,500,pokedollars,
root-fossil,diamond-pearl,sell,500,pokedollars,
root-fossil,heartgold-soulsilver,sell,500,pokedollars,
root-fossil,omega-ruby-alpha-sapphire,sell,500,pokedollars,
root-fossil,platinum,sell,500,pokedollars,
root-fossil,sun-moon,sell,3500,pokedollars,
root-fossil,ultra-moon,buy,7000,pokedollars,
root-fossil,ultra-sun-ultra-moon,sell,3500,pokedollars,
root-fossil,x-y,sell,500,pokedollars,
rose-incense,black-2-white-2,sell,4800,pokedollars,
rose-incense,black-2-white-2,buy,9600,pokedollars,
rose-incense,black-white,buy,9600,pokedollars,
rose-incense,black-white,sell,4800,pokedollars,
rose-incense,diamond-pearl,sell,4800,pokedollars,
rose-incense,heartgold-soulsilver,sell,4800,pokedollars,
rose-incense,omega-ruby-alpha-sapphire,buy,9600,pokedollars,
rose-incense,omega-ruby-alpha-sapphire,sell,4800,pokedollars,
rose-incense,platinum,sell,4800,pokedollars,
rose-incense,sun-moon,buy,2000,pokedollars,
rose-incense,sun-moon,sell,1000,pokedollars,
rose-incense,sword-shield,buy,2000,pokedollars,
rose-incense,sword-shield,sell,1000,pokedollars,
rose-incense,ultra-sun-ultra-moon,sell,1000,pokedollars,
rose-incense,ultra-sun-ultra-moon,buy,2000,pokedollars,
rose-incense,x-y,buy,9600,pokedollars,
rose-incense,x-y,sell,4800,pokedollars,
roseli-berry,brilliant-diamond-shining-pearl,sell,10,pokedollars,
roseli-berry,omega-ruby-alpha-sapphire,sell,10,pokedollars,
roseli-berry,scarlet-violet,sell,20,pokedollars,
roseli-berry,sun-moon,sell,10,pokedollars,
roseli-berry,sword-shield,sell,40,pokedollars,
roseli-berry,ultra-sun-ultra-moon,sell,10,pokedollars,
roseli-berry,x-y,sell,10,pokedollars,
rowap-berry,black-2-white-2,sell,10,pokedollars,
rowap-berry,black-white,sell,10,pokedollars,
rowap-berry,brilliant-diamond-shining-pearl,sell,10,pokedollars,
rowap-berry,diamond-pearl,sell,10,pokedollars,
rowap-berry,heartgold-soulsilver,sell,10,pokedollars,
rowap-berry,omega-ruby-alpha-sapphire,sell,10,pokedollars,
rowap-berry,platinum,sell,10,pokedollars,
rowap-berry,scarlet-violet,sell,20,pokedollars,
rowap-berry,sword-shield,sell,40,pokedollars,
rowap-berry,x-y,sell,10,pokedollars,
rsvp-mail,black-2-white-2,buy,50,pokedollars,
rsvp-mail,black-2-white-2,sell,25,pokedollars,
rsvp-mail,black-white,buy,50,pokedollars,
rsvp-mail,black-white,sell,25,pokedollars,
sachet,legends-za,sell,750,pokedollars,
sachet,omega-ruby-alpha-sapphire,sell,1050,pokedollars,
sachet,sun-moon,sell,1000,pokedollars,
sachet,sword-shield,sell,1000,pokedollars,
sachet,ultra-sun-ultra-moon,sell,1000,pokedollars,
sachet,x-y,sell,1050,pokedollars,
sacred-ash,black-2-white-2,sell,100,pokedollars,
sacred-ash,black-white,sell,100,pokedollars,
sacred-ash,brilliant-diamond-shining-pearl,sell,100,pokedollars,
sacred-ash,crystal,sell,100,pokedollars,
sacred-ash,diamond-pearl,sell,100,pokedollars,
sacred-ash,emerald,sell,100,pokedollars,
sacred-ash,firered-leafgreen,sell,100,pokedollars,
sacred-ash,gold-silver,sell,100,pokedollars,
sacred-ash,heartgold-soulsilver,sell,100,pokedollars,
sacred-ash,omega-ruby-alpha-sapphire,sell,100,pokedollars,
sacred-ash,platinum,sell,100,pokedollars,
sacred-ash,ruby-sapphire,sell,100,pokedollars,
sacred-ash,sun-moon,sell,25000,pokedollars,
sacred-ash,ultra-sun-ultra-moon,sell,25000,pokedollars,
sacred-ash,x-y,sell,100,pokedollars,
safety-goggles,omega-ruby-alpha-sapphire,sell,500,pokedollars,
safety-goggles,scarlet-violet,buy,20000,pokedollars,
safety-goggles,scarlet-violet,sell,5000,pokedollars,
safety-goggles,sun-moon,sell,2000,pokedollars,
safety-goggles,sword-shield,sell,2000,pokedollars,
safety-goggles,ultra-sun-ultra-moon,sell,2000,pokedollars,
safety-goggles,x-y,sell,500,pokedollars,
sail-fossil,legends-za,buy,20000,pokedollars,
sail-fossil,legends-za,sell,10000,pokedollars,
sail-fossil,sun-moon,sell,3500,pokedollars,
sail-fossil,ultra-sun-ultra-moon,buy,7000,pokedollars,Ultra Moon only
sail-fossil,ultra-sun-ultra-moon,sell,3500,pokedollars,
sail-fossil,x-y,sell,500,pokedollars,
salac-berry,emerald,sell,10,pokedollars,
salac-berry,ruby-sapphire,sell,10,pokedollars,
salac-berry,scarlet-violet,sell,20,pokedollars,
salac-berry,sword-shield,sell,40,pokedollars,
salad-mix,sword-shield,buy,400,pokedollars,
salad-mix,sword-shield,sell,200,pokedollars,
salt,scarlet-violet,buy,90,pokedollars,
salt,scarlet-violet,sell,22,pokedollars,
salt-cake,legends-arceus,buy,400,pokedollars,
salt-cake,legends-arceus,sell,100,pokedollars,
sand-radish,legends-arceus,sell,200,pokedollars,
sand-radish,legends-arceus,buy,800,pokedollars,
sassy-mint,brilliant-diamond-shining-pearl,sell,10,pokedollars,
sassy-mint,legends-arceus,sell,500,pokedollars,
sassy-mint,scarlet-violet,buy,20000,pokedollars,
sassy-mint,scarlet-violet,sell,5000,pokedollars,
sassy-mint,sword-shield,sell,10,pokedollars,
sausages,sword-shield,sell,200,pokedollars,
sausages,sword-shield,buy,400,pokedollars,
scatter-bang,legends-arceus,buy,500,pokedollars,
scatter-bang,legends-arceus,sell,125,pokedollars,
scizorite,legends-za,buy,50000,pokedollars,
scope-lens,crystal,sell,100,pokedollars,
scope-lens,gold-silver,sell,100,pokedollars,
scope-lens,scarlet-violet,sell,3750,pokedollars,
scope-lens,scarlet-violet,buy,15000,pokedollars,
scope-lens,sun-moon,sell,2000,pokedollars,
scope-lens,ultra-sun-ultra-moon,sell,2000,pokedollars,
sea-incense,black-white,buy,9600,pokedollars,
sea-incense,black-white,sell,4800,pokedollars,
sea-incense,sun-moon,buy,2000,pokedollars,
sea-incense,sun-moon,sell,1000,pokedollars,
seed-of-mastery,legends-arceus,sell,3000,pokedollars,
seed-of-mastery,legends-za,sell,750,pokedollars,
serious-mint,brilliant-diamond-shining-pearl,sell,10,pokedollars,
serious-mint,legends-arceus,sell,500,pokedollars,
serious-mint,scarlet-violet,buy,20000,pokedollars,
serious-mint,scarlet-violet,sell,5000,pokedollars,
serious-mint,sword-shield,sell,10,pokedollars,
shadow-mail,emerald,sell,25,pokedollars,
shadow-mail,emerald,buy,50,pokedollars,
shadow-mail,firered,sell,25,pokedollars,Not purchasable
shadow-mail,leafgreen,sell,25,pokedollars,Not purchasable
shadow-mail,ruby,sell,25,pokedollars,
shadow-mail,ruby,buy,50,pokedollars,
shadow-mail,sapphire,buy,50,pokedollars,
shadow-mail,sapphire,sell,25,pokedollars,
shalour-sable,omega-ruby-alpha-sapphire,sell,100,pokedollars,
shalour-sable,scarlet-violet,sell,87,pokedollars,
shalour-sable,sun-moon,sell,175,pokedollars,
shalour-sable,sword-shield,sell,175,pokedollars,
shalour-sable,ultra-sun-ultra-moon,sell,175,pokedollars,
shalour-sable,x-y,sell,100,pokedollars,
sharp-beak,black-2-white-2,sell,50,pokedollars,
sharp-beak,black-white,sell,50,pokedollars,
sharp-beak,brilliant-diamond-shining-pearl,sell,50,pokedollars,
sharp-beak,colosseum,sell,50,pokedollars,
sharp-beak,crystal,sell,50,pokedollars,
sharp-beak,diamond-pearl,sell,50,pokedollars,
sharp-beak,emerald,sell,50,pokedollars,
sharp-beak,firered-leafgreen,sell,50,pokedollars,
sharp-beak,gold-silver,sell,50,pokedollars,
sharp-beak,heartgold-soulsilver,sell,50,pokedollars,
sharp-beak,omega-ruby-alpha-sapphire,sell,50,pokedollars,
sharp-beak,platinum,sell,50,pokedollars,
sharp-beak,ruby-sapphire,sell,50,pokedollars,
sharp-beak,scarlet-violet,buy,3000,pokedollars,
sharp-beak,scarlet-violet,sell,750,pokedollars,
sharp-beak,sun-moon,sell,500,pokedollars,
sharp-beak,sword-shield,buy,3000,pokedollars,
sharp-beak,sword-shield,sell,500,pokedollars,
sharp-beak,ultra-sun-ultra-moon,sell,500,pokedollars,
sharp-beak,x-y,sell,50,pokedollars,
sharp-beak,xd,sell,50,pokedollars,
shed-shell,black-2-white-2,sell,50,pokedollars,
shed-shell,black-white,sell,50,pokedollars,
shed-shell,brilliant-diamond-shining-pearl,sell,50,pokedollars,
shed-shell,diamond-pearl,sell,50,pokedollars,
shed-shell,heartgold-soulsilver,sell,50,pokedollars,
shed-shell,omega-ruby-alpha-sapphire,sell,50,pokedollars,
shed-shell,platinum,sell,50,pokedollars,
shed-shell,scarlet-violet,sell,5000,pokedollars,
shed-shell,scarlet-violet,buy,20000,pokedollars,
shed-shell,sun-moon,sell,2000,pokedollars,
shed-shell,sword-shield,sell,2000,pokedollars,
shed-shell,ultra-sun-ultra-moon,sell,2000,pokedollars,
shed-shell,x-y,sell,50,pokedollars,
shell-bell,black-2-white-2,sell,100,pokedollars,
shell-bell,black-white,sell,100,pokedollars,
shell-bell,diamond-pearl,sell,100,pokedollars,
shell-bell,emerald,sell,100,pokedollars,
shell-bell,firered-leafgreen,sell,100,pokedollars,
shell-bell,heartgold-soulsilver,sell,100,pokedollars,
shell-bell,omega-ruby-alpha-sapphire,sell,100,pokedollars,
shell-bell,platinum,sell,100,pokedollars,
shell-bell,ruby-sapphire,sell,100,pokedollars,
shell-bell,scarlet-violet,sell,5000,pokedollars,
shell-bell,scarlet-violet,buy,20000,pokedollars,
shell-bell,sun-moon,sell,2000,pokedollars,
shell-bell,sword-shield,sell,2000,pokedollars,
shell-bell,ultra-sun-ultra-moon,sell,2000,pokedollars,
shell-bell,x-y,sell,100,pokedollars,
shiny-stone,black-2-white-2,buy,4000,pokedollars,
shiny-stone,black-white,buy,10000,pokedollars,
shiny-stone,diamond-pearl,sell,1050,pokedollars,
shiny-stone,platinum,sell,1050,pokedollars,
shoal-salt,black-2-white-2,sell,7000,pokedollars,Sold to the gourmet maniac
shoal-salt,black-white,sell,7000,pokedollars,Sold to the gourmet maniac on Route 5
shoal-salt,diamond-pearl,sell,10,pokedollars,
shoal-salt,emerald,sell,10,pokedollars,
shoal-salt,firered-leafgreen,sell,10,pokedollars,
shoal-salt,heartgold-soulsilver,sell,10,pokedollars,
shoal-salt,platinum,sell,10,pokedollars,
shoal-salt,ruby-sapphire,sell,10,pokedollars,
shoal-shell,black-2-white-2,sell,7000,pokedollars,Sold to Ore Maniac in Icirrus City Pokémon Center
shoal-shell,black-white,sell,7000,pokedollars,Sold to Ore Maniac in Icirrus City Pokémon Center
shoal-shell,diamond-pearl,sell,10,pokedollars,
shoal-shell,emerald,sell,10,pokedollars,
shoal-shell,firered-leafgreen,sell,10,pokedollars,
shoal-shell,heartgold-soulsilver,sell,10,pokedollars,
shoal-shell,omega-ruby-alpha-sapphire,sell,10,pokedollars,
shoal-shell,platinum,sell,10,pokedollars,
shoal-shell,ruby-sapphire,sell,10,pokedollars,
shoal-shell,sun-moon,sell,10,pokedollars,
shoal-shell,ultra-sun-ultra-moon,sell,10,pokedollars,
shoal-shell,x-y,sell,10,pokedollars,
shock-drive,black-2-white-2,sell,500,pokedollars,
shock-drive,black-white,sell,500,pokedollars,
shock-drive,omega-ruby-alpha-sapphire,sell,500,pokedollars,
shock-drive,x-y,sell,500,pokedollars,
shuca-berry,black-2-white-2,sell,10,pokedollars,Can be sold to the gourmet maniac on Route 5 for 20
shuca-berry,black-white,sell,10,pokedollars,Can be sold to the gourmet maniac on Route 5 for 20
shuca-berry,diamond-pearl,sell,10,pokedollars,
shuca-berry,heartgold-soulsilver,sell,10,pokedollars,
shuca-berry,platinum,sell,10,pokedollars,
shuca-berry,scarlet-violet,sell,20,pokedollars,
shuca-berry,sword-shield,sell,40,pokedollars,
silk-scarf,diamond-pearl,sell,50,pokedollars,
silk-scarf,emerald,sell,50,pokedollars,
silk-scarf,firered-leafgreen,sell,50,pokedollars,
silk-scarf,platinum,sell,50,pokedollars,
silk-scarf,ruby-sapphire,sell,50,pokedollars,
silk-scarf,scarlet-violet,buy,3000,pokedollars,
silk-scarf,scarlet-violet,sell,750,pokedollars,
silk-scarf,sun-moon,sell,500,pokedollars,
silk-scarf,sword-shield,buy,3000,pokedollars,
silk-scarf,sword-shield,sell,500,pokedollars,
silk-scarf,ultra-sun-ultra-moon,sell,500,pokedollars,
silver-bottle,scarlet-violet,buy,20000,pokedollars,
silver-bottle,scarlet-violet,sell,5000,pokedollars,
silver-cup,scarlet-violet,buy,10000,pokedollars,
silver-cup,scarlet-violet,sell,2500,pokedollars,
silver-leaf,crystal,buy,1000,pokedollars,
silver-leaf,crystal,sell,500,pokedollars,
silver-leaf,gold,buy,1000,pokedollars,
silver-leaf,gold,sell,500,pokedollars,
silver-leaf,lets-go-eevee,sell,500,pokedollars,
silver-leaf,lets-go-pikachu,sell,500,pokedollars,
silver-leaf,silver,sell,500,pokedollars,
silver-leaf,silver,buy,1000,pokedollars,
silver-nanab-berry,lets-go-pikachu-lets-go-eevee,sell,500,pokedollars,
silver-pick,scarlet-violet,buy,40,pokedollars,
silver-pick,scarlet-violet,sell,10,pokedollars,
silver-pinap-berry,lets-go-pikachu-lets-go-eevee,sell,500,pokedollars,
silver-powder,scarlet-violet,buy,3000,pokedollars,
silver-powder,scarlet-violet,sell,750,pokedollars,
silver-powder,sun-moon,sell,500,pokedollars,
silver-powder,sword-shield,sell,500,pokedollars,
silver-powder,sword-shield,buy,3000,pokedollars,
silver-razz-berry,lets-go-pikachu-lets-go-eevee,sell,500,pokedollars,
sitrus-berry,legends-arceus,buy,800,pokedollars,
sitrus-berry,legends-arceus,sell,200,pokedollars,
sitrus-berry,red-blue,sell,10,pokedollars,
sitrus-berry,sword-shield,sell,40,pokedollars,
skull-fossil,black-2-white-2,sell,500,pokedollars,
skull-fossil,black-white,sell,500,pokedollars,
skull-fossil,brilliant-diamond-shining-pearl,sell,500,pokedollars,
skull-fossil,diamond-pearl,sell,500,pokedollars,
skull-fossil,heartgold-soulsilver,sell,500,pokedollars,
skull-fossil,omega-ruby-alpha-sapphire,sell,500,pokedollars,
skull-fossil,platinum,sell,500,pokedollars,
skull-fossil,sun,buy,7000,pokedollars,
skull-fossil,sun-moon,sell,3500,pokedollars,
skull-fossil,ultra-sun,buy,7000,pokedollars,
skull-fossil,ultra-sun-ultra-moon,sell,3500,pokedollars,
skull-fossil,x-y,sell,500,pokedollars,
sky-plate,black-2-white-2,sell,500,pokedollars,
sky-plate,black-white,sell,500,pokedollars,
sky-plate,brilliant-diamond-shining-pearl,sell,500,pokedollars,
sky-plate,diamond-pearl,sell,500,pokedollars,
sky-plate,heartgold-soulsilver,sell,500,pokedollars,
sky-plate,omega-ruby-alpha-sapphire,sell,500,pokedollars,
sky-plate,platinum,sell,500,pokedollars,
sky-plate,sun-moon,buy,10000,pokedollars,
sky-plate,sun-moon,sell,500,pokedollars,
sky-plate,ultra-sun-ultra-moon,buy,10000,pokedollars,
sky-plate,ultra-sun-ultra-moon,sell,500,pokedollars,
sky-plate,x-y,sell,500,pokedollars,
sky-tumblestone,legends-arceus,buy,100,pokedollars,
sky-tumblestone,legends-arceus,sell,25,pokedollars,
slowbronite,lets-go-pikachu-lets-go-eevee,buy,30000,pokedollars,
slowpoke-tail,crystal,sell,4900,pokedollars,
slowpoke-tail,crystal,buy,9800,pokedollars,
slowpoke-tail,gold-silver,sell,4900,pokedollars,
slowpoke-tail,gold-silver,buy,9800,pokedollars,
smart-candy,lets-go-pikachu-lets-go-eevee,sell,10,pokedollars,
smart-candy-l,lets-go-pikachu-lets-go-eevee,sell,10,pokedollars,
smart-candy-xl,lets-go-pikachu-lets-go-eevee,sell,10,pokedollars,
smiling-vee-pick,scarlet-violet,buy,1200,pokedollars,
smiling-vee-pick,scarlet-violet,sell,300,pokedollars,
smoke-ball,black-2-white-2,sell,100,pokedollars,
smoke-ball,black-white,sell,100,pokedollars,
smoke-ball,crystal,sell,100,pokedollars,
smoke-ball,diamond-pearl,sell,100,pokedollars,
smoke-ball,emerald,sell,100,pokedollars,
smoke-ball,gold-silver,sell,100,pokedollars,
smoke-ball,platinum,sell,100,pokedollars,
smoke-ball,ruby-sapphire,sell,100,pokedollars,
smoke-ball,scarlet-violet,sell,3750,pokedollars,
smoke-ball,scarlet-violet,buy,15000,pokedollars,
smoke-ball,sun-moon,sell,2000,pokedollars,
smoke-ball,sword-shield,sell,2000,pokedollars,
smoke-ball,ultra-sun-ultra-moon,sell,2000,pokedollars,
smoke-bomb,legends-arceus,buy,400,pokedollars,
smoke-bomb,legends-arceus,sell,100,pokedollars,
smoke-poke-tail,sword-shield,buy,2200,pokedollars,
smoke-poke-tail,sword-shield,sell,1100,pokedollars,
smoked-fillet,scarlet-violet,buy,330,pokedollars,
smoked-fillet,scarlet-violet,sell,82,pokedollars,
smooth-rock,diamond-pearl,sell,100,pokedollars,
smooth-rock,platinum,sell,100,pokedollars,
smooth-rock,scarlet-violet,buy,8000,pokedollars,
smooth-rock,scarlet-violet,sell,2000,pokedollars,
smooth-rock,sun-moon,sell,2000,pokedollars,
smooth-rock,sword-shield,sell,2000,pokedollars,
smooth-rock,ultra-sun-ultra-moon,sell,2000,pokedollars,
snow-mail,diamond-pearl,sell,25,pokedollars,
snow-mail,diamond-pearl,buy,50,pokedollars,
snow-mail,heartgold-soulsilver,buy,50,pokedollars,
snow-mail,heartgold-soulsilver,sell,25,pokedollars,
snow-mail,platinum,sell,25,pokedollars,
snow-mail,platinum,buy,50,pokedollars,
snowball,legends-arceus,sell,10,pokedollars,
snowball,omega-ruby-alpha-sapphire,sell,100,pokedollars,
snowball,scarlet-violet,buy,5000,pokedollars,
snowball,scarlet-violet,sell,1250,pokedollars,
snowball,sun-moon,sell,2000,pokedollars,
snowball,sword-shield,sell,2000,pokedollars,
snowball,ultra-sun-ultra-moon,sell,2000,pokedollars,
snowball,x-y,sell,100,pokedollars,
soda-pop,red-blue,sell,150,pokedollars,
soda-pop,red-blue,buy,300,pokedollars,
soda-pop,scarlet-violet,buy,300,pokedollars,
soda-pop,scarlet-violet,sell,75,pokedollars,
soda-pop,yellow,sell,150,pokedollars,
soda-pop,yellow,buy,300,pokedollars,
soft-sand,crystal,sell,50,pokedollars,
soft-sand,diamond-pearl,sell,50,pokedollars,
soft-sand,emerald,sell,50,pokedollars,
soft-sand,gold-silver,sell,50,pokedollars,
soft-sand,platinum,sell,50,pokedollars,
soft-sand,ruby-sapphire,sell,50,pokedollars,
soft-sand,scarlet-violet,sell,750,pokedollars,
soft-sand,scarlet-violet,buy,3000,pokedollars,
soft-sand,sun-moon,sell,500,pokedollars,
soft-sand,ultra-sun-ultra-moon,sell,500,pokedollars,
sootfoot-root,legends-arceus,buy,300,pokedollars,
sootfoot-root,legends-arceus,sell,75,pokedollars,
soothe-bell,black-2-white-2,sell,50,pokedollars,
soothe-bell,black-white,sell,50,pokedollars,
soothe-bell,brilliant-diamond-shining-pearl,sell,50,pokedollars,
soothe-bell,diamond-pearl,sell,50,pokedollars,
soothe-bell,emerald,sell,50,pokedollars,
soothe-bell,firered-leafgreen,sell,50,pokedollars,
soothe-bell,heartgold-soulsilver,sell,50,pokedollars,
soothe-bell,legends-za,sell,750,pokedollars,
soothe-bell,omega-ruby-alpha-sapphire,sell,50,pokedollars,
soothe-bell,platinum,sell,50,pokedollars,
soothe-bell,ruby-sapphire,sell,50,pokedollars,
soothe-bell,scarlet-violet,buy,5000,pokedollars,
soothe-bell,scarlet-violet,sell,1250,pokedollars,
soothe-bell,sun-moon,sell,2000,pokedollars,
soothe-bell,sword-shield,sell,2000,pokedollars,
soothe-bell,ultra-sun-ultra-moon,sell,2000,pokedollars,
soothe-bell,x-y,sell,50,pokedollars,
soul-dew,black-white,sell,100,pokedollars,
soul-dew,diamond-pearl,sell,100,pokedollars,
soul-dew,firered-leafgreen,sell,100,pokedollars,
soul-dew,omega-ruby-alpha-sapphire,sell,100,pokedollars,
soul-dew,platinum,sell,100,pokedollars,
soul-dew,ruby-sapphire,sell,100,pokedollars,
soul-dew,x-y,sell,100,pokedollars,
space-mail,diamond-pearl,buy,50,pokedollars,
space-mail,diamond-pearl,sell,25,pokedollars,
space-mail,heartgold-soulsilver,buy,50,pokedollars,
space-mail,heartgold-soulsilver,sell,25,pokedollars,
space-mail,platinum,buy,50,pokedollars,
space-mail,platinum,sell,25,pokedollars,
spell-tag,diamond-pearl,sell,50,pokedollars,
spell-tag,gold-silver,sell,50,pokedollars,
spell-tag,ruby-sapphire,sell,50,pokedollars,
spell-tag,scarlet-violet,sell,750,pokedollars,
spell-tag,scarlet-violet,buy,3000,pokedollars,
spell-tag,sun-moon,sell,500,pokedollars,
spell-tag,sword-shield,sell,500,pokedollars,
spell-tag,sword-shield,buy,3000,pokedollars,
spelon-berry,black-white,sell,500,pokedollars,Sold to the gourmet maniac on Route 5
spelon-berry,red-blue,sell,10,pokedollars,
spice-mix,sword-shield,buy,400,pokedollars,
spice-mix,sword-shield,sell,200,pokedollars,
splash-plate,black-2-white-2,sell,500,pokedollars,
splash-plate,black-white,sell,500,pokedollars,
splash-plate,brilliant-diamond-shining-pearl,sell,500,pokedollars,
splash-plate,diamond-pearl,sell,500,pokedollars,
splash-plate,heartgold-soulsilver,sell,500,pokedollars,
splash-plate,omega-ruby-alpha-sapphire,sell,500,pokedollars,
splash-plate,platinum,sell,500,pokedollars,
splash-plate,sun-moon,sell,500,pokedollars,
splash-plate,sun-moon,buy,10000,pokedollars,
splash-plate,ultra-sun-ultra-moon,buy,10000,pokedollars,
splash-plate,ultra-sun-ultra-moon,sell,500,pokedollars,
splash-plate,x-y,sell,500,pokedollars,
spoiled-apricorn,legends-arceus,sell,10,pokedollars,
spooky-plate,diamond-pearl,sell,500,pokedollars,
spooky-tablecloth,scarlet-violet,sell,1000,pokedollars,
spooky-tablecloth,scarlet-violet,buy,4000,pokedollars,
sport-ball,black-2-white-2,sell,150,pokedollars,
sport-ball,black-white,sell,150,pokedollars,
sport-ball,heartgold-soulsilver,sell,150,pokedollars,
sport-ball,lets-go-pikachu-lets-go-eevee,sell,150,pokedollars,
sport-ball,omega-ruby-alpha-sapphire,sell,150,pokedollars,
sport-ball,sun-moon,sell,150,pokedollars,
sport-ball,sword-shield,sell,150,pokedollars,
sport-ball,ultra-sun-ultra-moon,sell,150,pokedollars,
sport-ball,x-y,sell,150,pokedollars,
springy-mushroom,legends-arceus,buy,200,pokedollars,
springy-mushroom,legends-arceus,sell,50,pokedollars,
stable-mulch,black-2-white-2,sell,100,pokedollars,Can be sold to the mulch maniac for 1000
stable-mulch,black-2-white-2,buy,400,pokedollars,
stable-mulch,diamond-pearl,buy,200,pokedollars,
stable-mulch,diamond-pearl,sell,100,pokedollars,
stable-mulch,heartgold-soulsilver,buy,200,pokedollars,
stable-mulch,heartgold-soulsilver,sell,100,pokedollars,
stable-mulch,platinum,sell,100,pokedollars,
stable-mulch,platinum,buy,200,pokedollars,
star-piece,gold-silver,sell,4900,pokedollars,
star-piece,gold-silver,buy,4600,pokedollars,
star-piece,legends-arceus,sell,5000,pokedollars,
star-piece,sun-moon,sell,6000,pokedollars,
star-piece,sword-shield,sell,6000,pokedollars,
star-sweet,scarlet-violet,sell,250,pokedollars,
star-sweet,sword-shield,sell,250,pokedollars,
stardust,crystal,buy,900,pokedollars,
stardust,crystal,sell,1000,pokedollars,
stardust,gold-silver,buy,900,pokedollars,
stardust,gold-silver,sell,1000,pokedollars,
stardust,sun-moon,sell,1500,pokedollars,
stardust,sword-shield,sell,1500,pokedollars,Can be sold for 4000 Pokédollars to the valuable item buyer in Stow-on-Side
stardust,ultra-sun-ultra-moon,sell,1500,pokedollars,
starf-berry,black-white,sell,10,pokedollars,
starf-berry,brilliant-diamond-shining-pearl,sell,10,pokedollars,
starf-berry,diamond-pearl,sell,10,pokedollars,
starf-berry,emerald,sell,10,pokedollars,
starf-berry,platinum,sell,10,pokedollars,
starf-berry,ruby-sapphire,sell,10,pokedollars,
starf-berry,scarlet-violet,sell,20,pokedollars,
starf-berry,sun-moon,sell,10,pokedollars,
starf-berry,sword-shield,sell,40,pokedollars,
starf-berry,ultra-sun-ultra-moon,sell,10,pokedollars,
starf-berry,x-y,sell,10,pokedollars,
stealth-spray,legends-arceus,buy,800,pokedollars,
stealth-spray,legends-arceus,sell,200,pokedollars,
steel-bottle-b,scarlet-violet,buy,1500,pokedollars,
steel-bottle-b,scarlet-violet,sell,375,pokedollars,
steel-bottle-r,scarlet-violet,buy,1500,pokedollars,
steel-bottle-r,scarlet-violet,sell,375,pokedollars,
steel-bottle-y,scarlet-violet,buy,1500,pokedollars,
steel-bottle-y,scarlet-violet,sell,375,pokedollars,
steel-gem,black-2-white-2,sell,100,pokedollars,
steel-gem,black-white,sell,100,pokedollars,
steel-gem,lets-go-pikachu-lets-go-eevee,sell,100,pokedollars,
steel-gem,omega-ruby-alpha-sapphire,sell,100,pokedollars,
steel-gem,sun-moon,sell,100,pokedollars,
steel-gem,ultra-sun-ultra-moon,sell,100,pokedollars,
steel-gem,x-y,sell,100,pokedollars,
steel-mail,diamond-pearl,buy,50,pokedollars,
steel-mail,diamond-pearl,sell,25,pokedollars,
steel-mail,heartgold-soulsilver,buy,50,pokedollars,
steel-mail,heartgold-soulsilver,sell,25,pokedollars,
steel-mail,platinum,buy,50,pokedollars,
steel-mail,platinum,sell,25,pokedollars,
steel-memory,sun-moon,sell,500,pokedollars,
steel-memory,sword-shield,sell,500,pokedollars,
steel-memory,ultra-sun-ultra-moon,sell,500,pokedollars,
steel-tera-shard,scarlet-violet,sell,500,pokedollars,
steelixite,legends-za,buy,70000,pokedollars,
stellar-tera-shard,scarlet-violet,sell,1500,pokedollars,
sticky-barb,black-2-white-2,sell,100,pokedollars,
sticky-barb,black-white,sell,100,pokedollars,
sticky-barb,brilliant-diamond-shining-pearl,sell,100,pokedollars,
sticky-barb,diamond-pearl,sell,100,pokedollars,
sticky-barb,heartgold-soulsilver,sell,100,pokedollars,
sticky-barb,omega-ruby-alpha-sapphire,sell,100,pokedollars,
sticky-barb,platinum,sell,100,pokedollars,
sticky-barb,scarlet-violet,sell,2500,pokedollars,
sticky-barb,scarlet-violet,buy,10000,pokedollars,
sticky-barb,sun-moon,sell,2000,pokedollars,
sticky-barb,sword-shield,sell,2000,pokedollars,
sticky-barb,ultra-sun-ultra-moon,sell,2000,pokedollars,
sticky-barb,x-y,sell,100,pokedollars,
sticky-glob,legends-arceus,sell,200,pokedollars,
sticky-glob,legends-arceus,buy,800,pokedollars,
stone-plate,black-2-white-2,sell,500,pokedollars,
stone-plate,black-white,sell,500,pokedollars,
stone-plate,diamond-pearl,sell,500,pokedollars,
stone-plate,heartgold-soulsilver,sell,500,pokedollars,
stone-plate,omega-ruby-alpha-sapphire,sell,500,pokedollars,
stone-plate,platinum,sell,500,pokedollars,
stone-plate,sun-moon,sell,500,pokedollars,
stone-plate,sun-moon,buy,10000,pokedollars,
stone-plate,ultra-sun-ultra-moon,buy,10000,pokedollars,
stone-plate,ultra-sun-ultra-moon,sell,500,pokedollars,
stone-plate,x-y,sell,500,pokedollars,
strange-souvenir,omega-ruby-alpha-sapphire,sell,5,pokedollars,
strange-souvenir,sun-moon,buy,3000,pokedollars,
strange-souvenir,sun-moon,sell,1500,pokedollars,
strange-souvenir,ultra-sun-ultra-moon,sell,1500,pokedollars,
strange-souvenir,ultra-sun-ultra-moon,buy,3000,pokedollars,
strange-souvenir,x-y,sell,5,pokedollars,
strawberry,scarlet-violet,buy,140,pokedollars,
strawberry,scarlet-violet,sell,35,pokedollars,
strawberry-sweet,scarlet-violet,sell,250,pokedollars,
strawberry-sweet,sword-shield,sell,250,pokedollars,
stretchy-spring,lets-go-pikachu-lets-go-eevee,sell,10,pokedollars,
striped-bottle,scarlet-violet,buy,1000,pokedollars,
striped-bottle,scarlet-violet,sell,250,pokedollars,
striped-cup,scarlet-violet,sell,200,pokedollars,
striped-cup,scarlet-violet,buy,800,pokedollars,
striped-tablecloth,scarlet-violet,buy,1500,pokedollars,
striped-tablecloth,scarlet-violet,sell,375,pokedollars,
sun-stone,blue,buy,10000,pokedollars,
sun-stone,crystal,sell,1050,pokedollars,
sun-stone,gold-silver,sell,1050,pokedollars,
sun-stone,legends-arceus,sell,750,pokedollars,
sun-stone,legends-za,buy,3000,pokedollars,
sun-stone,sun-moon,sell,1500,pokedollars,
sun-stone,ultra-sun-ultra-moon,sell,1500,pokedollars,
sunrise-flower-pick,scarlet-violet,sell,250,pokedollars,
sunrise-flower-pick,scarlet-violet,buy,1000,pokedollars,
sunset-flower-pick,scarlet-violet,buy,1000,pokedollars,
sunset-flower-pick,scarlet-violet,sell,250,pokedollars,
super-lure,lets-go-pikachu-lets-go-eevee,buy,700,pokedollars,
super-lure,lets-go-pikachu-lets-go-eevee,sell,350,pokedollars,
super-potion,legends-arceus,buy,400,pokedollars,
super-potion,legends-arceus,sell,100,pokedollars,
super-potion,red-blue,sell,350,pokedollars,
super-potion,red-blue,buy,700,pokedollars,
super-potion,scarlet-violet,buy,700,pokedollars,
super-potion,scarlet-violet,sell,175,pokedollars,
super-repel,red-blue,buy,500,pokedollars,
super-repel,red-blue,sell,250,pokedollars,
super-repel,sun-moon,sell,350,pokedollars,
super-repel,sun-moon,buy,700,pokedollars,
super-repel,ultra-sun-ultra-moon,buy,700,pokedollars,
super-repel,ultra-sun-ultra-moon,sell,350,pokedollars,
super-repel,yellow,sell,250,pokedollars,
super-repel,yellow,buy,500,pokedollars,
superb-remedy,legends-arceus,sell,375,pokedollars,
surf-mail,crystal,sell,25,pokedollars,
surf-mail,crystal,buy,50,pokedollars,
surf-mail,gold,buy,50,pokedollars,
surf-mail,gold,sell,25,pokedollars,
surf-mail,silver,buy,50,pokedollars,
surf-mail,silver,sell,25,pokedollars,
surprise-mulch,omega-ruby-alpha-sapphire,sell,100,pokedollars,
surprise-mulch,sun-moon,sell,100,pokedollars,
surprise-mulch,ultra-sun-ultra-moon,sell,100,pokedollars,
surprise-mulch,x-y,sell,100,pokedollars,
survival-charm,legends-arceus,buy,25000,pokedollars,Varies by color
survival-charm,legends-arceus,buy,40000,pokedollars,Varies by color
survival-charm,legends-arceus,sell,5,pokedollars,
survival-charm,legends-arceus,buy,3000,pokedollars,Varies by color
survival-charm,legends-arceus,buy,8000,pokedollars,Varies by color
survival-charm,legends-arceus,buy,15000,pokedollars,Varies by color
swap-snack,legends-arceus,sell,600,pokedollars,
sweet-apple,scarlet-violet,buy,2200,pokedollars,
sweet-apple,scarlet-violet,sell,550,pokedollars,
sweet-apple,sword-shield,sell,1100,pokedollars,
sweet-heart,black-2-white-2,sell,50,pokedollars,
sweet-heart,black-white,sell,50,pokedollars,
sweet-heart,omega-ruby-alpha-sapphire,sell,50,pokedollars,
sweet-heart,sun-moon,sell,1500,pokedollars,
sweet-heart,sword-shield,sell,1500,pokedollars,
sweet-heart,ultra-sun-ultra-moon,sell,1500,pokedollars,
sweet-heart,x-y,sell,50,pokedollars,
swift-feather,black-2-white-2,sell,1500,pokedollars,
swift-feather,black-white,sell,1500,pokedollars,
swift-feather,omega-ruby-alpha-sapphire,sell,1500,pokedollars,
swift-feather,scarlet-violet,sell,75,pokedollars,
swift-feather,sun-moon,sell,150,pokedollars,
swift-feather,sword-shield,sell,150,pokedollars,
swift-feather,ultra-sun-ultra-moon,sell,150,pokedollars,
swift-feather,x-y,sell,1500,pokedollars,
swift-mochi,scarlet-violet,sell,125,pokedollars,
swordcap,legends-arceus,sell,60,pokedollars,
swordcap,legends-arceus,buy,240,pokedollars,
syrupy-apple,scarlet-violet,buy,500,pokedollars,
syrupy-apple,scarlet-violet,sell,550,pokedollars,
tamato-berry,black-2-white-2,sell,10,pokedollars,
tamato-berry,black-white,sell,10,pokedollars,
tamato-berry,brilliant-diamond-shining-pearl,sell,10,pokedollars,
tamato-berry,diamond-pearl,sell,10,pokedollars,
tamato-berry,emerald,sell,10,pokedollars,
tamato-berry,omega-ruby-alpha-sapphire,sell,10,pokedollars,
tamato-berry,platinum,sell,10,pokedollars,
tamato-berry,ruby-sapphire,sell,10,pokedollars,
tamato-berry,scarlet-violet,sell,20,pokedollars,
tamato-berry,sun-moon,sell,10,pokedollars,
tamato-berry,sword-shield,sell,40,pokedollars,
tamato-berry,ultra-sun-ultra-moon,sell,10,pokedollars,
tamato-berry,x-y,sell,10,pokedollars,
tanga-berry,black-2-white-2,sell,10,pokedollars,
tanga-berry,black-white,sell,10,pokedollars,
tanga-berry,brilliant-diamond-shining-pearl,sell,10,pokedollars,
tanga-berry,diamond-pearl,sell,10,pokedollars,
tanga-berry,heartgold-soulsilver,sell,10,pokedollars,
tanga-berry,omega-ruby-alpha-sapphire,sell,10,pokedollars,
tanga-berry,platinum,sell,10,pokedollars,
tanga-berry,scarlet-violet,sell,20,pokedollars,
tanga-berry,sun-moon,sell,10,pokedollars,
tanga-berry,sword-shield,sell,40,pokedollars,
tanga-berry,ultra-sun-ultra-moon,sell,10,pokedollars,
tanga-berry,x-y,sell,10,pokedollars,
tart-apple,scarlet-violet,buy,2200,pokedollars,
tart-apple,scarlet-violet,sell,550,pokedollars,
tart-apple,sword-shield,sell,1100,pokedollars,
tempting-charm,legends-arceus,buy,4000,pokedollars,One of five possible color variants
tempting-charm,legends-arceus,buy,3000,pokedollars,One of five possible color variants
tempting-charm,legends-arceus,buy,5000,pokedollars,One of five possible color variants
tempting-charm,legends-arceus,buy,6000,pokedollars,One of five possible color variants
tempting-charm,legends-arceus,buy,7000,pokedollars,One of five possible color variants
tempting-charm,legends-arceus,sell,5,pokedollars,
terrain-extender,scarlet-violet,buy,15000,pokedollars,
terrain-extender,scarlet-violet,sell,3750,pokedollars,
terrain-extender,sun-moon,sell,2000,pokedollars,
terrain-extender,sword-shield,sell,2000,pokedollars,
terrain-extender,ultra-sun-ultra-moon,sell,2000,pokedollars,
teru-sama,crystal,sell,19660,pokedollars,
teru-sama,crystal,buy,39321,pokedollars,
teru-sama,gold,buy,39321,pokedollars,
teru-sama,gold,sell,19660,pokedollars,
teru-sama,silver,buy,39321,pokedollars,
teru-sama,silver,sell,19660,pokedollars,
thanks-mail,black-2-white-2,buy,50,pokedollars,
thanks-mail,black-2-white-2,sell,25,pokedollars,
thanks-mail,black-white,buy,50,pokedollars,
thanks-mail,black-white,sell,25,pokedollars,
thick-club,crystal,sell,250,pokedollars,
thick-club,gold-silver,sell,250,pokedollars,
thick-club,sun-moon,sell,500,pokedollars,
thick-club,ultra-sun-ultra-moon,sell,500,pokedollars,
throat-spray,scarlet-violet,buy,20000,pokedollars,
throat-spray,scarlet-violet,sell,5000,pokedollars,
throat-spray,sword-shield,sell,2000,pokedollars,
thunder-stone,black-2-white-2,sell,1050,pokedollars,
thunder-stone,black-2-white-2,buy,10000,pokedollars,
thunder-stone,red-blue,sell,1050,pokedollars,
thunder-stone,red-blue,buy,2100,pokedollars,
thunder-stone,scarlet-violet,buy,3000,pokedollars,
thunder-stone,scarlet-violet,sell,750,pokedollars,
thunder-stone,sun-moon,buy,3000,pokedollars,
thunder-stone,sun-moon,sell,1500,pokedollars,
thunder-stone,yellow,buy,2100,pokedollars,
thunder-stone,yellow,sell,1050,pokedollars,
timer-ball,ruby-sapphire,buy,1000,pokedollars,
timer-ball,ruby-sapphire,sell,500,pokedollars,
timer-ball,scarlet-violet,buy,1000,pokedollars,
timer-ball,scarlet-violet,sell,250,pokedollars,
timid-mint,brilliant-diamond-shining-pearl,sell,10,pokedollars,
timid-mint,legends-arceus,sell,500,pokedollars,
timid-mint,scarlet-violet,buy,20000,pokedollars,
timid-mint,scarlet-violet,sell,5000,pokedollars,
timid-mint,sword-shield,sell,10,pokedollars,
tin-of-beans,sword-shield,buy,400,pokedollars,
tin-of-beans,sword-shield,sell,200,pokedollars,
tiny-bamboo-shoot,scarlet-violet,sell,375,pokedollars,
tiny-mushroom,black-white,sell,250,pokedollars,Can be sold to gourmet maniac for 500
tiny-mushroom,diamond-pearl,sell,250,pokedollars,
tiny-mushroom,gold-silver,sell,250,pokedollars,
tiny-mushroom,gold-silver,buy,500,pokedollars,
tiny-mushroom,heartgold-soulsilver,buy,500,pokedollars,
tiny-mushroom,heartgold-soulsilver,sell,250,pokedollars,
tiny-mushroom,ruby-sapphire,sell,250,pokedollars,
tiny-mushroom,sword-shield,sell,2000,pokedollars,Valuable item buyer in Stow-on-Side
tm00,scarlet-violet,sell,2500,pokedollars,
tm00,sword-shield,buy,10000,pokedollars,
tm001,brilliant-diamond-shining-pearl,sell,1500,pokedollars,
tm001,omega-ruby-alpha-sapphire,buy,5000,pokedollars,
tm001,red-blue,buy,3000,pokedollars,
tm001,red-blue,sell,1500,pokedollars,
tm001,scarlet-violet,sell,400,pokedollars,
tm001,sword-shield,buy,40000,pokedollars,
tm001,yellow,sell,1500,pokedollars,
tm001,yellow,buy,3000,pokedollars,
tm002,gold-silver,buy,2000,pokedollars,
tm002,gold-silver,sell,1000,pokedollars,
tm002,red-blue,buy,2000,pokedollars,
tm002,red-blue,sell,1000,pokedollars,
tm003,crystal,sell,1500,pokedollars,
tm003,diamond-pearl,sell,1500,pokedollars,
tm003,emerald,sell,1500,pokedollars,
tm003,firered-leafgreen,sell,1500,pokedollars,
tm003,gold-silver,sell,1500,pokedollars,
tm003,platinum,sell,1500,pokedollars,
tm003,red-blue,sell,1000,pokedollars,
tm003,ruby-sapphire,sell,1500,pokedollars,
tm003,yellow,sell,1000,pokedollars,
tm004,diamond-pearl,sell,750,pokedollars,
tm004,gold-silver,sell,1000,pokedollars,
tm004,red-blue,sell,500,pokedollars,
tm004,ruby-sapphire,sell,1500,pokedollars,
tm005,crystal,sell,500,pokedollars,
tm005,firered-leafgreen,sell,500,pokedollars,
tm005,firered-leafgreen,buy,1000,pokedollars,
tm005,gold-silver,sell,500,pokedollars,
tm005,red-blue,sell,1500,pokedollars,
tm005,red-blue,buy,3000,pokedollars,
tm005,sword-shield,buy,50000,pokedollars,
tm005,yellow,buy,3000,pokedollars,
tm005,yellow,sell,1500,pokedollars,
tm006,brilliant-diamond-shining-pearl,sell,1500,pokedollars,
tm006,crystal,sell,1500,pokedollars,
tm006,diamond-pearl,sell,1500,pokedollars,
tm006,emerald,sell,1500,pokedollars,
tm006,firered-leafgreen,sell,1500,pokedollars,
tm006,gold-silver,sell,1500,pokedollars,
tm006,heartgold-soulsilver,sell,1500,pokedollars,
tm006,platinum,sell,1500,pokedollars,
tm006,red-blue,sell,2000,pokedollars,
tm006,ruby-sapphire,sell,1500,pokedollars,
tm006,scarlet-violet,sell,400,pokedollars,
tm006,yellow,sell,2000,pokedollars,
tm007,crystal,sell,1000,pokedollars,
tm007,diamond-pearl,sell,1500,pokedollars,
tm007,emerald,sell,1500,pokedollars,
tm007,gold-silver,sell,1000,pokedollars,
tm007,platinum,sell,1500,pokedollars,
tm007,red-blue,sell,1000,pokedollars,
tm007,red-blue,buy,2000,pokedollars,
tm007,ruby-sapphire,sell,1500,pokedollars,
tm007,yellow,sell,1000,pokedollars,
tm007,yellow,buy,2000,pokedollars,
tm008,black-2-white-2,buy,80000,pokedollars,
tm008,brilliant-diamond-shining-pearl,sell,750,pokedollars,
tm008,crystal,sell,500,pokedollars,
tm008,crystal,buy,1000,pokedollars,
tm008,diamond-pearl,sell,750,pokedollars,
tm008,diamond-pearl,buy,48,battle-points,
tm008,emerald,sell,1500,pokedollars,
tm008,firered-leafgreen,sell,1500,pokedollars,
tm008,gold-silver,sell,500,pokedollars,
tm008,gold-silver,buy,1000,pokedollars,
tm008,heartgold-soulsilver,buy,48,battle-points,
tm008,heartgold-soulsilver,sell,750,pokedollars,
tm008,platinum,buy,48,battle-points,
tm008,platinum,sell,750,pokedollars,
tm008,red-blue,sell,2000,pokedollars,
tm008,ruby-sapphire,sell,1500,pokedollars,
tm008,scarlet-violet,buy,800,league-points,Requires Houndour Fang ×3
tm008,scarlet-violet,sell,800,pokedollars,
tm008,sun-moon,buy,10000,pokedollars,
tm008,sword-shield,buy,50000,pokedollars,
tm008,yellow,sell,2000,pokedollars,
tm009,omega-ruby-alpha-sapphire,buy,10000,pokedollars,Mauville City Poké Mart
tm009,red-blue,buy,3000,pokedollars,Celadon Department Store
tm009,red-blue,sell,1500,pokedollars,
tm009,sun-moon,buy,10000,pokedollars,Konikoni City
tm009,sword-shield,buy,50000,pokedollars,Wyndon
tm009,ultra-sun-ultra-moon,buy,10000,pokedollars,Konikoni City
tm009,yellow,sell,1500,pokedollars,
tm009,yellow,buy,3000,pokedollars,Celadon Department Store
tm010,brilliant-diamond-shining-pearl,sell,750,pokedollars,
tm010,brilliant-diamond-shining-pearl,buy,1500,pokedollars,
tm010,crystal,sell,1500,pokedollars,
tm010,crystal,buy,3000,pokedollars,
tm010,emerald,sell,1500,pokedollars,
tm010,emerald,buy,3000,pokedollars,
tm010,gold-silver,sell,1500,pokedollars,
tm010,gold-silver,buy,3000,pokedollars,
tm010,ruby-sapphire,buy,3000,pokedollars,
tm010,ruby-sapphire,sell,1500,pokedollars,
tm011,black-white,buy,50000,pokedollars,
tm011,crystal,buy,2000,pokedollars,
tm011,crystal,sell,1000,pokedollars,
tm011,gold-silver,buy,2000,pokedollars,
tm011,gold-silver,sell,1000,pokedollars,
tm011,sun-moon,buy,50000,pokedollars,
tm011,x-y,buy,50000,pokedollars,
tm012,crystal,sell,500,pokedollars,
tm012,diamond-pearl,sell,750,pokedollars,
tm012,emerald,sell,1500,pokedollars,
tm012,firered-leafgreen,sell,1500,pokedollars,
tm012,gold-silver,sell,500,pokedollars,
tm012,heartgold-soulsilver,buy,1500,pokedollars,
tm012,heartgold-soulsilver,sell,750,pokedollars,
tm012,platinum,sell,750,pokedollars,
tm012,red-blue,sell,500,pokedollars,
tm012,ruby-sapphire,sell,1500,pokedollars,
tm012,scarlet-violet,sell,400,pokedollars,
tm012,sword-shield,buy,50000,pokedollars,
tm012,yellow,sell,500,pokedollars,
tm014,black-white,buy,70000,pokedollars,
tm014,brilliant-diamond-shining-pearl,buy,5500,pokedollars,
tm014,brilliant-diamond-shining-pearl,sell,2750,pokedollars,
tm014,gold-silver,buy,5500,coins,Goldenrod Game Corner
tm014,gold-silver,sell,1500,pokedollars,
tm014,omega-ruby-alpha-sapphire,buy,30000,pokedollars,
tm014,red-blue,sell,2500,pokedollars,
tm014,ruby-sapphire,buy,5500,pokedollars,
tm014,ruby-sapphire,sell,2750,pokedollars,
tm014,scarlet-violet,sell,3000,pokedollars,
tm014,sun-moon,buy,30000,pokedollars,
tm014,x-y,buy,70000,pokedollars,
tm015,black-2-white-2,buy,90000,pokedollars,
tm015,black-2-white-2,buy,90000,pokedollars,
tm015,black-white,buy,90000,pokedollars,
tm015,black-white,buy,90000,pokedollars,
tm015,brilliant-diamond-shining-pearl,sell,3750,pokedollars,
tm015,brilliant-diamond-shining-pearl,buy,7500,pokedollars,
tm015,crystal,sell,1500,pokedollars,
tm015,crystal,buy,7500,coins,
tm015,diamond-pearl,sell,3750,pokedollars,
tm015,diamond-pearl,buy,7500,pokedollars,
tm015,emerald,buy,7500,pokedollars,
tm015,emerald,sell,3750,pokedollars,
tm015,firered-leafgreen,buy,7500,pokedollars,
tm015,firered-leafgreen,sell,3750,pokedollars,
tm015,gold-silver,sell,1500,pokedollars,
tm015,gold-silver,buy,7500,coins,
tm015,omega-ruby-alpha-sapphire,buy,50000,pokedollars,
tm015,platinum,sell,3750,pokedollars,
tm015,platinum,buy,7500,pokedollars,
tm015,red,sell,2500,pokedollars,
tm015,red,buy,5500,coins,
tm015,red-blue,sell,2500,pokedollars,
tm015,red-blue,buy,5500,coins,
tm015,ruby-sapphire,sell,3750,pokedollars,
tm015,ruby-sapphire,buy,7500,pokedollars,
tm015,sun-moon,buy,50000,pokedollars,
tm015,ultra-sun-ultra-moon,buy,50000,pokedollars,
tm015,x-y,buy,90000,pokedollars,
tm015,yellow,sell,2500,pokedollars,
tm015,yellow,buy,5500,coins,
tm016,black-white,buy,30000,pokedollars,Nimbasa City
tm016,brilliant-diamond-shining-pearl,sell,1000,pokedollars,
tm016,brilliant-diamond-shining-pearl,buy,2000,pokedollars,Veilstone Department Store
tm016,diamond-pearl,sell,1000,pokedollars,
tm016,diamond-pearl,buy,2000,pokedollars,
tm016,emerald,buy,3000,pokedollars,Lilycove Department Store
tm016,emerald,sell,1500,pokedollars,
tm016,omega-ruby-alpha-sapphire,buy,10000,pokedollars,Lilycove Department Store
tm016,platinum,buy,2000,pokedollars,
tm016,platinum,sell,1000,pokedollars,
tm016,ruby-sapphire,sell,1500,pokedollars,
tm016,ruby-sapphire,buy,3000,pokedollars,Lilycove Department Store
tm016,sun-moon,buy,10000,pokedollars,Heahea City
tm016,ultra-sun-ultra-moon,buy,10000,pokedollars,Heahea City
tm016,x-y,buy,30000,pokedollars,Kiloude City Poké Mart
tm017,brilliant-diamond-shining-pearl,buy,2000,pokedollars,
tm017,brilliant-diamond-shining-pearl,sell,1000,pokedollars,
tm017,crystal,buy,3000,pokedollars,
tm017,crystal,sell,1500,pokedollars,
tm017,diamond-pearl,sell,1000,pokedollars,
tm017,diamond-pearl,buy,2000,pokedollars,
tm017,emerald,buy,3000,pokedollars,
tm017,emerald,sell,1500,pokedollars,
tm017,gold-silver,sell,1500,pokedollars,
tm017,gold-silver,buy,3000,pokedollars,
tm017,heartgold-soulsilver,sell,1000,pokedollars,
tm017,heartgold-soulsilver,buy,2000,pokedollars,
tm017,omega-ruby-alpha-sapphire,buy,10000,pokedollars,
tm017,platinum,sell,1000,pokedollars,
tm017,platinum,buy,2000,pokedollars,
tm017,red-blue,buy,3000,pokedollars,
tm017,red-blue,sell,1500,pokedollars,
tm017,ruby-sapphire,sell,1500,pokedollars,
tm017,ruby-sapphire,buy,3000,pokedollars,
tm017,scarlet-violet,sell,400,pokedollars,
tm017,sun-moon,buy,10000,pokedollars,
tm017,sword-shield,buy,10000,pokedollars,
tm017,ultra-sun-ultra-moon,buy,10000,pokedollars,
tm017,yellow,sell,1500,pokedollars,
tm017,yellow,buy,3000,pokedollars,
tm018,black-2-white-2,buy,50000,pokedollars,
tm018,black-white,buy,50000,pokedollars,
tm018,brilliant-diamond-shining-pearl,sell,1000,pokedollars,
tm018,crystal,buy,2000,pokedollars,
tm018,crystal,sell,1000,pokedollars,
tm018,diamond-pearl,sell,1000,pokedollars,
tm018,emerald,sell,1000,pokedollars,
tm018,firered-leafgreen,sell,1000,pokedollars,
tm018,gold-silver,sell,1000,pokedollars,
tm018,gold-silver,buy,2000,pokedollars,
tm018,platinum,sell,1000,pokedollars,
tm018,red-blue,sell,1000,pokedollars,
tm018,ruby-sapphire,sell,1000,pokedollars,
tm018,scarlet-violet,sell,3000,pokedollars,
tm018,sun-moon,buy,50000,pokedollars,
tm018,sword-shield,buy,10000,pokedollars,
tm018,ultra-sun-ultra-moon,buy,50000,pokedollars,
tm018,x-y,buy,50000,pokedollars,
tm019,crystal,sell,1500,pokedollars,
tm019,diamond-pearl,sell,1500,pokedollars,
tm019,emerald,sell,1500,pokedollars,
tm019,firered-leafgreen,sell,1500,pokedollars,
tm019,gold-silver,sell,1500,pokedollars,
tm019,heartgold-soulsilver,sell,1500,pokedollars,
tm019,lets-go-pikachu-lets-go-eevee,buy,50000,pokedollars,Celadon Department Store
tm019,platinum,sell,1500,pokedollars,
tm019,red-blue,sell,1500,pokedollars,
tm019,ruby-sapphire,sell,1500,pokedollars,
tm019,scarlet-violet,sell,200,pokedollars,
tm019,sun-moon,buy,10000,pokedollars,Malie City
tm019,sword-shield,buy,10000,pokedollars,Motostoke Upper Pokémon Center
tm019,yellow,sell,1500,pokedollars,
tm020,blue,sell,1000,pokedollars,
tm020,red,sell,1000,pokedollars,
tm020,yellow,sell,1000,pokedollars,
tm021,brilliant-diamond-shining-pearl,buy,3000,pokedollars,
tm021,diamond-pearl,buy,8000,coins,Game Corner
tm021,gold-silver,sell,500,pokedollars,
tm021,heartgold-soulsilver,buy,1000,pokedollars,
tm021,red-blue,sell,2500,pokedollars,
tm022,brilliant-diamond-shining-pearl,sell,1500,pokedollars,
tm022,brilliant-diamond-shining-pearl,buy,3000,pokedollars,
tm022,crystal,sell,1500,pokedollars,
tm022,diamond-pearl,sell,1500,pokedollars,
tm022,diamond-pearl,buy,3000,pokedollars,
tm022,gold-silver,sell,1500,pokedollars,
tm022,heartgold-soulsilver,buy,3000,pokedollars,
tm022,heartgold-soulsilver,sell,1500,pokedollars,
tm022,platinum,sell,1500,pokedollars,
tm022,platinum,buy,3000,pokedollars,
tm022,red-blue,sell,2500,pokedollars,
tm022,scarlet-violet,sell,3000,pokedollars,
tm022,sun-moon,buy,10000,pokedollars,
tm022,ultra-sun-ultra-moon,buy,10000,pokedollars,
tm022,yellow,sell,2500,pokedollars,
tm023,black-2-white-2,buy,18,battle-points,
tm023,black-white,buy,36,battle-points,
tm023,crystal,sell,1500,pokedollars,
tm023,diamond-pearl,sell,1500,pokedollars,
tm023,emerald,sell,1500,pokedollars,
tm023,firered-leafgreen,buy,3500,coins,
tm023,firered-leafgreen,sell,1500,pokedollars,
tm023,gold-silver,sell,1500,pokedollars,
tm023,heartgold-soulsilver,sell,1500,pokedollars,
tm023,platinum,sell,1500,pokedollars,
tm023,red-blue,buy,3300,coins,
tm023,red-blue,sell,2500,pokedollars,
tm023,ruby-sapphire,sell,1500,pokedollars,
tm023,scarlet-violet,buy,800,league-points,Requires crafting materials
tm023,scarlet-violet,sell,800,pokedollars,
tm023,sun-moon,buy,10000,pokedollars,
tm023,sword-shield,buy,10000,pokedollars,
tm023,x-y,buy,32,battle-points,
tm023,yellow,buy,3300,coins,
tm023,yellow,sell,2500,pokedollars,
tm024,brilliant-diamond-shining-pearl,sell,1500,pokedollars,
tm024,brilliant-diamond-shining-pearl,buy,3000,pokedollars,
tm024,crystal,sell,1500,pokedollars,
tm024,diamond-pearl,sell,1500,pokedollars,
tm024,emerald,sell,1500,pokedollars,
tm024,gold-silver,sell,1500,pokedollars,
tm024,platinum,sell,1500,pokedollars,
tm024,red-blue,sell,1000,pokedollars,
tm024,ruby-sapphire,sell,1500,pokedollars,
tm024,scarlet-violet,sell,800,pokedollars,
tm024,yellow,sell,1000,pokedollars,
tm025,black-white,buy,70000,pokedollars,
tm025,diamond-pearl,buy,5500,pokedollars,
tm025,emerald,buy,5500,pokedollars,
tm025,gold-silver,buy,5500,coins,
tm025,red-blue,sell,2500,pokedollars,
tm025,ruby-sapphire,buy,5500,pokedollars,
tm025,scarlet-violet,sell,5000,pokedollars,
tm025,sun-moon,buy,30000,pokedollars,
tm025,sword-shield,buy,10000,pokedollars,
tm025,x-y,buy,70000,pokedollars,
tm026,diamond-pearl,sell,1500,pokedollars,
tm026,gold-silver,sell,1500,pokedollars,
tm026,red-blue,sell,2000,pokedollars,
tm026,ruby-sapphire,sell,1500,pokedollars,
tm028,firered-leafgreen,buy,2000,pokedollars,
tm028,firered-leafgreen,sell,1000,pokedollars,
tm028,lets-go-pikachu-lets-go-eevee,buy,30000,pokedollars,
tm028,red-blue,sell,1000,pokedollars,
tm028,scarlet-violet,sell,1500,pokedollars,
tm028,sword-shield,buy,100000,pokedollars,Battle Tower
tm028,x-y,buy,10000,pokedollars,
tm028,yellow,sell,1000,pokedollars,
tm029,brilliant-diamond-shining-pearl,buy,3000,pokedollars,
tm029,brilliant-diamond-shining-pearl,sell,1500,pokedollars,
tm029,diamond-pearl,sell,1500,pokedollars,
tm029,gold-silver,sell,1000,pokedollars,
tm029,red-blue,sell,2000,pokedollars,
tm030,crystal,sell,1500,pokedollars,
tm030,emerald,sell,1500,pokedollars,
tm030,firered-leafgreen,buy,4500,coins,Rocket Game Corner
tm030,firered-leafgreen,sell,1500,pokedollars,
tm030,gold-silver,sell,1500,pokedollars,
tm030,red-blue,sell,500,pokedollars,
tm030,ruby-sapphire,sell,1500,pokedollars,
tm030,yellow,sell,500,pokedollars,
tm031,crystal,sell,1500,pokedollars,
tm031,gold-silver,sell,1500,pokedollars,
tm031,red-blue,sell,1000,pokedollars,
tm031,yellow,sell,1000,pokedollars,
tm032,brilliant-diamond-shining-pearl,sell,500,pokedollars,
tm032,brilliant-diamond-shining-pearl,buy,1000,pokedollars,
tm032,diamond-pearl,sell,500,pokedollars,
tm032,diamond-pearl,buy,4000,coins,
tm032,emerald,sell,1000,pokedollars,
tm032,emerald,buy,1500,coins,
tm032,gold-silver,buy,1500,coins,
tm032,gold-silver,sell,1000,pokedollars,
tm032,platinum,sell,500,pokedollars,
tm032,platinum,buy,4000,coins,
tm032,red-blue,buy,1000,pokedollars,
tm032,red-blue,sell,500,pokedollars,
tm032,ruby-sapphire,sell,1000,pokedollars,
tm032,ruby-sapphire,buy,1500,coins,
tm032,scarlet-violet,sell,200,pokedollars,
tm032,scarlet-violet,buy,200,league-points,Requires 3 Fletchling Feathers
tm032,sun-moon,buy,10000,pokedollars,
tm032,sword-shield,buy,10000,pokedollars,
tm033,black-2-white-2,buy,30000,pokedollars,
tm033,black-white,buy,30000,pokedollars,
tm033,brilliant-diamond-shining-pearl,sell,1000,pokedollars,
tm033,brilliant-diamond-shining-pearl,buy,2000,pokedollars,
tm033,crystal,sell,1500,pokedollars,
tm033,crystal,buy,3000,pokedollars,
tm033,diamond-pearl,buy,2000,pokedollars,
tm033,diamond-pearl,sell,1000,pokedollars,
tm033,emerald,sell,1500,pokedollars,
tm033,emerald,buy,3000,pokedollars,
tm033,gold-silver,sell,1500,pokedollars,
tm033,gold-silver,buy,3000,pokedollars,
tm033,heartgold-soulsilver,sell,1000,pokedollars,
tm033,heartgold-soulsilver,buy,2000,pokedollars,
tm033,omega-ruby-alpha-sapphire,buy,10000,pokedollars,
tm033,platinum,sell,1000,pokedollars,
tm033,platinum,buy,2000,pokedollars,
tm033,red-blue,buy,1000,pokedollars,
tm033,red-blue,sell,500,pokedollars,
tm033,ruby-sapphire,sell,1500,pokedollars,
tm033,ruby-sapphire,buy,3000,pokedollars,
tm033,sun-moon,buy,10000,pokedollars,
tm033,sword-shield,buy,10000,pokedollars,
tm033,ultra-sun-ultra-moon,buy,10000,pokedollars,
tm033,x-y,buy,30000,pokedollars,
tm033,yellow,sell,500,pokedollars,
tm033,yellow,buy,1000,pokedollars,
tm034,crystal,sell,500,pokedollars,
tm034,diamond-pearl,sell,1500,pokedollars,
tm034,emerald,sell,1500,pokedollars,
tm034,gold-silver,sell,500,pokedollars,
tm034,platinum,sell,1500,pokedollars,
tm034,red-blue,sell,1000,pokedollars,
tm034,ruby-sapphire,sell,1500,pokedollars,
tm034,yellow,sell,1000,pokedollars,
tm035,brilliant-diamond-shining-pearl,buy,3000,pokedollars,
tm035,brilliant-diamond-shining-pearl,sell,1500,pokedollars,
tm035,crystal,sell,500,pokedollars,
tm035,diamond-pearl,buy,10000,coins,
tm035,diamond-pearl,sell,1500,pokedollars,
tm035,emerald,buy,4000,coins,
tm035,emerald,sell,1500,pokedollars,
tm035,firered-leafgreen,buy,4000,coins,
tm035,firered-leafgreen,sell,1500,pokedollars,
tm035,gold-silver,sell,500,pokedollars,
tm035,heartgold-soulsilver,sell,1500,pokedollars,
tm035,heartgold-soulsilver,buy,10000,coins,
tm035,platinum,sell,1500,pokedollars,
tm035,platinum,buy,10000,coins,
tm035,red-blue,sell,2000,pokedollars,
tm035,ruby-sapphire,sell,1500,pokedollars,
tm035,ruby-sapphire,buy,4000,coins,
tm035,scarlet-violet,sell,800,pokedollars,
tm035,sword-shield,buy,10000,pokedollars,
tm035,yellow,sell,2000,pokedollars,
tm036,crystal,sell,500,pokedollars,
tm036,diamond-pearl,sell,1500,pokedollars,
tm036,emerald,sell,500,pokedollars,
tm036,firered-leafgreen,sell,500,pokedollars,
tm036,gold-silver,sell,500,pokedollars,
tm036,heartgold-soulsilver,sell,1500,pokedollars,
tm036,platinum,sell,1500,pokedollars,
tm036,red-blue,sell,1000,pokedollars,
tm036,ruby-sapphire,sell,500,pokedollars,
tm036,yellow,sell,1000,pokedollars,
tm037,crystal,sell,1000,pokedollars,
tm037,crystal,buy,2000,pokedollars,
tm037,gold-silver,buy,2000,pokedollars,
tm037,gold-silver,sell,1000,pokedollars,
tm037,red-blue,sell,1000,pokedollars,
tm037,red-blue,buy,2000,pokedollars,
tm037,yellow,buy,2000,pokedollars,
tm037,yellow,sell,1000,pokedollars,
tm038,black-white,buy,70000,pokedollars,
tm038,crystal,buy,5500,coins,Goldenrod Game Corner
tm038,crystal,sell,1000,pokedollars,
tm038,diamond-pearl,buy,5500,pokedollars,
tm038,diamond-pearl,sell,2750,pokedollars,
tm038,emerald,buy,5500,pokedollars,
tm038,emerald,sell,2750,pokedollars,
tm038,gold-silver,buy,5500,coins,Goldenrod Game Corner
tm038,gold-silver,sell,1000,pokedollars,
tm038,platinum,sell,2750,pokedollars,
tm038,platinum,buy,5500,pokedollars,
tm038,red-blue,sell,2500,pokedollars,
tm038,ruby-sapphire,sell,2750,pokedollars,
tm038,ruby-sapphire,buy,5500,pokedollars,
tm038,sun-moon,buy,30000,pokedollars,
tm038,ultra-sun-ultra-moon,buy,30000,pokedollars,
tm038,x-y,buy,70000,pokedollars,
tm038,yellow,sell,2500,pokedollars,
tm039,brilliant-diamond-shining-pearl,sell,1000,pokedollars,
tm039,crystal,sell,1000,pokedollars,
tm039,diamond-pearl,sell,1000,pokedollars,
tm039,emerald,sell,1500,pokedollars,
tm039,firered-leafgreen,sell,1500,pokedollars,
tm039,gold-silver,sell,1000,pokedollars,
tm039,heartgold-soulsilver,sell,1000,pokedollars,
tm039,platinum,sell,1000,pokedollars,
tm039,red-blue,sell,1000,pokedollars,
tm039,ruby-sapphire,sell,1500,pokedollars,
tm039,scarlet-violet,sell,3000,pokedollars,
tm039,yellow,sell,1000,pokedollars,
tm040,crystal,sell,500,pokedollars,
tm040,diamond-pearl,sell,1500,pokedollars,
tm040,emerald,sell,1500,pokedollars,
tm040,gold-silver,sell,500,pokedollars,
tm040,platinum,sell,1500,pokedollars,
tm040,red-blue,sell,2000,pokedollars,
tm040,ruby-sapphire,sell,1500,pokedollars,
tm040,yellow,sell,2000,pokedollars,
tm041,crystal,buy,3000,pokedollars,
tm041,crystal,sell,1500,pokedollars,
tm041,diamond-pearl,sell,750,pokedollars,
tm041,emerald,sell,1500,pokedollars,
tm041,firered-leafgreen,sell,1500,pokedollars,
tm041,gold-silver,buy,3000,pokedollars,
tm041,gold-silver,sell,1500,pokedollars,
tm041,heartgold-soulsilver,buy,1500,pokedollars,
tm041,heartgold-soulsilver,sell,750,pokedollars,
tm041,platinum,sell,750,pokedollars,
tm041,red-blue,sell,1000,pokedollars,
tm041,ruby-sapphire,sell,1500,pokedollars,
tm041,scarlet-violet,sell,800,pokedollars,
tm041,sword-shield,buy,10000,pokedollars,
tm041,yellow,sell,1000,pokedollars,
tm042,brilliant-diamond-shining-pearl,sell,1500,pokedollars,
tm042,crystal,sell,1500,pokedollars,
tm042,diamond-pearl,sell,1500,pokedollars,
tm042,emerald,sell,1500,pokedollars,
tm042,firered-leafgreen,sell,1500,pokedollars,
tm042,gold-silver,sell,1500,pokedollars,
tm042,omega-ruby-alpha-sapphire,buy,10000,pokedollars,
tm042,platinum,sell,1500,pokedollars,
tm042,red-blue,sell,1000,pokedollars,
tm042,ruby-sapphire,sell,1500,pokedollars,
tm042,scarlet-violet,sell,400,pokedollars,
tm042,sun-moon,buy,10000,pokedollars,
tm042,ultra-sun-ultra-moon,buy,10000,pokedollars,
tm042,yellow,sell,1000,pokedollars,
tm043,crystal,sell,500,pokedollars,
tm043,diamond-pearl,sell,1000,pokedollars,
tm043,emerald,sell,1500,pokedollars,
tm043,emerald,buy,3000,pokedollars,
tm043,firered-leafgreen,sell,1500,pokedollars,
tm043,firered-leafgreen,buy,3000,pokedollars,
tm043,gold-silver,sell,500,pokedollars,
tm043,heartgold-soulsilver,sell,1000,pokedollars,
tm043,platinum,sell,1000,pokedollars,
tm043,red-blue,sell,2500,pokedollars,
tm043,ruby-sapphire,sell,1500,pokedollars,
tm043,ruby-sapphire,buy,3000,pokedollars,
tm043,yellow,sell,2500,pokedollars,
tm044,brilliant-diamond-shining-pearl,sell,1500,pokedollars,
tm044,brilliant-diamond-shining-pearl,buy,3000,pokedollars,
tm044,crystal,sell,1500,pokedollars,
tm044,diamond-pearl,buy,6000,coins,Game Corner
tm044,diamond-pearl,sell,1500,pokedollars,
tm044,emerald,sell,1500,pokedollars,
tm044,firered-leafgreen,sell,1500,pokedollars,
tm044,gold-silver,sell,1500,pokedollars,
tm044,heartgold-soulsilver,buy,6000,coins,Game Corner
tm044,heartgold-soulsilver,sell,1500,pokedollars,
tm044,platinum,sell,1500,pokedollars,
tm044,platinum,buy,6000,coins,Game Corner
tm044,red-blue,sell,1000,pokedollars,
tm044,ruby-sapphire,sell,1500,pokedollars,
tm044,scarlet-violet,sell,1500,pokedollars,
tm044,sun-moon,buy,1000,pokedollars,
tm044,sword-shield,buy,100000,pokedollars,Battle Tower
tm044,ultra-sun-ultra-moon,buy,1000,pokedollars,
tm044,yellow,sell,1000,pokedollars,
tm046,brilliant-diamond-shining-pearl,sell,1000,pokedollars,
tm046,crystal,sell,1500,pokedollars,
tm046,diamond-pearl,sell,1000,pokedollars,
tm046,emerald,sell,1500,pokedollars,
tm046,firered-leafgreen,sell,1500,pokedollars,
tm046,gold-silver,sell,1500,pokedollars,
tm046,heartgold-soulsilver,sell,1000,pokedollars,
tm046,platinum,sell,1000,pokedollars,
tm046,red-blue,sell,2000,pokedollars,
tm046,ruby-sapphire,sell,1500,pokedollars,
tm046,scarlet-violet,buy,1500,league-points,Also requires crafting materials.
tm046,scarlet-violet,sell,1500,pokedollars,
tm046,sword-shield,buy,30000,pokedollars,
tm046,yellow,sell,2000,pokedollars,
tm047,brilliant-diamond-shining-pearl,sell,1500,pokedollars,
tm047,crystal,sell,1500,pokedollars,
tm047,diamond-pearl,sell,1500,pokedollars,
tm047,emerald,sell,1500,pokedollars,
tm047,gold-silver,sell,1500,pokedollars,
tm047,heartgold-soulsilver,sell,1500,pokedollars,
tm047,omega-ruby-alpha-sapphire,buy,10000,pokedollars,
tm047,platinum,sell,1500,pokedollars,
tm047,red-blue,sell,1500,pokedollars,
tm047,ruby-sapphire,sell,1500,pokedollars,
tm047,scarlet-violet,sell,200,pokedollars,
tm047,sun-moon,buy,10000,pokedollars,
tm047,ultra-sun-ultra-moon,buy,10000,pokedollars,
tm047,yellow,sell,1500,pokedollars,
tm048,blue,sell,2000,pokedollars,
tm048,crystal,buy,3000,pokedollars,
tm048,gold,buy,3000,pokedollars,
tm048,red,sell,2000,pokedollars,
tm048,silver,buy,3000,pokedollars,
tm048,yellow,sell,2000,pokedollars,
tm049,brilliant-diamond-shining-pearl,sell,1500,pokedollars,
tm049,crystal,sell,1500,pokedollars,
tm049,diamond-pearl,sell,750,pokedollars,
tm049,emerald,sell,1500,pokedollars,
tm049,gold-silver,sell,1500,pokedollars,
tm049,heartgold-soulsilver,sell,750,pokedollars,
tm049,platinum,sell,750,pokedollars,
tm049,red-blue,sell,2000,pokedollars,
tm049,ruby-sapphire,sell,1500,pokedollars,
tm049,scarlet-violet,sell,3000,pokedollars,
tm049,yellow,sell,2000,pokedollars,
tm050,crystal,sell,1000,pokedollars,
tm050,diamond-pearl,sell,2750,pokedollars,
tm050,emerald,sell,1500,pokedollars,
tm050,gold-silver,sell,1000,pokedollars,
tm050,heartgold-soulsilver,sell,2750,pokedollars,
tm050,platinum,sell,2750,pokedollars,
tm050,red-blue,sell,1000,pokedollars,
tm050,red-blue,buy,7700,coins,Rocket Game Corner
tm050,ruby-sapphire,sell,1500,pokedollars,
tm050,scarlet-violet,sell,3000,pokedollars,
tm050,scarlet-violet,buy,3000,league-points,TM Machine crafting cost
tm050,sword-shield,buy,10000,pokedollars,
tm050,x-y,buy,80000,pokedollars,
tm050,yellow,buy,7700,coins,Rocket Game Corner
tm050,yellow,sell,1000,pokedollars,
tm051,black-2-white-2,buy,24,battle-points,Battle Subway / Pokémon World Tournament
tm051,black-white,buy,48,battle-points,Battle Subway
tm051,brilliant-diamond-shining-pearl,sell,1000,pokedollars,
tm051,diamond-pearl,sell,1000,pokedollars,
tm051,heartgold-soulsilver,sell,1000,pokedollars,
tm051,platinum,sell,1000,pokedollars,
tm051,scarlet-violet,sell,3000,pokedollars,
tm051,scarlet-violet,buy,3000,league-points,TM Machine
tm051,sun-moon,buy,10000,pokedollars,Malie City
tm051,ultra-sun-ultra-moon,buy,10000,pokedollars,Konikoni City
tm051,x-y,buy,32,battle-points,Battle Maison
tm052,brilliant-diamond-shining-pearl,sell,2750,pokedollars,
tm052,brilliant-diamond-shining-pearl,buy,5500,pokedollars,
tm052,diamond-pearl,buy,5500,pokedollars,
tm052,diamond-pearl,sell,2750,pokedollars,
tm052,heartgold-soulsilver,buy,5500,pokedollars,
tm052,heartgold-soulsilver,sell,2750,pokedollars,
tm052,omega-ruby-alpha-sapphire,buy,30000,pokedollars,
tm052,platinum,buy,5500,pokedollars,
tm052,platinum,sell,2750,pokedollars,
tm052,sun-moon,buy,30000,pokedollars,
tm052,sword-shield,buy,100000,pokedollars,
tm052,ultra-sun-ultra-moon,buy,30000,pokedollars,
tm052,x-y,buy,70000,pokedollars,
tm053,diamond-pearl,buy,64,battle-points,
tm053,diamond-pearl,sell,1500,pokedollars,
tm053,heartgold-soulsilver,buy,64,battle-points,
tm053,heartgold-soulsilver,sell,1500,pokedollars,
tm053,platinum,sell,1500,pokedollars,
tm053,platinum,buy,64,battle-points,
tm053,scarlet-violet,sell,3000,pokedollars,
tm053,scarlet-violet,buy,3000,league-points,Requires Chewtle Claw ×3 and Heracross Claw ×3.
tm054,brilliant-diamond-shining-pearl,buy,2000,pokedollars,
tm054,brilliant-diamond-shining-pearl,sell,1000,pokedollars,
tm054,diamond-pearl,sell,1000,pokedollars,
tm054,diamond-pearl,buy,2000,pokedollars,
tm054,heartgold-soulsilver,sell,1000,pokedollars,
tm054,heartgold-soulsilver,buy,2000,pokedollars,
tm055,brilliant-diamond-shining-pearl,sell,1500,pokedollars,
tm055,diamond-pearl,sell,1500,pokedollars,
tm055,heartgold-soulsilver,buy,3000,pokedollars,
tm055,heartgold-soulsilver,sell,1500,pokedollars,
tm055,platinum,sell,1500,pokedollars,
tm055,scarlet-violet,sell,5000,pokedollars,
tm055,sword-shield,buy,10000,pokedollars,
tm056,brilliant-diamond-shining-pearl,sell,1000,pokedollars,
tm056,diamond-pearl,sell,1000,pokedollars,
tm056,heartgold-soulsilver,sell,1000,pokedollars,
tm056,platinum,sell,1000,pokedollars,
tm056,scarlet-violet,sell,3000,pokedollars,
tm057,brilliant-diamond-shining-pearl,sell,1500,pokedollars,
tm057,diamond-pearl,sell,1500,pokedollars,
tm057,heartgold-soulsilver,sell,1500,pokedollars,
tm057,omega-ruby-alpha-sapphire,buy,10000,pokedollars,
tm057,platinum,sell,1500,pokedollars,
tm057,scarlet-violet,sell,400,pokedollars,
tm059,diamond-pearl,buy,80,battle-points,
tm059,diamond-pearl,sell,1500,pokedollars,
tm059,heartgold-soulsilver,buy,80,battle-points,
tm059,heartgold-soulsilver,sell,1500,pokedollars,
tm059,platinum,buy,80,battle-points,
tm059,platinum,sell,1500,pokedollars,
tm059,scarlet-violet,sell,5000,pokedollars,
tm059,scarlet-violet,buy,5000,league-points,TM Machine crafting cost
tm059,sword-shield,buy,100000,pokedollars,
tm060,diamond-pearl,sell,1500,pokedollars,
tm060,heartgold-soulsilver,sell,1500,pokedollars,
tm060,platinum,sell,1500,pokedollars,
tm060,scarlet-violet,sell,3000,pokedollars,
tm060,sword-shield,buy,30000,pokedollars,
tm061,brilliant-diamond-shining-pearl,sell,1000,pokedollars,
tm061,brilliant-diamond-shining-pearl,buy,32,battle-points,Battle Tower
tm061,diamond-pearl,buy,32,battle-points,Battle Tower/Frontier
tm061,diamond-pearl,sell,1000,pokedollars,
tm061,heartgold-soulsilver,buy,32,battle-points,Battle Frontier
tm061,heartgold-soulsilver,sell,1000,pokedollars,
tm061,platinum,buy,32,battle-points,Battle Tower/Frontier
tm061,platinum,sell,1000,pokedollars,
tm061,scarlet-violet,buy,3000,league-points,TM Machine
tm061,scarlet-violet,sell,3000,pokedollars,
tm061,sword-shield,buy,30000,pokedollars,Wyndon
tm062,brilliant-diamond-shining-pearl,sell,1500,pokedollars,
tm062,diamond-pearl,sell,1500,pokedollars,
tm062,heartgold-soulsilver,sell,1500,pokedollars,
tm062,platinum,sell,1500,pokedollars,
tm062,scarlet-violet,sell,3000,pokedollars,
tm062,sword-shield,buy,30000,pokedollars,
tm063,brilliant-diamond-shining-pearl,sell,1000,pokedollars,
tm063,brilliant-diamond-shining-pearl,sell,1000,pokedollars,
tm063,brilliant-diamond-shining-pearl,buy,2000,pokedollars,
tm063,diamond-pearl,buy,2000,coins,Game Corner
tm063,diamond-pearl,sell,1000,pokedollars,
tm063,diamond-pearl,sell,1000,pokedollars,
tm063,heartgold-soulsilver,sell,1000,pokedollars,
tm063,heartgold-soulsilver,buy,2000,coins,Game Corner
tm063,heartgold-soulsilver,sell,1000,pokedollars,
tm063,platinum,sell,1000,pokedollars,
tm063,platinum,sell,1000,pokedollars,
tm063,platinum,buy,2000,coins,Game Corner
tm063,scarlet-violet,sell,10000,pokedollars,
tm063,sword-shield,buy,50000,pokedollars,
tm064,brilliant-diamond-shining-pearl,sell,3750,pokedollars,
tm064,diamond-pearl,sell,3750,pokedollars,
tm064,heartgold-soulsilver,sell,3750,pokedollars,
tm064,platinum,sell,3750,pokedollars,
tm064,scarlet-violet,sell,3000,pokedollars,
tm065,brilliant-diamond-shining-pearl,sell,1500,pokedollars,
tm065,diamond-pearl,sell,1500,pokedollars,
tm065,heartgold-soulsilver,sell,1500,pokedollars,
tm065,platinum,sell,1500,pokedollars,
tm065,scarlet-violet,sell,5000,pokedollars,
tm065,sun-moon,buy,10000,pokedollars,
tm065,ultra-sun-ultra-moon,buy,10000,pokedollars,
tm066,brilliant-diamond-shining-pearl,sell,1500,pokedollars,
tm066,diamond-pearl,sell,1500,pokedollars,
tm066,heartgold-soulsilver,sell,1500,pokedollars,
tm066,platinum,sell,1500,pokedollars,
tm066,scarlet-violet,sell,5000,pokedollars,
tm066,sun-moon,buy,10000,pokedollars,
tm066,sword-shield,buy,30000,pokedollars,
tm067,brilliant-diamond-shining-pearl,sell,500,pokedollars,
tm067,diamond-pearl,sell,500,pokedollars,
tm067,heartgold-soulsilver,sell,500,pokedollars,
tm067,platinum,sell,500,pokedollars,
tm067,scarlet-violet,sell,5000,pokedollars,
tm067,sword-shield,buy,30000,pokedollars,
tm068,black-2-white-2,buy,90000,pokedollars,Shopping Mall Nine
tm068,black-white,buy,90000,pokedollars,Shopping Mall Nine
tm068,brilliant-diamond-shining-pearl,buy,7500,pokedollars,Veilstone Department Store
tm068,brilliant-diamond-shining-pearl,sell,3750,pokedollars,
tm068,diamond-pearl,sell,3750,pokedollars,
tm068,diamond-pearl,buy,20000,coins,Veilstone Game Corner
tm068,heartgold-soulsilver,buy,15000,coins,Celadon Game Corner
tm068,heartgold-soulsilver,sell,3750,pokedollars,
tm068,omega-ruby-alpha-sapphire,buy,50000,pokedollars,Lilycove Department Store
tm068,platinum,buy,20000,coins,Veilstone Game Corner
tm068,platinum,sell,3750,pokedollars,
tm068,sun-moon,buy,50000,pokedollars,Seafolk Village
tm068,sword-shield,buy,30000,pokedollars,Hammerlocke (East Pokémon Center)
tm068,ultra-sun-ultra-moon,buy,50000,pokedollars,Seafolk Village
tm068,x-y,buy,90000,pokedollars,Kiloude City
tm069,brilliant-diamond-shining-pearl,sell,750,pokedollars,
tm069,diamond-pearl,sell,750,pokedollars,
tm069,heartgold-soulsilver,sell,750,pokedollars,
tm069,platinum,sell,750,pokedollars,
tm069,scarlet-violet,sell,5000,pokedollars,
tm069,sun-moon,buy,10000,pokedollars,
tm069,ultra-sun-ultra-moon,buy,10000,pokedollars,
tm070,brilliant-diamond-shining-pearl,buy,1000,pokedollars,
tm070,brilliant-diamond-shining-pearl,sell,500,pokedollars,
tm070,diamond-pearl,sell,500,pokedollars,
tm070,diamond-pearl,buy,1000,pokedollars,
tm070,heartgold-soulsilver,buy,1000,pokedollars,
tm070,heartgold-soulsilver,sell,500,pokedollars,
tm070,platinum,buy,1000,pokedollars,
tm070,platinum,sell,500,pokedollars,
tm070,sun-moon,buy,30000,pokedollars,
tm070,sword-shield,buy,50000,pokedollars,Battle Tower
tm070,ultra-sun-ultra-moon,buy,30000,pokedollars,
tm071,brilliant-diamond-shining-pearl,buy,80,battle-points,Also obtainable via Grand Underground spheres/merchant
tm071,brilliant-diamond-shining-pearl,sell,1500,pokedollars,
tm071,diamond-pearl,sell,1500,pokedollars,
tm071,diamond-pearl,buy,80,battle-points,Battle Tower/Frontier
tm071,heartgold-soulsilver,buy,80,battle-points,Battle Frontier
tm071,heartgold-soulsilver,sell,1500,pokedollars,
tm071,omega-ruby-alpha-sapphire,buy,30000,pokedollars,Lilycove Department Store
tm071,platinum,sell,1500,pokedollars,
tm071,platinum,buy,80,battle-points,Battle Tower/Frontier
tm071,scarlet-violet,sell,8000,pokedollars,
tm071,scarlet-violet,buy,8000,league-points,TM Machine crafting required
tm071,sun-moon,buy,30000,pokedollars,Seafolk Village
tm071,sword-shield,buy,50000,pokedollars,Battle Tower
tm071,ultra-sun-ultra-moon,buy,30000,pokedollars,Seafolk Village
tm072,diamond-pearl,sell,1500,pokedollars,
tm072,heartgold-soulsilver,buy,3000,pokedollars,
tm072,heartgold-soulsilver,sell,1500,pokedollars,
tm072,platinum,sell,1500,pokedollars,
tm072,scarlet-violet,sell,5000,pokedollars,
tm072,scarlet-violet,buy,5000,league-points,Requires TM materials.
tm072,sword-shield,buy,50000,pokedollars,
tm072,x-y,buy,48,battle-points,
tm073,black-2-white-2,buy,10000,pokedollars,
tm073,black-white,buy,10000,pokedollars,
tm073,diamond-pearl,buy,32,battle-points,
tm073,diamond-pearl,sell,1000,pokedollars,
tm073,heartgold-soulsilver,buy,32,battle-points,
tm073,heartgold-soulsilver,sell,1000,pokedollars,
tm073,omega-ruby-alpha-sapphire,buy,5000,pokedollars,
tm073,platinum,buy,32,battle-points,
tm073,platinum,sell,1000,pokedollars,
tm073,scarlet-violet,buy,8000,league-points,Requires crafting materials.
tm073,scarlet-violet,sell,8000,pokedollars,
tm074,black-2-white-2,buy,10000,pokedollars,Nimbasa City
tm074,black-white,buy,10000,pokedollars,Nimbasa City
tm074,brilliant-diamond-shining-pearl,sell,1500,pokedollars,
tm074,brilliant-diamond-shining-pearl,buy,3000,pokedollars,Veilstone Department Store
tm074,diamond-pearl,buy,15000,coins,Veilstone Game Corner
tm074,diamond-pearl,sell,1500,pokedollars,
tm074,heartgold-soulsilver,sell,1500,pokedollars,
tm074,heartgold-soulsilver,buy,10000,coins,Celadon Game Corner
tm074,platinum,sell,1500,pokedollars,
tm074,platinum,buy,15000,coins,Veilstone Game Corner
tm075,brilliant-diamond-shining-pearl,sell,750,pokedollars,
tm075,brilliant-diamond-shining-pearl,buy,1500,pokedollars,
tm075,diamond-pearl,buy,4000,coins,
tm075,diamond-pearl,sell,750,pokedollars,
tm075,heartgold-soulsilver,sell,750,pokedollars,
tm075,heartgold-soulsilver,buy,4000,coins,
tm075,platinum,sell,750,pokedollars,
tm075,platinum,buy,4000,coins,
tm075,x-y,buy,10000,pokedollars,
tm076,brilliant-diamond-shining-pearl,sell,1000,pokedollars,
tm076,diamond-pearl,sell,1000,pokedollars,
tm076,heartgold-soulsilver,sell,1000,pokedollars,
tm076,heartgold-soulsilver,buy,2000,pokedollars,
tm076,omega-ruby-alpha-sapphire,buy,5000,pokedollars,
tm076,platinum,sell,1000,pokedollars,
tm076,scarlet-violet,sell,3000,pokedollars,
tm076,sword-shield,buy,10000,pokedollars,
tm076,x-y,buy,10000,pokedollars,
tm077,black-2-white-2,buy,24,battle-points,
tm077,black-white,buy,48,battle-points,
tm077,brilliant-diamond-shining-pearl,sell,750,pokedollars,
tm077,diamond-pearl,sell,750,pokedollars,
tm077,heartgold-soulsilver,sell,750,pokedollars,
tm077,platinum,sell,750,pokedollars,
tm077,scarlet-violet,sell,8000,pokedollars,
tm077,ultra-sun-ultra-moon,buy,10000,pokedollars,
tm078,diamond-pearl,sell,750,pokedollars,
tm078,heartgold-soulsilver,sell,750,pokedollars,
tm078,heartgold-soulsilver,buy,1500,pokedollars,
tm078,omega-ruby-alpha-sapphire,buy,10000,pokedollars,
tm078,platinum,sell,750,pokedollars,
tm078,scarlet-violet,sell,8000,pokedollars,
tm078,sun-moon,buy,10000,pokedollars,
tm078,ultra-sun-ultra-moon,buy,10000,pokedollars,
tm078,x-y,buy,10000,pokedollars,
tm079,black-2-white-2,buy,12,battle-points,
tm079,brilliant-diamond-shining-pearl,sell,1500,pokedollars,
tm079,diamond-pearl,sell,1500,pokedollars,
tm079,heartgold-soulsilver,buy,3000,pokedollars,
tm079,heartgold-soulsilver,sell,1500,pokedollars,
tm079,scarlet-violet,buy,8000,league-points,
tm079,scarlet-violet,sell,8000,pokedollars,
tm080,brilliant-diamond-shining-pearl,sell,1500,pokedollars,
tm080,diamond-pearl,sell,1500,pokedollars,
tm080,heartgold-soulsilver,sell,1500,pokedollars,
tm080,platinum,sell,1500,pokedollars,
tm080,scarlet-violet,sell,400,pokedollars,
tm081,diamond,sell,1500,pokedollars,
tm081,diamond,buy,64,battle-points,Battle Tower
tm081,heartgold-soulsilver,buy,64,battle-points,Battle Frontier
tm081,heartgold-soulsilver,sell,1500,pokedollars,
tm081,pearl,buy,64,battle-points,Battle Tower
tm081,pearl,sell,1500,pokedollars,
tm081,platinum,buy,64,battle-points,Battle Frontier
tm081,platinum,sell,1500,pokedollars,
tm082,brilliant-diamond-shining-pearl,sell,500,pokedollars,
tm082,diamond-pearl,sell,500,pokedollars,
tm082,heartgold-soulsilver,sell,500,pokedollars,
tm082,omega-ruby-alpha-sapphire,buy,10000,pokedollars,
tm082,platinum,sell,500,pokedollars,
tm082,scarlet-violet,sell,400,pokedollars,
tm082,sun-moon,buy,10000,pokedollars,
tm083,brilliant-diamond-shining-pearl,sell,1500,pokedollars,
tm083,brilliant-diamond-shining-pearl,buy,3000,pokedollars,
tm083,diamond-pearl,buy,2000,pokedollars,
tm083,diamond-pearl,sell,1000,pokedollars,
tm083,heartgold-soulsilver,sell,1000,pokedollars,
tm083,heartgold-soulsilver,buy,2000,pokedollars,
tm083,platinum,buy,2000,pokedollars,
tm083,platinum,sell,1000,pokedollars,
tm083,scarlet-violet,sell,5000,pokedollars,
tm083,sword-shield,buy,100000,pokedollars,Battle Tower
tm084,brilliant-diamond-shining-pearl,sell,1500,pokedollars,
tm084,diamond-pearl,sell,1500,pokedollars,
tm084,heartgold-soulsilver,sell,1500,pokedollars,
tm084,platinum,sell,1500,pokedollars,
tm084,scarlet-violet,sell,5000,pokedollars,
tm084,x-y,buy,10000,pokedollars,
tm085,brilliant-diamond-shining-pearl,sell,1500,pokedollars,
tm085,diamond-pearl,sell,1500,pokedollars,
tm085,heartgold-soulsilver,sell,1500,pokedollars,
tm085,platinum,sell,1500,pokedollars,
tm085,scarlet-violet,sell,400,pokedollars,
tm086,brilliant-diamond-shining-pearl,sell,1500,pokedollars,
tm086,diamond-pearl,sell,1500,pokedollars,
tm086,heartgold-soulsilver,sell,1500,pokedollars,
tm086,platinum,sell,1500,pokedollars,
tm086,scarlet-violet,sell,5000,pokedollars,
tm087,brilliant-diamond-shining-pearl,sell,750,pokedollars,
tm087,heartgold-soulsilver,buy,1500,pokedollars,Celadon Department Store
tm087,heartgold-soulsilver,sell,750,pokedollars,
tm087,omega-ruby-alpha-sapphire,buy,100,pokedollars,Battle Resort
tm087,scarlet-violet,sell,3000,pokedollars,
tm088,brilliant-diamond-shining-pearl,sell,750,pokedollars,
tm088,diamond-pearl,sell,1500,pokedollars,
tm088,heartgold-soulsilver,sell,1500,pokedollars,
tm088,platinum,sell,1500,pokedollars,
tm088,scarlet-violet,sell,5000,pokedollars,
tm088,sword-shield,buy,20000,pokedollars,
tm089,brilliant-diamond-shining-pearl,sell,1500,pokedollars,
tm089,brilliant-diamond-shining-pearl,buy,3000,pokedollars,Veilstone Department Store
tm089,diamond-pearl,buy,6000,coins,Veilstone Game Corner
tm089,diamond-pearl,sell,1500,pokedollars,
tm089,heartgold-soulsilver,buy,40,battle-points,Battle Frontier
tm089,heartgold-soulsilver,sell,1500,pokedollars,
tm089,sun-moon,buy,10000,pokedollars,Malie City
tm089,sword-shield,buy,20000,pokedollars,Hammerlocke (East Pokémon Center)
tm089,ultra-sun-ultra-moon,buy,10000,pokedollars,Malie City
tm090,brilliant-diamond-shining-pearl,buy,2000,pokedollars,
tm090,brilliant-diamond-shining-pearl,sell,1000,pokedollars,
tm090,diamond-pearl,buy,2000,coins,
tm090,diamond-pearl,sell,1000,pokedollars,
tm090,heartgold-soulsilver,buy,2000,coins,
tm090,heartgold-soulsilver,sell,1000,pokedollars,
tm090,platinum,sell,1000,pokedollars,
tm090,platinum,buy,2000,coins,
tm090,scarlet-violet,sell,3000,pokedollars,
tm090,sword-shield,buy,20000,pokedollars,
tm091,brilliant-diamond-shining-pearl,sell,1500,pokedollars,
tm091,diamond-pearl,sell,1500,pokedollars,
tm091,heartgold-soulsilver,sell,1500,pokedollars,
tm091,platinum,sell,1500,pokedollars,
tm091,scarlet-violet,sell,3000,pokedollars,
tm091,sword-shield,buy,20000,pokedollars,
tm092,brilliant-diamond-shining-pearl,sell,2750,pokedollars,
tm092,diamond-pearl,sell,2750,pokedollars,
tm092,heartgold-soulsilver,sell,2750,pokedollars,
tm092,platinum,sell,2750,pokedollars,
tm092,scarlet-violet,sell,3000,pokedollars,
tm092,sword-shield,buy,100000,pokedollars,Battle Tower
tm093,brilliant-diamond-shining-pearl,sell,1000,pokedollars,
tm093,scarlet-violet,sell,8000,pokedollars,
tm093,x-y,buy,50000,pokedollars,
tm094,brilliant-diamond-shining-pearl,sell,1000,pokedollars,
tm094,scarlet-violet,sell,8000,pokedollars,
tm094,sword-shield,buy,10000,pokedollars,
tm095,brilliant-diamond-shining-pearl,sell,1250,pokedollars,
tm096,brilliant-diamond-shining-pearl,sell,1000,pokedollars,
tm096,scarlet-violet,sell,400,pokedollars,
tm098,brilliant-diamond-shining-pearl,buy,40,battle-points,Also obtainable via Underground merchant materials.
tm098,brilliant-diamond-shining-pearl,sell,1000,pokedollars,
tm098,omega-ruby-alpha-sapphire,buy,10000,pokedollars,
tm098,scarlet-violet,buy,3000,league-points,Requires crafting materials.
tm098,scarlet-violet,sell,3000,pokedollars,
tm099,brilliant-diamond-shining-pearl,sell,1250,pokedollars,
tm099,scarlet-violet,buy,8000,league-points,Requires crafting materials.
tm099,scarlet-violet,sell,8000,pokedollars,
tm100,brilliant-diamond-shining-pearl,sell,1000,pokedollars,
tm100,omega-ruby-alpha-sapphire,buy,5000,pokedollars,Slateport City
tm100,scarlet-violet,sell,5000,pokedollars,
tm101,scarlet-violet,buy,8000,league-points,Requires crafting materials
tm101,scarlet-violet,sell,8000,pokedollars,
tm102,scarlet-violet,buy,5000,league-points,Requires crafting materials
tm102,scarlet-violet,sell,5000,pokedollars,
tm103,scarlet-violet,sell,5000,pokedollars,
tm104,scarlet-violet,buy,10,battle-points,Blueberry Academy Store
tm104,scarlet-violet,sell,1500,pokedollars,
tm105,scarlet-violet,sell,5000,pokedollars,
tm106,scarlet-violet,sell,8000,pokedollars,
tm107,scarlet-violet,sell,3000,pokedollars,
tm107,the-indigo-disk,buy,15,battle-points,Blueberry Academy Store
tm108,scarlet-violet,sell,8000,pokedollars,
tm108,scarlet-violet,buy,8000,league-points,TM Machine
tm108,the-indigo-disk,buy,40,battle-points,Blueberry Academy Store
tm109,scarlet-violet,sell,5000,pokedollars,
tm109,the-indigo-disk,buy,25,battle-points,Blueberry Academy Store
tm110,scarlet-violet,sell,10000,pokedollars,
tm110,the-indigo-disk,buy,50,battle-points,Blueberry Academy Store
tm111,scarlet-violet,sell,8000,pokedollars,
tm112,scarlet-violet,buy,8000,league-points,"TM Machine crafting cost; also requires Ralts Dust ×5, Riolu Fur ×3, and Charcadet Soot ×3"
tm112,scarlet-violet,sell,8000,pokedollars,
tm112,the-indigo-disk,buy,40,battle-points,Available at Blueberry Academy Store
tm113,scarlet-violet,sell,5000,pokedollars,
tm114,scarlet-violet,buy,8000,league-points,"Requires crafting materials: Gastly Gas ×5, Sandygast Sand ×3, Sinistea Chip ×3"
tm114,scarlet-violet,sell,8000,pokedollars,
tm115,scarlet-violet,sell,8000,pokedollars,
tm116,scarlet-violet,buy,5000,league-points,Requires Rolycoly Coal ×3 and Rockruff Rock ×3
tm116,scarlet-violet,sell,5000,pokedollars,
tm117,scarlet-violet,buy,8000,league-points,TM Machine crafting cost
tm117,scarlet-violet,buy,40,battle-points,Blueberry Academy Store
tm117,scarlet-violet,sell,8000,pokedollars,
tm118,scarlet-violet,buy,10000,league-points,"Crafted at TM Machine; also requires Growlithe Fur ×5, Torkoal Coal ×3, Larvesta Fuzz ×3."
tm118,scarlet-violet,sell,10000,pokedollars,
tm118,the-indigo-disk,buy,50,battle-points,Blueberry Academy Store.
tm119,scarlet-violet,sell,10000,pokedollars,
tm119,the-indigo-disk,buy,50,battle-points,Blueberry Academy Store
tm120,scarlet-violet,sell,10000,pokedollars,
tm121,scarlet-violet,buy,5000,league-points,Requires additional materials
tm121,scarlet-violet,sell,5000,pokedollars,
tm122,scarlet-violet,sell,3000,pokedollars,
tm123,scarlet-violet,buy,10000,league-points,"Requires crafting materials: Finneon Scales ×5, Finizen Mucus ×3, Wiglett Sand ×3"
tm123,scarlet-violet,sell,8000,pokedollars,
tm124,scarlet-violet,sell,10000,pokedollars,
tm125,scarlet-violet,sell,10000,pokedollars,
tm126,scarlet-violet,buy,10000,league-points,"Requires TM Machine materials: Pachirisu Fur ×5, Tadbulb Mucus ×3, Pichu Fur ×3"
tm126,scarlet-violet,sell,10000,pokedollars,
tm126,the-indigo-disk,buy,50,battle-points,Blueberry Academy Store
tm127,scarlet-violet,sell,10000,pokedollars,
tm127,scarlet-violet,buy,50,battle-points,Blueberry Academy Store
tm128,scarlet-violet,buy,1500,league-points,Requires additional crafting materials
tm128,scarlet-violet,sell,1500,pokedollars,
tm129,scarlet-violet,buy,3000,league-points,TM Machine crafting cost; also requires materials
tm129,scarlet-violet,buy,15,battle-points,Blueberry Academy Store (The Indigo Disk)
tm129,scarlet-violet,sell,3000,pokedollars,
tm130,scarlet-violet,sell,400,pokedollars,
tm130,the-indigo-disk,buy,10,battle-points,Blueberry Academy Store
tm131,scarlet-violet,buy,10000,league-points,"Requires crafting materials: Rellor Mud ×5, Petilil Leaf ×3, Kricketot Shell ×3"
tm131,scarlet-violet,sell,10000,pokedollars,
tm132,scarlet-violet,buy,3000,league-points,Requires Girafarig Fur ×3 and Eevee Fur ×3
tm132,scarlet-violet,sell,3000,pokedollars,
tm133,scarlet-violet,sell,10000,pokedollars,
tm133,scarlet-violet,buy,10000,league-points,TM Machine crafting cost
tm133,the-indigo-disk,buy,50,battle-points,Blueberry Academy Store
tm134,scarlet-violet,buy,3000,league-points,"Requires Falinks Sweat ×3, Heracross Claw ×3, and Mankey Fur ×3"
tm134,scarlet-violet,sell,3000,pokedollars,
tm135,scarlet-violet,sell,10000,pokedollars,
tm136,scarlet-violet,buy,3000,league-points,"Requires Pincurchin Spines ×3, Tadbulb Mucus ×3, Pawmi Fur ×3"
tm136,scarlet-violet,sell,3000,pokedollars,
tm137,scarlet-violet,buy,3000,league-points,"Requires Flabébé Pollen ×3, Sunkern Leaf ×3, and Fomantis Leaf ×3"
tm137,scarlet-violet,sell,3000,pokedollars,
tm138,scarlet-violet,buy,3000,league-points,"Requires additional crafting materials: Slowpoke Claw ×3, Indeedee Fur ×3, Drowzee Fur ×3"
tm138,scarlet-violet,sell,3000,pokedollars,
tm139,scarlet-violet,buy,3000,league-points,"Requires crafting materials: Klefki Key ×3, Igglybuff Fluff ×3, Flabébé Pollen ×3"
tm139,scarlet-violet,sell,3000,pokedollars,
tm140,scarlet-violet,sell,5000,pokedollars,
tm141,scarlet-violet,buy,12000,league-points,"TM Machine crafting cost; also requires Numel Lava ×5, Larvesta Fuzz ×3, Torkoal Coal ×3"
tm141,scarlet-violet,buy,60,battle-points,Blueberry Academy Store (The Indigo Disk)
tm141,scarlet-violet,sell,12000,pokedollars,
tm142,scarlet-violet,buy,12000,league-points,"TM Machine crafting cost; also requires Finizen Mucus ×5, Finneon Scales ×3, and Luvdisc Scales ×3"
tm142,scarlet-violet,sell,12000,pokedollars,
tm142,the-indigo-disk,buy,60,battle-points,Blueberry Academy Store
tm143,scarlet-violet,sell,12000,pokedollars,
tm143,the-indigo-disk,buy,60,battle-points,Blueberry Academy Store
tm144,scarlet-violet,buy,8000,league-points,"Requires Salandit Gas x3, Numel Lava x3, Capsakid Seed x3"
tm144,scarlet-violet,sell,8000,pokedollars,
tm145,scarlet-violet,buy,8000,league-points,"Requires crafting materials: Luvdisc Scales ×3, Alomomola Mucus ×3, Shellder Pearl ×3"
tm145,scarlet-violet,sell,8000,pokedollars,
tm146,scarlet-violet,buy,8000,league-points,"Requires Applin Juice ×3, Toedscool Flaps ×3, Deerling Hair ×3"
tm146,scarlet-violet,sell,8000,pokedollars,
tm147,scarlet-violet,buy,10000,league-points,"Requires crafting materials: Shinx Fang ×5, Pichu Fur ×3, Tynamo Slime ×3"
tm147,scarlet-violet,sell,10000,pokedollars,
tm148,scarlet-violet,sell,10000,pokedollars,
tm149,scarlet-violet,sell,12000,pokedollars,
tm150,scarlet-violet,buy,12000,league-points,TM Machine crafting cost (materials required)
tm150,scarlet-violet,buy,60,battle-points,Blueberry Academy Store
tm150,scarlet-violet,sell,12000,pokedollars,
tm151,scarlet-violet,sell,10000,pokedollars,
tm152,scarlet-violet,sell,14000,pokedollars,
tm153,scarlet-violet,sell,14000,pokedollars,
tm154,scarlet-violet,buy,14000,league-points,"Requires crafting materials: Qwilfish Spines ×8, Dondozo Whisker ×5, Luvdisc Scales ×3"
tm154,scarlet-violet,sell,14000,pokedollars,
tm155,scarlet-violet,sell,14000,pokedollars,
tm155,scarlet-violet,buy,14000,league-points,"Requires crafting materials: Tropius Leaf ×8, Skiddo Leaf ×5, Cacnea Needle ×3"
tm156,scarlet-violet,sell,12000,pokedollars,
tm156,scarlet-violet,buy,12000,league-points,"TM Machine crafting cost; requires Axew Scales x5, Dratini Scales x3, Frigibax Scales x3"
tm156,the-indigo-disk,buy,60,battle-points,Blueberry Academy Store
tm157,scarlet-violet,sell,12000,pokedollars,
tm157,the-indigo-disk,buy,60,battle-points,Available at Blueberry Academy Store
tm158,scarlet-violet,buy,12000,league-points,"TM Machine; also requires crafting materials: Flamigo Down ×5, Meditite Sweat ×3, Impidimp Hair ×3"
tm158,scarlet-violet,sell,12000,pokedollars,
tm158,the-indigo-disk,buy,60,battle-points,Blueberry Academy Store
tm159,scarlet-violet,buy,12000,league-points,TM Machine crafting cost; also requires materials
tm159,scarlet-violet,buy,60,battle-points,Blueberry Academy Store (The Indigo Disk)
tm159,scarlet-violet,sell,12000,pokedollars,
tm160,scarlet-violet,buy,12000,league-points,TM Machine crafting cost; requires additional Pokémon materials
tm160,scarlet-violet,buy,60,battle-points,Blueberry Academy Store (The Indigo Disk)
tm160,scarlet-violet,sell,12000,pokedollars,
tm161,scarlet-violet,sell,5000,pokedollars,
tm161,the-indigo-disk,buy,25,battle-points,Blueberry Academy Store
tm162,scarlet-violet,sell,10000,pokedollars,
tm162,the-indigo-disk,buy,50,battle-points,Blueberry Academy Store
tm163,scarlet-violet,sell,14000,pokedollars,
tm164,scarlet-violet,sell,12000,pokedollars,
tm165,scarlet-violet,buy,12000,league-points,"TM Machine; also requires Growlithe Fur ×5, Fletchling Feather ×3, Charcadet Soot ×3"
tm165,scarlet-violet,buy,60,battle-points,Blueberry Academy Store
tm165,scarlet-violet,sell,12000,pokedollars,
tm166,scarlet-violet,sell,12000,pokedollars,
tm167,scarlet-violet,sell,12000,pokedollars,
tm168,scarlet-violet,buy,12000,league-points,"Requires additional crafting materials: Bounsweet Sweat ×5, Tropius Leaf ×3, Foongus Spores ×3."
tm168,scarlet-violet,sell,12000,pokedollars,
tm169,scarlet-violet,buy,14000,league-points,"Requires crafting materials: Goomy Goo ×8, Frigibax Scales ×5, Applin Juice ×3"
tm169,scarlet-violet,sell,14000,pokedollars,
tm170,scarlet-violet,buy,14000,league-points,"Requires Magnemite Screw ×8, Orthworm Tarnish ×5, and Cufant Tarnish ×3"
tm170,scarlet-violet,sell,14000,pokedollars,
tm171,scarlet-violet,sell,8000,pokedollars,
tm172,scarlet-violet,buy,200,league-points,Requires crafting materials at the TM Machine
tm172,scarlet-violet,sell,200,pokedollars,
tm173,scarlet-violet,buy,400,league-points,Requires Pichu Fur ×3
tm173,scarlet-violet,sell,400,pokedollars,
tm174,scarlet-violet,buy,400,league-points,Requires Feebas Scales ×2
tm174,scarlet-violet,sell,400,pokedollars,
tm175,scarlet-violet,buy,800,league-points,Requires additional materials: Ekans Fang ×3 and Koffing Gas ×3
tm175,scarlet-violet,sell,800,pokedollars,
tm176,scarlet-violet,buy,400,league-points,Requires Diglett Dirt ×2 and Sandshrew Claw ×3
tm176,scarlet-violet,sell,400,pokedollars,
tm177,the-teal-mask,buy,200,league-points,Requires Duskull Fragment ×2 and Gastly Gas ×2
tm177,the-teal-mask,sell,200,pokedollars,
tm178,scarlet-violet,buy,400,league-points,Requires Cleffa Fur ×2 and Nosepass Fragment ×4 at the TM Machine.
tm178,scarlet-violet,sell,400,pokedollars,
tm179,scarlet-violet,buy,800,league-points,Requires Geodude Fragment ×3 and Carbink Jewel ×3
tm179,scarlet-violet,sell,800,pokedollars,
tm180,scarlet-violet,buy,10000,league-points,Requires Nosepass Fragment ×4 and Bronzor Fragment ×2
tm180,scarlet-violet,sell,10000,pokedollars,
tm181,scarlet-violet,buy,14000,league-points,"Requires crafting materials: Corphish Shell ×4, Seedot Stem ×4"
tm181,scarlet-violet,sell,14000,pokedollars,
tm182,scarlet-violet,buy,3000,league-points,Requires TM Machine materials
tm182,scarlet-violet,sell,3000,pokedollars,
tm183,scarlet-violet,buy,5000,league-points,Requires Sandshrew Claw ×3 and Tandemaus Fur ×3
tm183,scarlet-violet,sell,5000,pokedollars,
tm184,scarlet-violet,sell,3000,pokedollars,
tm185,scarlet-violet,sell,5000,pokedollars,
tm186,scarlet-violet,buy,5000,league-points,"Requires crafting materials: Swinub Hair ×2, Mudbray Mud ×4"
tm186,scarlet-violet,sell,5000,pokedollars,
tm187,scarlet-violet,buy,50,battle-points,Blueberry Academy Store
tm187,scarlet-violet,sell,10000,pokedollars,
tm188,scarlet-violet,sell,8000,pokedollars,
tm189,scarlet-violet,buy,8000,league-points,Requires Slugma Lava ×4 and Munchlax Fang ×2
tm189,scarlet-violet,sell,8000,pokedollars,
tm190,scarlet-violet,buy,12000,league-points,Requires Seedot Stem ×4 and Sewaddle Leaf ×2
tm190,scarlet-violet,sell,12000,pokedollars,
tm191,scarlet-violet,buy,5000,league-points,Requires additional materials: Lotad Leaf ×4 and Chingling Fragment ×2
tm191,scarlet-violet,sell,5000,pokedollars,
tm192,scarlet-violet,buy,8000,league-points,"Requires crafting materials: Timburr Sweat ×3, Jangmo-o Scales ×3"
tm192,scarlet-violet,sell,8000,pokedollars,
tm193,scarlet-violet,buy,1500,league-points,Requires crafting materials: Vulpix Fur ×3 and Petilil Leaf ×3.
tm193,scarlet-violet,sell,1500,pokedollars,
tm194,scarlet-violet,sell,10000,pokedollars,
tm195,scarlet-violet,buy,8000,league-points,"Requires crafting materials: Litwick Soot ×2, Vulpix Fur ×2, Mimikyu Scrap ×2"
tm195,scarlet-violet,sell,8000,pokedollars,
tm196,scarlet-violet,sell,5000,pokedollars,
tm197,scarlet-violet,sell,5000,pokedollars,
tm197,the-indigo-disk,buy,25,battle-points,Available at Blueberry Academy Store
tm198,scarlet-violet,sell,14000,pokedollars,
tm199,scarlet-violet,buy,5000,league-points,Requires crafting materials
tm199,scarlet-violet,sell,5000,pokedollars,
tm200,scarlet-violet,sell,10000,pokedollars,
tm201,scarlet-violet,buy,14000,league-points,Requires additional crafting materials.
tm201,scarlet-violet,sell,14000,pokedollars,
tm202,scarlet-violet,buy,3000,league-points,Requires Solosis Gel ×3 and Comfey Flower ×2
tm202,scarlet-violet,sell,3000,pokedollars,
tm203,scarlet-violet,buy,400,league-points,"Requires crafting materials: Porygon Fragment ×1, Stantler Hair ×2"
tm203,scarlet-violet,sell,400,pokedollars,
tm204,scarlet-violet,buy,10000,league-points,Requires Rhyhorn Fang ×4 and Tauros Hair ×2
tm204,scarlet-violet,sell,10000,pokedollars,
tm205,scarlet-violet,sell,5000,pokedollars,
tm206,scarlet-violet,buy,5000,league-points,"Requires crafting materials: Oddish Leaf ×2, Comfey Flower ×2, Cottonee Fluff ×1"
tm206,scarlet-violet,sell,5000,pokedollars,
tm207,scarlet-violet,buy,3000,league-points,Requires Magby Hair ×3 and Numel Lava ×2
tm207,scarlet-violet,sell,3000,pokedollars,
tm208,scarlet-violet,buy,800,league-points,"Requires crafting materials: Horsea Ink ×2, Seel Fur ×2, Lapras Teardrop ×1"
tm208,scarlet-violet,sell,800,pokedollars,
tm209,scarlet-violet,sell,10000,pokedollars,
tm210,scarlet-violet,sell,5000,pokedollars,
tm211,scarlet-violet,buy,800,league-points,Requires Joltik Thread ×5
tm211,scarlet-violet,sell,800,pokedollars,
tm212,scarlet-violet,buy,8000,league-points,"Requires Tyrogue Sweat ×1, Minccino Fur ×1, Sneasel Claw ×3"
tm212,scarlet-violet,sell,8000,pokedollars,
tm213,scarlet-violet,sell,800,pokedollars,
tm214,scarlet-violet,sell,10000,pokedollars,
tm215,scarlet-violet,buy,10000,league-points,Requires additional materials at the TM Machine
tm215,scarlet-violet,sell,10000,pokedollars,
tm216,scarlet-violet,buy,400,league-points,Requires Pikipek Feather ×3 and Murkrow Bauble ×2
tm216,scarlet-violet,sell,400,pokedollars,
tm217,scarlet-violet,buy,5000,league-points,"Requires Solosis Gel ×2, Slowpoke Claw ×2, and Drowzee Fur ×2 at the TM Machine."
tm217,scarlet-violet,sell,5000,pokedollars,
tm218,scarlet-violet,buy,10000,league-points,Requires Espurr Fur ×3 and Exeggcute Shell ×2 at the TM Machine
tm218,scarlet-violet,sell,10000,pokedollars,
tm219,scarlet-violet,sell,3000,pokedollars,
tm220,scarlet-violet,sell,15000,pokedollars,
tm221,scarlet-violet,sell,5000,pokedollars,
tm222,scarlet-violet,buy,3000,league-points,Requires additional crafting materials
tm222,scarlet-violet,sell,3000,pokedollars,
tm223,scarlet-violet,buy,800,league-points,Requires additional materials: Magnemite Screw ×2 and Elekid Fur ×2.
tm223,scarlet-violet,sell,800,pokedollars,
tm224,scarlet-violet,buy,400,league-points,Requires crafting materials: Golett Shard ×4 and Nacli Salt ×2
tm224,scarlet-violet,sell,400,pokedollars,
tm225,scarlet-violet,buy,5000,league-points,Requires crafting materials: Beldum Claw ×3 and Cufant Tarnish ×3
tm225,scarlet-violet,sell,5000,pokedollars,
tm226,scarlet-violet,sell,1500,pokedollars,
tm227,scarlet-violet,buy,3000,league-points,Crafted at the TM Machine; requires materials.
tm227,scarlet-violet,sell,3000,pokedollars,
tm228,scarlet-violet,buy,3000,league-points,Requires Psyduck Down ×3 and Chingling Fragment ×3
tm228,scarlet-violet,sell,3000,pokedollars,
tm229,scarlet-violet,buy,1500,league-points,Requires crafting materials: Makuhita Sweat ×3 and Tyrogue Sweat ×3.
tm229,scarlet-violet,sell,1500,pokedollars,
tofu,scarlet-violet,buy,260,pokedollars,
tofu,scarlet-violet,sell,65,pokedollars,
tomato,scarlet-violet,buy,100,pokedollars,
tomato,scarlet-violet,sell,25,pokedollars,
tough-candy,lets-go-pikachu-lets-go-eevee,sell,10,pokedollars,
tough-candy-l,lets-go-pikachu-lets-go-eevee,sell,10,pokedollars,
tough-candy-xl,lets-go-pikachu-lets-go-eevee,sell,10,pokedollars,
toxic-orb,black-2-white-2,sell,100,pokedollars,
toxic-orb,black-white,sell,100,pokedollars,
toxic-orb,brilliant-diamond-shining-pearl,sell,100,pokedollars,
toxic-orb,diamond-pearl,sell,100,pokedollars,
toxic-orb,heartgold-soulsilver,sell,100,pokedollars,
toxic-orb,omega-ruby-alpha-sapphire,sell,100,pokedollars,
toxic-orb,platinum,sell,100,pokedollars,
toxic-orb,scarlet-violet,sell,3750,pokedollars,
toxic-orb,scarlet-violet,buy,15000,pokedollars,
toxic-orb,sun-moon,sell,2000,pokedollars,
toxic-orb,ultra-sun-ultra-moon,sell,2000,pokedollars,
toxic-orb,x-y,sell,100,pokedollars,
toxic-plate,black-2-white-2,sell,500,pokedollars,
toxic-plate,black-white,sell,500,pokedollars,
toxic-plate,brilliant-diamond-shining-pearl,sell,500,pokedollars,
toxic-plate,diamond-pearl,sell,500,pokedollars,
toxic-plate,omega-ruby-alpha-sapphire,sell,500,pokedollars,
toxic-plate,platinum,sell,500,pokedollars,
toxic-plate,sun-moon,sell,500,pokedollars,
toxic-plate,ultra-sun-ultra-moon,sell,500,pokedollars,
toxic-plate,x-y,sell,500,pokedollars,
tr00,sword-shield,buy,2000,watts,Watt Trader price
tr00,sword-shield,sell,2000,pokedollars,
tr01,sword-shield,buy,3000,watts,Watt Trader
tr01,sword-shield,sell,3000,pokedollars,
tr02,sword-shield,buy,5000,watts,Watt Traders
tr02,sword-shield,sell,5000,pokedollars,
tr03,sword-shield,buy,8000,watts,Purchased from Watt Traders
tr03,sword-shield,sell,8000,pokedollars,
tr04,sword-shield,buy,5000,watts,
tr04,sword-shield,sell,5000,pokedollars,
tr05,sword-shield,buy,5000,watts,Watt Traders
tr05,sword-shield,sell,5000,pokedollars,
tr06,sword-shield,buy,8000,watts,Watt Traders
tr06,sword-shield,sell,8000,pokedollars,
tr07,sword-shield,buy,3000,watts,Sold by Watt Traders
tr07,sword-shield,sell,3000,pokedollars,
tr08,sword-shield,buy,5000,watts,
tr08,sword-shield,sell,5000,pokedollars,
tr09,sword-shield,buy,8000,watts,Purchased from Wild Area Watt Traders
tr09,sword-shield,sell,8000,pokedollars,
tr10,sword-shield,buy,8000,watts,Watt Traders
tr10,sword-shield,sell,8000,pokedollars,
tr11,sword-shield,buy,5000,watts,Purchased from Watt Traders in the Wild Area
tr11,sword-shield,sell,5000,pokedollars,
tr12,sword-shield,buy,2000,watts,Watt Traders
tr12,sword-shield,sell,2000,pokedollars,
tr13,sword-shield,buy,1000,watts,Purchased from Watt Traders
tr13,sword-shield,sell,1000,pokedollars,
tr14,sword-shield,buy,1000,watts,Sold by Watt Traders
tr14,sword-shield,sell,1000,pokedollars,
tr15,sword-shield,buy,8000,watts,Sold by Watt Traders
tr15,sword-shield,sell,8000,pokedollars,
tr16,sword-shield,buy,3000,watts,Watt Traders
tr16,sword-shield,sell,3000,pokedollars,
tr17,sword-shield,buy,2000,watts,Watt Traders
tr17,sword-shield,sell,2000,pokedollars,
tr18,sword-shield,buy,3000,watts,Purchased from Watt Traders
tr18,sword-shield,sell,3000,pokedollars,
tr19,sword-shield,buy,2000,watts,
tr19,sword-shield,sell,2000,pokedollars,
tr20,sword-shield,buy,3000,watts,Purchased from Watt Traders
tr20,sword-shield,sell,3000,pokedollars,
tr21,sword-shield,buy,2000,watts,Purchased from Watt Traders
tr21,sword-shield,sell,2000,pokedollars,
tr22,sword-shield,buy,5000,watts,Watt Traders
tr22,sword-shield,sell,5000,pokedollars,
tr23,sword-shield,buy,2000,watts,Watt Traders
tr23,sword-shield,sell,2000,pokedollars,
tr24,sword-shield,buy,8000,watts,Purchased from Watt Traders
tr24,sword-shield,sell,8000,pokedollars,
tr25,sword-shield,buy,3000,watts,Watt Traders
tr25,sword-shield,sell,3000,pokedollars,
tr26,sword-shield,buy,1000,watts,Sold by Watt Traders
tr26,sword-shield,sell,1000,pokedollars,
tr27,sword-shield,buy,2000,watts,
tr27,sword-shield,sell,2000,pokedollars,
tr28,sword-shield,buy,8000,watts,Purchased from Watt Traders
tr28,sword-shield,sell,8000,pokedollars,
tr29,sword-shield,buy,2000,watts,Purchased from Watt Traders
tr29,sword-shield,sell,2000,pokedollars,
tr30,sword-shield,buy,2000,watts,Watt Traders
tr30,sword-shield,sell,2000,pokedollars,
tr31,sword-shield,buy,5000,watts,Purchased from Watt Traders
tr31,sword-shield,sell,5000,pokedollars,
tr32,sword-shield,buy,3000,watts,
tr32,sword-shield,sell,3000,pokedollars,
tr33,sword-shield,buy,3000,watts,Sold by Watt Traders
tr33,sword-shield,sell,3000,pokedollars,
tr34,sword-shield,buy,3000,watts,Purchased from Watt Traders
tr34,sword-shield,sell,3000,pokedollars,
tr35,sword-shield,buy,3000,watts,Sold by Watt Traders
tr35,sword-shield,sell,3000,pokedollars,
tr36,sword-shield,buy,5000,watts,Sold by Watt Traders
tr36,sword-shield,sell,5000,pokedollars,
tr37,sword-shield,buy,2000,watts,Watt Traders
tr37,sword-shield,sell,2000,pokedollars,
tr38,sword-shield,buy,2000,watts,Purchased from Watt Traders
tr38,sword-shield,sell,2000,pokedollars,
tr39,sword-shield,buy,8000,watts,Purchased from Watt Traders
tr39,sword-shield,sell,8000,pokedollars,
tr40,sword-shield,buy,1000,watts,Watt Traders
tr40,sword-shield,sell,1000,pokedollars,
tr41,sword-shield,buy,3000,watts,Purchased from Watt Traders
tr41,sword-shield,sell,3000,pokedollars,
tr42,sword-shield,buy,5000,watts,Watt Traders
tr42,sword-shield,sell,5000,pokedollars,
tr43,sword-shield,buy,8000,watts,Watt Traders
tr43,sword-shield,sell,8000,pokedollars,
tr44,sword-shield,buy,2000,watts,
tr44,sword-shield,sell,2000,pokedollars,
tr45,sword-shield,buy,5000,watts,Purchased from Watt Traders
tr45,sword-shield,sell,5000,pokedollars,
tr46,sword-shield,buy,2000,watts,Watt Trader
tr46,sword-shield,sell,2000,pokedollars,
tr47,sword-shield,buy,3000,watts,
tr47,sword-shield,sell,3000,pokedollars,
tr48,sword-shield,buy,2000,watts,Purchased from Watt Traders
tr48,sword-shield,sell,2000,pokedollars,
tr49,sword-shield,buy,2000,watts,Purchased from Watt Traders
tr49,sword-shield,sell,2000,pokedollars,
tr50,sword-shield,buy,5000,watts,Sold by Watt Traders
tr50,sword-shield,sell,5000,pokedollars,
tr51,sword-shield,buy,2000,watts,Watt Traders
tr51,sword-shield,sell,2000,pokedollars,
tr52,sword-shield,buy,3000,watts,Purchased from Watt Traders
tr52,sword-shield,sell,3000,pokedollars,
tr53,sword-shield,buy,8000,watts,Watt Trader price
tr53,sword-shield,sell,8000,pokedollars,
tr54,sword-shield,buy,2000,watts,Watt Trader
tr54,sword-shield,sell,2000,pokedollars,
tr55,sword-shield,buy,8000,watts,Purchased from Watt Traders
tr55,sword-shield,sell,8000,pokedollars,
tr56,sword-shield,buy,3000,watts,Purchased from Watt Traders
tr56,sword-shield,sell,3000,pokedollars,
tr57,sword-shield,buy,3000,watts,Sold by Watt Traders
tr57,sword-shield,sell,3000,pokedollars,
tr58,sword-shield,buy,3000,watts,Purchased from Watt Traders
tr58,sword-shield,sell,3000,pokedollars,
tr59,sword-shield,buy,3000,watts,Watt Traders
tr59,sword-shield,sell,3000,pokedollars,
tr60,sword-shield,buy,3000,watts,
tr60,sword-shield,sell,3000,pokedollars,
tr61,sword-shield,buy,5000,watts,Watt Trader
tr61,sword-shield,sell,5000,pokedollars,
tr62,sword-shield,buy,3000,watts,Purchased from Watt Traders
tr62,sword-shield,sell,3000,pokedollars,
tr63,sword-shield,sell,3000,pokedollars,
tr63,sword-shield,buy,3000,watts,
tr64,sword-shield,buy,8000,watts,Watt Trader
tr64,sword-shield,sell,8000,pokedollars,
tr65,sword-shield,buy,5000,watts,Sold by Watt Traders
tr65,sword-shield,sell,5000,pokedollars,
tr66,sword-shield,buy,8000,watts,Watt Traders
tr66,sword-shield,sell,8000,pokedollars,
tr67,sword-shield,buy,5000,watts,Sold by Watt Traders
tr67,sword-shield,sell,5000,pokedollars,
tr68,sword-shield,buy,2000,watts,Purchased from Watt Traders
tr68,sword-shield,sell,2000,pokedollars,
tr69,sword-shield,buy,3000,watts,Watt Traders
tr69,sword-shield,sell,3000,pokedollars,
tr70,sword-shield,buy,5000,watts,Watt Traders
tr70,sword-shield,sell,5000,pokedollars,
tr71,sword-shield,buy,8000,watts,
tr71,sword-shield,sell,8000,pokedollars,
tr72,sword-shield,buy,8000,watts,Watt Trader
tr72,sword-shield,sell,8000,pokedollars,
tr73,sword-shield,buy,8000,watts,Watt Traders
tr73,sword-shield,sell,8000,pokedollars,
tr74,sword-shield,buy,5000,watts,Watt Trader
tr74,sword-shield,sell,5000,pokedollars,
tr75,sword-shield,buy,8000,watts,Purchased from Watt Traders
tr75,sword-shield,sell,8000,pokedollars,
tr76,sword-shield,buy,3000,watts,Sold by Watt Traders
tr76,sword-shield,sell,3000,pokedollars,
tr77,sword-shield,buy,3000,watts,Watt Traders
tr77,sword-shield,sell,3000,pokedollars,
tr78,sword-shield,buy,5000,watts,Purchased from Watt Traders
tr78,sword-shield,sell,5000,pokedollars,
tr79,sword-shield,buy,3000,watts,
tr79,sword-shield,sell,3000,pokedollars,
tr80,sword-shield,buy,3000,watts,Sold by Watt Traders
tr80,sword-shield,sell,3000,pokedollars,
tr81,sword-shield,buy,3000,watts,Purchased from Watt Traders
tr81,sword-shield,sell,3000,pokedollars,
tr82,sword-shield,buy,2000,watts,Watt Traders
tr82,sword-shield,sell,2000,pokedollars,
tr83,sword-shield,buy,2000,watts,Watt Traders
tr83,sword-shield,sell,2000,pokedollars,
tr84,sword-shield,buy,3000,watts,
tr84,sword-shield,sell,3000,pokedollars,
tr85,sword-shield,buy,1000,watts,
tr85,sword-shield,sell,1000,pokedollars,
tr86,sword-shield,buy,5000,watts,Watt Traders
tr86,sword-shield,sell,5000,pokedollars,
tr87,sword-shield,buy,3000,watts,Purchased from Watt Traders
tr87,sword-shield,sell,3000,pokedollars,
tr88,sword-shield,buy,3000,watts,
tr88,sword-shield,sell,3000,pokedollars,
tr89,sword-shield,buy,8000,watts,Watt Trader
tr89,sword-shield,sell,8000,pokedollars,
tr90,sword-shield,buy,5000,watts,Purchased from Watt Traders
tr90,sword-shield,sell,5000,pokedollars,
tr91,sword-shield,buy,2000,watts,Watt Traders
tr91,sword-shield,sell,2000,pokedollars,
tr92,sword-shield,buy,3000,watts,Watt Traders
tr92,sword-shield,sell,3000,pokedollars,
tr93,sword-shield,buy,5000,watts,
tr93,sword-shield,sell,5000,pokedollars,
tr94,sword-shield,buy,5000,watts,Watt Trader
tr94,sword-shield,sell,5000,pokedollars,
tr95,sword-shield,buy,3000,watts,Sold by Watt Traders
tr95,sword-shield,sell,3000,pokedollars,
tr96,sword-shield,buy,5000,watts,Purchased from Watt Traders
tr96,sword-shield,sell,5000,pokedollars,
tr97,sword-shield,buy,5000,watts,Watt Traders
tr97,sword-shield,sell,5000,pokedollars,
tr98,sword-shield,buy,3000,watts,Watt Trader
tr98,sword-shield,sell,3000,pokedollars,
tr99,sword-shield,buy,3000,watts,Watt Traders
tr99,sword-shield,sell,3000,pokedollars,
tropic-mail,emerald,sell,25,pokedollars,
tropic-mail,firered-leafgreen,sell,25,pokedollars,
tropic-mail,ruby-sapphire,sell,25,pokedollars,
tropical-shell,lets-go-pikachu-lets-go-eevee,sell,1000,pokedollars,
tumblestone,legends-arceus,buy,60,pokedollars,
tumblestone,legends-arceus,sell,15,pokedollars,
tunnel-mail,diamond-pearl,buy,50,pokedollars,
tunnel-mail,diamond-pearl,sell,25,pokedollars,
tunnel-mail,heartgold-soulsilver,buy,50,pokedollars,
tunnel-mail,heartgold-soulsilver,sell,25,pokedollars,
tunnel-mail,platinum,buy,50,pokedollars,
tunnel-mail,platinum,sell,25,pokedollars,
twice-spiced-radish,legends-arceus,sell,800,pokedollars,
twisted-spoon,crystal,sell,50,pokedollars,
twisted-spoon,gold-silver,sell,50,pokedollars,
twisted-spoon,scarlet-violet,sell,750,pokedollars,
twisted-spoon,scarlet-violet,buy,3000,pokedollars,
twisted-spoon,sun-moon,sell,500,pokedollars,
twisted-spoon,sword-shield,sell,500,pokedollars,
twisted-spoon,sword-shield,buy,3000,pokedollars,
twisted-spoon,ultra-sun-ultra-moon,sell,500,pokedollars,
ultra-ball,lets-go-pikachu-lets-go-eevee,sell,250,pokedollars,
ultra-ball,lets-go-pikachu-lets-go-eevee,buy,500,pokedollars,
ultra-ball,red-blue,buy,1200,pokedollars,
ultra-ball,red-blue,sell,600,pokedollars,
ultra-ball,scarlet-violet,buy,800,pokedollars,
ultra-ball,scarlet-violet,sell,200,pokedollars,
ultra-ball,sun-moon,sell,400,pokedollars,
ultra-ball,sun-moon,buy,800,pokedollars,
ultra-ball-hisui,legends-arceus,buy,600,pokedollars,
ultra-ball-hisui,legends-arceus,sell,150,pokedollars,
unremarkable-teacup,scarlet-violet,sell,400,pokedollars,
upgrade,black-2-white-2,buy,40000,pokedollars,
upgrade,gold-silver,sell,1050,pokedollars,
upgrade,legends-arceus,buy,8000,pokedollars,
utility-umbrella,scarlet-violet,buy,15000,pokedollars,
utility-umbrella,scarlet-violet,sell,3750,pokedollars,
utility-umbrella,sword-shield,sell,2000,pokedollars,
vee-vee-pick,scarlet-violet,buy,480,pokedollars,
vee-vee-pick,scarlet-violet,sell,120,pokedollars,
venusaurite,x-y,buy,10000,pokedollars,"Variable price up to 1,000,000"
vinegar,scarlet-violet,buy,300,pokedollars,
vinegar,scarlet-violet,sell,75,pokedollars,
vivichoke,legends-arceus,buy,400,pokedollars,
vivichoke,legends-arceus,sell,100,pokedollars,
wacan-berry,black-2-white-2,sell,10,pokedollars,
wacan-berry,black-white,sell,10,pokedollars,
wacan-berry,brilliant-diamond-shining-pearl,sell,10,pokedollars,
wacan-berry,diamond-pearl,sell,10,pokedollars,
wacan-berry,heartgold-soulsilver,sell,10,pokedollars,
wacan-berry,omega-ruby-alpha-sapphire,sell,10,pokedollars,
wacan-berry,platinum,sell,10,pokedollars,
wacan-berry,scarlet-violet,sell,20,pokedollars,
wacan-berry,sun-moon,sell,10,pokedollars,
wacan-berry,sword-shield,sell,40,pokedollars,
wacan-berry,ultra-sun-ultra-moon,sell,10,pokedollars,
wacan-berry,x-y,sell,10,pokedollars,
warding-charm,legends-arceus,buy,900,pokedollars,
warding-charm,legends-arceus,sell,5,pokedollars,
warding-charm,legends-arceus,buy,500,pokedollars,
warding-charm,legends-arceus,buy,600,pokedollars,
warding-charm,legends-arceus,buy,700,pokedollars,
warding-charm,legends-arceus,buy,800,pokedollars,
wasabi,scarlet-violet,buy,330,pokedollars,
wasabi,scarlet-violet,sell,82,pokedollars,
water-gem,black-2-white-2,sell,100,pokedollars,
water-gem,black-white,sell,100,pokedollars,
water-gem,lets-go-pikachu-lets-go-eevee,sell,100,pokedollars,
water-gem,omega-ruby-alpha-sapphire,sell,100,pokedollars,
water-gem,sun-moon,sell,100,pokedollars,
water-gem,ultra-sun-ultra-moon,sell,100,pokedollars,
water-gem,x-y,sell,100,pokedollars,
water-memory,sun-moon,sell,500,pokedollars,
water-memory,sword-shield,sell,500,pokedollars,
water-memory,ultra-sun-ultra-moon,sell,500,pokedollars,
water-stone,red-blue,buy,2100,pokedollars,
water-stone,red-blue,sell,1050,pokedollars,
water-stone,sun-moon,buy,3000,pokedollars,
water-stone,sun-moon,sell,1500,pokedollars,
water-stone,ultra-sun-ultra-moon,buy,3000,pokedollars,
water-stone,ultra-sun-ultra-moon,sell,1500,pokedollars,
water-stone,yellow,buy,2100,pokedollars,
water-stone,yellow,sell,1050,pokedollars,
water-tera-shard,scarlet-violet,sell,500,pokedollars,
watercress,scarlet-violet,sell,67,pokedollars,
watercress,scarlet-violet,buy,270,pokedollars,
watmel-berry,black-white,sell,500,pokedollars,Sold to the Gourmet Maniac on Route 5
watmel-berry,black-white,sell,10,pokedollars,
watmel-berry,diamond-pearl,sell,10,pokedollars,
watmel-berry,emerald,sell,10,pokedollars,
watmel-berry,platinum,sell,10,pokedollars,
watmel-berry,ruby-sapphire,sell,10,pokedollars,
wave-incense,black-2-white-2,buy,9600,pokedollars,
wave-incense,black-2-white-2,sell,4800,pokedollars,
wave-incense,black-white,sell,4800,pokedollars,
wave-incense,black-white,buy,9600,pokedollars,
wave-incense,diamond-pearl,sell,4800,pokedollars,
wave-incense,heartgold-soulsilver,sell,4800,pokedollars,
wave-incense,omega-ruby-alpha-sapphire,sell,4800,pokedollars,
wave-incense,omega-ruby-alpha-sapphire,buy,9600,pokedollars,
wave-incense,platinum,sell,4800,pokedollars,
wave-incense,sun-moon,buy,2000,pokedollars,
wave-incense,sun-moon,sell,1000,pokedollars,
wave-incense,sword-shield,sell,1000,pokedollars,
wave-incense,sword-shield,buy,2000,pokedollars,
wave-incense,ultra-sun-ultra-moon,buy,2000,pokedollars,
wave-incense,ultra-sun-ultra-moon,sell,1000,pokedollars,
wave-incense,x-y,buy,9600,pokedollars,
wave-incense,x-y,sell,4800,pokedollars,
wave-mail,emerald,sell,25,pokedollars,
wave-mail,emerald,buy,50,pokedollars,
wave-mail,firered-leafgreen,sell,25,pokedollars,Cannot be purchased.
wave-mail,ruby-sapphire,buy,50,pokedollars,
wave-mail,ruby-sapphire,sell,25,pokedollars,
weakness-policy,omega-ruby-alpha-sapphire,sell,500,pokedollars,
weakness-policy,scarlet-violet,sell,12500,pokedollars,
weakness-policy,scarlet-violet,buy,50000,pokedollars,
weakness-policy,sun-moon,sell,500,pokedollars,
weakness-policy,sword-shield,sell,500,pokedollars,
weakness-policy,ultra-sun-ultra-moon,sell,500,pokedollars,
weakness-policy,x-y,sell,500,pokedollars,
wepear-berry,black-white,sell,10,pokedollars,
wepear-berry,brilliant-diamond-shining-pearl,sell,10,pokedollars,
wepear-berry,diamond-pearl,sell,10,pokedollars,
wepear-berry,emerald,sell,10,pokedollars,
wepear-berry,platinum,sell,10,pokedollars,
wepear-berry,ruby-sapphire,sell,10,pokedollars,
wepear-berry,x-y,sell,10,pokedollars,
whimsical-tablecloth,scarlet-violet,buy,2000,pokedollars,
whimsical-tablecloth,scarlet-violet,sell,500,pokedollars,
whipped-cream,scarlet-violet,sell,50,pokedollars,
whipped-cream,scarlet-violet,buy,200,pokedollars,
whipped-dream,legends-za,sell,750,pokedollars,
whipped-dream,omega-ruby-alpha-sapphire,sell,1050,pokedollars,
whipped-dream,sun-moon,sell,1000,pokedollars,
whipped-dream,sword-shield,sell,1000,pokedollars,
whipped-dream,ultra-sun-ultra-moon,sell,1000,pokedollars,
whipped-dream,x-y,sell,1050,pokedollars,
white-apricorn,black-2-white-2,sell,10,pokedollars,
white-apricorn,black-white,sell,10,pokedollars,
white-apricorn,crystal,sell,100,pokedollars,
white-apricorn,gold-silver,sell,100,pokedollars,
white-apricorn,lets-go-pikachu-lets-go-eevee,sell,10,pokedollars,
white-apricorn,omega-ruby-alpha-sapphire,sell,10,pokedollars,
white-apricorn,scarlet-violet,sell,50,pokedollars,
white-apricorn,sun-moon,sell,10,pokedollars,
white-apricorn,ultra-sun-ultra-moon,sell,10,pokedollars,
white-apricorn,x-y,sell,10,pokedollars,
white-flute,black-2-white-2,sell,250,pokedollars,
white-flute,black-white,sell,250,pokedollars,
white-flute,diamond-pearl,sell,250,pokedollars,
white-flute,emerald,sell,250,pokedollars,
white-flute,firered-leafgreen,sell,250,pokedollars,
white-flute,heartgold-soulsilver,sell,250,pokedollars,
white-flute,omega-ruby-alpha-sapphire,sell,250,pokedollars,
white-flute,platinum,sell,250,pokedollars,
white-flute,ruby-sapphire,sell,250,pokedollars,
white-flute,sun-moon,sell,10,pokedollars,
white-flute,ultra-sun-ultra-moon,sell,10,pokedollars,
white-flute,x-y,sell,250,pokedollars,
white-herb,scarlet-violet,buy,20000,pokedollars,
white-herb,scarlet-violet,sell,5000,pokedollars,
white-herb,sun-moon,sell,2000,pokedollars,
wide-lens,black-2-white-2,sell,100,pokedollars,
wide-lens,black-white,sell,100,pokedollars,
wide-lens,brilliant-diamond-shining-pearl,sell,100,pokedollars,
wide-lens,diamond-pearl,sell,100,pokedollars,
wide-lens,heartgold-soulsilver,sell,100,pokedollars,
wide-lens,omega-ruby-alpha-sapphire,sell,100,pokedollars,
wide-lens,platinum,sell,100,pokedollars,
wide-lens,scarlet-violet,sell,5000,pokedollars,
wide-lens,scarlet-violet,buy,20000,pokedollars,
wide-lens,sun-moon,sell,2000,pokedollars,
wide-lens,sword-shield,sell,2000,pokedollars,
wide-lens,ultra-sun-ultra-moon,sell,2000,pokedollars,
wide-lens,x-y,sell,100,pokedollars,
wiki-berry,emerald,sell,10,pokedollars,
wiki-berry,legends-arceus,sell,150,pokedollars,
wiki-berry,ruby-sapphire,sell,10,pokedollars,
wiki-berry,scarlet-violet,sell,20,pokedollars,
wiki-berry,sword-shield,sell,40,pokedollars,
wing-ball,legends-arceus,sell,85,pokedollars,
wing-ball,legends-arceus,buy,340,pokedollars,
winking-pika-pick,scarlet-violet,sell,300,pokedollars,
winking-pika-pick,scarlet-violet,buy,1200,pokedollars,
wise-glasses,diamond-pearl,sell,100,pokedollars,
wise-glasses,heartgold-soulsilver,sell,100,pokedollars,
wise-glasses,platinum,sell,100,pokedollars,
wise-glasses,scarlet-violet,sell,2000,pokedollars,
wise-glasses,scarlet-violet,buy,8000,pokedollars,
wise-glasses,sun-moon,sell,2000,pokedollars,
wise-glasses,sword-shield,sell,2000,pokedollars,
wise-glasses,ultra-sun-ultra-moon,sell,2000,pokedollars,
wishing-piece,sword-shield,sell,10,pokedollars,
wood,legends-arceus,sell,200,pokedollars,
wood-mail,emerald,buy,50,pokedollars,
wood-mail,emerald,sell,25,pokedollars,
wood-mail,firered,sell,25,pokedollars,
wood-mail,leafgreen,sell,25,pokedollars,
wood-mail,ruby,sell,25,pokedollars,
wood-mail,ruby,buy,50,pokedollars,
wood-mail,sapphire,buy,50,pokedollars,
wood-mail,sapphire,sell,25,pokedollars,
x-accuracy,red-blue,sell,475,pokedollars,
x-accuracy,red-blue,buy,950,pokedollars,
x-accuracy,scarlet-violet,sell,250,pokedollars,
x-accuracy,scarlet-violet,buy,1000,pokedollars,
x-accuracy,sun-moon,buy,1000,pokedollars,
x-accuracy,sun-moon,sell,500,pokedollars,
x-accuracy,ultra-sun-ultra-moon,buy,1000,pokedollars,
x-accuracy,ultra-sun-ultra-moon,sell,500,pokedollars,
x-accuracy,yellow,buy,950,pokedollars,
x-accuracy,yellow,sell,475,pokedollars,
x-attack,lets-go-pikachu-lets-go-eevee,sell,275,pokedollars,
x-attack,lets-go-pikachu-lets-go-eevee,buy,550,pokedollars,
x-attack,red-blue,sell,250,pokedollars,
x-attack,red-blue,buy,500,pokedollars,
x-attack,scarlet-violet,buy,1000,pokedollars,
x-attack,scarlet-violet,sell,250,pokedollars,
x-attack,sun-moon,sell,500,pokedollars,
x-attack,sun-moon,buy,1000,pokedollars,
x-attack,ultra-sun-ultra-moon,sell,500,pokedollars,
x-attack,ultra-sun-ultra-moon,buy,1000,pokedollars,
x-attack,yellow,buy,500,pokedollars,
x-attack,yellow,sell,250,pokedollars,
x-defense,lets-go-pikachu-lets-go-eevee,buy,500,pokedollars,
x-defense,lets-go-pikachu-lets-go-eevee,sell,250,pokedollars,
x-defense,red-blue,buy,550,pokedollars,
x-defense,red-blue,sell,275,pokedollars,
x-defense,scarlet-violet,buy,2000,pokedollars,
x-defense,scarlet-violet,sell,500,pokedollars,
x-defense,sun-moon,buy,2000,pokedollars,
x-defense,sun-moon,sell,1000,pokedollars,
x-defense,ultra-sun-ultra-moon,buy,2000,pokedollars,
x-defense,ultra-sun-ultra-moon,sell,1000,pokedollars,
x-defense,yellow,buy,550,pokedollars,
x-defense,yellow,sell,275,pokedollars,
x-sp-atk,red-blue,sell,175,pokedollars,
x-sp-atk,red-blue,buy,350,pokedollars,
x-sp-atk,scarlet-violet,sell,250,pokedollars,
x-sp-atk,scarlet-violet,buy,1000,pokedollars,
x-sp-atk,sun-moon,buy,1000,pokedollars,
x-sp-atk,sun-moon,sell,500,pokedollars,
x-sp-atk,ultra-sun-ultra-moon,buy,1000,pokedollars,
x-sp-atk,ultra-sun-ultra-moon,sell,500,pokedollars,
x-sp-atk,yellow,buy,350,pokedollars,
x-sp-atk,yellow,sell,175,pokedollars,
x-sp-def,diamond-pearl,sell,175,pokedollars,
x-sp-def,diamond-pearl,buy,350,pokedollars,
x-sp-def,scarlet-violet,buy,2000,pokedollars,
x-sp-def,scarlet-violet,sell,500,pokedollars,
x-sp-def,sun-moon,buy,2000,pokedollars,
x-sp-def,sun-moon,sell,1000,pokedollars,
x-speed,red-blue,sell,175,pokedollars,
x-speed,red-blue,buy,350,pokedollars,
x-speed,scarlet-violet,sell,250,pokedollars,
x-speed,scarlet-violet,buy,1000,pokedollars,
x-speed,sun-moon,sell,500,pokedollars,
x-speed,sun-moon,buy,1000,pokedollars,
x-speed,ultra-sun-ultra-moon,sell,500,pokedollars,
x-speed,ultra-sun-ultra-moon,buy,1000,pokedollars,
x-speed,yellow,buy,350,pokedollars,
x-speed,yellow,sell,175,pokedollars,
yache-berry,black-2-white-2,sell,10,pokedollars,
yache-berry,black-white,sell,10,pokedollars,
yache-berry,brilliant-diamond-shining-pearl,sell,10,pokedollars,
yache-berry,diamond-pearl,sell,10,pokedollars,
yache-berry,heartgold-soulsilver,sell,10,pokedollars,
yache-berry,omega-ruby-alpha-sapphire,sell,10,pokedollars,
yache-berry,platinum,sell,10,pokedollars,
yache-berry,scarlet-violet,sell,20,pokedollars,
yache-berry,sun-moon,sell,10,pokedollars,
yache-berry,sword-shield,sell,40,pokedollars,
yache-berry,ultra-sun-ultra-moon,sell,10,pokedollars,
yache-berry,x-y,sell,10,pokedollars,
yarn-ball,scarlet-violet,buy,1000,pokedollars,
yarn-ball,scarlet-violet,sell,250,pokedollars,
yellow-apricorn,black-2-white-2,sell,10,pokedollars,
yellow-apricorn,black-white,sell,10,pokedollars,
yellow-apricorn,crystal,sell,100,pokedollars,
yellow-apricorn,gold-silver,sell,100,pokedollars,
yellow-apricorn,lets-go-pikachu-lets-go-eevee,sell,10,pokedollars,
yellow-apricorn,omega-ruby-alpha-sapphire,sell,10,pokedollars,
yellow-apricorn,scarlet-violet,sell,50,pokedollars,
yellow-apricorn,sun-moon,sell,10,pokedollars,
yellow-apricorn,ultra-sun-ultra-moon,sell,10,pokedollars,
yellow-apricorn,x-y,sell,10,pokedollars,
yellow-bell-pepper,scarlet-violet,buy,240,pokedollars,
yellow-bell-pepper,scarlet-violet,sell,60,pokedollars,
yellow-bottle,scarlet-violet,buy,2000,pokedollars,
yellow-bottle,scarlet-violet,sell,500,pokedollars,
yellow-cup,scarlet-violet,buy,1500,pokedollars,
yellow-cup,scarlet-violet,sell,375,pokedollars,
yellow-flute,black-2-white-2,sell,150,pokedollars,Can be sold to the billionaire maniac in Undella Town for 7500 Pokédollars.
yellow-flute,black-white,sell,150,pokedollars,Can be sold to the billionaire maniac in Undella Town for 7500 Pokédollars.
yellow-flute,diamond-pearl,sell,150,pokedollars,
yellow-flute,firered-leafgreen,sell,150,pokedollars,
yellow-flute,heartgold-soulsilver,sell,150,pokedollars,
yellow-flute,omega-ruby-alpha-sapphire,sell,150,pokedollars,
yellow-flute,platinum,sell,150,pokedollars,
yellow-flute,ruby-sapphire,sell,150,pokedollars,
yellow-flute,sun-moon,sell,10,pokedollars,
yellow-flute,ultra-sun-ultra-moon,sell,10,pokedollars,
yellow-flute,x-y,sell,150,pokedollars,
yellow-nectar,scarlet-violet,sell,75,pokedollars,
yellow-nectar,scarlet-violet,buy,300,pokedollars,
yellow-nectar,sun-moon,sell,150,pokedollars,
yellow-nectar,ultra-sun-ultra-moon,sell,150,pokedollars,
yellow-scarf,emerald,sell,0,pokedollars,Cannot be sold
yellow-scarf,ruby-sapphire,sell,0,pokedollars,Cannot be sold
yellow-shard,black,buy,3000,pokedollars,
yellow-shard,black,sell,100,pokedollars,
yellow-shard,brilliant-diamond-shining-pearl,sell,100,pokedollars,
yellow-shard,diamond-pearl,sell,100,pokedollars,
yellow-shard,emerald,sell,100,pokedollars,
yellow-shard,heartgold-soulsilver,sell,100,pokedollars,
yellow-shard,omega-ruby-alpha-sapphire,sell,100,pokedollars,
yellow-shard,platinum,sell,100,pokedollars,
yellow-shard,ruby-sapphire,sell,100,pokedollars,
yellow-shard,sun-moon,sell,500,pokedollars,
yellow-shard,ultra-sun-ultra-moon,sell,500,pokedollars,
yellow-shard,x-y,sell,100,pokedollars,
yellow-tablecloth,scarlet-violet,buy,5000,pokedollars,
yellow-tablecloth,scarlet-violet,sell,1250,pokedollars,
yogurt,scarlet-violet,buy,140,pokedollars,
yogurt,scarlet-violet,sell,35,pokedollars,
zap-plate,black-2-white-2,sell,500,pokedollars,
zap-plate,black-white,sell,500,pokedollars,
zap-plate,brilliant-diamond-shining-pearl,sell,500,pokedollars,
zap-plate,diamond-pearl,sell,500,pokedollars,
zap-plate,omega-ruby-alpha-sapphire,sell,500,pokedollars,
zap-plate,platinum,sell,500,pokedollars,
zap-plate,sun-moon,buy,10000,pokedollars,
zap-plate,sun-moon,sell,500,pokedollars,
zap-plate,ultra-sun-ultra-moon,buy,10000,pokedollars,
zap-plate,ultra-sun-ultra-moon,sell,500,pokedollars,
zap-plate,x-y,sell,500,pokedollars,
zinc,black-2-white-2,buy,9800,pokedollars,
zinc,black-2-white-2,sell,4900,pokedollars,
zinc,black-white,sell,4900,pokedollars,
zinc,black-white,buy,9800,pokedollars,
zinc,brilliant-diamond-shining-pearl,sell,4900,pokedollars,
zinc,brilliant-diamond-shining-pearl,buy,9800,pokedollars,
zinc,diamond-pearl,buy,9800,pokedollars,
zinc,diamond-pearl,sell,4900,pokedollars,
zinc,emerald,buy,9800,pokedollars,
zinc,emerald,sell,4900,pokedollars,
zinc,firered-leafgreen,sell,4900,pokedollars,
zinc,firered-leafgreen,buy,9800,pokedollars,
zinc,heartgold-soulsilver,buy,9800,pokedollars,
zinc,heartgold-soulsilver,sell,4900,pokedollars,
zinc,omega-ruby-alpha-sapphire,buy,9800,pokedollars,
zinc,omega-ruby-alpha-sapphire,sell,4900,pokedollars,
zinc,platinum,sell,4900,pokedollars,
zinc,platinum,buy,9800,pokedollars,
zinc,ruby-sapphire,sell,4900,pokedollars,
zinc,ruby-sapphire,buy,9800,pokedollars,
zinc,scarlet-violet,sell,2500,pokedollars,
zinc,scarlet-violet,buy,10000,pokedollars,
zinc,sun-moon,buy,10000,pokedollars,
zinc,sun-moon,sell,5000,pokedollars,
zinc,sword-shield,sell,5000,pokedollars,
zinc,sword-shield,buy,10000,pokedollars,
zinc,ultra-sun-ultra-moon,sell,5000,pokedollars,
zinc,ultra-sun-ultra-moon,buy,10000,pokedollars,
zinc,x-y,sell,4900,pokedollars,
zinc,x-y,buy,9800,pokedollars,
zoom-lens,black-2-white-2,sell,100,pokedollars,
zoom-lens,black-white,sell,100,pokedollars,
zoom-lens,diamond-pearl,sell,100,pokedollars,
zoom-lens,heartgold-soulsilver,sell,100,pokedollars,
zoom-lens,omega-ruby-alpha-sapphire,sell,100,pokedollars,
zoom-lens,scarlet-violet,buy,10000,pokedollars,
zoom-lens,scarlet-violet,sell,2500,pokedollars,
zoom-lens,sun-moon,sell,2000,pokedollars,
zoom-lens,sword-shield,sell,2000,pokedollars,
zoom-lens,ultra-sun-ultra-moon,sell,2000,pokedollars,
zoom-lens,x-y,sell,100,pokedollars,