move_id,version_identifier,flavor_text
1,black-2-white-2,"The target is physically pounded with a long tail or a foreleg, etc."
1,black-white,"The target is physically pounded with a long tail or a foreleg, etc."
1,crystal,Pounds with forelegs or tail.
1,diamond-pearl,"The foe is physically pounded with a long tail or a foreleg, etc."
1,emerald,Pounds the foe with forelegs or tail.
1,firered-leafgreen,"A physical attack delivered with a long tail or a foreleg, etc."
1,gold-silver,Pounds with forelegs or tail.
1,heartgold-soulsilver,"The foe is physically pounded with a long tail or a foreleg, etc."
1,lets-go-pikachu-lets-go-eevee,"The target is physically pounded with a long tail, a foreleg, or the like."
1,omega-ruby-alpha-sapphire,"The target is physically pounded with a long tail, a foreleg, or the like."
1,platinum,"The foe is physically pounded with a long tail or a foreleg, etc."
1,ruby-sapphire,Pounds the foe with forelegs or tail.
1,sun-moon,"The target is physically pounded with a long tail, a foreleg, or the like."
1,sword-shield,"The target is physically pounded with a long tail, a foreleg, or the like."
1,ultra-sun-ultra-moon,"The target is physically pounded with a long tail, a foreleg, or the like."
1,x-y,"The target is physically pounded with a long tail, a foreleg, or the like."
2,black-2-white-2,The target is attacked with a sharp chop. Critical hits land more easily.
2,black-white,The target is attacked with a sharp chop. Critical hits land more easily.
2,crystal,Has a high critical hit ratio.
2,diamond-pearl,The foe is attacked with a sharp chop. It has a high critical-hit ratio.
2,emerald,A chopping attack with a high critical-hit ratio.
2,firered-leafgreen,The foe is attacked with a sharp chop. It has a high critical-hit ratio.
2,gold-silver,Has a high critical hit ratio.
2,heartgold-soulsilver,The foe is attacked with a sharp chop. It has a high critical-hit ratio.
2,lets-go-pikachu-lets-go-eevee,The target is attacked with a sharp chop. Critical hits land more easily.
2,omega-ruby-alpha-sapphire,The target is attacked with a sharp chop. Critical hits land more easily.
2,platinum,The foe is attacked with a sharp chop. It has a high critical-hit ratio.
2,ruby-sapphire,A chopping attack with a high critical-hit ratio.
2,sun-moon,The target is attacked with a sharp chop. Critical hits land more easily.
2,sword-shield,"This move can’t be used. It’s recommended that this move is forgotten. Once forgotten, this move can’t be remembered."
2,ultra-sun-ultra-moon,The target is attacked with a sharp chop. Critical hits land more easily.
2,x-y,The target is attacked with a sharp chop. Critical hits land more easily.
3,black-2-white-2,"The target is slapped repeatedly, back and forth, two to five times in a row."
3,black-white,"The target is slapped repeatedly, back and forth, two to five times in a row."
3,crystal,Repeatedly slaps 2-5 times.
3,diamond-pearl,"The foe is slapped repeatedly, back and forth, two to five times in a row."
3,emerald,Repeatedly slaps the foe 2 to 5 times.
3,firered-leafgreen,"The foe is slapped repeatedly, back and forth, two to five times."
3,gold-silver,Repeatedly slaps 2-5 times.
3,heartgold-soulsilver,"The foe is slapped repeatedly, back and forth, two to five times in a row."
3,lets-go-pikachu-lets-go-eevee,"The target is slapped repeatedly, back and forth, two to five times in a row."
3,omega-ruby-alpha-sapphire,"The target is slapped repeatedly, back and forth, two to five times in a row."
3,platinum,"The foe is slapped repeatedly, back and forth, two to five times in a row."
3,ruby-sapphire,Repeatedly slaps the foe 2 to 5 times.
3,sun-moon,"The target is slapped repeatedly, back and forth, two to five times in a row."
3,sword-shield,"This move can’t be used. It’s recommended that this move is forgotten. Once forgotten, this move can’t be remembered."
3,ultra-sun-ultra-moon,"The target is slapped repeatedly, back and forth, two to five times in a row."
3,x-y,"The target is slapped repeatedly, back and forth, two to five times in a row."
4,black-2-white-2,The target is hit with a flurry of punches that strike two to five times in a row.
4,black-white,The target is hit with a flurry of punches that strike two to five times in a row.
4,crystal,Repeatedly punches 2-5 times.
4,diamond-pearl,The foe is hit with a flurry of punches that strike two to five times in a row.
4,emerald,Repeatedly punches the foe 2 to 5 times.
4,firered-leafgreen,The foe is hit with a flurry of punches that strike two to five times.
4,gold-silver,Repeatedly punches 2-5 times.
4,heartgold-soulsilver,The foe is hit with a flurry of punches that strike two to five times in a row.
4,lets-go-pikachu-lets-go-eevee,The target is hit with a flurry of punches that strike two to five times in a row.
4,omega-ruby-alpha-sapphire,The target is hit with a flurry of punches that strike two to five times in a row.
4,platinum,The foe is hit with a flurry of punches that strike two to five times in a row.
4,ruby-sapphire,Repeatedly punches the foe 2 to 5 times.
4,sun-moon,The target is hit with a flurry of punches that strike two to five times in a row.
4,sword-shield,"This move can’t be used. It’s recommended that this move is forgotten. Once forgotten, this move can’t be remembered."
4,ultra-sun-ultra-moon,The target is hit with a flurry of punches that strike two to five times in a row.
4,x-y,The target is hit with a flurry of punches that strike two to five times in a row.
5,black-2-white-2,The target is slugged by a punch thrown with muscle-packed power.
5,black-white,The target is slugged by a punch thrown with muscle-packed power.
5,crystal,A powerful punch thrown very hard.
5,diamond-pearl,The foe is slugged by a punch thrown with muscle-packed power.
5,emerald,A strong punch thrown with incredible power.
5,firered-leafgreen,The foe is slugged by a punch thrown with muscle-packed power.
5,gold-silver,A powerful punch thrown very hard.
5,heartgold-soulsilver,The foe is slugged by a punch thrown with muscle-packed power.
5,lets-go-pikachu-lets-go-eevee,The target is slugged by a punch thrown with muscle-packed power.
5,omega-ruby-alpha-sapphire,The target is slugged by a punch thrown with muscle-packed power.
5,platinum,The foe is slugged by a punch thrown with muscle-packed power.
5,ruby-sapphire,A strong punch thrown with incredible power.
5,sun-moon,The target is slugged by a punch thrown with muscle-packed power.
5,sword-shield,The target is slugged by a punch thrown with muscle-packed power.
5,ultra-sun-ultra-moon,The target is slugged by a punch thrown with muscle-packed power.
5,x-y,The target is slugged by a punch thrown with muscle-packed power.
6,black-2-white-2,Numerous coins are hurled at the target to inflict damage. Money is earned after the battle.
6,black-white,Numerous coins are hurled at the target to inflict damage. Money is earned after the battle.
6,crystal,Throws coins. Gets them back later.
6,diamond-pearl,Numerous coins are hurled at the foe to inflict damage. Money is earned after battle.
6,emerald,Throws coins at the foe. Money is recovered after.
6,firered-leafgreen,Numerous coins are hurled at the foe. Money is earned after battle.
6,gold-silver,Throws coins. Gets them back later.
6,heartgold-soulsilver,Numerous coins are hurled at the foe to inflict damage. Money is earned after battle.
6,lets-go-pikachu-lets-go-eevee,Numerous coins are hurled at the target to inflict damage. Money is earned after the battle.
6,omega-ruby-alpha-sapphire,Numerous coins are hurled at the target to inflict damage. Money is earned after the battle.
6,platinum,Numerous coins are hurled at the foe to inflict damage. Money is earned after battle.
6,ruby-sapphire,Throws coins at the foe. Money is recovered after.
6,sun-moon,Numerous coins are hurled at the target to inflict damage. Money is earned after the battle.
6,sword-shield,Numerous coins are hurled at the target to inflict damage. Money is earned after the battle.
6,ultra-sun-ultra-moon,Numerous coins are hurled at the target to inflict damage. Money is earned after the battle.
6,x-y,Numerous coins are hurled at the target to inflict damage. Money is earned after the battle.
7,black-2-white-2,The target is punched with a fiery fist. It may also leave the target with a burn.
7,black-white,The target is punched with a fiery fist. It may also leave the target with a burn.
7,crystal,A fiery punch. May cause a burn.
7,diamond-pearl,The foe is punched with a fiery fist. It may leave the target with a burn.
7,emerald,A fiery punch that may burn the foe.
7,firered-leafgreen,The foe is punched with a fiery fist. It may leave the foe with a burn.
7,gold-silver,A fiery punch. May cause a burn.
7,heartgold-soulsilver,The foe is punched with a fiery fist. It may leave the target with a burn.
7,lets-go-pikachu-lets-go-eevee,The target is punched with a fiery fist. This may also leave the target with a burn.
7,omega-ruby-alpha-sapphire,The target is punched with a fiery fist. This may also leave the target with a burn.
7,platinum,The foe is punched with a fiery fist. It may leave the target with a burn.
7,ruby-sapphire,A fiery punch that may burn the foe.
7,sun-moon,The target is punched with a fiery fist. This may also leave the target with a burn.
7,sword-shield,The target is punched with a fiery fist. This may also leave the target with a burn.
7,ultra-sun-ultra-moon,The target is punched with a fiery fist. This may also leave the target with a burn.
7,x-y,The target is punched with a fiery fist. This may also leave the target with a burn.
8,black-2-white-2,The target is punched with an icy fist. It may also leave the target frozen.
8,black-white,The target is punched with an icy fist. It may also leave the target frozen.
8,crystal,An icy punch. May cause freezing.
8,diamond-pearl,The foe is punched with an icy fist. It may leave the target frozen.
8,emerald,An icy punch that may freeze the foe.
8,firered-leafgreen,The foe is punched with an icy fist. It may leave the foe frozen.
8,gold-silver,An icy punch. May cause freezing.
8,heartgold-soulsilver,The foe is punched with an icy fist. It may leave the target frozen.
8,lets-go-pikachu-lets-go-eevee,The target is punched with an icy fist. This may also leave the target frozen.
8,omega-ruby-alpha-sapphire,The target is punched with an icy fist. This may also leave the target frozen.
8,platinum,The foe is punched with an icy fist. It may leave the target frozen.
8,ruby-sapphire,An icy punch that may freeze the foe.
8,sun-moon,The target is punched with an icy fist. This may also leave the target frozen.
8,sword-shield,The target is punched with an icy fist. This may also leave the target frozen.
8,ultra-sun-ultra-moon,The target is punched with an icy fist. This may also leave the target frozen.
8,x-y,The target is punched with an icy fist. This may also leave the target frozen.
9,black-2-white-2,The target is punched with an electrified fist. It may also leave the target with paralysis.
9,black-white,The target is punched with an electrified fist. It may also leave the target with paralysis.
9,crystal,An electric punch. It may paralyze.
9,diamond-pearl,The foe is punched with an electrified fist. It may leave the target with paralysis.
9,emerald,An electrified punch that may paralyze the foe.
9,firered-leafgreen,The foe is punched with an electrified fist. It may leave the foe paralyzed.
9,gold-silver,An electric punch. It may paralyze.
9,heartgold-soulsilver,The foe is punched with an electrified fist. It may leave the target with paralysis.
9,lets-go-pikachu-lets-go-eevee,The target is punched with an electrified fist. This may also leave the target with paralysis.
9,omega-ruby-alpha-sapphire,The target is punched with an electrified fist. This may also leave the target with paralysis.
9,platinum,The foe is punched with an electrified fist. It may leave the target with paralysis.
9,ruby-sapphire,An electrified punch that may paralyze the foe.
9,sun-moon,The target is punched with an electrified fist. This may also leave the target with paralysis.
9,sword-shield,The target is punched with an electrified fist. This may also leave the target with paralysis.
9,ultra-sun-ultra-moon,The target is punched with an electrified fist. This may also leave the target with paralysis.
9,x-y,The target is punched with an electrified fist. This may also leave the target with paralysis.
10,black-2-white-2,"Hard, pointed, and sharp claws rake the target to inflict damage."
10,black-white,"Hard, pointed, and sharp claws rake the target to inflict damage."
10,crystal,Scratches with sharp claws.
10,diamond-pearl,"Hard, pointed, and sharp claws rake the foe to inflict damage."
10,emerald,Scratches the foe with sharp claws.
10,firered-leafgreen,"Hard, pointed, and sharp claws rake the foe."
10,gold-silver,Scratches with sharp claws.
10,heartgold-soulsilver,"Hard, pointed, and sharp claws rake the foe to inflict damage."
10,lets-go-pikachu-lets-go-eevee,"Hard, pointed, sharp claws rake the target to inflict damage."
10,omega-ruby-alpha-sapphire,"Hard, pointed, sharp claws rake the target to inflict damage."
10,platinum,"Hard, pointed, and sharp claws rake the foe to inflict damage."
10,ruby-sapphire,Scratches the foe with sharp claws.
10,sun-moon,"Hard, pointed, sharp claws rake the target to inflict damage."
10,sword-shield,"Hard, pointed, sharp claws rake the target to inflict damage."
10,ultra-sun-ultra-moon,"Hard, pointed, sharp claws rake the target to inflict damage."
10,x-y,"Hard, pointed, sharp claws rake the target to inflict damage."
11,black-2-white-2,The target is gripped and squeezed from both sides to inflict damage.
11,black-white,The target is gripped and squeezed from both sides to inflict damage.
11,crystal,Grips with powerful pincers.
11,diamond-pearl,"Huge, impressive pincers grip and squeeze the foe."
11,emerald,Grips the foe with large and powerful pincers.
11,firered-leafgreen,"Huge, impressive pincers grip and squeeze the foe."
11,gold-silver,Grips with powerful pincers.
11,heartgold-soulsilver,"Huge, impressive pincers grip and squeeze the foe."
11,lets-go-pikachu-lets-go-eevee,The target is gripped and squeezed from both sides to inflict damage.
11,omega-ruby-alpha-sapphire,The target is gripped and squeezed from both sides to inflict damage.
11,platinum,"Huge, impressive pincers grip and squeeze the foe."
11,ruby-sapphire,Grips the foe with large and powerful pincers.
11,sun-moon,The target is gripped and squeezed from both sides to inflict damage.
11,sword-shield,The target is gripped and squeezed from both sides to inflict damage.
11,ultra-sun-ultra-moon,The target is gripped and squeezed from both sides to inflict damage.
11,x-y,The target is gripped and squeezed from both sides to inflict damage.
12,black-2-white-2,"A vicious, tearing attack with big pincers. The target will faint instantly if this attack hits."
12,black-white,"A vicious, tearing attack with big pincers. The target will faint instantly if this attack hits."
12,crystal,"A one-hit KO, pincer attack."
12,diamond-pearl,"A vicious, tearing attack with pincers. The foe will faint instantly if this attack hits."
12,emerald,A powerful pincer attack that may cause fainting.
12,firered-leafgreen,A vicious tearing attack with pincers. The foe will faint if it hits.
12,gold-silver,"A one-hit KO, pincer attack."
12,heartgold-soulsilver,"A vicious, tearing attack with pincers. The foe will faint instantly if this attack hits."
12,lets-go-pikachu-lets-go-eevee,"A vicious, tearing attack with big pincers. The target faints instantly if this attack hits."
12,omega-ruby-alpha-sapphire,"A vicious, tearing attack with big pincers. The target faints instantly if this attack hits."
12,platinum,"A vicious, tearing attack with pincers. The foe will faint instantly if this attack hits."
12,ruby-sapphire,A powerful pincer attack that may cause fainting.
12,sun-moon,"A vicious, tearing attack with big pincers. The target faints instantly if this attack hits."
12,sword-shield,"A vicious, tearing attack with big pincers. The target faints instantly if this attack hits."
12,ultra-sun-ultra-moon,"A vicious, tearing attack with big pincers. The target faints instantly if this attack hits."
12,x-y,"A vicious, tearing attack with big pincers. The target faints instantly if this attack hits."
13,black-2-white-2,A two-turn attack. Blades of wind hit opposing Pokémon on the second turn. Critical hits land more easily.
13,black-white,A two-turn attack. Blades of wind hit opposing Pokémon on the second turn. Critical hits land more easily.
13,crystal,1st turn: Prepare 2nd turn: Attack
13,diamond-pearl,A two-turn attack. Blades of wind hit the foe on the second turn. It has a high critical-hit ratio.
13,emerald,A 2-turn move that strikes the foe on the 2nd turn.
13,firered-leafgreen,Blades of wind hit the foe on the 2nd turn. It has a high critical-hit ratio.
13,gold-silver,1st turn: Prepare 2nd turn: Attack
13,heartgold-soulsilver,A two-turn attack. Blades of wind hit the foe on the second turn. It has a high critical-hit ratio.
13,lets-go-pikachu-lets-go-eevee,"In this two-turn attack, blades of wind hit opposing Pokémon on the second turn. Critical hits land more easily."
13,omega-ruby-alpha-sapphire,A two-turn attack. Blades of wind hit opposing Pokémon on the second turn. Critical hits land more easily.
13,platinum,A two-turn attack. Blades of wind hit the foe on the second turn. It has a high critical-hit ratio.
13,ruby-sapphire,A 2-turn move that strikes the foe on the 2nd turn.
13,sun-moon,"In this two-turn attack, blades of wind hit opposing Pokémon on the second turn. Critical hits land more easily."
13,sword-shield,"This move can’t be used. It’s recommended that this move is forgotten. Once forgotten, this move can’t be remembered."
13,ultra-sun-ultra-moon,"In this two-turn attack, blades of wind hit opposing Pokémon on the second turn. Critical hits land more easily."
13,x-y,A two-turn attack. Blades of wind hit opposing Pokémon on the second turn. Critical hits land more easily.
14,black-2-white-2,A frenetic dance to uplift the fighting spirit. It sharply raises the user’s Attack stat.
14,black-white,A frenetic dance to uplift the fighting spirit. It sharply raises the user’s Attack stat.
14,crystal,A dance that increases ATTACK.
14,diamond-pearl,A frenetic dance to uplift the fighting spirit. It sharply raises the user’s Attack stat.
14,emerald,A fighting dance that sharply raises ATTACK.
14,firered-leafgreen,A frenetic dance of fighting. It sharply raises the ATTACK stat.
14,gold-silver,A dance that increases ATTACK.
14,heartgold-soulsilver,A frenetic dance to uplift the fighting spirit. It sharply raises the user’s Attack stat.
14,lets-go-pikachu-lets-go-eevee,A frenetic dance to uplift the fighting spirit. This sharply raises the user’s Attack stat.
14,omega-ruby-alpha-sapphire,A frenetic dance to uplift the fighting spirit. This sharply raises the user’s Attack stat.
14,platinum,A frenetic dance to uplift the fighting spirit. It sharply raises the user’s Attack stat.
14,ruby-sapphire,A fighting dance that sharply raises ATTACK.
14,sun-moon,A frenetic dance to uplift the fighting spirit. This sharply raises the user’s Attack stat.
14,sword-shield,A frenetic dance to uplift the fighting spirit. This sharply raises the user’s Attack stat.
14,ultra-sun-ultra-moon,A frenetic dance to uplift the fighting spirit. This sharply raises the user’s Attack stat.
14,x-y,A frenetic dance to uplift the fighting spirit. This sharply raises the user’s Attack stat.
15,black-2-white-2,The target is cut with a scythe or a claw. It can also be used to cut down thin trees.
15,black-white,The target is cut with a scythe or a claw. It can also be used to cut down thin trees.
15,crystal,"Cuts using claws, scythes, etc."
15,diamond-pearl,The foe is cut with a scythe or a claw. It can also be used to cut down thin trees.
15,emerald,"Cuts the foe with sharp scythes, claws, etc."
15,firered-leafgreen,A basic attack. It can be used to cut down thin trees and grass.
15,gold-silver,"Cuts using claws, scythes, etc."
15,heartgold-soulsilver,The foe is cut with a scythe or a claw. It can also be used to cut down thin trees.
15,lets-go-pikachu-lets-go-eevee,The target is cut with a scythe or claw.
15,omega-ruby-alpha-sapphire,The target is cut with a scythe or claw. This can also be used to cut down thin trees.
15,platinum,The foe is cut with a scythe or a claw. It can also be used to cut down thin trees.
15,ruby-sapphire,"Cuts the foe with sharp scythes, claws, etc."
15,sun-moon,The target is cut with a scythe or claw.
15,sword-shield,The target is cut with a scythe or claw.
15,ultra-sun-ultra-moon,The target is cut with a scythe or claw.
15,x-y,The target is cut with a scythe or claw. This can also be used to cut down thin trees.
16,black-2-white-2,A gust of wind is whipped up by wings and launched at the target to inflict damage.
16,black-white,A gust of wind is whipped up by wings and launched at the target to inflict damage.
16,crystal,Whips up a strong gust of wind.
16,diamond-pearl,A gust of wind is whipped up by wings and launched at the foe to inflict damage.
16,emerald,Strikes the foe with a gust of wind whipped up by wings.
16,firered-leafgreen,Strikes the foe with a gust of wind whipped up by wings.
16,gold-silver,Whips up a strong gust of wind.
16,heartgold-soulsilver,A gust of wind is whipped up by wings and launched at the foe to inflict damage.
16,lets-go-pikachu-lets-go-eevee,A gust of wind is whipped up by wings and launched at the target to inflict damage.
16,omega-ruby-alpha-sapphire,A gust of wind is whipped up by wings and launched at the target to inflict damage.
16,platinum,A gust of wind is whipped up by wings and launched at the foe to inflict damage.
16,ruby-sapphire,Strikes the foe with a gust of wind whipped up by wings.
16,sun-moon,A gust of wind is whipped up by wings and launched at the target to inflict damage.
16,sword-shield,A gust of wind is whipped up by wings and launched at the target to inflict damage.
16,ultra-sun-ultra-moon,A gust of wind is whipped up by wings and launched at the target to inflict damage.
16,x-y,A gust of wind is whipped up by wings and launched at the target to inflict damage.
17,black-2-white-2,"The target is struck with large, imposing wings spread wide to inflict damage."
17,black-white,"The target is struck with large, imposing wings spread wide to inflict damage."
17,crystal,Strikes the target with wings.
17,diamond-pearl,"The foe is struck with large, imposing wings spread wide to inflict damage."
17,emerald,Strikes the foe with wings spread wide.
17,firered-leafgreen,"The foe is struck with large, imposing wings spread wide."
17,gold-silver,Strikes the target with wings.
17,heartgold-soulsilver,"The foe is struck with large, imposing wings spread wide to inflict damage."
17,lets-go-pikachu-lets-go-eevee,"The target is struck with large, imposing wings spread wide to inflict damage."
17,omega-ruby-alpha-sapphire,"The target is struck with large, imposing wings spread wide to inflict damage."
17,platinum,"The foe is struck with large, imposing wings spread wide to inflict damage."
17,ruby-sapphire,Strikes the foe with wings spread wide.
17,sun-moon,"The target is struck with large, imposing wings spread wide to inflict damage."
17,sword-shield,"The target is struck with large, imposing wings spread wide to inflict damage."
17,ultra-sun-ultra-moon,"The target is struck with large, imposing wings spread wide to inflict damage."
17,x-y,"The target is struck with large, imposing wings spread wide to inflict damage."
18,black-2-white-2,"The target is blown away and switched. In the wild, a battle against a single Pokémon ends."
18,black-white,"The target is blown away, to be replaced by another Pokémon in its party. In the wild, the battle ends."
18,crystal,Blows away the foe & ends battle.
18,diamond-pearl,"The foe is blown away, to be replaced by another Pokémon in its party. In the wild, the battle ends."
18,emerald,Blows away the foe with wind and ends the battle.
18,firered-leafgreen,"The foe is made to switch out with an ally. In the wild, the battle ends."
18,gold-silver,Blows away the foe & ends battle.
18,heartgold-soulsilver,"The foe is blown away, to be replaced by another Pokémon in its party. In the wild, the battle ends."
18,lets-go-pikachu-lets-go-eevee,"The target is blown away, and a different Pokémon is dragged out."
18,omega-ruby-alpha-sapphire,"The target is blown away, and a different Pokémon is dragged out. In the wild, this ends a battle against a single Pokémon."
18,platinum,"The foe is blown away, to be replaced by another Pokémon in its party. In the wild, the battle ends."
18,ruby-sapphire,Blows away the foe with wind and ends the battle.
18,sun-moon,"The target is blown away, and a different Pokémon is dragged out. In the wild, this ends a battle against a single Pokémon."
18,sword-shield,"The target is blown away, and a different Pokémon is dragged out. In the wild, this ends a battle against a single Pokémon."
18,ultra-sun-ultra-moon,"The target is blown away, and a different Pokémon is dragged out. In the wild, this ends a battle against a single Pokémon."
18,x-y,"The target is blown away, and a different Pokémon is dragged out. In the wild, this ends a battle against a single Pokémon."
19,black-2-white-2,"The user soars, then strikes its target on the second turn. It can also be used for flying to any familiar town."
19,black-white,"The user soars, then strikes its target on the second turn. It can also be used for flying to any familiar town."
19,crystal,1st turn: Fly 2nd turn: Attack
19,diamond-pearl,"The user soars, then strikes on the second turn. It can also be used for flying to any familiar town."
19,emerald,"Flies up on the first turn, then strikes the next turn."
19,firered-leafgreen,A 2-turn move that hits on the 2nd turn. Use it to fly to any known town.
19,gold-silver,1st turn: Fly 2nd turn: Attack
19,heartgold-soulsilver,"The user soars, then strikes on the second turn. It can also be used for flying to any familiar town."
19,lets-go-pikachu-lets-go-eevee,The user flies up into the sky and then strikes its target on the next turn.
19,omega-ruby-alpha-sapphire,The user soars and then strikes its target on the next turn. This can also be used to fly to any familiar town.
19,platinum,"The user soars, then strikes on the second turn. It can also be used for flying to any familiar town."
19,ruby-sapphire,"Flies up on the first turn, then strikes the next turn."
19,sun-moon,The user soars and then strikes its target on the next turn.
19,sword-shield,The user flies up into the sky and then strikes its target on the next turn.
19,ultra-sun-ultra-moon,The user soars and then strikes its target on the next turn.
19,x-y,The user soars and then strikes its target on the next turn. This can also be used to fly to any familiar town.
20,black-2-white-2,Things such as long bodies or tentacles are used to bind and squeeze the target for four to five turns.
20,black-white,Things such as long bodies or tentacles are used to bind and squeeze the target for four to five turns.
20,crystal,Binds the target for 2-5 turns.
20,diamond-pearl,A long body or tentacles are used to bind and squeeze the foe for two to five turns.
20,emerald,Binds and squeezes the foe for 2 to 5 turns.
20,firered-leafgreen,A long body or tentacles are used to bind the foe for two to five turns.
20,gold-silver,Binds the target for 2-5 turns.
20,heartgold-soulsilver,A long body or tentacles are used to bind and squeeze the foe for two to five turns.
20,lets-go-pikachu-lets-go-eevee,Things such as long bodies or tentacles are used to bind and squeeze the target for four to five turns.
20,omega-ruby-alpha-sapphire,Things such as long bodies or tentacles are used to bind and squeeze the target for four to five turns.
20,platinum,A long body or tentacles are used to bind and squeeze the foe for two to five turns.
20,ruby-sapphire,Binds and squeezes the foe for 2 to 5 turns.
20,sun-moon,Things such as long bodies or tentacles are used to bind and squeeze the target for four to five turns.
20,sword-shield,Things such as long bodies or tentacles are used to bind and squeeze the target for four to five turns.
20,ultra-sun-ultra-moon,Things such as long bodies or tentacles are used to bind and squeeze the target for four to five turns.
20,x-y,Things such as long bodies or tentacles are used to bind and squeeze the target for four to five turns.
21,black-2-white-2,"The target is slammed with a long tail, vines, etc., to inflict damage."
21,black-white,"The target is slammed with a long tail, vines, etc., to inflict damage."
21,crystal,"Slams the foe with a tail, vine, etc."
21,diamond-pearl,"The foe is slammed with a long tail, vines, etc., to inflict damage."
21,emerald,"Slams the foe with a long tail, vine, etc."
21,firered-leafgreen,"The foe is struck with a long tail, vines, etc."
21,gold-silver,"Slams the foe with a tail, vine, etc."
21,heartgold-soulsilver,"The foe is slammed with a long tail, vines, etc., to inflict damage."
21,lets-go-pikachu-lets-go-eevee,"The target is slammed with a long tail, vines, or the like to inflict damage."
21,omega-ruby-alpha-sapphire,"The target is slammed with a long tail, vines, or the like to inflict damage."
21,platinum,"The foe is slammed with a long tail, vines, etc., to inflict damage."
21,ruby-sapphire,"Slams the foe with a long tail, vine, etc."
21,sun-moon,"The target is slammed with a long tail, vines, or the like to inflict damage."
21,sword-shield,"The target is slammed with a long tail, vines, or the like to inflict damage."
21,ultra-sun-ultra-moon,"The target is slammed with a long tail, vines, or the like to inflict damage."
21,x-y,"The target is slammed with a long tail, vines, or the like to inflict damage."
22,black-2-white-2,"The target is struck with slender, whiplike vines to inflict damage."
22,black-white,"The target is struck with slender, whiplike vines to inflict damage."
22,crystal,Whips the foe with slender vines.
22,diamond-pearl,"The foe is struck with slender, whiplike vines to inflict damage."
22,emerald,"Strikes the foe with slender, whiplike vines."
22,firered-leafgreen,"The foe is struck with slender, whiplike vines."
22,gold-silver,Whips the foe with slender vines.
22,heartgold-soulsilver,"The foe is struck with slender, whiplike vines to inflict damage."
22,lets-go-pikachu-lets-go-eevee,"The target is struck with slender, whiplike vines to inflict damage."
22,omega-ruby-alpha-sapphire,"The target is struck with slender, whiplike vines to inflict damage."
22,platinum,"The foe is struck with slender, whiplike vines to inflict damage."
22,ruby-sapphire,"Strikes the foe with slender, whiplike vines."
22,sun-moon,"The target is struck with slender, whiplike vines to inflict damage."
22,sword-shield,"The target is struck with slender, whiplike vines to inflict damage."
22,ultra-sun-ultra-moon,"The target is struck with slender, whiplike vines to inflict damage."
22,x-y,"The target is struck with slender, whiplike vines to inflict damage."
23,black-2-white-2,The target is stomped with a big foot. It may also make the target flinch.
23,black-white,The target is stomped with a big foot. It may also make the target flinch.
23,crystal,An attack that may cause flinching.
23,diamond-pearl,The foe is stomped with a big foot. It may also make the target flinch.
23,emerald,Stomps the enemy with a big foot. May cause flinching.
23,firered-leafgreen,The foe is stomped with a big foot. It may make the foe flinch.
23,gold-silver,An attack that may cause flinching.
23,heartgold-soulsilver,The foe is stomped with a big foot. It may also make the target flinch.
23,lets-go-pikachu-lets-go-eevee,The target is stomped with a big foot. This may also make the target flinch.
23,omega-ruby-alpha-sapphire,The target is stomped with a big foot. This may also make the target flinch.
23,platinum,The foe is stomped with a big foot. It may also make the target flinch.
23,ruby-sapphire,Stomps the enemy with a big foot. May cause flinching.
23,sun-moon,The target is stomped with a big foot. This may also make the target flinch.
23,sword-shield,The target is stomped with a big foot. This may also make the target flinch.
23,ultra-sun-ultra-moon,The target is stomped with a big foot. This may also make the target flinch.
23,x-y,The target is stomped with a big foot. This may also make the target flinch.
24,black-2-white-2,The target is quickly kicked twice in succession using both feet.
24,black-white,The target is quickly kicked twice in succession using both feet.
24,crystal,A double kicking attack.
24,diamond-pearl,The foe is quickly kicked twice in succession using both feet.
24,emerald,A double-kicking attack that strikes the foe twice.
24,firered-leafgreen,Two legs are used to quickly kick the foe twice in one turn.
24,gold-silver,A double kicking attack.
24,heartgold-soulsilver,The foe is quickly kicked twice in succession using both feet.
24,lets-go-pikachu-lets-go-eevee,The target is quickly kicked twice in succession using both feet.
24,omega-ruby-alpha-sapphire,The target is quickly kicked twice in succession using both feet.
24,platinum,The foe is quickly kicked twice in succession using both feet.
24,ruby-sapphire,A double-kicking attack that strikes the foe twice.
24,sun-moon,The target is quickly kicked twice in succession using both feet.
24,sword-shield,The target is quickly kicked twice in succession using both feet.
24,ultra-sun-ultra-moon,The target is quickly kicked twice in succession using both feet.
24,x-y,The target is quickly kicked twice in succession using both feet.
25,black-2-white-2,The target is attacked by a kick launched with muscle-packed power.
25,black-white,The target is attacked by a kick launched with muscle-packed power.
25,crystal,A powerful kicking attack.
25,diamond-pearl,The foe is attacked by a kick launched with muscle-packed power.
25,emerald,An extremely powerful kick with intense force.
25,firered-leafgreen,The foe is attacked by a kick fired with muscle-packed power.
25,gold-silver,A powerful kicking attack.
25,heartgold-soulsilver,The foe is attacked by a kick launched with muscle-packed power.
25,lets-go-pikachu-lets-go-eevee,The target is attacked by a kick launched with muscle-packed power.
25,omega-ruby-alpha-sapphire,The target is attacked by a kick launched with muscle-packed power.
25,platinum,The foe is attacked by a kick launched with muscle-packed power.
25,ruby-sapphire,An extremely powerful kick with intense force.
25,sun-moon,The target is attacked by a kick launched with muscle-packed power.
25,sword-shield,The target is attacked by a kick launched with muscle-packed power.
25,ultra-sun-ultra-moon,The target is attacked by a kick launched with muscle-packed power.
25,x-y,The target is attacked by a kick launched with muscle-packed power.
26,black-2-white-2,"The user jumps up high, then strikes with a kick. If the kick misses, the user hurts itself."
26,black-white,"The user jumps up high, then strikes with a kick. If the kick misses, the user hurts itself."
26,crystal,"May miss, damaging the user."
26,diamond-pearl,"The user jumps up high, then strikes with a kick. If the kick misses, the user hurts itself."
26,emerald,A strong jumping kick. May miss and hurt the kicker.
26,firered-leafgreen,"The user jumps up high, then kicks. If it misses, the user hurts itself."
26,gold-silver,"May miss, damaging the user."
26,heartgold-soulsilver,"The user jumps up high, then strikes with a kick. If the kick misses, the user hurts itself."
26,lets-go-pikachu-lets-go-eevee,"The user jumps up high, then strikes with a kick. If the kick misses, the user hurts itself."
26,omega-ruby-alpha-sapphire,"The user jumps up high, then strikes with a kick. If the kick misses, the user hurts itself."
26,platinum,"The user jumps up high, then strikes with a kick. If the kick misses, the user hurts itself."
26,ruby-sapphire,A strong jumping kick. May miss and hurt the kicker.
26,sun-moon,"The user jumps up high, then strikes with a kick. If the kick misses, the user hurts itself."
26,sword-shield,"This move can’t be used. It’s recommended that this move is forgotten. Once forgotten, this move can’t be remembered."
26,ultra-sun-ultra-moon,"The user jumps up high, then strikes with a kick. If the kick misses, the user hurts itself."
26,x-y,"The user jumps up high, then strikes with a kick. If the kick misses, the user hurts itself."
27,black-2-white-2,"The user lashes out with a quick, spinning kick. It may also make the target flinch."
27,black-white,"The user lashes out with a quick, spinning kick. It may also make the target flinch."
27,crystal,"A fast, spinning kick."
27,diamond-pearl,The user cuts a quick spin and lashes out with a sharp kick.
27,emerald,A fast kick delivered from a rapid spin.
27,firered-leafgreen,A quick kick from a rolling spin. It may make the foe flinch.
27,gold-silver,"A fast, spinning kick."
27,heartgold-soulsilver,"The user lashes out with a quick, spinning kick. It may also make the target flinch."
27,lets-go-pikachu-lets-go-eevee,"The user lashes out with a quick, spinning kick. This may also make the target flinch."
27,omega-ruby-alpha-sapphire,"The user lashes out with a quick, spinning kick. This may also make the target flinch."
27,platinum,The user cuts a quick spin and lashes out with a sharp kick.
27,ruby-sapphire,A fast kick delivered from a rapid spin.
27,sun-moon,"The user lashes out with a quick, spinning kick. This may also make the target flinch."
27,sword-shield,"This move can’t be used. It’s recommended that this move is forgotten. Once forgotten, this move can’t be remembered."
27,ultra-sun-ultra-moon,"The user lashes out with a quick, spinning kick. This may also make the target flinch."
27,x-y,"The user lashes out with a quick, spinning kick. This may also make the target flinch."
28,black-2-white-2,"Sand is hurled in the target’s face, reducing its accuracy."
28,black-white,"Sand is hurled in the target’s face, reducing its accuracy."
28,crystal,Reduces accuracy by throwing sand.
28,diamond-pearl,"Sand is hurled in the foe’s face, reducing its accuracy."
28,emerald,Reduces the foe’s accuracy by hurling sand in its face.
28,firered-leafgreen,"A lot of sand is hurled in the foe’s face, reducing its accuracy."
28,gold-silver,Reduces accuracy by throwing sand.
28,heartgold-soulsilver,"Sand is hurled in the foe’s face, reducing its accuracy."
28,lets-go-pikachu-lets-go-eevee,"Sand is hurled in the target’s face, reducing the target’s accuracy."
28,omega-ruby-alpha-sapphire,"Sand is hurled in the target’s face, reducing the target’s accuracy."
28,platinum,"Sand is hurled in the foe’s face, reducing its accuracy."
28,ruby-sapphire,Reduces the foe’s accuracy by hurling sand in its face.
28,sun-moon,"Sand is hurled in the target’s face, reducing the target’s accuracy."
28,sword-shield,"Sand is hurled in the target’s face, reducing the target’s accuracy."
28,ultra-sun-ultra-moon,"Sand is hurled in the target’s face, reducing the target’s accuracy."
28,x-y,"Sand is hurled in the target’s face, reducing the target’s accuracy."
29,black-2-white-2,The user sticks out its head and attacks by charging straight into the target. It may also make the target flinch.
29,black-white,The user sticks out its head and attacks by charging straight into the target. It may also make the target flinch.
29,crystal,An attack that may make foe flinch.
29,diamond-pearl,The user sticks its head out and rams straight forward. It may make the foe flinch.
29,emerald,A ramming attack that may cause flinching.
29,firered-leafgreen,The user sticks its head out and rams. It may make the foe flinch.
29,gold-silver,An attack that may make foe flinch.
29,heartgold-soulsilver,"The user attacks with its head. It may make the foe flinch. To find Pokémon, hit trees."
29,lets-go-pikachu-lets-go-eevee,The user sticks out its head and attacks by charging straight into the target. This may also make the target flinch.
29,omega-ruby-alpha-sapphire,The user sticks out its head and attacks by charging straight into the target. This may also make the target flinch.
29,platinum,The user sticks its head out and rams straight forward. It may make the foe flinch.
29,ruby-sapphire,A ramming attack that may cause flinching.
29,sun-moon,The user sticks out its head and attacks by charging straight into the target. This may also make the target flinch.
29,sword-shield,The user sticks out its head and attacks by charging straight into the target. This may also make the target flinch.
29,ultra-sun-ultra-moon,The user sticks out its head and attacks by charging straight into the target. This may also make the target flinch.
29,x-y,The user sticks out its head and attacks by charging straight into the target. This may also make the target flinch.
30,black-2-white-2,The target is jabbed with a sharply pointed horn to inflict damage.
30,black-white,The target is jabbed with a sharply pointed horn to inflict damage.
30,crystal,An attack using a horn to jab.
30,diamond-pearl,The foe is jabbed with a sharply pointed horn to inflict damage.
30,emerald,Jabs the foe with sharp horns.
30,firered-leafgreen,The foe is jabbed with a sharply pointed horn to inflict damage.
30,gold-silver,An attack using a horn to jab.
30,heartgold-soulsilver,The foe is jabbed with a sharply pointed horn to inflict damage.
30,lets-go-pikachu-lets-go-eevee,The target is jabbed with a sharply pointed horn to inflict damage.
30,omega-ruby-alpha-sapphire,The target is jabbed with a sharply pointed horn to inflict damage.
30,platinum,The foe is jabbed with a sharply pointed horn to inflict damage.
30,ruby-sapphire,Jabs the foe with sharp horns.
30,sun-moon,The target is jabbed with a sharply pointed horn to inflict damage.
30,sword-shield,The target is jabbed with a sharply pointed horn to inflict damage.
30,ultra-sun-ultra-moon,The target is jabbed with a sharply pointed horn to inflict damage.
30,x-y,The target is jabbed with a sharply pointed horn to inflict damage.
31,black-2-white-2,The target is jabbed repeatedly with a horn or beak two to five times in a row.
31,black-white,The target is jabbed repeatedly with a horn or beak two to five times in a row.
31,crystal,Jabs the target 2-5 times.
31,diamond-pearl,The foe is jabbed repeatedly with a horn or beak two to five times in a row.
31,emerald,"Jabs the foe 2 to 5 times with sharp horns, etc."
31,firered-leafgreen,The foe is jabbed repeatedly with a horn or beak two to five times.
31,gold-silver,Jabs the target 2-5 times.
31,heartgold-soulsilver,The foe is jabbed repeatedly with a horn or beak two to five times in a row.
31,lets-go-pikachu-lets-go-eevee,The target is jabbed repeatedly with a horn or beak two to five times in a row.
31,omega-ruby-alpha-sapphire,The target is jabbed repeatedly with a horn or beak two to five times in a row.
31,platinum,The foe is jabbed repeatedly with a horn or beak two to five times in a row.
31,ruby-sapphire,"Jabs the foe 2 to 5 times with sharp horns, etc."
31,sun-moon,The target is jabbed repeatedly with a horn or beak two to five times in a row.
31,sword-shield,The target is jabbed repeatedly with a horn or beak two to five times in a row.
31,ultra-sun-ultra-moon,The target is jabbed repeatedly with a horn or beak two to five times in a row.
31,x-y,The target is jabbed repeatedly with a horn or beak two to five times in a row.
32,black-2-white-2,"The user stabs the target with a horn that rotates like a drill. If it hits, the target faints instantly."
32,black-white,"The user stabs the target with a horn that rotates like a drill. If it hits, the target faints instantly."
32,crystal,"A one-hit KO, drill attack."
32,diamond-pearl,The foe is stabbed with a horn rotating like a drill. The foe instantly faints if it hits.
32,emerald,A one-hit KO attack that uses a horn like a drill.
32,firered-leafgreen,The horn is rotated like a drill to ram. The foe will faint if it hits.
32,gold-silver,"A one-hit KO, drill attack."
32,heartgold-soulsilver,The foe is stabbed with a horn rotating like a drill. The foe instantly faints if it hits.
32,lets-go-pikachu-lets-go-eevee,The user stabs the target with a horn that rotates like a drill. The target faints instantly if this attack hits.
32,omega-ruby-alpha-sapphire,The user stabs the target with a horn that rotates like a drill. The target faints instantly if this attack hits.
32,platinum,The foe is stabbed with a horn rotating like a drill. The foe instantly faints if it hits.
32,ruby-sapphire,A one-hit KO attack that uses a horn like a drill.
32,sun-moon,The user stabs the target with a horn that rotates like a drill. The target faints instantly if this attack hits.
32,sword-shield,The user stabs the target with a horn that rotates like a drill. The target faints instantly if this attack hits.
32,ultra-sun-ultra-moon,The user stabs the target with a horn that rotates like a drill. The target faints instantly if this attack hits.
32,x-y,The user stabs the target with a horn that rotates like a drill. The target faints instantly if this attack hits.
33,black-2-white-2,A physical attack in which the user charges and slams into the target with its whole body.
33,black-white,A physical attack in which the user charges and slams into the target with its whole body.
33,crystal,A full-body charge attack.
33,diamond-pearl,A physical attack in which the user charges and slams into the foe with its whole body.
33,emerald,Charges the foe with a full- body tackle.
33,firered-leafgreen,"A physical attack in which the user charges, full body, into the foe."
33,gold-silver,A full-body charge attack.
33,heartgold-soulsilver,A physical attack in which the user charges and slams into the foe with its whole body.
33,lets-go-pikachu-lets-go-eevee,A physical attack in which the user charges and slams into the target with its whole body.
33,omega-ruby-alpha-sapphire,A physical attack in which the user charges and slams into the target with its whole body.
33,platinum,A physical attack in which the user charges and slams into the foe with its whole body.
33,ruby-sapphire,Charges the foe with a full- body tackle.
33,sun-moon,A physical attack in which the user charges and slams into the target with its whole body.
33,sword-shield,A physical attack in which the user charges and slams into the target with its whole body.
33,ultra-sun-ultra-moon,A physical attack in which the user charges and slams into the target with its whole body.
33,x-y,A physical attack in which the user charges and slams into the target with its whole body.
34,black-2-white-2,The user drops onto the target with its full body weight. It may also leave the target with paralysis.
34,black-white,The user drops onto the target with its full body weight. It may also leave the target with paralysis.
34,crystal,An attack that may cause paralysis.
34,diamond-pearl,The user drops onto the foe with its full body weight. It may leave the foe paralyzed.
34,emerald,A full-body slam that may cause paralysis.
34,firered-leafgreen,The user drops its full body on the foe. It may leave the foe paralyzed.
34,gold-silver,An attack that may cause paralysis.
34,heartgold-soulsilver,The user drops onto the foe with its full body weight. It may leave the foe paralyzed.
34,lets-go-pikachu-lets-go-eevee,The user drops onto the target with its full body weight. This may also leave the target with paralysis.
34,omega-ruby-alpha-sapphire,The user drops onto the target with its full body weight. This may also leave the target with paralysis.
34,platinum,The user drops onto the foe with its full body weight. It may leave the foe paralyzed.
34,ruby-sapphire,A full-body slam that may cause paralysis.
34,sun-moon,The user drops onto the target with its full body weight. This may also leave the target with paralysis.
34,sword-shield,The user drops onto the target with its full body weight. This may also leave the target with paralysis.
34,ultra-sun-ultra-moon,The user drops onto the target with its full body weight. This may also leave the target with paralysis.
34,x-y,The user drops onto the target with its full body weight. This may also leave the target with paralysis.
35,black-2-white-2,A long body or vines are used to wrap and squeeze the target for four to five turns.
35,black-white,A long body or vines are used to wrap and squeeze the target for four to five turns.
35,crystal,Squeezes the foe for 2-5 turns.
35,diamond-pearl,A long body or vines are used to wrap and squeeze the foe for two to five turns.
35,emerald,"Wraps and squeezes the foe 2 to 5 times with vines, etc."
35,firered-leafgreen,A long body or vines are used to wrap the foe for two to five turns.
35,gold-silver,Squeezes the foe for 2-5 turns.
35,heartgold-soulsilver,A long body or vines are used to wrap and squeeze the foe for two to five turns.
35,lets-go-pikachu-lets-go-eevee,"A long body, vines, or the like are used to wrap and squeeze the target for four to five turns."
35,omega-ruby-alpha-sapphire,A long body or vines are used to wrap and squeeze the target for four to five turns.
35,platinum,A long body or vines are used to wrap and squeeze the foe for two to five turns.
35,ruby-sapphire,"Wraps and squeezes the foe 2 to 5 times with vines, etc."
35,sun-moon,"A long body, vines, or the like are used to wrap and squeeze the target for four to five turns."
35,sword-shield,"A long body, vines, or the like are used to wrap and squeeze the target for four to five turns."
35,ultra-sun-ultra-moon,"A long body, vines, or the like are used to wrap and squeeze the target for four to five turns."
35,x-y,A long body or vines are used to wrap and squeeze the target for four to five turns.
36,black-2-white-2,"A reckless, full-body charge attack for slamming into the target. It also damages the user a little."
36,black-white,"A reckless, full-body charge attack for slamming into the target. It also damages the user a little."
36,crystal,A tackle that also hurts the user.
36,diamond-pearl,"A reckless, full-body charge attack for slamming into the foe. It also damages the user a little."
36,emerald,A reckless charge attack that also hurts the user.
36,firered-leafgreen,"A reckless, full- body charge attack that also hurts the user a little."
36,gold-silver,A tackle that also hurts the user.
36,heartgold-soulsilver,"A reckless, full-body charge attack for slamming into the foe. It also damages the user a little."
36,lets-go-pikachu-lets-go-eevee,"A reckless, full-body charge attack for slamming into the target. This also damages the user a little."
36,omega-ruby-alpha-sapphire,"A reckless, full-body charge attack for slamming into the target. This also damages the user a little."
36,platinum,"A reckless, full-body charge attack for slamming into the foe. It also damages the user a little."
36,ruby-sapphire,A reckless charge attack that also hurts the user.
36,sun-moon,"A reckless, full-body charge attack for slamming into the target. This also damages the user a little."
36,sword-shield,"A reckless, full-body charge attack for slamming into the target. This also damages the user a little."
36,ultra-sun-ultra-moon,"A reckless, full-body charge attack for slamming into the target. This also damages the user a little."
36,x-y,"A reckless, full-body charge attack for slamming into the target. This also damages the user a little."
37,black-2-white-2,"The user rampages and attacks for two to three turns. It then becomes confused, however."
37,black-white,"The user rampages and attacks for two to three turns. It then becomes confused, however."
37,crystal,Works 2-3 turns and confuses user.
37,diamond-pearl,"The user rampages and attacks for two to three turns. It then becomes confused, however."
37,emerald,A rampage of 2 to 3 turns that confuses the user.
37,firered-leafgreen,"The user rampages about for two to three turns, then becomes confused."
37,gold-silver,Works 2-3 turns and confuses user.
37,heartgold-soulsilver,"The user rampages and attacks for two to three turns. It then becomes confused, however."
37,lets-go-pikachu-lets-go-eevee,The user rampages and attacks for two to three turns. The user then becomes confused.
37,omega-ruby-alpha-sapphire,The user rampages and attacks for two to three turns. The user then becomes confused.
37,platinum,"The user rampages and attacks for two to three turns. It then becomes confused, however."
37,ruby-sapphire,A rampage of 2 to 3 turns that confuses the user.
37,sun-moon,The user rampages and attacks for two to three turns. The user then becomes confused.
37,sword-shield,The user rampages and attacks for two to three turns. The user then becomes confused.
37,ultra-sun-ultra-moon,The user rampages and attacks for two to three turns. The user then becomes confused.
37,x-y,The user rampages and attacks for two to three turns. The user then becomes confused.
38,black-2-white-2,"A reckless, life-risking tackle. It also damages the user by a fairly large amount, however."
38,black-white,"A reckless, life-risking tackle. It also damages the user by a fairly large amount, however."
38,crystal,A tackle that also hurts the user.
38,diamond-pearl,"A reckless, life- risking tackle. It also damages the user by a fairly large amount, however."
38,emerald,A life-risking tackle that also hurts the user.
38,firered-leafgreen,"A reckless, life- risking tackle that also hurts the user a little."
38,gold-silver,A tackle that also hurts the user.
38,heartgold-soulsilver,"A reckless, life- risking tackle. It also damages the user by a fairly large amount, however."
38,lets-go-pikachu-lets-go-eevee,"A reckless, life-risking tackle. This also damages the user quite a lot."
38,omega-ruby-alpha-sapphire,"A reckless, life-risking tackle. This also damages the user quite a lot."
38,platinum,"A reckless, life- risking tackle. It also damages the user by a fairly large amount, however."
38,ruby-sapphire,A life-risking tackle that also hurts the user.
38,sun-moon,"A reckless, life-risking tackle. This also damages the user quite a lot."
38,sword-shield,"A reckless, life-risking tackle in which the user rushes the target. This also damages the user quite a lot."
38,ultra-sun-ultra-moon,"A reckless, life-risking tackle. This also damages the user quite a lot."
38,x-y,"A reckless, life-risking tackle. This also damages the user quite a lot."
39,black-2-white-2,"The user wags its tail cutely, making opposing Pokémon less wary and lowering their Defense stat."
39,black-white,"The user wags its tail cutely, making opposing Pokémon less wary and lowering their Defense stat."
39,crystal,Lowers the foe's DEFENSE.
39,diamond-pearl,"The user wags its tail cutely, making the foe less wary. The target’s Defense stat is lowered."
39,emerald,Wags the tail to lower the foe’s DEFENSE.
39,firered-leafgreen,"The user wags its tail cutely, making the foe lower its DEFENSE stat."
39,gold-silver,Lowers the foe's DEFENSE.
39,heartgold-soulsilver,"The user wags its tail cutely, making the foe less wary. The target’s Defense stat is lowered."
39,lets-go-pikachu-lets-go-eevee,"The user wags its tail cutely, making opposing Pokémon less wary and lowering their Defense stat."
39,omega-ruby-alpha-sapphire,"The user wags its tail cutely, making opposing Pokémon less wary and lowering their Defense stat."
39,platinum,"The user wags its tail cutely, making the foe less wary. The target’s Defense stat is lowered."
39,ruby-sapphire,Wags the tail to lower the foe’s DEFENSE.
39,sun-moon,"The user wags its tail cutely, making opposing Pokémon less wary and lowering their Defense stat."
39,sword-shield,"The user wags its tail cutely, making opposing Pokémon less wary and lowering their Defense stats."
39,ultra-sun-ultra-moon,"The user wags its tail cutely, making opposing Pokémon less wary and lowering their Defense stat."
39,x-y,"The user wags its tail cutely, making opposing Pokémon less wary and lowering their Defense stat."
40,black-2-white-2,The user stabs the target with a poisonous stinger. This may also poison the target.
40,black-white,The user stabs the target with a poisonous stinger. This may also poison the target.
40,crystal,An attack that may poison the target.
40,diamond-pearl,The foe is stabbed with a poisonous barb of some sort. It may also poison the target.
40,emerald,"A toxic attack with barbs, etc., that may poison."
40,firered-leafgreen,"The foe is stabbed with a toxic barb, etc. It may poison the foe."
40,gold-silver,An attack that may poison the target.
40,heartgold-soulsilver,The foe is stabbed with a poisonous barb of some sort. It may also poison the target.
40,lets-go-pikachu-lets-go-eevee,The user stabs the target with a poisonous stinger. This may also poison the target.
40,omega-ruby-alpha-sapphire,The user stabs the target with a poisonous stinger. This may also poison the target.
40,platinum,The foe is stabbed with a poisonous barb of some sort. It may also poison the target.
40,ruby-sapphire,"A toxic attack with barbs, etc., that may poison."
40,sun-moon,The user stabs the target with a poisonous stinger. This may also poison the target.
40,sword-shield,The user stabs the target with a poisonous stinger. This may also poison the target.
40,ultra-sun-ultra-moon,The user stabs the target with a poisonous stinger. This may also poison the target.
40,x-y,The user stabs the target with a poisonous stinger. This may also poison the target.
41,black-2-white-2,The user damages the target twice in succession by jabbing it with two spikes. It may also poison the target.
41,black-white,The user damages the target twice in succession by jabbing it with two spikes. It may also poison the target.
41,crystal,Jabs the foe twice using stingers.
41,diamond-pearl,The foe is stabbed twice by a pair of stingers. It may also poison the target.
41,emerald,Stingers on the forelegs jab the foe twice.
41,firered-leafgreen,The foe is stabbed twice with foreleg stingers. It may poison the foe.
41,gold-silver,Jabs the foe twice using stingers.
41,heartgold-soulsilver,The foe is stabbed twice by a pair of stingers. It may also poison the target.
41,lets-go-pikachu-lets-go-eevee,The user damages the target twice in succession by jabbing it with two spikes. This may also poison the target.
41,omega-ruby-alpha-sapphire,The user damages the target twice in succession by jabbing it with two spikes. This may also poison the target.
41,platinum,The foe is stabbed twice by a pair of stingers. It may also poison the target.
41,ruby-sapphire,Stingers on the forelegs jab the foe twice.
41,sun-moon,The user damages the target twice in succession by jabbing it with two spikes. This may also poison the target.
41,sword-shield,"This move can’t be used. It’s recommended that this move is forgotten. Once forgotten, this move can’t be remembered."
41,ultra-sun-ultra-moon,The user damages the target twice in succession by jabbing it with two spikes. This may also poison the target.
41,x-y,The user damages the target twice in succession by jabbing it with two spikes. This may also poison the target.
42,black-2-white-2,Sharp spikes are shot at the target in rapid succession. They hit two to five times in a row.
42,black-white,Sharp spikes are shot at the target in rapid succession. They hit two to five times in a row.
42,crystal,Fires pins that strike 2-5 times.
42,diamond-pearl,Sharp pins are shot at the foe in rapid succession. They hit two to five times in a row.
42,emerald,Sharp pins are fired to strike 2 to 5 times.
42,firered-leafgreen,Sharp pins are shot at the foe and hit two to five times at once.
42,gold-silver,Fires pins that strike 2-5 times.
42,heartgold-soulsilver,Sharp pins are shot at the foe in rapid succession. They hit two to five times in a row.
42,lets-go-pikachu-lets-go-eevee,Sharp spikes are shot at the target in rapid succession. They hit two to five times in a row.
42,omega-ruby-alpha-sapphire,Sharp spikes are shot at the target in rapid succession. They hit two to five times in a row.
42,platinum,Sharp pins are shot at the foe in rapid succession. They hit two to five times in a row.
42,ruby-sapphire,Sharp pins are fired to strike 2 to 5 times.
42,sun-moon,Sharp spikes are shot at the target in rapid succession. They hit two to five times in a row.
42,sword-shield,Sharp spikes are shot at the target in rapid succession. They hit two to five times in a row.
42,ultra-sun-ultra-moon,Sharp spikes are shot at the target in rapid succession. They hit two to five times in a row.
42,x-y,Sharp spikes are shot at the target in rapid succession. They hit two to five times in a row.
43,black-2-white-2,The user gains an intimidating leer with sharp eyes. The opposing team’s Defense stats are reduced.
43,black-white,The opposing team gains an intimidating leer with sharp eyes. The opposing team’s Defense stats are reduced.
43,crystal,Reduces the foe's DEFENSE.
43,diamond-pearl,The foe is given an intimidating leer with sharp eyes. The target’s Defense stat is reduced.
43,emerald,Frightens the foe with a leer to lower DEFENSE.
43,firered-leafgreen,The foe is given an intimidating look that lowers its DEFENSE stat.
43,gold-silver,Reduces the foe's DEFENSE.
43,heartgold-soulsilver,The foe is given an intimidating leer with sharp eyes. The target’s Defense stat is reduced.
43,lets-go-pikachu-lets-go-eevee,The user gives opposing Pokémon an intimidating leer that lowers the Defense stat.
43,omega-ruby-alpha-sapphire,The user gives opposing Pokémon an intimidating leer that lowers the Defense stat.
43,platinum,The foe is given an intimidating leer with sharp eyes. The target’s Defense stat is reduced.
43,ruby-sapphire,Frightens the foe with a leer to lower DEFENSE.
43,sun-moon,The user gives opposing Pokémon an intimidating leer that lowers the Defense stat.
43,sword-shield,The user gives opposing Pokémon an intimidating leer that lowers the Defense stat.
43,ultra-sun-ultra-moon,The user gives opposing Pokémon an intimidating leer that lowers the Defense stat.
43,x-y,The user gives opposing Pokémon an intimidating leer that lowers the Defense stat.
44,black-2-white-2,The target is bitten with viciously sharp fangs. It may make the target flinch.
44,black-white,The target is bitten with viciously sharp fangs. It may make the target flinch.
44,crystal,An attack that may cause flinching.
44,diamond-pearl,The foe is bitten with viciously sharp fangs. It may make the target flinch.
44,emerald,Bites with vicious fangs. May cause flinching.
44,firered-leafgreen,The user bites with vicious fangs. It may make the foe flinch.
44,gold-silver,An attack that may cause flinching.
44,heartgold-soulsilver,The foe is bitten with viciously sharp fangs. It may make the target flinch.
44,lets-go-pikachu-lets-go-eevee,The target is bitten with viciously sharp fangs. This may also make the target flinch.
44,omega-ruby-alpha-sapphire,The target is bitten with viciously sharp fangs. This may also make the target flinch.
44,platinum,The foe is bitten with viciously sharp fangs. It may make the target flinch.
44,ruby-sapphire,Bites with vicious fangs. May cause flinching.
44,sun-moon,The target is bitten with viciously sharp fangs. This may also make the target flinch.
44,sword-shield,The target is bitten with viciously sharp fangs. This may also make the target flinch.
44,ultra-sun-ultra-moon,The target is bitten with viciously sharp fangs. This may also make the target flinch.
44,x-y,The target is bitten with viciously sharp fangs. This may also make the target flinch.
45,black-2-white-2,"The user growls in an endearing way, making the opposing team less wary. The foes’ Attack stats are lowered."
45,black-white,"The user growls in an endearing way, making the opposing team less wary. The foes’ Attack stats are lowered."
45,crystal,Reduces the foe's ATTACK.
45,diamond-pearl,"The user growls in an endearing way, making the foe less wary. The target’s Attack stat is lowered."
45,emerald,Growls cutely to reduce the foe’s ATTACK.
45,firered-leafgreen,"The user growls in a cute way, making the foe lower its ATTACK stat."
45,gold-silver,Reduces the foe's ATTACK.
45,heartgold-soulsilver,"The user growls in an endearing way, making the foe less wary. The target’s Attack stat is lowered."
45,lets-go-pikachu-lets-go-eevee,"The user growls in an endearing way, making opposing Pokémon less wary. This lowers their Attack stat."
45,omega-ruby-alpha-sapphire,"The user growls in an endearing way, making opposing Pokémon less wary. This lowers their Attack stats."
45,platinum,"The user growls in an endearing way, making the foe less wary. The target’s Attack stat is lowered."
45,ruby-sapphire,Growls cutely to reduce the foe’s ATTACK.
45,sun-moon,"The user growls in an endearing way, making opposing Pokémon less wary. This lowers their Attack stat."
45,sword-shield,"The user growls in an endearing way, making opposing Pokémon less wary. This lowers their Attack stats."
45,ultra-sun-ultra-moon,"The user growls in an endearing way, making opposing Pokémon less wary. This lowers their Attack stat."
45,x-y,"The user growls in an endearing way, making opposing Pokémon less wary. This lowers their Attack stats."
46,black-2-white-2,"The target is scared off and switched. In the wild, a battle against a single Pokémon ends."
46,black-white,"The target is scared off and replaced by another Pokémon in its party. In the wild, the battle ends."
46,crystal,Scares wild foes to end battle.
46,diamond-pearl,"The foe is scared off, to be replaced by another Pokémon in its party. In the wild, the battle ends."
46,emerald,Makes the foe flee to end the battle.
46,firered-leafgreen,"The foe is made to switch out with an ally. In the wild, the battle ends."
46,gold-silver,Scares wild foes to end battle.
46,heartgold-soulsilver,"The foe is scared off, to be replaced by another Pokémon in its party. In the wild, the battle ends."
46,lets-go-pikachu-lets-go-eevee,"The target is scared off, and a different Pokémon is dragged out."
46,omega-ruby-alpha-sapphire,"The target is scared off, and a different Pokémon is dragged out. In the wild, this ends a battle against a single Pokémon."
46,platinum,"The foe is scared off, to be replaced by another Pokémon in its party. In the wild, the battle ends."
46,ruby-sapphire,Makes the foe flee to end the battle.
46,sun-moon,"The target is scared off, and a different Pokémon is dragged out. In the wild, this ends a battle against a single Pokémon."
46,sword-shield,"The target is scared off, and a different Pokémon is dragged out. In the wild, this ends a battle against a single Pokémon."
46,ultra-sun-ultra-moon,"The target is scared off, and a different Pokémon is dragged out. In the wild, this ends a battle against a single Pokémon."
46,x-y,"The target is scared off, and a different Pokémon is dragged out. In the wild, this ends a battle against a single Pokémon."
47,black-2-white-2,A soothing lullaby is sung in a calming voice that puts the target into a deep slumber.
47,black-white,A soothing lullaby is sung in a calming voice that puts the target into a deep slumber.
47,crystal,May cause the foe to fall asleep.
47,diamond-pearl,A soothing lullaby is sung in a calming voice that puts the foe into a deep slumber.
47,emerald,A soothing song lulls the foe into a deep slumber.
47,firered-leafgreen,A soothing song in a calming voice lulls the foe into a deep slumber.
47,gold-silver,May cause the foe to fall asleep.
47,heartgold-soulsilver,A soothing lullaby is sung in a calming voice that puts the foe into a deep slumber.
47,lets-go-pikachu-lets-go-eevee,A soothing lullaby is sung in a calming voice that puts the target into a deep slumber.
47,omega-ruby-alpha-sapphire,A soothing lullaby is sung in a calming voice that puts the target into a deep slumber.
47,platinum,A soothing lullaby is sung in a calming voice that puts the foe into a deep slumber.
47,ruby-sapphire,A soothing song lulls the foe into a deep slumber.
47,sun-moon,A soothing lullaby is sung in a calming voice that puts the target into a deep slumber.
47,sword-shield,A soothing lullaby is sung in a calming voice that puts the target into a deep slumber.
47,ultra-sun-ultra-moon,A soothing lullaby is sung in a calming voice that puts the target into a deep slumber.
47,x-y,A soothing lullaby is sung in a calming voice that puts the target into a deep slumber.
48,black-2-white-2,The user generates odd sound waves from its body. It may confuse the target.
48,black-white,The user generates odd sound waves from its body. It may confuse the target.
48,crystal,Sound waves that cause confusion.
48,diamond-pearl,The user generates odd sound waves from its body. It may confuse the target.
48,emerald,Emits bizarre sound waves that may confuse the foe.
48,firered-leafgreen,The user generates odd sound waves. It may confuse the foe.
48,gold-silver,Sound waves that cause confusion.
48,heartgold-soulsilver,The user generates odd sound waves from its body. It may confuse the target.
48,lets-go-pikachu-lets-go-eevee,The user generates odd sound waves from its body that confuse the target.
48,omega-ruby-alpha-sapphire,The user generates odd sound waves from its body that confuse the target.
48,platinum,The user generates odd sound waves from its body. It may confuse the target.
48,ruby-sapphire,Emits bizarre sound waves that may confuse the foe.
48,sun-moon,The user generates odd sound waves from its body that confuse the target.
48,sword-shield,The user generates odd sound waves from its body that confuse the target.
48,ultra-sun-ultra-moon,The user generates odd sound waves from its body that confuse the target.
48,x-y,The user generates odd sound waves from its body that confuse the target.
49,black-2-white-2,The target is hit with a destructive shock wave that always inflicts 20 HP damage.
49,black-white,The target is hit with a destructive shock wave that always inflicts 20 HP damage.
49,crystal,Always inflicts 20HP damage.
49,diamond-pearl,The foe is hit with a destructive shock wave that always inflicts 20 HP damage.
49,emerald,Launches shock waves that always inflict 20 HP damage.
49,firered-leafgreen,The foe is hit with a shock wave that always inflicts 20- HP damage.
49,gold-silver,Always inflicts 20HP damage.
49,heartgold-soulsilver,The foe is hit with a destructive shock wave that always inflicts 20 HP damage.
49,lets-go-pikachu-lets-go-eevee,The target is hit with a destructive shock wave that always inflicts 20 HP damage.
49,omega-ruby-alpha-sapphire,The target is hit with a destructive shock wave that always inflicts 20 HP damage.
49,platinum,The foe is hit with a destructive shock wave that always inflicts 20 HP damage.
49,ruby-sapphire,Launches shock waves that always inflict 20 HP damage.
49,sun-moon,The target is hit with a destructive shock wave that always inflicts 20 HP damage.
49,sword-shield,"This move can’t be used. It’s recommended that this move is forgotten. Once forgotten, this move can’t be remembered."
49,ultra-sun-ultra-moon,The target is hit with a destructive shock wave that always inflicts 20 HP damage.
49,x-y,The target is hit with a destructive shock wave that always inflicts 20 HP damage.
50,black-2-white-2,"For four turns, this move prevents the target from using the move it last used."
50,black-white,"For four turns, this move prevents the target from using the move it last used."
50,crystal,Disables the foe's most recent move.
50,diamond-pearl,"For several turns, this move prevents the foe from using the move it last used."
50,emerald,Psychically disables one of the foe’s moves.
50,firered-leafgreen,"For a few turns, it prevents the foe from using the move it last used."
50,gold-silver,Disables the foe's most recent move.
50,heartgold-soulsilver,"For several turns, this move prevents the foe from using the move it last used."
50,lets-go-pikachu-lets-go-eevee,"For four turns, this move prevents the target from using the move it last used."
50,omega-ruby-alpha-sapphire,"For four turns, this move prevents the target from using the move it last used."
50,platinum,"For several turns, this move prevents the foe from using the move it last used."
50,ruby-sapphire,Psychically disables one of the foe’s moves.
50,sun-moon,"For four turns, this move prevents the target from using the move it last used."
50,sword-shield,"For four turns, this move prevents the target from using the move it last used."
50,ultra-sun-ultra-moon,"For four turns, this move prevents the target from using the move it last used."
50,x-y,"For four turns, this move prevents the target from using the move it last used."
51,black-2-white-2,The opposing team is attacked with a spray of harsh acid. The acid may also lower the targets’ Sp. Def stats.
51,black-white,The opposing team is attacked with a spray of harsh acid. The acid may also lower the targets’ Sp. Def stats.
51,crystal,An attack that may lower DEFENSE.
51,diamond-pearl,The foe is attacked with a spray of harsh acid. It may also lower the target’s Sp. Def stat.
51,emerald,Sprays a hide-melting acid. May lower DEFENSE.
51,firered-leafgreen,"The foe is sprayed with a harsh, hide- melting acid that may lower DEFENSE."
51,gold-silver,An attack that may lower DEFENSE.
51,heartgold-soulsilver,The foe is attacked with a spray of harsh acid. It may also lower the target’s Sp. Def stat.
51,lets-go-pikachu-lets-go-eevee,The opposing Pokémon are attacked with a spray of harsh acid. This may also lower their Sp. Def stat.
51,omega-ruby-alpha-sapphire,The opposing Pokémon are attacked with a spray of harsh acid. This may also lower their Sp. Def stats.
51,platinum,The foe is attacked with a spray of harsh acid. It may also lower the target’s Sp. Def stat.
51,ruby-sapphire,Sprays a hide-melting acid. May lower DEFENSE.
51,sun-moon,The opposing Pokémon are attacked with a spray of harsh acid. This may also lower their Sp. Def stat.
51,sword-shield,Opposing Pokémon are attacked with a spray of harsh acid. This may also lower their Sp. Def stats.
51,ultra-sun-ultra-moon,The opposing Pokémon are attacked with a spray of harsh acid. This may also lower their Sp. Def stat.
51,x-y,The opposing Pokémon are attacked with a spray of harsh acid. This may also lower their Sp. Def stats.
52,black-2-white-2,The target is attacked with small flames. It may also leave the target with a burn.
52,black-white,The target is attacked with small flames. It may also leave the target with a burn.
52,crystal,An attack that may inflict a burn.
52,diamond-pearl,The foe is attacked with small flames. The target may also be left with a burn.
52,emerald,A weak fire attack that may inflict a burn.
52,firered-leafgreen,The foe is attacked with small flames. The foe may suffer a burn.
52,gold-silver,An attack that may inflict a burn.
52,heartgold-soulsilver,The foe is attacked with small flames. The target may also be left with a burn.
52,lets-go-pikachu-lets-go-eevee,The target is attacked with small flames. This may also leave the target with a burn.
52,omega-ruby-alpha-sapphire,The target is attacked with small flames. This may also leave the target with a burn.
52,platinum,The foe is attacked with small flames. The target may also be left with a burn.
52,ruby-sapphire,A weak fire attack that may inflict a burn.
52,sun-moon,The target is attacked with small flames. This may also leave the target with a burn.
52,sword-shield,The target is attacked with small flames. This may also leave the target with a burn.
52,ultra-sun-ultra-moon,The target is attacked with small flames. This may also leave the target with a burn.
52,x-y,The target is attacked with small flames. This may also leave the target with a burn.
53,black-2-white-2,The target is scorched with an intense blast of fire. It may also leave the target with a burn.
53,black-white,The target is scorched with an intense blast of fire. It may also leave the target with a burn.
53,crystal,An attack that may inflict a burn.
53,diamond-pearl,The foe is scorched with an intense blast of fire. The target may also be left with a burn.
53,emerald,A powerful fire attack that may inflict a burn.
53,firered-leafgreen,The foe is scorched with intense flames. The foe may suffer a burn.
53,gold-silver,An attack that may inflict a burn.
53,heartgold-soulsilver,The foe is scorched with an intense blast of fire. The target may also be left with a burn.
53,lets-go-pikachu-lets-go-eevee,The target is scorched with an intense blast of fire. This may also leave the target with a burn.
53,omega-ruby-alpha-sapphire,The target is scorched with an intense blast of fire. This may also leave the target with a burn.
53,platinum,The foe is scorched with an intense blast of fire. The target may also be left with a burn.
53,ruby-sapphire,A powerful fire attack that may inflict a burn.
53,sun-moon,The target is scorched with an intense blast of fire. This may also leave the target with a burn.
53,sword-shield,The target is scorched with an intense blast of fire. This may also leave the target with a burn.
53,ultra-sun-ultra-moon,The target is scorched with an intense blast of fire. This may also leave the target with a burn.
53,x-y,The target is scorched with an intense blast of fire. This may also leave the target with a burn.
54,black-2-white-2,The user cloaks its body with a white mist that prevents any of its stats from being cut for five turns.
54,black-white,The user cloaks its body with a white mist that prevents any of its stats from being cut for five turns.
54,crystal,Prevents stat reduction.
54,diamond-pearl,The user cloaks its body with a white mist that prevents any of its stats from being cut for five turns.
54,emerald,Creates a mist that stops reduction of abilities.
54,firered-leafgreen,The ally party is protected by a mist that prevents stat reductions.
54,gold-silver,Prevents stat reduction.
54,heartgold-soulsilver,The user cloaks its body with a white mist that prevents any of its stats from being cut for five turns.
54,lets-go-pikachu-lets-go-eevee,The user cloaks itself and its allies in a white mist that prevents any of their stats from being lowered for five turns.
54,omega-ruby-alpha-sapphire,The user cloaks itself and its allies in a white mist that prevents any of their stats from being lowered for five turns.
54,platinum,The user cloaks its body with a white mist that prevents any of its stats from being cut for five turns.
54,ruby-sapphire,Creates a mist that stops reduction of abilities.
54,sun-moon,The user cloaks itself and its allies in a white mist that prevents any of their stats from being lowered for five turns.
54,sword-shield,The user cloaks itself and its allies in a white mist that prevents any of their stats from being lowered for five turns.
54,ultra-sun-ultra-moon,The user cloaks itself and its allies in a white mist that prevents any of their stats from being lowered for five turns.
54,x-y,The user cloaks itself and its allies in a white mist that prevents any of their stats from being lowered for five turns.
55,black-2-white-2,The target is blasted with a forceful shot of water.
55,black-white,The target is blasted with a forceful shot of water.
55,crystal,Squirts water to attack.
55,diamond-pearl,The foe is blasted with a forceful shot of water.
55,emerald,Squirts water to attack the foe.
55,firered-leafgreen,The foe is struck with a lot of water expelled forcibly from the mouth.
55,gold-silver,Squirts water to attack.
55,heartgold-soulsilver,The foe is blasted with a forceful shot of water.
55,lets-go-pikachu-lets-go-eevee,The target is blasted with a forceful shot of water.
55,omega-ruby-alpha-sapphire,The target is blasted with a forceful shot of water.
55,platinum,The foe is blasted with a forceful shot of water.
55,ruby-sapphire,Squirts water to attack the foe.
55,sun-moon,The target is blasted with a forceful shot of water.
55,sword-shield,The target is blasted with a forceful shot of water.
55,ultra-sun-ultra-moon,The target is blasted with a forceful shot of water.
55,x-y,The target is blasted with a forceful shot of water.
56,black-2-white-2,The target is blasted by a huge volume of water launched under great pressure.
56,black-white,The target is blasted by a huge volume of water launched under great pressure.
56,crystal,A powerful water- type attack.
56,diamond-pearl,The foe is blasted by a huge volume of water launched under great pressure.
56,emerald,Blasts water at high power to strike the foe.
56,firered-leafgreen,A high volume of water is blasted at the foe under great pressure.
56,gold-silver,A powerful water- type attack.
56,heartgold-soulsilver,The foe is blasted by a huge volume of water launched under great pressure.
56,lets-go-pikachu-lets-go-eevee,The target is blasted by a huge volume of water launched under great pressure.
56,omega-ruby-alpha-sapphire,The target is blasted by a huge volume of water launched under great pressure.
56,platinum,The foe is blasted by a huge volume of water launched under great pressure.
56,ruby-sapphire,Blasts water at high power to strike the foe.
56,sun-moon,The target is blasted by a huge volume of water launched under great pressure.
56,sword-shield,The target is blasted by a huge volume of water launched under great pressure.
56,ultra-sun-ultra-moon,The target is blasted by a huge volume of water launched under great pressure.
56,x-y,The target is blasted by a huge volume of water launched under great pressure.
57,black-2-white-2,It swamps the area around the user with a giant wave. It can also be used for crossing water.
57,black-white,It swamps the area around the user with a giant wave. It can also be used for crossing water.
57,crystal,A strong water- type attack.
57,diamond-pearl,It swamps the entire battlefield with a giant wave. It can also be used for crossing water.
57,emerald,"Creates a huge wave, then crashes it down on the foe."
57,firered-leafgreen,A big wave crashes down on the foe. Can also be used for crossing water.
57,gold-silver,A strong water- type attack.
57,heartgold-soulsilver,It swamps the entire battlefield with a giant wave. It can also be used for crossing water.
57,lets-go-pikachu-lets-go-eevee,The user attacks everything around it by swamping its surroundings with a giant wave.
57,omega-ruby-alpha-sapphire,The user attacks everything around it by swamping its surroundings with a giant wave. This can also be used for crossing water.
57,platinum,It swamps the entire battlefield with a giant wave. It can also be used for crossing water.
57,ruby-sapphire,"Creates a huge wave, then crashes it down on the foe."
57,sun-moon,The user attacks everything around it by swamping its surroundings with a giant wave.
57,sword-shield,The user attacks everything around it by swamping its surroundings with a giant wave.
57,ultra-sun-ultra-moon,The user attacks everything around it by swamping its surroundings with a giant wave.
57,x-y,The user attacks everything around it by swamping its surroundings with a giant wave. This can also be used for crossing water.
58,black-2-white-2,The target is struck with an icy-cold beam of energy. It may also freeze the target solid.
58,black-white,The target is struck with an icy-cold beam of energy. It may also freeze the target solid.
58,crystal,An attack that may freeze the foe.
58,diamond-pearl,The foe is struck with an icy-cold beam of energy. It may also freeze the target solid.
58,emerald,Blasts the foe with an icy beam that may freeze it.
58,firered-leafgreen,The foe is struck with an icy beam. It may freeze the foe solid.
58,gold-silver,An attack that may freeze the foe.
58,heartgold-soulsilver,The foe is struck with an icy-cold beam of energy. It may also freeze the target solid.
58,lets-go-pikachu-lets-go-eevee,The target is struck with an icy-cold beam of energy. This may also leave the target frozen.
58,omega-ruby-alpha-sapphire,The target is struck with an icy-cold beam of energy. This may also leave the target frozen.
58,platinum,The foe is struck with an icy-cold beam of energy. It may also freeze the target solid.
58,ruby-sapphire,Blasts the foe with an icy beam that may freeze it.
58,sun-moon,The target is struck with an icy-cold beam of energy. This may also leave the target frozen.
58,sword-shield,The target is struck with an icy-cold beam of energy. This may also leave the target frozen.
58,ultra-sun-ultra-moon,The target is struck with an icy-cold beam of energy. This may also leave the target frozen.
58,x-y,The target is struck with an icy-cold beam of energy. This may also leave the target frozen.
59,black-2-white-2,A howling blizzard is summoned to strike the opposing team. It may also freeze them solid.
59,black-white,A howling blizzard is summoned to strike the opposing team. It may also freeze them solid.
59,crystal,An attack that may freeze the foe.
59,diamond-pearl,A howling blizzard is summoned to strike the foe. It may also freeze the target solid.
59,emerald,Hits the foe with an icy storm that may freeze it.
59,firered-leafgreen,The foe is blasted with a blizzard. It may freeze the foe solid.
59,gold-silver,An attack that may freeze the foe.
59,heartgold-soulsilver,A howling blizzard is summoned to strike the foe. It may also freeze the target solid.
59,lets-go-pikachu-lets-go-eevee,A howling blizzard is summoned to strike opposing Pokémon. This may also leave the opposing Pokémon frozen.
59,omega-ruby-alpha-sapphire,A howling blizzard is summoned to strike opposing Pokémon. This may also leave the opposing Pokémon frozen.
59,platinum,A howling blizzard is summoned to strike the foe. It may also freeze the target solid.
59,ruby-sapphire,Hits the foe with an icy storm that may freeze it.
59,sun-moon,A howling blizzard is summoned to strike opposing Pokémon. This may also leave the opposing Pokémon frozen.
59,sword-shield,A howling blizzard is summoned to strike opposing Pokémon. This may also leave the opposing Pokémon frozen.
59,ultra-sun-ultra-moon,A howling blizzard is summoned to strike opposing Pokémon. This may also leave the opposing Pokémon frozen.
59,x-y,A howling blizzard is summoned to strike opposing Pokémon. This may also leave the opposing Pokémon frozen.
60,black-2-white-2,The target is attacked with a peculiar ray. It may also cause confusion.
60,black-white,The target is attacked with a peculiar ray. It may also cause confusion.
60,crystal,An attack that may confuse the foe.
60,diamond-pearl,The foe is attacked with a peculiar ray. It may also leave the target confused.
60,emerald,Fires a peculiar ray that may confuse the foe.
60,firered-leafgreen,A peculiar ray is shot at the foe. It may leave the foe confused.
60,gold-silver,An attack that may confuse the foe.
60,heartgold-soulsilver,The foe is attacked with a peculiar ray. It may also leave the target confused.
60,lets-go-pikachu-lets-go-eevee,The target is attacked with a peculiar ray. This may also leave the target confused.
60,omega-ruby-alpha-sapphire,The target is attacked with a peculiar ray. This may also leave the target confused.
60,platinum,The foe is attacked with a peculiar ray. It may also leave the target confused.
60,ruby-sapphire,Fires a peculiar ray that may confuse the foe.
60,sun-moon,The target is attacked with a peculiar ray. This may also leave the target confused.
60,sword-shield,The target is attacked with a peculiar ray. This may also leave the target confused.
60,ultra-sun-ultra-moon,The target is attacked with a peculiar ray. This may also leave the target confused.
60,x-y,The target is attacked with a peculiar ray. This may also leave the target confused.
61,black-2-white-2,A spray of bubbles is forcefully ejected at the opposing team. It may also lower their Speed stats.
61,black-white,A spray of bubbles is forcefully ejected at the opposing team. It may also lower their Speed stats.
61,crystal,An attack that may lower SPEED.
61,diamond-pearl,A spray of bubbles is forcefully ejected at the foe. It may also lower the target’s Speed stat.
61,emerald,Forcefully sprays bubbles that may lower SPEED.
61,firered-leafgreen,A spray of bubbles strikes the foe. It may lower the foe’s SPEED stat.
61,gold-silver,An attack that may lower SPEED.
61,heartgold-soulsilver,A spray of bubbles is forcefully ejected at the foe. It may also lower the target’s Speed stat.
61,lets-go-pikachu-lets-go-eevee,A spray of bubbles is forcefully ejected at the target. This may also lower its Speed stat.
61,omega-ruby-alpha-sapphire,A spray of bubbles is forcefully ejected at the target. This may also lower its Speed stat.
61,platinum,A spray of bubbles is forcefully ejected at the foe. It may also lower the target’s Speed stat.
61,ruby-sapphire,Forcefully sprays bubbles that may lower SPEED.
61,sun-moon,A spray of bubbles is forcefully ejected at the target. This may also lower its Speed stat.
61,sword-shield,A spray of bubbles is forcefully ejected at the target. This may also lower the target’s Speed stat.
61,ultra-sun-ultra-moon,A spray of bubbles is forcefully ejected at the target. This may also lower its Speed stat.
61,x-y,A spray of bubbles is forcefully ejected at the target. This may also lower its Speed stat.
62,black-2-white-2,The target is hit with a rainbow-colored beam. This may also lower the target’s Attack stat.
62,black-white,The target is hit with a rainbow-colored beam. This may also lower the target’s Attack stat.
62,crystal,An attack that may lower ATTACK.
62,diamond-pearl,The foe is hit with a rainbow-colored beam. It may also lower the target’s Attack stat.
62,emerald,Fires a rainbow-colored beam that may lower ATTACK.
62,firered-leafgreen,A rainbow-colored attack beam. It may lower the foe’s ATTACK stat.
62,gold-silver,An attack that may lower ATTACK.
62,heartgold-soulsilver,The foe is hit with a rainbow-colored beam. It may also lower the target’s Attack stat.
62,lets-go-pikachu-lets-go-eevee,The target is hit with a rainbow-colored beam. This may also lower the target’s Attack stat.
62,omega-ruby-alpha-sapphire,The target is hit with a rainbow-colored beam. This may also lower the target’s Attack stat.
62,platinum,The foe is hit with a rainbow-colored beam. It may also lower the target’s Attack stat.
62,ruby-sapphire,Fires a rainbow-colored beam that may lower ATTACK.
62,sun-moon,The target is hit with a rainbow-colored beam. This may also lower the target’s Attack stat.
62,sword-shield,The target is hit with a rainbow-colored beam. This may also lower the target’s Attack stat.
62,ultra-sun-ultra-moon,The target is hit with a rainbow-colored beam. This may also lower the target’s Attack stat.
62,x-y,The target is hit with a rainbow-colored beam. This may also lower the target’s Attack stat.
63,black-2-white-2,The target is attacked with a powerful beam. The user must rest on the next turn to regain its energy.
63,black-white,The target is attacked with a powerful beam. The user must rest on the next turn to regain its energy.
63,crystal,1st turn: Attack 2nd turn: Rest
63,diamond-pearl,The foe is attacked with a powerful beam. The user must rest on the next turn to regain its energy.
63,emerald,"Powerful, but leaves the user immobile the next turn."
63,firered-leafgreen,A severely damaging attack that makes the user rest on the next turn.
63,gold-silver,1st turn: Attack 2nd turn: Rest
63,heartgold-soulsilver,The foe is attacked with a powerful beam. The user must rest on the next turn to regain its energy.
63,lets-go-pikachu-lets-go-eevee,The target is attacked with a powerful beam. The user can’t move on the next turn.
63,omega-ruby-alpha-sapphire,The target is attacked with a powerful beam. The user can’t move on the next turn.
63,platinum,The foe is attacked with a powerful beam. The user must rest on the next turn to regain its energy.
63,ruby-sapphire,"Powerful, but leaves the user immobile the next turn."
63,sun-moon,The target is attacked with a powerful beam. The user can’t move on the next turn.
63,sword-shield,The target is attacked with a powerful beam. The user can’t move on the next turn.
63,ultra-sun-ultra-moon,The target is attacked with a powerful beam. The user can’t move on the next turn.
63,x-y,The target is attacked with a powerful beam. The user can’t move on the next turn.
64,black-2-white-2,The target is jabbed with a sharply pointed beak or horn.
64,black-white,The target is jabbed with a sharply pointed beak or horn.
64,crystal,"Jabs the foe with a beak, etc."
64,diamond-pearl,The foe is jabbed with a sharply pointed beak or horn.
64,emerald,"Attacks the foe with a jabbing beak, etc."
64,firered-leafgreen,The foe is jabbed with a sharply pointed beak or horn.
64,gold-silver,"Jabs the foe with a beak, etc."
64,heartgold-soulsilver,The foe is jabbed with a sharply pointed beak or horn.
64,lets-go-pikachu-lets-go-eevee,The target is jabbed with a sharply pointed beak or horn.
64,omega-ruby-alpha-sapphire,The target is jabbed with a sharply pointed beak or horn.
64,platinum,The foe is jabbed with a sharply pointed beak or horn.
64,ruby-sapphire,"Attacks the foe with a jabbing beak, etc."
64,sun-moon,The target is jabbed with a sharply pointed beak or horn.
64,sword-shield,The target is jabbed with a sharply pointed beak or horn.
64,ultra-sun-ultra-moon,The target is jabbed with a sharply pointed beak or horn.
64,x-y,The target is jabbed with a sharply pointed beak or horn.
65,black-2-white-2,A corkscrewing attack with the sharp beak acting as a drill.
65,black-white,A corkscrewing attack with the sharp beak acting as a drill.
65,crystal,"A strong, spinning-peck attack."
65,diamond-pearl,A corkscrewing attack with the sharp beak acting as a drill.
65,emerald,A corkscrewing attack with the beak acting as a drill.
65,firered-leafgreen,A corkscrewing attack with the sharp beak acting as a drill.
65,gold-silver,"A strong, spinning-peck attack."
65,heartgold-soulsilver,A corkscrewing attack with the sharp beak acting as a drill.
65,lets-go-pikachu-lets-go-eevee,A corkscrewing attack with a sharp beak acting as a drill.
65,omega-ruby-alpha-sapphire,A corkscrewing attack with a sharp beak acting as a drill.
65,platinum,A corkscrewing attack with the sharp beak acting as a drill.
65,ruby-sapphire,A corkscrewing attack with the beak acting as a drill.
65,sun-moon,A corkscrewing attack with a sharp beak acting as a drill.
65,sword-shield,A corkscrewing attack that strikes the target with a sharp beak acting as a drill.
65,ultra-sun-ultra-moon,A corkscrewing attack with a sharp beak acting as a drill.
65,x-y,A corkscrewing attack with a sharp beak acting as a drill.
66,black-2-white-2,The user grabs the target and recklessly dives for the ground. It also hurts the user slightly.
66,black-white,The user grabs the target and recklessly dives for the ground. It also hurts the user slightly.
66,crystal,An attack that also hurts the user.
66,diamond-pearl,The user grabs the foe and recklessly dives for the ground. It also hurts the user slightly.
66,emerald,A reckless body slam that also hurts the user.
66,firered-leafgreen,"A reckless, full- body throw attack that also hurts the user a little."
66,gold-silver,An attack that also hurts the user.
66,heartgold-soulsilver,The user grabs the foe and recklessly dives for the ground. It also hurts the user slightly.
66,lets-go-pikachu-lets-go-eevee,The user grabs the target and recklessly dives for the ground. This also damages the user a little.
66,omega-ruby-alpha-sapphire,The user grabs the target and recklessly dives for the ground. This also damages the user a little.
66,platinum,The user grabs the foe and recklessly dives for the ground. It also hurts the user slightly.
66,ruby-sapphire,A reckless body slam that also hurts the user.
66,sun-moon,The user grabs the target and recklessly dives for the ground. This also damages the user a little.
66,sword-shield,The user grabs the target and recklessly dives for the ground. This also damages the user a little.
66,ultra-sun-ultra-moon,The user grabs the target and recklessly dives for the ground. This also damages the user a little.
66,x-y,The user grabs the target and recklessly dives for the ground. This also damages the user a little.
67,black-2-white-2,A powerful low kick that makes the target fall over. It inflicts greater damage on heavier targets.
67,black-white,A powerful low kick that makes the target fall over. It inflicts greater damage on heavier targets.
67,crystal,An attack that may cause flinching.
67,diamond-pearl,A powerful low kick that makes the foe fall over. It inflicts greater damage on heavier foes.
67,emerald,A kick that inflicts more damage on heavier foes.
67,firered-leafgreen,"A low, tripping kick that inflicts more damage on heavier foes."
67,gold-silver,An attack that may cause flinching.
67,heartgold-soulsilver,A powerful low kick that makes the foe fall over. It inflicts greater damage on heavier foes.
67,lets-go-pikachu-lets-go-eevee,"A powerful low kick that makes the target fall over. The heavier the target, the greater the move’s power."
67,omega-ruby-alpha-sapphire,"A powerful low kick that makes the target fall over. The heavier the target, the greater the move’s power."
67,platinum,A powerful low kick that makes the foe fall over. It inflicts greater damage on heavier foes.
67,ruby-sapphire,A kick that inflicts more damage on heavier foes.
67,sun-moon,"A powerful low kick that makes the target fall over. The heavier the target, the greater the move’s power."
67,sword-shield,"A powerful low kick that makes the target fall over. The heavier the target, the greater the move’s power."
67,ultra-sun-ultra-moon,"A powerful low kick that makes the target fall over. The heavier the target, the greater the move’s power."
67,x-y,"A powerful low kick that makes the target fall over. The heavier the target, the greater the move’s power."
68,black-2-white-2,"A retaliation move that counters any physical attack, inflicting double the damage taken."
68,black-white,"A retaliation move that counters any physical attack, inflicting double the damage taken."
68,crystal,Returns a physical blow double.
68,diamond-pearl,"A retaliation move that counters any physical attack, inflicting double the damage taken."
68,emerald,Retaliates any physical hit with double the power.
68,firered-leafgreen,A retaliation move that counters any physical hit with double the damage.
68,gold-silver,Returns a physical blow double.
68,heartgold-soulsilver,"A retaliation move that counters any physical attack, inflicting double the damage taken."
68,lets-go-pikachu-lets-go-eevee,"A retaliation move that counters any physical attack, inflicting double the damage taken."
68,omega-ruby-alpha-sapphire,"A retaliation move that counters any physical attack, inflicting double the damage taken."
68,platinum,"A retaliation move that counters any physical attack, inflicting double the damage taken."
68,ruby-sapphire,Retaliates any physical hit with double the power.
68,sun-moon,"A retaliation move that counters any physical attack, inflicting double the damage taken."
68,sword-shield,"A retaliation move that counters any physical attack, inflicting double the damage taken."
68,ultra-sun-ultra-moon,"A retaliation move that counters any physical attack, inflicting double the damage taken."
68,x-y,"A retaliation move that counters any physical attack, inflicting double the damage taken."
69,black-2-white-2,The target is thrown using the power of gravity. It inflicts damage equal to the user’s level.
69,black-white,The target is thrown using the power of gravity. It inflicts damage equal to the user’s level.
69,crystal,The user's level equals damage HP.
69,diamond-pearl,The foe is thrown using the power of gravity. It inflicts damage equal to the user’s level.
69,emerald,Inflicts damage identical to the user’s level.
69,firered-leafgreen,A gravity-fed throw that causes damage matching the user’s level.
69,gold-silver,The user's level equals damage HP.
69,heartgold-soulsilver,The foe is thrown using the power of gravity. It inflicts damage equal to the user’s level.
69,lets-go-pikachu-lets-go-eevee,The target is thrown using the power of gravity. It inflicts damage equal to the user’s level.
69,omega-ruby-alpha-sapphire,The target is thrown using the power of gravity. It inflicts damage equal to the user’s level.
69,platinum,The foe is thrown using the power of gravity. It inflicts damage equal to the user’s level.
69,ruby-sapphire,Inflicts damage identical to the user’s level.
69,sun-moon,The target is thrown using the power of gravity. It inflicts damage equal to the user’s level.
69,sword-shield,The target is thrown using the power of gravity. It inflicts damage equal to the user’s level.
69,ultra-sun-ultra-moon,The target is thrown using the power of gravity. It inflicts damage equal to the user’s level.
69,x-y,The target is thrown using the power of gravity. It inflicts damage equal to the user’s level.
70,black-2-white-2,The target is slugged with a punch thrown at maximum power. It can also be used to move heavy boulders.
70,black-white,The target is slugged with a punch thrown at maximum power. It can also be used to move heavy boulders.
70,crystal,A powerful physical attack.
70,diamond-pearl,The foe is slugged with a punch thrown at maximum power. It can also be used to move boulders.
70,emerald,"Builds enormous power, then slams the foe."
70,firered-leafgreen,The foe is slugged at maximum power. Can also be used to move boulders.
70,gold-silver,A powerful physical attack.
70,heartgold-soulsilver,The foe is slugged with a punch thrown at maximum power. It can also be used to move boulders.
70,lets-go-pikachu-lets-go-eevee,The target is slugged with a punch thrown at maximum power.
70,omega-ruby-alpha-sapphire,The target is slugged with a punch thrown at maximum power. This can also be used to move heavy boulders.
70,platinum,The foe is slugged with a punch thrown at maximum power. It can also be used to move boulders.
70,ruby-sapphire,"Builds enormous power, then slams the foe."
70,sun-moon,The target is slugged with a punch thrown at maximum power.
70,sword-shield,The target is slugged with a punch thrown at maximum power.
70,ultra-sun-ultra-moon,The target is slugged with a punch thrown at maximum power.
70,x-y,The target is slugged with a punch thrown at maximum power. This can also be used to move heavy boulders.
71,black-2-white-2,A nutrient-draining attack. The user’s HP is restored by half the damage taken by the target.
71,black-white,A nutrient-draining attack. The user’s HP is restored by half the damage taken by the target.
71,crystal,Steals 1/2 of the damage inflicted.
71,diamond-pearl,A nutrient-draining attack. The user’s HP is restored by half the damage taken by the target.
71,emerald,An attack that absorbs half the damage inflicted.
71,firered-leafgreen,An attack that absorbs half the damage it inflicted to restore HP.
71,gold-silver,Steals 1/2 of the damage inflicted.
71,heartgold-soulsilver,A nutrient-draining attack. The user’s HP is restored by half the damage taken by the target.
71,lets-go-pikachu-lets-go-eevee,A nutrient-draining attack. The user’s HP is restored by half the damage taken by the target.
71,omega-ruby-alpha-sapphire,A nutrient-draining attack. The user’s HP is restored by half the damage taken by the target.
71,platinum,A nutrient-draining attack. The user’s HP is restored by half the damage taken by the target.
71,ruby-sapphire,An attack that absorbs half the damage inflicted.
71,sun-moon,A nutrient-draining attack. The user’s HP is restored by half the damage taken by the target.
71,sword-shield,A nutrient-draining attack. The user’s HP is restored by half the damage taken by the target.
71,ultra-sun-ultra-moon,A nutrient-draining attack. The user’s HP is restored by half the damage taken by the target.
71,x-y,A nutrient-draining attack. The user’s HP is restored by half the damage taken by the target.
72,black-2-white-2,A nutrient-draining attack. The user’s HP is restored by half the damage taken by the target.
72,black-white,A nutrient-draining attack. The user’s HP is restored by half the damage taken by the target.
72,crystal,Steals 1/2 of the damage inflicted.
72,diamond-pearl,A nutrient-draining attack. The user’s HP is restored by half the damage taken by the target.
72,emerald,An attack that absorbs half the damage inflicted.
72,firered-leafgreen,A tough attack that drains half the damage it inflicted to restore HP.
72,gold-silver,Steals 1/2 of the damage inflicted.
72,heartgold-soulsilver,A nutrient-draining attack. The user’s HP is restored by half the damage taken by the target.
72,lets-go-pikachu-lets-go-eevee,A nutrient-draining attack. The user’s HP is restored by half the damage taken by the target.
72,omega-ruby-alpha-sapphire,A nutrient-draining attack. The user’s HP is restored by half the damage taken by the target.
72,platinum,A nutrient-draining attack. The user’s HP is restored by half the damage taken by the target.
72,ruby-sapphire,An attack that absorbs half the damage inflicted.
72,sun-moon,A nutrient-draining attack. The user’s HP is restored by half the damage taken by the target.
72,sword-shield,A nutrient-draining attack. The user’s HP is restored by half the damage taken by the target.
72,ultra-sun-ultra-moon,A nutrient-draining attack. The user’s HP is restored by half the damage taken by the target.
72,x-y,A nutrient-draining attack. The user’s HP is restored by half the damage taken by the target.
73,black-2-white-2,A seed is planted on the target. It steals some HP from the target every turn.
73,black-white,A seed is planted on the target. It steals some HP from the target every turn.
73,crystal,Steals HP from the foe on every turn.
73,diamond-pearl,A seed is planted on the foe. It steals some HP from the foe to heal the user on every turn.
73,emerald,Plants a seed on the foe to steal HP on every turn.
73,firered-leafgreen,A seed is planted on the foe to steal some HP for the user on every turn.
73,gold-silver,Steals HP from the foe on every turn.
73,heartgold-soulsilver,A seed is planted on the foe. It steals some HP from the foe to heal the user on every turn.
73,lets-go-pikachu-lets-go-eevee,A seed is planted on the target. It steals some HP from the target every turn.
73,omega-ruby-alpha-sapphire,A seed is planted on the target. It steals some HP from the target every turn.
73,platinum,A seed is planted on the foe. It steals some HP from the foe to heal the user on every turn.
73,ruby-sapphire,Plants a seed on the foe to steal HP on every turn.
73,sun-moon,A seed is planted on the target. It steals some HP from the target every turn.
73,sword-shield,A seed is planted on the target. It steals some HP from the target every turn.
73,ultra-sun-ultra-moon,A seed is planted on the target. It steals some HP from the target every turn.
73,x-y,A seed is planted on the target. It steals some HP from the target every turn.
74,black-2-white-2,"The user’s body grows all at once, raising the Attack and Sp. Atk stats."
74,black-white,"The user’s body grows all at once, raising the Attack and Sp. Atk stats."
74,crystal,Raises the SPCL. ATK rating.
74,diamond-pearl,The user’s body is forced to grow all at once. It raises the Sp. Atk stat.
74,emerald,Forces the body to grow and heightens SP. ATK.
74,firered-leafgreen,"The user’s body is forced to grow, raising the SP. ATK stat."
74,gold-silver,Raises the SPCL. ATK rating.
74,heartgold-soulsilver,The user’s body is forced to grow all at once. It raises the Sp. Atk stat.
74,lets-go-pikachu-lets-go-eevee,"The user’s body grows all at once, raising the Attack and Sp. Atk stats."
74,omega-ruby-alpha-sapphire,"The user’s body grows all at once, raising the Attack and Sp. Atk stats."
74,platinum,The user’s body is forced to grow all at once. It raises the Sp. Atk stat.
74,ruby-sapphire,Forces the body to grow and heightens SP. ATK.
74,sun-moon,"The user’s body grows all at once, raising the Attack and Sp. Atk stats."
74,sword-shield,"The user’s body grows all at once, raising the Attack and Sp. Atk stats."
74,ultra-sun-ultra-moon,"The user’s body grows all at once, raising the Attack and Sp. Atk stats."
74,x-y,"The user’s body grows all at once, raising the Attack and Sp. Atk stats."
75,black-2-white-2,Sharp-edged leaves are launched to slash at the opposing team. Critical hits land more easily.
75,black-white,Sharp-edged leaves are launched to slash at the opposing team. Critical hits land more easily.
75,crystal,Has a high critical hit ratio.
75,diamond-pearl,A sharp-edged leaf is launched to slash at the foe. It has a high critical-hit ratio.
75,emerald,Cuts the enemy with leaves. High critical-hit ratio.
75,firered-leafgreen,The foe is hit with a cutting leaf. It has a high critical-hit ratio.
75,gold-silver,Has a high critical hit ratio.
75,heartgold-soulsilver,Sharp-edged leaves are launched to slash at the foe. It has a high critical-hit ratio.
75,lets-go-pikachu-lets-go-eevee,Sharp-edged leaves are launched to slash at the opposing Pokémon. Critical hits land more easily.
75,omega-ruby-alpha-sapphire,Sharp-edged leaves are launched to slash at the opposing Pokémon. Critical hits land more easily.
75,platinum,Sharp-edged leaves are launched to slash at the foe. It has a high critical-hit ratio.
75,ruby-sapphire,Cuts the enemy with leaves. High critical-hit ratio.
75,sun-moon,Sharp-edged leaves are launched to slash at the opposing Pokémon. Critical hits land more easily.
75,sword-shield,Sharp-edged leaves are launched to slash at opposing Pokémon. Critical hits land more easily.
75,ultra-sun-ultra-moon,Sharp-edged leaves are launched to slash at the opposing Pokémon. Critical hits land more easily.
75,x-y,Sharp-edged leaves are launched to slash at the opposing Pokémon. Critical hits land more easily.
76,black-2-white-2,"A two-turn attack. The user gathers light, then blasts a bundled beam on the second turn."
76,black-white,"A two-turn attack. The user gathers light, then blasts a bundled beam on the second turn."
76,crystal,1st turn: Prepare 2nd turn: Attack
76,diamond-pearl,"A two-turn attack. The user gathers light, then blasts a bundled beam on the second turn."
76,emerald,"Absorbs light in one turn, then attacks next turn."
76,firered-leafgreen,A 2-turn move that blasts the foe with absorbed energy in the 2nd turn.
76,gold-silver,1st turn: Prepare 2nd turn: Attack
76,heartgold-soulsilver,"A two-turn attack. The user gathers light, then blasts a bundled beam on the second turn."
76,lets-go-pikachu-lets-go-eevee,"In this two-turn attack, the user gathers light, then blasts a bundled beam on the next turn."
76,omega-ruby-alpha-sapphire,"A two-turn attack. The user gathers light, then blasts a bundled beam on the next turn."
76,platinum,"A two-turn attack. The user gathers light, then blasts a bundled beam on the second turn."
76,ruby-sapphire,"Absorbs light in one turn, then attacks next turn."
76,sun-moon,"In this two-turn attack, the user gathers light, then blasts a bundled beam on the next turn."
76,sword-shield,"In this two-turn attack, the user gathers light, then blasts a bundled beam on the next turn."
76,ultra-sun-ultra-moon,"In this two-turn attack, the user gathers light, then blasts a bundled beam on the next turn."
76,x-y,"A two-turn attack. The user gathers light, then blasts a bundled beam on the next turn."
77,black-2-white-2,The user scatters a cloud of poisonous dust on the target. It may poison the target.
77,black-white,The user scatters a cloud of poisonous dust on the target. It may poison the target.
77,crystal,A move that may poison the foe.
77,diamond-pearl,A cloud of poisonous dust is scattered on the foe. It may poison the target.
77,emerald,Scatters a toxic powder that may poison the foe.
77,firered-leafgreen,A cloud of toxic dust is scattered. It may poison the foe.
77,gold-silver,A move that may poison the foe.
77,heartgold-soulsilver,A cloud of poisonous dust is scattered on the foe. It may poison the target.
77,lets-go-pikachu-lets-go-eevee,The user scatters a cloud of poisonous dust that poisons the target.
77,omega-ruby-alpha-sapphire,The user scatters a cloud of poisonous dust on the target. This may also poison the target.
77,platinum,A cloud of poisonous dust is scattered on the foe. It may poison the target.
77,ruby-sapphire,Scatters a toxic powder that may poison the foe.
77,sun-moon,The user scatters a cloud of poisonous dust that poisons the target.
77,sword-shield,The user scatters a cloud of poisonous dust that poisons the target.
77,ultra-sun-ultra-moon,The user scatters a cloud of poisonous dust that poisons the target.
77,x-y,The user scatters a cloud of poisonous dust on the target. This may also poison the target.
78,black-2-white-2,The user scatters a cloud of paralyzing powder. It may leave the target with paralysis.
78,black-white,The user scatters a cloud of paralyzing powder. It may leave the target with paralysis.
78,crystal,A move that may paralyze the foe.
78,diamond-pearl,The user scatters a cloud of paralyzing powder. It may paralyze the target.
78,emerald,Scatters a powder that may paralyze the foe.
78,firered-leafgreen,Paralyzing dust is scattered wildly. It may paralyze the foe.
78,gold-silver,A move that may paralyze the foe.
78,heartgold-soulsilver,The user scatters a cloud of paralyzing powder. It may paralyze the target.
78,lets-go-pikachu-lets-go-eevee,The user scatters a cloud of numbing powder that paralyzes the target.
78,omega-ruby-alpha-sapphire,The user scatters a cloud of numbing powder that paralyzes the target.
78,platinum,The user scatters a cloud of paralyzing powder. It may paralyze the target.
78,ruby-sapphire,Scatters a powder that may paralyze the foe.
78,sun-moon,The user scatters a cloud of numbing powder that paralyzes the target.
78,sword-shield,The user scatters a cloud of numbing powder that paralyzes the target.
78,ultra-sun-ultra-moon,The user scatters a cloud of numbing powder that paralyzes the target.
78,x-y,The user scatters a cloud of numbing powder that paralyzes the target.
79,black-2-white-2,The user scatters a big cloud of sleep-inducing dust around the target.
79,black-white,The user scatters a big cloud of sleep-inducing dust around the target.
79,crystal,May cause the foe to fall asleep.
79,diamond-pearl,The user scatters a big cloud of sleep- inducing dust around the foe.
79,emerald,Scatters a powder that may cause the foe to sleep.
79,firered-leafgreen,A sleep-inducing dust is scattered in high volume around a foe.
79,gold-silver,May cause the foe to fall asleep.
79,heartgold-soulsilver,The user scatters a big cloud of sleep- inducing dust around the foe.
79,lets-go-pikachu-lets-go-eevee,The user scatters a big cloud of sleep-inducing dust around the target.
79,omega-ruby-alpha-sapphire,The user scatters a big cloud of sleep-inducing dust around the target.
79,platinum,The user scatters a big cloud of sleep- inducing dust around the foe.
79,ruby-sapphire,Scatters a powder that may cause the foe to sleep.
79,sun-moon,The user scatters a big cloud of sleep-inducing dust around the target.
79,sword-shield,The user scatters a big cloud of sleep-inducing dust around the target.
79,ultra-sun-ultra-moon,The user scatters a big cloud of sleep-inducing dust around the target.
79,x-y,The user scatters a big cloud of sleep-inducing dust around the target.
80,black-2-white-2,The user attacks the target by scattering petals for two to three turns. The user then becomes confused.
80,black-white,The user attacks the target by scattering petals for two to three turns. The user then becomes confused.
80,crystal,Works 2-3 turns and confuses user.
80,diamond-pearl,The user attacks by scattering petals for two to three turns. The user then becomes confused.
80,emerald,A rampage of 2 to 3 turns that confuses the user.
80,firered-leafgreen,"The user attacks with petals for two to three turns, then gets confused."
80,gold-silver,Works 2-3 turns and confuses user.
80,heartgold-soulsilver,The user attacks by scattering petals for two to three turns. The user then becomes confused.
80,lets-go-pikachu-lets-go-eevee,The user attacks the target by scattering petals for two to three turns. The user then becomes confused.
80,omega-ruby-alpha-sapphire,The user attacks the target by scattering petals for two to three turns. The user then becomes confused.
80,platinum,The user attacks by scattering petals for two to three turns. The user then becomes confused.
80,ruby-sapphire,A rampage of 2 to 3 turns that confuses the user.
80,sun-moon,The user attacks the target by scattering petals for two to three turns. The user then becomes confused.
80,sword-shield,The user attacks the target by scattering petals for two to three turns. The user then becomes confused.
80,ultra-sun-ultra-moon,The user attacks the target by scattering petals for two to three turns. The user then becomes confused.
80,x-y,The user attacks the target by scattering petals for two to three turns. The user then becomes confused.
81,black-2-white-2,The targets are bound with silk blown from the user’s mouth. This silk reduces the targets’ Speed stat.
81,black-white,The targets are bound with silk blown from the user’s mouth. This silk reduces the targets’ Speed stat.
81,crystal,A move that lowers the foe's SPEED.
81,diamond-pearl,The foe is bound with silk blown from the user’s mouth. It reduces the target’s Speed stat.
81,emerald,Binds the foe with string to reduce its SPEED.
81,firered-leafgreen,The foe is bound with strings shot from the mouth to reduce its SPEED.
81,gold-silver,A move that lowers the foe's SPEED.
81,heartgold-soulsilver,The foe is bound with silk blown from the user’s mouth. It reduces the target’s Speed stat.
81,lets-go-pikachu-lets-go-eevee,The opposing Pokémon are bound with silk blown from the user’s mouth that harshly lowers the Speed stat.
81,omega-ruby-alpha-sapphire,The opposing Pokémon are bound with silk blown from the user’s mouth that harshly lowers the Speed stat.
81,platinum,The foe is bound with silk blown from the user’s mouth. It reduces the target’s Speed stat.
81,ruby-sapphire,Binds the foe with string to reduce its SPEED.
81,sun-moon,The opposing Pokémon are bound with silk blown from the user’s mouth that harshly lowers the Speed stat.
81,sword-shield,Opposing Pokémon are bound with silk blown from the user’s mouth that harshly lowers the Speed stat.
81,ultra-sun-ultra-moon,The opposing Pokémon are bound with silk blown from the user’s mouth that harshly lowers the Speed stat.
81,x-y,The opposing Pokémon are bound with silk blown from the user’s mouth that harshly lowers the Speed stat.
82,black-2-white-2,This attack hits the target with a shock wave of pure rage. This attack always inflicts 40 HP damage.
82,black-white,This attack hits the target with a shock wave of pure rage. This attack always inflicts 40 HP damage.
82,crystal,Always inflicts 40HP damage.
82,diamond-pearl,The foe is stricken by a shock wave. This attack always inflicts 40 HP damage.
82,emerald,Launches shock waves that always inflict 40 HP damage.
82,firered-leafgreen,The foe is hit with a shock wave that always inflicts 40- HP damage.
82,gold-silver,Always inflicts 40HP damage.
82,heartgold-soulsilver,The foe is stricken by a shock wave. This attack always inflicts 40 HP damage.
82,lets-go-pikachu-lets-go-eevee,This attack hits the target with a shock wave of pure rage. This attack always inflicts 40 HP damage.
82,omega-ruby-alpha-sapphire,This attack hits the target with a shock wave of pure rage. This attack always inflicts 40 HP damage.
82,platinum,The foe is stricken by a shock wave. This attack always inflicts 40 HP damage.
82,ruby-sapphire,Launches shock waves that always inflict 40 HP damage.
82,sun-moon,This attack hits the target with a shock wave of pure rage. This attack always inflicts 40 HP damage.
82,sword-shield,"This move can’t be used. It’s recommended that this move is forgotten. Once forgotten, this move can’t be remembered."
82,ultra-sun-ultra-moon,This attack hits the target with a shock wave of pure rage. This attack always inflicts 40 HP damage.
82,x-y,This attack hits the target with a shock wave of pure rage. This attack always inflicts 40 HP damage.
83,black-2-white-2,The target becomes trapped within a fierce vortex of fire that rages for four to five turns.
83,black-white,The target becomes trapped within a fierce vortex of fire that rages for four to five turns.
83,crystal,Traps foe in fire for 2-5 turns.
83,diamond-pearl,The foe becomes trapped within a fierce vortex of fire that rages for two to five turns.
83,emerald,Traps the foe in a ring of fire for 2 to 5 turns.
83,firered-leafgreen,The foe is trapped in an intense spiral of fire that rages two to five turns.
83,gold-silver,Traps foe in fire for 2-5 turns.
83,heartgold-soulsilver,The foe becomes trapped within a fierce vortex of fire that rages for two to five turns.
83,lets-go-pikachu-lets-go-eevee,The target becomes trapped within a fierce vortex of fire that rages for four to five turns.
83,omega-ruby-alpha-sapphire,The target becomes trapped within a fierce vortex of fire that rages for four to five turns.
83,platinum,The foe becomes trapped within a fierce vortex of fire that rages for two to five turns.
83,ruby-sapphire,Traps the foe in a ring of fire for 2 to 5 turns.
83,sun-moon,The target becomes trapped within a fierce vortex of fire that rages for four to five turns.
83,sword-shield,The target becomes trapped within a fierce vortex of fire that rages for four to five turns.
83,ultra-sun-ultra-moon,The target becomes trapped within a fierce vortex of fire that rages for four to five turns.
83,x-y,The target becomes trapped within a fierce vortex of fire that rages for four to five turns.
84,black-2-white-2,A jolt of electricity is hurled at the target to inflict damage. It may also leave the target with paralysis.
84,black-white,A jolt of electricity is hurled at the target to inflict damage. It may also leave the target with paralysis.
84,crystal,An attack that may cause paralysis.
84,diamond-pearl,A jolt of electricity is hurled at the foe to inflict damage. It may also leave the foe paralyzed.
84,emerald,An electrical attack that may paralyze the foe.
84,firered-leafgreen,An electric shock attack that may also leave the foe paralyzed.
84,gold-silver,An attack that may cause paralysis.
84,heartgold-soulsilver,A jolt of electricity is hurled at the foe to inflict damage. It may also leave the foe paralyzed.
84,lets-go-pikachu-lets-go-eevee,A jolt of electricity crashes down on the target to inflict damage. This may also leave the target with paralysis.
84,omega-ruby-alpha-sapphire,A jolt of electricity crashes down on the target to inflict damage. This may also leave the target with paralysis.
84,platinum,A jolt of electricity is hurled at the foe to inflict damage. It may also leave the foe paralyzed.
84,ruby-sapphire,An electrical attack that may paralyze the foe.
84,sun-moon,A jolt of electricity crashes down on the target to inflict damage. This may also leave the target with paralysis.
84,sword-shield,A jolt of electricity crashes down on the target to inflict damage. This may also leave the target with paralysis.
84,ultra-sun-ultra-moon,A jolt of electricity crashes down on the target to inflict damage. This may also leave the target with paralysis.
84,x-y,A jolt of electricity crashes down on the target to inflict damage. This may also leave the target with paralysis.
85,black-2-white-2,A strong electric blast is loosed at the target. It may also leave the target with paralysis.
85,black-white,A strong electric blast is loosed at the target. It may also leave the target with paralysis.
85,crystal,An attack that may cause paralysis.
85,diamond-pearl,A strong electric blast is loosed at the foe. It may also leave the foe paralyzed.
85,emerald,A strong electrical attack that may paralyze the foe.
85,firered-leafgreen,A strong electrical attack that may also leave the foe paralyzed.
85,gold-silver,An attack that may cause paralysis.
85,heartgold-soulsilver,A strong electric blast is loosed at the foe. It may also leave the foe paralyzed.
85,lets-go-pikachu-lets-go-eevee,A strong electric blast crashes down on the target. This may also leave the target with paralysis.
85,omega-ruby-alpha-sapphire,A strong electric blast crashes down on the target. This may also leave the target with paralysis.
85,platinum,A strong electric blast is loosed at the foe. It may also leave the foe paralyzed.
85,ruby-sapphire,A strong electrical attack that may paralyze the foe.
85,sun-moon,A strong electric blast crashes down on the target. This may also leave the target with paralysis.
85,sword-shield,A strong electric blast crashes down on the target. This may also leave the target with paralysis.
85,ultra-sun-ultra-moon,A strong electric blast crashes down on the target. This may also leave the target with paralysis.
85,x-y,A strong electric blast crashes down on the target. This may also leave the target with paralysis.
86,black-2-white-2,A weak electric charge is launched at the target. It causes paralysis if it hits.
86,black-white,A weak electric charge is launched at the target. It causes paralysis if it hits.
86,crystal,A move that may cause paralysis.
86,diamond-pearl,A weak electric charge is launched at the foe. It causes paralysis if it hits.
86,emerald,A weak jolt of electricity that paralyzes the foe.
86,firered-leafgreen,A weak electric shock that is sure to cause paralysis if it hits.
86,gold-silver,A move that may cause paralysis.
86,heartgold-soulsilver,A weak electric charge is launched at the foe. It causes paralysis if it hits.
86,lets-go-pikachu-lets-go-eevee,The user launches a weak jolt of electricity that paralyzes the target.
86,omega-ruby-alpha-sapphire,The user launches a weak jolt of electricity that paralyzes the target.
86,platinum,A weak electric charge is launched at the foe. It causes paralysis if it hits.
86,ruby-sapphire,A weak jolt of electricity that paralyzes the foe.
86,sun-moon,The user launches a weak jolt of electricity that paralyzes the target.
86,sword-shield,The user launches a weak jolt of electricity that paralyzes the target.
86,ultra-sun-ultra-moon,The user launches a weak jolt of electricity that paralyzes the target.
86,x-y,The user launches a weak jolt of electricity that paralyzes the target.
87,black-2-white-2,A wicked thunderbolt is dropped on the target to inflict damage. It may also leave the target with paralysis.
87,black-white,A wicked thunderbolt is dropped on the target to inflict damage. It may also leave the target with paralysis.
87,crystal,An attack that may cause paralysis.
87,diamond-pearl,A wicked thunderbolt is dropped on the foe to inflict damage. It may also leave the target paralyzed.
87,emerald,A lightning attack that may cause paralysis.
87,firered-leafgreen,A brutal lightning attack that may also leave the foe paralyzed.
87,gold-silver,An attack that may cause paralysis.
87,heartgold-soulsilver,A wicked thunderbolt is dropped on the foe to inflict damage. It may also leave the target paralyzed.
87,lets-go-pikachu-lets-go-eevee,A wicked thunderbolt is dropped on the target to inflict damage. This may also leave the target with paralysis.
87,omega-ruby-alpha-sapphire,A wicked thunderbolt is dropped on the target to inflict damage. This may also leave the target with paralysis.
87,platinum,A wicked thunderbolt is dropped on the foe to inflict damage. It may also leave the target paralyzed.
87,ruby-sapphire,A lightning attack that may cause paralysis.
87,sun-moon,A wicked thunderbolt is dropped on the target to inflict damage. This may also leave the target with paralysis.
87,sword-shield,A wicked thunderbolt is dropped on the target to inflict damage. This may also leave the target with paralysis.
87,ultra-sun-ultra-moon,A wicked thunderbolt is dropped on the target to inflict damage. This may also leave the target with paralysis.
87,x-y,A wicked thunderbolt is dropped on the target to inflict damage. This may also leave the target with paralysis.
88,black-2-white-2,The user picks up and throws a small rock at the target to attack.
88,black-white,The user picks up and throws a small rock at the target to attack.
88,crystal,Drops rocks on the enemy.
88,diamond-pearl,The user picks up and throws a small rock at the foe to attack.
88,emerald,Throws small rocks to strike the foe.
88,firered-leafgreen,"The foe is attacked with a shower of small, easily thrown rocks."
88,gold-silver,Drops rocks on the enemy.
88,heartgold-soulsilver,The user picks up and throws a small rock at the foe to attack.
88,lets-go-pikachu-lets-go-eevee,The user picks up and throws a small rock at the target to attack.
88,omega-ruby-alpha-sapphire,The user picks up and throws a small rock at the target to attack.
88,platinum,The user picks up and throws a small rock at the foe to attack.
88,ruby-sapphire,Throws small rocks to strike the foe.
88,sun-moon,The user picks up and throws a small rock at the target to attack.
88,sword-shield,The user picks up and throws a small rock at the target to attack.
88,ultra-sun-ultra-moon,The user picks up and throws a small rock at the target to attack.
88,x-y,The user picks up and throws a small rock at the target to attack.
89,black-2-white-2,The user sets off an earthquake that strikes those around it.
89,black-white,The user sets off an earthquake that strikes those around it.
89,crystal,Tough but useless vs. flying foes.
89,diamond-pearl,The user sets off an earthquake that hits all the Pokémon in the battle.
89,emerald,"A powerful quake, but has no effect on flying foes."
89,firered-leafgreen,An earthquake that strikes all POKéMON in battle excluding the user.
89,gold-silver,Tough but useless vs. flying foes.
89,heartgold-soulsilver,The user sets off an earthquake that hits all the Pokémon in the battle.
89,lets-go-pikachu-lets-go-eevee,The user sets off an earthquake that strikes every Pokémon around it.
89,omega-ruby-alpha-sapphire,The user sets off an earthquake that strikes every Pokémon around it.
89,platinum,The user sets off an earthquake that hits all the Pokémon in the battle.
89,ruby-sapphire,"A powerful quake, but has no effect on flying foes."
89,sun-moon,The user sets off an earthquake that strikes every Pokémon around it.
89,sword-shield,The user sets off an earthquake that strikes every Pokémon around it.
89,ultra-sun-ultra-moon,The user sets off an earthquake that strikes every Pokémon around it.
89,x-y,The user sets off an earthquake that strikes every Pokémon around it.
90,black-2-white-2,The user opens up a fissure in the ground and drops the target in. The target instantly faints if it hits.
90,black-white,The user opens up a fissure in the ground and drops the target in. The target instantly faints if it hits.
90,crystal,"A ground-type, one-hit KO attack."
90,diamond-pearl,The user opens up a fissure in the ground and drops the foe in. The target instantly faints if it hits.
90,emerald,A one-hit KO move that drops the foe in a fissure.
90,firered-leafgreen,The foe is dropped into a fissure. The foe faints if it hits.
90,gold-silver,"A ground-type, one-hit KO attack."
90,heartgold-soulsilver,The user opens up a fissure in the ground and drops the foe in. The target instantly faints if it hits.
90,lets-go-pikachu-lets-go-eevee,The user opens up a fissure in the ground and drops the target in. The target faints instantly if this attack hits.
90,omega-ruby-alpha-sapphire,The user opens up a fissure in the ground and drops the target in. The target faints instantly if this attack hits.
90,platinum,The user opens up a fissure in the ground and drops the foe in. The target instantly faints if it hits.
90,ruby-sapphire,A one-hit KO move that drops the foe in a fissure.
90,sun-moon,The user opens up a fissure in the ground and drops the target in. The target faints instantly if this attack hits.
90,sword-shield,The user opens up a fissure in the ground and drops the target in. The target faints instantly if this attack hits.
90,ultra-sun-ultra-moon,The user opens up a fissure in the ground and drops the target in. The target faints instantly if this attack hits.
90,x-y,The user opens up a fissure in the ground and drops the target in. The target faints instantly if this attack hits.
91,black-2-white-2,"The user burrows, then attacks on the second turn. It can also be used to exit dungeons."
91,black-white,"The user burrows, then attacks on the second turn. It can also be used to exit dungeons."
91,crystal,1st turn: Burrow 2nd turn: Attack
91,diamond-pearl,"The user burrows, then attacks on the second turn. It can also be used to exit dungeons."
91,emerald,Digs underground the first turn and strikes next turn.
91,firered-leafgreen,An attack that hits on the 2nd turn. Can also be used to exit dungeons.
91,gold-silver,1st turn: Burrow 2nd turn: Attack
91,heartgold-soulsilver,"The user burrows, then attacks on the second turn. It can also be used to exit dungeons."
91,lets-go-pikachu-lets-go-eevee,"The user burrows into the ground, then attacks on the next turn."
91,omega-ruby-alpha-sapphire,"The user burrows, then attacks on the next turn. It can also be used to exit dungeons."
91,platinum,"The user burrows, then attacks on the second turn. It can also be used to exit dungeons."
91,ruby-sapphire,Digs underground the first turn and strikes next turn.
91,sun-moon,"The user burrows, then attacks on the next turn."
91,sword-shield,"The user burrows into the ground, then attacks on the next turn."
91,ultra-sun-ultra-moon,"The user burrows, then attacks on the next turn."
91,x-y,"The user burrows, then attacks on the next turn. It can also be used to exit dungeons."
92,black-2-white-2,A move that leaves the target badly poisoned. Its poison damage worsens every turn.
92,black-white,A move that leaves the target badly poisoned. Its poison damage worsens every turn.
92,crystal,A poison move with increasing damage.
92,diamond-pearl,A move that leaves the target badly poisoned. Its poison damage worsens every turn.
92,emerald,Poisons the foe with an intensifying toxin.
92,firered-leafgreen,A move that badly poisons the foe. Its poison damage worsens every turn.
92,gold-silver,A poison move with increasing damage.
92,heartgold-soulsilver,A move that leaves the target badly poisoned. Its poison damage worsens every turn.
92,lets-go-pikachu-lets-go-eevee,A move that leaves the target badly poisoned. Its poison damage worsens every turn.
92,omega-ruby-alpha-sapphire,A move that leaves the target badly poisoned. Its poison damage worsens every turn.
92,platinum,A move that leaves the target badly poisoned. Its poison damage worsens every turn.
92,ruby-sapphire,Poisons the foe with an intensifying toxin.
92,sun-moon,A move that leaves the target badly poisoned. Its poison damage worsens every turn.
92,sword-shield,A move that leaves the target badly poisoned. Its poison damage worsens every turn.
92,ultra-sun-ultra-moon,A move that leaves the target badly poisoned. Its poison damage worsens every turn.
92,x-y,A move that leaves the target badly poisoned. Its poison damage worsens every turn.
93,black-2-white-2,The target is hit by a weak telekinetic force. It may also leave the target confused.
93,black-white,The target is hit by a weak telekinetic force. It may also leave the target confused.
93,crystal,An attack that may cause confusion.
93,diamond-pearl,The foe is hit by a weak telekinetic force. It may also leave the foe confused.
93,emerald,A psychic attack that may cause confusion.
93,firered-leafgreen,A weak telekinetic attack that may also leave the foe confused.
93,gold-silver,An attack that may cause confusion.
93,heartgold-soulsilver,The foe is hit by a weak telekinetic force. It may also leave the foe confused.
93,lets-go-pikachu-lets-go-eevee,The target is hit by a weak telekinetic force. This may also confuse the target.
93,omega-ruby-alpha-sapphire,The target is hit by a weak telekinetic force. This may also confuse the target.
93,platinum,The foe is hit by a weak telekinetic force. It may also leave the foe confused.
93,ruby-sapphire,A psychic attack that may cause confusion.
93,sun-moon,The target is hit by a weak telekinetic force. This may also confuse the target.
93,sword-shield,The target is hit by a weak telekinetic force. This may also confuse the target.
93,ultra-sun-ultra-moon,The target is hit by a weak telekinetic force. This may also confuse the target.
93,x-y,The target is hit by a weak telekinetic force. This may also confuse the target.
94,black-2-white-2,The target is hit by a strong telekinetic force. It may also reduce the target’s Sp. Def stat.
94,black-white,The target is hit by a strong telekinetic force. It may also reduce the target’s Sp. Def stat.
94,crystal,An attack that may lower SPCL.DEF.
94,diamond-pearl,The foe is hit by a strong telekinetic force. It may also reduce the foe’s Sp. Def stat.
94,emerald,A powerful psychic attack that may lower SP. DEF.
94,firered-leafgreen,A strong telekinetic attack. It may also lower the foe’s SP. DEF stat.
94,gold-silver,An attack that may lower SPCL.DEF.
94,heartgold-soulsilver,The foe is hit by a strong telekinetic force. It may also reduce the foe’s Sp. Def stat.
94,lets-go-pikachu-lets-go-eevee,The target is hit by a strong telekinetic force. This may also lower the target’s Sp. Def stat.
94,omega-ruby-alpha-sapphire,The target is hit by a strong telekinetic force. This may also lower the target’s Sp. Def stat.
94,platinum,The foe is hit by a strong telekinetic force. It may also reduce the foe’s Sp. Def stat.
94,ruby-sapphire,A powerful psychic attack that may lower SP. DEF.
94,sun-moon,The target is hit by a strong telekinetic force. This may also lower the target’s Sp. Def stat.
94,sword-shield,The target is hit by a strong telekinetic force. This may also lower the target’s Sp. Def stat.
94,ultra-sun-ultra-moon,The target is hit by a strong telekinetic force. This may also lower the target’s Sp. Def stat.
94,x-y,The target is hit by a strong telekinetic force. This may also lower the target’s Sp. Def stat.
95,black-2-white-2,The user employs hypnotic suggestion to make the target fall into a deep sleep.
95,black-white,The user employs hypnotic suggestion to make the target fall into a deep sleep.
95,crystal,May put the foe to sleep.
95,diamond-pearl,The user employs hypnotic suggestion to make the target fall into a deep sleep.
95,emerald,A hypnotizing move that may induce sleep.
95,firered-leafgreen,Hypnotic suggestion is used to make the foe fall into a deep sleep.
95,gold-silver,May put the foe to sleep.
95,heartgold-soulsilver,The user employs hypnotic suggestion to make the target fall into a deep sleep.
95,lets-go-pikachu-lets-go-eevee,The user employs hypnotic suggestion to make the target fall into a deep sleep.
95,omega-ruby-alpha-sapphire,The user employs hypnotic suggestion to make the target fall into a deep sleep.
95,platinum,The user employs hypnotic suggestion to make the target fall into a deep sleep.
95,ruby-sapphire,A hypnotizing move that may induce sleep.
95,sun-moon,The user employs hypnotic suggestion to make the target fall into a deep sleep.
95,sword-shield,The user employs hypnotic suggestion to make the target fall into a deep sleep.
95,ultra-sun-ultra-moon,The user employs hypnotic suggestion to make the target fall into a deep sleep.
95,x-y,The user employs hypnotic suggestion to make the target fall into a deep sleep.
96,black-2-white-2,The user meditates to awaken the power deep within its body and raise its Attack stat.
96,black-white,The user meditates to awaken the power deep within its body and raise its Attack stat.
96,crystal,Raises the user's ATTACK.
96,diamond-pearl,The user meditates to awaken the power deep within its body and raise its Attack stat.
96,emerald,Meditates in a peaceful fashion to raise ATTACK.
96,firered-leafgreen,The user meditates to awaken its power and raise its ATTACK stat.
96,gold-silver,Raises the user's ATTACK.
96,heartgold-soulsilver,The user meditates to awaken the power deep within its body and raise its Attack stat.
96,lets-go-pikachu-lets-go-eevee,The user meditates to awaken the power deep within its body and raise its Attack stat.
96,omega-ruby-alpha-sapphire,The user meditates to awaken the power deep within its body and raise its Attack stat.
96,platinum,The user meditates to awaken the power deep within its body and raise its Attack stat.
96,ruby-sapphire,Meditates in a peaceful fashion to raise ATTACK.
96,sun-moon,The user meditates to awaken the power deep within its body and raise its Attack stat.
96,sword-shield,"This move can’t be used. It’s recommended that this move is forgotten. Once forgotten, this move can’t be remembered."
96,ultra-sun-ultra-moon,The user meditates to awaken the power deep within its body and raise its Attack stat.
96,x-y,The user meditates to awaken the power deep within its body and raise its Attack stat.
97,black-2-white-2,The user relaxes and lightens its body to move faster. It sharply boosts the Speed stat.
97,black-white,The user relaxes and lightens its body to move faster. It sharply boosts the Speed stat.
97,crystal,Sharply increases the user's SPEED.
97,diamond-pearl,The user relaxes and lightens its body to move faster. It sharply boosts the Speed stat.
97,emerald,Relaxes the body to sharply boost SPEED.
97,firered-leafgreen,The user relaxes and lightens its body to sharply boost its SPEED.
97,gold-silver,Sharply increases the user's SPEED.
97,heartgold-soulsilver,The user relaxes and lightens its body to move faster. It sharply boosts the Speed stat.
97,lets-go-pikachu-lets-go-eevee,The user relaxes and lightens its body to move faster. This sharply raises the Speed stat.
97,omega-ruby-alpha-sapphire,The user relaxes and lightens its body to move faster. This sharply raises the Speed stat.
97,platinum,The user relaxes and lightens its body to move faster. It sharply boosts the Speed stat.
97,ruby-sapphire,Relaxes the body to sharply boost SPEED.
97,sun-moon,The user relaxes and lightens its body to move faster. This sharply raises the Speed stat.
97,sword-shield,The user relaxes and lightens its body to move faster. This sharply raises the Speed stat.
97,ultra-sun-ultra-moon,The user relaxes and lightens its body to move faster. This sharply raises the Speed stat.
97,x-y,The user relaxes and lightens its body to move faster. This sharply raises the Speed stat.
98,black-2-white-2,The user lunges at the target at a speed that makes it almost invisible. It is sure to strike first.
98,black-white,The user lunges at the target at a speed that makes it almost invisible. It is sure to strike first.
98,crystal,Lets the user get in the first hit.
98,diamond-pearl,The user lunges at the foe at a speed that makes it almost invisible. It is sure to strike first.
98,emerald,An extremely fast attack that always strikes first.
98,firered-leafgreen,An almost invisibly fast attack that is certain to strike first.
98,gold-silver,Lets the user get in the first hit.
98,heartgold-soulsilver,The user lunges at the foe at a speed that makes it almost invisible. It is sure to strike first.
98,lets-go-pikachu-lets-go-eevee,The user lunges at the target at a speed that makes it almost invisible. This move always goes first.
98,omega-ruby-alpha-sapphire,The user lunges at the target at a speed that makes it almost invisible. This move always goes first.
98,platinum,The user lunges at the foe at a speed that makes it almost invisible. It is sure to strike first.
98,ruby-sapphire,An extremely fast attack that always strikes first.
98,sun-moon,The user lunges at the target at a speed that makes it almost invisible. This move always goes first.
98,sword-shield,The user lunges at the target at a speed that makes it almost invisible. This move always goes first.
98,ultra-sun-ultra-moon,The user lunges at the target at a speed that makes it almost invisible. This move always goes first.
98,x-y,The user lunges at the target at a speed that makes it almost invisible. This move always goes first.
99,black-2-white-2,"As long as this move is in use, the power of rage raises the Attack stat each time the user is hit in battle."
99,black-white,"As long as this move is in use, the power of rage raises the Attack stat each time the user is hit in battle."
99,crystal,Raises ATTACK if the user is hit.
99,diamond-pearl,"While this move is in use, it gains attack power each time the user is hit in battle."
99,emerald,Raises the user’s ATTACK every time it is hit.
99,firered-leafgreen,An attack that becomes stronger each time the user is hit in battle.
99,gold-silver,Raises ATTACK if the user is hit.
99,heartgold-soulsilver,"While this move is in use, it gains attack power each time the user is hit in battle."
99,lets-go-pikachu-lets-go-eevee,"As long as this move is in use, the power of rage raises the Attack stat each time the user is hit in battle."
99,omega-ruby-alpha-sapphire,"As long as this move is in use, the power of rage raises the Attack stat each time the user is hit in battle."
99,platinum,"While this move is in use, it gains attack power each time the user is hit in battle."
99,ruby-sapphire,Raises the user’s ATTACK every time it is hit.
99,sun-moon,"As long as this move is in use, the power of rage raises the Attack stat each time the user is hit in battle."
99,sword-shield,"This move can’t be used. It’s recommended that this move is forgotten. Once forgotten, this move can’t be remembered."
99,ultra-sun-ultra-moon,"As long as this move is in use, the power of rage raises the Attack stat each time the user is hit in battle."
99,x-y,"As long as this move is in use, the power of rage raises the Attack stat each time the user is hit in battle."
100,black-2-white-2,Use it to flee from any wild Pokémon. It can also warp to the last Pokémon Center visited.
100,black-white,Use it to flee from any wild Pokémon. It can also warp to the last Pokémon Center visited.
100,crystal,A move for fleeing from battle.
100,diamond-pearl,Use it to flee from any wild Pokémon. It may also be used to warp to the last Poké Center visited.
100,emerald,A psychic move for fleeing from battle instantly.
100,firered-leafgreen,Use it to flee from any wild POKéMON. Also warps to the last POKé CENTER.
100,gold-silver,A move for fleeing from battle.
100,heartgold-soulsilver,Use it to flee from any wild Pokémon. It can also warp to the last Pokémon Center visited.
100,lets-go-pikachu-lets-go-eevee,"The user switches places with a different Pokémon instantly, using telekinetic power."
100,omega-ruby-alpha-sapphire,Use it to flee from any wild Pokémon. It can also warp to the last Pokémon Center visited.
100,platinum,Use it to flee from any wild Pokémon. It may also be used to warp to the last Poké Center visited.
100,ruby-sapphire,A psychic move for fleeing from battle instantly.
100,sun-moon,Use it to flee from any wild Pokémon.
100,sword-shield,"The user switches places with a party Pokémon in waiting, if any. If a wild Pokémon uses this move, it flees."
100,ultra-sun-ultra-moon,Use it to flee from any wild Pokémon.
100,x-y,Use it to flee from any wild Pokémon. It can also warp to the last Pokémon Center visited.
101,black-2-white-2,The user makes the target see a frightening mirage. It inflicts damage matching the user’s level.
101,black-white,The user makes the target see a frightening mirage. It inflicts damage matching the user’s level.
101,crystal,The user's level equals damage HP.
101,diamond-pearl,The user makes the foe see a mirage. It inflicts damage matching the user’s level.
101,emerald,Inflicts damage identical to the user’s level.
101,firered-leafgreen,An attack with a mirage that inflicts damage matching the user’s level.
101,gold-silver,The user's level equals damage HP.
101,heartgold-soulsilver,The user makes the foe see a mirage. It inflicts damage matching the user’s level.
101,lets-go-pikachu-lets-go-eevee,The user makes the target see a frightening mirage. It inflicts damage equal to the user’s level.
101,omega-ruby-alpha-sapphire,The user makes the target see a frightening mirage. It inflicts damage equal to the user’s level.
101,platinum,The user makes the foe see a mirage. It inflicts damage matching the user’s level.
101,ruby-sapphire,Inflicts damage identical to the user’s level.
101,sun-moon,The user makes the target see a frightening mirage. It inflicts damage equal to the user’s level.
101,sword-shield,The user makes the target see a frightening mirage. It inflicts damage equal to the user’s level.
101,ultra-sun-ultra-moon,The user makes the target see a frightening mirage. It inflicts damage equal to the user’s level.
101,x-y,The user makes the target see a frightening mirage. It inflicts damage equal to the user’s level.
102,black-2-white-2,The user copies the target’s last move. The move can be used during battle until the Pokémon is switched out.
102,black-white,The user copies the target’s last move. The move can be used during battle until the Pokémon is switched out.
102,crystal,Copies a move used by the foe.
102,diamond-pearl,The user copies the move last used by the foe. The move can be used for the rest of the battle.
102,emerald,Copies a move used by the foe during one battle.
102,firered-leafgreen,The user copies the move last used by the foe for the rest of the battle.
102,gold-silver,Copies a move used by the foe.
102,heartgold-soulsilver,The user copies the move last used by the foe. The move can be used for the rest of the battle.
102,lets-go-pikachu-lets-go-eevee,The user copies the target’s last move. The move can be used during battle until the Pokémon is switched out.
102,omega-ruby-alpha-sapphire,The user copies the target’s last move. The move can be used during battle until the Pokémon is switched out.
102,platinum,The user copies the move last used by the foe. The move can be used for the rest of the battle.
102,ruby-sapphire,Copies a move used by the foe during one battle.
102,sun-moon,The user copies the target’s last move. The move can be used during battle until the Pokémon is switched out.
102,sword-shield,The user copies the target’s last move. The move can be used during battle until the Pokémon is switched out.
102,ultra-sun-ultra-moon,The user copies the target’s last move. The move can be used during battle until the Pokémon is switched out.
102,x-y,The user copies the target’s last move. The move can be used during battle until the Pokémon is switched out.
103,black-2-white-2,An earsplitting screech harshly reduces the target’s Defense stat.
103,black-white,An earsplitting screech harshly reduces the target’s Defense stat.
103,crystal,Sharply reduces the foe's DEFENSE.
103,diamond-pearl,An earsplitting screech is emitted to sharply reduce the foe’s Defense stat.
103,emerald,Emits a screech to sharply reduce the foe’s DEFENSE.
103,firered-leafgreen,An ear-splitting screech is emitted to sharply reduce the foe’s DEFENSE.
103,gold-silver,Sharply reduces the foe's DEFENSE.
103,heartgold-soulsilver,An earsplitting screech is emitted to sharply reduce the foe’s Defense stat.
103,lets-go-pikachu-lets-go-eevee,An earsplitting screech harshly lowers the target’s Defense stat.
103,omega-ruby-alpha-sapphire,An earsplitting screech harshly lowers the target’s Defense stat.
103,platinum,An earsplitting screech is emitted to sharply reduce the foe’s Defense stat.
103,ruby-sapphire,Emits a screech to sharply reduce the foe’s DEFENSE.
103,sun-moon,An earsplitting screech harshly lowers the target’s Defense stat.
103,sword-shield,An earsplitting screech harshly lowers the target’s Defense stat.
103,ultra-sun-ultra-moon,An earsplitting screech harshly lowers the target’s Defense stat.
103,x-y,An earsplitting screech harshly lowers the target’s Defense stat.
104,black-2-white-2,"By moving rapidly, the user makes illusory copies of itself to raise its evasiveness."
104,black-white,"By moving rapidly, the user makes illusory copies of itself to raise its evasiveness."
104,crystal,Heightens evasiveness.
104,diamond-pearl,"By moving rapidly, the user makes illusory copies of itself to raise its evasiveness."
104,emerald,Creates illusory copies to raise evasiveness.
104,firered-leafgreen,The user creates illusory copies of itself to raise its evasiveness.
104,gold-silver,Heightens evasiveness.
104,heartgold-soulsilver,"By moving rapidly, the user makes illusory copies of itself to raise its evasiveness."
104,lets-go-pikachu-lets-go-eevee,"By moving rapidly, the user makes illusory copies of itself to raise its evasiveness."
104,omega-ruby-alpha-sapphire,"By moving rapidly, the user makes illusory copies of itself to raise its evasiveness."
104,platinum,"By moving rapidly, the user makes illusory copies of itself to raise its evasiveness."
104,ruby-sapphire,Creates illusory copies to raise evasiveness.
104,sun-moon,"By moving rapidly, the user makes illusory copies of itself to raise its evasiveness."
104,sword-shield,"By moving rapidly, the user makes illusory copies of itself to raise its evasiveness."
104,ultra-sun-ultra-moon,"By moving rapidly, the user makes illusory copies of itself to raise its evasiveness."
104,x-y,"By moving rapidly, the user makes illusory copies of itself to raise its evasiveness."
105,black-2-white-2,"Restoring its own cells, the user restores its own HP by half of its max HP."
105,black-white,"Restoring its own cells, the user restores its own HP by half of its max HP."
105,crystal,Restores HP by 1/2 the max HP.
105,diamond-pearl,A self-healing move. The user restores its own HP by up to half of its max HP.
105,emerald,Recovers up to half the user’s maximum HP.
105,firered-leafgreen,A self-healing move that restores HP by up to half of the user’s maximum HP.
105,gold-silver,Restores HP by 1/2 the max HP.
105,heartgold-soulsilver,A self-healing move. The user restores its own HP by up to half of its max HP.
105,lets-go-pikachu-lets-go-eevee,"Restoring its own cells, the user restores its own HP by half of its max HP."
105,omega-ruby-alpha-sapphire,"Restoring its own cells, the user restores its own HP by half of its max HP."
105,platinum,A self-healing move. The user restores its own HP by up to half of its max HP.
105,ruby-sapphire,Recovers up to half the user’s maximum HP.
105,sun-moon,"Restoring its own cells, the user restores its own HP by half of its max HP."
105,sword-shield,"Restoring its own cells, the user restores its own HP by half of its max HP."
105,ultra-sun-ultra-moon,"Restoring its own cells, the user restores its own HP by half of its max HP."
105,x-y,"Restoring its own cells, the user restores its own HP by half of its max HP."
106,black-2-white-2,The user stiffens all the muscles in its body to raise its Defense stat.
106,black-white,The user stiffens all the muscles in its body to raise its Defense stat.
106,crystal,Raises the user's DEFENSE.
106,diamond-pearl,The user stiffens all the muscles in its body to raise its Defense stat.
106,emerald,Stiffens the body’s muscles to raise DEFENSE.
106,firered-leafgreen,The user stiffens all the muscles in its body to raise its DEFENSE stat.
106,gold-silver,Raises the user's DEFENSE.
106,heartgold-soulsilver,The user stiffens all the muscles in its body to raise its Defense stat.
106,lets-go-pikachu-lets-go-eevee,The user stiffens all the muscles in its body to raise its Defense stat.
106,omega-ruby-alpha-sapphire,The user stiffens all the muscles in its body to raise its Defense stat.
106,platinum,The user stiffens all the muscles in its body to raise its Defense stat.
106,ruby-sapphire,Stiffens the body’s muscles to raise DEFENSE.
106,sun-moon,The user stiffens all the muscles in its body to raise its Defense stat.
106,sword-shield,The user stiffens all the muscles in its body to raise its Defense stat.
106,ultra-sun-ultra-moon,The user stiffens all the muscles in its body to raise its Defense stat.
106,x-y,The user stiffens all the muscles in its body to raise its Defense stat.
107,black-2-white-2,"The user compresses its body to make itself look smaller, which sharply raises its evasiveness."
107,black-white,"The user compresses its body to make itself look smaller, which sharply raises its evasiveness."
107,crystal,Heightens evasiveness.
107,diamond-pearl,The user compresses its body to make itself look smaller. The user’s evasion stat is boosted.
107,emerald,Minimizes the user’s size to raise evasiveness.
107,firered-leafgreen,The user compresses all the cells in its body to raise its evasiveness.
107,gold-silver,Heightens evasiveness.
107,heartgold-soulsilver,The user compresses its body to make itself look smaller. The user’s evasion stat is boosted.
107,lets-go-pikachu-lets-go-eevee,"The user compresses its body to make itself look smaller, which sharply raises its evasiveness."
107,omega-ruby-alpha-sapphire,"The user compresses its body to make itself look smaller, which sharply raises its evasiveness."
107,platinum,The user compresses its body to make itself look smaller. The user’s evasion stat is boosted.
107,ruby-sapphire,Minimizes the user’s size to raise evasiveness.
107,sun-moon,"The user compresses its body to make itself look smaller, which sharply raises its evasiveness."
107,sword-shield,"The user compresses its body to make itself look smaller, which sharply raises its evasiveness."
107,ultra-sun-ultra-moon,"The user compresses its body to make itself look smaller, which sharply raises its evasiveness."
107,x-y,"The user compresses its body to make itself look smaller, which sharply raises its evasiveness."
108,black-2-white-2,The user releases an obscuring cloud of smoke or ink. It reduces the target’s accuracy.
108,black-white,The user releases an obscuring cloud of smoke or ink. It reduces the target’s accuracy.
108,crystal,Lowers the foe's accuracy.
108,diamond-pearl,The user releases an obscuring cloud of smoke or ink. It reduces the foe’s accuracy.
108,emerald,"Lowers the foe’s accuracy using smoke, ink, etc."
108,firered-leafgreen,An obscuring cloud of smoke or ink reduces the foe’s accuracy.
108,gold-silver,Lowers the foe's accuracy.
108,heartgold-soulsilver,The user releases an obscuring cloud of smoke or ink. It reduces the foe’s accuracy.
108,lets-go-pikachu-lets-go-eevee,The user releases an obscuring cloud of smoke or ink. This lowers the target’s accuracy.
108,omega-ruby-alpha-sapphire,The user releases an obscuring cloud of smoke or ink. This lowers the target’s accuracy.
108,platinum,The user releases an obscuring cloud of smoke or ink. It reduces the foe’s accuracy.
108,ruby-sapphire,"Lowers the foe’s accuracy using smoke, ink, etc."
108,sun-moon,The user releases an obscuring cloud of smoke or ink. This lowers the target’s accuracy.
108,sword-shield,The user releases an obscuring cloud of smoke or ink. This lowers the target’s accuracy.
108,ultra-sun-ultra-moon,The user releases an obscuring cloud of smoke or ink. This lowers the target’s accuracy.
108,x-y,The user releases an obscuring cloud of smoke or ink. This lowers the target’s accuracy.
109,black-2-white-2,The target is exposed to a sinister ray that triggers confusion.
109,black-white,The target is exposed to a sinister ray that triggers confusion.
109,crystal,A move that causes confusion.
109,diamond-pearl,The foe is exposed to a sinister ray that triggers confusion.
109,emerald,A sinister ray that confuses the foe.
109,firered-leafgreen,The foe is exposed to a sinister ray that triggers confusion.
109,gold-silver,A move that causes confusion.
109,heartgold-soulsilver,The foe is exposed to a sinister ray that triggers confusion.
109,lets-go-pikachu-lets-go-eevee,The target is exposed to a sinister ray that triggers confusion.
109,omega-ruby-alpha-sapphire,The target is exposed to a sinister ray that triggers confusion.
109,platinum,The foe is exposed to a sinister ray that triggers confusion.
109,ruby-sapphire,A sinister ray that confuses the foe.
109,sun-moon,The target is exposed to a sinister ray that triggers confusion.
109,sword-shield,The target is exposed to a sinister ray that triggers confusion.
109,ultra-sun-ultra-moon,The target is exposed to a sinister ray that triggers confusion.
109,x-y,The target is exposed to a sinister ray that triggers confusion.
110,black-2-white-2,"The user withdraws its body into its hard shell, raising its Defense stat."
110,black-white,"The user withdraws its body into its hard shell, raising its Defense stat."
110,crystal,Heightens the user's DEFENSE.
110,diamond-pearl,"The user withdraws its body into its hard shell, raising its Defense stat."
110,emerald,Withdraws the body into its hard shell to raise DEFENSE.
110,firered-leafgreen,"The user withdraws its body in its hard shell, raising its DEFENSE stat."
110,gold-silver,Heightens the user's DEFENSE.
110,heartgold-soulsilver,"The user withdraws its body into its hard shell, raising its Defense stat."
110,lets-go-pikachu-lets-go-eevee,"The user withdraws its body into its hard shell, raising its Defense stat."
110,omega-ruby-alpha-sapphire,"The user withdraws its body into its hard shell, raising its Defense stat."
110,platinum,"The user withdraws its body into its hard shell, raising its Defense stat."
110,ruby-sapphire,Withdraws the body into its hard shell to raise DEFENSE.
110,sun-moon,"The user withdraws its body into its hard shell, raising its Defense stat."
110,sword-shield,"The user withdraws its body into its hard shell, raising its Defense stat."
110,ultra-sun-ultra-moon,"The user withdraws its body into its hard shell, raising its Defense stat."
110,x-y,"The user withdraws its body into its hard shell, raising its Defense stat."
111,black-2-white-2,The user curls up to conceal weak spots and raise its Defense stat.
111,black-white,The user curls up to conceal weak spots and raise its Defense stat.
111,crystal,Heightens the user's DEFENSE.
111,diamond-pearl,The user curls up to conceal weak spots and raise its Defense stat.
111,emerald,Curls up to conceal weak spots and raise DEFENSE.
111,firered-leafgreen,The user curls up to conceal weak spots and raise its DEFENSE stat.
111,gold-silver,Heightens the user's DEFENSE.
111,heartgold-soulsilver,The user curls up to conceal weak spots and raise its Defense stat.
111,lets-go-pikachu-lets-go-eevee,The user curls up to conceal weak spots and raise its Defense stat.
111,omega-ruby-alpha-sapphire,The user curls up to conceal weak spots and raise its Defense stat.
111,platinum,The user curls up to conceal weak spots and raise its Defense stat.
111,ruby-sapphire,Curls up to conceal weak spots and raise DEFENSE.
111,sun-moon,The user curls up to conceal weak spots and raise its Defense stat.
111,sword-shield,The user curls up to conceal weak spots and raise its Defense stat.
111,ultra-sun-ultra-moon,The user curls up to conceal weak spots and raise its Defense stat.
111,x-y,The user curls up to conceal weak spots and raise its Defense stat.
112,black-2-white-2,The user throws up a sturdy wall that sharply raises its Defense stat.
112,black-white,The user throws up a sturdy wall that sharply raises its Defense stat.
112,crystal,Sharply increases user's DEFENSE.
112,diamond-pearl,The user throws up a sturdy wall that sharply raises its Defense stat.
112,emerald,Creates a barrier that sharply raises DEFENSE.
112,firered-leafgreen,The user creates a sturdy wall that sharply raises its DEFENSE stat.
112,gold-silver,Sharply increases user's DEFENSE.
112,heartgold-soulsilver,The user throws up a sturdy wall that sharply raises its Defense stat.
112,lets-go-pikachu-lets-go-eevee,The user throws up a sturdy wall that sharply raises its Defense stat.
112,omega-ruby-alpha-sapphire,The user throws up a sturdy wall that sharply raises its Defense stat.
112,platinum,The user throws up a sturdy wall that sharply raises its Defense stat.
112,ruby-sapphire,Creates a barrier that sharply raises DEFENSE.
112,sun-moon,The user throws up a sturdy wall that sharply raises its Defense stat.
112,sword-shield,"This move can’t be used. It’s recommended that this move is forgotten. Once forgotten, this move can’t be remembered."
112,ultra-sun-ultra-moon,The user throws up a sturdy wall that sharply raises its Defense stat.
112,x-y,The user throws up a sturdy wall that sharply raises its Defense stat.
113,black-2-white-2,A wondrous wall of light is put up to suppress damage from special attacks for five turns.
113,black-white,A wondrous wall of light is put up to suppress damage from special attacks for five turns.
113,crystal,Ups SPCL.DEF with a wall of light.
113,diamond-pearl,A wondrous wall of light is put up to suppress damage from special attacks for five turns.
113,emerald,Creates a wall of light that lowers SP. ATK damage.
113,firered-leafgreen,A wall of light cuts damage from SP. ATK attacks for five turns.
113,gold-silver,Ups SPCL.DEF with a wall of light.
113,heartgold-soulsilver,A wondrous wall of light is put up to suppress damage from special attacks for five turns.
113,lets-go-pikachu-lets-go-eevee,A wondrous wall of light is put up to reduce damage from special attacks for five turns.
113,omega-ruby-alpha-sapphire,A wondrous wall of light is put up to reduce damage from special attacks for five turns.
113,platinum,A wondrous wall of light is put up to suppress damage from special attacks for five turns.
113,ruby-sapphire,Creates a wall of light that lowers SP. ATK damage.
113,sun-moon,A wondrous wall of light is put up to reduce damage from special attacks for five turns.
113,sword-shield,A wondrous wall of light is put up to reduce damage from special attacks for five turns.
113,ultra-sun-ultra-moon,A wondrous wall of light is put up to reduce damage from special attacks for five turns.
113,x-y,A wondrous wall of light is put up to reduce damage from special attacks for five turns.
114,black-2-white-2,The user creates a haze that eliminates every stat change among all the Pokémon engaged in battle.
114,black-white,The user creates a haze that eliminates every stat change among all the Pokémon engaged in battle.
114,crystal,Eliminates all stat changes.
114,diamond-pearl,The user creates a haze that eliminates every stat change among all the Pokémon engaged in battle.
114,emerald,Creates a black haze that eliminates all stat changes.
114,firered-leafgreen,Eliminates all stat changes among all POKéMON engaged in battle.
114,gold-silver,Eliminates all stat changes.
114,heartgold-soulsilver,The user creates a haze that eliminates every stat change among all the Pokémon engaged in battle.
114,lets-go-pikachu-lets-go-eevee,The user creates a haze that eliminates every stat change among all the Pokémon engaged in battle.
114,omega-ruby-alpha-sapphire,The user creates a haze that eliminates every stat change among all the Pokémon engaged in battle.
114,platinum,The user creates a haze that eliminates every stat change among all the Pokémon engaged in battle.
114,ruby-sapphire,Creates a black haze that eliminates all stat changes.
114,sun-moon,The user creates a haze that eliminates every stat change among all the Pokémon engaged in battle.
114,sword-shield,The user creates a haze that eliminates every stat change among all the Pokémon engaged in battle.
114,ultra-sun-ultra-moon,The user creates a haze that eliminates every stat change among all the Pokémon engaged in battle.
114,x-y,The user creates a haze that eliminates every stat change among all the Pokémon engaged in battle.
115,black-2-white-2,A wondrous wall of light is put up to suppress damage from physical attacks for five turns.
115,black-white,A wondrous wall of light is put up to suppress damage from physical attacks for five turns.
115,crystal,Raises DEFENSE with a barrier.
115,diamond-pearl,A wondrous wall of light is put up to suppress damage from physical attacks for five turns.
115,emerald,Creates a wall of light that weakens physical attacks.
115,firered-leafgreen,A wall of light cuts damage from physical attacks for five turns.
115,gold-silver,Raises DEFENSE with a barrier.
115,heartgold-soulsilver,A wondrous wall of light is put up to suppress damage from physical attacks for five turns.
115,lets-go-pikachu-lets-go-eevee,A wondrous wall of light is put up to reduce damage from physical attacks for five turns.
115,omega-ruby-alpha-sapphire,A wondrous wall of light is put up to reduce damage from physical attacks for five turns.
115,platinum,A wondrous wall of light is put up to suppress damage from physical attacks for five turns.
115,ruby-sapphire,Creates a wall of light that weakens physical attacks.
115,sun-moon,A wondrous wall of light is put up to reduce damage from physical attacks for five turns.
115,sword-shield,A wondrous wall of light is put up to reduce damage from physical attacks for five turns.
115,ultra-sun-ultra-moon,A wondrous wall of light is put up to reduce damage from physical attacks for five turns.
115,x-y,A wondrous wall of light is put up to reduce damage from physical attacks for five turns.
116,black-2-white-2,The user takes a deep breath and focuses so that critical hits land more easily.
116,black-white,The user takes a deep breath and focuses so that critical hits land more easily.
116,crystal,Raises the critical hit ratio.
116,diamond-pearl,The user takes a deep breath and focuses to raise the critical-hit ratio of its attacks.
116,emerald,Focuses power to raise the critical-hit ratio.
116,firered-leafgreen,The user takes a deep breath and focuses to raise its critical-hit ratio.
116,gold-silver,Raises the critical hit ratio.
116,heartgold-soulsilver,The user takes a deep breath and focuses to raise the critical-hit ratio of its attacks.
116,lets-go-pikachu-lets-go-eevee,The user takes a deep breath and focuses so that critical hits land more easily.
116,omega-ruby-alpha-sapphire,The user takes a deep breath and focuses so that critical hits land more easily.
116,platinum,The user takes a deep breath and focuses to raise the critical-hit ratio of its attacks.
116,ruby-sapphire,Focuses power to raise the critical-hit ratio.
116,sun-moon,The user takes a deep breath and focuses so that critical hits land more easily.
116,sword-shield,The user takes a deep breath and focuses so that critical hits land more easily.
116,ultra-sun-ultra-moon,The user takes a deep breath and focuses so that critical hits land more easily.
116,x-y,The user takes a deep breath and focuses so that critical hits land more easily.
117,black-2-white-2,"The user endures attacks for two turns, then strikes back to cause double the damage taken."
117,black-white,"The user endures attacks for two turns, then strikes back to cause double the damage taken."
117,crystal,Waits 2-3 turns & hits back double.
117,diamond-pearl,"The user endures attacks for two turns, then strikes back to cause double the damage taken."
117,emerald,Endures attack for 2 turns to retaliate double.
117,firered-leafgreen,"The user endures attacks for two turns, then strikes back double."
117,gold-silver,Waits 2-3 turns & hits back double.
117,heartgold-soulsilver,"The user endures attacks for two turns, then strikes back to cause double the damage taken."
117,lets-go-pikachu-lets-go-eevee,"The user endures attacks for two turns, then strikes back to cause double the damage taken."
117,omega-ruby-alpha-sapphire,"The user endures attacks for two turns, then strikes back to cause double the damage taken."
117,platinum,"The user endures attacks for two turns, then strikes back to cause double the damage taken."
117,ruby-sapphire,Endures attack for 2 turns to retaliate double.
117,sun-moon,"The user endures attacks for two turns, then strikes back to cause double the damage taken."
117,sword-shield,"This move can’t be used. It’s recommended that this move is forgotten. Once forgotten, this move can’t be remembered."
117,ultra-sun-ultra-moon,"The user endures attacks for two turns, then strikes back to cause double the damage taken."
117,x-y,"The user endures attacks for two turns, then strikes back to cause double the damage taken."
118,black-2-white-2,The user waggles a finger and stimulates its brain into randomly using nearly any move.
118,black-white,The user waggles a finger and stimulates its brain into randomly using nearly any move.
118,crystal,Randomly uses any POKéMON move.
118,diamond-pearl,The user waggles a finger and stimulates the brain into randomly using nearly any move.
118,emerald,Waggles a finger to use any POKéMON move at random.
118,firered-leafgreen,Waggles a finger and stimulates the brain into using any move at random.
118,gold-silver,Randomly uses any POKéMON move.
118,heartgold-soulsilver,The user waggles a finger and stimulates the brain into randomly using nearly any move.
118,lets-go-pikachu-lets-go-eevee,The user waggles a finger and stimulates its brain into randomly using nearly any move.
118,omega-ruby-alpha-sapphire,The user waggles a finger and stimulates its brain into randomly using nearly any move.
118,platinum,The user waggles a finger and stimulates the brain into randomly using nearly any move.
118,ruby-sapphire,Waggles a finger to use any POKéMON move at random.
118,sun-moon,The user waggles a finger and stimulates its brain into randomly using nearly any move.
118,sword-shield,The user waggles a finger and stimulates its brain into randomly using nearly any move.
118,ultra-sun-ultra-moon,The user waggles a finger and stimulates its brain into randomly using nearly any move.
118,x-y,The user waggles a finger and stimulates its brain into randomly using nearly any move.
119,black-2-white-2,The user counters the target by mimicking the target’s last move.
119,black-white,The user counters the target by mimicking the target’s last move.
119,crystal,Counters with the same move.
119,diamond-pearl,The user counters the foe by mimicking the move last used by the foe.
119,emerald,Counters the foe’s attack with the same move.
119,firered-leafgreen,The user counters the move last used by the foe with the same move.
119,gold-silver,Counters with the same move.
119,heartgold-soulsilver,The user counters the foe by mimicking the move last used by the foe.
119,lets-go-pikachu-lets-go-eevee,The user counters the target by mimicking the target’s last move.
119,omega-ruby-alpha-sapphire,The user counters the target by mimicking the target’s last move.
119,platinum,The user counters the foe by mimicking the move last used by the foe.
119,ruby-sapphire,Counters the foe’s attack with the same move.
119,sun-moon,The user counters the target by mimicking the target’s last move.
119,sword-shield,"This move can’t be used. It’s recommended that this move is forgotten. Once forgotten, this move can’t be remembered."
119,ultra-sun-ultra-moon,The user counters the target by mimicking the target’s last move.
119,x-y,The user counters the target by mimicking the target’s last move.
120,black-2-white-2,The user attacks everything around it by causing an explosion. The user faints upon using this move.
120,black-white,The user attacks everything around it by causing an explosion. The user faints upon using this move.
120,crystal,Powerful but makes the user faint.
120,diamond-pearl,The user blows up to inflict damage on all Pokémon in battle. The user faints upon using this move.
120,emerald,Inflicts severe damage but makes the user faint.
120,firered-leafgreen,"The user blows up to inflict severe damage, even making itself faint."
120,gold-silver,Powerful but makes the user faint.
120,heartgold-soulsilver,The user blows up to inflict damage on all Pokémon in battle. The user faints upon using this move.
120,lets-go-pikachu-lets-go-eevee,The user attacks everything around it by causing an explosion. The user faints upon using this move.
120,omega-ruby-alpha-sapphire,The user attacks everything around it by causing an explosion. The user faints upon using this move.
120,platinum,The user blows up to inflict damage on all Pokémon in battle. The user faints upon using this move.
120,ruby-sapphire,Inflicts severe damage but makes the user faint.
120,sun-moon,The user attacks everything around it by causing an explosion. The user faints upon using this move.
120,sword-shield,The user attacks everything around it by causing an explosion. The user faints upon using this move.
120,ultra-sun-ultra-moon,The user attacks everything around it by causing an explosion. The user faints upon using this move.
120,x-y,The user attacks everything around it by causing an explosion. The user faints upon using this move.
121,black-2-white-2,A large egg is hurled at the target with maximum force to inflict damage.
121,black-white,A large egg is hurled at the target with maximum force to inflict damage.
121,crystal,Eggs are hurled at the foe.
121,diamond-pearl,A large egg is hurled with maximum force at the foe to inflict damage.
121,emerald,An egg is forcibly hurled at the foe.
121,firered-leafgreen,A large egg is hurled with great force at the foe to inflict damage.
121,gold-silver,Eggs are hurled at the foe.
121,heartgold-soulsilver,A large egg is hurled with maximum force at the foe to inflict damage.
121,lets-go-pikachu-lets-go-eevee,A large egg is hurled at the target with maximum force to inflict damage.
121,omega-ruby-alpha-sapphire,A large egg is hurled at the target with maximum force to inflict damage.
121,platinum,A large egg is hurled with maximum force at the foe to inflict damage.
121,ruby-sapphire,An egg is forcibly hurled at the foe.
121,sun-moon,A large egg is hurled at the target with maximum force to inflict damage.
121,sword-shield,"This move can’t be used. It’s recommended that this move is forgotten. Once forgotten, this move can’t be remembered."
121,ultra-sun-ultra-moon,A large egg is hurled at the target with maximum force to inflict damage.
121,x-y,A large egg is hurled at the target with maximum force to inflict damage.
122,black-2-white-2,"The target is licked with a long tongue, causing damage. It may also leave the target with paralysis."
122,black-white,"The target is licked with a long tongue, causing damage. It may also leave the target with paralysis."
122,crystal,An attack that may cause paralysis.
122,diamond-pearl,"The foe is licked with a long tongue, causing damage. It may also paralyze the target."
122,emerald,Licks with a long tongue to injure. May also paralyze.
122,firered-leafgreen,The foe is licked and hit with a long tongue. It may also paralyze.
122,gold-silver,An attack that may cause paralysis.
122,heartgold-soulsilver,"The foe is licked with a long tongue, causing damage. It may also paralyze the target."
122,lets-go-pikachu-lets-go-eevee,"The target is licked with a long tongue, causing damage. This may also leave the target with paralysis."
122,omega-ruby-alpha-sapphire,"The target is licked with a long tongue, causing damage. This may also leave the target with paralysis."
122,platinum,"The foe is licked with a long tongue, causing damage. It may also paralyze the target."
122,ruby-sapphire,Licks with a long tongue to injure. May also paralyze.
122,sun-moon,"The target is licked with a long tongue, causing damage. This may also leave the target with paralysis."
122,sword-shield,"The target is licked with a long tongue, causing damage. This may also leave the target with paralysis."
122,ultra-sun-ultra-moon,"The target is licked with a long tongue, causing damage. This may also leave the target with paralysis."
122,x-y,"The target is licked with a long tongue, causing damage. This may also leave the target with paralysis."
123,black-2-white-2,The target is attacked with a discharge of filthy gases. It may also poison the target.
123,black-white,The target is attacked with a discharge of filthy gases. It may also poison the target.
123,crystal,An attack that may poison the foe.
123,diamond-pearl,The foe is attacked with a discharge of filthy gases. It may also poison the target.
123,emerald,An exhaust-gas attack that may also poison.
123,firered-leafgreen,The foe is attacked with exhaust gases. It may also poison the foe.
123,gold-silver,An attack that may poison the foe.
123,heartgold-soulsilver,The foe is attacked with a discharge of filthy gases. It may also poison the target.
123,lets-go-pikachu-lets-go-eevee,The target is attacked with a discharge of filthy gases. This may also poison the target.
123,omega-ruby-alpha-sapphire,The target is attacked with a discharge of filthy gases. This may also poison the target.
123,platinum,The foe is attacked with a discharge of filthy gases. It may also poison the target.
123,ruby-sapphire,An exhaust-gas attack that may also poison.
123,sun-moon,The target is attacked with a discharge of filthy gases. This may also poison the target.
123,sword-shield,The target is attacked with a discharge of filthy gases. This may also poison the target.
123,ultra-sun-ultra-moon,The target is attacked with a discharge of filthy gases. This may also poison the target.
123,x-y,The target is attacked with a discharge of filthy gases. This may also poison the target.
124,black-2-white-2,Unsanitary sludge is hurled at the target. It may also poison the target.
124,black-white,Unsanitary sludge is hurled at the target. It may also poison the target.
124,crystal,An attack that may poison the foe.
124,diamond-pearl,Unsanitary sludge is hurled at the foe. It may also poison the target.
124,emerald,Sludge is hurled to inflict damage. May also poison.
124,firered-leafgreen,Toxic sludge is hurled at the foe. It may poison the target.
124,gold-silver,An attack that may poison the foe.
124,heartgold-soulsilver,Unsanitary sludge is hurled at the foe. It may also poison the target.
124,lets-go-pikachu-lets-go-eevee,Unsanitary sludge is hurled at the target. This may also poison the target.
124,omega-ruby-alpha-sapphire,Unsanitary sludge is hurled at the target. This may also poison the target.
124,platinum,Unsanitary sludge is hurled at the foe. It may also poison the target.
124,ruby-sapphire,Sludge is hurled to inflict damage. May also poison.
124,sun-moon,Unsanitary sludge is hurled at the target. This may also poison the target.
124,sword-shield,Unsanitary sludge is hurled at the target. This may also poison the target.
124,ultra-sun-ultra-moon,Unsanitary sludge is hurled at the target. This may also poison the target.
124,x-y,Unsanitary sludge is hurled at the target. This may also poison the target.
125,black-2-white-2,The user clubs the target with a bone. It may also make the target flinch.
125,black-white,The user clubs the target with a bone. It may also make the target flinch.
125,crystal,An attack that may cause flinching.
125,diamond-pearl,The user clubs the foe with a bone. It may also make the target flinch.
125,emerald,Clubs the foe with a bone. May cause flinching.
125,firered-leafgreen,The foe is clubbed with a bone held in hand. It may make the foe flinch.
125,gold-silver,An attack that may cause flinching.
125,heartgold-soulsilver,The user clubs the foe with a bone. It may also make the target flinch.
125,lets-go-pikachu-lets-go-eevee,The user clubs the target with a bone. This may also make the target flinch.
125,omega-ruby-alpha-sapphire,The user clubs the target with a bone. This may also make the target flinch.
125,platinum,The user clubs the foe with a bone. It may also make the target flinch.
125,ruby-sapphire,Clubs the foe with a bone. May cause flinching.
125,sun-moon,The user clubs the target with a bone. This may also make the target flinch.
125,sword-shield,"This move can’t be used. It’s recommended that this move is forgotten. Once forgotten, this move can’t be remembered."
125,ultra-sun-ultra-moon,The user clubs the target with a bone. This may also make the target flinch.
125,x-y,The user clubs the target with a bone. This may also make the target flinch.
126,black-2-white-2,The target is attacked with an intense blast of all-consuming fire. It may also leave the target with a burn.
126,black-white,The target is attacked with an intense blast of all-consuming fire. It may also leave the target with a burn.
126,crystal,An attack that may cause a burn.
126,diamond-pearl,The foe is attacked with an intense blast of all-consuming fire. It may also leave the target with a burn.
126,emerald,Incinerates everything it strikes. May cause a burn.
126,firered-leafgreen,The foe is hit with an intense flame. It may leave the target with a burn.
126,gold-silver,An attack that may cause a burn.
126,heartgold-soulsilver,The foe is attacked with an intense blast of all-consuming fire. It may also leave the target with a burn.
126,lets-go-pikachu-lets-go-eevee,The target is attacked with an intense blast of all-consuming fire. This may also leave the target with a burn.
126,omega-ruby-alpha-sapphire,The target is attacked with an intense blast of all-consuming fire. This may also leave the target with a burn.
126,platinum,The foe is attacked with an intense blast of all-consuming fire. It may also leave the target with a burn.
126,ruby-sapphire,A fiery blast that scorches all. May cause a burn.
126,sun-moon,The target is attacked with an intense blast of all-consuming fire. This may also leave the target with a burn.
126,sword-shield,The target is attacked with an intense blast of all-consuming fire. This may also leave the target with a burn.
126,ultra-sun-ultra-moon,The target is attacked with an intense blast of all-consuming fire. This may also leave the target with a burn.
126,x-y,The target is attacked with an intense blast of all-consuming fire. This may also leave the target with a burn.
127,black-2-white-2,The user charges at the target and may make it flinch. It can also be used to climb a waterfall.
127,black-white,The user charges at the target and may make it flinch. It can also be used to climb a waterfall.
127,crystal,An aquatic charge attack.
127,diamond-pearl,The user charges the foe at an awesome speed. It can also be used to climb a waterfall.
127,emerald,Charges the foe with speed to climb waterfalls.
127,firered-leafgreen,A powerful charge attack. It can also be used to climb a waterfall.
127,gold-silver,An aquatic charge attack.
127,heartgold-soulsilver,"The user charges at the foe rapidly, and may make it flinch. It can also be used to climb a waterfall."
127,lets-go-pikachu-lets-go-eevee,The user charges at the target and may make it flinch.
127,omega-ruby-alpha-sapphire,The user charges at the target and may make it flinch. This can also be used to climb a waterfall.
127,platinum,The user charges the foe at an awesome speed. It can also be used to climb a waterfall.
127,ruby-sapphire,Charges the foe with speed to climb waterfalls.
127,sun-moon,The user charges at the target and may make it flinch.
127,sword-shield,The user charges at the target and may make it flinch.
127,ultra-sun-ultra-moon,The user charges at the target and may make it flinch.
127,x-y,The user charges at the target and may make it flinch. This can also be used to climb a waterfall.
128,black-2-white-2,The target is clamped and squeezed by the user’s very thick and sturdy shell for four to five turns.
128,black-white,The target is clamped and squeezed by the user’s very thick and sturdy shell for four to five turns.
128,crystal,Traps the foe for 2-5 turns.
128,diamond-pearl,The foe is clamped and squeezed by the user’s very thick and sturdy shell for two to five turns.
128,emerald,Traps and squeezes the foe for 2 to 5 turns.
128,firered-leafgreen,The foe is clamped and squeezed by the user’s shell for two to five turns.
128,gold-silver,Traps the foe for 2-5 turns.
128,heartgold-soulsilver,The foe is clamped and squeezed by the user’s very thick and sturdy shell for two to five turns.
128,lets-go-pikachu-lets-go-eevee,The target is clamped and squeezed by the user’s very thick and sturdy shell for four to five turns.
128,omega-ruby-alpha-sapphire,The target is clamped and squeezed by the user’s very thick and sturdy shell for four to five turns.
128,platinum,The foe is clamped and squeezed by the user’s very thick and sturdy shell for two to five turns.
128,ruby-sapphire,Traps and squeezes the foe for 2 to 5 turns.
128,sun-moon,The target is clamped and squeezed by the user’s very thick and sturdy shell for four to five turns.
128,sword-shield,"This move can’t be used. It’s recommended that this move is forgotten. Once forgotten, this move can’t be remembered."
128,ultra-sun-ultra-moon,The target is clamped and squeezed by the user’s very thick and sturdy shell for four to five turns.
128,x-y,The target is clamped and squeezed by the user’s very thick and sturdy shell for four to five turns.
129,black-2-white-2,Star-shaped rays are shot at the opposing team. This attack never misses.
129,black-white,Star-shaped rays are shot at the opposing team. This attack never misses.
129,crystal,An attack that never misses.
129,diamond-pearl,Star-shaped rays are shot at the foe. This attack never misses.
129,emerald,Sprays star-shaped rays that never miss.
129,firered-leafgreen,Star-shaped rays that never miss are fired at all foes in battle.
129,gold-silver,An attack that never misses.
129,heartgold-soulsilver,Star-shaped rays are shot at the foe. This attack never misses.
129,lets-go-pikachu-lets-go-eevee,Star-shaped rays are shot at the opposing Pokémon. This attack never misses.
129,omega-ruby-alpha-sapphire,Star-shaped rays are shot at the opposing Pokémon. This attack never misses.
129,platinum,Star-shaped rays are shot at the foe. This attack never misses.
129,ruby-sapphire,Sprays star-shaped rays that never miss.
129,sun-moon,Star-shaped rays are shot at the opposing Pokémon. This attack never misses.
129,sword-shield,Star-shaped rays are shot at opposing Pokémon. This attack never misses.
129,ultra-sun-ultra-moon,Star-shaped rays are shot at the opposing Pokémon. This attack never misses.
129,x-y,Star-shaped rays are shot at the opposing Pokémon. This attack never misses.
130,black-2-white-2,"The user tucks in its head to raise its Defense in the first turn, then rams the target on the next turn."
130,black-white,"The user tucks in its head to raise its Defense in the first turn, then rams the target on the next turn."
130,crystal,1st turn: Prepare 2nd turn: Attack
130,diamond-pearl,"The user tucks in its head to raise its Defense in the first turn, then rams the foe on the next turn."
130,emerald,"Tucks in the head, then attacks on the next turn."
130,firered-leafgreen,"The user raises its DEFENSE in the 1st turn, then attacks in the 2nd turn."
130,gold-silver,1st turn: Prepare 2nd turn: Attack
130,heartgold-soulsilver,"The user tucks in its head to raise its Defense in the first turn, then rams the foe on the next turn."
130,lets-go-pikachu-lets-go-eevee,"The user tucks in its head to raise its Defense stat on the first turn, then rams the target on the next turn."
130,omega-ruby-alpha-sapphire,"The user tucks in its head to raise its Defense in the first turn, then rams the target on the next turn."
130,platinum,"The user tucks in its head to raise its Defense in the first turn, then rams the foe on the next turn."
130,ruby-sapphire,"Tucks in the head, then attacks on the next turn."
130,sun-moon,"The user tucks in its head to raise its Defense stat on the first turn, then rams the target on the next turn."
130,sword-shield,"The user tucks in its head to raise its Defense stat on the first turn, then rams the target on the next turn."
130,ultra-sun-ultra-moon,"The user tucks in its head to raise its Defense stat on the first turn, then rams the target on the next turn."
130,x-y,"The user tucks in its head to raise its Defense in the first turn, then rams the target on the next turn."
131,black-2-white-2,Sharp spikes are shot at the target in rapid succession. They hit two to five times in a row.
131,black-white,Sharp spikes are shot at the target in rapid succession. They hit two to five times in a row.
131,crystal,Fires spikes to hit 2-5 times.
131,diamond-pearl,Sharp spikes are fired at the foe to strike two to five times in rapid succession.
131,emerald,Launches sharp spikes that strike 2 to 5 times.
131,firered-leafgreen,Sharp spikes are fired at the foe to strike two to five times.
131,gold-silver,Fires spikes to hit 2-5 times.
131,heartgold-soulsilver,Sharp spikes are fired at the foe to strike two to five times in rapid succession.
131,lets-go-pikachu-lets-go-eevee,Sharp spikes are shot at the target in rapid succession. They hit two to five times in a row.
131,omega-ruby-alpha-sapphire,Sharp spikes are shot at the target in rapid succession. They hit two to five times in a row.
131,platinum,Sharp spikes are fired at the foe to strike two to five times in rapid succession.
131,ruby-sapphire,Launches sharp spikes that strike 2 to 5 times.
131,sun-moon,Sharp spikes are shot at the target in rapid succession. They hit two to five times in a row.
131,sword-shield,"This move can’t be used. It’s recommended that this move is forgotten. Once forgotten, this move can’t be remembered."
131,ultra-sun-ultra-moon,Sharp spikes are shot at the target in rapid succession. They hit two to five times in a row.
131,x-y,Sharp spikes are shot at the target in rapid succession. They hit two to five times in a row.
132,black-2-white-2,"The target is attacked with long, creeping tentacles or vines. It may also lower the target’s Speed stat."
132,black-white,"The target is attacked with long, creeping tentacles or vines. It may also lower the target’s Speed stat."
132,crystal,An attack that may lower SPEED.
132,diamond-pearl,"The foe is attacked with long, creeping tentacles or vines. It may also lower the target’s Speed."
132,emerald,Constricts to inflict pain. May lower SPEED.
132,firered-leafgreen,The foe is attacked with long tentacles or vines. It may lower SPEED.
132,gold-silver,An attack that may lower SPEED.
132,heartgold-soulsilver,"The foe is attacked with long, creeping tentacles or vines. It may also lower the target’s Speed."
132,lets-go-pikachu-lets-go-eevee,"The target is attacked with long, creeping tentacles, vines, or the like. This may also lower the target’s Speed stat."
132,omega-ruby-alpha-sapphire,"The target is attacked with long, creeping tentacles or vines. This may also lower the target’s Speed stat."
132,platinum,"The foe is attacked with long, creeping tentacles or vines. It may also lower the target’s Speed."
132,ruby-sapphire,Constricts to inflict pain. May lower SPEED.
132,sun-moon,"The target is attacked with long, creeping tentacles, vines, or the like. This may also lower the target’s Speed stat."
132,sword-shield,"This move can’t be used. It’s recommended that this move is forgotten. Once forgotten, this move can’t be remembered."
132,ultra-sun-ultra-moon,"The target is attacked with long, creeping tentacles, vines, or the like. This may also lower the target’s Speed stat."
132,x-y,"The target is attacked with long, creeping tentacles or vines. This may also lower the target’s Speed stat."
133,black-2-white-2,The user temporarily empties its mind to forget its concerns. It sharply raises the user’s Sp. Def stat.
133,black-white,The user temporarily empties its mind to forget its concerns. It sharply raises the user’s Sp. Def stat.
133,crystal,Sharply raises the user's SPCL.DEF.
133,diamond-pearl,The user temporarily empties its mind to forget its concerns. It sharply raises the user’s Sp. Def stat.
133,emerald,Forgets about something and sharply raises SP. DEF.
133,firered-leafgreen,Forgets about something and sharply raises SP. DEF.
133,gold-silver,Sharply raises the user's SPCL.DEF.
133,heartgold-soulsilver,The user temporarily empties its mind to forget its concerns. It sharply raises the user’s Sp. Def stat.
133,lets-go-pikachu-lets-go-eevee,The user temporarily empties its mind to forget its concerns. This sharply raises the user’s Sp. Def stat.
133,omega-ruby-alpha-sapphire,The user temporarily empties its mind to forget its concerns. This sharply raises the user’s Sp. Def stat.
133,platinum,The user temporarily empties its mind to forget its concerns. It sharply raises the user’s Sp. Def stat.
133,ruby-sapphire,Forgets about something and sharply raises SP. DEF.
133,sun-moon,The user temporarily empties its mind to forget its concerns. This sharply raises the user’s Sp. Def stat.
133,sword-shield,The user temporarily empties its mind to forget its concerns. This sharply raises the user’s Sp. Def stat.
133,ultra-sun-ultra-moon,The user temporarily empties its mind to forget its concerns. This sharply raises the user’s Sp. Def stat.
133,x-y,The user temporarily empties its mind to forget its concerns. This sharply raises the user’s Sp. Def stat.
134,black-2-white-2,The user distracts the target by bending a spoon. It lowers the target’s accuracy.
134,black-white,The user distracts the target by bending a spoon. It lowers the target’s accuracy.
134,crystal,Reduces the foe's accuracy.
134,diamond-pearl,The user distracts the foe by bending a spoon. It may lower the target’s accuracy.
134,emerald,Distracts the foe. May lower accuracy.
134,firered-leafgreen,The user distracts the foe by bending a spoon. It may lower accuracy.
134,gold-silver,Reduces the foe's accuracy.
134,heartgold-soulsilver,The user distracts the foe by bending a spoon. It may lower the target’s accuracy.
134,lets-go-pikachu-lets-go-eevee,The user distracts the target by bending a spoon. This lowers the target’s accuracy.
134,omega-ruby-alpha-sapphire,The user distracts the target by bending a spoon. This lowers the target’s accuracy.
134,platinum,The user distracts the foe by bending a spoon. It may lower the target’s accuracy.
134,ruby-sapphire,Distracts the foe. May lower accuracy.
134,sun-moon,The user distracts the target by bending a spoon. This lowers the target’s accuracy.
134,sword-shield,The user distracts the target by bending a spoon. This lowers the target’s accuracy.
134,ultra-sun-ultra-moon,The user distracts the target by bending a spoon. This lowers the target’s accuracy.
134,x-y,The user distracts the target by bending a spoon. This lowers the target’s accuracy.
135,black-2-white-2,The user restores its own HP by up to half of its maximum HP. May also be used in the field to heal HP.
135,black-white,The user restores its own HP by up to half of its maximum HP. May also be used in the field to heal HP.
135,crystal,Restores HP by 1/2 the user's max HP.
135,diamond-pearl,The user restores its own HP by up to half of its max HP. May be used in the field to heal HP.
135,emerald,Recovers up to half the user’s maximum HP.
135,firered-leafgreen,Heals the user by up to half its full HP. It can be used to heal an ally.
135,gold-silver,Restores HP by 1/2 the user's max HP.
135,heartgold-soulsilver,The user restores its own HP by up to half of its maximum HP. It may also be used to heal an ally’s HP.
135,lets-go-pikachu-lets-go-eevee,The user restores its own HP by up to half of its max HP.
135,omega-ruby-alpha-sapphire,The user restores its own HP by up to half of its max HP. May also be used in the field to heal HP.
135,platinum,The user restores its own HP by up to half of its maximum HP. It may also be used to heal an ally’s HP.
135,ruby-sapphire,Recovers up to half the user’s maximum HP.
135,sun-moon,The user restores its own HP by up to half of its max HP.
135,sword-shield,The user restores its own HP by up to half of its max HP.
135,ultra-sun-ultra-moon,The user restores its own HP by up to half of its max HP.
135,x-y,The user restores its own HP by up to half of its max HP. May also be used in the field to heal HP.
136,black-2-white-2,"The target is attacked with a knee kick from a jump. If it misses, the user is hurt instead."
136,black-white,"The target is attacked with a knee kick from a jump. If it misses, the user is hurt instead."
136,crystal,May miss and hurt the user.
136,diamond-pearl,"The foe is attacked with a knee kick from a jump. If it misses, the user is hurt instead."
136,emerald,"A jumping knee kick. If it misses, the user is hurt."
136,firered-leafgreen,"A strong jumping knee kick. If it misses, the user is hurt."
136,gold-silver,May miss and hurt the user.
136,heartgold-soulsilver,"The foe is attacked with a knee kick from a jump. If it misses, the user is hurt instead."
136,lets-go-pikachu-lets-go-eevee,"The target is attacked with a knee kick from a jump. If it misses, the user is hurt instead."
136,omega-ruby-alpha-sapphire,"The target is attacked with a knee kick from a jump. If it misses, the user is hurt instead."
136,platinum,"The foe is attacked with a knee kick from a jump. If it misses, the user is hurt instead."
136,ruby-sapphire,"A jumping knee kick. If it misses, the user is hurt."
136,sun-moon,"The target is attacked with a knee kick from a jump. If it misses, the user is hurt instead."
136,sword-shield,"The target is attacked with a knee kick from a jump. If it misses, the user is hurt instead."
136,ultra-sun-ultra-moon,"The target is attacked with a knee kick from a jump. If it misses, the user is hurt instead."
136,x-y,"The target is attacked with a knee kick from a jump. If it misses, the user is hurt instead."
137,black-2-white-2,The user intimidates the target with the pattern on its belly to cause paralysis.
137,black-white,The user intimidates the target with the pattern on its belly to cause paralysis.
137,crystal,A move that may cause paralysis.
137,diamond-pearl,The user intimidates the foe with the pattern on its belly to cause paralysis.
137,emerald,Intimidates and frightens the foe into paralysis.
137,firered-leafgreen,The user intimidates the foe with the design on its belly to cause paralysis.
137,gold-silver,A move that may cause paralysis.
137,heartgold-soulsilver,The user intimidates the foe with the pattern on its belly to cause paralysis.
137,lets-go-pikachu-lets-go-eevee,The user intimidates the target with the pattern on its belly to cause paralysis.
137,omega-ruby-alpha-sapphire,The user intimidates the target with the pattern on its belly to cause paralysis.
137,platinum,The user intimidates the foe with the pattern on its belly to cause paralysis.
137,ruby-sapphire,Intimidates and frightens the foe into paralysis.
137,sun-moon,The user intimidates the target with the pattern on its belly to cause paralysis.
137,sword-shield,The user intimidates the target with the pattern on its belly to cause paralysis.
137,ultra-sun-ultra-moon,The user intimidates the target with the pattern on its belly to cause paralysis.
137,x-y,The user intimidates the target with the pattern on its belly to cause paralysis.
138,black-2-white-2,The user eats the dreams of a sleeping target. It absorbs half the damage caused to heal the user’s HP.
138,black-white,The user eats the dreams of a sleeping target. It absorbs half the damage caused to heal the user’s HP.
138,crystal,Steals HP from a sleeping victim.
138,diamond-pearl,An attack that works only on a sleeping foe. It absorbs half the damage caused to heal the user’s HP.
138,emerald,Takes one half the damage inflicted on a sleeping foe.
138,firered-leafgreen,Absorbs half the damage it inflicted on a sleeping foe to restore HP.
138,gold-silver,Steals HP from a sleeping victim.
138,heartgold-soulsilver,An attack that works only on a sleeping foe. It absorbs half the damage caused to heal the user’s HP.
138,lets-go-pikachu-lets-go-eevee,The user eats the dreams of a sleeping target. It absorbs half the damage caused to heal its own HP.
138,omega-ruby-alpha-sapphire,The user eats the dreams of a sleeping target. It absorbs half the damage caused to heal its own HP.
138,platinum,An attack that works only on a sleeping foe. It absorbs half the damage caused to heal the user’s HP.
138,ruby-sapphire,Takes one half the damage inflicted on a sleeping foe.
138,sun-moon,The user eats the dreams of a sleeping target. It absorbs half the damage caused to heal its own HP.
138,sword-shield,The user eats the dreams of a sleeping target. The user’s HP is restored by half the damage taken by the target.
138,ultra-sun-ultra-moon,The user eats the dreams of a sleeping target. It absorbs half the damage caused to heal its own HP.
138,x-y,The user eats the dreams of a sleeping target. It absorbs half the damage caused to heal its own HP.
139,black-2-white-2,A cloud of poison gas is sprayed in the face of opposing Pokémon. It may poison those hit.
139,black-white,A cloud of poison gas is sprayed in the face of opposing Pokémon. It may poison those hit.
139,crystal,A move that may poison the foe.
139,diamond-pearl,A cloud of poison gas is sprayed in the foe’s face. It may poison the target.
139,emerald,Envelops the foe in a toxic gas that may poison.
139,firered-leafgreen,The foe is sprayed with a cloud of toxic gas that may poison the foe.
139,gold-silver,A move that may poison the foe.
139,heartgold-soulsilver,A cloud of poison gas is sprayed in the foe’s face. It may poison the target.
139,lets-go-pikachu-lets-go-eevee,"A cloud of poison gas is sprayed in the face of opposing Pokémon, poisoning those it hits."
139,omega-ruby-alpha-sapphire,A cloud of poison gas is sprayed in the face of opposing Pokémon. This may also poison those hit.
139,platinum,A cloud of poison gas is sprayed in the foe’s face. It may poison the target.
139,ruby-sapphire,Envelops the foe in a toxic gas that may poison.
139,sun-moon,"A cloud of poison gas is sprayed in the face of opposing Pokémon, poisoning those hit."
139,sword-shield,"A cloud of poison gas is sprayed in the face of opposing Pokémon, poisoning those it hits."
139,ultra-sun-ultra-moon,"A cloud of poison gas is sprayed in the face of opposing Pokémon, poisoning those hit."
139,x-y,A cloud of poison gas is sprayed in the face of opposing Pokémon. This may also poison those hit.
140,black-2-white-2,Round objects are hurled at the target to strike two to five times in a row.
140,black-white,Round objects are hurled at the target to strike two to five times in a row.
140,crystal,Throws orbs to hit 2-5 times.
140,diamond-pearl,Round objects are hurled at the foe to strike two to five times in a row.
140,emerald,Hurls round objects at the foe 2 to 5 times.
140,firered-leafgreen,Round objects are hurled at the foe to strike two to five times.
140,gold-silver,Throws orbs to hit 2-5 times.
140,heartgold-soulsilver,Round objects are hurled at the foe to strike two to five times in a row.
140,lets-go-pikachu-lets-go-eevee,Round objects are hurled at the target to strike two to five times in a row.
140,omega-ruby-alpha-sapphire,Round objects are hurled at the target to strike two to five times in a row.
140,platinum,Round objects are hurled at the foe to strike two to five times in a row.
140,ruby-sapphire,Hurls round objects at the foe 2 to 5 times.
140,sun-moon,Round objects are hurled at the target to strike two to five times in a row.
140,sword-shield,"This move can’t be used. It’s recommended that this move is forgotten. Once forgotten, this move can’t be remembered."
140,ultra-sun-ultra-moon,Round objects are hurled at the target to strike two to five times in a row.
140,x-y,Round objects are hurled at the target to strike two to five times in a row.
141,black-2-white-2,The user drains the target’s blood. The user’s HP is restored by half the damage taken by the target.
141,black-white,The user drains the target’s blood. The user’s HP is restored by half the damage taken by the target.
141,crystal,Steals 1/2 of the damage inflicted.
141,diamond-pearl,A blood-draining attack. The user’s HP is restored by half the damage taken by the target.
141,emerald,An attack that steals half the damage inflicted.
141,firered-leafgreen,An attack that absorbs half the damage it inflicted to restore HP.
141,gold-silver,Steals 1/2 of the damage inflicted.
141,heartgold-soulsilver,A blood-draining attack. The user’s HP is restored by half the damage taken by the target.
141,lets-go-pikachu-lets-go-eevee,The user drains the target’s blood. The user’s HP is restored by half the damage taken by the target.
141,omega-ruby-alpha-sapphire,The user drains the target’s blood. The user’s HP is restored by half the damage taken by the target.
141,platinum,A blood-draining attack. The user’s HP is restored by half the damage taken by the target.
141,ruby-sapphire,An attack that steals half the damage inflicted.
141,sun-moon,The user drains the target’s blood. The user’s HP is restored by half the damage taken by the target.
141,sword-shield,The user drains the target’s blood. The user’s HP is restored by half the damage taken by the target.
141,ultra-sun-ultra-moon,The user drains the target’s blood. The user’s HP is restored by half the damage taken by the target.
141,x-y,The user drains the target’s blood. The user’s HP is restored by half the damage taken by the target.
142,black-2-white-2,"With a scary face, the user tries to force a kiss on the target. If it succeeds, the target falls asleep."
142,black-white,"With a scary face, the user tries to force a kiss on the target. If it succeeds, the target falls asleep."
142,crystal,May cause the foe to fall asleep.
142,diamond-pearl,"With a scary face, the user forces a kiss on the foe. It may make the target fall asleep."
142,emerald,Demands a kiss with a scary face that induces sleep.
142,firered-leafgreen,The user forces a kiss on the foe with a scary face that induces sleep.
142,gold-silver,May cause the foe to fall asleep.
142,heartgold-soulsilver,"With a scary face, the user tries to force a kiss on the foe. If it succeeds, the target falls asleep."
142,lets-go-pikachu-lets-go-eevee,"With a scary face, the user tries to force a kiss on the target. If it succeeds, the target falls asleep."
142,omega-ruby-alpha-sapphire,"With a scary face, the user tries to force a kiss on the target. If it succeeds, the target falls asleep."
142,platinum,"With a scary face, the user forces a kiss on the foe. It may make the target fall asleep."
142,ruby-sapphire,Demands a kiss with a scary face that induces sleep.
142,sun-moon,"With a scary face, the user tries to force a kiss on the target. If it succeeds, the target falls asleep."
142,sword-shield,"With a scary face, the user tries to force a kiss on the target. If it succeeds, the target falls asleep."
142,ultra-sun-ultra-moon,"With a scary face, the user tries to force a kiss on the target. If it succeeds, the target falls asleep."
142,x-y,"With a scary face, the user tries to force a kiss on the target. If it succeeds, the target falls asleep."
143,black-2-white-2,A second-turn attack move where critical hits land more easily. It may also make the target flinch.
143,black-white,A second-turn attack move where critical hits land more easily. It may also make the target flinch.
143,crystal,1st turn: Prepare 2nd turn: Attack
143,diamond-pearl,A second-turn attack move with a high critical-hit ratio. It may also make the target flinch.
143,emerald,"Searches out weak spots, then strikes the next turn."
143,firered-leafgreen,A 2nd-turn attack move with a high critical-hit ratio. The foe may flinch.
143,gold-silver,1st turn: Prepare 2nd turn: Attack
143,heartgold-soulsilver,A second-turn attack move with a high critical-hit ratio. It may also make the target flinch.
143,lets-go-pikachu-lets-go-eevee,A second-turn attack move where critical hits land more easily. This may also make the target flinch.
143,omega-ruby-alpha-sapphire,A second-turn attack move where critical hits land more easily. This may also make the target flinch.
143,platinum,A second-turn attack move with a high critical-hit ratio. It may also make the target flinch.
143,ruby-sapphire,"Searches out weak spots, then strikes the next turn."
143,sun-moon,A second-turn attack move where critical hits land more easily. This may also make the target flinch.
143,sword-shield,A second-turn attack move where critical hits land more easily. This may also make the target flinch.
143,ultra-sun-ultra-moon,A second-turn attack move where critical hits land more easily. This may also make the target flinch.
143,x-y,A second-turn attack move where critical hits land more easily. This may also make the target flinch.
144,black-2-white-2,The user transforms into a copy of the target right down to having the same move set.
144,black-white,The user transforms into a copy of the target right down to having the same move set.
144,crystal,The user assumes the foe's guise.
144,diamond-pearl,The user transforms into a copy of the foe right down to having the same move set.
144,emerald,Alters the user’s cells to become a copy of the foe.
144,firered-leafgreen,The user transforms into a copy of the foe with even the same move set.
144,gold-silver,The user assumes the foe's guise.
144,heartgold-soulsilver,The user transforms into a copy of the foe right down to having the same move set.
144,lets-go-pikachu-lets-go-eevee,The user transforms into a copy of the target right down to having the same move set.
144,omega-ruby-alpha-sapphire,The user transforms into a copy of the target right down to having the same move set.
144,platinum,The user transforms into a copy of the foe right down to having the same move set.
144,ruby-sapphire,Alters the user’s cells to become a copy of the foe.
144,sun-moon,The user transforms into a copy of the target right down to having the same move set.
144,sword-shield,The user transforms into a copy of the target right down to having the same move set.
144,ultra-sun-ultra-moon,The user transforms into a copy of the target right down to having the same move set.
144,x-y,The user transforms into a copy of the target right down to having the same move set.
145,black-2-white-2,A spray of countless bubbles is jetted at the opposing team. It may also lower the targets’ Speed stats.
145,black-white,A spray of countless bubbles is jetted at the opposing team. It may also lower the targets’ Speed stats.
145,crystal,An attack that may reduce SPEED.
145,diamond-pearl,A spray of countless bubbles is jetted at the foe. It may also lower the target’s Speed stat.
145,emerald,An attack using bubbles. May lower the foe’s SPEED.
145,firered-leafgreen,A spray of bubbles hits the foe. It may lower the foe’s SPEED stat.
145,gold-silver,An attack that may reduce SPEED.
145,heartgold-soulsilver,A spray of countless bubbles is jetted at the foe. It may also lower the target’s Speed stat.
145,lets-go-pikachu-lets-go-eevee,A spray of countless bubbles is jetted at the opposing Pokémon. This may also lower their Speed stat.
145,omega-ruby-alpha-sapphire,A spray of countless bubbles is jetted at the opposing Pokémon. This may also lower their Speed stats.
145,platinum,A spray of countless bubbles is jetted at the foe. It may also lower the target’s Speed stat.
145,ruby-sapphire,An attack using bubbles. May lower the foe’s SPEED.
145,sun-moon,A spray of countless bubbles is jetted at the opposing Pokémon. This may also lower their Speed stat.
145,sword-shield,"This move can’t be used. It’s recommended that this move is forgotten. Once forgotten, this move can’t be remembered."
145,ultra-sun-ultra-moon,A spray of countless bubbles is jetted at the opposing Pokémon. This may also lower their Speed stat.
145,x-y,A spray of countless bubbles is jetted at the opposing Pokémon. This may also lower their Speed stats.
146,black-2-white-2,The target is hit with rhythmically launched punches that may also leave it confused.
146,black-white,The target is hit with rhythmically launched punches that may also leave it confused.
146,crystal,An attack that may cause confusion.
146,diamond-pearl,The foe is hit with a rhythmically launched punch that may also leave it confused.
146,emerald,A rhythmic punch that may confuse the foe.
146,firered-leafgreen,The foe is hit with a rhythmic punch that may leave it confused.
146,gold-silver,An attack that may cause confusion.
146,heartgold-soulsilver,The foe is hit with rhythmically launched punches that may also leave it confused.
146,lets-go-pikachu-lets-go-eevee,The target is hit with rhythmically launched punches. This may also leave the target confused.
146,omega-ruby-alpha-sapphire,The target is hit with rhythmically launched punches. This may also leave the target confused.
146,platinum,The foe is hit with rhythmically launched punches that may also leave it confused.
146,ruby-sapphire,A rhythmic punch that may confuse the foe.
146,sun-moon,The target is hit with rhythmically launched punches. This may also leave the target confused.
146,sword-shield,"This move can’t be used. It’s recommended that this move is forgotten. Once forgotten, this move can’t be remembered."
146,ultra-sun-ultra-moon,The target is hit with rhythmically launched punches. This may also leave the target confused.
146,x-y,The target is hit with rhythmically launched punches. This may also leave the target confused.
147,black-2-white-2,The user scatters bursts of spores that induce sleep.
147,black-white,The user scatters bursts of spores that induce sleep.
147,crystal,A move that induces sleep.
147,diamond-pearl,The user scatters bursts of spores that induce sleep.
147,emerald,Scatters a cloud of spores that always induce sleep.
147,firered-leafgreen,The user scatters bursts of fine spores that induce sleep.
147,gold-silver,A move that induces sleep.
147,heartgold-soulsilver,The user scatters bursts of spores that induce sleep.
147,lets-go-pikachu-lets-go-eevee,The user scatters bursts of spores that induce sleep.
147,omega-ruby-alpha-sapphire,The user scatters bursts of spores that induce sleep.
147,platinum,The user scatters bursts of spores that induce sleep.
147,ruby-sapphire,Scatters a cloud of spores that always induce sleep.
147,sun-moon,The user scatters bursts of spores that induce sleep.
147,sword-shield,The user scatters bursts of spores that induce sleep.
147,ultra-sun-ultra-moon,The user scatters bursts of spores that induce sleep.
147,x-y,The user scatters bursts of spores that induce sleep.
148,black-2-white-2,The user flashes a bright light that cuts the target’s accuracy. It can also be used to illuminate caves.
148,black-white,The user flashes a bright light that cuts the target’s accuracy. It can also be used to illuminate caves.
148,crystal,Blinds the foe to reduce accuracy.
148,diamond-pearl,The user flashes a light that cuts the foe’s accuracy. It can also be used to illuminate caves.
148,emerald,Looses a powerful blast of light that cuts accuracy.
148,firered-leafgreen,A blast of light that cuts the foe’s accuracy. It also illuminates caves.
148,gold-silver,Blinds the foe to reduce accuracy.
148,heartgold-soulsilver,The user flashes a light that cuts the foe’s accuracy. It can also be used to illuminate caves.
148,lets-go-pikachu-lets-go-eevee,The user flashes a bright light that cuts the target’s accuracy.
148,omega-ruby-alpha-sapphire,The user flashes a bright light that cuts the target’s accuracy. It can also be used to illuminate dark caves.
148,platinum,The user flashes a light that cuts the foe’s accuracy. It can also be used to illuminate caves.
148,ruby-sapphire,Looses a powerful blast of light that cuts accuracy.
148,sun-moon,The user flashes a bright light that cuts the target’s accuracy.
148,sword-shield,"This move can’t be used. It’s recommended that this move is forgotten. Once forgotten, this move can’t be remembered."
148,ultra-sun-ultra-moon,The user flashes a bright light that cuts the target’s accuracy.
148,x-y,The user flashes a bright light that cuts the target’s accuracy.
149,black-2-white-2,The target is attacked with an odd psychic wave. The attack varies in intensity.
149,black-white,The target is attacked with an odd psychic wave. The attack varies in intensity.
149,crystal,An attack with variable power.
149,diamond-pearl,"The foe is attacked with an odd, hot energy wave. The attack varies in intensity."
149,emerald,Attacks with a psychic wave of varying intensity.
149,firered-leafgreen,"The foe is attacked with an odd, hot energy wave that varies in intensity."
149,gold-silver,An attack with variable power.
149,heartgold-soulsilver,"The foe is attacked with an odd, hot energy wave. The attack varies in intensity."
149,lets-go-pikachu-lets-go-eevee,The target is attacked with an odd psychic wave. The attack varies in intensity.
149,omega-ruby-alpha-sapphire,The target is attacked with an odd psychic wave. The attack varies in intensity.
149,platinum,"The foe is attacked with an odd, hot energy wave. The attack varies in intensity."
149,ruby-sapphire,Attacks with a psychic wave of varying intensity.
149,sun-moon,The target is attacked with an odd psychic wave. The attack varies in intensity.
149,sword-shield,"This move can’t be used. It’s recommended that this move is forgotten. Once forgotten, this move can’t be remembered."
149,ultra-sun-ultra-moon,The target is attacked with an odd psychic wave. The attack varies in intensity.
149,x-y,The target is attacked with an odd psychic wave. The attack varies in intensity.
150,black-2-white-2,The user just flops and splashes around to no effect at all...
150,black-white,The user just flops and splashes around to no effect at all...
150,crystal,Has no effect whatsoever.
150,diamond-pearl,The user just flops and splashes around to no effect at all...
150,emerald,It’s just a splash... Has no effect whatsoever.
150,firered-leafgreen,The user just flops and splashes around without having any effect.
150,gold-silver,Has no effect whatsoever.
150,heartgold-soulsilver,The user just flops and splashes around to no effect at all...
150,lets-go-pikachu-lets-go-eevee,The user just flops and splashes around to no effect at all...
150,omega-ruby-alpha-sapphire,The user just flops and splashes around to no effect at all...
150,platinum,The user just flops and splashes around to no effect at all...
150,ruby-sapphire,It’s just a splash... Has no effect whatsoever.
150,sun-moon,The user just flops and splashes around to no effect at all...
150,sword-shield,The user just flops and splashes around to no effect at all...
150,ultra-sun-ultra-moon,The user just flops and splashes around to no effect at all...
150,x-y,The user just flops and splashes around to no effect at all...
151,black-2-white-2,"The user alters its cellular structure to liquefy itself, sharply raising its Defense stat."
151,black-white,"The user alters its cellular structure to liquefy itself, sharply raising its Defense stat."
151,crystal,Sharply raises the user's DEFENSE.
151,diamond-pearl,"The user alters its cellular structure to liquefy itself, sharply raising its Defense stat."
151,emerald,Liquifies the user’s body to sharply raise DEFENSE.
151,firered-leafgreen,The user alters its cells to liquefy itself and sharply raise DEFENSE.
151,gold-silver,Sharply raises the user's DEFENSE.
151,heartgold-soulsilver,"The user alters its cellular structure to liquefy itself, sharply raising its Defense stat."
151,lets-go-pikachu-lets-go-eevee,"The user alters its cellular structure to liquefy itself, sharply raising its Defense stat."
151,omega-ruby-alpha-sapphire,"The user alters its cellular structure to liquefy itself, sharply raising its Defense stat."
151,platinum,"The user alters its cellular structure to liquefy itself, sharply raising its Defense stat."
151,ruby-sapphire,Liquifies the user’s body to sharply raise DEFENSE.
151,sun-moon,"The user alters its cellular structure to liquefy itself, sharply raising its Defense stat."
151,sword-shield,"The user alters its cellular structure to liquefy itself, sharply raising its Defense stat."
151,ultra-sun-ultra-moon,"The user alters its cellular structure to liquefy itself, sharply raising its Defense stat."
151,x-y,"The user alters its cellular structure to liquefy itself, sharply raising its Defense stat."
152,black-2-white-2,The target is hammered with a large pincer. Critical hits land more easily.
152,black-white,The target is hammered with a large pincer. Critical hits land more easily.
152,crystal,Has a high critical hit ratio.
152,diamond-pearl,The foe is hammered with a large pincer. This move has a high critical-hit ratio.
152,emerald,Hammers with a pincer. Has a high critical-hit ratio.
152,firered-leafgreen,A large pincer is used to hammer the foe. It has a high critical-hit ratio.
152,gold-silver,Has a high critical hit ratio.
152,heartgold-soulsilver,The foe is hammered with a large pincer. This move has a high critical-hit ratio.
152,lets-go-pikachu-lets-go-eevee,The target is hammered with a large pincer. Critical hits land more easily.
152,omega-ruby-alpha-sapphire,The target is hammered with a large pincer. Critical hits land more easily.
152,platinum,The foe is hammered with a large pincer. This move has a high critical-hit ratio.
152,ruby-sapphire,Hammers with a pincer. Has a high critical-hit ratio.
152,sun-moon,The target is hammered with a large pincer. Critical hits land more easily.
152,sword-shield,The target is hammered with a large pincer. Critical hits land more easily.
152,ultra-sun-ultra-moon,The target is hammered with a large pincer. Critical hits land more easily.
152,x-y,The target is hammered with a large pincer. Critical hits land more easily.
153,black-2-white-2,The user explodes to inflict damage on those around it. The user faints upon using this move.
153,black-white,The user explodes to inflict damage on those around it. The user faints upon using this move.
153,crystal,Very powerful but makes user faint.
153,diamond-pearl,The user explodes to inflict damage on all Pokémon in battle. The user faints upon using this move.
153,emerald,Inflicts severe damage but makes the user faint.
153,firered-leafgreen,The user explodes to inflict terrible damage even while fainting itself.
153,gold-silver,Very powerful but makes user faint.
153,heartgold-soulsilver,The user explodes to inflict damage on all Pokémon in battle. The user faints upon using this move.
153,lets-go-pikachu-lets-go-eevee,The user attacks everything around it by causing a tremendous explosion. The user faints upon using this move.
153,omega-ruby-alpha-sapphire,The user attacks everything around it by causing a tremendous explosion. The user faints upon using this move.
153,platinum,The user explodes to inflict damage on all Pokémon in battle. The user faints upon using this move.
153,ruby-sapphire,Inflicts severe damage but makes the user faint.
153,sun-moon,The user attacks everything around it by causing a tremendous explosion. The user faints upon using this move.
153,sword-shield,The user attacks everything around it by causing a tremendous explosion. The user faints upon using this move.
153,ultra-sun-ultra-moon,The user attacks everything around it by causing a tremendous explosion. The user faints upon using this move.
153,x-y,The user attacks everything around it by causing a tremendous explosion. The user faints upon using this move.
154,black-2-white-2,The target is raked with sharp claws or scythes for two to five times in quick succession.
154,black-white,The target is raked with sharp claws or scythes for two to five times in quick succession.
154,crystal,Quickly scratches 2-5 times.
154,diamond-pearl,The foe is raked with sharp claws or scythes for two to five times in quick succession.
154,emerald,"Rakes the foe with sharp claws, etc., 2 to 5 times."
154,firered-leafgreen,The foe is raked with sharp claws or scythes two to five times.
154,gold-silver,Quickly scratches 2-5 times.
154,heartgold-soulsilver,The foe is raked with sharp claws or scythes for two to five times in quick succession.
154,lets-go-pikachu-lets-go-eevee,The target is raked with sharp claws or scythes quickly two to five times in a row.
154,omega-ruby-alpha-sapphire,The target is raked with sharp claws or scythes quickly two to five times in a row.
154,platinum,The foe is raked with sharp claws or scythes for two to five times in quick succession.
154,ruby-sapphire,"Rakes the foe with sharp claws, etc., 2 to 5 times."
154,sun-moon,The target is raked with sharp claws or scythes quickly two to five times in a row.
154,sword-shield,The target is raked with sharp claws or scythes quickly two to five times in a row.
154,ultra-sun-ultra-moon,The target is raked with sharp claws or scythes quickly two to five times in a row.
154,x-y,The target is raked with sharp claws or scythes quickly two to five times in a row.
155,black-2-white-2,"The user throws the bone it holds. The bone loops to hit the target twice, coming and going."
155,black-white,"The user throws the bone it holds. The bone loops to hit the target twice, coming and going."
155,crystal,An attack that strikes twice.
155,diamond-pearl,"The user throws the bone it holds. The bone loops to hit the foe twice, coming and going."
155,emerald,Throws a bone boomerang that strikes twice.
155,firered-leafgreen,"The user throws a bone that hits the foe once, then once again on return."
155,gold-silver,An attack that strikes twice.
155,heartgold-soulsilver,"The user throws the bone it holds. The bone loops to hit the foe twice, coming and going."
155,lets-go-pikachu-lets-go-eevee,The user throws the bone it holds. The bone loops around to hit the target twice—coming and going.
155,omega-ruby-alpha-sapphire,"The user throws the bone it holds. The bone loops to hit the target twice, coming and going."
155,platinum,"The user throws the bone it holds. The bone loops to hit the foe twice, coming and going."
155,ruby-sapphire,Throws a bone boomerang that strikes twice.
155,sun-moon,The user throws the bone it holds. The bone loops around to hit the target twice—coming and going.
155,sword-shield,The user throws the bone it holds. The bone loops around to hit the target twice—coming and going.
155,ultra-sun-ultra-moon,The user throws the bone it holds. The bone loops around to hit the target twice—coming and going.
155,x-y,"The user throws the bone it holds. The bone loops to hit the target twice, coming and going."
156,black-2-white-2,The user goes to sleep for two turns. It fully restores the user’s HP and heals any status problem.
156,black-white,The user goes to sleep for two turns. It fully restores the user’s HP and heals any status problem.
156,crystal,Sleep for 2 turns to fully recover.
156,diamond-pearl,The user goes to sleep for two turns. It fully restores the user’s HP and heals any status problem.
156,emerald,"The user sleeps for 2 turns, restoring HP and status."
156,firered-leafgreen,The user sleeps for two turns to fully restore HP and heal any status problem.
156,gold-silver,Sleep for 2 turns to fully recover.
156,heartgold-soulsilver,The user goes to sleep for two turns. It fully restores the user’s HP and heals any status problem.
156,lets-go-pikachu-lets-go-eevee,The user goes to sleep for two turns. This fully restores the user’s HP and heals any status conditions.
156,omega-ruby-alpha-sapphire,The user goes to sleep for two turns. This fully restores the user’s HP and heals any status conditions.
156,platinum,The user goes to sleep for two turns. It fully restores the user’s HP and heals any status problem.
156,ruby-sapphire,"The user sleeps for 2 turns, restoring HP and status."
156,sun-moon,The user goes to sleep for two turns. This fully restores the user’s HP and heals any status conditions.
156,sword-shield,The user goes to sleep for two turns. This fully restores the user’s HP and heals any status conditions.
156,ultra-sun-ultra-moon,The user goes to sleep for two turns. This fully restores the user’s HP and heals any status conditions.
156,x-y,The user goes to sleep for two turns. This fully restores the user’s HP and heals any status conditions.
157,black-2-white-2,Large boulders are hurled at the opposing team to inflict damage. It may also make the targets flinch.
157,black-white,Large boulders are hurled at the opposing team to inflict damage. It may also make the targets flinch.
157,crystal,An attack that may cause flinching.
157,diamond-pearl,Large boulders are hurled at the foe to inflict damage. It may also make the target flinch.
157,emerald,Large boulders are hurled. May cause flinching.
157,firered-leafgreen,Large boulders are hurled at the foe. It may make the foe flinch.
157,gold-silver,An attack that may cause flinching.
157,heartgold-soulsilver,Large boulders are hurled at the foe to inflict damage. It may also make the target flinch.
157,lets-go-pikachu-lets-go-eevee,Large boulders are hurled at the opposing Pokémon to inflict damage. This may also make the opposing Pokémon flinch.
157,omega-ruby-alpha-sapphire,Large boulders are hurled at the opposing Pokémon to inflict damage. This may also make the opposing Pokémon flinch.
157,platinum,Large boulders are hurled at the foe to inflict damage. It may also make the target flinch.
157,ruby-sapphire,Large boulders are hurled. May cause flinching.
157,sun-moon,Large boulders are hurled at the opposing Pokémon to inflict damage. This may also make the opposing Pokémon flinch.
157,sword-shield,Large boulders are hurled at opposing Pokémon to inflict damage. This may also make the opposing Pokémon flinch.
157,ultra-sun-ultra-moon,Large boulders are hurled at the opposing Pokémon to inflict damage. This may also make the opposing Pokémon flinch.
157,x-y,Large boulders are hurled at the opposing Pokémon to inflict damage. This may also make the opposing Pokémon flinch.
158,black-2-white-2,The user bites hard on the target with its sharp front fangs. It may also make the target flinch.
158,black-white,The user bites hard on the target with its sharp front fangs. It may also make the target flinch.
158,crystal,An attack that may cause flinching.
158,diamond-pearl,The user bites hard on the foe with its sharp front fangs. It may also make the target flinch.
158,emerald,Attacks with sharp fangs. May cause flinching.
158,firered-leafgreen,The foe is attacked with sharp fangs. It may make the foe flinch.
158,gold-silver,An attack that may cause flinching.
158,heartgold-soulsilver,The user bites hard on the foe with its sharp front fangs. It may also make the target flinch.
158,lets-go-pikachu-lets-go-eevee,The user bites hard on the target with its sharp front fangs. This may also make the target flinch.
158,omega-ruby-alpha-sapphire,The user bites hard on the target with its sharp front fangs. This may also make the target flinch.
158,platinum,The user bites hard on the foe with its sharp front fangs. It may also make the target flinch.
158,ruby-sapphire,Attacks with sharp fangs. May cause flinching.
158,sun-moon,The user bites hard on the target with its sharp front fangs. This may also make the target flinch.
158,sword-shield,The user bites hard on the target with its sharp front fangs. This may also make the target flinch.
158,ultra-sun-ultra-moon,The user bites hard on the target with its sharp front fangs. This may also make the target flinch.
158,x-y,The user bites hard on the target with its sharp front fangs. This may also make the target flinch.
159,black-2-white-2,"The user reduces its polygon count to make itself more jagged, raising the Attack stat."
159,black-white,"The user reduces its polygon count to make itself more jagged, raising the Attack stat."
159,crystal,A move that raises the user's ATTACK.
159,diamond-pearl,"The user reduces its polygon count to make itself more jagged, raising the Attack stat."
159,emerald,Reduces the polygon count and raises ATTACK.
159,firered-leafgreen,The user reduces its polygon count to sharpen edges and raise ATTACK.
159,gold-silver,A move that raises the user's ATTACK.
159,heartgold-soulsilver,"The user reduces its polygon count to make itself more jagged, raising the Attack stat."
159,lets-go-pikachu-lets-go-eevee,"The user makes its edges more jagged, which raises its Attack stat."
159,omega-ruby-alpha-sapphire,"The user lowers its polygon count to make itself more jagged, raising the Attack stat."
159,platinum,"The user reduces its polygon count to make itself more jagged, raising the Attack stat."
159,ruby-sapphire,Reduces the polygon count and raises ATTACK.
159,sun-moon,"The user makes its edges more jagged, which raises its Attack stat."
159,sword-shield,"This move can’t be used. It’s recommended that this move is forgotten. Once forgotten, this move can’t be remembered."
159,ultra-sun-ultra-moon,"The user makes its edges more jagged, which raises its Attack stat."
159,x-y,"The user lowers its polygon count to make itself more jagged, raising the Attack stat."
160,black-2-white-2,The user changes its type to become the same type as one of its moves.
160,black-white,The user changes its type to become the same type as one of its moves.
160,crystal,Change user's type to a move's type.
160,diamond-pearl,The user changes its type to become the same type as one of its moves.
160,emerald,Changes the user’s type into a known move’s type.
160,firered-leafgreen,The user changes its type to match the type of one of its moves.
160,gold-silver,Change user's type to a move's type.
160,heartgold-soulsilver,The user changes its type to become the same type as one of its moves.
160,lets-go-pikachu-lets-go-eevee,The user changes its type to become the same type as the move at the top of the list of moves it knows.
160,omega-ruby-alpha-sapphire,The user changes its type to become the same type as the move at the top of the list of moves it knows.
160,platinum,The user changes its type to become the same type as one of its moves.
160,ruby-sapphire,Changes the user’s type into an own move’s type.
160,sun-moon,The user changes its type to become the same type as the move at the top of the list of moves it knows.
160,sword-shield,The user changes its type to become the same type as the move at the top of the list of moves it knows.
160,ultra-sun-ultra-moon,The user changes its type to become the same type as the move at the top of the list of moves it knows.
160,x-y,The user changes its type to become the same type as the move at the top of the list of moves it knows.
161,black-2-white-2,"The user strikes with a simultaneous three-beam attack. May also burn, freeze, or leave the target with paralysis."
161,black-white,"The user strikes with a simultaneous three-beam attack. May also burn, freeze, or leave the target with paralysis."
161,crystal,Fires three kinds of beams at once.
161,diamond-pearl,"The user strikes with a simultaneous three- beam attack. May also paralyze, burn, or freeze the target."
161,emerald,Fires three types of beams at the same time.
161,firered-leafgreen,"A simultaneous 3-beam attack that may paralyze, burn, or freeze the foe."
161,gold-silver,Fires three kinds of beams at once.
161,heartgold-soulsilver,"The user strikes with a simultaneous three- beam attack. May also paralyze, burn, or freeze the target."
161,lets-go-pikachu-lets-go-eevee,"The user strikes with a simultaneous three-beam attack. This may also burn, freeze, or paralyze the target."
161,omega-ruby-alpha-sapphire,"The user strikes with a simultaneous three-beam attack. May also burn, freeze, or leave the target with paralysis."
161,platinum,"The user strikes with a simultaneous three- beam attack. May also paralyze, burn, or freeze the target."
161,ruby-sapphire,Fires three types of beams at the same time.
161,sun-moon,"The user strikes with a simultaneous three-beam attack. May also burn, freeze, or paralyze the target."
161,sword-shield,"The user strikes with a simultaneous three-beam attack. This may also burn, freeze, or paralyze the target."
161,ultra-sun-ultra-moon,"The user strikes with a simultaneous three-beam attack. May also burn, freeze, or paralyze the target."
161,x-y,"The user strikes with a simultaneous three-beam attack. May also burn, freeze, or leave the target with paralysis."
162,black-2-white-2,The user chomps hard on the target with its sharp front fangs. It cuts the target’s HP to half.
162,black-white,The user chomps hard on the target with its sharp front fangs. It cuts the target’s HP to half.
162,crystal,Cuts the foe's HP by 1/2.
162,diamond-pearl,The user chomps hard on the foe with its sharp front fangs. It cuts the target’s HP to half.
162,emerald,Attacks with sharp fangs and cuts half the foe’s HP.
162,firered-leafgreen,The user attacks with sharp fangs and halves the foe’s HP.
162,gold-silver,Cuts the foe's HP by 1/2.
162,heartgold-soulsilver,The user chomps hard on the foe with its sharp front fangs. It cuts the target’s HP to half.
162,lets-go-pikachu-lets-go-eevee,The user chomps hard on the target with its sharp front fangs. This cuts the target’s HP in half.
162,omega-ruby-alpha-sapphire,The user chomps hard on the target with its sharp front fangs. This cuts the target’s HP in half.
162,platinum,The user chomps hard on the foe with its sharp front fangs. It cuts the target’s HP to half.
162,ruby-sapphire,Attacks with sharp fangs and cuts half the foe’s HP.
162,sun-moon,The user chomps hard on the target with its sharp front fangs. This cuts the target’s HP in half.
162,sword-shield,The user chomps hard on the target with its sharp front fangs. This cuts the target’s HP in half.
162,ultra-sun-ultra-moon,The user chomps hard on the target with its sharp front fangs. This cuts the target’s HP in half.
162,x-y,The user chomps hard on the target with its sharp front fangs. This cuts the target’s HP in half.
163,black-2-white-2,The target is attacked with a slash of claws or blades. Critical hits land more easily.
163,black-white,The target is attacked with a slash of claws or blades. Critical hits land more easily.
163,crystal,Has a high critical hit ratio.
163,diamond-pearl,"The foe is attacked with a slash of claws, etc. It has a high critical-hit ratio."
163,emerald,"Slashes with claws, etc. Has a high critical-hit ratio."
163,firered-leafgreen,"The foe is slashed with claws, etc. It has a high critical-hit ratio."
163,gold-silver,Has a high critical hit ratio.
163,heartgold-soulsilver,"The foe is attacked with a slash of claws, etc. It has a high critical-hit ratio."
163,lets-go-pikachu-lets-go-eevee,The target is attacked with a slash of claws or blades. Critical hits land more easily.
163,omega-ruby-alpha-sapphire,The target is attacked with a slash of claws or blades. Critical hits land more easily.
163,platinum,"The foe is attacked with a slash of claws, etc. It has a high critical-hit ratio."
163,ruby-sapphire,"Slashes with claws, etc. Has a high critical-hit ratio."
163,sun-moon,The target is attacked with a slash of claws or blades. Critical hits land more easily.
163,sword-shield,The target is attacked with a slash of claws or blades. Critical hits land more easily.
163,ultra-sun-ultra-moon,The target is attacked with a slash of claws or blades. Critical hits land more easily.
163,x-y,The target is attacked with a slash of claws or blades. Critical hits land more easily.
164,black-2-white-2,The user makes a copy of itself using some of its HP. The copy serves as the user’s decoy.
164,black-white,The user makes a copy of itself using some of its HP. The copy serves as the user’s decoy.
164,crystal,Makes a decoy with 1/4 user's max HP.
164,diamond-pearl,The user makes a copy of itself using some of its HP. The copy serves as the user’s decoy.
164,emerald,Creates a decoy using 1/4 of the user’s maximum HP.
164,firered-leafgreen,The user creates a decoy using one- quarter of its full HP.
164,gold-silver,Makes a decoy with 1/4 user's max HP.
164,heartgold-soulsilver,The user makes a copy of itself using some of its HP. The copy serves as the user’s decoy.
164,lets-go-pikachu-lets-go-eevee,The user makes a copy of itself using some of its HP. The copy serves as the user’s decoy.
164,omega-ruby-alpha-sapphire,The user makes a copy of itself using some of its HP. The copy serves as the user’s decoy.
164,platinum,The user makes a copy of itself using some of its HP. The copy serves as the user’s decoy.
164,ruby-sapphire,Creates a decoy using 1/4 of the user’s maximum HP.
164,sun-moon,The user makes a copy of itself using some of its HP. The copy serves as the user’s decoy.
164,sword-shield,The user creates a substitute for itself using some of its HP. The substitute serves as the user’s decoy.
164,ultra-sun-ultra-moon,The user makes a copy of itself using some of its HP. The copy serves as the user’s decoy.
164,x-y,The user makes a copy of itself using some of its HP. The copy serves as the user’s decoy.
165,black-2-white-2,An attack that is used in desperation only if the user has no PP. It also hurts the user slightly.
165,black-white,An attack that is used in desperation only if the user has no PP. It also hurts the user slightly.
165,crystal,Used only if all PP are exhausted.
165,diamond-pearl,An attack that is used in desperation only if the user has no PP. It also hurts the user slightly.
165,emerald,Used only if all PP are gone. Also hurts the user a little.
165,firered-leafgreen,An attack that is used only if there is no PP. It also hurts the user.
165,gold-silver,Used only if all PP are exhausted.
165,heartgold-soulsilver,An attack that is used in desperation only if the user has no PP. It also hurts the user slightly.
165,lets-go-pikachu-lets-go-eevee,This attack is used in desperation only if the user has no PP. It also damages the user a little.
165,omega-ruby-alpha-sapphire,An attack that is used in desperation only if the user has no PP. This also damages the user a little.
165,platinum,An attack that is used in desperation only if the user has no PP. It also hurts the user slightly.
165,ruby-sapphire,Used only if all PP are gone. Also hurts the user a little.
165,sun-moon,This attack is used in desperation only if the user has no PP. It also damages the user a little.
165,sword-shield,This attack is used in desperation only if the user has no PP. It also damages the user a little.
165,ultra-sun-ultra-moon,This attack is used in desperation only if the user has no PP. It also damages the user a little.
165,x-y,An attack that is used in desperation only if the user has no PP. This also damages the user a little.
166,black-2-white-2,"It enables the user to permanently learn the move last used by the target. Once used, Sketch disappears."
166,black-white,"It enables the user to permanently learn the move last used by the target. Once used, Sketch disappears."
166,crystal,Copies the foe's move permanently.
166,diamond-pearl,"It enables the user to learn a move used by the foe. Once used, the move Sketch disappears."
166,emerald,Copies the foe’s last move permanently.
166,firered-leafgreen,"This move copies the move last used by the foe, then disappears."
166,gold-silver,Copies the foe's move permanently.
166,heartgold-soulsilver,"It enables the user to permanently learn the move last used by the foe. Once used, Sketch disappears."
166,lets-go-pikachu-lets-go-eevee,"It enables the user to permanently learn the move last used by the target. Once used, Sketch disappears."
166,omega-ruby-alpha-sapphire,"It enables the user to permanently learn the move last used by the target. Once used, Sketch disappears."
166,platinum,"It enables the user to learn a move used by the foe. Once used, the move Sketch disappears."
166,ruby-sapphire,Copies the foe’s last move permanently.
166,sun-moon,"It enables the user to permanently learn the move last used by the target. Once used, Sketch disappears."
166,sword-shield,"It enables the user to permanently learn the move last used by the target. Once used, Sketch disappears."
166,ultra-sun-ultra-moon,"It enables the user to permanently learn the move last used by the target. Once used, Sketch disappears."
166,x-y,"It enables the user to permanently learn the move last used by the target. Once used, Sketch disappears."
167,black-2-white-2,A consecutive three-kick attack that becomes more powerful with each successive hit.
167,black-white,A consecutive three-kick attack that becomes more powerful with each successive hit.
167,crystal,Hits three times with rising power.
167,diamond-pearl,A consecutive three- kick attack that becomes more powerful with each successive hit.
167,emerald,Kicks the foe 3 times in a row with rising intensity.
167,firered-leafgreen,A 3-kick attack that becomes more powerful with each successive hit.
167,gold-silver,Hits three times with rising power.
167,heartgold-soulsilver,A consecutive three- kick attack that becomes more powerful with each successive hit.
167,lets-go-pikachu-lets-go-eevee,A consecutive three-kick attack that becomes more powerful with each successful hit.
167,omega-ruby-alpha-sapphire,A consecutive three-kick attack that becomes more powerful with each successive hit.
167,platinum,A consecutive three- kick attack that becomes more powerful with each successive hit.
167,ruby-sapphire,Kicks the foe 3 times in a row with rising intensity.
167,sun-moon,A consecutive three-kick attack that becomes more powerful with each successive hit.
167,sword-shield,A consecutive three-kick attack that becomes more powerful with each successful hit.
167,ultra-sun-ultra-moon,A consecutive three-kick attack that becomes more powerful with each successful hit.
167,x-y,A consecutive three-kick attack that becomes more powerful with each successive hit.
168,black-2-white-2,The user attacks and steals the target’s held item simultaneously. It can’t steal if the user holds an item.
168,black-white,The user attacks and steals the target’s held item simultaneously. It can’t steal if the user holds an item.
168,crystal,An attack that may steal a held item.
168,diamond-pearl,The user attacks and steals the foe’s held item simultaneously. It can’t steal if the user holds an item.
168,emerald,"While attacking, it may steal the foe’s held item."
168,firered-leafgreen,An attack that may take the foe’s held item if the user isn’t holding one.
168,gold-silver,An attack that may steal a held item.
168,heartgold-soulsilver,The user attacks and steals the foe’s held item simultaneously. It can’t steal if the user holds an item.
168,lets-go-pikachu-lets-go-eevee,The user attacks and steals the target’s held item simultaneously. The user can’t steal anything if it already holds an item.
168,omega-ruby-alpha-sapphire,The user attacks and steals the target’s held item simultaneously. The user can’t steal anything if it already holds an item.
168,platinum,The user attacks and steals the foe’s held item simultaneously. It can’t steal if the user holds an item.
168,ruby-sapphire,"While attacking, it may steal the foe’s held item."
168,sun-moon,The user attacks and steals the target’s held item simultaneously. The user can’t steal anything if it already holds an item.
168,sword-shield,The user attacks and steals the target’s held item simultaneously. The user can’t steal anything if it already holds an item.
168,ultra-sun-ultra-moon,The user attacks and steals the target’s held item simultaneously. The user can’t steal anything if it already holds an item.
168,x-y,The user attacks and steals the target’s held item simultaneously. The user can’t steal anything if it already holds an item.
169,black-2-white-2,"The user ensnares the target with thin, gooey silk so it can’t flee from battle."
169,black-white,"The user ensnares the target with thin, gooey silk so it can’t flee from battle."
169,crystal,Prevents fleeing or switching.
169,diamond-pearl,"The user ensnares the foe with a thin, gooey silk so it can’t flee from battle."
169,emerald,Ensnares the foe to stop it from fleeing or switching.
169,firered-leafgreen,Ensnares the foe with sticky string so it doesn’t flee or switch out.
169,gold-silver,Prevents fleeing or switching.
169,heartgold-soulsilver,"The user ensnares the foe with a thin, gooey silk so it can’t flee from battle."
169,lets-go-pikachu-lets-go-eevee,"The user ensnares the target with thin, gooey silk so it can’t flee from battle."
169,omega-ruby-alpha-sapphire,"The user ensnares the target with thin, gooey silk so it can’t flee from battle."
169,platinum,"The user ensnares the foe with a thin, gooey silk so it can’t flee from battle."
169,ruby-sapphire,Ensnares the foe to stop it from fleeing or switching.
169,sun-moon,"The user ensnares the target with thin, gooey silk so it can’t flee from battle."
169,sword-shield,"This move can’t be used. It’s recommended that this move is forgotten. Once forgotten, this move can’t be remembered."
169,ultra-sun-ultra-moon,"The user ensnares the target with thin, gooey silk so it can’t flee from battle."
169,x-y,"The user ensnares the target with thin, gooey silk so it can’t flee from battle."
170,black-2-white-2,The user senses the target’s movements with its mind to ensure its next attack does not miss the target.
170,black-white,The user senses the target’s movements with its mind to ensure its next attack does not miss the target.
170,crystal,Ensures the next attack will hit.
170,diamond-pearl,The user senses the foe’s movements with its mind to ensure its next attack does not miss.
170,emerald,Senses the foe’s action to ensure the next move’s hit.
170,firered-leafgreen,The user predicts the foe’s action to ensure its next attack hits.
170,gold-silver,Ensures the next attack will hit.
170,heartgold-soulsilver,The user senses the foe’s movements with its mind to ensure its next attack does not miss.
170,lets-go-pikachu-lets-go-eevee,The user senses the target’s movements with its mind to ensure its next attack does not miss the target.
170,omega-ruby-alpha-sapphire,The user senses the target’s movements with its mind to ensure its next attack does not miss the target.
170,platinum,The user senses the foe’s movements with its mind to ensure its next attack does not miss.
170,ruby-sapphire,Senses the foe’s action to ensure the next move’s hit.
170,sun-moon,The user senses the target’s movements with its mind to ensure its next attack does not miss the target.
170,sword-shield,The user senses the target’s movements with its mind to ensure its next attack does not miss the target.
170,ultra-sun-ultra-moon,The user senses the target’s movements with its mind to ensure its next attack does not miss the target.
170,x-y,The user senses the target’s movements with its mind to ensure its next attack does not miss the target.
171,black-2-white-2,A sleeping target sees a nightmare that inflicts some damage every turn.
171,black-white,A sleeping target sees a nightmare that inflicts some damage every turn.
171,crystal,A sleeper loses 1/4 HP every turn.
171,diamond-pearl,A sleeping foe is shown a nightmare that inflicts some damage every turn.
171,emerald,Inflicts 1/4 damage on a sleeping foe every turn.
171,firered-leafgreen,A sleeping foe is shown a nightmare that inflicts some damage every turn.
171,gold-silver,A sleeper loses 1/4 HP every turn.
171,heartgold-soulsilver,A sleeping foe is shown a nightmare that inflicts some damage every turn.
171,lets-go-pikachu-lets-go-eevee,A sleeping target sees a nightmare that inflicts some damage every turn.
171,omega-ruby-alpha-sapphire,A sleeping target sees a nightmare that inflicts some damage every turn.
171,platinum,A sleeping foe is shown a nightmare that inflicts some damage every turn.
171,ruby-sapphire,Inflicts 1/4 damage on a sleeping foe every turn.
171,sun-moon,A sleeping target sees a nightmare that inflicts some damage every turn.
171,sword-shield,"This move can’t be used. It’s recommended that this move is forgotten. Once forgotten, this move can’t be remembered."
171,ultra-sun-ultra-moon,A sleeping target sees a nightmare that inflicts some damage every turn.
171,x-y,A sleeping target sees a nightmare that inflicts some damage every turn.
172,black-2-white-2,The user cloaks itself in fire and charges at the target. It may also leave the target with a burn.
172,black-white,The user cloaks itself in fire and charges at the target. It may also leave the target with a burn.
172,crystal,An attack that may cause a burn.
172,diamond-pearl,The user cloaks itself in fire and charges at the foe. It may also leave the target with a burn.
172,emerald,A fiery charge attack that may inflict a burn.
172,firered-leafgreen,The user makes a fiery charge at the foe. It may cause a burn.
172,gold-silver,An attack that may cause a burn.
172,heartgold-soulsilver,The user cloaks itself in fire and charges at the foe. It may also leave the target with a burn.
172,lets-go-pikachu-lets-go-eevee,The user cloaks itself in fire and charges at the target. This may also leave the target with a burn.
172,omega-ruby-alpha-sapphire,The user cloaks itself in fire and charges at the target. This may also leave the target with a burn.
172,platinum,The user cloaks itself in fire and charges at the foe. It may also leave the target with a burn.
172,ruby-sapphire,A fiery charge attack that may inflict a burn.
172,sun-moon,The user cloaks itself in fire and charges at the target. This may also leave the target with a burn.
172,sword-shield,The user cloaks itself in fire and charges at the target. This may also leave the target with a burn.
172,ultra-sun-ultra-moon,The user cloaks itself in fire and charges at the target. This may also leave the target with a burn.
172,x-y,The user cloaks itself in fire and charges at the target. This may also leave the target with a burn.
173,black-2-white-2,An attack that can be used only if the user is asleep. The harsh noise may also make the target flinch.
173,black-white,An attack that can be used only if the user is asleep. The harsh noise may also make the target flinch.
173,crystal,An attack useable only while asleep.
173,diamond-pearl,An attack that can be used only if the user is asleep. The harsh noise may also make the foe flinch.
173,emerald,A loud attack that can be used only while asleep.
173,firered-leafgreen,An attack that can be used only while asleep. It may cause flinching.
173,gold-silver,An attack useable only while asleep.
173,heartgold-soulsilver,An attack that can be used only if the user is asleep. The harsh noise may also make the foe flinch.
173,lets-go-pikachu-lets-go-eevee,This attack can be used only if the user is asleep. The harsh noise may also make the target flinch.
173,omega-ruby-alpha-sapphire,An attack that can be used only if the user is asleep. The harsh noise may also make the target flinch.
173,platinum,An attack that can be used only if the user is asleep. The harsh noise may also make the foe flinch.
173,ruby-sapphire,A loud attack that can be used only while asleep.
173,sun-moon,This attack can be used only if the user is asleep. The harsh noise may also make the target flinch.
173,sword-shield,This attack can be used only if the user is asleep. The harsh noise may also make the target flinch.
173,ultra-sun-ultra-moon,This attack can be used only if the user is asleep. The harsh noise may also make the target flinch.
173,x-y,An attack that can be used only if the user is asleep. The harsh noise may also make the target flinch.
174,black-2-white-2,A move that works differently for the Ghost type than for all other types.
174,black-white,A move that works differently for the Ghost type than for all other types.
174,crystal,Works differently for ghost-types.
174,diamond-pearl,A move that works differently for the Ghost type than for all the other types.
174,emerald,A move that functions differently for GHOSTS.
174,firered-leafgreen,A move that works differently for the GHOST-type and all the other types.
174,gold-silver,Works differently for ghost-types.
174,heartgold-soulsilver,A move that works differently for the Ghost type than for all the other types.
174,lets-go-pikachu-lets-go-eevee,A move that works differently for the Ghost type than for all other types.
174,omega-ruby-alpha-sapphire,A move that works differently for the Ghost type than for all other types.
174,platinum,A move that works differently for the Ghost type than for all the other types.
174,ruby-sapphire,A move that functions differently for GHOSTS.
174,sun-moon,A move that works differently for the Ghost type than for all other types.
174,sword-shield,A move that works differently for the Ghost type than for all other types.
174,ultra-sun-ultra-moon,A move that works differently for the Ghost type than for all other types.
174,x-y,A move that works differently for the Ghost type than for all other types.
175,black-2-white-2,The user flails about aimlessly to attack. It becomes more powerful the less HP the user has.
175,black-white,The user flails about aimlessly to attack. It becomes more powerful the less HP the user has.
175,crystal,Stronger if the user's HP is low.
175,diamond-pearl,The user flails about aimlessly to attack. It becomes more powerful the less HP the user has.
175,emerald,Inflicts more damage when the user’s HP is down.
175,firered-leafgreen,A desperate attack that becomes more powerful the less HP the user has.
175,gold-silver,Stronger if the user's HP is low.
175,heartgold-soulsilver,The user flails about aimlessly to attack. It becomes more powerful the less HP the user has.
175,lets-go-pikachu-lets-go-eevee,"The user flails about aimlessly to attack. The less HP the user has, the greater the move’s power."
175,omega-ruby-alpha-sapphire,"The user flails about aimlessly to attack. The less HP the user has, the greater the move’s power."
175,platinum,The user flails about aimlessly to attack. It becomes more powerful the less HP the user has.
175,ruby-sapphire,Inflicts more damage when the user’s HP is down.
175,sun-moon,"The user flails about aimlessly to attack. The less HP the user has, the greater the move’s power."
175,sword-shield,"The user flails about aimlessly to attack. The less HP the user has, the greater the move’s power."
175,ultra-sun-ultra-moon,"The user flails about aimlessly to attack. The less HP the user has, the greater the move’s power."
175,x-y,"The user flails about aimlessly to attack. The less HP the user has, the greater the move’s power."
176,black-2-white-2,The user changes its type to make itself resistant to the type of the attack the opponent used last.
176,black-white,The user changes its type to make itself resistant to the type of the attack the opponent used last.
176,crystal,The user's type is made resistant.
176,diamond-pearl,The user changes its type to make itself resistant to the type of the attack it last took.
176,emerald,Makes the user resistant to the last attack’s type.
176,firered-leafgreen,The user changes type to make itself resistant to the last attack it took.
176,gold-silver,The user's type is made resistant.
176,heartgold-soulsilver,The user changes its type to make itself resistant to the type of the attack it last took.
176,lets-go-pikachu-lets-go-eevee,The user changes its type to make itself resistant to the type of the attack the opponent used last.
176,omega-ruby-alpha-sapphire,The user changes its type to make itself resistant to the type of the attack the opponent used last.
176,platinum,The user changes its type to make itself resistant to the type of the attack it last took.
176,ruby-sapphire,Makes the user resistant to the last attack’s type.
176,sun-moon,The user changes its type to make itself resistant to the type of the attack the opponent used last.
176,sword-shield,The user changes its type to make itself resistant to the type of the attack the target used last.
176,ultra-sun-ultra-moon,The user changes its type to make itself resistant to the type of the attack the opponent used last.
176,x-y,The user changes its type to make itself resistant to the type of the attack the opponent used last.
177,black-2-white-2,A vortex of air is shot at the target to inflict damage. Critical hits land more easily.
177,black-white,A vortex of air is shot at the target to inflict damage. Critical hits land more easily.
177,crystal,Has a high critical hit ratio.
177,diamond-pearl,A vortex of air is shot at the foe to inflict damage. It has a high critical-hit ratio.
177,emerald,Launches a vacuumed blast. High critical-hit ratio.
177,firered-leafgreen,A vortex of air is shot at the foe. It has a high critical-hit ratio.
177,gold-silver,Has a high critical hit ratio.
177,heartgold-soulsilver,A vortex of air is shot at the foe to inflict damage. It has a high critical-hit ratio.
177,lets-go-pikachu-lets-go-eevee,A vortex of air is shot at the target to inflict damage. Critical hits land more easily.
177,omega-ruby-alpha-sapphire,A vortex of air is shot at the target to inflict damage. Critical hits land more easily.
177,platinum,A vortex of air is shot at the foe to inflict damage. It has a high critical-hit ratio.
177,ruby-sapphire,Launches a vacuumed blast. High critical-hit ratio.
177,sun-moon,A vortex of air is shot at the target to inflict damage. Critical hits land more easily.
177,sword-shield,A vortex of air is shot at the target to inflict damage. Critical hits land more easily.
177,ultra-sun-ultra-moon,A vortex of air is shot at the target to inflict damage. Critical hits land more easily.
177,x-y,A vortex of air is shot at the target to inflict damage. Critical hits land more easily.
178,black-2-white-2,"The user releases cotton-like spores that cling to the target, harshly reducing its Speed stat."
178,black-white,"The user releases cotton-like spores that cling to the target, harshly reducing its Speed stat."
178,crystal,Sharply reduces the foe's SPEED.
178,diamond-pearl,"The user releases cottonlike spores that cling to the foe, sharply reducing its Speed stat."
178,emerald,"Spores cling to the foe, sharply reducing SPEED."
178,firered-leafgreen,"Cotton-like spores cling to the foe, sharply reducing its SPEED stat."
178,gold-silver,Sharply reduces the foe's SPEED.
178,heartgold-soulsilver,"The user releases cottonlike spores that cling to the foe, sharply reducing its Speed stat."
178,lets-go-pikachu-lets-go-eevee,"The user releases cotton-like spores that cling to the opposing Pokémon, which harshly lowers their Speed stat."
178,omega-ruby-alpha-sapphire,"The user releases cotton-like spores that cling to the opposing Pokémon, which harshly lowers their Speed stats."
178,platinum,"The user releases cottonlike spores that cling to the foe, sharply reducing its Speed stat."
178,ruby-sapphire,"Spores cling to the foe, sharply reducing SPEED."
178,sun-moon,"The user releases cotton-like spores that cling to the opposing Pokémon, which harshly lowers their Speed stat."
178,sword-shield,"The user releases cotton-like spores that cling to opposing Pokémon, which harshly lowers their Speed stats."
178,ultra-sun-ultra-moon,"The user releases cotton-like spores that cling to the opposing Pokémon, which harshly lowers their Speed stat."
178,x-y,"The user releases cotton-like spores that cling to the opposing Pokémon, which harshly lowers their Speed stats."
179,black-2-white-2,An all-out attack that becomes more powerful the less HP the user has.
179,black-white,An all-out attack that becomes more powerful the less HP the user has.
179,crystal,Stronger if the user's HP is low.
179,diamond-pearl,An all-out attack that becomes more powerful the less HP the user has.
179,emerald,Inflicts more damage when the user’s HP is down.
179,firered-leafgreen,An all-out attack that becomes more powerful the less HP the user has.
179,gold-silver,Stronger if the user's HP is low.
179,heartgold-soulsilver,An all-out attack that becomes more powerful the less HP the user has.
179,lets-go-pikachu-lets-go-eevee,An all-out attack that becomes more powerful the less HP the user has.
179,omega-ruby-alpha-sapphire,An all-out attack that becomes more powerful the less HP the user has.
179,platinum,An all-out attack that becomes more powerful the less HP the user has.
179,ruby-sapphire,Inflicts more damage when the user’s HP is down.
179,sun-moon,An all-out attack that becomes more powerful the less HP the user has.
179,sword-shield,An all-out attack that becomes more powerful the less HP the user has.
179,ultra-sun-ultra-moon,An all-out attack that becomes more powerful the less HP the user has.
179,x-y,An all-out attack that becomes more powerful the less HP the user has.
180,black-2-white-2,The user unleashes its grudge on the move last used by the target by cutting 4 PP from it.
180,black-white,The user unleashes its grudge on the move last used by the target by cutting 4 PP from it.
180,crystal,Cuts the PP of the foe's last move.
180,diamond-pearl,The user looses its grudge on the move last used by the foe by cutting 4 PP from it.
180,emerald,Spitefully cuts the PP of the foe’s last move.
180,firered-leafgreen,A move that cuts 2 to 5 PP from the move last used by the foe.
180,gold-silver,Cuts the PP of the foe's last move.
180,heartgold-soulsilver,The user looses its grudge on the move last used by the foe by cutting 4 PP from it.
180,lets-go-pikachu-lets-go-eevee,The user unleashes its grudge on the move last used by the target by cutting 4 PP from it.
180,omega-ruby-alpha-sapphire,The user unleashes its grudge on the move last used by the target by cutting 4 PP from it.
180,platinum,The user looses its grudge on the move last used by the foe by cutting 4 PP from it.
180,ruby-sapphire,Spitefully cuts the PP of the foe’s last move.
180,sun-moon,The user unleashes its grudge on the move last used by the target by cutting 4 PP from it.
180,sword-shield,The user unleashes its grudge on the move last used by the target by cutting 4 PP from it.
180,ultra-sun-ultra-moon,The user unleashes its grudge on the move last used by the target by cutting 4 PP from it.
180,x-y,The user unleashes its grudge on the move last used by the target by cutting 4 PP from it.
181,black-2-white-2,The user attacks with a chilling gust of powdery snow. It may also freeze the targets.
181,black-white,The user attacks with a chilling gust of powdery snow. It may also freeze the targets.
181,crystal,An attack that may cause freezing.
181,diamond-pearl,The user attacks with a chilling gust of powdery snow. It may also freeze the target.
181,emerald,Blasts the foe with a snowy gust. May cause freezing.
181,firered-leafgreen,Blasts the foe with a snowy gust. It may cause freezing.
181,gold-silver,An attack that may cause freezing.
181,heartgold-soulsilver,The user attacks with a chilling gust of powdery snow. It may also freeze the target.
181,lets-go-pikachu-lets-go-eevee,The user attacks with a chilling gust of powdery snow. This may also freeze the opposing Pokémon.
181,omega-ruby-alpha-sapphire,The user attacks with a chilling gust of powdery snow. This may also freeze the opposing Pokémon.
181,platinum,The user attacks with a chilling gust of powdery snow. It may also freeze the target.
181,ruby-sapphire,Blasts the foe with a snowy gust. May cause freezing.
181,sun-moon,The user attacks with a chilling gust of powdery snow. This may also freeze the opposing Pokémon.
181,sword-shield,The user attacks with a chilling gust of powdery snow. This may also freeze opposing Pokémon.
181,ultra-sun-ultra-moon,The user attacks with a chilling gust of powdery snow. This may also freeze the opposing Pokémon.
181,x-y,The user attacks with a chilling gust of powdery snow. This may also freeze the opposing Pokémon.
182,black-2-white-2,It enables the user to evade all attacks. Its chance of failing rises if it is used in succession.
182,black-white,It enables the user to evade all attacks. Its chance of failing rises if it is used in succession.
182,crystal,Foils attack that turn. It may fail.
182,diamond-pearl,It enables the user to evade all attacks. Its chance of failing rises if it is used in succession.
182,emerald,"Evades attack, but may fail if used in succession."
182,firered-leafgreen,Enables the user to evade all attacks. It may fail if used in succession.
182,gold-silver,Foils attack that turn. It may fail.
182,heartgold-soulsilver,It enables the user to evade all attacks. Its chance of failing rises if it is used in succession.
182,lets-go-pikachu-lets-go-eevee,Enables the user to protect itself from all attacks. Its chance of failing rises if it is used in succession.
182,omega-ruby-alpha-sapphire,Enables the user to evade all attacks. Its chance of failing rises if it is used in succession.
182,platinum,It enables the user to evade all attacks. Its chance of failing rises if it is used in succession.
182,ruby-sapphire,"Evades attack, but may fail if used in succession."
182,sun-moon,Enables the user to evade all attacks. Its chance of failing rises if it is used in succession.
182,sword-shield,This move enables the user to protect itself from all attacks. Its chance of failing rises if it is used in succession.
182,ultra-sun-ultra-moon,Enables the user to evade all attacks. Its chance of failing rises if it is used in succession.
182,x-y,Enables the user to evade all attacks. Its chance of failing rises if it is used in succession.
183,black-2-white-2,The user throws a punch at blinding speed. It is certain to strike first.
183,black-white,The user throws a punch at blinding speed. It is certain to strike first.
183,crystal,A fast punch that lands first.
183,diamond-pearl,The user throws a punch at blinding speed. It is certain to strike first.
183,emerald,A punch is thrown at wicked speed to strike first.
183,firered-leafgreen,A punch thrown at blinding speed. It is certain to strike first.
183,gold-silver,A fast punch that lands first.
183,heartgold-soulsilver,The user throws a punch at blinding speed. It is certain to strike first.
183,lets-go-pikachu-lets-go-eevee,The user throws a punch at blinding speed. This move always goes first.
183,omega-ruby-alpha-sapphire,The user throws a punch at blinding speed. This move always goes first.
183,platinum,The user throws a punch at blinding speed. It is certain to strike first.
183,ruby-sapphire,A punch is thrown at wicked speed to strike first.
183,sun-moon,The user throws a punch at blinding speed. This move always goes first.
183,sword-shield,The user throws a punch at blinding speed. This move always goes first.
183,ultra-sun-ultra-moon,The user throws a punch at blinding speed. This move always goes first.
183,x-y,The user throws a punch at blinding speed. This move always goes first.
184,black-2-white-2,The user frightens the target with a scary face to harshly reduce its Speed stat.
184,black-white,The user frightens the target with a scary face to harshly reduce its Speed stat.
184,crystal,Sharply reduces the foe's SPEED.
184,diamond-pearl,The user frightens the foe with a scary face to sharply reduce its Speed stat.
184,emerald,Frightens with a scary face to sharply reduce SPEED.
184,firered-leafgreen,Frightens the foe with a scary face to sharply reduce its SPEED.
184,gold-silver,Sharply reduces the foe's SPEED.
184,heartgold-soulsilver,The user frightens the foe with a scary face to sharply reduce its Speed stat.
184,lets-go-pikachu-lets-go-eevee,The user frightens the target with a scary face to harshly lower its Speed stat.
184,omega-ruby-alpha-sapphire,The user frightens the target with a scary face to harshly lower its Speed stat.
184,platinum,The user frightens the foe with a scary face to sharply reduce its Speed stat.
184,ruby-sapphire,Frightens with a scary face to sharply reduce SPEED.
184,sun-moon,The user frightens the target with a scary face to harshly lower its Speed stat.
184,sword-shield,The user frightens the target with a scary face to harshly lower its Speed stat.
184,ultra-sun-ultra-moon,The user frightens the target with a scary face to harshly lower its Speed stat.
184,x-y,The user frightens the target with a scary face to harshly lower its Speed stat.
185,black-2-white-2,"The user approaches the target disarmingly, then throws a sucker punch. It hits without fail."
185,black-white,"The user approaches the target disarmingly, then throws a sucker punch. It hits without fail."
185,crystal,An attack that never misses.
185,diamond-pearl,"The user draws up to the foe disarmingly, then throws a sucker punch. It hits without fail."
185,emerald,"Draws the foe close, then strikes without fail."
185,firered-leafgreen,"The user draws up close to the foe disarmingly, then hits without fail."
185,gold-silver,An attack that never misses.
185,heartgold-soulsilver,"The user draws up to the foe disarmingly, then throws a sucker punch. It hits without fail."
185,lets-go-pikachu-lets-go-eevee,"The user approaches the target disarmingly, then throws a sucker punch. This attack never misses."
185,omega-ruby-alpha-sapphire,"The user approaches the target disarmingly, then throws a sucker punch. This attack never misses."
185,platinum,"The user draws up to the foe disarmingly, then throws a sucker punch. It hits without fail."
185,ruby-sapphire,"Draws the foe close, then strikes without fail."
185,sun-moon,"The user approaches the target disarmingly, then throws a sucker punch. This attack never misses."
185,sword-shield,"This move can’t be used. It’s recommended that this move is forgotten. Once forgotten, this move can’t be remembered."
185,ultra-sun-ultra-moon,"The user approaches the target disarmingly, then throws a sucker punch. This attack never misses."
185,x-y,"The user approaches the target disarmingly, then throws a sucker punch. This attack never misses."
186,black-2-white-2,"The user kisses the target with a sweet, angelic cuteness that causes confusion."
186,black-white,"The user kisses the target with a sweet, angelic cuteness that causes confusion."
186,crystal,A move that causes confusion.
186,diamond-pearl,"The user kisses the foe with a sweet, angelic cuteness that causes confusion."
186,emerald,Demands a kiss with a cute look. May cause confusion.
186,firered-leafgreen,The user kisses the foe with sweet cuteness that causes confusion.
186,gold-silver,A move that causes confusion.
186,heartgold-soulsilver,"The user kisses the foe with a sweet, angelic cuteness that causes confusion."
186,lets-go-pikachu-lets-go-eevee,"The user kisses the target with a sweet, angelic cuteness that causes confusion."
186,omega-ruby-alpha-sapphire,"The user kisses the target with a sweet, angelic cuteness that causes confusion."
186,platinum,"The user kisses the foe with a sweet, angelic cuteness that causes confusion."
186,ruby-sapphire,Demands a kiss with a cute look. May cause confusion.
186,sun-moon,"The user kisses the target with a sweet, angelic cuteness that causes confusion."
186,sword-shield,"The user kisses the target with a sweet, angelic cuteness that causes confusion."
186,ultra-sun-ultra-moon,"The user kisses the target with a sweet, angelic cuteness that causes confusion."
186,x-y,"The user kisses the target with a sweet, angelic cuteness that causes confusion."
187,black-2-white-2,The user maximizes its Attack stat in exchange for HP equal to half its max HP.
187,black-white,The user maximizes its Attack stat in exchange for HP equal to half its max HP.
187,crystal,Reduces own HP to maximize ATTACK.
187,diamond-pearl,The user maximizes its Attack stat in exchange for HP equal to half its max HP.
187,emerald,Maximizes ATTACK while sacrificing HP.
187,firered-leafgreen,The user maximizes its ATTACK stat at the cost of half its full HP.
187,gold-silver,Reduces own HP to maximize ATTACK.
187,heartgold-soulsilver,The user maximizes its Attack stat in exchange for HP equal to half its max HP.
187,lets-go-pikachu-lets-go-eevee,The user maximizes its Attack stat in exchange for HP equal to half its max HP.
187,omega-ruby-alpha-sapphire,The user maximizes its Attack stat in exchange for HP equal to half its max HP.
187,platinum,The user maximizes its Attack stat in exchange for HP equal to half its max HP.
187,ruby-sapphire,Maximizes ATTACK while sacrificing HP.
187,sun-moon,The user maximizes its Attack stat in exchange for HP equal to half its max HP.
187,sword-shield,The user maximizes its Attack stat in exchange for HP equal to half its max HP.
187,ultra-sun-ultra-moon,The user maximizes its Attack stat in exchange for HP equal to half its max HP.
187,x-y,The user maximizes its Attack stat in exchange for HP equal to half its max HP.
188,black-2-white-2,Unsanitary sludge is hurled at the target. It may also poison the target.
188,black-white,Unsanitary sludge is hurled at the target. It may also poison the target.
188,crystal,An attack that may poison the foe.
188,diamond-pearl,The user attacks by hurling filthy sludge at the foe. It may also poison the target.
188,emerald,Sludge is hurled to inflict damage. May also poison.
188,firered-leafgreen,Filthy sludge is hurled at the foe. It may poison the target.
188,gold-silver,An attack that may poison the foe.
188,heartgold-soulsilver,The user attacks by hurling filthy sludge at the foe. It may also poison the target.
188,lets-go-pikachu-lets-go-eevee,Unsanitary sludge is hurled at the target. This may also poison the target.
188,omega-ruby-alpha-sapphire,Unsanitary sludge is hurled at the target. This may also poison the target.
188,platinum,The user attacks by hurling filthy sludge at the foe. It may also poison the target.
188,ruby-sapphire,Sludge is hurled to inflict damage. May also poison.
188,sun-moon,Unsanitary sludge is hurled at the target. This may also poison the target.
188,sword-shield,Unsanitary sludge is hurled at the target. This may also poison the target.
188,ultra-sun-ultra-moon,Unsanitary sludge is hurled at the target. This may also poison the target.
188,x-y,Unsanitary sludge is hurled at the target. This may also poison the target.
189,black-2-white-2,The user hurls mud in the target’s face to inflict damage and lower its accuracy.
189,black-white,The user hurls mud in the target’s face to inflict damage and lower its accuracy.
189,crystal,Reduces the foe's accuracy.
189,diamond-pearl,The user hurls mud in the foe’s face to inflict damage and lower its accuracy.
189,emerald,Hurls mud in the foe’s face to reduce its accuracy.
189,firered-leafgreen,Mud is hurled in the foe’s face to inflict damage and lower its accuracy.
189,gold-silver,Reduces the foe's accuracy.
189,heartgold-soulsilver,The user hurls mud in the foe’s face to inflict damage and lower its accuracy.
189,lets-go-pikachu-lets-go-eevee,The user hurls mud in the target’s face to inflict damage and lower its accuracy.
189,omega-ruby-alpha-sapphire,The user hurls mud in the target’s face to inflict damage and lower its accuracy.
189,platinum,The user hurls mud in the foe’s face to inflict damage and lower its accuracy.
189,ruby-sapphire,Hurls mud in the foe’s face to reduce its accuracy.
189,sun-moon,The user hurls mud in the target’s face to inflict damage and lower its accuracy.
189,sword-shield,The user hurls mud in the target’s face to inflict damage and lower its accuracy.
189,ultra-sun-ultra-moon,The user hurls mud in the target’s face to inflict damage and lower its accuracy.
189,x-y,The user hurls mud in the target’s face to inflict damage and lower its accuracy.
190,black-2-white-2,The user attacks by spraying ink in the target’s face or eyes. It may also lower the target’s accuracy.
190,black-white,The user attacks by spraying ink in the target’s face or eyes. It may also lower the target’s accuracy.
190,crystal,An attack that may reduce accuracy.
190,diamond-pearl,The user attacks by spraying ink in the foe’s face or eyes. It may also lower the target’s accuracy.
190,emerald,Fires a lump of ink to damage and cut accuracy.
190,firered-leafgreen,Ink is blasted in the foe’s face or eyes to damage and lower accuracy.
190,gold-silver,An attack that may reduce accuracy.
190,heartgold-soulsilver,The user attacks by spraying ink in the foe’s face or eyes. It may also lower the target’s accuracy.
190,lets-go-pikachu-lets-go-eevee,The user attacks by spraying ink in the target’s face or eyes. This may also lower the target’s accuracy.
190,omega-ruby-alpha-sapphire,The user attacks by spraying ink in the target’s face or eyes. This may also lower the target’s accuracy.
190,platinum,The user attacks by spraying ink in the foe’s face or eyes. It may also lower the target’s accuracy.
190,ruby-sapphire,Fires a lump of ink to damage and cut accuracy.
190,sun-moon,The user attacks by spraying ink in the target’s face or eyes. This may also lower the target’s accuracy.
190,sword-shield,The user attacks by spraying ink in the target’s face or eyes. This may also lower the target’s accuracy.
190,ultra-sun-ultra-moon,The user attacks by spraying ink in the target’s face or eyes. This may also lower the target’s accuracy.
190,x-y,The user attacks by spraying ink in the target’s face or eyes. This may also lower the target’s accuracy.
191,black-2-white-2,The user lays a trap of spikes at the opposing team’s feet. The trap hurts Pokémon that switch into battle.
191,black-white,The user lays a trap of spikes at the opposing team’s feet. The trap hurts Pokémon that switch into battle.
191,crystal,Hurts foes when they switch out.
191,diamond-pearl,The user lays a trap of spikes at the foe’s feet. The trap hurts foes that switch into battle.
191,emerald,Sets spikes that hurt a foe switching in.
191,firered-leafgreen,A trap of spikes is laid around the foe’s party to hurt foes switching in.
191,gold-silver,Hurts foes when they switch out.
191,heartgold-soulsilver,The user lays a trap of spikes at the foe’s feet. The trap hurts foes that switch into battle.
191,lets-go-pikachu-lets-go-eevee,The user lays a trap of spikes at the opposing team’s feet. The trap hurts Pokémon that switch into battle.
191,omega-ruby-alpha-sapphire,The user lays a trap of spikes at the opposing team’s feet. The trap hurts Pokémon that switch into battle.
191,platinum,The user lays a trap of spikes at the foe’s feet. The trap hurts foes that switch into battle.
191,ruby-sapphire,Sets spikes that hurt a foe switching out.
191,sun-moon,The user lays a trap of spikes at the opposing team’s feet. The trap hurts Pokémon that switch into battle.
191,sword-shield,The user lays a trap of spikes at the opposing team’s feet. The trap hurts Pokémon that switch into battle.
191,ultra-sun-ultra-moon,The user lays a trap of spikes at the opposing team’s feet. The trap hurts Pokémon that switch into battle.
191,x-y,The user lays a trap of spikes at the opposing team’s feet. The trap hurts Pokémon that switch into battle.
192,black-2-white-2,The user fires an electric blast like a cannon to inflict damage and cause paralysis.
192,black-white,The user fires an electric blast like a cannon to inflict damage and cause paralysis.
192,crystal,An attack that always paralyzes.
192,diamond-pearl,The user fires an electric blast like a cannon to inflict damage and cause paralysis.
192,emerald,"Powerful and sure to cause paralysis, but inaccurate."
192,firered-leafgreen,An electric blast is fired like a cannon to inflict damage and paralyze.
192,gold-silver,An attack that always paralyzes.
192,heartgold-soulsilver,The user fires an electric blast like a cannon to inflict damage and cause paralysis.
192,lets-go-pikachu-lets-go-eevee,The user fires an electric blast like a cannon to inflict damage and cause paralysis.
192,omega-ruby-alpha-sapphire,The user fires an electric blast like a cannon to inflict damage and cause paralysis.
192,platinum,The user fires an electric blast like a cannon to inflict damage and cause paralysis.
192,ruby-sapphire,"Powerful and sure to cause paralysis, but inaccurate."
192,sun-moon,The user fires an electric blast like a cannon to inflict damage and cause paralysis.
192,sword-shield,The user fires an electric blast like a cannon to inflict damage and cause paralysis.
192,ultra-sun-ultra-moon,The user fires an electric blast like a cannon to inflict damage and cause paralysis.
192,x-y,The user fires an electric blast like a cannon to inflict damage and cause paralysis.
193,black-2-white-2,Enables a Ghost-type target to be hit by Normal- and Fighting-type attacks. It also enables an evasive target to be hit.
193,black-white,Enables a Ghost-type target to be hit by Normal- and Fighting-type attacks. It also enables an evasive target to be hit.
193,crystal,Negates accuracy reduction moves.
193,diamond-pearl,Enables the user to hit a Ghost type with any type of move. It also enables the user to hit an evasive foe.
193,emerald,Negates the foe’s efforts to heighten evasiveness.
193,firered-leafgreen,Completely negates the foe’s efforts to heighten its ability to evade.
193,gold-silver,Negates accuracy reduction moves.
193,heartgold-soulsilver,Enables the user to hit a Ghost type with any type of move. It also enables the user to hit an evasive foe.
193,lets-go-pikachu-lets-go-eevee,Enables a Ghost-type target to be hit by Normal- and Fighting-type attacks. This also enables an evasive target to be hit.
193,omega-ruby-alpha-sapphire,Enables a Ghost-type target to be hit by Normal- and Fighting-type attacks. This also enables an evasive target to be hit.
193,platinum,Enables the user to hit a Ghost type with any type of move. It also enables the user to hit an evasive foe.
193,ruby-sapphire,Negates the foe’s efforts to heighten evasiveness.
193,sun-moon,Enables a Ghost-type target to be hit by Normal- and Fighting-type attacks. This also enables an evasive target to be hit.
193,sword-shield,"This move can’t be used. It’s recommended that this move is forgotten. Once forgotten, this move can’t be remembered."
193,ultra-sun-ultra-moon,Enables a Ghost-type target to be hit by Normal- and Fighting-type attacks. This also enables an evasive target to be hit.
193,x-y,Enables a Ghost-type target to be hit by Normal- and Fighting-type attacks. This also enables an evasive target to be hit.
194,black-2-white-2,"When this move is used, if the user faints, the Pokémon that landed the knockout hit also faints."
194,black-white,"When this move is used, if the user faints, the Pokémon that landed the knockout hit also faints."
194,crystal,The foe faints if the user does.
194,diamond-pearl,"When this move is used, if the user faints, the foe that landed the knockout hit also faints."
194,emerald,"If the user faints, the foe is also made to faint."
194,firered-leafgreen,"If the user faints, the foe delivering the final hit also faints."
194,gold-silver,The foe faints if the user does.
194,heartgold-soulsilver,"When this move is used, if the user faints, the foe that landed the knockout hit also faints."
194,lets-go-pikachu-lets-go-eevee,"After using this move, if the user faints, the Pokémon that landed the knockout hit also faints. Its chance of failing rises if it is used in succession."
194,omega-ruby-alpha-sapphire,"When this move is used, if the user faints, the Pokémon that landed the knockout hit also faints."
194,platinum,"When this move is used, if the user faints, the foe that landed the knockout hit also faints."
194,ruby-sapphire,"If the user faints, the foe is also made to faint."
194,sun-moon,"After using this move, if the user faints, the Pokémon that landed the knockout hit also faints. Its chance of failing rises if it is used in succession."
194,sword-shield,"After using this move, if the user faints, the Pokémon that landed the knockout hit also faints. Its chance of failing rises if it is used in succession."
194,ultra-sun-ultra-moon,"After using this move, if the user faints, the Pokémon that landed the knockout hit also faints. Its chance of failing rises if it is used in succession."
194,x-y,"When this move is used, if the user faints, the Pokémon that landed the knockout hit also faints."
195,black-2-white-2,"Any Pokémon that hears this song faints in three turns, unless it switches out of battle."
195,black-white,"Any Pokémon that hears this song faints in three turns, unless it switches out of battle."
195,crystal,Both user and foe faint in 3 turns.
195,diamond-pearl,Any Pokémon that hears this song faints in three turns unless it switches out of battle.
195,emerald,Any POKéMON hearing this song faints in 3 turns.
195,firered-leafgreen,Any battler that hears this faints in three turns unless it switches.
195,gold-silver,Both user and foe faint in 3 turns.
195,heartgold-soulsilver,"Any Pokémon that hears this song faints in three turns, unless it switches out of battle."
195,lets-go-pikachu-lets-go-eevee,"Any Pokémon that hears this song faints in three turns, unless it switches out of battle."
195,omega-ruby-alpha-sapphire,"Any Pokémon that hears this song faints in three turns, unless it switches out of battle."
195,platinum,Any Pokémon that hears this song faints in three turns unless it switches out of battle.
195,ruby-sapphire,Any POKéMON hearing this song faints in 3 turns.
195,sun-moon,"Any Pokémon that hears this song faints in three turns, unless it switches out of battle."
195,sword-shield,"Any Pokémon that hears this song faints in three turns, unless it switches out of battle."
195,ultra-sun-ultra-moon,"Any Pokémon that hears this song faints in three turns, unless it switches out of battle."
195,x-y,"Any Pokémon that hears this song faints in three turns, unless it switches out of battle."
196,black-2-white-2,The user attacks with a gust of chilled air. It also reduces the targets’ Speed stat.
196,black-white,The user attacks with a gust of chilled air. It also reduces the targets’ Speed stat.
196,crystal,An icy attack that lowers SPEED.
196,diamond-pearl,The user attacks with a gust of chilled air. It also lowers the target’s Speed stat.
196,emerald,A chilling attack that lowers the foe’s SPEED.
196,firered-leafgreen,A chilling wind is used to attack. It also lowers the SPEED stat.
196,gold-silver,An icy attack that lowers SPEED.
196,heartgold-soulsilver,The user attacks with a gust of chilled air. It also lowers the target’s Speed stat.
196,lets-go-pikachu-lets-go-eevee,The user attacks with a gust of chilled air. This also lowers the opposing Pokémon’s Speed stats.
196,omega-ruby-alpha-sapphire,The user attacks with a gust of chilled air. This also lowers the opposing Pokémon’s Speed stats.
196,platinum,The user attacks with a gust of chilled air. It also lowers the target’s Speed stat.
196,ruby-sapphire,A chilling attack that lowers the foe’s SPEED.
196,sun-moon,The user attacks with a gust of chilled air. This also lowers the opposing Pokémon’s Speed stats.
196,sword-shield,The user attacks with a gust of chilled air. This also lowers opposing Pokémon’s Speed stats.
196,ultra-sun-ultra-moon,The user attacks with a gust of chilled air. This also lowers the opposing Pokémon’s Speed stats.
196,x-y,The user attacks with a gust of chilled air. This also lowers the opposing Pokémon’s Speed stats.
197,black-2-white-2,It enables the user to evade all attacks. Its chance of failing rises if it is used in succession.
197,black-white,It enables the user to evade all attacks. Its chance of failing rises if it is used in succession.
197,crystal,Evades attack that turn. It may fail.
197,diamond-pearl,It enables the user to evade all attacks. Its chance of failing rises if it is used in succession.
197,emerald,"Evades attack, but may fail if used in succession."
197,firered-leafgreen,Enables the user to evade all attacks. It may fail if used in succession.
197,gold-silver,Evades attack that turn. It may fail.
197,heartgold-soulsilver,It enables the user to evade all attacks. Its chance of failing rises if it is used in succession.
197,lets-go-pikachu-lets-go-eevee,Enables the user to evade all attacks. Its chance of failing rises if it is used in succession.
197,omega-ruby-alpha-sapphire,Enables the user to evade all attacks. Its chance of failing rises if it is used in succession.
197,platinum,It enables the user to evade all attacks. Its chance of failing rises if it is used in succession.
197,ruby-sapphire,"Evades attack, but may fail if used in succession."
197,sun-moon,Enables the user to evade all attacks. Its chance of failing rises if it is used in succession.
197,sword-shield,This move enables the user to protect itself from all attacks. Its chance of failing rises if it is used in succession.
197,ultra-sun-ultra-moon,Enables the user to evade all attacks. Its chance of failing rises if it is used in succession.
197,x-y,Enables the user to evade all attacks. Its chance of failing rises if it is used in succession.
198,black-2-white-2,The user strikes the target with a hard bone two to five times in a row.
198,black-white,The user strikes the target with a hard bone two to five times in a row.
198,crystal,An attack that hits 2-5 times.
198,diamond-pearl,The user strikes at the foe with a hard bone two to five times in a row.
198,emerald,Strikes the foe with a bone in hand 2 to 5 times.
198,firered-leafgreen,The user strikes the foe with a bone in hand two to five times.
198,gold-silver,An attack that hits 2-5 times.
198,heartgold-soulsilver,The user strikes at the foe with a hard bone two to five times in a row.
198,lets-go-pikachu-lets-go-eevee,The user strikes the target with a hard bone two to five times in a row.
198,omega-ruby-alpha-sapphire,The user strikes the target with a hard bone two to five times in a row.
198,platinum,The user strikes at the foe with a hard bone two to five times in a row.
198,ruby-sapphire,Strikes the foe with a bone in hand 2 to 5 times.
198,sun-moon,The user strikes the target with a hard bone two to five times in a row.
198,sword-shield,The user strikes the target with a hard bone two to five times in a row.
198,ultra-sun-ultra-moon,The user strikes the target with a hard bone two to five times in a row.
198,x-y,The user strikes the target with a hard bone two to five times in a row.
199,black-2-white-2,The user takes sure aim at the target. It ensures the next attack does not fail to hit the target.
199,black-white,The user takes sure aim at the target. It ensures the next attack does not fail to hit the target.
199,crystal,Ensures the next attack will hit.
199,diamond-pearl,The user takes sure aim at the foe. It ensures the next attack does not fail to hit the target.
199,emerald,Locks on to the foe to ensure the next move hits.
199,firered-leafgreen,"The user locks on to the foe, making the next move sure to hit."
199,gold-silver,Ensures the next attack will hit.
199,heartgold-soulsilver,The user takes sure aim at the foe. It ensures the next attack does not fail to hit the target.
199,lets-go-pikachu-lets-go-eevee,The user takes sure aim at the target. This ensures the next attack does not miss the target.
199,omega-ruby-alpha-sapphire,The user takes sure aim at the target. This ensures the next attack does not miss the target.
199,platinum,The user takes sure aim at the foe. It ensures the next attack does not fail to hit the target.
199,ruby-sapphire,Locks on to the foe to ensure the next move hits.
199,sun-moon,The user takes sure aim at the target. This ensures the next attack does not miss the target.
199,sword-shield,The user takes sure aim at the target. This ensures the next attack does not miss the target.
199,ultra-sun-ultra-moon,The user takes sure aim at the target. This ensures the next attack does not miss the target.
199,x-y,The user takes sure aim at the target. This ensures the next attack does not miss the target.
200,black-2-white-2,"The user rampages and attacks for two to three turns. It then becomes confused, however."
200,black-white,"The user rampages and attacks for two to three turns. It then becomes confused, however."
200,crystal,Works 2-3 turns and confuses user.
200,diamond-pearl,"The user rampages and attacks for two to three turns. However, it then becomes confused."
200,emerald,A rampage of 2 to 3 turns that confuses the user.
200,firered-leafgreen,"The user thrashes about for two to three turns, then becomes confused."
200,gold-silver,Works 2-3 turns and confuses user.
200,heartgold-soulsilver,"The user rampages and attacks for two to three turns. However, it then becomes confused."
200,lets-go-pikachu-lets-go-eevee,The Pokémon rampages and attacks for two to three turns. It then becomes confused.
200,omega-ruby-alpha-sapphire,The user rampages and attacks for two to three turns. The user then becomes confused.
200,platinum,"The user rampages and attacks for two to three turns. However, it then becomes confused."
200,ruby-sapphire,A rampage of 2 to 3 turns that confuses the user.
200,sun-moon,The user rampages and attacks for two to three turns. The user then becomes confused.
200,sword-shield,The user rampages and attacks for two to three turns. The user then becomes confused.
200,ultra-sun-ultra-moon,The user rampages and attacks for two to three turns. The user then becomes confused.
200,x-y,The user rampages and attacks for two to three turns. The user then becomes confused.
201,black-2-white-2,"A five-turn sandstorm is summoned to hurt all combatants except the Rock, Ground, and Steel types."
201,black-white,"A five-turn sandstorm is summoned to hurt all combatants except the Rock, Ground, and Steel types."
201,crystal,Inflicts damage every turn.
201,diamond-pearl,"A five-turn sandstorm is summoned to hurt all combatant types except Rock, Ground, and Steel."
201,emerald,Causes a sandstorm that rages for several turns.
201,firered-leafgreen,"A 5-turn sandstorm that damages all types except ROCK, GROUND, and STEEL."
201,gold-silver,Inflicts damage every turn.
201,heartgold-soulsilver,"A five-turn sandstorm is summoned to hurt all combatant types except Rock, Ground, and Steel."
201,lets-go-pikachu-lets-go-eevee,"A five-turn sandstorm is summoned to hurt all combatants except the Rock, Ground, and Steel types. It raises the Sp. Def stat of Rock types."
201,omega-ruby-alpha-sapphire,"A five-turn sandstorm is summoned to hurt all combatants except the Rock, Ground, and Steel types."
201,platinum,"A five-turn sandstorm is summoned to hurt all combatant types except Rock, Ground, and Steel."
201,ruby-sapphire,Causes a sandstorm that rages for several turns.
201,sun-moon,"A five-turn sandstorm is summoned to hurt all combatants except the Rock, Ground, and Steel types. It raises the Sp. Def stat of Rock types."
201,sword-shield,"A five-turn sandstorm is summoned to hurt all combatants except Rock, Ground, and Steel types. It raises the Sp. Def stat of Rock types."
201,ultra-sun-ultra-moon,"A five-turn sandstorm is summoned to hurt all combatants except the Rock, Ground, and Steel types. It raises the Sp. Def stat of Rock types."
201,x-y,"A five-turn sandstorm is summoned to hurt all combatants except the Rock, Ground, and Steel types."
202,black-2-white-2,A nutrient-draining attack. The user’s HP is restored by half the damage taken by the target.
202,black-white,A nutrient-draining attack. The user’s HP is restored by half the damage taken by the target.
202,crystal,Steals 1/2 of the damage inflicted.
202,diamond-pearl,A nutrient-draining attack. The user’s HP is restored by half the damage taken by the target.
202,emerald,An attack that steals half the damage inflicted.
202,firered-leafgreen,A harsh attack that absorbs half the damage it inflicted to restore HP.
202,gold-silver,Steals 1/2 of the damage inflicted.
202,heartgold-soulsilver,A nutrient-draining attack. The user’s HP is restored by half the damage taken by the target.
202,lets-go-pikachu-lets-go-eevee,A nutrient-draining attack. The user’s HP is restored by half the damage taken by the target.
202,omega-ruby-alpha-sapphire,A nutrient-draining attack. The user’s HP is restored by half the damage taken by the target.
202,platinum,A nutrient-draining attack. The user’s HP is restored by half the damage taken by the target.
202,ruby-sapphire,An attack that steals half the damage inflicted.
202,sun-moon,A nutrient-draining attack. The user’s HP is restored by half the damage taken by the target.
202,sword-shield,A nutrient-draining attack. The user’s HP is restored by half the damage taken by the target.
202,ultra-sun-ultra-moon,A nutrient-draining attack. The user’s HP is restored by half the damage taken by the target.
202,x-y,A nutrient-draining attack. The user’s HP is restored by half the damage taken by the target.
203,black-2-white-2,The user endures any attack with at least 1 HP. Its chance of failing rises if it is used in succession.
203,black-white,The user endures any attack with at least 1 HP. Its chance of failing rises if it is used in succession.
203,crystal,Always leaves at least 1HP.
203,diamond-pearl,"The user endures any attack, leaving 1 HP. Its chance of failing rises if it is used in succession."
203,emerald,"Endures any attack for 1 turn, leaving at least 1HP."
203,firered-leafgreen,The user endures any hit with 1 HP left. It may fail if used in succession.
203,gold-silver,Always leaves at least 1HP.
203,heartgold-soulsilver,The user endures any attack with at least 1 HP. Its chance of failing rises if it is used in succession.
203,lets-go-pikachu-lets-go-eevee,The user endures any attack with at least 1 HP. Its chance of failing rises if it is used in succession.
203,omega-ruby-alpha-sapphire,The user endures any attack with at least 1 HP. Its chance of failing rises if it is used in succession.
203,platinum,"The user endures any attack, leaving 1 HP. Its chance of failing rises if it is used in succession."
203,ruby-sapphire,"Endures any attack for 1 turn, leaving at least 1HP."
203,sun-moon,The user endures any attack with at least 1 HP. Its chance of failing rises if it is used in succession.
203,sword-shield,The user endures any attack with at least 1 HP. Its chance of failing rises if it is used in succession.
203,ultra-sun-ultra-moon,The user endures any attack with at least 1 HP. Its chance of failing rises if it is used in succession.
203,x-y,The user endures any attack with at least 1 HP. Its chance of failing rises if it is used in succession.
204,black-2-white-2,"The user gazes at the target rather charmingly, making it less wary. The target’s Attack is harshly lowered."
204,black-white,"The user gazes at the target rather charmingly, making it less wary. The target’s Attack is harshly lowered."
204,crystal,Sharply lowers the foe's ATTACK.
204,diamond-pearl,"The user charmingly stares at the foe, making it less wary. The target’s Attack is sharply lowered."
204,emerald,Charms the foe and sharply reduces its ATTACK.
204,firered-leafgreen,"The foe is charmed by the user’s cute appeals, sharply cutting its ATTACK."
204,gold-silver,Sharply lowers the foe's ATTACK.
204,heartgold-soulsilver,"The user charmingly stares at the foe, making it less wary. The target’s Attack is sharply lowered."
204,lets-go-pikachu-lets-go-eevee,"The user gazes at the target rather charmingly, making it less wary. This harshly lowers its Attack stat."
204,omega-ruby-alpha-sapphire,"The user gazes at the target rather charmingly, making it less wary. This harshly lowers its Attack stat."
204,platinum,"The user charmingly stares at the foe, making it less wary. The target’s Attack is sharply lowered."
204,ruby-sapphire,Charms the foe and sharply reduces its ATTACK.
204,sun-moon,"The user gazes at the target rather charmingly, making it less wary. This harshly lowers its Attack stat."
204,sword-shield,"The user gazes at the target rather charmingly, making it less wary. This harshly lowers the target’s Attack stat."
204,ultra-sun-ultra-moon,"The user gazes at the target rather charmingly, making it less wary. This harshly lowers its Attack stat."
204,x-y,"The user gazes at the target rather charmingly, making it less wary. This harshly lowers its Attack stat."
205,black-2-white-2,The user continually rolls into the target over five turns. It becomes stronger each time it hits.
205,black-white,The user continually rolls into the target over five turns. It becomes stronger each time it hits.
205,crystal,Attacks 5 turns with rising power.
205,diamond-pearl,The user continually rolls into the foe over five turns. It becomes stronger each time it hits.
205,emerald,An attack lasting 5 turns with rising intensity.
205,firered-leafgreen,A 5-turn rolling attack that becomes stronger each time it hits.
205,gold-silver,Attacks 5 turns with rising power.
205,heartgold-soulsilver,The user continually rolls into the foe over five turns. It becomes stronger each time it hits.
205,lets-go-pikachu-lets-go-eevee,The user continually rolls into the target over five turns. It becomes more powerful each time it hits.
205,omega-ruby-alpha-sapphire,The user continually rolls into the target over five turns. It becomes more powerful each time it hits.
205,platinum,The user continually rolls into the foe over five turns. It becomes stronger each time it hits.
205,ruby-sapphire,An attack lasting 5 turns with rising intensity.
205,sun-moon,The user continually rolls into the target over five turns. It becomes more powerful each time it hits.
205,sword-shield,The user continually rolls into the target over five turns. It becomes more powerful each time it hits.
205,ultra-sun-ultra-moon,The user continually rolls into the target over five turns. It becomes more powerful each time it hits.
205,x-y,The user continually rolls into the target over five turns. It becomes more powerful each time it hits.
206,black-2-white-2,A restrained attack that prevents the target from fainting. The target is left with at least 1 HP.
206,black-white,A restrained attack that prevents the target from fainting. The target is left with at least 1 HP.
206,crystal,Leaves the foe with at least 1HP.
206,diamond-pearl,A restrained attack that prevents the foe from fainting. The target is left with at least 1 HP.
206,emerald,An attack that leaves the foe with at least 1 HP.
206,firered-leafgreen,A restrained attack that always leaves the foe with at least 1 HP.
206,gold-silver,Leaves the foe with at least 1HP.
206,heartgold-soulsilver,A restrained attack that prevents the foe from fainting. The target is left with at least 1 HP.
206,lets-go-pikachu-lets-go-eevee,A restrained attack that prevents the target from fainting. The target is left with at least 1 HP.
206,omega-ruby-alpha-sapphire,A restrained attack that prevents the target from fainting. The target is left with at least 1 HP.
206,platinum,A restrained attack that prevents the foe from fainting. The target is left with at least 1 HP.
206,ruby-sapphire,An attack that leaves the foe with at least 1 HP.
206,sun-moon,A restrained attack that prevents the target from fainting. The target is left with at least 1 HP.
206,sword-shield,A restrained attack that prevents the target from fainting. The target is left with at least 1 HP.
206,ultra-sun-ultra-moon,A restrained attack that prevents the target from fainting. The target is left with at least 1 HP.
206,x-y,A restrained attack that prevents the target from fainting. The target is left with at least 1 HP.
207,black-2-white-2,"The user enrages and confuses the target. However, it also sharply raises the target’s Attack stat."
207,black-white,"The user enrages and confuses the target. However, it also sharply raises the target’s Attack stat."
207,crystal,Causes confusion and raises ATTACK.
207,diamond-pearl,"The user enrages the foe into confusion. However, it also sharply raises the foe’s Attack stat."
207,emerald,"Confuses the foe, but also sharply raises ATTACK."
207,firered-leafgreen,"A move that makes the foe confused, but also sharply raises its ATTACK."
207,gold-silver,Causes confusion and raises ATTACK.
207,heartgold-soulsilver,"The user enrages the foe into confusion. However, it also sharply raises the foe’s Attack stat."
207,lets-go-pikachu-lets-go-eevee,"The user enrages and confuses the target. However, this also sharply raises the target’s Attack stat."
207,omega-ruby-alpha-sapphire,"The user enrages and confuses the target. However, this also sharply raises the target’s Attack stat."
207,platinum,"The user enrages the foe into confusion. However, it also sharply raises the foe’s Attack stat."
207,ruby-sapphire,"Confuses the foe, but also sharply raises ATTACK."
207,sun-moon,"The user enrages and confuses the target. However, this also sharply raises the target’s Attack stat."
207,sword-shield,"The user enrages and confuses the target. However, this also sharply raises the target’s Attack stat."
207,ultra-sun-ultra-moon,"The user enrages and confuses the target. However, this also sharply raises the target’s Attack stat."
207,x-y,"The user enrages and confuses the target. However, this also sharply raises the target’s Attack stat."
208,black-2-white-2,The user restores its own HP by up to half of its maximum HP. May also be used in the field to heal HP.
208,black-white,The user restores its own HP by up to half of its maximum HP. May also be used in the field to heal HP.
208,crystal,Restores HP by 1/2 the max HP.
208,diamond-pearl,The user restores its own HP by up to half of its maximum HP. It may also be used to heal an ally’s HP.
208,emerald,Recovers up to half the user’s maximum HP.
208,firered-leafgreen,Heals the user by up to half its full HP. It can be used to heal an ally.
208,gold-silver,Restores HP by 1/2 the max HP.
208,heartgold-soulsilver,The user restores its own HP by up to half of its maximum HP. It may also be used to heal an ally’s HP.
208,lets-go-pikachu-lets-go-eevee,The user restores its own HP by up to half of its max HP.
208,omega-ruby-alpha-sapphire,The user restores its own HP by up to half of its max HP. May also be used in the field to heal HP.
208,platinum,The user restores its own HP by up to half of its maximum HP. It may also be used to heal an ally’s HP.
208,ruby-sapphire,Recovers up to half the user’s maximum HP.
208,sun-moon,The user restores its own HP by up to half of its max HP.
208,sword-shield,The user restores its own HP by up to half of its max HP.
208,ultra-sun-ultra-moon,The user restores its own HP by up to half of its max HP.
208,x-y,The user restores its own HP by up to half of its max HP. May also be used in the field to heal HP.
209,black-2-white-2,The user throws an electrically charged tackle at the target. It may also leave the target with paralysis.
209,black-white,The user throws an electrically charged tackle at the target. It may also leave the target with paralysis.
209,crystal,An attack that may cause paralysis.
209,diamond-pearl,The user throws an electrically charged tackle at the foe. It may also leave the target paralyzed.
209,emerald,An electrified tackle that may paralyze the foe.
209,firered-leafgreen,An electrically charged tackle that may also paralyze the foe.
209,gold-silver,An attack that may cause paralysis.
209,heartgold-soulsilver,The user throws an electrically charged tackle at the foe. It may also leave the target paralyzed.
209,lets-go-pikachu-lets-go-eevee,The user throws an electrically charged tackle at the target. This may also leave the target with paralysis.
209,omega-ruby-alpha-sapphire,The user throws an electrically charged tackle at the target. This may also leave the target with paralysis.
209,platinum,The user throws an electrically charged tackle at the foe. It may also leave the target paralyzed.
209,ruby-sapphire,An electrified tackle that may paralyze the foe.
209,sun-moon,The user throws an electrically charged tackle at the target. This may also leave the target with paralysis.
209,sword-shield,The user throws an electrically charged tackle at the target. This may also leave the target with paralysis.
209,ultra-sun-ultra-moon,The user throws an electrically charged tackle at the target. This may also leave the target with paralysis.
209,x-y,The user throws an electrically charged tackle at the target. This may also leave the target with paralysis.
210,black-2-white-2,The target is slashed with scythes or claws. Its power increases if it hits in succession.
210,black-white,The target is slashed with scythes or claws. Its power increases if it hits in succession.
210,crystal,Successive hits raise power.
210,diamond-pearl,The foe is slashed with scythes or claws. Its power increases if it hits in succession.
210,emerald,An attack that intensifies on each successive hit.
210,firered-leafgreen,An attack that grows stronger on each successive hit.
210,gold-silver,Successive hits raise power.
210,heartgold-soulsilver,The foe is slashed with scythes or claws. Its power increases if it hits in succession.
210,lets-go-pikachu-lets-go-eevee,The target is slashed with scythes or claws. This attack becomes more powerful if it hits in succession.
210,omega-ruby-alpha-sapphire,The target is slashed with scythes or claws. This attack becomes more powerful if it hits in succession.
210,platinum,The foe is slashed with scythes or claws. Its power increases if it hits in succession.
210,ruby-sapphire,An attack that intensifies on each successive hit.
210,sun-moon,The target is slashed with scythes or claws. This attack becomes more powerful if it hits in succession.
210,sword-shield,The target is slashed with scythes or claws. This attack becomes more powerful if it hits in succession.
210,ultra-sun-ultra-moon,The target is slashed with scythes or claws. This attack becomes more powerful if it hits in succession.
210,x-y,The target is slashed with scythes or claws. This attack becomes more powerful if it hits in succession.
211,black-2-white-2,The target is hit with wings of steel. It may also raise the user’s Defense stat.
211,black-white,The target is hit with wings of steel. It may also raise the user’s Defense stat.
211,crystal,Stiff wings strike the foe.
211,diamond-pearl,The foe is hit with wings of steel. It may also raise the user’s Defense stat.
211,emerald,Strikes the foe with hard wings spread wide.
211,firered-leafgreen,The foe is hit with wings of steel. It may also raise the user’s DEFENSE.
211,gold-silver,Stiff wings strike the foe.
211,heartgold-soulsilver,The foe is hit with wings of steel. It may also raise the user’s Defense stat.
211,lets-go-pikachu-lets-go-eevee,The target is hit with wings of steel. This may also raise the user’s Defense stat.
211,omega-ruby-alpha-sapphire,The target is hit with wings of steel. This may also raise the user’s Defense stat.
211,platinum,The foe is hit with wings of steel. It may also raise the user’s Defense stat.
211,ruby-sapphire,Strikes the foe with hard wings spread wide.
211,sun-moon,The target is hit with wings of steel. This may also raise the user’s Defense stat.
211,sword-shield,The target is hit with wings of steel. This may also raise the user’s Defense stat.
211,ultra-sun-ultra-moon,The target is hit with wings of steel. This may also raise the user’s Defense stat.
211,x-y,The target is hit with wings of steel. This may also raise the user’s Defense stat.
212,black-2-white-2,"The user pins the target with a dark, arresting look. The target becomes unable to flee."
212,black-white,"The user pins the target with a dark, arresting look. The target becomes unable to flee."
212,crystal,Prevents fleeing or switching.
212,diamond-pearl,"The user affixes the foe with a dark, arresting look. The target becomes unable to flee."
212,emerald,Fixes the foe with a mean look that prevents escape.
212,firered-leafgreen,The foe is fixed with a mean look that prevents it from escaping.
212,gold-silver,Prevents fleeing or switching.
212,heartgold-soulsilver,"The user affixes the foe with a dark, arresting look. The target becomes unable to flee."
212,lets-go-pikachu-lets-go-eevee,"The user pins the target with a dark, arresting look. The target becomes unable to flee."
212,omega-ruby-alpha-sapphire,"The user pins the target with a dark, arresting look. The target becomes unable to flee."
212,platinum,"The user affixes the foe with a dark, arresting look. The target becomes unable to flee."
212,ruby-sapphire,Fixes the foe with a mean look that prevents escape.
212,sun-moon,"The user pins the target with a dark, arresting look. The target becomes unable to flee."
212,sword-shield,"The user pins the target with a dark, arresting look. The target becomes unable to flee."
212,ultra-sun-ultra-moon,"The user pins the target with a dark, arresting look. The target becomes unable to flee."
212,x-y,"The user pins the target with a dark, arresting look. The target becomes unable to flee."
213,black-2-white-2,"If it is the opposite gender of the user, the target becomes infatuated and less likely to attack."
213,black-white,"If it is the opposite gender of the user, the target becomes infatuated and less likely to attack."
213,crystal,Makes the opposite gender infatuated.
213,diamond-pearl,"If it is the opposite gender of the user, the foe becomes infatuated and less likely to attack."
213,emerald,Makes the opposite gender less likely to attack.
213,firered-leafgreen,"If it is the other gender, the foe is made infatuated and unlikely to attack."
213,gold-silver,Makes the opposite gender infatuated.
213,heartgold-soulsilver,"If it is the opposite gender of the user, the foe becomes infatuated and less likely to attack."
213,lets-go-pikachu-lets-go-eevee,"If it is the opposite gender of the user, the target becomes infatuated and less likely to attack."
213,omega-ruby-alpha-sapphire,"If it is the opposite gender of the user, the target becomes infatuated and less likely to attack."
213,platinum,"If it is the opposite gender of the user, the foe becomes infatuated and less likely to attack."
213,ruby-sapphire,Makes the opposite gender less likely to attack.
213,sun-moon,"If it is the opposite gender of the user, the target becomes infatuated and less likely to attack."
213,sword-shield,"If it is the opposite gender of the user, the target becomes infatuated and less likely to attack."
213,ultra-sun-ultra-moon,"If it is the opposite gender of the user, the target becomes infatuated and less likely to attack."
213,x-y,"If it is the opposite gender of the user, the target becomes infatuated and less likely to attack."
214,black-2-white-2,"While it is asleep, the user randomly uses one of the moves it knows."
214,black-white,"While it is asleep, the user randomly uses one of the moves it knows."
214,crystal,Randomly attacks while asleep.
214,diamond-pearl,"While it is asleep, the user randomly uses one of the moves it knows."
214,emerald,Uses an available move randomly while asleep.
214,firered-leafgreen,"While asleep, the user randomly uses one of the moves it knows."
214,gold-silver,Randomly attacks while asleep.
214,heartgold-soulsilver,"While it is asleep, the user randomly uses one of the moves it knows."
214,lets-go-pikachu-lets-go-eevee,"While it is asleep, the user randomly uses one of the moves it knows."
214,omega-ruby-alpha-sapphire,"While it is asleep, the user randomly uses one of the moves it knows."
214,platinum,"While it is asleep, the user randomly uses one of the moves it knows."
214,ruby-sapphire,Uses an own move randomly while asleep.
214,sun-moon,"While it is asleep, the user randomly uses one of the moves it knows."
214,sword-shield,"While it is asleep, the user randomly uses one of the moves it knows."
214,ultra-sun-ultra-moon,"While it is asleep, the user randomly uses one of the moves it knows."
214,x-y,"While it is asleep, the user randomly uses one of the moves it knows."
215,black-2-white-2,The user makes a soothing bell chime to heal the status problems of all the party Pokémon.
215,black-white,The user makes a soothing bell chime to heal the status problems of all the party Pokémon.
215,crystal,Eliminates all status problems.
215,diamond-pearl,The user makes a soothing bell chime to heal the status problems of all the party Pokémon.
215,emerald,Chimes soothingly to heal all status abnormalities.
215,firered-leafgreen,A soothing bell chimes to heal the status problems of all allies.
215,gold-silver,Eliminates all status problems.
215,heartgold-soulsilver,The user makes a soothing bell chime to heal the status problems of all the party Pokémon.
215,lets-go-pikachu-lets-go-eevee,The user makes a soothing bell chime to heal the status conditions of all the party Pokémon.
215,omega-ruby-alpha-sapphire,The user makes a soothing bell chime to heal the status conditions of all the party Pokémon.
215,platinum,The user makes a soothing bell chime to heal the status problems of all the party Pokémon.
215,ruby-sapphire,Chimes soothingly to heal all status abnormalities.
215,sun-moon,The user makes a soothing bell chime to heal the status conditions of all the party Pokémon.
215,sword-shield,The user makes a soothing bell chime to heal the status conditions of all the party Pokémon.
215,ultra-sun-ultra-moon,The user makes a soothing bell chime to heal the status conditions of all the party Pokémon.
215,x-y,The user makes a soothing bell chime to heal the status conditions of all the party Pokémon.
216,black-2-white-2,A full-power attack that grows more powerful the more the user likes its Trainer.
216,black-white,A full-power attack that grows more powerful the more the user likes its Trainer.
216,crystal,An attack that is based on loyalty.
216,diamond-pearl,A full-power attack that grows more powerful the more the user likes its Trainer.
216,emerald,An attack that increases in power with friendship.
216,firered-leafgreen,This attack move grows more powerful the more the user likes its TRAINER.
216,gold-silver,An attack that is based on loyalty.
216,heartgold-soulsilver,A full-power attack that grows more powerful the more the user likes its Trainer.
216,lets-go-pikachu-lets-go-eevee,This full-power attack grows more powerful the more the user likes its Trainer.
216,omega-ruby-alpha-sapphire,A full-power attack that grows more powerful the more the user likes its Trainer.
216,platinum,A full-power attack that grows more powerful the more the user likes its Trainer.
216,ruby-sapphire,An attack that increases in power with friendship.
216,sun-moon,This full-power attack grows more powerful the more the user likes its Trainer.
216,sword-shield,"This move can’t be used. It’s recommended that this move is forgotten. Once forgotten, this move can’t be remembered."
216,ultra-sun-ultra-moon,This full-power attack grows more powerful the more the user likes its Trainer.
216,x-y,A full-power attack that grows more powerful the more the user likes its Trainer.
217,black-2-white-2,"The user attacks by giving the target a gift with a hidden trap. It restores HP sometimes, however."
217,black-white,"The user attacks by giving the target a gift with a hidden trap. It restores HP sometimes, however."
217,crystal,A bomb that may restore HP.
217,diamond-pearl,"The user attacks by giving the foe a booby-trapped gift. It restores HP sometimes, however."
217,emerald,A gift in the form of a bomb. May restore HP.
217,firered-leafgreen,"The foe is given a booby-trapped gift. It restores HP sometimes, however."
217,gold-silver,A bomb that may restore HP.
217,heartgold-soulsilver,"The user attacks by giving the foe a booby-trapped gift. It restores HP sometimes, however."
217,lets-go-pikachu-lets-go-eevee,"The user attacks by giving the target a gift with a hidden trap. It restores HP sometimes, however."
217,omega-ruby-alpha-sapphire,"The user attacks by giving the target a gift with a hidden trap. It restores HP sometimes, however."
217,platinum,"The user attacks by giving the foe a booby-trapped gift. It restores HP sometimes, however."
217,ruby-sapphire,A gift in the form of a bomb. May restore HP.
217,sun-moon,"The user attacks by giving the target a gift with a hidden trap. It restores HP sometimes, however."
217,sword-shield,"The user attacks by giving the target a gift with a hidden trap. It restores HP sometimes, however."
217,ultra-sun-ultra-moon,"The user attacks by giving the target a gift with a hidden trap. It restores HP sometimes, however."
217,x-y,"The user attacks by giving the target a gift with a hidden trap. It restores HP sometimes, however."
218,black-2-white-2,A full-power attack that grows more powerful the less the user likes its Trainer.
218,black-white,A full-power attack that grows more powerful the less the user likes its Trainer.
218,crystal,An attack based on lack of loyalty.
218,diamond-pearl,A full-power attack that grows more powerful the less the user likes its Trainer.
218,emerald,An attack that is stronger if the TRAINER is disliked.
218,firered-leafgreen,This attack move grows more powerful the less the user likes its TRAINER.
218,gold-silver,An attack based on lack of loyalty.
218,heartgold-soulsilver,A full-power attack that grows more powerful the less the user likes its Trainer.
218,lets-go-pikachu-lets-go-eevee,This full-power attack grows more powerful the less the user likes its Trainer.
218,omega-ruby-alpha-sapphire,A full-power attack that grows more powerful the less the user likes its Trainer.
218,platinum,A full-power attack that grows more powerful the less the user likes its Trainer.
218,ruby-sapphire,An attack that is stronger if the TRAINER is disliked.
218,sun-moon,This full-power attack grows more powerful the less the user likes its Trainer.
218,sword-shield,"This move can’t be used. It’s recommended that this move is forgotten. Once forgotten, this move can’t be remembered."
218,ultra-sun-ultra-moon,This full-power attack grows more powerful the less the user likes its Trainer.
218,x-y,A full-power attack that grows more powerful the less the user likes its Trainer.
219,black-2-white-2,The user creates a protective field that prevents status problems for five turns.
219,black-white,The user creates a protective field that prevents status problems for five turns.
219,crystal,Prevents all status problems.
219,diamond-pearl,The user creates a protective field that prevents status problems for five turns.
219,emerald,A mystical force prevents all status problems.
219,firered-leafgreen,It protects the user’s party from all status problems for five turns.
219,gold-silver,Prevents all status problems.
219,heartgold-soulsilver,The user creates a protective field that prevents status problems for five turns.
219,lets-go-pikachu-lets-go-eevee,The user creates a protective field that prevents status conditions for five turns.
219,omega-ruby-alpha-sapphire,The user creates a protective field that prevents status conditions for five turns.
219,platinum,The user creates a protective field that prevents status problems for five turns.
219,ruby-sapphire,A mystical force prevents all status problems.
219,sun-moon,The user creates a protective field that prevents status conditions for five turns.
219,sword-shield,The user creates a protective field that prevents status conditions for five turns.
219,ultra-sun-ultra-moon,The user creates a protective field that prevents status conditions for five turns.
219,x-y,The user creates a protective field that prevents status conditions for five turns.
220,black-2-white-2,"The user adds its HP to the target’s HP, then equally shares the combined HP with the target."
220,black-white,"The user adds its HP to the target’s HP, then equally shares the combined HP with the target."
220,crystal,Adds user & foe's HPs. Shares total.
220,diamond-pearl,"The user adds its HP to the foe’s HP, then equally shares the combined HP with the foe."
220,emerald,"Adds the user and foe’s HP, then shares them equally."
220,firered-leafgreen,"The user adds its HP to the foe’s HP, then equally shares the total HP."
220,gold-silver,Adds user & foe's HPs. Shares total.
220,heartgold-soulsilver,"The user adds its HP to the foe’s HP, then equally shares the combined HP with the foe."
220,lets-go-pikachu-lets-go-eevee,"The user adds its HP to the target’s HP, then equally shares the combined HP with the target."
220,omega-ruby-alpha-sapphire,"The user adds its HP to the target’s HP, then equally shares the combined HP with the target."
220,platinum,"The user adds its HP to the foe’s HP, then equally shares the combined HP with the foe."
220,ruby-sapphire,"Adds the user and foe’s HP, then shares them equally."
220,sun-moon,"The user adds its HP to the target’s HP, then equally shares the combined HP with the target."
220,sword-shield,"The user adds its HP to the target’s HP, then equally shares the combined HP with the target."
220,ultra-sun-ultra-moon,"The user adds its HP to the target’s HP, then equally shares the combined HP with the target."
220,x-y,"The user adds its HP to the target’s HP, then equally shares the combined HP with the target."
221,black-2-white-2,The target is razed with a mystical fire of great intensity. It may also leave the target with a burn.
221,black-white,The target is razed with a mystical fire of great intensity. It may also leave the target with a burn.
221,crystal,An attack that may inflict a burn.
221,diamond-pearl,The foe is razed with a mystical fire of great intensity. It may also leave the target with a burn.
221,emerald,A mystical fire attack that may inflict a burn.
221,firered-leafgreen,A mystical and powerful fire attack that may inflict a burn.
221,gold-silver,An attack that may inflict a burn.
221,heartgold-soulsilver,The foe is razed with a mystical fire of great intensity. It may also leave the target with a burn.
221,lets-go-pikachu-lets-go-eevee,The target is razed with a mystical fire of great intensity. This may also leave the target with a burn.
221,omega-ruby-alpha-sapphire,The target is razed with a mystical fire of great intensity. This may also leave the target with a burn.
221,platinum,The foe is razed with a mystical fire of great intensity. It may also leave the target with a burn.
221,ruby-sapphire,A mystical fire attack that may inflict a burn.
221,sun-moon,The target is razed with a mystical fire of great intensity. This may also leave the target with a burn.
221,sword-shield,The target is razed with a mystical fire of great intensity. This may also leave the target with a burn.
221,ultra-sun-ultra-moon,The target is razed with a mystical fire of great intensity. This may also leave the target with a burn.
221,x-y,The target is razed with a mystical fire of great intensity. This may also leave the target with a burn.
222,black-2-white-2,The user looses a ground-shaking quake affecting everyone around the user. Its power varies.
222,black-white,The user looses a ground-shaking quake affecting everyone around the user. Its power varies.
222,crystal,A ground attack with random power.
222,diamond-pearl,The user looses a ground-shaking quake affecting everyone in battle. Its power varies.
222,emerald,A ground-shaking attack of random intensity.
222,firered-leafgreen,A ground-shaking attack against all standing POKéMON. Its power varies.
222,gold-silver,A ground attack with random power.
222,heartgold-soulsilver,The user looses a ground-shaking quake affecting everyone in battle. Its power varies.
222,lets-go-pikachu-lets-go-eevee,The user attacks everything around it with a ground-shaking quake. Its power varies.
222,omega-ruby-alpha-sapphire,The user attacks everything around it with a ground-shaking quake. Its power varies.
222,platinum,The user looses a ground-shaking quake affecting everyone in battle. Its power varies.
222,ruby-sapphire,A ground-shaking attack of random intensity.
222,sun-moon,The user attacks everything around it with a ground-shaking quake. Its power varies.
222,sword-shield,"This move can’t be used. It’s recommended that this move is forgotten. Once forgotten, this move can’t be remembered."
222,ultra-sun-ultra-moon,The user attacks everything around it with a ground-shaking quake. Its power varies.
222,x-y,The user attacks everything around it with a ground-shaking quake. Its power varies.
223,black-2-white-2,"The user punches the target with full, concentrated power. It confuses the target if it hits."
223,black-white,"The user punches the target with full, concentrated power. It confuses the target if it hits."
223,crystal,An attack that always confuses.
223,diamond-pearl,"The foe is punched with the user’s full, concentrated power. It confuses the foe if it hits."
223,emerald,"Powerful and sure to cause confusion, but inaccurate."
223,firered-leafgreen,The foe is punched with the user’s full power. It confuses the foe if it hits.
223,gold-silver,An attack that always confuses.
223,heartgold-soulsilver,"The foe is punched with the user’s full, concentrated power. It confuses the foe if it hits."
223,lets-go-pikachu-lets-go-eevee,"The user punches the target with full, concentrated power. This confuses the target if it hits."
223,omega-ruby-alpha-sapphire,"The user punches the target with full, concentrated power. This confuses the target if it hits."
223,platinum,"The foe is punched with the user’s full, concentrated power. It confuses the foe if it hits."
223,ruby-sapphire,"Powerful and sure to cause confusion, but inaccurate."
223,sun-moon,"The user punches the target with full, concentrated power. This confuses the target if it hits."
223,sword-shield,"The user punches the target with full, concentrated power. This confuses the target if it hits."
223,ultra-sun-ultra-moon,"The user punches the target with full, concentrated power. This confuses the target if it hits."
223,x-y,"The user punches the target with full, concentrated power. This confuses the target if it hits."
224,black-2-white-2,"Using its tough and impressive horn, the user rams into the target with no letup."
224,black-white,"Using its tough and impressive horn, the user rams into the target with no letup."
224,crystal,A powerful charge attack.
224,diamond-pearl,"Utilizing its tough and impressive horn, the user rams into the foe with no letup."
224,emerald,A brutal ramming attack using out-thrust horns.
224,firered-leafgreen,A brutal ramming attack delivered with a tough and impressive horn.
224,gold-silver,A powerful charge attack.
224,heartgold-soulsilver,"Using its tough and impressive horn, the user rams into the foe with no letup."
224,lets-go-pikachu-lets-go-eevee,"Using its tough and impressive horn, the user rams into the target with no letup."
224,omega-ruby-alpha-sapphire,"Using its tough and impressive horn, the user rams into the target with no letup."
224,platinum,"Utilizing its tough and impressive horn, the user rams into the foe with no letup."
224,ruby-sapphire,A brutal ramming attack using out-thrust horns.
224,sun-moon,"Using its tough and impressive horn, the user rams into the target with no letup."
224,sword-shield,"Using its tough and impressive horn, the user rams into the target with no letup."
224,ultra-sun-ultra-moon,"Using its tough and impressive horn, the user rams into the target with no letup."
224,x-y,"Using its tough and impressive horn, the user rams into the target with no letup."
225,black-2-white-2,The user exhales a mighty gust that inflicts damage. It may also leave the target with paralysis.
225,black-white,The user exhales a mighty gust that inflicts damage. It may also leave the target with paralysis.
225,crystal,A strong breath attack.
225,diamond-pearl,The user exhales a mighty gust that inflicts damage. It may also paralyze the target.
225,emerald,Strikes the foe with an incredible blast of breath.
225,firered-leafgreen,The foe is hit with an incredible blast of breath that may also paralyze.
225,gold-silver,A strong breath attack.
225,heartgold-soulsilver,The user exhales a mighty gust that inflicts damage. It may also paralyze the target.
225,lets-go-pikachu-lets-go-eevee,The user exhales a mighty gust that inflicts damage. This may also leave the target with paralysis.
225,omega-ruby-alpha-sapphire,The user exhales a mighty gust that inflicts damage. This may also leave the target with paralysis.
225,platinum,The user exhales a mighty gust that inflicts damage. It may also paralyze the target.
225,ruby-sapphire,Strikes the foe with an incredible blast of breath.
225,sun-moon,The user exhales a mighty gust that inflicts damage. This may also leave the target with paralysis.
225,sword-shield,The user exhales a mighty gust that inflicts damage. This may also leave the target with paralysis.
225,ultra-sun-ultra-moon,The user exhales a mighty gust that inflicts damage. This may also leave the target with paralysis.
225,x-y,The user exhales a mighty gust that inflicts damage. This may also leave the target with paralysis.
226,black-2-white-2,"The user switches places with a party Pokémon in waiting, passing along any stat changes."
226,black-white,"The user switches places with a party Pokémon in waiting, passing along any stat changes."
226,crystal,Switches while keeping effects.
226,diamond-pearl,"The user switches places with a party Pokémon in waiting, passing along any stat changes."
226,emerald,Switches out the user while keeping effects in play.
226,firered-leafgreen,"The user switches out, passing along any stat changes to the new battler."
226,gold-silver,Switches while keeping effects.
226,heartgold-soulsilver,"The user switches places with a party Pokémon in waiting, passing along any stat changes."
226,lets-go-pikachu-lets-go-eevee,The user switches places with a party Pokémon in waiting and passes along any stat changes.
226,omega-ruby-alpha-sapphire,The user switches places with a party Pokémon in waiting and passes along any stat changes.
226,platinum,"The user switches places with a party Pokémon in waiting, passing along any stat changes."
226,ruby-sapphire,Switches out the user while keeping effects in play.
226,sun-moon,The user switches places with a party Pokémon in waiting and passes along any stat changes.
226,sword-shield,The user switches places with a party Pokémon in waiting and passes along any stat changes.
226,ultra-sun-ultra-moon,The user switches places with a party Pokémon in waiting and passes along any stat changes.
226,x-y,The user switches places with a party Pokémon in waiting and passes along any stat changes.
227,black-2-white-2,The user compels the target to keep using only the move it last used for three turns.
227,black-white,The user compels the target to keep using only the move it last used for three turns.
227,crystal,Makes the foe repeat 2-6 times.
227,diamond-pearl,The user compels the foe to keep using only the move it last used for two to six turns.
227,emerald,Makes the foe repeat its last move over 2 to 6 turns.
227,firered-leafgreen,Makes the foe use the move it last used repeatedly for two to six turns.
227,gold-silver,Makes the foe repeat 2-6 times.
227,heartgold-soulsilver,The user compels the foe to keep using only the move it last used for three to seven turns.
227,lets-go-pikachu-lets-go-eevee,The user compels the target to keep using the move it encored for three turns.
227,omega-ruby-alpha-sapphire,The user compels the target to keep using only the move it last used for three turns.
227,platinum,The user compels the foe to keep using only the move it last used for three to seven turns.
227,ruby-sapphire,Makes the foe repeat its last move over 2 to 6 turns.
227,sun-moon,The user compels the target to keep using the move it encored for three turns.
227,sword-shield,The user compels the target to keep using the move it encored for three turns.
227,ultra-sun-ultra-moon,The user compels the target to keep using the move it encored for three turns.
227,x-y,The user compels the target to keep using only the move it last used for three turns.
228,black-2-white-2,An attack move that inflicts double damage if used on a target that is switching out of battle.
228,black-white,An attack move that inflicts double damage if used on a target that is switching out of battle.
228,crystal,Heavily strikes switching POKéMON.
228,diamond-pearl,An attack move that inflicts double damage if used on a foe that is switching out of battle.
228,emerald,Inflicts bad damage if used on a foe switching out.
228,firered-leafgreen,An attack move that works especially well on a foe that is switching out.
228,gold-silver,Heavily strikes switching POKéMON.
228,heartgold-soulsilver,An attack move that inflicts double damage if used on a foe that is switching out of battle.
228,lets-go-pikachu-lets-go-eevee,The power of this attack move is doubled if it’s used on a target that’s switching out of battle.
228,omega-ruby-alpha-sapphire,An attack move that inflicts double damage if used on a target that is switching out of battle.
228,platinum,An attack move that inflicts double damage if used on a foe that is switching out of battle.
228,ruby-sapphire,Inflicts bad damage if used on a foe switching out.
228,sun-moon,The power of this attack move is doubled if it’s used on a target that’s switching out of battle.
228,sword-shield,"This move can’t be used. It’s recommended that this move is forgotten. Once forgotten, this move can’t be remembered."
228,ultra-sun-ultra-moon,The power of this attack move is doubled if it’s used on a target that’s switching out of battle.
228,x-y,An attack move that inflicts double damage if used on a target that is switching out of battle.
229,black-2-white-2,"A spin attack that can also eliminate such moves as Bind, Wrap, Leech Seed, and Spikes."
229,black-white,"A spin attack that can also eliminate such moves as Bind, Wrap, Leech Seed, and Spikes."
229,crystal,A high-speed spinning attack.
229,diamond-pearl,"A spin attack that can also eliminate such moves as Bind, Wrap, Leech Seed, and Spikes."
229,emerald,Spins the body at high speed to strike the foe.
229,firered-leafgreen,"An attack that frees the user from BIND, WRAP, LEECH SEED, and SPIKES."
229,gold-silver,A high-speed spinning attack.
229,heartgold-soulsilver,"A spin attack that can also eliminate such moves as Bind, Wrap, Leech Seed, and Spikes."
229,lets-go-pikachu-lets-go-eevee,"A spin attack that can also eliminate such moves as Bind, Wrap, Leech Seed, and Spikes."
229,omega-ruby-alpha-sapphire,"A spin attack that can also eliminate such moves as Bind, Wrap, Leech Seed, and Spikes."
229,platinum,"A spin attack that can also eliminate such moves as Bind, Wrap, Leech Seed, and Spikes."
229,ruby-sapphire,Spins the body at high speed to strike the foe.
229,sun-moon,"A spin attack that can also eliminate such moves as Bind, Wrap, Leech Seed, and Spikes."
229,sword-shield,"A spin attack that can also eliminate such moves as Bind, Wrap, and Leech Seed. This also raises the user’s Speed stat."
229,ultra-sun-ultra-moon,"A spin attack that can also eliminate such moves as Bind, Wrap, Leech Seed, and Spikes."
229,x-y,"A spin attack that can also eliminate such moves as Bind, Wrap, Leech Seed, and Spikes."
230,black-2-white-2,"A sweet scent that lowers the opposing team’s evasiveness. It also lures wild Pokémon if used in grass, etc."
230,black-white,"A sweet scent that lowers the opposing team’s evasiveness. It also lures wild Pokémon if used in grass, etc."
230,crystal,Reduces the foe's evasiveness.
230,diamond-pearl,"A sweet scent that lowers the foe’s evasiveness. It also lures wild Pokémon if used in grass, etc."
230,emerald,Allures the foe to reduce evasiveness.
230,firered-leafgreen,Allures the foe to reduce evasiveness. It also attracts wild POKéMON.
230,gold-silver,Reduces the foe's evasiveness.
230,heartgold-soulsilver,"A sweet scent that lowers the foe’s evasiveness. It also lures wild Pokémon if used in grass, etc."
230,lets-go-pikachu-lets-go-eevee,A sweet scent that harshly lowers opposing Pokémon’s evasiveness.
230,omega-ruby-alpha-sapphire,A sweet scent that harshly lowers opposing Pokémon’s evasiveness. This also lures wild Pokémon if used in places such as tall grass.
230,platinum,"A sweet scent that lowers the foe’s evasiveness. It also lures wild Pokémon if used in grass, etc."
230,ruby-sapphire,Allures the foe to reduce evasiveness.
230,sun-moon,A sweet scent that harshly lowers opposing Pokémon’s evasiveness.
230,sword-shield,A sweet scent that harshly lowers opposing Pokémon’s evasiveness.
230,ultra-sun-ultra-moon,A sweet scent that harshly lowers opposing Pokémon’s evasiveness.
230,x-y,A sweet scent that harshly lowers opposing Pokémon’s evasiveness. This also lures wild Pokémon if used in places such as tall grass.
231,black-2-white-2,The target is slammed with a steel-hard tail. It may also lower the target’s Defense stat.
231,black-white,The target is slammed with a steel-hard tail. It may also lower the target’s Defense stat.
231,crystal,An attack that may reduce DEFENSE.
231,diamond-pearl,The foe is slammed with a steel-hard tail. It may also lower the target’s Defense stat.
231,emerald,Attacks with a rock-hard tail. May lower DEFENSE.
231,firered-leafgreen,An attack with a steel-hard tail. It may lower the foe’s DEFENSE stat.
231,gold-silver,An attack that may reduce DEFENSE.
231,heartgold-soulsilver,The foe is slammed with a steel-hard tail. It may also lower the target’s Defense stat.
231,lets-go-pikachu-lets-go-eevee,The target is slammed with a steel-hard tail. This may also lower the target’s Defense stat.
231,omega-ruby-alpha-sapphire,The target is slammed with a steel-hard tail. This may also lower the target’s Defense stat.
231,platinum,The foe is slammed with a steel-hard tail. It may also lower the target’s Defense stat.
231,ruby-sapphire,Attacks with a rock-hard tail. May lower DEFENSE.
231,sun-moon,The target is slammed with a steel-hard tail. This may also lower the target’s Defense stat.
231,sword-shield,The target is slammed with a steel-hard tail. This may also lower the target’s Defense stat.
231,ultra-sun-ultra-moon,The target is slammed with a steel-hard tail. This may also lower the target’s Defense stat.
231,x-y,The target is slammed with a steel-hard tail. This may also lower the target’s Defense stat.
232,black-2-white-2,The target is raked with steel claws. It may also raise the user’s Attack stat.
232,black-white,The target is raked with steel claws. It may also raise the user’s Attack stat.
232,crystal,An attack that may up user's ATTACK.
232,diamond-pearl,The foe is raked with steel claws. It may also raise the user’s Attack stat.
232,emerald,A claw attack that may raise the user’s ATTACK.
232,firered-leafgreen,The foe is attacked with steel claws. It may also raise the user’s ATTACK.
232,gold-silver,An attack that may up user's ATTACK.
232,heartgold-soulsilver,The foe is raked with steel claws. It may also raise the user’s Attack stat.
232,lets-go-pikachu-lets-go-eevee,The target is raked with steel claws. This may also raise the user’s Attack stat.
232,omega-ruby-alpha-sapphire,The target is raked with steel claws. This may also raise the user’s Attack stat.
232,platinum,The foe is raked with steel claws. It may also raise the user’s Attack stat.
232,ruby-sapphire,A claw attack that may raise the user’s ATTACK.
232,sun-moon,The target is raked with steel claws. This may also raise the user’s Attack stat.
232,sword-shield,The target is raked with steel claws. This may also raise the user’s Attack stat.
232,ultra-sun-ultra-moon,The target is raked with steel claws. This may also raise the user’s Attack stat.
232,x-y,The target is raked with steel claws. This may also raise the user’s Attack stat.
233,black-2-white-2,"The user attacks last. In return, this throw move is guaranteed not to miss."
233,black-white,"The user attacks last. In return, this throw move is guaranteed not to miss."
233,crystal,A 2nd-strike move that never misses.
233,diamond-pearl,"The user allows the foe to attack first. In return, this throw move is guaranteed not to miss."
233,emerald,"Makes the user’s move last, but it never misses."
233,firered-leafgreen,"Makes the user attack after the foe. In return, it will not miss."
233,gold-silver,A 2nd-strike move that never misses.
233,heartgold-soulsilver,"The user allows the foe to attack first. In return, this throw move is guaranteed not to miss."
233,lets-go-pikachu-lets-go-eevee,"The user attacks last. In return, this throw move never misses."
233,omega-ruby-alpha-sapphire,"The user attacks last. In return, this throw move never misses."
233,platinum,"The user allows the foe to attack first. In return, this throw move is guaranteed not to miss."
233,ruby-sapphire,"Makes the user’s move last, but it never misses."
233,sun-moon,"The user attacks last. In return, this throw move never misses."
233,sword-shield,"The user attacks last. In return, this throw move never misses."
233,ultra-sun-ultra-moon,"The user attacks last. In return, this throw move never misses."
233,x-y,"The user attacks last. In return, this throw move never misses."
234,black-2-white-2,The user restores its own HP. The amount of HP regained varies with the weather.
234,black-white,The user restores its own HP. The amount of HP regained varies with the weather.
234,crystal,Restores HP (varies by time).
234,diamond-pearl,The user restores its own HP. The amount of HP regained varies with the weather.
234,emerald,Restores HP. The amount varies with the weather.
234,firered-leafgreen,Restores the user’s HP. The amount of HP regained varies with the weather.
234,gold-silver,Restores HP (varies by time).
234,heartgold-soulsilver,The user restores its own HP. The amount of HP regained varies with the weather.
234,lets-go-pikachu-lets-go-eevee,The user restores its own HP. The amount of HP regained varies with the weather.
234,omega-ruby-alpha-sapphire,The user restores its own HP. The amount of HP regained varies with the weather.
234,platinum,The user restores its own HP. The amount of HP regained varies with the weather.
234,ruby-sapphire,Restores HP. The amount varies with the weather.
234,sun-moon,The user restores its own HP. The amount of HP regained varies with the weather.
234,sword-shield,The user restores its own HP. The amount of HP regained varies with the weather.
234,ultra-sun-ultra-moon,The user restores its own HP. The amount of HP regained varies with the weather.
234,x-y,The user restores its own HP. The amount of HP regained varies with the weather.
235,black-2-white-2,The user restores its own HP. The amount of HP regained varies with the weather.
235,black-white,The user restores its own HP. The amount of HP regained varies with the weather.
235,crystal,Restores HP (varies by time).
235,diamond-pearl,The user restores its own HP. The amount of HP regained varies with the weather.
235,emerald,Restores HP. The amount varies with the weather.
235,firered-leafgreen,Restores the user’s HP. The amount of HP regained varies with the weather.
235,gold-silver,Restores HP (varies by time).
235,heartgold-soulsilver,The user restores its own HP. The amount of HP regained varies with the weather.
235,lets-go-pikachu-lets-go-eevee,The user restores its own HP. The amount of HP regained varies with the weather.
235,omega-ruby-alpha-sapphire,The user restores its own HP. The amount of HP regained varies with the weather.
235,platinum,The user restores its own HP. The amount of HP regained varies with the weather.
235,ruby-sapphire,Restores HP. The amount varies with the weather.
235,sun-moon,The user restores its own HP. The amount of HP regained varies with the weather.
235,sword-shield,The user restores its own HP. The amount of HP regained varies with the weather.
235,ultra-sun-ultra-moon,The user restores its own HP. The amount of HP regained varies with the weather.
235,x-y,The user restores its own HP. The amount of HP regained varies with the weather.
236,black-2-white-2,The user restores its own HP. The amount of HP regained varies with the weather.
236,black-white,The user restores its own HP. The amount of HP regained varies with the weather.
236,crystal,Restores HP (varies by time).
236,diamond-pearl,The user restores its own HP. The amount of HP regained varies with the weather.
236,emerald,Restores HP. The amount varies with the weather.
236,firered-leafgreen,Restores the user’s HP. The amount of HP regained varies with the weather.
236,gold-silver,Restores HP (varies by time).
236,heartgold-soulsilver,The user restores its own HP. The amount of HP regained varies with the weather.
236,lets-go-pikachu-lets-go-eevee,The user restores its own HP. The amount of HP regained varies with the weather.
236,omega-ruby-alpha-sapphire,The user restores its own HP. The amount of HP regained varies with the weather.
236,platinum,The user restores its own HP. The amount of HP regained varies with the weather.
236,ruby-sapphire,Restores HP. The amount varies with the weather.
236,sun-moon,The user restores its own HP. The amount of HP regained varies with the weather.
236,sword-shield,The user restores its own HP. The amount of HP regained varies with the weather.
236,ultra-sun-ultra-moon,The user restores its own HP. The amount of HP regained varies with the weather.
236,x-y,The user restores its own HP. The amount of HP regained varies with the weather.
237,black-2-white-2,A unique attack that varies in type and intensity depending on the Pokémon using it.
237,black-white,A unique attack that varies in type and intensity depending on the Pokémon using it.
237,crystal,The power varies with the POKéMON.
237,diamond-pearl,A unique attack that varies in type and intensity depending on the Pokémon using it.
237,emerald,The effectiveness varies with the user.
237,firered-leafgreen,An attack that varies in type and intensity depending on the user.
237,gold-silver,The power varies with the POKéMON.
237,heartgold-soulsilver,A unique attack that varies in type and intensity depending on the Pokémon using it.
237,lets-go-pikachu-lets-go-eevee,A unique attack that varies in type depending on the Pokémon using it.
237,omega-ruby-alpha-sapphire,A unique attack that varies in type depending on the Pokémon using it.
237,platinum,A unique attack that varies in type and intensity depending on the Pokémon using it.
237,ruby-sapphire,The effectiveness varies with the user.
237,sun-moon,A unique attack that varies in type depending on the Pokémon using it.
237,sword-shield,"This move can’t be used. It’s recommended that this move is forgotten. Once forgotten, this move can’t be remembered."
237,ultra-sun-ultra-moon,A unique attack that varies in type depending on the Pokémon using it.
237,x-y,A unique attack that varies in type depending on the Pokémon using it.
238,black-2-white-2,The user delivers a double chop with its forearms crossed. Critical hits land more easily.
238,black-white,The user delivers a double chop with its forearms crossed. Critical hits land more easily.
238,crystal,Has a high critical hit ratio.
238,diamond-pearl,The user delivers a double chop with its forearms crossed. It has a high critical-hit ratio.
238,emerald,A double-chopping attack. High critical-hit ratio.
238,firered-leafgreen,The foe is hit with double chops. It has a high critical-hit ratio.
238,gold-silver,Has a high critical hit ratio.
238,heartgold-soulsilver,The user delivers a double chop with its forearms crossed. It has a high critical-hit ratio.
238,lets-go-pikachu-lets-go-eevee,The user delivers a double chop with its forearms crossed. Critical hits land more easily.
238,omega-ruby-alpha-sapphire,The user delivers a double chop with its forearms crossed. Critical hits land more easily.
238,platinum,The user delivers a double chop with its forearms crossed. It has a high critical-hit ratio.
238,ruby-sapphire,A double-chopping attack. High critical-hit ratio.
238,sun-moon,The user delivers a double chop with its forearms crossed. Critical hits land more easily.
238,sword-shield,The user delivers a double chop with its forearms crossed. Critical hits land more easily.
238,ultra-sun-ultra-moon,The user delivers a double chop with its forearms crossed. Critical hits land more easily.
238,x-y,The user delivers a double chop with its forearms crossed. Critical hits land more easily.
239,black-2-white-2,The user whips up a vicious tornado to tear at the opposing team. It may also make targets flinch.
239,black-white,The user whips up a vicious tornado to tear at the opposing team. It may also make targets flinch.
239,crystal,Whips up a tornado to attack.
239,diamond-pearl,The user whips up a vicious twister to tear at the foe. It may also make the foe flinch.
239,emerald,Whips up a vicious twister to tear at the foe.
239,firered-leafgreen,A vicious twister attacks the foe. It may make the foe flinch.
239,gold-silver,Whips up a tornado to attack.
239,heartgold-soulsilver,The user whips up a vicious tornado to tear at the foe. It may also make the foe flinch.
239,lets-go-pikachu-lets-go-eevee,The user whips up a vicious tornado to tear at the opposing Pokémon. This may also make them flinch.
239,omega-ruby-alpha-sapphire,The user whips up a vicious tornado to tear at the opposing Pokémon. This may also make them flinch.
239,platinum,The user whips up a vicious twister to tear at the foe. It may also make the foe flinch.
239,ruby-sapphire,Whips up a vicious twister to tear at the foe.
239,sun-moon,The user whips up a vicious tornado to tear at the opposing Pokémon. This may also make them flinch.
239,sword-shield,The user whips up a vicious tornado to tear at opposing Pokémon. This may also make them flinch.
239,ultra-sun-ultra-moon,The user whips up a vicious tornado to tear at the opposing Pokémon. This may also make them flinch.
239,x-y,The user whips up a vicious tornado to tear at the opposing Pokémon. This may also make them flinch.
240,black-2-white-2,"The user summons a heavy rain that falls for five turns, powering up Water-type moves."
240,black-white,"The user summons a heavy rain that falls for five turns, powering up Water-type moves."
240,crystal,Boosts water-type moves for 5 turns.
240,diamond-pearl,"The user summons a heavy rain that falls for five turns, powering up Water- type moves."
240,emerald,Boosts the power of WATER- type moves for 5 turns.
240,firered-leafgreen,"A heavy rain falls for five turns, powering up WATER- type moves."
240,gold-silver,Boosts water-type moves for 5 turns.
240,heartgold-soulsilver,"The user summons a heavy rain that falls for five turns, powering up Water- type moves."
240,lets-go-pikachu-lets-go-eevee,"The user summons a heavy rain that falls for five turns, powering up Water-type moves. It lowers the power of Fire-type moves."
240,omega-ruby-alpha-sapphire,"The user summons a heavy rain that falls for five turns, powering up Water-type moves."
240,platinum,"The user summons a heavy rain that falls for five turns, powering up Water- type moves."
240,ruby-sapphire,Boosts the power of WATER- type moves for 5 turns.
240,sun-moon,"The user summons a heavy rain that falls for five turns, powering up Water-type moves. It lowers the power of Fire-type moves."
240,sword-shield,"The user summons a heavy rain that falls for five turns, powering up Water-type moves. It lowers the power of Fire-type moves."
240,ultra-sun-ultra-moon,"The user summons a heavy rain that falls for five turns, powering up Water-type moves. It lowers the power of Fire-type moves."
240,x-y,"The user summons a heavy rain that falls for five turns, powering up Water-type moves."
241,black-2-white-2,"The user intensifies the sun for five turns, powering up Fire-type moves."
241,black-white,"The user intensifies the sun for five turns, powering up Fire-type moves."
241,crystal,Boosts fire-type moves for 5 turns.
241,diamond-pearl,"The user intensifies the sun for five turns, powering up Fire-type moves."
241,emerald,Boosts the power of FIRE- type moves for 5 turns.
241,firered-leafgreen,"The sun blazes for five turns, powering up FIRE-type moves."
241,gold-silver,Boosts fire-type moves for 5 turns.
241,heartgold-soulsilver,"The user intensifies the sun for five turns, powering up Fire-type moves."
241,lets-go-pikachu-lets-go-eevee,"The user intensifies the sun for five turns, powering up Fire-type moves. It lowers the power of Water-type moves."
241,omega-ruby-alpha-sapphire,"The user intensifies the sun for five turns, powering up Fire-type moves."
241,platinum,"The user intensifies the sun for five turns, powering up Fire-type moves."
241,ruby-sapphire,Boosts the power of FIRE- type moves for 5 turns.
241,sun-moon,"The user intensifies the sun for five turns, powering up Fire-type moves. It lowers the power of Water-type moves."
241,sword-shield,"The user intensifies the sun for five turns, powering up Fire-type moves. It lowers the power of Water-type moves."
241,ultra-sun-ultra-moon,"The user intensifies the sun for five turns, powering up Fire-type moves. It lowers the power of Water-type moves."
241,x-y,"The user intensifies the sun for five turns, powering up Fire-type moves."
242,black-2-white-2,The user crunches up the target with sharp fangs. It may also lower the target’s Defense stat.
242,black-white,The user crunches up the target with sharp fangs. It may also lower the target’s Defense stat.
242,crystal,An attack that may lower SPCL.DEF.
242,diamond-pearl,The user crunches up the foe with sharp fangs. It may also lower the target’s Defense stat.
242,emerald,Crunches with sharp fangs. May lower SP. DEF.
242,firered-leafgreen,The foe is crunched with sharp fangs. It may lower the foe’s SP. DEF.
242,gold-silver,An attack that may lower SPCL.DEF.
242,heartgold-soulsilver,The user crunches up the foe with sharp fangs. It may also lower the target’s Defense stat.
242,lets-go-pikachu-lets-go-eevee,The user crunches up the target with sharp fangs. This may also lower the target’s Defense stat.
242,omega-ruby-alpha-sapphire,The user crunches up the target with sharp fangs. This may also lower the target’s Defense stat.
242,platinum,The user crunches up the foe with sharp fangs. It may also lower the target’s Defense stat.
242,ruby-sapphire,Crunches with sharp fangs. May lower SP. DEF.
242,sun-moon,The user crunches up the target with sharp fangs. This may also lower the target’s Defense stat.
242,sword-shield,The user crunches up the target with sharp fangs. This may also lower the target’s Defense stat.
242,ultra-sun-ultra-moon,The user crunches up the target with sharp fangs. This may also lower the target’s Defense stat.
242,x-y,The user crunches up the target with sharp fangs. This may also lower the target’s Defense stat.
243,black-2-white-2,"A retaliation move that counters any special attack, inflicting double the damage taken."
243,black-white,"A retaliation move that counters any special attack, inflicting double the damage taken."
243,crystal,Counters a SPCL. ATK move double.
243,diamond-pearl,"A retaliation move that counters any special attack, inflicting double the damage taken."
243,emerald,Counters the foe’s special attack at double the power.
243,firered-leafgreen,A retaliation move that pays back the foe’s special attack double.
243,gold-silver,Counters a SPCL. ATK. move double.
243,heartgold-soulsilver,"A retaliation move that counters any special attack, inflicting double the damage taken."
243,lets-go-pikachu-lets-go-eevee,"A retaliation move that counters any special attack, inflicting double the damage taken."
243,omega-ruby-alpha-sapphire,"A retaliation move that counters any special attack, inflicting double the damage taken."
243,platinum,"A retaliation move that counters any special attack, inflicting double the damage taken."
243,ruby-sapphire,Counters the foe’s special attack at double the power.
243,sun-moon,"A retaliation move that counters any special attack, inflicting double the damage taken."
243,sword-shield,"A retaliation move that counters any special attack, inflicting double the damage taken."
243,ultra-sun-ultra-moon,"A retaliation move that counters any special attack, inflicting double the damage taken."
243,x-y,"A retaliation move that counters any special attack, inflicting double the damage taken."
244,black-2-white-2,The user hypnotizes itself into copying any stat change made by the target.
244,black-white,The user hypnotizes itself into copying any stat change made by the target.
244,crystal,Copies the foe's stat changes.
244,diamond-pearl,The user hypnotizes itself into copying any stat change made by the foe.
244,emerald,Copies the foe’s effect(s) and gives to the user.
244,firered-leafgreen,The user hypnotizes itself into copying any stat change made by the foe.
244,gold-silver,Copies the foe's stat changes.
244,heartgold-soulsilver,The user hypnotizes itself into copying any stat change made by the foe.
244,lets-go-pikachu-lets-go-eevee,The user hypnotizes itself into copying any stat change made by the target.
244,omega-ruby-alpha-sapphire,The user hypnotizes itself into copying any stat change made by the target.
244,platinum,The user hypnotizes itself into copying any stat change made by the foe.
244,ruby-sapphire,Copies the foe’s effect(s) and gives to the user.
244,sun-moon,The user hypnotizes itself into copying any stat change made by the target.
244,sword-shield,The user hypnotizes itself into copying any stat change made by the target.
244,ultra-sun-ultra-moon,The user hypnotizes itself into copying any stat change made by the target.
244,x-y,The user hypnotizes itself into copying any stat change made by the target.
245,black-2-white-2,The user charges the target at blinding speed. This attack always goes before any other move.
245,black-white,The user charges the target at blinding speed. This attack always goes before any other move.
245,crystal,A powerful first- strike move.
245,diamond-pearl,The user charges the foe at blinding speed. This attack always goes before any other move.
245,emerald,An extremely fast and powerful attack.
245,firered-leafgreen,A blindingly speedy charge attack that always goes before any other.
245,gold-silver,A powerful first- strike move.
245,heartgold-soulsilver,The user charges the foe at blinding speed. This attack always goes before any other move.
245,lets-go-pikachu-lets-go-eevee,The user charges the target at blinding speed. This move always goes first.
245,omega-ruby-alpha-sapphire,The user charges the target at blinding speed. This move always goes first.
245,platinum,The user charges the foe at blinding speed. This attack always goes before any other move.
245,ruby-sapphire,An extremely fast and powerful attack.
245,sun-moon,The user charges the target at blinding speed. This move always goes first.
245,sword-shield,The user charges the target at blinding speed. This move always goes first.
245,ultra-sun-ultra-moon,The user charges the target at blinding speed. This move always goes first.
245,x-y,The user charges the target at blinding speed. This move always goes first.
246,black-2-white-2,The user attacks with a prehistoric power. It may also raise all the user’s stats at once.
246,black-white,The user attacks with a prehistoric power. It may also raise all the user’s stats at once.
246,crystal,An attack that may raise all stats.
246,diamond-pearl,The user attacks with a prehistoric power. It may also raise all the user’s stats at once.
246,emerald,An attack that may raise all stats.
246,firered-leafgreen,An ancient power is used to attack. It may also raise all the user’s stats.
246,gold-silver,An attack that may raise all stats.
246,heartgold-soulsilver,The user attacks with a prehistoric power. It may also raise all the user’s stats at once.
246,lets-go-pikachu-lets-go-eevee,The user attacks with a prehistoric power. This may also raise all the user’s stats at once.
246,omega-ruby-alpha-sapphire,The user attacks with a prehistoric power. This may also raise all the user’s stats at once.
246,platinum,The user attacks with a prehistoric power. It may also raise all the user’s stats at once.
246,ruby-sapphire,An attack that may raise all stats.
246,sun-moon,The user attacks with a prehistoric power. This may also raise all the user’s stats at once.
246,sword-shield,The user attacks with a prehistoric power. This may also raise all the user’s stats at once.
246,ultra-sun-ultra-moon,The user attacks with a prehistoric power. This may also raise all the user’s stats at once.
246,x-y,The user attacks with a prehistoric power. This may also raise all the user’s stats at once.
247,black-2-white-2,The user hurls a shadowy blob at the target. It may also lower the target’s Sp. Def stat.
247,black-white,The user hurls a shadowy blob at the target. It may also lower the target’s Sp. Def stat.
247,crystal,An attack that may lower SPCL.DEF.
247,diamond-pearl,The user hurls a shadowy blob at the foe. It may also lower the foe’s Sp. Def stat.
247,emerald,Hurls a black blob that may lower the foe’s SP. DEF.
247,firered-leafgreen,A shadowy blob is hurled at the foe. May also lower the foe’s SP. DEF.
247,gold-silver,An attack that may lower SPCL.DEF.
247,heartgold-soulsilver,The user hurls a shadowy blob at the foe. It may also lower the foe’s Sp. Def stat.
247,lets-go-pikachu-lets-go-eevee,The user hurls a shadowy blob at the target. This may also lower the target’s Sp. Def stat.
247,omega-ruby-alpha-sapphire,The user hurls a shadowy blob at the target. This may also lower the target’s Sp. Def stat.
247,platinum,The user hurls a shadowy blob at the foe. It may also lower the foe’s Sp. Def stat.
247,ruby-sapphire,Hurls a black blob that may lower the foe’s SP. DEF.
247,sun-moon,The user hurls a shadowy blob at the target. This may also lower the target’s Sp. Def stat.
247,sword-shield,The user hurls a shadowy blob at the target. This may also lower the target’s Sp. Def stat.
247,ultra-sun-ultra-moon,The user hurls a shadowy blob at the target. This may also lower the target’s Sp. Def stat.
247,x-y,The user hurls a shadowy blob at the target. This may also lower the target’s Sp. Def stat.
248,black-2-white-2,"Two turns after this move is used, a hunk of psychic energy attacks the target."
248,black-white,"Two turns after this move is used, a hunk of psychic energy attacks the target."
248,crystal,An attack that hits on 3rd turn.
248,diamond-pearl,"Two turns after this move is used, the foe is attacked with a hunk of psychic energy."
248,emerald,Heightens inner power to strike 2 turns later.
248,firered-leafgreen,"Two turns after this move is used, the foe is attacked psychically."
248,gold-silver,An attack that hits on 3rd turn.
248,heartgold-soulsilver,"Two turns after this move is used, the foe is attacked with a hunk of psychic energy."
248,lets-go-pikachu-lets-go-eevee,"Two turns after this move is used, a hunk of psychic energy attacks the target."
248,omega-ruby-alpha-sapphire,"Two turns after this move is used, a hunk of psychic energy attacks the target."
248,platinum,"Two turns after this move is used, the foe is attacked with a hunk of psychic energy."
248,ruby-sapphire,Heightens inner power to strike 2 turns later.
248,sun-moon,"Two turns after this move is used, a hunk of psychic energy attacks the target."
248,sword-shield,"Two turns after this move is used, a hunk of psychic energy attacks the target."
248,ultra-sun-ultra-moon,"Two turns after this move is used, a hunk of psychic energy attacks the target."
248,x-y,"Two turns after this move is used, a hunk of psychic energy attacks the target."
249,black-2-white-2,The user attacks with a punch that can shatter a rock. It may also lower the target’s Defense stat.
249,black-white,The user attacks with a punch that can shatter a rock. It may also lower the target’s Defense stat.
249,crystal,An attack that may lower DEFENSE.
249,diamond-pearl,The user slugs the foe with a shattering punch. It can also smash cracked boulders.
249,emerald,A rock-crushing attack that may lower DEFENSE.
249,firered-leafgreen,An attack that may also cut DEFENSE. It can also smash cracked boulders.
249,gold-silver,An attack that may lower DEFENSE.
249,heartgold-soulsilver,The user hits with a punch that may lower the target’s Defense. It can also smash cracked boulders.
249,lets-go-pikachu-lets-go-eevee,The user attacks with a punch. This may also lower the target’s Defense stat.
249,omega-ruby-alpha-sapphire,The user attacks with a punch. This may also lower the target’s Defense stat. This move can also shatter rocks in the field.
249,platinum,The user slugs the foe with a shattering punch. It can also smash cracked boulders.
249,ruby-sapphire,A rock-crushing attack that may lower DEFENSE.
249,sun-moon,The user attacks with a punch. This may also lower the target’s Defense stat.
249,sword-shield,The user attacks with a punch. This may also lower the target’s Defense stat.
249,ultra-sun-ultra-moon,The user attacks with a punch. This may also lower the target’s Defense stat.
249,x-y,The user attacks with a punch. This may also lower the target’s Defense stat. This move can also shatter rocks in the field.
250,black-2-white-2,Traps foes in a violent swirling whirlpool for four to five turns.
250,black-white,Traps foes in a violent swirling whirlpool for four to five turns.
250,crystal,Traps the foe for 2-5 turns.
250,diamond-pearl,"The user traps the foe inside a fast, vicious whirlpool that lasts for two to five turns."
250,emerald,Traps and hurts the foe in a whirlpool for 2 to 5 turns.
250,firered-leafgreen,"The foe is trapped in a fast, vicious whirlpool for two to five turns."
250,gold-silver,Traps the foe for 2-5 turns.
250,heartgold-soulsilver,Traps the foe inside a whirlpool that lasts for two to five turns. The user can pass through whirlpools.
250,lets-go-pikachu-lets-go-eevee,The user traps the target in a violent swirling whirlpool for four to five turns.
250,omega-ruby-alpha-sapphire,The user traps the target in a violent swirling whirlpool for four to five turns.
250,platinum,"The user traps the foe inside a fast, vicious whirlpool that lasts for two to five turns."
250,ruby-sapphire,Traps and hurts the foe in a whirlpool for 2 to 5 turns.
250,sun-moon,The user traps the target in a violent swirling whirlpool for four to five turns.
250,sword-shield,The user traps the target in a violent swirling whirlpool for four to five turns.
250,ultra-sun-ultra-moon,The user traps the target in a violent swirling whirlpool for four to five turns.
250,x-y,The user traps the target in a violent swirling whirlpool for four to five turns.
251,black-2-white-2,"The user gets all party Pokémon to attack the target. The more party Pokémon, the greater the number of attacks."
251,black-white,"The user gets all party Pokémon to attack the target. The more party Pokémon, the greater the number of attacks."
251,crystal,Party POKéMON join in the attack.
251,diamond-pearl,"The user gets all the party Pokémon to attack the foe. The more party Pokémon, the more damage."
251,emerald,Summons party POKéMON to join in the attack.
251,firered-leafgreen,"All party POKéMON join in the attack. The more allies, the more damage."
251,gold-silver,Party POKéMON join in the attack.
251,heartgold-soulsilver,"The user gets all the party Pokémon to attack the foe. The more party Pokémon, the more damage."
251,lets-go-pikachu-lets-go-eevee,"The user gets all party Pokémon to attack the target. The more party Pokémon, the greater the number of attacks."
251,omega-ruby-alpha-sapphire,"The user gets all party Pokémon to attack the target. The more party Pokémon, the greater the number of attacks."
251,platinum,"The user gets all the party Pokémon to attack the foe. The more party Pokémon, the more damage."
251,ruby-sapphire,Summons party POKéMON to join in the attack.
251,sun-moon,"The user gets all party Pokémon to attack the target. The more party Pokémon, the greater the number of attacks."
251,sword-shield,"The user gets all party Pokémon to attack the target. The more party Pokémon, the greater the number of attacks."
251,ultra-sun-ultra-moon,"The user gets all party Pokémon to attack the target. The more party Pokémon, the greater the number of attacks."
251,x-y,"The user gets all party Pokémon to attack the target. The more party Pokémon, the greater the number of attacks."
252,black-2-white-2,An attack that hits first and makes the target flinch. It only works the first turn the user is in battle.
252,black-white,An attack that hits first and makes the target flinch. It only works the first turn the user is in battle.
252,diamond-pearl,An attack that hits first and makes the target flinch. This move works only on the first turn.
252,emerald,"A 1st-turn, 1st-strike move that causes flinching."
252,firered-leafgreen,An attack that hits first and causes flinching. Usable only on 1st turn.
252,heartgold-soulsilver,An attack that hits first and makes the target flinch. It only works the first turn the user is in battle.
252,lets-go-pikachu-lets-go-eevee,This attack hits first and makes the target flinch. It only works the first turn the user is in battle.
252,omega-ruby-alpha-sapphire,An attack that hits first and makes the target flinch. It only works the first turn the user is in battle.
252,platinum,An attack that hits first and makes the target flinch. This move works only on the first turn.
252,ruby-sapphire,"A 1st-turn, 1st-strike move that causes flinching."
252,sun-moon,This attack hits first and makes the target flinch. It only works the first turn the user is in battle.
252,sword-shield,This attack hits first and makes the target flinch. It only works the first turn each time the user enters battle.
252,ultra-sun-ultra-moon,This attack hits first and makes the target flinch. It only works the first turn the user is in battle.
252,x-y,An attack that hits first and makes the target flinch. It only works the first turn the user is in battle.
253,black-2-white-2,"The user attacks in an uproar for three turns. Over that time, no one can fall asleep."
253,black-white,"The user attacks in an uproar for three turns. Over that time, no one can fall asleep."
253,diamond-pearl,"The user attacks in an uproar for two to five turns. Over that time, no one can fall asleep."
253,emerald,Causes an uproar for 2 to 5 turns and prevents sleep.
253,firered-leafgreen,The user attacks in an uproar that prevents sleep for two to five turns.
253,heartgold-soulsilver,"The user attacks in an uproar for two to five turns. Over that time, no one can fall asleep."
253,lets-go-pikachu-lets-go-eevee,"The user attacks in an uproar for three turns. During that time, no Pokémon can fall asleep."
253,omega-ruby-alpha-sapphire,"The user attacks in an uproar for three turns. During that time, no one can fall asleep."
253,platinum,"The user attacks in an uproar for two to five turns. Over that time, no one can fall asleep."
253,ruby-sapphire,Causes an uproar for 2 to 5 turns and prevents sleep.
253,sun-moon,"The user attacks in an uproar for three turns. During that time, no Pokémon can fall asleep."
253,sword-shield,"The user attacks in an uproar for three turns. During that time, no Pokémon can fall asleep."
253,ultra-sun-ultra-moon,"The user attacks in an uproar for three turns. During that time, no Pokémon can fall asleep."
253,x-y,"The user attacks in an uproar for three turns. During that time, no one can fall asleep."
254,black-2-white-2,The user charges up power and raises both its Defense and Sp. Def. The move can be used three times.
254,black-white,The user charges up power and raises both its Defense and Sp. Def. The move can be used three times.
254,diamond-pearl,"The user charges up power, and raises both its Defense and Sp. Def. The move can be used three times."
254,emerald,Charges up power for up to 3 turns.
254,firered-leafgreen,The user charges up power for use later. It can be used three times.
254,heartgold-soulsilver,"The user charges up power, and raises both its Defense and Sp. Def. The move can be used three times."
254,lets-go-pikachu-lets-go-eevee,The user charges up power and raises both its Defense and Sp. Def stats. The move can be used three times.
254,omega-ruby-alpha-sapphire,The user charges up power and raises both its Defense and Sp. Def stats. The move can be used three times.
254,platinum,"The user charges up power, and raises both its Defense and Sp. Def. The move can be used three times."
254,ruby-sapphire,Charges up power for up to 3 turns.
254,sun-moon,The user charges up power and raises both its Defense and Sp. Def stats. The move can be used three times.
254,sword-shield,The user charges up power and raises both its Defense and Sp. Def stats. The move can be used three times.
254,ultra-sun-ultra-moon,The user charges up power and raises both its Defense and Sp. Def stats. The move can be used three times.
254,x-y,The user charges up power and raises both its Defense and Sp. Def stats. The move can be used three times.
255,black-2-white-2,"The power stored using the move Stockpile is released at once in an attack. The more power is stored, the greater the damage."
255,black-white,"The power stored using the move Stockpile is released at once in an attack. The more power is stored, the greater the damage."
255,diamond-pearl,The power stored using the move Stockpile is released at once in an attack.
255,emerald,Releases stockpiled power (the more the better).
255,firered-leafgreen,The power built using STOCKPILE is released at once for attack.
255,heartgold-soulsilver,The power stored using the move Stockpile is released at once in an attack.
255,lets-go-pikachu-lets-go-eevee,"The power stored using the move Stockpile is released at once in an attack. The more power is stored, the greater the move’s power."
255,omega-ruby-alpha-sapphire,"The power stored using the move Stockpile is released at once in an attack. The more power is stored, the greater the move’s power."
255,platinum,The power stored using the move Stockpile is released at once in an attack.
255,ruby-sapphire,Releases stockpiled power (the more the better).
255,sun-moon,"The power stored using the move Stockpile is released at once in an attack. The more power is stored, the greater the move’s power."
255,sword-shield,"The power stored using the move Stockpile is released at once in an attack. The more power is stored, the greater the move’s power."
255,ultra-sun-ultra-moon,"The power stored using the move Stockpile is released at once in an attack. The more power is stored, the greater the move’s power."
255,x-y,"The power stored using the move Stockpile is released at once in an attack. The more power is stored, the greater the move’s power."
256,black-2-white-2,The power stored using the move Stockpile is absorbed by the user to heal its HP. Storing more power heals more HP.
256,black-white,The power stored using the move Stockpile is absorbed by the user to heal its HP. Storing more power heals more HP.
256,diamond-pearl,The power stored using the move Stockpile is absorbed by the user to heal its HP.
256,emerald,Absorbs stockpiled power and restores HP.
256,firered-leafgreen,The energy it built using STOCKPILE is absorbed to restore HP.
256,heartgold-soulsilver,The power stored using the move Stockpile is absorbed by the user to heal its HP.
256,lets-go-pikachu-lets-go-eevee,The power stored using the move Stockpile is absorbed by the user to heal its HP. Storing more power heals more HP.
256,omega-ruby-alpha-sapphire,The power stored using the move Stockpile is absorbed by the user to heal its HP. Storing more power heals more HP.
256,platinum,The power stored using the move Stockpile is absorbed by the user to heal its HP.
256,ruby-sapphire,Absorbs stockpiled power and restores HP.
256,sun-moon,The power stored using the move Stockpile is absorbed by the user to heal its HP. Storing more power heals more HP.
256,sword-shield,The power stored using the move Stockpile is absorbed by the user to heal its HP. Storing more power heals more HP.
256,ultra-sun-ultra-moon,The power stored using the move Stockpile is absorbed by the user to heal its HP. Storing more power heals more HP.
256,x-y,The power stored using the move Stockpile is absorbed by the user to heal its HP. Storing more power heals more HP.
257,black-2-white-2,The user attacks by exhaling hot breath on the opposing team. It may also leave targets with a burn.
257,black-white,The user attacks by exhaling hot breath on the opposing team. It may also leave targets with a burn.
257,diamond-pearl,The user exhales a heated breath on the foe to attack. It may also leave the target with a burn.
257,emerald,Exhales a hot breath on the foe. May inflict a burn.
257,firered-leafgreen,The user exhales a heated breath to attack. It may also inflict a burn.
257,heartgold-soulsilver,The user exhales a heated breath on the foe to attack. It may also leave the target with a burn.
257,lets-go-pikachu-lets-go-eevee,The user attacks by exhaling hot breath on the opposing Pokémon. This may also leave those Pokémon with a burn.
257,omega-ruby-alpha-sapphire,The user attacks by exhaling hot breath on the opposing Pokémon. This may also leave those Pokémon with a burn.
257,platinum,The user exhales a heated breath on the foe to attack. It may also leave the target with a burn.
257,ruby-sapphire,Exhales a hot breath on the foe. May inflict a burn.
257,sun-moon,The user attacks by exhaling hot breath on the opposing Pokémon. This may also leave those Pokémon with a burn.
257,sword-shield,The user attacks by exhaling hot breath on opposing Pokémon. This may also leave those Pokémon with a burn.
257,ultra-sun-ultra-moon,The user attacks by exhaling hot breath on the opposing Pokémon. This may also leave those Pokémon with a burn.
257,x-y,The user attacks by exhaling hot breath on the opposing Pokémon. This may also leave those Pokémon with a burn.
258,black-2-white-2,The user summons a hailstorm lasting five turns. It damages all Pokémon except the Ice type.
258,black-white,The user summons a hailstorm lasting five turns. It damages all Pokémon except the Ice type.
258,diamond-pearl,The user summons a hailstorm lasting five turns. It damages all Pokémon except the Ice type.
258,emerald,Summons a hailstorm that strikes every turn.
258,firered-leafgreen,A hailstorm lasting five turns damages all POKéMON except the ICE-type.
258,heartgold-soulsilver,The user summons a hailstorm lasting five turns. It damages all Pokémon except the Ice type.
258,lets-go-pikachu-lets-go-eevee,The user summons a hailstorm lasting five turns. It damages all Pokémon except the Ice type.
258,omega-ruby-alpha-sapphire,The user summons a hailstorm lasting five turns. It damages all Pokémon except the Ice type.
258,platinum,The user summons a hailstorm lasting five turns. It damages all Pokémon except the Ice type.
258,ruby-sapphire,Summons a hailstorm that strikes every turn.
258,sun-moon,The user summons a hailstorm lasting five turns. It damages all Pokémon except the Ice type.
258,sword-shield,The user summons a hailstorm lasting five turns. It damages all Pokémon except Ice types.
258,ultra-sun-ultra-moon,The user summons a hailstorm lasting five turns. It damages all Pokémon except the Ice type.
258,x-y,The user summons a hailstorm lasting five turns. It damages all Pokémon except the Ice type.
259,black-2-white-2,"The user torments and enrages the target, making it incapable of using the same move twice in a row."
259,black-white,"The user torments and enrages the target, making it incapable of using the same move twice in a row."
259,diamond-pearl,"The user torments and enrages the foe, making it incapable of using the same move twice in a row."
259,emerald,Torments the foe and stops successive use of a move.
259,firered-leafgreen,"It enrages the foe, making it incapable of using the same move successively."
259,heartgold-soulsilver,"The user torments and enrages the foe, making it incapable of using the same move twice in a row."
259,lets-go-pikachu-lets-go-eevee,"The user torments and enrages the target, making it incapable of using the same move twice in a row."
259,omega-ruby-alpha-sapphire,"The user torments and enrages the target, making it incapable of using the same move twice in a row."
259,platinum,"The user torments and enrages the foe, making it incapable of using the same move twice in a row."
259,ruby-sapphire,Torments the foe and stops successive use of a move.
259,sun-moon,"The user torments and enrages the target, making it incapable of using the same move twice in a row."
259,sword-shield,"The user torments and enrages the target, making it incapable of using the same move twice in a row."
259,ultra-sun-ultra-moon,"The user torments and enrages the target, making it incapable of using the same move twice in a row."
259,x-y,"The user torments and enrages the target, making it incapable of using the same move twice in a row."
260,black-2-white-2,"Flattery is used to confuse the target. However, it also raises the target’s Sp. Atk stat."
260,black-white,"Flattery is used to confuse the target. However, it also raises the target’s Sp. Atk stat."
260,diamond-pearl,"Flattery is used to confuse the foe. However, it also raises the target’s Sp. Atk stat."
260,emerald,"Confuses the foe, but raises its SP. ATK."
260,firered-leafgreen,"Flattery is used to confuse the foe, but its SP. ATK also rises."
260,heartgold-soulsilver,"Flattery is used to confuse the foe. However, it also raises the target’s Sp. Atk stat."
260,lets-go-pikachu-lets-go-eevee,"Flattery is used to confuse the target. However, this also raises the target’s Sp. Atk stat."
260,omega-ruby-alpha-sapphire,"Flattery is used to confuse the target. However, this also raises the target’s Sp. Atk stat."
260,platinum,"Flattery is used to confuse the foe. However, it also raises the target’s Sp. Atk stat."
260,ruby-sapphire,"Confuses the foe, but raises its SP. ATK."
260,sun-moon,"Flattery is used to confuse the target. However, this also raises the target’s Sp. Atk stat."
260,sword-shield,"Flattery is used to confuse the target. However, this also raises the target’s Sp. Atk stat."
260,ultra-sun-ultra-moon,"Flattery is used to confuse the target. However, this also raises the target’s Sp. Atk stat."
260,x-y,"Flattery is used to confuse the target. However, this also raises the target’s Sp. Atk stat."
261,black-2-white-2,"The user shoots a sinister, bluish-white flame at the target to inflict a burn."
261,black-white,"The user shoots a sinister, bluish-white flame at the target to inflict a burn."
261,diamond-pearl,"The user shoots a sinister, bluish white flame at the foe to inflict a burn."
261,emerald,Inflicts a burn on the foe with intense fire.
261,firered-leafgreen,"A sinister, bluish white flame is shot at the foe to inflict a burn."
261,heartgold-soulsilver,"The user shoots a sinister, bluish white flame at the foe to inflict a burn."
261,lets-go-pikachu-lets-go-eevee,The user shoots a sinister flame at the target to inflict a burn.
261,omega-ruby-alpha-sapphire,"The user shoots a sinister, bluish-white flame at the target to inflict a burn."
261,platinum,"The user shoots a sinister, bluish white flame at the foe to inflict a burn."
261,ruby-sapphire,Inflicts a burn on the foe with intense fire.
261,sun-moon,"The user shoots a sinister, bluish-white flame at the target to inflict a burn."
261,sword-shield,The user shoots a sinister flame at the target to inflict a burn.
261,ultra-sun-ultra-moon,"The user shoots a sinister, bluish-white flame at the target to inflict a burn."
261,x-y,"The user shoots a sinister, bluish-white flame at the target to inflict a burn."
262,black-2-white-2,"The user faints when using this move. In return, it harshly lowers the target’s Attack and Sp. Atk."
262,black-white,"The user faints when using this move. In return, it harshly lowers the target’s Attack and Sp. Atk."
262,diamond-pearl,"The user faints upon using this move. In return, it sharply lowers the target’s Attack and Sp. Atk."
262,emerald,The user faints and lowers the foe’s abilities.
262,firered-leafgreen,"The user faints, but sharply lowers the foe’s ATTACK and SP. ATK."
262,heartgold-soulsilver,"The user faints upon using this move. In return, it sharply lowers the target’s Attack and Sp. Atk."
262,lets-go-pikachu-lets-go-eevee,"The user faints when using this move. In return, this harshly lowers the target’s Attack and Sp. Atk stats."
262,omega-ruby-alpha-sapphire,"The user faints when using this move. In return, this harshly lowers the target’s Attack and Sp. Atk stats."
262,platinum,"The user faints upon using this move. In return, it sharply lowers the target’s Attack and Sp. Atk."
262,ruby-sapphire,The user faints and lowers the foe’s abilities.
262,sun-moon,"The user faints when using this move. In return, this harshly lowers the target’s Attack and Sp. Atk stats."
262,sword-shield,"The user faints when using this move. In return, this harshly lowers the target’s Attack and Sp. Atk stats."
262,ultra-sun-ultra-moon,"The user faints when using this move. In return, this harshly lowers the target’s Attack and Sp. Atk stats."
262,x-y,"The user faints when using this move. In return, this harshly lowers the target’s Attack and Sp. Atk stats."
263,black-2-white-2,"An attack move that doubles its power if the user is poisoned, burned, or has paralysis."
263,black-white,"An attack move that doubles its power if the user is poisoned, burned, or has paralysis."
263,diamond-pearl,"An attack move that doubles its power if the user is poisoned, paralyzed, or has a burn."
263,emerald,"Boosts ATTACK when burned, paralyzed, or poisoned."
263,firered-leafgreen,"An attack that is boosted if user is burned, poisoned, or paralyzed."
263,heartgold-soulsilver,"An attack move that doubles its power if the user is poisoned, paralyzed, or has a burn."
263,lets-go-pikachu-lets-go-eevee,"This attack move doubles its power if the user is poisoned, burned, or paralyzed."
263,omega-ruby-alpha-sapphire,"An attack move that doubles its power if the user is poisoned, burned, or has paralysis."
263,platinum,"An attack move that doubles its power if the user is poisoned, paralyzed, or has a burn."
263,ruby-sapphire,"Boosts ATTACK when burned, paralyzed, or poisoned."
263,sun-moon,"This attack move doubles its power if the user is poisoned, burned, or paralyzed."
263,sword-shield,"This attack move doubles its power if the user is poisoned, burned, or paralyzed."
263,ultra-sun-ultra-moon,"This attack move doubles its power if the user is poisoned, burned, or paralyzed."
263,x-y,"An attack move that doubles its power if the user is poisoned, burned, or has paralysis."
264,black-2-white-2,The user focuses its mind before launching a punch. It will fail if the user is hit before it is used.
264,black-white,The user focuses its mind before launching a punch. It will fail if the user is hit before it is used.
264,diamond-pearl,The user focuses its mind before launching a punch. It will fail if the user is hit before it is used.
264,emerald,A powerful loyalty attack. The user flinches if hit.
264,firered-leafgreen,An attack that is executed last. The user flinches if hit beforehand.
264,heartgold-soulsilver,The user focuses its mind before launching a punch. It will fail if the user is hit before it is used.
264,lets-go-pikachu-lets-go-eevee,The user focuses its mind before launching a punch. This move fails if the user is hit before it is used.
264,omega-ruby-alpha-sapphire,The user focuses its mind before launching a punch. This move fails if the user is hit before it is used.
264,platinum,The user focuses its mind before launching a punch. It will fail if the user is hit before it is used.
264,ruby-sapphire,A powerful loyalty attack. The user flinches if hit.
264,sun-moon,The user focuses its mind before launching a punch. This move fails if the user is hit before it is used.
264,sword-shield,The user focuses its mind before launching a punch. This move fails if the user is hit before it is used.
264,ultra-sun-ultra-moon,The user focuses its mind before launching a punch. This move fails if the user is hit before it is used.
264,x-y,The user focuses its mind before launching a punch. This move fails if the user is hit before it is used.
265,black-2-white-2,"This attack inflicts double damage on a target with paralysis. It also cures the target’s paralysis, however."
265,black-white,"This attack inflicts double damage on a target with paralysis. It also cures the target’s paralysis, however."
265,diamond-pearl,"This attack inflicts double damage on a paralyzed foe. It also cures the foe’s paralysis, however."
265,emerald,"Powerful against paralyzed foes, but also heals them."
265,firered-leafgreen,"Doubly effective on a paralyzed foe, but it also cures the foe’s paralysis."
265,heartgold-soulsilver,"This attack inflicts double damage on a paralyzed foe. It also cures the foe’s paralysis, however."
265,lets-go-pikachu-lets-go-eevee,"This attack’s power is doubled when used on a target with paralysis. This also cures the target’s paralysis, however."
265,omega-ruby-alpha-sapphire,"This attack inflicts double damage on a target with paralysis. This also cures the target’s paralysis, however."
265,platinum,"This attack inflicts double damage on a paralyzed foe. It also cures the foe’s paralysis, however."
265,ruby-sapphire,"Powerful against paralyzed foes, but also heals them."
265,sun-moon,"This attack’s power is doubled when used on a target with paralysis. This also cures the target’s paralysis, however."
265,sword-shield,"This move can’t be used. It’s recommended that this move is forgotten. Once forgotten, this move can’t be remembered."
265,ultra-sun-ultra-moon,"This attack’s power is doubled when used on a target with paralysis. This also cures the target’s paralysis, however."
265,x-y,"This attack inflicts double damage on a target with paralysis. This also cures the target’s paralysis, however."
266,black-2-white-2,"The user draws attention to itself, making all targets take aim only at the user."
266,black-white,"The user draws attention to itself, making all targets take aim only at the user."
266,diamond-pearl,"The user draws attention to itself, making all foes take aim only at the user."
266,emerald,Draws attention to make foes attack only the user.
266,firered-leafgreen,"The user draws attention to itself, making foes attack only the user."
266,heartgold-soulsilver,"The user draws attention to itself, making all foes take aim only at the user."
266,lets-go-pikachu-lets-go-eevee,"The user draws attention to itself, making all targets take aim only at the user."
266,omega-ruby-alpha-sapphire,"The user draws attention to itself, making all targets take aim only at the user."
266,platinum,"The user draws attention to itself, making all foes take aim only at the user."
266,ruby-sapphire,Draws attention to make foes attack only the user.
266,sun-moon,"The user draws attention to itself, making all targets take aim only at the user."
266,sword-shield,"The user draws attention to itself, making all targets take aim only at the user."
266,ultra-sun-ultra-moon,"The user draws attention to itself, making all targets take aim only at the user."
266,x-y,"The user draws attention to itself, making all targets take aim only at the user."
267,black-2-white-2,An attack that makes use of nature’s power. Its effects vary depending on the user’s environment.
267,black-white,An attack that makes use of nature’s power. Its effects vary depending on the user’s environment.
267,diamond-pearl,An attack that makes use of nature’s power. Its effects vary depending on the user’s environment.
267,emerald,The type of attack varies depending on the location.
267,firered-leafgreen,An attack that changes type depending on the user’s location.
267,heartgold-soulsilver,An attack that makes use of nature’s power. Its effects vary depending on the user’s environment.
267,lets-go-pikachu-lets-go-eevee,This attack makes use of nature’s power. Its effects vary depending on the user’s environment.
267,omega-ruby-alpha-sapphire,An attack that makes use of nature’s power. Its effects vary depending on the user’s environment.
267,platinum,An attack that makes use of nature’s power. Its effects vary depending on the user’s environment.
267,ruby-sapphire,The type of attack varies depending on the location.
267,sun-moon,This attack makes use of nature’s power. Its effects vary depending on the user’s environment.
267,sword-shield,This attack makes use of nature’s power. Its effects vary depending on the user’s environment.
267,ultra-sun-ultra-moon,This attack makes use of nature’s power. Its effects vary depending on the user’s environment.
267,x-y,An attack that makes use of nature’s power. Its effects vary depending on the user’s environment.
268,black-2-white-2,The user boosts the power of the Electric move it uses on the next turn. It also raises the user’s Sp. Def stat.
268,black-white,The user boosts the power of the Electric move it uses on the next turn. It also raises the user’s Sp. Def stat.
268,diamond-pearl,The user boosts the power of the Electric move it uses next. It also raises the user’s Sp. Def stat.
268,emerald,Charges power to boost the electric move used next.
268,firered-leafgreen,The user charges power to boost the ELECTRIC move it uses next.
268,heartgold-soulsilver,The user boosts the power of the Electric move it uses next. It also raises the user’s Sp. Def stat.
268,lets-go-pikachu-lets-go-eevee,The user boosts the power of the Electric move it uses on the next turn. This also raises the user’s Sp. Def stat.
268,omega-ruby-alpha-sapphire,The user boosts the power of the Electric move it uses on the next turn. This also raises the user’s Sp. Def stat.
268,platinum,The user boosts the power of the Electric move it uses next. It also raises the user’s Sp. Def stat.
268,ruby-sapphire,Charges power to boost the electric move used next.
268,sun-moon,The user boosts the power of the Electric move it uses on the next turn. This also raises the user’s Sp. Def stat.
268,sword-shield,The user boosts the power of the Electric move it uses on the next turn. This also raises the user’s Sp. Def stat.
268,ultra-sun-ultra-moon,The user boosts the power of the Electric move it uses on the next turn. This also raises the user’s Sp. Def stat.
268,x-y,The user boosts the power of the Electric move it uses on the next turn. This also raises the user’s Sp. Def stat.
269,black-2-white-2,The target is taunted into a rage that allows it to use only attack moves for three turns.
269,black-white,The target is taunted into a rage that allows it to use only attack moves for three turns.
269,diamond-pearl,The foe is taunted into a rage that allows it to use only attack moves for two to four turns.
269,emerald,Taunts the foe into only using attack moves.
269,firered-leafgreen,The foe is taunted into a rage that allows it to use only attack moves.
269,heartgold-soulsilver,The foe is taunted into a rage that allows it to use only attack moves for two to four turns.
269,lets-go-pikachu-lets-go-eevee,The target is taunted into a rage that allows it to use only attack moves for three turns.
269,omega-ruby-alpha-sapphire,The target is taunted into a rage that allows it to use only attack moves for three turns.
269,platinum,The foe is taunted into a rage that allows it to use only attack moves for two to four turns.
269,ruby-sapphire,Taunts the foe into only using attack moves.
269,sun-moon,The target is taunted into a rage that allows it to use only attack moves for three turns.
269,sword-shield,The target is taunted into a rage that allows it to use only attack moves for three turns.
269,ultra-sun-ultra-moon,The target is taunted into a rage that allows it to use only attack moves for three turns.
269,x-y,The target is taunted into a rage that allows it to use only attack moves for three turns.
270,black-2-white-2,The user assists an ally by boosting the power of its attack.
270,black-white,The user assists an ally by boosting the power of its attack.
270,diamond-pearl,A move that boosts the power of the ally’s attack in a Double Battle.
270,emerald,Boosts the power of the recipient’s moves.
270,firered-leafgreen,A move that boosts the power of the ally’s attack in a battle.
270,heartgold-soulsilver,A move that boosts the power of the ally’s attack in a Double Battle.
270,lets-go-pikachu-lets-go-eevee,The user assists an ally by boosting the power of that ally’s attack.
270,omega-ruby-alpha-sapphire,The user assists an ally by boosting the power of that ally’s attack.
270,platinum,A move that boosts the power of the ally’s attack in a Double Battle.
270,ruby-sapphire,Boosts the power of the recipient’s moves.
270,sun-moon,The user assists an ally by boosting the power of that ally’s attack.
270,sword-shield,The user assists an ally by boosting the power of that ally’s attack.
270,ultra-sun-ultra-moon,The user assists an ally by boosting the power of that ally’s attack.
270,x-y,The user assists an ally by boosting the power of that ally’s attack.
271,black-2-white-2,The user catches the target off guard and swaps its held item with its own.
271,black-white,The user catches the target off guard and swaps its held item with its own.
271,diamond-pearl,The user catches the foe off guard and swaps the foe’s held item with its own.
271,emerald,Tricks the foe into trading held items.
271,firered-leafgreen,A move that tricks the foe into trading held items with the user.
271,heartgold-soulsilver,The user catches the foe off guard and swaps the foe’s held item with its own.
271,lets-go-pikachu-lets-go-eevee,The user catches the target off guard and swaps its held item with its own.
271,omega-ruby-alpha-sapphire,The user catches the target off guard and swaps its held item with its own.
271,platinum,The user catches the foe off guard and swaps the foe’s held item with its own.
271,ruby-sapphire,Tricks the foe into trading held items.
271,sun-moon,The user catches the target off guard and swaps its held item with its own.
271,sword-shield,The user catches the target off guard and swaps its held item with its own.
271,ultra-sun-ultra-moon,The user catches the target off guard and swaps its held item with its own.
271,x-y,The user catches the target off guard and swaps its held item with its own.
272,black-2-white-2,"The user mimics the target completely, copying the target’s natural Ability."
272,black-white,"The user mimics the target completely, copying the target’s natural Ability."
272,diamond-pearl,"The user mimics the foe completely, copying the foe’s natural ability."
272,emerald,Mimics the target and copies its special ability.
272,firered-leafgreen,The user mimics the foe completely and copies the foe’s ability.
272,heartgold-soulsilver,"The user mimics the foe completely, copying the foe’s natural ability."
272,lets-go-pikachu-lets-go-eevee,"The user mimics the target completely, copying the target’s natural Ability."
272,omega-ruby-alpha-sapphire,"The user mimics the target completely, copying the target’s natural Ability."
272,platinum,"The user mimics the foe completely, copying the foe’s natural ability."
272,ruby-sapphire,Mimics the target and copies its special ability.
272,sun-moon,"The user mimics the target completely, copying the target’s natural Ability."
272,sword-shield,"The user mimics the target completely, copying the target’s Ability."
272,ultra-sun-ultra-moon,"The user mimics the target completely, copying the target’s natural Ability."
272,x-y,"The user mimics the target completely, copying the target’s natural Ability."
273,black-2-white-2,"One turn after this move is used, the target’s HP is restored by half the user’s maximum HP."
273,black-white,"One turn after this move is used, the target’s HP is restored by half the user’s maximum HP."
273,diamond-pearl,A self-healing move. The user restores its own HP by up to half of its maximum HP in the next turn.
273,emerald,A wish that restores HP. It takes time to work.
273,firered-leafgreen,A self-healing move that restores half the full HP on the next turn.
273,heartgold-soulsilver,A self-healing move. The user restores its own HP by up to half of its maximum HP in the next turn.
273,lets-go-pikachu-lets-go-eevee,"One turn after this move is used, the user’s or its replacement’s HP is restored by half the user’s max HP."
273,omega-ruby-alpha-sapphire,"One turn after this move is used, the target’s HP is restored by half the user’s max HP."
273,platinum,A self-healing move. The user restores its own HP by up to half of its maximum HP in the next turn.
273,ruby-sapphire,A wish that restores HP. It takes time to work.
273,sun-moon,"One turn after this move is used, the user’s or its replacement’s HP is restored by half the user’s max HP."
273,sword-shield,"One turn after this move is used, the user’s or its replacement’s HP is restored by half the user’s max HP."
273,ultra-sun-ultra-moon,"One turn after this move is used, the user’s or its replacement’s HP is restored by half the user’s max HP."
273,x-y,"One turn after this move is used, the target’s HP is restored by half the user’s max HP."
274,black-2-white-2,The user hurriedly and randomly uses a move among those known by other Pokémon in the party.
274,black-white,The user hurriedly and randomly uses a move among those known by other Pokémon in the party.
274,diamond-pearl,The user hurriedly and randomly uses a move among those known by other Pokémon in the party.
274,emerald,Attacks randomly with one of the partner’s moves.
274,firered-leafgreen,The user randomly picks and uses a move of an allied POKéMON.
274,heartgold-soulsilver,The user hurriedly and randomly uses a move among those known by other Pokémon in the party.
274,lets-go-pikachu-lets-go-eevee,The user hurriedly and randomly uses a move among those known by ally Pokémon.
274,omega-ruby-alpha-sapphire,The user hurriedly and randomly uses a move among those known by other Pokémon in the party.
274,platinum,The user hurriedly and randomly uses a move among those known by other Pokémon in the party.
274,ruby-sapphire,Attacks randomly with one of the partner’s moves.
274,sun-moon,The user hurriedly and randomly uses a move among those known by ally Pokémon.
274,sword-shield,"This move can’t be used. It’s recommended that this move is forgotten. Once forgotten, this move can’t be remembered."
274,ultra-sun-ultra-moon,The user hurriedly and randomly uses a move among those known by ally Pokémon.
274,x-y,The user hurriedly and randomly uses a move among those known by other Pokémon in the party.
275,black-2-white-2,"The user lays roots that restore its HP on every turn. Because it is rooted, it can’t switch out."
275,black-white,"The user lays roots that restore its HP on every turn. Because it is rooted, it can’t switch out."
275,diamond-pearl,"The user lays roots that restore HP on every turn. Because it is rooted, it can’t switch out."
275,emerald,Lays roots that restore HP. The user can’t switch out.
275,firered-leafgreen,The user lays roots that restore HP on every turn. It can’t switch out.
275,heartgold-soulsilver,"The user lays roots that restore HP on every turn. Because it is rooted, it can’t switch out."
275,lets-go-pikachu-lets-go-eevee,"The user lays roots that restore its HP on every turn. Because it’s rooted, it can’t switch out."
275,omega-ruby-alpha-sapphire,"The user lays roots that restore its HP on every turn. Because it is rooted, it can’t switch out."
275,platinum,"The user lays roots that restore HP on every turn. Because it is rooted, it can’t switch out."
275,ruby-sapphire,Lays roots that restore HP. The user can’t switch out.
275,sun-moon,"The user lays roots that restore its HP on every turn. Because it’s rooted, it can’t switch out."
275,sword-shield,"The user lays roots that restore its HP on every turn. Because it’s rooted, it can’t switch out."
275,ultra-sun-ultra-moon,"The user lays roots that restore its HP on every turn. Because it’s rooted, it can’t switch out."
275,x-y,"The user lays roots that restore its HP on every turn. Because it is rooted, it can’t switch out."
276,black-2-white-2,"The user attacks the target with great power. However, it also lowers the user’s Attack and Defense."
276,black-white,"The user attacks the target with great power. However, it also lowers the user’s Attack and Defense."
276,diamond-pearl,"The user attacks the foe with great power. However, it also lowers the user’s Attack and Defense."
276,emerald,"Boosts strength sharply, but lowers abilities."
276,firered-leafgreen,"A powerful attack, but it also lowers the user’s ATTACK and DEFENSE stats."
276,heartgold-soulsilver,"The user attacks the foe with great power. However, it also lowers the user’s Attack and Defense."
276,lets-go-pikachu-lets-go-eevee,"The user attacks the target with great power. However, this also lowers the user’s Attack and Defense stats."
276,omega-ruby-alpha-sapphire,"The user attacks the target with great power. However, this also lowers the user’s Attack and Defense stats."
276,platinum,"The user attacks the foe with great power. However, it also lowers the user’s Attack and Defense."
276,ruby-sapphire,"Boosts strength sharply, but lowers abilities."
276,sun-moon,"The user attacks the target with great power. However, this also lowers the user’s Attack and Defense stats."
276,sword-shield,"The user attacks the target with great power. However, this also lowers the user’s Attack and Defense stats."
276,ultra-sun-ultra-moon,"The user attacks the target with great power. However, this also lowers the user’s Attack and Defense stats."
276,x-y,"The user attacks the target with great power. However, this also lowers the user’s Attack and Defense stats."
277,black-2-white-2,A barrier reflects back to the target moves like Leech Seed and moves that damage status.
277,black-white,A barrier reflects back to the target moves like Leech Seed and moves that damage status.
277,diamond-pearl,A barrier reflects back to the foe moves like Leech Seed and moves that damage status.
277,emerald,Reflects special effects back to the attacker.
277,firered-leafgreen,Reflects back the foe’s LEECH SEED and any status- damaging move.
277,heartgold-soulsilver,A barrier reflects back to the foe moves like Leech Seed and moves that damage status.
277,lets-go-pikachu-lets-go-eevee,A barrier reflects back to the target moves like Leech Seed and moves that damage status.
277,omega-ruby-alpha-sapphire,A barrier reflects back to the target moves like Leech Seed and moves that damage status.
277,platinum,A barrier reflects back to the foe moves like Leech Seed and moves that damage status.
277,ruby-sapphire,Reflects special effects back to the attacker.
277,sun-moon,A barrier reflects back to the target moves like Leech Seed and moves that damage status.
277,sword-shield,Moves like Leech Seed and moves that inflict status conditions are blocked by a barrier and reflected back to the user of those moves.
277,ultra-sun-ultra-moon,A barrier reflects back to the target moves like Leech Seed and moves that damage status.
277,x-y,A barrier reflects back to the target moves like Leech Seed and moves that damage status.
278,black-2-white-2,The user recycles a held item that has been used in battle so it can be used again.
278,black-white,The user recycles a held item that has been used in battle so it can be used again.
278,diamond-pearl,The user recycles a single-use item that has been used in battle so it can be used again.
278,emerald,Recycles a used item for one more use.
278,firered-leafgreen,A move that recycles a used item for use once more.
278,heartgold-soulsilver,The user recycles a held item that has been used in battle so it can be used again.
278,lets-go-pikachu-lets-go-eevee,The user recycles a held item that has been used in battle so it can be used again.
278,omega-ruby-alpha-sapphire,The user recycles a held item that has been used in battle so it can be used again.
278,platinum,The user recycles a single-use item that has been used in battle so it can be used again.
278,ruby-sapphire,Recycles a used item for one more use.
278,sun-moon,The user recycles a held item that has been used in battle so it can be used again.
278,sword-shield,The user recycles a held item that has been used in battle so it can be used again.
278,ultra-sun-ultra-moon,The user recycles a held item that has been used in battle so it can be used again.
278,x-y,The user recycles a held item that has been used in battle so it can be used again.
279,black-2-white-2,An attack move that inflicts double the damage if the user has been hurt by the opponent in the same turn.
279,black-white,An attack move that inflicts double the damage if the user has been hurt by the opponent in the same turn.
279,diamond-pearl,An attack move that inflicts double the damage if the user has been hurt by the foe in the same turn.
279,emerald,An attack that gains power if injured by the foe.
279,firered-leafgreen,An attack move that gains in intensity if the target has hurt the user.
279,heartgold-soulsilver,An attack move that inflicts double the damage if the user has been hurt by the foe in the same turn.
279,lets-go-pikachu-lets-go-eevee,This attack move’s power is doubled if the user has been hurt by the opponent in the same turn.
279,omega-ruby-alpha-sapphire,An attack move that inflicts double the damage if the user has been hurt by the opponent in the same turn.
279,platinum,An attack move that inflicts double the damage if the user has been hurt by the foe in the same turn.
279,ruby-sapphire,An attack that gains power if injured by the foe.
279,sun-moon,This attack move’s power is doubled if the user has been hurt by the opponent in the same turn.
279,sword-shield,This attack move’s power is doubled if the user has been hurt by the opponent in the same turn.
279,ultra-sun-ultra-moon,This attack move’s power is doubled if the user has been hurt by the opponent in the same turn.
279,x-y,An attack move that inflicts double the damage if the user has been hurt by the opponent in the same turn.
280,black-2-white-2,The user attacks with a swift chop. It can also break any barrier such as Light Screen and Reflect.
280,black-white,The user attacks with a swift chop. It can also break any barrier such as Light Screen and Reflect.
280,diamond-pearl,"The user attacks with tough fists, etc. It can also break any barrier such as Light Screen and Reflect."
280,emerald,Destroys barriers such as REFLECT and causes damage.
280,firered-leafgreen,An attack that also breaks any barrier like LIGHT SCREEN and REFLECT.
280,heartgold-soulsilver,"The user attacks with tough fists, etc. It can also break any barrier such as Light Screen and Reflect."
280,lets-go-pikachu-lets-go-eevee,"The user attacks with a swift chop. It can also break barriers, such as Light Screen and Reflect."
280,omega-ruby-alpha-sapphire,"The user attacks with a swift chop. It can also break barriers, such as Light Screen and Reflect."
280,platinum,"The user attacks with tough fists, etc. It can also break any barrier such as Light Screen and Reflect."
280,ruby-sapphire,Destroys barriers such as REFLECT and causes damage.
280,sun-moon,"The user attacks with a swift chop. It can also break barriers, such as Light Screen and Reflect."
280,sword-shield,"The user attacks with a swift chop. It can also break barriers, such as Light Screen and Reflect."
280,ultra-sun-ultra-moon,"The user attacks with a swift chop. It can also break barriers, such as Light Screen and Reflect."
280,x-y,"The user attacks with a swift chop. It can also break barriers, such as Light Screen and Reflect."
281,black-2-white-2,The user lets loose a huge yawn that lulls the target into falling asleep on the next turn.
281,black-white,The user lets loose a huge yawn that lulls the target into falling asleep on the next turn.
281,diamond-pearl,The user lets loose a huge yawn that lulls the foe into falling asleep on the next turn.
281,emerald,"Lulls the foe into yawning, then sleeping next turn."
281,firered-leafgreen,A huge yawn lulls the foe into falling asleep on the next turn.
281,heartgold-soulsilver,The user lets loose a huge yawn that lulls the foe into falling asleep on the next turn.
281,lets-go-pikachu-lets-go-eevee,The user lets loose a huge yawn that lulls the target into falling asleep on the next turn.
281,omega-ruby-alpha-sapphire,The user lets loose a huge yawn that lulls the target into falling asleep on the next turn.
281,platinum,The user lets loose a huge yawn that lulls the foe into falling asleep on the next turn.
281,ruby-sapphire,"Lulls the foe into yawning, then sleeping next turn."
281,sun-moon,The user lets loose a huge yawn that lulls the target into falling asleep on the next turn.
281,sword-shield,The user lets loose a huge yawn that lulls the target into falling asleep on the next turn.
281,ultra-sun-ultra-moon,The user lets loose a huge yawn that lulls the target into falling asleep on the next turn.
281,x-y,The user lets loose a huge yawn that lulls the target into falling asleep on the next turn.
282,black-2-white-2,"The user slaps down the target’s held item, preventing that item from being used in the battle."
282,black-white,"The user slaps down the target’s held item, preventing that item from being used in the battle."
282,diamond-pearl,"The user slaps down the foe’s held item, preventing the item from being used during the battle."
282,emerald,Knocks down the foe’s held item to prevent its use.
282,firered-leafgreen,Knocks down the foe’s held item to prevent its use during the battle.
282,heartgold-soulsilver,"The user slaps down the foe’s held item, preventing the item from being used during the battle."
282,lets-go-pikachu-lets-go-eevee,"The user slaps down the target’s held item, and that item can’t be used in that battle. The move does more damage if the target has a held item."
282,omega-ruby-alpha-sapphire,"The user slaps down the target’s held item, and that item can’t be used in that battle. The move does more damage if the target has a held item."
282,platinum,"The user slaps down the foe’s held item, preventing the item from being used during the battle."
282,ruby-sapphire,Knocks down the foe’s held item to prevent its use.
282,sun-moon,"The user slaps down the target’s held item, and that item can’t be used in that battle. The move does more damage if the target has a held item."
282,sword-shield,"The user slaps down the target’s held item, and that item can’t be used in that battle. The move does more damage if the target has a held item."
282,ultra-sun-ultra-moon,"The user slaps down the target’s held item, and that item can’t be used in that battle. The move does more damage if the target has a held item."
282,x-y,"The user slaps down the target’s held item, and that item can’t be used in that battle. The move does more damage if the target has a held item."
283,black-2-white-2,An attack move that cuts down the target’s HP to equal the user’s HP.
283,black-white,An attack move that cuts down the target’s HP to equal the user’s HP.
283,diamond-pearl,An attack move that cuts down the foe’s HP to equal the user’s HP.
283,emerald,Gains power if the user’s HP is lower than the foe’s HP.
283,firered-leafgreen,Gains power the fewer HP the user has compared with the foe.
283,heartgold-soulsilver,An attack move that cuts down the foe’s HP to equal the user’s HP.
283,lets-go-pikachu-lets-go-eevee,This attack move cuts down the target’s HP to equal the user’s HP.
283,omega-ruby-alpha-sapphire,An attack move that cuts down the target’s HP to equal the user’s HP.
283,platinum,An attack move that cuts down the foe’s HP to equal the user’s HP.
283,ruby-sapphire,Gains power if the user’s HP is lower than the foe’s HP.
283,sun-moon,This attack move cuts down the target’s HP to equal the user’s HP.
283,sword-shield,This attack move cuts down the target’s HP to equal the user’s HP.
283,ultra-sun-ultra-moon,This attack move cuts down the target’s HP to equal the user’s HP.
283,x-y,An attack move that cuts down the target’s HP to equal the user’s HP.
284,black-2-white-2,"The user attacks the opposing team with explosive fury. The lower the user’s HP, the less powerful this attack becomes."
284,black-white,"The user attacks the opposing team with explosive fury. The lower the user’s HP, the less powerful this attack becomes."
284,diamond-pearl,"The user attacks in an explosive fury. The lower the user’s HP, the less powerful this attack becomes."
284,emerald,"The higher the user’s HP, the more damage caused."
284,firered-leafgreen,"The higher the user’s HP, the more powerful this attack becomes."
284,heartgold-soulsilver,"The user attacks in an explosive fury. The lower the user’s HP, the less powerful this attack becomes."
284,lets-go-pikachu-lets-go-eevee,"The user attacks opposing Pokémon with explosive fury. The lower the user’s HP, the lower the move’s power."
284,omega-ruby-alpha-sapphire,"The user attacks opposing Pokémon with explosive fury. The lower the user’s HP, the lower the move’s power."
284,platinum,"The user attacks in an explosive fury. The lower the user’s HP, the less powerful this attack becomes."
284,ruby-sapphire,"The higher the user’s HP, the more damage caused."
284,sun-moon,"The user attacks opposing Pokémon with explosive fury. The lower the user’s HP, the lower the move’s power."
284,sword-shield,"The user attacks opposing Pokémon with explosive fury. The lower the user’s HP, the lower the move’s power."
284,ultra-sun-ultra-moon,"The user attacks opposing Pokémon with explosive fury. The lower the user’s HP, the lower the move’s power."
284,x-y,"The user attacks opposing Pokémon with explosive fury. The lower the user’s HP, the lower the move’s power."
285,black-2-white-2,The user employs its psychic power to exchange Abilities with the target.
285,black-white,The user employs its psychic power to exchange Abilities with the target.
285,diamond-pearl,The user employs its psychic power to exchange abilities with the foe.
285,emerald,The user swaps special abilities with the target.
285,firered-leafgreen,The user employs its psychic power to swap abilities with the foe.
285,heartgold-soulsilver,The user employs its psychic power to exchange abilities with the foe.
285,lets-go-pikachu-lets-go-eevee,The user employs its psychic power to exchange Abilities with the target.
285,omega-ruby-alpha-sapphire,The user employs its psychic power to exchange Abilities with the target.
285,platinum,The user employs its psychic power to exchange abilities with the foe.
285,ruby-sapphire,The user swaps special abilities with the target.
285,sun-moon,The user employs its psychic power to exchange Abilities with the target.
285,sword-shield,The user employs its psychic power to exchange Abilities with the target.
285,ultra-sun-ultra-moon,The user employs its psychic power to exchange Abilities with the target.
285,x-y,The user employs its psychic power to exchange Abilities with the target.
286,black-2-white-2,"If the opponents know any move also known by the user, the opponents are prevented from using it."
286,black-white,"If the opponents know any move also known by the user, the opponents are prevented from using it."
286,diamond-pearl,"If the foe knows any move also known by the user, the foe is prevented from using it."
286,emerald,Prevents foes from using moves known by the user.
286,firered-leafgreen,Prevents foes from using any move that is also known by the user.
286,heartgold-soulsilver,"If the foe knows any move also known by the user, the foe is prevented from using it."
286,lets-go-pikachu-lets-go-eevee,"If opposing Pokémon know any move also known by the user, they are prevented from using it."
286,omega-ruby-alpha-sapphire,"If opposing Pokémon know any move also known by the user, they are prevented from using it."
286,platinum,"If the foe knows any move also known by the user, the foe is prevented from using it."
286,ruby-sapphire,Prevents foes from using moves known by the user.
286,sun-moon,"If opposing Pokémon know any move also known by the user, they are prevented from using it."
286,sword-shield,"If opposing Pokémon know any move also known by the user, they are prevented from using it."
286,ultra-sun-ultra-moon,"If opposing Pokémon know any move also known by the user, they are prevented from using it."
286,x-y,"If opposing Pokémon know any move also known by the user, they are prevented from using it."
287,black-2-white-2,"The user rests to cure itself of a poisoning, burn, or paralysis."
287,black-white,"The user rests to cure itself of a poisoning, burn, or paralysis."
287,diamond-pearl,"The user rests to cure itself of a poisoning, burn, or paralysis."
287,emerald,"Heals poisoning, paralysis, or a burn."
287,firered-leafgreen,"A self-healing move that cures the user of a poisoning, burn, or paralysis."
287,heartgold-soulsilver,"The user rests to cure itself of a poisoning, burn, or paralysis."
287,lets-go-pikachu-lets-go-eevee,"The user rests to cure itself of poisoning, a burn, or paralysis."
287,omega-ruby-alpha-sapphire,"The user rests to cure itself of a poisoning, burn, or paralysis."
287,platinum,"The user rests to cure itself of a poisoning, burn, or paralysis."
287,ruby-sapphire,"Heals poisoning, paralysis, or a burn."
287,sun-moon,"The user rests to cure itself of poisoning, a burn, or paralysis."
287,sword-shield,"This move can’t be used. It’s recommended that this move is forgotten. Once forgotten, this move can’t be remembered."
287,ultra-sun-ultra-moon,"The user rests to cure itself of poisoning, a burn, or paralysis."
287,x-y,"The user rests to cure itself of a poisoning, burn, or paralysis."
288,black-2-white-2,"If the user faints, the user’s grudge fully depletes the PP of the opponent’s move that knocked it out."
288,black-white,"If the user faints, the user’s grudge fully depletes the PP of the opponent’s move that knocked it out."
288,diamond-pearl,"If the user faints, the user’s grudge fully depletes the PP of the foe’s move that knocked it out."
288,emerald,"If the user faints, deletes all PP of foe’s last move."
288,firered-leafgreen,"If the user faints, this move deletes the PP of the move that finished it."
288,heartgold-soulsilver,"If the user faints, the user’s grudge fully depletes the PP of the foe’s move that knocked it out."
288,lets-go-pikachu-lets-go-eevee,"If the user faints, the user’s grudge fully depletes the PP of the opponent’s move that knocked it out."
288,omega-ruby-alpha-sapphire,"If the user faints, the user’s grudge fully depletes the PP of the opponent’s move that knocked it out."
288,platinum,"If the user faints, the user’s grudge fully depletes the PP of the foe’s move that knocked it out."
288,ruby-sapphire,"If the user faints, deletes the PP of the final move."
288,sun-moon,"If the user faints, the user’s grudge fully depletes the PP of the opponent’s move that knocked it out."
288,sword-shield,"If the user faints, the user’s grudge fully depletes the PP of the opponent’s move that knocked it out."
288,ultra-sun-ultra-moon,"If the user faints, the user’s grudge fully depletes the PP of the opponent’s move that knocked it out."
288,x-y,"If the user faints, the user’s grudge fully depletes the PP of the opponent’s move that knocked it out."
289,black-2-white-2,The user steals the effects of any healing or stat-changing move the opponent attempts to use.
289,black-white,The user steals the effects of any healing or stat-changing move the opponent attempts to use.
289,diamond-pearl,The user steals the effects of any healing or status- changing move the foe attempts to use.
289,emerald,Steals the effects of the move the target uses next.
289,firered-leafgreen,Steals the effects of the foe’s healing or status- changing move.
289,heartgold-soulsilver,The user steals the effects of any healing or stat- changing move the foe attempts to use.
289,lets-go-pikachu-lets-go-eevee,The user steals the effects of any attempts to use a healing or stat-changing move.
289,omega-ruby-alpha-sapphire,The user steals the effects of any attempts to use a healing or stat-changing move.
289,platinum,The user steals the effects of any healing or stat- changing move the foe attempts to use.
289,ruby-sapphire,Steals the effects of the move the foe uses next.
289,sun-moon,The user steals the effects of any attempts to use a healing or stat-changing move.
289,sword-shield,"This move can’t be used. It’s recommended that this move is forgotten. Once forgotten, this move can’t be remembered."
289,ultra-sun-ultra-moon,The user steals the effects of any attempts to use a healing or stat-changing move.
289,x-y,The user steals the effects of any attempts to use a healing or stat-changing move.
290,black-2-white-2,The user attacks the target with a secret power. Its added effects vary depending on the user’s environment.
290,black-white,The user attacks the target with a secret power. Its added effects vary depending on the user’s environment.
290,diamond-pearl,The user attacks with a secret power. Its added effects vary depending on the user’s environment.
290,emerald,An attack with effects that vary by location.
290,firered-leafgreen,An attack that may have an additional effect that varies with the terrain.
290,heartgold-soulsilver,The user attacks with a secret power. Its added effects vary depending on the user’s environment.
290,lets-go-pikachu-lets-go-eevee,The additional effects of this attack depend upon where it was used.
290,omega-ruby-alpha-sapphire,An attack whose additional effects depend upon where it was used. Can also be used to make a Secret Base.
290,platinum,The user attacks with a secret power. Its added effects vary depending on the user’s environment.
290,ruby-sapphire,An attack with effects that vary by location.
290,sun-moon,The additional effects of this attack depend upon where it was used.
290,sword-shield,"This move can’t be used. It’s recommended that this move is forgotten. Once forgotten, this move can’t be remembered."
290,ultra-sun-ultra-moon,The additional effects of this attack depend upon where it was used.
290,x-y,The user attacks the target with a secret power. Its additional effects vary depending on the user’s environment.
291,black-2-white-2,"Diving on the first turn, the user floats up and attacks on the second turn. It can be used to dive deep in the ocean."
291,black-white,"Diving on the first turn, the user floats up and attacks on the second turn. It can be used to dive deep in the ocean."
291,diamond-pearl,"A two-turn attack. The user dives underwater on the first turn, then hits on the next turn."
291,emerald,Dives underwater the first turn and strikes next turn.
291,firered-leafgreen,The user dives underwater on the first turn and strikes next turn.
291,heartgold-soulsilver,"A two-turn attack. The user dives underwater on the first turn, then hits on the next turn."
291,lets-go-pikachu-lets-go-eevee,"Diving on the first turn, the user floats up and attacks on the next turn."
291,omega-ruby-alpha-sapphire,"Diving on the first turn, the user floats up and attacks on the next turn. It can be used to dive deep in the ocean."
291,platinum,"A two-turn attack. The user dives underwater on the first turn, then hits on the next turn."
291,ruby-sapphire,Dives underwater the first turn and strikes next turn.
291,sun-moon,"Diving on the first turn, the user floats up and attacks on the next turn."
291,sword-shield,"Diving on the first turn, the user floats up and attacks on the next turn."
291,ultra-sun-ultra-moon,"Diving on the first turn, the user floats up and attacks on the next turn."
291,x-y,"Diving on the first turn, the user floats up and attacks on the next turn."
292,black-2-white-2,The user looses a flurry of open-palmed arm thrusts that hit two to five times in a row.
292,black-white,The user looses a flurry of open-palmed arm thrusts that hit two to five times in a row.
292,diamond-pearl,The user looses a flurry of open-palmed arm thrusts that hit two to five times in a row.
292,emerald,Straight-arm punches that strike the foe 2 to 5 times.
292,firered-leafgreen,A quick flurry of straight-arm punches that hit two to five times.
292,heartgold-soulsilver,The user looses a flurry of open-palmed arm thrusts that hit two to five times in a row.
292,lets-go-pikachu-lets-go-eevee,The user lets loose a flurry of open-palmed arm thrusts that hit two to five times in a row.
292,omega-ruby-alpha-sapphire,The user lets loose a flurry of open-palmed arm thrusts that hit two to five times in a row.
292,platinum,The user looses a flurry of open-palmed arm thrusts that hit two to five times in a row.
292,ruby-sapphire,Straight-arm punches that strike the foe 2 to 5 times.
292,sun-moon,The user lets loose a flurry of open-palmed arm thrusts that hit two to five times in a row.
292,sword-shield,The user lets loose a flurry of open-palmed arm thrusts that hit two to five times in a row.
292,ultra-sun-ultra-moon,The user lets loose a flurry of open-palmed arm thrusts that hit two to five times in a row.
292,x-y,The user lets loose a flurry of open-palmed arm thrusts that hit two to five times in a row.
293,black-2-white-2,"The user’s type is changed depending on its environment, such as at water’s edge, in grass, or in a cave."
293,black-white,"The user’s type is changed depending on its environment, such as at water’s edge, in grass, or in a cave."
293,diamond-pearl,"The user’s type is changed depending on its environment, such as at water’s edge, in grass, or in a cave."
293,emerald,Alters the POKéMON’s type depending on the location.
293,firered-leafgreen,Alters the user’s type depending on the location’s terrain.
293,heartgold-soulsilver,"The user’s type is changed depending on its environment, such as at water’s edge, in grass, or in a cave."
293,lets-go-pikachu-lets-go-eevee,"The user’s type is changed depending on its environment, such as at water’s edge, in grass, or in a cave."
293,omega-ruby-alpha-sapphire,"The user’s type is changed depending on its environment, such as at water’s edge, in grass, or in a cave."
293,platinum,"The user’s type is changed depending on its environment, such as at water’s edge, in grass, or in a cave."
293,ruby-sapphire,Alters the POKéMON’s type depending on the location.
293,sun-moon,"The user’s type is changed depending on its environment, such as at water’s edge, in grass, or in a cave."
293,sword-shield,"This move can’t be used. It’s recommended that this move is forgotten. Once forgotten, this move can’t be remembered."
293,ultra-sun-ultra-moon,"The user’s type is changed depending on its environment, such as at water’s edge, in grass, or in a cave."
293,x-y,"The user’s type is changed depending on its environment, such as at water’s edge, in grass, or in a cave."
294,black-2-white-2,"The user stares at flashing lights to focus its mind, drastically raising its Sp. Atk stat."
294,black-white,"The user stares at flashing lights to focus its mind, drastically raising its Sp. Atk stat."
294,diamond-pearl,"The user stares at flashing lights to focus its mind, sharply raising its Sp. Atk stat."
294,emerald,Flashes a light that sharply raises SP. ATK.
294,firered-leafgreen,The user flashes a light that sharply raises its SP. ATK stat.
294,heartgold-soulsilver,"The user stares at flashing lights to focus its mind, sharply raising its Sp. Atk stat."
294,lets-go-pikachu-lets-go-eevee,"The user stares at flashing lights to focus its mind, drastically raising its Sp. Atk stat."
294,omega-ruby-alpha-sapphire,"The user stares at flashing lights to focus its mind, drastically raising its Sp. Atk stat."
294,platinum,"The user stares at flashing lights to focus its mind, sharply raising its Sp. Atk stat."
294,ruby-sapphire,Flashes a light that sharply raises SP. ATK.
294,sun-moon,"The user stares at flashing lights to focus its mind, drastically raising its Sp. Atk stat."
294,sword-shield,"This move can’t be used. It’s recommended that this move is forgotten. Once forgotten, this move can’t be remembered."
294,ultra-sun-ultra-moon,"The user stares at flashing lights to focus its mind, drastically raising its Sp. Atk stat."
294,x-y,"The user stares at flashing lights to focus its mind, drastically raising its Sp. Atk stat."
295,black-2-white-2,The user lets loose a damaging burst of light. It may also reduce the target’s Sp. Def stat.
295,black-white,The user lets loose a damaging burst of light. It may also reduce the target’s Sp. Def stat.
295,diamond-pearl,The user looses a damaging burst of light. It may also reduce the target’s Sp. Def stat.
295,emerald,Attacks with a burst of light. May lower SP. DEF.
295,firered-leafgreen,A burst of light injures the foe. It may also lower the foe’s SP. DEF.
295,heartgold-soulsilver,The user looses a damaging burst of light. It may also reduce the target’s Sp. Def stat.
295,lets-go-pikachu-lets-go-eevee,The user lets loose a damaging burst of light. This may also lower the target’s Sp. Def stat.
295,omega-ruby-alpha-sapphire,The user lets loose a damaging burst of light. This may also lower the target’s Sp. Def stat.
295,platinum,The user looses a damaging burst of light. It may also reduce the target’s Sp. Def stat.
295,ruby-sapphire,Attacks with a burst of light. May lower SP. DEF.
295,sun-moon,The user lets loose a damaging burst of light. This may also lower the target’s Sp. Def stat.
295,sword-shield,The user lets loose a damaging burst of light. This may also lower the target’s Sp. Def stat.
295,ultra-sun-ultra-moon,The user lets loose a damaging burst of light. This may also lower the target’s Sp. Def stat.
295,x-y,The user lets loose a damaging burst of light. This may also lower the target’s Sp. Def stat.
296,black-2-white-2,A mistlike flurry of down envelops and damages the target. It may also lower the target’s Sp. Atk.
296,black-white,A mistlike flurry of down envelops and damages the target. It may also lower the target’s Sp. Atk.
296,diamond-pearl,A mistlike flurry of down envelops and damages the foe. It may also lower the target’s Sp. Atk.
296,emerald,Attacks with a flurry of down. May lower SP. ATK.
296,firered-leafgreen,A flurry of down hits the foe. It may also lower the foe’s SP. ATK.
296,heartgold-soulsilver,A mistlike flurry of down envelops and damages the foe. It may also lower the target’s Sp. Atk.
296,lets-go-pikachu-lets-go-eevee,A mist-like flurry of down envelops and damages the target. This may also lower the target’s Sp. Atk stat.
296,omega-ruby-alpha-sapphire,A mist-like flurry of down envelops and damages the target. This may also lower the target’s Sp. Atk stat.
296,platinum,A mistlike flurry of down envelops and damages the foe. It may also lower the target’s Sp. Atk.
296,ruby-sapphire,Attacks with a flurry of down. May lower SP. ATK.
296,sun-moon,A mist-like flurry of down envelops and damages the target. This may also lower the target’s Sp. Atk stat.
296,sword-shield,A mist-like flurry of down envelops and damages the target. This may also lower the target’s Sp. Atk stat.
296,ultra-sun-ultra-moon,A mist-like flurry of down envelops and damages the target. This may also lower the target’s Sp. Atk stat.
296,x-y,A mist-like flurry of down envelops and damages the target. This may also lower the target’s Sp. Atk stat.
297,black-2-white-2,The user covers the target’s body with a mass of down that harshly lowers its Attack stat.
297,black-white,The user covers the target’s body with a mass of down that harshly lowers its Attack stat.
297,diamond-pearl,The user covers the foe with a mass of down that sharply lowers the Attack stat.
297,emerald,Envelops the foe with down to sharply reduce ATTACK.
297,firered-leafgreen,The foe is covered with a mass of down that sharply cuts the ATTACK stat.
297,heartgold-soulsilver,The user covers the foe with a mass of down that sharply lowers the Attack stat.
297,lets-go-pikachu-lets-go-eevee,The user covers the target’s body with a mass of down that harshly lowers its Attack stat.
297,omega-ruby-alpha-sapphire,The user covers the target’s body with a mass of down that harshly lowers its Attack stat.
297,platinum,The user covers the foe with a mass of down that sharply lowers the Attack stat.
297,ruby-sapphire,Envelops the foe with down to sharply reduce ATTACK.
297,sun-moon,The user covers the target’s body with a mass of down that harshly lowers its Attack stat.
297,sword-shield,The user covers the target’s body with a mass of down that harshly lowers its Attack stat.
297,ultra-sun-ultra-moon,The user covers the target’s body with a mass of down that harshly lowers its Attack stat.
297,x-y,The user covers the target’s body with a mass of down that harshly lowers its Attack stat.
298,black-2-white-2,The user performs a wobbly dance that confuses the Pokémon around it.
298,black-white,The user performs a wobbly dance that confuses the Pokémon around it.
298,diamond-pearl,The user performs a wobbly dance that confuses all the Pokémon in battle.
298,emerald,Confuses all POKéMON on the scene.
298,firered-leafgreen,A wobbly dance that confuses all the POKéMON in battle.
298,heartgold-soulsilver,The user performs a wobbly dance that confuses all the Pokémon in battle.
298,lets-go-pikachu-lets-go-eevee,The user performs a wobbly dance that confuses the Pokémon around it.
298,omega-ruby-alpha-sapphire,The user performs a wobbly dance that confuses the Pokémon around it.
298,platinum,The user performs a wobbly dance that confuses all the Pokémon in battle.
298,ruby-sapphire,Confuses all POKéMON on the scene.
298,sun-moon,The user performs a wobbly dance that confuses the Pokémon around it.
298,sword-shield,The user performs a wobbly dance that confuses the Pokémon around it.
298,ultra-sun-ultra-moon,The user performs a wobbly dance that confuses the Pokémon around it.
298,x-y,The user performs a wobbly dance that confuses the Pokémon around it.
299,black-2-white-2,The user launches a kick that lands a critical hit more easily. It may also leave the target with a burn.
299,black-white,The user launches a kick that lands a critical hit more easily. It may also leave the target with a burn.
299,diamond-pearl,The user launches a kick with a high critical-hit ratio. It may also leave the target with a burn.
299,emerald,A kick with a high critical- hit ratio. May cause a burn.
299,firered-leafgreen,A fiery kick with a high critical-hit ratio. It may also burn the foe.
299,heartgold-soulsilver,The user launches a kick with a high critical-hit ratio. It may also leave the target with a burn.
299,lets-go-pikachu-lets-go-eevee,The user launches a kick that lands a critical hit more easily. This may also leave the target with a burn.
299,omega-ruby-alpha-sapphire,The user launches a kick that lands a critical hit more easily. This may also leave the target with a burn.
299,platinum,The user launches a kick with a high critical-hit ratio. It may also leave the target with a burn.
299,ruby-sapphire,A kick with a high critical- hit ratio. May cause a burn.
299,sun-moon,The user launches a kick that lands a critical hit more easily. This may also leave the target with a burn.
299,sword-shield,The user launches a kick that lands a critical hit more easily. This may also leave the target with a burn.
299,ultra-sun-ultra-moon,The user launches a kick that lands a critical hit more easily. This may also leave the target with a burn.
299,x-y,The user launches a kick that lands a critical hit more easily. This may also leave the target with a burn.
300,black-2-white-2,The user covers itself with mud. It weakens Electric-type moves while the user is in the battle.
300,black-white,The user covers itself with mud. It weakens Electric-type moves while the user is in the battle.
300,diamond-pearl,The user covers itself with mud. It weakens Electric- type moves while the user is in the battle.
300,emerald,Covers the user in mud to raise electrical resistance.
300,firered-leafgreen,Weakens ELECTRIC- type attacks while the user is in the battle.
300,heartgold-soulsilver,The user covers itself with mud. It weakens Electric- type moves while the user is in the battle.
300,lets-go-pikachu-lets-go-eevee,The user kicks up mud on the battlefield. This weakens Electric-type moves for five turns.
300,omega-ruby-alpha-sapphire,The user covers itself with mud. This weakens Electric-type moves for five turns.
300,platinum,The user covers itself with mud. It weakens Electric- type moves while the user is in the battle.
300,ruby-sapphire,Covers the user in mud to raise electrical resistance.
300,sun-moon,The user kicks up mud on the battlefield. This weakens Electric-type moves for five turns.
300,sword-shield,"This move can’t be used. It’s recommended that this move is forgotten. Once forgotten, this move can’t be remembered."
300,ultra-sun-ultra-moon,The user kicks up mud on the battlefield. This weakens Electric-type moves for five turns.
300,x-y,The user covers itself with mud. This weakens Electric-type moves for five turns.
301,black-2-white-2,The user continually rolls into the target over five turns. It becomes stronger each time it hits.
301,black-white,The user continually rolls into the target over five turns. It becomes stronger each time it hits.
301,diamond-pearl,The user continually rolls into the foe over five turns. It becomes stronger each time it hits.
301,emerald,A 5-turn attack that gains power on successive hits.
301,firered-leafgreen,A 5-turn rolling attack that becomes stronger each time it rolls.
301,heartgold-soulsilver,The user continually rolls into the foe over five turns. It becomes stronger each time it hits.
301,lets-go-pikachu-lets-go-eevee,The user attacks the target for five turns. The move’s power increases each time it hits.
301,omega-ruby-alpha-sapphire,The user continually rolls into the target over five turns. It becomes stronger each time it hits.
301,platinum,The user continually rolls into the foe over five turns. It becomes stronger each time it hits.
301,ruby-sapphire,A 5-turn attack that gains power on successive hits.
301,sun-moon,The user attacks the target for five turns. The move’s power increases each time it hits.
301,sword-shield,"This move can’t be used. It’s recommended that this move is forgotten. Once forgotten, this move can’t be remembered."
301,ultra-sun-ultra-moon,The user attacks the target for five turns. The move’s power increases each time it hits.
301,x-y,The user continually rolls into the target over five turns. It becomes stronger each time it hits.
302,black-2-white-2,The user attacks by wildly swinging its thorny arms. It may also make the target flinch.
302,black-white,The user attacks by wildly swinging its thorny arms. It may also make the target flinch.
302,diamond-pearl,The user attacks by wildly swinging its thorny arms. It may also make the target flinch.
302,emerald,Attacks with thorny arms. May cause flinching.
302,firered-leafgreen,An attack using thorny arms. It may make the foe flinch.
302,heartgold-soulsilver,The user attacks by wildly swinging its thorny arms. It may also make the target flinch.
302,lets-go-pikachu-lets-go-eevee,The user attacks by wildly swinging its thorny arms. This may also make the target flinch.
302,omega-ruby-alpha-sapphire,The user attacks by wildly swinging its thorny arms. This may also make the target flinch.
302,platinum,The user attacks by wildly swinging its thorny arms. It may also make the target flinch.
302,ruby-sapphire,Attacks with thorny arms. May cause flinching.
302,sun-moon,The user attacks by wildly swinging its thorny arms. This may also make the target flinch.
302,sword-shield,"This move can’t be used. It’s recommended that this move is forgotten. Once forgotten, this move can’t be remembered."
302,ultra-sun-ultra-moon,The user attacks by wildly swinging its thorny arms. This may also make the target flinch.
302,x-y,The user attacks by wildly swinging its thorny arms. This may also make the target flinch.
303,black-2-white-2,"The user slacks off, restoring its own HP by up to half of its maximum HP."
303,black-white,"The user slacks off, restoring its own HP by up to half of its maximum HP."
303,diamond-pearl,"The user slacks off, restoring its own HP by up to half of its maximum HP."
303,emerald,Slacks off and restores half the maximum HP.
303,firered-leafgreen,The user slacks off and restores its HP by half its full HP.
303,heartgold-soulsilver,"The user slacks off, restoring its own HP by up to half of its maximum HP."
303,lets-go-pikachu-lets-go-eevee,"The user slacks off, restoring its own HP by up to half of its max HP."
303,omega-ruby-alpha-sapphire,"The user slacks off, restoring its own HP by up to half of its max HP."
303,platinum,"The user slacks off, restoring its own HP by up to half of its maximum HP."
303,ruby-sapphire,Slacks off and restores half the maximum HP.
303,sun-moon,"The user slacks off, restoring its own HP by up to half of its max HP."
303,sword-shield,"The user slacks off, restoring its own HP by up to half of its max HP."
303,ultra-sun-ultra-moon,"The user slacks off, restoring its own HP by up to half of its max HP."
303,x-y,"The user slacks off, restoring its own HP by up to half of its max HP."
304,black-2-white-2,The user lets loose a horribly echoing shout with the power to inflict damage.
304,black-white,The user lets loose a horribly echoing shout with the power to inflict damage.
304,diamond-pearl,The user lets loose a horribly echoing shout with the power to inflict damage.
304,emerald,A loud attack that uses sound waves to injure.
304,firered-leafgreen,The user lets loose a horribly loud shout with the power to damage.
304,heartgold-soulsilver,The user lets loose a horribly echoing shout with the power to inflict damage.
304,lets-go-pikachu-lets-go-eevee,The user lets loose a horribly echoing shout with the power to inflict damage.
304,omega-ruby-alpha-sapphire,The user lets loose a horribly echoing shout with the power to inflict damage.
304,platinum,The user lets loose a horribly echoing shout with the power to inflict damage.
304,ruby-sapphire,A loud attack that uses sound waves to injure.
304,sun-moon,The user lets loose a horribly echoing shout with the power to inflict damage.
304,sword-shield,The user lets loose a horribly echoing shout with the power to inflict damage.
304,ultra-sun-ultra-moon,The user lets loose a horribly echoing shout with the power to inflict damage.
304,x-y,The user lets loose a horribly echoing shout with the power to inflict damage.
305,black-2-white-2,The user bites the target with toxic fangs. It may also leave the target badly poisoned.
305,black-white,The user bites the target with toxic fangs. It may also leave the target badly poisoned.
305,diamond-pearl,The user bites the foe with toxic fangs. It may also leave the foe badly poisoned.
305,emerald,A sharp-fanged attack. May badly poison the foe.
305,firered-leafgreen,The foe is bitten with toxic fangs. It may also badly poison the foe.
305,heartgold-soulsilver,The user bites the foe with toxic fangs. It may also leave the foe badly poisoned.
305,lets-go-pikachu-lets-go-eevee,The user bites the target with toxic fangs. This may also leave the target badly poisoned.
305,omega-ruby-alpha-sapphire,The user bites the target with toxic fangs. This may also leave the target badly poisoned.
305,platinum,The user bites the foe with toxic fangs. It may also leave the foe badly poisoned.
305,ruby-sapphire,A sharp-fanged attack. May badly poison the foe.
305,sun-moon,The user bites the target with toxic fangs. This may also leave the target badly poisoned.
305,sword-shield,The user bites the target with toxic fangs. This may also leave the target badly poisoned.
305,ultra-sun-ultra-moon,The user bites the target with toxic fangs. This may also leave the target badly poisoned.
305,x-y,The user bites the target with toxic fangs. This may also leave the target badly poisoned.
306,black-2-white-2,The user slashes the target with hard and sharp claws. It may also lower the target’s Defense.
306,black-white,The user slashes the target with hard and sharp claws. It may also lower the target’s Defense.
306,diamond-pearl,The user slashes the foe with hard and sharp claws. It may also lower the target’s Defense.
306,emerald,Tears at the foe with sharp claws. May lower DEFENSE.
306,firered-leafgreen,The foe is attacked with sharp claws. It may also lower the foe’s DEFENSE.
306,heartgold-soulsilver,The user slashes the foe with hard and sharp claws. It may also lower the target’s Defense.
306,lets-go-pikachu-lets-go-eevee,The user slashes the target with hard and sharp claws. This may also lower the target’s Defense stat.
306,omega-ruby-alpha-sapphire,The user slashes the target with hard and sharp claws. This may also lower the target’s Defense stat.
306,platinum,The user slashes the foe with hard and sharp claws. It may also lower the target’s Defense.
306,ruby-sapphire,Tears at the foe with sharp claws. May lower DEFENSE.
306,sun-moon,The user slashes the target with hard and sharp claws. This may also lower the target’s Defense stat.
306,sword-shield,The user slashes the target with hard and sharp claws. This may also lower the target’s Defense stat.
306,ultra-sun-ultra-moon,The user slashes the target with hard and sharp claws. This may also lower the target’s Defense stat.
306,x-y,The user slashes the target with hard and sharp claws. This may also lower the target’s Defense stat.
307,black-2-white-2,"The target is razed by a fiery explosion. The user must rest on the next turn, however."
307,black-white,"The target is razed by a fiery explosion. The user must rest on the next turn, however."
307,diamond-pearl,"The foe is razed by a fiery explosion. The user must rest on the next turn, however."
307,emerald,"Powerful, but leaves the user immobile the next turn."
307,firered-leafgreen,The foe is hit with a huge explosion. The user can’t move on the next turn.
307,heartgold-soulsilver,"The foe is razed by a fiery explosion. The user must rest on the next turn, however."
307,lets-go-pikachu-lets-go-eevee,The target is razed by a fiery explosion. The user can’t move on the next turn.
307,omega-ruby-alpha-sapphire,The target is razed by a fiery explosion. The user can’t move on the next turn.
307,platinum,"The foe is razed by a fiery explosion. The user must rest on the next turn, however."
307,ruby-sapphire,"Powerful, but leaves the user immobile the next turn."
307,sun-moon,The target is razed by a fiery explosion. The user can’t move on the next turn.
307,sword-shield,The target is razed by a fiery explosion. The user can’t move on the next turn.
307,ultra-sun-ultra-moon,The target is razed by a fiery explosion. The user can’t move on the next turn.
307,x-y,The target is razed by a fiery explosion. The user can’t move on the next turn.
308,black-2-white-2,"The target is hit with a watery blast. The user must rest on the next turn, however."
308,black-white,"The target is hit with a watery blast. The user must rest on the next turn, however."
308,diamond-pearl,"The foe is hit with a watery blast. The user must rest on the next turn, however."
308,emerald,"Powerful, but leaves the user immobile the next turn."
308,firered-leafgreen,The foe is hit with a watery cannon. The user can’t move on the next turn.
308,heartgold-soulsilver,"The foe is hit with a watery blast. The user must rest on the next turn, however."
308,lets-go-pikachu-lets-go-eevee,The target is hit with a watery blast. The user can’t move on the next turn.
308,omega-ruby-alpha-sapphire,The target is hit with a watery blast. The user can’t move on the next turn.
308,platinum,"The foe is hit with a watery blast. The user must rest on the next turn, however."
308,ruby-sapphire,"Powerful, but leaves the user immobile the next turn."
308,sun-moon,The target is hit with a watery blast. The user can’t move on the next turn.
308,sword-shield,The target is hit with a watery blast. The user can’t move on the next turn.
308,ultra-sun-ultra-moon,The target is hit with a watery blast. The user can’t move on the next turn.
308,x-y,The target is hit with a watery blast. The user can’t move on the next turn.
309,black-2-white-2,The target is hit with a hard punch fired like a meteor. It may also raise the user’s Attack.
309,black-white,The target is hit with a hard punch fired like a meteor. It may also raise the user’s Attack.
309,diamond-pearl,The foe is hit with a hard punch fired like a meteor. It may also raise the user’s Attack.
309,emerald,Fires a meteor-like punch. May raise ATTACK.
309,firered-leafgreen,"The foe is hit with a hard, fast punch. It may also raise the user’s ATTACK."
309,heartgold-soulsilver,The foe is hit with a hard punch fired like a meteor. It may also raise the user’s Attack.
309,lets-go-pikachu-lets-go-eevee,The target is hit with a hard punch fired like a meteor. This may also raise the user’s Attack stat.
309,omega-ruby-alpha-sapphire,The target is hit with a hard punch fired like a meteor. This may also raise the user’s Attack stat.
309,platinum,The foe is hit with a hard punch fired like a meteor. It may also raise the user’s Attack.
309,ruby-sapphire,Fires a meteor-like punch. May raise ATTACK.
309,sun-moon,The target is hit with a hard punch fired like a meteor. This may also raise the user’s Attack stat.
309,sword-shield,The target is hit with a hard punch fired like a meteor. This may also raise the user’s Attack stat.
309,ultra-sun-ultra-moon,The target is hit with a hard punch fired like a meteor. This may also raise the user’s Attack stat.
309,x-y,The target is hit with a hard punch fired like a meteor. This may also raise the user’s Attack stat.
310,black-2-white-2,The user attacks the target while shouting in a startling fashion. It may also make the target flinch.
310,black-white,The user attacks the target while shouting in a startling fashion. It may also make the target flinch.
310,diamond-pearl,The user attacks the foe while shouting in a startling fashion. It may also make the target flinch.
310,emerald,An attack that may shock the foe into flinching.
310,firered-leafgreen,An attack using a startling shout. It also may make the foe flinch.
310,heartgold-soulsilver,The user attacks the foe while shouting in a startling fashion. It may also make the target flinch.
310,lets-go-pikachu-lets-go-eevee,The user attacks the target while shouting in a startling fashion. This may also make the target flinch.
310,omega-ruby-alpha-sapphire,The user attacks the target while shouting in a startling fashion. This may also make the target flinch.
310,platinum,The user attacks the foe while shouting in a startling fashion. It may also make the target flinch.
310,ruby-sapphire,An attack that may shock the foe into flinching.
310,sun-moon,The user attacks the target while shouting in a startling fashion. This may also make the target flinch.
310,sword-shield,The user attacks the target while shouting in a startling fashion. This may also make the target flinch.
310,ultra-sun-ultra-moon,The user attacks the target while shouting in a startling fashion. This may also make the target flinch.
310,x-y,The user attacks the target while shouting in a startling fashion. This may also make the target flinch.
311,black-2-white-2,An attack move that varies in power and type depending on the weather.
311,black-white,An attack move that varies in power and type depending on the weather.
311,diamond-pearl,An attack move that varies in power and type depending on the weather.
311,emerald,The move’s type and power change with the weather.
311,firered-leafgreen,An attack that varies in power and type depending on the weather.
311,heartgold-soulsilver,An attack move that varies in power and type depending on the weather.
311,lets-go-pikachu-lets-go-eevee,This attack move varies in power and type depending on the weather.
311,omega-ruby-alpha-sapphire,An attack move that varies in power and type depending on the weather.
311,platinum,An attack move that varies in power and type depending on the weather.
311,ruby-sapphire,The move’s type and power change with the weather.
311,sun-moon,This attack move varies in power and type depending on the weather.
311,sword-shield,This attack move varies in power and type depending on the weather.
311,ultra-sun-ultra-moon,This attack move varies in power and type depending on the weather.
311,x-y,An attack move that varies in power and type depending on the weather.
312,black-2-white-2,The user releases a soothing scent that heals all status problems affecting the user’s party.
312,black-white,The user releases a soothing scent that heals all status problems affecting the user’s party.
312,diamond-pearl,The user releases a soothing scent that heals all status problems affecting the user’s party.
312,emerald,Heals all status problems with a soothing scent.
312,firered-leafgreen,A soothing scent is released to heal all status problems in the user’s party.
312,heartgold-soulsilver,The user releases a soothing scent that heals all status problems affecting the user’s party.
312,lets-go-pikachu-lets-go-eevee,The user releases a soothing scent that heals all status conditions affecting the user’s party.
312,omega-ruby-alpha-sapphire,The user releases a soothing scent that heals all status conditions affecting the user’s party.
312,platinum,The user releases a soothing scent that heals all status problems affecting the user’s party.
312,ruby-sapphire,Heals all status problems with a soothing scent.
312,sun-moon,The user releases a soothing scent that heals all status conditions affecting the user’s party.
312,sword-shield,The user releases a soothing scent that heals all status conditions affecting the user’s party.
312,ultra-sun-ultra-moon,The user releases a soothing scent that heals all status conditions affecting the user’s party.
312,x-y,The user releases a soothing scent that heals all status conditions affecting the user’s party.
313,black-2-white-2,"The user feigns crying to fluster the target, harshly lowering its Sp. Def stat."
313,black-white,"The user feigns crying to fluster the target, harshly lowering its Sp. Def stat."
313,diamond-pearl,"The user feigns crying to make the foe feel flustered, sharply lowering its Sp. Def stat."
313,emerald,Feigns crying to sharply lower the foe’s SP. DEF.
313,firered-leafgreen,The user feigns crying to sharply lower the foe’s SP. DEF stat.
313,heartgold-soulsilver,"The user feigns crying to make the foe feel flustered, sharply lowering its Sp. Def stat."
313,lets-go-pikachu-lets-go-eevee,"The user feigns crying to fluster the target, harshly lowering its Sp. Def stat."
313,omega-ruby-alpha-sapphire,"The user feigns crying to fluster the target, harshly lowering its Sp. Def stat."
313,platinum,"The user feigns crying to make the foe feel flustered, sharply lowering its Sp. Def stat."
313,ruby-sapphire,Feigns crying to sharply lower the foe’s SP. DEF.
313,sun-moon,"The user feigns crying to fluster the target, harshly lowering its Sp. Def stat."
313,sword-shield,"The user feigns crying to fluster the target, harshly lowering its Sp. Def stat."
313,ultra-sun-ultra-moon,"The user feigns crying to fluster the target, harshly lowering its Sp. Def stat."
313,x-y,"The user feigns crying to fluster the target, harshly lowering its Sp. Def stat."
314,black-2-white-2,The user launches razor-like wind to slash the opposing team. Critical hits land more easily.
314,black-white,The user launches razor-like wind to slash the opposing team. Critical hits land more easily.
314,diamond-pearl,The user launches razorlike wind to slash the foe. It has a high critical-hit ratio.
314,emerald,Hacks with razorlike wind. High critical-hit ratio.
314,firered-leafgreen,The foe is hit with razor-like wind. It has a high critical-hit ratio.
314,heartgold-soulsilver,The user launches razorlike wind to slash the foe. It has a high critical-hit ratio.
314,lets-go-pikachu-lets-go-eevee,The user launches razor-like wind to slash the opposing Pokémon. Critical hits land more easily.
314,omega-ruby-alpha-sapphire,The user launches razor-like wind to slash the opposing Pokémon. Critical hits land more easily.
314,platinum,The user launches razorlike wind to slash the foe. It has a high critical-hit ratio.
314,ruby-sapphire,Hacks with razorlike wind. High critical-hit ratio.
314,sun-moon,The user launches razor-like wind to slash the opposing Pokémon. Critical hits land more easily.
314,sword-shield,The user launches razor-like wind to slash opposing Pokémon. Critical hits land more easily.
314,ultra-sun-ultra-moon,The user launches razor-like wind to slash the opposing Pokémon. Critical hits land more easily.
314,x-y,The user launches razor-like wind to slash the opposing Pokémon. Critical hits land more easily.
315,black-2-white-2,The user attacks the target at full power. The attack’s recoil harshly reduces the user’s Sp. Atk stat.
315,black-white,The user attacks the target at full power. The attack’s recoil harshly reduces the user’s Sp. Atk stat.
315,diamond-pearl,The user attacks the foe at full power. The attack’s recoil sharply reduces the user’s Sp. Atk stat.
315,emerald,"Allows a full-power attack, but sharply lowers SP. ATK."
315,firered-leafgreen,An intense attack that also sharply reduces the user’s SP. ATK stat.
315,heartgold-soulsilver,The user attacks the foe at full power. The attack’s recoil sharply reduces the user’s Sp. Atk stat.
315,lets-go-pikachu-lets-go-eevee,The user attacks the target at full power. The attack’s recoil harshly lowers the user’s Sp. Atk stat.
315,omega-ruby-alpha-sapphire,The user attacks the target at full power. The attack’s recoil harshly lowers the user’s Sp. Atk stat.
315,platinum,The user attacks the foe at full power. The attack’s recoil sharply reduces the user’s Sp. Atk stat.
315,ruby-sapphire,"Allows a full-power attack, but sharply lowers SP. ATK."
315,sun-moon,The user attacks the target at full power. The attack’s recoil harshly lowers the user’s Sp. Atk stat.
315,sword-shield,The user attacks the target at full power. The attack’s recoil harshly lowers the user’s Sp. Atk stat.
315,ultra-sun-ultra-moon,The user attacks the target at full power. The attack’s recoil harshly lowers the user’s Sp. Atk stat.
315,x-y,The user attacks the target at full power. The attack’s recoil harshly lowers the user’s Sp. Atk stat.
316,black-2-white-2,Enables a Ghost-type target to be hit with Normal- and Fighting-type attacks. It also enables an evasive target to be hit.
316,black-white,Enables a Ghost-type target to be hit with Normal- and Fighting-type attacks. It also enables an evasive target to be hit.
316,diamond-pearl,Enables the user to hit a Ghost type with any type of move. It also enables the user to hit an evasive foe.
316,emerald,Negates the foe’s efforts to heighten evasiveness.
316,firered-leafgreen,Completely negates the foe’s efforts to heighten its ability to evade.
316,heartgold-soulsilver,Enables the user to hit a Ghost type with any type of move. It also enables the user to hit an evasive foe.
316,lets-go-pikachu-lets-go-eevee,Enables a Ghost-type target to be hit by Normal- and Fighting-type attacks. This also enables an evasive target to be hit.
316,omega-ruby-alpha-sapphire,Enables a Ghost-type target to be hit by Normal- and Fighting-type attacks. This also enables an evasive target to be hit.
316,platinum,Enables the user to hit a Ghost type with any type of move. It also enables the user to hit an evasive foe.
316,ruby-sapphire,Negates the foe’s efforts to heighten evasiveness.
316,sun-moon,Enables a Ghost-type target to be hit by Normal- and Fighting-type attacks. This also enables an evasive target to be hit.
316,sword-shield,"This move can’t be used. It’s recommended that this move is forgotten. Once forgotten, this move can’t be remembered."
316,ultra-sun-ultra-moon,Enables a Ghost-type target to be hit by Normal- and Fighting-type attacks. This also enables an evasive target to be hit.
316,x-y,Enables a Ghost-type target to be hit by Normal- and Fighting-type attacks. This also enables an evasive target to be hit.
317,black-2-white-2,Boulders are hurled at the target. It also lowers the target’s Speed by preventing its movement.
317,black-white,Boulders are hurled at the target. It also lowers the target’s Speed by preventing its movement.
317,diamond-pearl,Boulders are hurled at the foe. It also lowers the foe’s Speed by preventing its movement.
317,emerald,Stops the foe from moving with rocks and cuts SPEED.
317,firered-leafgreen,Boulders are hurled at the foe. It also lowers the foe’s SPEED if it hits.
317,heartgold-soulsilver,Boulders are hurled at the foe. It also lowers the foe’s Speed by preventing its movement.
317,lets-go-pikachu-lets-go-eevee,Boulders are hurled at the target. This also lowers the target’s Speed stat by preventing its movement.
317,omega-ruby-alpha-sapphire,Boulders are hurled at the target. This also lowers the target’s Speed stat by preventing its movement.
317,platinum,Boulders are hurled at the foe. It also lowers the foe’s Speed by preventing its movement.
317,ruby-sapphire,Stops the foe from moving with rocks and cuts SPEED.
317,sun-moon,Boulders are hurled at the target. This also lowers the target’s Speed stat by preventing its movement.
317,sword-shield,Boulders are hurled at the target. This also lowers the target’s Speed stat by preventing its movement.
317,ultra-sun-ultra-moon,Boulders are hurled at the target. This also lowers the target’s Speed stat by preventing its movement.
317,x-y,Boulders are hurled at the target. This also lowers the target’s Speed stat by preventing its movement.
318,black-2-white-2,The target is attacked with powdery scales blown by wind. It may also raise all the user’s stats.
318,black-white,The target is attacked with powdery scales blown by wind. It may also raise all the user’s stats.
318,diamond-pearl,The foe is attacked with powdery scales blown by wind. It may also raise all the user’s stats.
318,emerald,A powdery attack that may raise abilities.
318,firered-leafgreen,The foe is attacked with a silver dust. It may raise all the user’s stats.
318,heartgold-soulsilver,The foe is attacked with powdery scales blown by wind. It may also raise all the user’s stats.
318,lets-go-pikachu-lets-go-eevee,The target is attacked with powdery scales blown by the wind. This may also raise all the user’s stats.
318,omega-ruby-alpha-sapphire,The target is attacked with powdery scales blown by wind. This may also raise all the user’s stats.
318,platinum,The foe is attacked with powdery scales blown by wind. It may also raise all the user’s stats.
318,ruby-sapphire,A powdery attack that may raise abilities.
318,sun-moon,The target is attacked with powdery scales blown by the wind. This may also raise all the user’s stats.
318,sword-shield,"This move can’t be used. It’s recommended that this move is forgotten. Once forgotten, this move can’t be remembered."
318,ultra-sun-ultra-moon,The target is attacked with powdery scales blown by the wind. This may also raise all the user’s stats.
318,x-y,The target is attacked with powdery scales blown by wind. This may also raise all the user’s stats.
319,black-2-white-2,A horrible sound like scraping metal harshly reduces the target’s Sp. Def stat.
319,black-white,A horrible sound like scraping metal harshly reduces the target’s Sp. Def stat.
319,diamond-pearl,A horrible sound like scraping metal is emitted to sharply reduce the foe’s Sp. Def stat.
319,emerald,Emits a horrible screech that sharply lowers SP. DEF.
319,firered-leafgreen,A horrible metallic screech is used to sharply lower the foe’s SP. DEF.
319,heartgold-soulsilver,A horrible sound like scraping metal is emitted to sharply reduce the foe’s Sp. Def stat.
319,lets-go-pikachu-lets-go-eevee,A horrible sound like scraping metal harshly lowers the target’s Sp. Def stat.
319,omega-ruby-alpha-sapphire,A horrible sound like scraping metal harshly lowers the target’s Sp. Def stat.
319,platinum,A horrible sound like scraping metal is emitted to sharply reduce the foe’s Sp. Def stat.
319,ruby-sapphire,Emits a horrible screech that sharply lowers SP. DEF.
319,sun-moon,A horrible sound like scraping metal harshly lowers the target’s Sp. Def stat.
319,sword-shield,A horrible sound like scraping metal harshly lowers the target’s Sp. Def stat.
319,ultra-sun-ultra-moon,A horrible sound like scraping metal harshly lowers the target’s Sp. Def stat.
319,x-y,A horrible sound like scraping metal harshly lowers the target’s Sp. Def stat.
320,black-2-white-2,The user plays a pleasant melody that lulls the target into a deep sleep.
320,black-white,The user plays a pleasant melody that lulls the target into a deep sleep.
320,diamond-pearl,The user plays a pleasant melody that lulls the foe into a deep sleep.
320,emerald,Lulls the foe into sleep with a pleasant melody.
320,firered-leafgreen,A pleasant melody is played to lull the foe into a deep sleep.
320,heartgold-soulsilver,The user plays a pleasant melody that lulls the foe into a deep sleep.
320,lets-go-pikachu-lets-go-eevee,The user plays a pleasant melody that lulls the target into a deep sleep.
320,omega-ruby-alpha-sapphire,The user plays a pleasant melody that lulls the target into a deep sleep.
320,platinum,The user plays a pleasant melody that lulls the foe into a deep sleep.
320,ruby-sapphire,Lulls the foe into sleep with a pleasant melody.
320,sun-moon,The user plays a pleasant melody that lulls the target into a deep sleep.
320,sword-shield,"This move can’t be used. It’s recommended that this move is forgotten. Once forgotten, this move can’t be remembered."
320,ultra-sun-ultra-moon,The user plays a pleasant melody that lulls the target into a deep sleep.
320,x-y,The user plays a pleasant melody that lulls the target into a deep sleep.
321,black-2-white-2,"The user tickles the target into laughing, reducing its Attack and Defense stats."
321,black-white,"The user tickles the target into laughing, reducing its Attack and Defense stats."
321,diamond-pearl,"The user tickles the foe into laughing, reducing its Attack and Defense stats."
321,emerald,Makes the foe laugh to lower ATTACK and DEFENSE.
321,firered-leafgreen,"The foe is made to laugh, reducing its ATTACK and DEFENSE stats."
321,heartgold-soulsilver,"The user tickles the foe into laughing, reducing its Attack and Defense stats."
321,lets-go-pikachu-lets-go-eevee,"The user tickles the target into laughing, reducing its Attack and Defense stats."
321,omega-ruby-alpha-sapphire,"The user tickles the target into laughing, reducing its Attack and Defense stats."
321,platinum,"The user tickles the foe into laughing, reducing its Attack and Defense stats."
321,ruby-sapphire,Makes the foe laugh to lower ATTACK and DEFENSE.
321,sun-moon,"The user tickles the target into laughing, reducing its Attack and Defense stats."
321,sword-shield,"The user tickles the target into laughing, reducing its Attack and Defense stats."
321,ultra-sun-ultra-moon,"The user tickles the target into laughing, reducing its Attack and Defense stats."
321,x-y,"The user tickles the target into laughing, reducing its Attack and Defense stats."
322,black-2-white-2,The user absorbs a mystical power from space to raise its Defense and Sp. Def stats.
322,black-white,The user absorbs a mystical power from space to raise its Defense and Sp. Def stats.
322,diamond-pearl,The user absorbs a mystical power from space to raise its Defense and Sp. Def stats.
322,emerald,Raises DEFENSE and SP. DEF with a mystic power.
322,firered-leafgreen,The user absorbs a mystic power to raise its DEFENSE and SP. DEF.
322,heartgold-soulsilver,The user absorbs a mystical power from space to raise its Defense and Sp. Def stats.
322,lets-go-pikachu-lets-go-eevee,The user absorbs a mystical power from space to raise its Defense and Sp. Def stats.
322,omega-ruby-alpha-sapphire,The user absorbs a mystical power from space to raise its Defense and Sp. Def stats.
322,platinum,The user absorbs a mystical power from space to raise its Defense and Sp. Def stats.
322,ruby-sapphire,Raises DEFENSE and SP. DEF with a mystic power.
322,sun-moon,The user absorbs a mystical power from space to raise its Defense and Sp. Def stats.
322,sword-shield,The user absorbs a mystical power from space to raise its Defense and Sp. Def stats.
322,ultra-sun-ultra-moon,The user absorbs a mystical power from space to raise its Defense and Sp. Def stats.
322,x-y,The user absorbs a mystical power from space to raise its Defense and Sp. Def stats.
323,black-2-white-2,"The user spouts water to damage the opposing team. The lower the user’s HP, the less powerful it becomes."
323,black-white,"The user spouts water to damage the opposing team. The lower the user’s HP, the less powerful it becomes."
323,diamond-pearl,"The user spouts water to damage the foe. The lower the user’s HP, the less powerful it becomes."
323,emerald,Inflicts more damage if the user’s HP is high.
323,firered-leafgreen,"The higher the user’s HP, the more powerful this attack becomes."
323,heartgold-soulsilver,"The user spouts water to damage the foe. The lower the user’s HP, the less powerful it becomes."
323,lets-go-pikachu-lets-go-eevee,"The user spouts water to damage opposing Pokémon. The lower the user’s HP, the lower the move’s power."
323,omega-ruby-alpha-sapphire,"The user spouts water to damage opposing Pokémon. The lower the user’s HP, the lower the move’s power."
323,platinum,"The user spouts water to damage the foe. The lower the user’s HP, the less powerful it becomes."
323,ruby-sapphire,Inflicts more damage if the user’s HP is high.
323,sun-moon,"The user spouts water to damage opposing Pokémon. The lower the user’s HP, the lower the move’s power."
323,sword-shield,"The user spouts water to damage opposing Pokémon. The lower the user’s HP, the lower the move’s power."
323,ultra-sun-ultra-moon,"The user spouts water to damage opposing Pokémon. The lower the user’s HP, the lower the move’s power."
323,x-y,"The user spouts water to damage opposing Pokémon. The lower the user’s HP, the lower the move’s power."
324,black-2-white-2,The user attacks with a sinister beam of light. It may also confuse the target.
324,black-white,The user attacks with a sinister beam of light. It may also confuse the target.
324,diamond-pearl,The user attacks with a sinister beam of light. It may also confuse the target.
324,emerald,A strange beam attack that may confuse the foe.
324,firered-leafgreen,The foe is hit with a flashing beam that may also cause confusion.
324,heartgold-soulsilver,The user attacks with a sinister beam of light. It may also confuse the target.
324,lets-go-pikachu-lets-go-eevee,The user attacks with a sinister beam of light. This may also confuse the target.
324,omega-ruby-alpha-sapphire,The user attacks with a sinister beam of light. This may also confuse the target.
324,platinum,The user attacks with a sinister beam of light. It may also confuse the target.
324,ruby-sapphire,A strange beam attack that may confuse the foe.
324,sun-moon,The user attacks with a sinister beam of light. This may also confuse the target.
324,sword-shield,"This move can’t be used. It’s recommended that this move is forgotten. Once forgotten, this move can’t be remembered."
324,ultra-sun-ultra-moon,The user attacks with a sinister beam of light. This may also confuse the target.
324,x-y,The user attacks with a sinister beam of light. This may also confuse the target.
325,black-2-white-2,The user throws a punch from the shadows. The punch lands without fail.
325,black-white,The user throws a punch from the shadows. The punch lands without fail.
325,diamond-pearl,The user throws a punch at the foe from the shadows. The punch lands without fail.
325,emerald,An unavoidable punch that is thrown from shadows.
325,firered-leafgreen,The user throws a punch from the shadows. It cannot be evaded.
325,heartgold-soulsilver,The user throws a punch at the foe from the shadows. The punch lands without fail.
325,lets-go-pikachu-lets-go-eevee,The user throws a punch from the shadows. This attack never misses.
325,omega-ruby-alpha-sapphire,The user throws a punch from the shadows. This attack never misses.
325,platinum,The user throws a punch at the foe from the shadows. The punch lands without fail.
325,ruby-sapphire,An unavoidable punch that is thrown from shadows.
325,sun-moon,The user throws a punch from the shadows. This attack never misses.
325,sword-shield,The user throws a punch from the shadows. This attack never misses.
325,ultra-sun-ultra-moon,The user throws a punch from the shadows. This attack never misses.
325,x-y,The user throws a punch from the shadows. This attack never misses.
326,black-2-white-2,"The user attacks with an odd, unseeable power. It may also make the target flinch."
326,black-white,"The user attacks with an odd, unseeable power. It may also make the target flinch."
326,diamond-pearl,"The user attacks with an odd, unseeable power. It may also make the foe flinch."
326,emerald,Attacks with a peculiar power. May cause flinching.
326,firered-leafgreen,The user attacks with an odd power that may make the foe flinch.
326,heartgold-soulsilver,"The user attacks with an odd, unseeable power. It may also make the foe flinch."
326,lets-go-pikachu-lets-go-eevee,"The user attacks with an odd, unseeable power. This may also make the target flinch."
326,omega-ruby-alpha-sapphire,"The user attacks with an odd, unseeable power. This may also make the target flinch."
326,platinum,"The user attacks with an odd, unseeable power. It may also make the foe flinch."
326,ruby-sapphire,Attacks with a peculiar power. May cause flinching.
326,sun-moon,"The user attacks with an odd, unseeable power. This may also make the target flinch."
326,sword-shield,"The user attacks with an odd, unseeable power. This may also make the target flinch."
326,ultra-sun-ultra-moon,"The user attacks with an odd, unseeable power. This may also make the target flinch."
326,x-y,"The user attacks with an odd, unseeable power. This may also make the target flinch."
327,black-2-white-2,The user attacks the target with an uppercut thrown skyward with force.
327,black-white,The user attacks the target with an uppercut thrown skyward with force.
327,diamond-pearl,The user attacks the foe with an uppercut thrown skyward with force.
327,emerald,An uppercut thrown as if leaping into the sky.
327,firered-leafgreen,The user attacks with an uppercut thrown skywards with force.
327,heartgold-soulsilver,The user attacks the foe with an uppercut thrown skyward with force.
327,lets-go-pikachu-lets-go-eevee,The user attacks the target with an uppercut thrown skyward with force.
327,omega-ruby-alpha-sapphire,The user attacks the target with an uppercut thrown skyward with force.
327,platinum,The user attacks the foe with an uppercut thrown skyward with force.
327,ruby-sapphire,An uppercut thrown as if leaping into the sky.
327,sun-moon,The user attacks the target with an uppercut thrown skyward with force.
327,sword-shield,"This move can’t be used. It’s recommended that this move is forgotten. Once forgotten, this move can’t be remembered."
327,ultra-sun-ultra-moon,The user attacks the target with an uppercut thrown skyward with force.
327,x-y,The user attacks the target with an uppercut thrown skyward with force.
328,black-2-white-2,The user traps the target inside a harshly raging sandstorm for four to five turns.
328,black-white,The user traps the target inside a harshly raging sandstorm for four to five turns.
328,diamond-pearl,The user traps the foe inside a harshly raging sandstorm for two to five turns.
328,emerald,Traps and hurts the foe in quicksand for 2 to 5 turns.
328,firered-leafgreen,The foe is trapped inside a painful sandstorm for two to five turns.
328,heartgold-soulsilver,The user traps the foe inside a harshly raging sandstorm for two to five turns.
328,lets-go-pikachu-lets-go-eevee,The user traps the target inside a harshly raging sandstorm for four to five turns.
328,omega-ruby-alpha-sapphire,The user traps the target inside a harshly raging sandstorm for four to five turns.
328,platinum,The user traps the foe inside a harshly raging sandstorm for two to five turns.
328,ruby-sapphire,Traps and hurts the foe in quicksand for 2 to 5 turns.
328,sun-moon,The user traps the target inside a harshly raging sandstorm for four to five turns.
328,sword-shield,The user traps the target inside a harshly raging sandstorm for four to five turns.
328,ultra-sun-ultra-moon,The user traps the target inside a harshly raging sandstorm for four to five turns.
328,x-y,The user traps the target inside a harshly raging sandstorm for four to five turns.
329,black-2-white-2,The target is attacked with a blast of absolute-zero cold. The target instantly faints if it hits.
329,black-white,The target is attacked with a blast of absolute-zero cold. The target instantly faints if it hits.
329,diamond-pearl,The foe is attacked with a blast of absolute-zero cold. The foe instantly faints if it hits.
329,emerald,A chilling attack that causes fainting if it hits.
329,firered-leafgreen,The foe is attacked with ultimate cold that causes fainting if it hits.
329,heartgold-soulsilver,The foe is attacked with a blast of absolute-zero cold. The foe instantly faints if it hits.
329,lets-go-pikachu-lets-go-eevee,The target faints instantly. It’s less likely to hit the target if it’s used by Pokémon other than Ice types.
329,omega-ruby-alpha-sapphire,The target is attacked with a blast of absolute-zero cold. The target faints instantly if this attack hits.
329,platinum,The foe is attacked with a blast of absolute-zero cold. The foe instantly faints if it hits.
329,ruby-sapphire,A chilling attack that causes fainting if it hits.
329,sun-moon,The target faints instantly. It’s less likely to hit the target if it’s used by Pokémon other than Ice types.
329,sword-shield,The target faints instantly. It’s less likely to hit the target if it’s used by Pokémon other than Ice types.
329,ultra-sun-ultra-moon,The target faints instantly. It’s less likely to hit the target if it’s used by Pokémon other than Ice types.
329,x-y,The target is attacked with a blast of absolute-zero cold. The target faints instantly if this attack hits.
330,black-2-white-2,The user attacks by shooting muddy water at the opposing team. It may also lower the targets’ accuracy.
330,black-white,The user attacks by shooting muddy water at the opposing team. It may also lower the targets’ accuracy.
330,diamond-pearl,The user attacks by shooting out muddy water. It may also lower the foe’s accuracy.
330,emerald,Attacks with muddy water. May lower accuracy.
330,firered-leafgreen,The user attacks with muddy water. It may also lower the foe’s accuracy.
330,heartgold-soulsilver,The user attacks by shooting out muddy water. It may also lower the foe’s accuracy.
330,lets-go-pikachu-lets-go-eevee,The user attacks by shooting muddy water at the opposing Pokémon. This may also lower their accuracy.
330,omega-ruby-alpha-sapphire,The user attacks by shooting muddy water at the opposing Pokémon. This may also lower their accuracy.
330,platinum,The user attacks by shooting out muddy water. It may also lower the foe’s accuracy.
330,ruby-sapphire,Attacks with muddy water. May lower accuracy.
330,sun-moon,The user attacks by shooting muddy water at the opposing Pokémon. This may also lower their accuracy.
330,sword-shield,The user attacks by shooting muddy water at opposing Pokémon. This may also lower their accuracy.
330,ultra-sun-ultra-moon,The user attacks by shooting muddy water at the opposing Pokémon. This may also lower their accuracy.
330,x-y,The user attacks by shooting muddy water at the opposing Pokémon. This may also lower their accuracy.
331,black-2-white-2,The user forcefully shoots seeds at the target. Two to five seeds are shot in rapid succession.
331,black-white,The user forcefully shoots seeds at the target. Two to five seeds are shot in rapid succession.
331,diamond-pearl,The user forcefully shoots seeds at the foe. Two to five seeds are shot in rapid succession.
331,emerald,Shoots 2 to 5 seeds in a row to strike the foe.
331,firered-leafgreen,The user shoots seeds at the foe. Two to five seeds are shot at once.
331,heartgold-soulsilver,The user forcefully shoots seeds at the foe. Two to five seeds are shot in rapid succession.
331,lets-go-pikachu-lets-go-eevee,The user forcefully shoots seeds at the target two to five times in a row.
331,omega-ruby-alpha-sapphire,The user forcefully shoots seeds at the target two to five times in a row.
331,platinum,The user forcefully shoots seeds at the foe. Two to five seeds are shot in rapid succession.
331,ruby-sapphire,Shoots 2 to 5 seeds in a row to strike the foe.
331,sun-moon,The user forcefully shoots seeds at the target two to five times in a row.
331,sword-shield,The user forcefully shoots seeds at the target two to five times in a row.
331,ultra-sun-ultra-moon,The user forcefully shoots seeds at the target two to five times in a row.
331,x-y,The user forcefully shoots seeds at the target two to five times in a row.
332,black-2-white-2,"The user confounds the target with speed, then slashes. The attack lands without fail."
332,black-white,"The user confounds the target with speed, then slashes. The attack lands without fail."
332,diamond-pearl,"The user confounds the foe with speed, then slashes. The attack lands without fail."
332,emerald,An extremely speedy and unavoidable attack.
332,firered-leafgreen,An extremely fast attack against one target. It can’t be evaded.
332,heartgold-soulsilver,"The user confounds the foe with speed, then slashes. The attack lands without fail."
332,lets-go-pikachu-lets-go-eevee,"The user confounds the target with speed, then slashes. This attack never misses."
332,omega-ruby-alpha-sapphire,"The user confounds the target with speed, then slashes. This attack never misses."
332,platinum,"The user confounds the foe with speed, then slashes. The attack lands without fail."
332,ruby-sapphire,An extremely speedy and unavoidable attack.
332,sun-moon,"The user confounds the target with speed, then slashes. This attack never misses."
332,sword-shield,"The user confounds the target with speed, then slashes. This attack never misses."
332,ultra-sun-ultra-moon,"The user confounds the target with speed, then slashes. This attack never misses."
332,x-y,"The user confounds the target with speed, then slashes. This attack never misses."
333,black-2-white-2,The user launches sharp icicles at the target. It strikes two to five times in a row.
333,black-white,The user launches sharp icicles at the target. It strikes two to five times in a row.
333,diamond-pearl,The user launches sharp icicles at the foe. It strikes two to five times in a row.
333,emerald,Attacks the foe by firing 2 to 5 icicles in a row.
333,firered-leafgreen,Sharp icicles are fired at the foe. It strikes two to five times.
333,heartgold-soulsilver,The user launches sharp icicles at the foe. It strikes two to five times in a row.
333,lets-go-pikachu-lets-go-eevee,The user launches sharp icicles at the target two to five times in a row.
333,omega-ruby-alpha-sapphire,The user launches sharp icicles at the target two to five times in a row.
333,platinum,The user launches sharp icicles at the foe. It strikes two to five times in a row.
333,ruby-sapphire,Attacks the foe by firing 2 to 5 icicles in a row.
333,sun-moon,The user launches sharp icicles at the target two to five times in a row.
333,sword-shield,The user launches sharp icicles at the target two to five times in a row.
333,ultra-sun-ultra-moon,The user launches sharp icicles at the target two to five times in a row.
333,x-y,The user launches sharp icicles at the target two to five times in a row.
334,black-2-white-2,"The user hardens its body’s surface like iron, sharply raising its Defense stat."
334,black-white,"The user hardens its body’s surface like iron, sharply raising its Defense stat."
334,diamond-pearl,"The user hardens its body’s surface like iron, sharply raising its Defense stat."
334,emerald,Hardens the body’s surface to sharply raise DEFENSE.
334,firered-leafgreen,The user hardens its body’s surface to sharply raise its DEFENSE stat.
334,heartgold-soulsilver,"The user hardens its body’s surface like iron, sharply raising its Defense stat."
334,lets-go-pikachu-lets-go-eevee,"The user hardens its body’s surface like iron, sharply raising its Defense stat."
334,omega-ruby-alpha-sapphire,"The user hardens its body’s surface like iron, sharply raising its Defense stat."
334,platinum,"The user hardens its body’s surface like iron, sharply raising its Defense stat."
334,ruby-sapphire,Hardens the body’s surface to sharply raise DEFENSE.
334,sun-moon,"The user hardens its body’s surface like iron, sharply raising its Defense stat."
334,sword-shield,"The user hardens its body’s surface like iron, sharply raising its Defense stat."
334,ultra-sun-ultra-moon,"The user hardens its body’s surface like iron, sharply raising its Defense stat."
334,x-y,"The user hardens its body’s surface like iron, sharply raising its Defense stat."
335,black-2-white-2,The user blocks the target’s way with arms spread wide to prevent escape.
335,black-white,The user blocks the target’s way with arms spread wide to prevent escape.
335,diamond-pearl,The user blocks the foe’s way with arms spread wide to prevent escape.
335,emerald,Blocks the foe’s way to prevent escape.
335,firered-leafgreen,The user blocks the foe’s way with arms spread wide to prevent escape.
335,heartgold-soulsilver,The user blocks the foe’s way with arms spread wide to prevent escape.
335,lets-go-pikachu-lets-go-eevee,The user blocks the target’s way with arms spread wide to prevent escape.
335,omega-ruby-alpha-sapphire,The user blocks the target’s way with arms spread wide to prevent escape.
335,platinum,The user blocks the foe’s way with arms spread wide to prevent escape.
335,ruby-sapphire,Blocks the foe’s way to prevent escape.
335,sun-moon,The user blocks the target’s way with arms spread wide to prevent escape.
335,sword-shield,The user blocks the target’s way with arms spread wide to prevent escape.
335,ultra-sun-ultra-moon,The user blocks the target’s way with arms spread wide to prevent escape.
335,x-y,The user blocks the target’s way with arms spread wide to prevent escape.
336,black-2-white-2,"The user howls loudly to raise its spirit, boosting its Attack stat."
336,black-white,"The user howls loudly to raise its spirit, boosting its Attack stat."
336,diamond-pearl,"The user howls loudly to raise its spirit, boosting its Attack stat."
336,emerald,Howls to raise the spirit and boosts ATTACK.
336,firered-leafgreen,The user howls to raise its spirit and boost its ATTACK stat.
336,heartgold-soulsilver,"The user howls loudly to raise its spirit, boosting its Attack stat."
336,lets-go-pikachu-lets-go-eevee,"The user howls loudly to raise its spirit, which raises its Attack stat."
336,omega-ruby-alpha-sapphire,"The user howls loudly to raise its spirit, which raises its Attack stat."
336,platinum,"The user howls loudly to raise its spirit, boosting its Attack stat."
336,ruby-sapphire,Howls to raise the spirit and boosts ATTACK.
336,sun-moon,"The user howls loudly to raise its spirit, which raises its Attack stat."
336,sword-shield,The user howls loudly to raise the spirit of itself and allies. This raises their Attack stats.
336,ultra-sun-ultra-moon,"The user howls loudly to raise its spirit, which raises its Attack stat."
336,x-y,"The user howls loudly to raise its spirit, which raises its Attack stat."
337,black-2-white-2,"The user slashes the target with huge, sharp claws."
337,black-white,"The user slashes the target with huge, sharp claws."
337,diamond-pearl,"The user slashes the foe with huge, sharp claws."
337,emerald,Slashes the foe with sharp claws.
337,firered-leafgreen,"Sharp, huge claws hook and slash the foe quickly and with great power."
337,heartgold-soulsilver,"The user slashes the foe with huge, sharp claws."
337,lets-go-pikachu-lets-go-eevee,The user slashes the target with huge sharp claws.
337,omega-ruby-alpha-sapphire,"The user slashes the target with huge, sharp claws."
337,platinum,"The user slashes the foe with huge, sharp claws."
337,ruby-sapphire,Slashes the foe with sharp claws.
337,sun-moon,The user slashes the target with huge sharp claws.
337,sword-shield,The user slashes the target with huge sharp claws.
337,ultra-sun-ultra-moon,The user slashes the target with huge sharp claws.
337,x-y,"The user slashes the target with huge, sharp claws."
338,black-2-white-2,The user slams the target with an enormous tree. The user can’t move on the next turn.
338,black-white,The user slams the target with an enormous tree. The user can’t move on the next turn.
338,diamond-pearl,The foe is slammed with an enormous tree. The user can’t move on the next turn.
338,emerald,"Powerful, but leaves the user immobile the next turn."
338,firered-leafgreen,The foe is hit with an enormous branch. The user can’t move on the next turn.
338,heartgold-soulsilver,The foe is slammed with an enormous tree. The user can’t move on the next turn.
338,lets-go-pikachu-lets-go-eevee,The user slams the target with an enormous tree. The user can’t move on the next turn.
338,omega-ruby-alpha-sapphire,The user slams the target with an enormous tree. The user can’t move on the next turn.
338,platinum,The foe is slammed with an enormous tree. The user can’t move on the next turn.
338,ruby-sapphire,"Powerful, but leaves the user immobile the next turn."
338,sun-moon,The user slams the target with an enormous tree. The user can’t move on the next turn.
338,sword-shield,The user slams the target with the roots of an enormous tree. The user can’t move on the next turn.
338,ultra-sun-ultra-moon,The user slams the target with an enormous tree. The user can’t move on the next turn.
338,x-y,The user slams the target with an enormous tree. The user can’t move on the next turn.
339,black-2-white-2,"The user tenses its muscles to bulk up its body, boosting both its Attack and Defense stats."
339,black-white,"The user tenses its muscles to bulk up its body, boosting both its Attack and Defense stats."
339,diamond-pearl,"The user tenses its muscles to bulk up its body, boosting both its Attack and Defense stats."
339,emerald,Bulks up the body to boost both ATTACK and DEFENSE.
339,firered-leafgreen,The user bulks up its body to boost both its ATTACK and DEFENSE stats.
339,heartgold-soulsilver,"The user tenses its muscles to bulk up its body, boosting both its Attack and Defense stats."
339,lets-go-pikachu-lets-go-eevee,"The user tenses its muscles to bulk up its body, raising both its Attack and Defense stats."
339,omega-ruby-alpha-sapphire,"The user tenses its muscles to bulk up its body, raising both its Attack and Defense stats."
339,platinum,"The user tenses its muscles to bulk up its body, boosting both its Attack and Defense stats."
339,ruby-sapphire,Bulks up the body to boost both ATTACK and DEFENSE.
339,sun-moon,"The user tenses its muscles to bulk up its body, raising both its Attack and Defense stats."
339,sword-shield,"The user tenses its muscles to bulk up its body, raising both its Attack and Defense stats."
339,ultra-sun-ultra-moon,"The user tenses its muscles to bulk up its body, raising both its Attack and Defense stats."
339,x-y,"The user tenses its muscles to bulk up its body, raising both its Attack and Defense stats."
340,black-2-white-2,"The user bounces up high, then drops on the target on the second turn. It may also leave the target with paralysis."
340,black-white,"The user bounces up high, then drops on the target on the second turn. It may also leave the target with paralysis."
340,diamond-pearl,"The user bounces up high, then drops on the foe on the second turn. It may also paralyze the foe."
340,emerald,"Bounces up, then down the next turn. May paralyze."
340,firered-leafgreen,The user bounces on the foe on the 2nd turn. It may paralyze the foe.
340,heartgold-soulsilver,"The user bounces up high, then drops on the foe on the second turn. It may also paralyze the foe."
340,lets-go-pikachu-lets-go-eevee,"The user bounces up high, then drops on the target on the second turn. This may also leave the target with paralysis."
340,omega-ruby-alpha-sapphire,"The user bounces up high, then drops on the target on the second turn. This may also leave the target with paralysis."
340,platinum,"The user bounces up high, then drops on the foe on the second turn. It may also paralyze the foe."
340,ruby-sapphire,"Bounces up, then down the next turn. May paralyze."
340,sun-moon,"The user bounces up high, then drops on the target on the second turn. This may also leave the target with paralysis."
340,sword-shield,"The user bounces up high, then drops on the target on the second turn. This may also leave the target with paralysis."
340,ultra-sun-ultra-moon,"The user bounces up high, then drops on the target on the second turn. This may also leave the target with paralysis."
340,x-y,"The user bounces up high, then drops on the target on the second turn. This may also leave the target with paralysis."
341,black-2-white-2,The user attacks by hurling a blob of mud at the target. It also reduces the target’s Speed.
341,black-white,The user attacks by hurling a blob of mud at the target. It also reduces the target’s Speed.
341,diamond-pearl,The user attacks by hurling a blob of mud at the foe. It also reduces the target’s Speed.
341,emerald,Hurls mud at the foe and reduces SPEED.
341,firered-leafgreen,The user attacks by hurling mud. It also reduces the foe’s SPEED.
341,heartgold-soulsilver,The user attacks by hurling a blob of mud at the foe. It also reduces the target’s Speed.
341,lets-go-pikachu-lets-go-eevee,The user attacks by hurling a blob of mud at the target. This also lowers the target’s Speed stat.
341,omega-ruby-alpha-sapphire,The user attacks by hurling a blob of mud at the target. This also lowers the target’s Speed stat.
341,platinum,The user attacks by hurling a blob of mud at the foe. It also reduces the target’s Speed.
341,ruby-sapphire,Hurls mud at the foe and reduces SPEED.
341,sun-moon,The user attacks by hurling a blob of mud at the target. This also lowers the target’s Speed stat.
341,sword-shield,The user attacks by hurling a blob of mud at the target. This also lowers the target’s Speed stat.
341,ultra-sun-ultra-moon,The user attacks by hurling a blob of mud at the target. This also lowers the target’s Speed stat.
341,x-y,The user attacks by hurling a blob of mud at the target. This also lowers the target’s Speed stat.
342,black-2-white-2,The user hits the target with its tail. It may also poison the target. Critical hits land more easily.
342,black-white,The user hits the target with its tail. It may also poison the target. Critical hits land more easily.
342,diamond-pearl,An attack with a high critical-hit ratio. This tail attack may also poison the foe.
342,emerald,Has a high critical-hit ratio. May also poison.
342,firered-leafgreen,An attack with a high critical-hit ratio. It may also poison the foe.
342,heartgold-soulsilver,An attack with a high critical-hit ratio. This tail attack may also poison the foe.
342,lets-go-pikachu-lets-go-eevee,The user hits the target with its tail. This may also poison the target. Critical hits land more easily.
342,omega-ruby-alpha-sapphire,The user hits the target with its tail. This may also poison the target. Critical hits land more easily.
342,platinum,An attack with a high critical-hit ratio. This tail attack may also poison the foe.
342,ruby-sapphire,Has a high critical-hit ratio. May also poison.
342,sun-moon,The user hits the target with its tail. This may also poison the target. Critical hits land more easily.
342,sword-shield,The user hits the target with its tail. This may also poison the target. Critical hits land more easily.
342,ultra-sun-ultra-moon,The user hits the target with its tail. This may also poison the target. Critical hits land more easily.
342,x-y,The user hits the target with its tail. This may also poison the target. Critical hits land more easily.
343,black-2-white-2,"The user endearingly approaches the target, then steals the target’s held item."
343,black-white,"The user endearingly approaches the target, then steals the target’s held item."
343,diamond-pearl,"The user endearingly approaches the foe, then steals the item the foe is holding."
343,emerald,Cutely begs to obtain an item held by the foe.
343,firered-leafgreen,A cutely executed attack that also steals the foe’s hold item.
343,heartgold-soulsilver,"The user endearingly approaches the foe, then steals the item the foe is holding."
343,lets-go-pikachu-lets-go-eevee,"The user endearingly approaches the target, then steals the target’s held item."
343,omega-ruby-alpha-sapphire,"The user endearingly approaches the target, then steals the target’s held item."
343,platinum,"The user endearingly approaches the foe, then steals the item the foe is holding."
343,ruby-sapphire,Cutely begs to obtain an item held by the foe.
343,sun-moon,"The user endearingly approaches the target, then steals the target’s held item."
343,sword-shield,"The user endearingly approaches the target, then steals the target’s held item."
343,ultra-sun-ultra-moon,"The user endearingly approaches the target, then steals the target’s held item."
343,x-y,"The user endearingly approaches the target, then steals the target’s held item."
344,black-2-white-2,"The user electrifies itself, then charges. It causes considerable damage to the user and may leave the target with paralysis."
344,black-white,"The user electrifies itself, then charges. It causes considerable damage to the user and may leave the target with paralysis."
344,diamond-pearl,"The user electrifies itself, then charges at the foe. It causes considerable damage to the user as well."
344,emerald,A life-risking tackle that slightly hurts the user.
344,firered-leafgreen,The user throws an electrified tackle. It hurts the user a little.
344,heartgold-soulsilver,"The user electrifies itself, then charges at the foe. It causes considerable damage to the user as well."
344,lets-go-pikachu-lets-go-eevee,The user electrifies itself and charges the target. This also damages the user quite a lot. This attack may leave the target with paralysis.
344,omega-ruby-alpha-sapphire,"The user electrifies itself, then charges. This also damages the user quite a lot. This may leave the target with paralysis."
344,platinum,"The user electrifies itself, then charges at the foe. It causes considerable damage to the user as well."
344,ruby-sapphire,A life-risking tackle that slightly hurts the user.
344,sun-moon,The user electrifies itself and charges the target. This also damages the user quite a lot. This attack may leave the target with paralysis.
344,sword-shield,The user electrifies itself and charges the target. This also damages the user quite a lot. This attack may leave the target with paralysis.
344,ultra-sun-ultra-moon,The user electrifies itself and charges the target. This also damages the user quite a lot. This attack may leave the target with paralysis.
344,x-y,"The user electrifies itself, then charges. This also damages the user quite a lot. This may leave the target with paralysis."
345,black-2-white-2,The user scatters curious leaves that chase the target. This attack will not miss.
345,black-white,The user scatters curious leaves that chase the target. This attack will not miss.
345,diamond-pearl,The user scatters curious leaves that chase the foe. This attack will not miss.
345,emerald,Attacks with a strange leaf that cannot be evaded.
345,firered-leafgreen,The foe is attacked with a strange leaf that cannot be evaded.
345,heartgold-soulsilver,The user scatters curious leaves that chase the foe. This attack will not miss.
345,lets-go-pikachu-lets-go-eevee,The user scatters curious leaves that chase the target. This attack never misses.
345,omega-ruby-alpha-sapphire,The user scatters curious leaves that chase the target. This attack never misses.
345,platinum,The user scatters curious leaves that chase the foe. This attack will not miss.
345,ruby-sapphire,Attacks with a strange leaf that cannot be evaded.
345,sun-moon,The user scatters curious leaves that chase the target. This attack never misses.
345,sword-shield,The user scatters curious leaves that chase the target. This attack never misses.
345,ultra-sun-ultra-moon,The user scatters curious leaves that chase the target. This attack never misses.
345,x-y,The user scatters curious leaves that chase the target. This attack never misses.
346,black-2-white-2,The user soaks itself with water. The move weakens Fire-type moves while the user is in the battle.
346,black-white,The user soaks itself with water. The move weakens Fire-type moves while the user is in the battle.
346,diamond-pearl,The user soaks itself with water. The move weakens Fire-type moves while the user is in the battle.
346,emerald,The user becomes soaked to raise resistance to fire.
346,firered-leafgreen,Weakens FIRE-type attacks while the user is in the battle.
346,heartgold-soulsilver,The user soaks itself with water. The move weakens Fire-type moves while the user is in the battle.
346,lets-go-pikachu-lets-go-eevee,The user soaks the battlefield with water. This weakens Fire-type moves for five turns.
346,omega-ruby-alpha-sapphire,The user soaks itself with water. This weakens Fire-type moves for five turns.
346,platinum,The user soaks itself with water. The move weakens Fire-type moves while the user is in the battle.
346,ruby-sapphire,The user becomes soaked to raise resistance to fire.
346,sun-moon,The user soaks the battlefield with water. This weakens Fire-type moves for five turns.
346,sword-shield,"This move can’t be used. It’s recommended that this move is forgotten. Once forgotten, this move can’t be remembered."
346,ultra-sun-ultra-moon,The user soaks the battlefield with water. This weakens Fire-type moves for five turns.
346,x-y,The user soaks itself with water. This weakens Fire-type moves for five turns.
347,black-2-white-2,The user quietly focuses its mind and calms its spirit to raise its Sp. Atk and Sp. Def stats.
347,black-white,The user quietly focuses its mind and calms its spirit to raise its Sp. Atk and Sp. Def stats.
347,diamond-pearl,The user quietly focuses its mind and calms its spirit to raise its Sp. Atk and Sp. Def stats.
347,emerald,Raises SP. ATK and SP. DEF by focusing the mind.
347,firered-leafgreen,The user focuses its mind to raise the SP. ATK and SP. DEF stats.
347,heartgold-soulsilver,The user quietly focuses its mind and calms its spirit to raise its Sp. Atk and Sp. Def stats.
347,lets-go-pikachu-lets-go-eevee,The user quietly focuses its mind and calms its spirit to raise its Sp. Atk and Sp. Def stats.
347,omega-ruby-alpha-sapphire,The user quietly focuses its mind and calms its spirit to raise its Sp. Atk and Sp. Def stats.
347,platinum,The user quietly focuses its mind and calms its spirit to raise its Sp. Atk and Sp. Def stats.
347,ruby-sapphire,Raises SP. ATK and SP. DEF by focusing the mind.
347,sun-moon,The user quietly focuses its mind and calms its spirit to raise its Sp. Atk and Sp. Def stats.
347,sword-shield,The user quietly focuses its mind and calms its spirit to raise its Sp. Atk and Sp. Def stats.
347,ultra-sun-ultra-moon,The user quietly focuses its mind and calms its spirit to raise its Sp. Atk and Sp. Def stats.
347,x-y,The user quietly focuses its mind and calms its spirit to raise its Sp. Atk and Sp. Def stats.
348,black-2-white-2,The user handles a sharp leaf like a sword and attacks by cutting its target. Critical hits land more easily.
348,black-white,The user handles a sharp leaf like a sword and attacks by cutting its target. Critical hits land more easily.
348,diamond-pearl,The foe is slashed with a sharp leaf. It has a high critical-hit ratio.
348,emerald,Slashes with a sharp leaf. High critical-hit ratio.
348,firered-leafgreen,The foe is slashed with a sharp leaf. It has a high critical-hit ratio.
348,heartgold-soulsilver,The foe is slashed with a sharp leaf. It has a high critical-hit ratio.
348,lets-go-pikachu-lets-go-eevee,The user handles a sharp leaf like a sword and attacks by cutting its target. Critical hits land more easily.
348,omega-ruby-alpha-sapphire,The user handles a sharp leaf like a sword and attacks by cutting its target. Critical hits land more easily.
348,platinum,The foe is slashed with a sharp leaf. It has a high critical-hit ratio.
348,ruby-sapphire,Slashes with a sharp leaf. High critical-hit ratio.
348,sun-moon,The user handles a sharp leaf like a sword and attacks by cutting its target. Critical hits land more easily.
348,sword-shield,The user handles a sharp leaf like a sword and attacks by cutting its target. Critical hits land more easily.
348,ultra-sun-ultra-moon,The user handles a sharp leaf like a sword and attacks by cutting its target. Critical hits land more easily.
348,x-y,The user handles a sharp leaf like a sword and attacks by cutting its target. Critical hits land more easily.
349,black-2-white-2,"The user vigorously performs a mystic, powerful dance that boosts its Attack and Speed stats."
349,black-white,"The user vigorously performs a mystic, powerful dance that boosts its Attack and Speed stats."
349,diamond-pearl,"The user vigorously performs a mystic, powerful dance that boosts its Attack and Speed stats."
349,emerald,A mystical dance that ups ATTACK and SPEED.
349,firered-leafgreen,"A mystic, powerful dance that boosts the user’s ATTACK and SPEED stats."
349,heartgold-soulsilver,"The user vigorously performs a mystic, powerful dance that boosts its Attack and Speed stats."
349,lets-go-pikachu-lets-go-eevee,"The user vigorously performs a mystic, powerful dance that raises its Attack and Speed stats."
349,omega-ruby-alpha-sapphire,"The user vigorously performs a mystic, powerful dance that raises its Attack and Speed stats."
349,platinum,"The user vigorously performs a mystic, powerful dance that boosts its Attack and Speed stats."
349,ruby-sapphire,A mystical dance that ups ATTACK and SPEED.
349,sun-moon,"The user vigorously performs a mystic, powerful dance that raises its Attack and Speed stats."
349,sword-shield,"The user vigorously performs a mystic, powerful dance that raises its Attack and Speed stats."
349,ultra-sun-ultra-moon,"The user vigorously performs a mystic, powerful dance that raises its Attack and Speed stats."
349,x-y,"The user vigorously performs a mystic, powerful dance that raises its Attack and Speed stats."
350,black-2-white-2,The user hurls hard rocks at the target. Two to five rocks are launched in quick succession.
350,black-white,The user hurls hard rocks at the target. Two to five rocks are launched in quick succession.
350,diamond-pearl,The user hurls hard rocks at the foe. Two to five rocks are launched in quick succession.
350,emerald,Hurls boulders at the foe 2 to 5 times in a row.
350,firered-leafgreen,The user hurls two to five hard rocks at the foe to attack.
350,heartgold-soulsilver,The user hurls hard rocks at the foe. Two to five rocks are launched in quick succession.
350,lets-go-pikachu-lets-go-eevee,The user hurls hard rocks at the target. Two to five rocks are launched in a row.
350,omega-ruby-alpha-sapphire,The user hurls hard rocks at the target. Two to five rocks are launched in a row.
350,platinum,The user hurls hard rocks at the foe. Two to five rocks are launched in quick succession.
350,ruby-sapphire,Hurls boulders at the foe 2 to 5 times in a row.
350,sun-moon,The user hurls hard rocks at the target. Two to five rocks are launched in a row.
350,sword-shield,The user hurls hard rocks at the target. Two to five rocks are launched in a row.
350,ultra-sun-ultra-moon,The user hurls hard rocks at the target. Two to five rocks are launched in a row.
350,x-y,The user hurls hard rocks at the target. Two to five rocks are launched in a row.
351,black-2-white-2,The user strikes the target with a quick jolt of electricity. This attack cannot be evaded.
351,black-white,The user strikes the target with a quick jolt of electricity. This attack cannot be evaded.
351,diamond-pearl,The user strikes the foe with a quick jolt of electricity. This attack cannot be evaded.
351,emerald,A fast and unavoidable electric attack.
351,firered-leafgreen,A rapid jolt of electricity strikes the foe. It can’t be evaded.
351,heartgold-soulsilver,The user strikes the foe with a quick jolt of electricity. This attack cannot be evaded.
351,lets-go-pikachu-lets-go-eevee,The user strikes the target with a quick jolt of electricity. This attack never misses.
351,omega-ruby-alpha-sapphire,The user strikes the target with a quick jolt of electricity. This attack never misses.
351,platinum,The user strikes the foe with a quick jolt of electricity. This attack cannot be evaded.
351,ruby-sapphire,A fast and unavoidable electric attack.
351,sun-moon,The user strikes the target with a quick jolt of electricity. This attack never misses.
351,sword-shield,The user strikes the target with a quick jolt of electricity. This attack never misses.
351,ultra-sun-ultra-moon,The user strikes the target with a quick jolt of electricity. This attack never misses.
351,x-y,The user strikes the target with a quick jolt of electricity. This attack never misses.
352,black-2-white-2,The user attacks the target with a pulsing blast of water. It may also confuse the target.
352,black-white,The user attacks the target with a pulsing blast of water. It may also confuse the target.
352,diamond-pearl,The user attacks the foe with a pulsing blast of water. It may also confuse the foe.
352,emerald,Attacks with ultrasonic waves. May confuse the foe.
352,firered-leafgreen,An attack with a pulsing blast of water. It may also confuse the foe.
352,heartgold-soulsilver,The user attacks the foe with a pulsing blast of water. It may also confuse the foe.
352,lets-go-pikachu-lets-go-eevee,The user attacks the target with a pulsing blast of water. This may also confuse the target.
352,omega-ruby-alpha-sapphire,The user attacks the target with a pulsing blast of water. This may also confuse the target.
352,platinum,The user attacks the foe with a pulsing blast of water. It may also confuse the foe.
352,ruby-sapphire,Attacks with ultrasonic waves. May confuse the foe
352,sun-moon,The user attacks the target with a pulsing blast of water. This may also confuse the target.
352,sword-shield,The user attacks the target with a pulsing blast of water. This may also confuse the target.
352,ultra-sun-ultra-moon,The user attacks the target with a pulsing blast of water. This may also confuse the target.
352,x-y,The user attacks the target with a pulsing blast of water. This may also confuse the target.
353,black-2-white-2,"Two turns after this move is used, the user blasts the target with a concentrated bundle of light."
353,black-white,"Two turns after this move is used, the user blasts the target with a concentrated bundle of light."
353,diamond-pearl,"Two turns after this move is used, the user blasts the foe with a concentrated bundle of light."
353,emerald,Summons strong sunlight to attack 2 turns later.
353,firered-leafgreen,A move that attacks the foe with a blast of light two turns after use.
353,heartgold-soulsilver,"Two turns after this move is used, the user blasts the foe with a concentrated bundle of light."
353,lets-go-pikachu-lets-go-eevee,"Two turns after this move is used, a concentrated bundle of light blasts the target."
353,omega-ruby-alpha-sapphire,"Two turns after this move is used, the user blasts the target with a concentrated bundle of light."
353,platinum,"Two turns after this move is used, the user blasts the foe with a concentrated bundle of light."
353,ruby-sapphire,Summons strong sunlight to attack 2 turns later.
353,sun-moon,"Two turns after this move is used, a concentrated bundle of light blasts the target."
353,sword-shield,"Two turns after this move is used, a concentrated bundle of light blasts the target."
353,ultra-sun-ultra-moon,"Two turns after this move is used, a concentrated bundle of light blasts the target."
353,x-y,"Two turns after this move is used, the user blasts the target with a concentrated bundle of light."
354,black-2-white-2,The user attacks the target at full power. The attack’s recoil harshly reduces the user’s Sp. Atk stat.
354,black-white,The user attacks the target at full power. The attack’s recoil harshly reduces the user’s Sp. Atk stat.
354,diamond-pearl,The user attacks the foe at full power. The attack’s recoil sharply reduces the user’s Sp. Atk stat.
354,emerald,"Allows a full-power attack, but sharply lowers SP. ATK."
354,firered-leafgreen,An intense attack that also sharply reduces the user’s SP. ATK stat.
354,heartgold-soulsilver,The user attacks the foe at full power. The attack’s recoil sharply reduces the user’s Sp. Atk stat.
354,lets-go-pikachu-lets-go-eevee,The user attacks the target at full power. The attack’s recoil harshly lowers the user’s Sp. Atk stat.
354,omega-ruby-alpha-sapphire,The user attacks the target at full power. The attack’s recoil harshly lowers the user’s Sp. Atk stat.
354,platinum,The user attacks the foe at full power. The attack’s recoil sharply reduces the user’s Sp. Atk stat.
354,ruby-sapphire,"Allows a full-power attack, but sharply lowers SP. ATK."
354,sun-moon,The user attacks the target at full power. The attack’s recoil harshly lowers the user’s Sp. Atk stat.
354,sword-shield,"This move can’t be used. It’s recommended that this move is forgotten. Once forgotten, this move can’t be remembered."
354,ultra-sun-ultra-moon,The user attacks the target at full power. The attack’s recoil harshly lowers the user’s Sp. Atk stat.
354,x-y,The user attacks the target at full power. The attack’s recoil harshly lowers the user’s Sp. Atk stat.
355,black-2-white-2,The user lands and rests its body. It restores the user’s HP by up to half of its max HP.
355,black-white,The user lands and rests its body. It restores the user’s HP by up to half of its max HP.
355,diamond-pearl,The user lands and rests its body. It restores the user’s HP by up to half of its max HP.
355,heartgold-soulsilver,The user lands and rests its body. It restores the user’s HP by up to half of its max HP.
355,lets-go-pikachu-lets-go-eevee,The user lands and rests its body. This move restores the user’s HP by up to half of its max HP.
355,omega-ruby-alpha-sapphire,The user lands and rests its body. It restores the user’s HP by up to half of its max HP.
355,platinum,The user lands and rests its body. It restores the user’s HP by up to half of its max HP.
355,sun-moon,The user lands and rests its body. It restores the user’s HP by up to half of its max HP.
355,sword-shield,The user lands and rests its body. This move restores the user’s HP by up to half of its max HP.
355,ultra-sun-ultra-moon,The user lands and rests its body. It restores the user’s HP by up to half of its max HP.
355,x-y,The user lands and rests its body. It restores the user’s HP by up to half of its max HP.
356,black-2-white-2,"Gravity is intensified for five turns, making moves involving flying unusable and negating Levitate."
356,black-white,"Gravity is intensified for five turns, making moves involving flying unusable and negating Levitate."
356,diamond-pearl,"Gravity is intensified for five turns, making moves involving flying unusable and negating Levitation."
356,heartgold-soulsilver,"Gravity is intensified for five turns, making moves involving flying unusable and negating Levitation."
356,lets-go-pikachu-lets-go-eevee,Enables Flying-type Pokémon or Pokémon with the Levitate Ability to be hit by Ground-type moves. Flying moves can’t be used.
356,omega-ruby-alpha-sapphire,"Gravity is intensified for five turns, making moves involving flying unusable and negating Levitate."
356,platinum,"Gravity is intensified for five turns, making moves involving flying unusable and negating Levitation."
356,sun-moon,Enables Flying-type Pokémon or Pokémon with the Levitate Ability to be hit by Ground-type moves. Flying moves can’t be used.
356,sword-shield,This move enables Flying-type Pokémon or Pokémon with the Levitate Ability to be hit by Ground-type moves. Moves that involve flying can’t be used.
356,ultra-sun-ultra-moon,Enables Flying-type Pokémon or Pokémon with the Levitate Ability to be hit by Ground-type moves. Flying moves can’t be used.
356,x-y,"Gravity is intensified for five turns, making moves involving flying unusable and negating Levitate."
357,black-2-white-2,Enables a Dark-type target to be hit by Psychic-type attacks. It also enables an evasive target to be hit.
357,black-white,Enables a Dark-type target to be hit by Psychic-type attacks. It also enables an evasive target to be hit.
357,diamond-pearl,Enables the user to hit a Ghost type with any type of move. It also enables the user to hit an evasive foe.
357,heartgold-soulsilver,Enables the user to hit a Dark type with any type of move. It also enables the user to hit an evasive foe.
357,lets-go-pikachu-lets-go-eevee,Enables a Dark-type target to be hit by Psychic-type attacks. This also enables an evasive target to be hit.
357,omega-ruby-alpha-sapphire,Enables a Dark-type target to be hit by Psychic-type attacks. This also enables an evasive target to be hit.
357,platinum,Enables the user to hit a Dark type with any type of move. It also enables the user to hit an evasive foe.
357,sun-moon,Enables a Dark-type target to be hit by Psychic-type attacks. This also enables an evasive target to be hit.
357,sword-shield,"This move can’t be used. It’s recommended that this move is forgotten. Once forgotten, this move can’t be remembered."
357,ultra-sun-ultra-moon,Enables a Dark-type target to be hit by Psychic-type attacks. This also enables an evasive target to be hit.
357,x-y,Enables a Dark-type target to be hit by Psychic-type attacks. This also enables an evasive target to be hit.
358,black-2-white-2,"This attack inflicts big damage on a sleeping target. It also wakes the target up, however."
358,black-white,"This attack inflicts big damage on a sleeping target. It also wakes the target up, however."
358,diamond-pearl,"This attack inflicts high damage on a sleeping foe. It also wakes the foe up, however."
358,heartgold-soulsilver,"This attack inflicts high damage on a sleeping foe. It also wakes the foe up, however."
358,lets-go-pikachu-lets-go-eevee,"This attack inflicts big damage on a sleeping target. This also wakes the target up, however."
358,omega-ruby-alpha-sapphire,"This attack inflicts big damage on a sleeping target. This also wakes the target up, however."
358,platinum,"This attack inflicts high damage on a sleeping foe. It also wakes the foe up, however."
358,sun-moon,"This attack inflicts big damage on a sleeping target. This also wakes the target up, however."
358,sword-shield,"This move can’t be used. It’s recommended that this move is forgotten. Once forgotten, this move can’t be remembered."
358,ultra-sun-ultra-moon,"This attack inflicts big damage on a sleeping target. This also wakes the target up, however."
358,x-y,"This attack inflicts big damage on a sleeping target. This also wakes the target up, however."
359,black-2-white-2,"The user swings and hits with its strong and heavy fist. It lowers the user’s Speed, however."
359,black-white,"The user swings and hits with its strong and heavy fist. It lowers the user’s Speed, however."
359,diamond-pearl,"The user swings and hits with its strong and heavy fist. It lowers the user’s Speed, however."
359,heartgold-soulsilver,"The user swings and hits with its strong and heavy fist. It lowers the user’s Speed, however."
359,lets-go-pikachu-lets-go-eevee,"The user swings and hits with its strong, heavy fist. It lowers the user’s Speed, however."
359,omega-ruby-alpha-sapphire,"The user swings and hits with its strong and heavy fist. It lowers the user’s Speed, however."
359,platinum,"The user swings and hits with its strong and heavy fist. It lowers the user’s Speed, however."
359,sun-moon,"The user swings and hits with its strong, heavy fist. It lowers the user’s Speed, however."
359,sword-shield,"The user swings and hits with its strong, heavy fist. It lowers the user’s Speed, however."
359,ultra-sun-ultra-moon,"The user swings and hits with its strong, heavy fist. It lowers the user’s Speed, however."
359,x-y,"The user swings and hits with its strong and heavy fist. It lowers the user’s Speed, however."
360,black-2-white-2,"The user tackles the target with a high-speed spin. The slower the user, the greater the damage."
360,black-white,"The user tackles the target with a high-speed spin. The slower the user, the greater the damage."
360,diamond-pearl,"The user tackles the foe with a high-speed spin. The slower the user, the greater the damage."
360,heartgold-soulsilver,"The user tackles the foe with a high-speed spin. The slower the user, the greater the damage."
360,lets-go-pikachu-lets-go-eevee,"The user tackles the target with a high-speed spin. The slower the user compared to the target, the greater the move’s power."
360,omega-ruby-alpha-sapphire,"The user tackles the target with a high-speed spin. The slower the user compared to the target, the greater the move’s power."
360,platinum,"The user tackles the foe with a high-speed spin. The slower the user, the greater the damage."
360,sun-moon,"The user tackles the target with a high-speed spin. The slower the user compared to the target, the greater the move’s power."
360,sword-shield,"The user tackles the target with a high-speed spin. The slower the user compared to the target, the greater the move’s power."
360,ultra-sun-ultra-moon,"The user tackles the target with a high-speed spin. The slower the user compared to the target, the greater the move’s power."
360,x-y,"The user tackles the target with a high-speed spin. The slower the user compared to the target, the greater the move’s power."
361,black-2-white-2,"The user faints. In return, the Pokémon taking its place will have its HP restored and status cured."
361,black-white,"The user faints. In return, the Pokémon taking its place will have its HP restored and status cured."
361,diamond-pearl,"The user faints. In return, the Pokémon taking its place will have its HP restored and status cured."
361,heartgold-soulsilver,"The user faints. In return, the Pokémon taking its place will have its HP restored and status cured."
361,lets-go-pikachu-lets-go-eevee,"The user faints. In return, the Pokémon taking its place will have its HP restored and status conditions cured."
361,omega-ruby-alpha-sapphire,"The user faints. In return, the Pokémon taking its place will have its HP restored and status conditions cured."
361,platinum,"The user faints. In return, the Pokémon taking its place will have its HP restored and status cured."
361,sun-moon,"The user faints. In return, the Pokémon taking its place will have its HP restored and status conditions cured."
361,sword-shield,"The user faints. In return, the Pokémon taking its place will have its HP restored and status conditions cured."
361,ultra-sun-ultra-moon,"The user faints. In return, the Pokémon taking its place will have its HP restored and status conditions cured."
361,x-y,"The user faints. In return, the Pokémon taking its place will have its HP restored and status conditions cured."
362,black-2-white-2,"If the target’s HP is down to about half, this attack will hit with double the power."
362,black-white,"If the target’s HP is down to about half, this attack will hit with double the power."
362,diamond-pearl,"If the foe’s HP is down to about half, this attack will hit with double the power."
362,heartgold-soulsilver,"If the foe’s HP is down to about half, this attack will hit with double the power."
362,lets-go-pikachu-lets-go-eevee,"If the target’s HP is half or less, this attack will hit with double the power."
362,omega-ruby-alpha-sapphire,"If the target’s HP is half or less, this attack will hit with double the power."
362,platinum,"If the foe’s HP is down to about half, this attack will hit with double the power."
362,sun-moon,"If the target’s HP is half or less, this attack will hit with double the power."
362,sword-shield,"If the target’s HP is half or less, this attack will hit with double the power."
362,ultra-sun-ultra-moon,"If the target’s HP is half or less, this attack will hit with double the power."
362,x-y,"If the target’s HP is half or less, this attack will hit with double the power."
363,black-2-white-2,The user draws power to attack by using its held Berry. The Berry determines its type and power.
363,black-white,The user draws power to attack by using its held Berry. The Berry determines its type and power.
363,diamond-pearl,The user draws power to attack by using its held Berry. The Berry determines its type and power.
363,heartgold-soulsilver,The user draws power to attack by using its held Berry. The Berry determines its type and power.
363,lets-go-pikachu-lets-go-eevee,The user draws power to attack by using its held Berry. The Berry determines the move’s type and power.
363,omega-ruby-alpha-sapphire,The user draws power to attack by using its held Berry. The Berry determines the move’s type and power.
363,platinum,The user draws power to attack by using its held Berry. The Berry determines its type and power.
363,sun-moon,The user draws power to attack by using its held Berry. The Berry determines the move’s type and power.
363,sword-shield,"This move can’t be used. It’s recommended that this move is forgotten. Once forgotten, this move can’t be remembered."
363,ultra-sun-ultra-moon,The user draws power to attack by using its held Berry. The Berry determines the move’s type and power.
363,x-y,The user draws power to attack by using its held Berry. The Berry determines the move’s type and power.
364,black-2-white-2,An attack that hits a target using Protect or Detect. It also lifts the effects of those moves.
364,black-white,An attack that hits a target using Protect or Detect. It also lifts the effects of those moves.
364,diamond-pearl,An attack that hits a foe using Protect or Detect. It also lifts the effects of those moves.
364,heartgold-soulsilver,An attack that hits a foe using Protect or Detect. It also lifts the effects of those moves.
364,lets-go-pikachu-lets-go-eevee,This attack hits a target using Protect. This also lifts the effects of the move.
364,omega-ruby-alpha-sapphire,An attack that hits a target using Protect or Detect. This also lifts the effects of those moves.
364,platinum,An attack that hits a foe using Protect or Detect. It also lifts the effects of those moves.
364,sun-moon,This attack hits a target using a move such as Protect or Detect. This also lifts the effects of those moves.
364,sword-shield,This attack hits a target using a move such as Protect or Detect. This also lifts the effects of those moves.
364,ultra-sun-ultra-moon,This attack hits a target using a move such as Protect or Detect. This also lifts the effects of those moves.
364,x-y,An attack that hits a target using Protect or Detect. This also lifts the effects of those moves.
365,black-2-white-2,"The user pecks the target. If the target is holding a Berry, the user eats it and gains its effect."
365,black-white,"The user pecks the target. If the target is holding a Berry, the user eats it and gains its effect."
365,diamond-pearl,"The user pecks the foe. If the foe is holding a Berry, the user plucks it and gains its effect."
365,heartgold-soulsilver,"The user pecks the foe. If the foe is holding a Berry, the user plucks it and gains its effect."
365,lets-go-pikachu-lets-go-eevee,"The user pecks the target. If the target is holding a Berry, the user eats it and gains its effect."
365,omega-ruby-alpha-sapphire,"The user pecks the target. If the target is holding a Berry, the user eats it and gains its effect."
365,platinum,"The user pecks the foe. If the foe is holding a Berry, the user plucks it and gains its effect."
365,sun-moon,"The user pecks the target. If the target is holding a Berry, the user eats it and gains its effect."
365,sword-shield,"The user pecks the target. If the target is holding a Berry, the user eats it and gains its effect."
365,ultra-sun-ultra-moon,"The user pecks the target. If the target is holding a Berry, the user eats it and gains its effect."
365,x-y,"The user pecks the target. If the target is holding a Berry, the user eats it and gains its effect."
366,black-2-white-2,The user whips up a turbulent whirlwind that ups the Speed of all party Pokémon for four turns.
366,black-white,The user whips up a turbulent whirlwind that ups the Speed of all party Pokémon for four turns.
366,diamond-pearl,The user whips up a turbulent whirlwind that ups the Speed of all party Pokémon for three turns.
366,heartgold-soulsilver,The user whips up a turbulent whirlwind that ups the Speed of all party Pokémon for three turns.
366,lets-go-pikachu-lets-go-eevee,The user whips up a turbulent whirlwind that ups the Speed stat of the user and its allies for four turns.
366,omega-ruby-alpha-sapphire,The user whips up a turbulent whirlwind that ups the Speed stat of the user and its allies for four turns.
366,platinum,The user whips up a turbulent whirlwind that ups the Speed of all party Pokémon for three turns.
366,sun-moon,The user whips up a turbulent whirlwind that ups the Speed stat of the user and its allies for four turns.
366,sword-shield,The user whips up a turbulent whirlwind that ups the Speed stats of the user and its allies for four turns.
366,ultra-sun-ultra-moon,The user whips up a turbulent whirlwind that ups the Speed stat of the user and its allies for four turns.
366,x-y,The user whips up a turbulent whirlwind that ups the Speed stat of the user and its allies for four turns.
367,black-2-white-2,"The user applies pressure to stress points, sharply boosting one of its stats."
367,black-white,"The user applies pressure to stress points, sharply boosting one of its stats."
367,diamond-pearl,"The user applies pressure to stress points, sharply boosting one of its stats."
367,heartgold-soulsilver,"The user applies pressure to stress points, sharply boosting one of its stats."
367,lets-go-pikachu-lets-go-eevee,"The user applies pressure to stress points, sharply boosting one of its or its allies’ stats."
367,omega-ruby-alpha-sapphire,"The user applies pressure to stress points, sharply boosting one of its or its allies’ stats."
367,platinum,"The user applies pressure to stress points, sharply boosting one of its stats."
367,sun-moon,"The user applies pressure to stress points, sharply boosting one of its or its allies’ stats."
367,sword-shield,"The user applies pressure to stress points, sharply boosting one of its or its allies’ stats."
367,ultra-sun-ultra-moon,"The user applies pressure to stress points, sharply boosting one of its or its allies’ stats."
367,x-y,"The user applies pressure to stress points, sharply boosting one of its or its allies’ stats."
368,black-2-white-2,The user retaliates with much greater power against the target that last inflicted damage on it.
368,black-white,The user retaliates with much greater power against the target that last inflicted damage on it.
368,diamond-pearl,The user retaliates against the foe that last inflicted damage on it with much greater power.
368,heartgold-soulsilver,The user retaliates against the foe that last inflicted damage on it with much greater power.
368,lets-go-pikachu-lets-go-eevee,The user retaliates with much greater force against the opponent that last inflicted damage on it.
368,omega-ruby-alpha-sapphire,The user retaliates with much greater power against the opponent that last inflicted damage on it.
368,platinum,The user retaliates against the foe that last inflicted damage on it with much greater power.
368,sun-moon,The user retaliates with much greater force against the opponent that last inflicted damage on it.
368,sword-shield,The user retaliates with much greater force against the opponent that last inflicted damage on it.
368,ultra-sun-ultra-moon,The user retaliates with much greater force against the opponent that last inflicted damage on it.
368,x-y,The user retaliates with much greater power against the target that last inflicted damage on it.
369,black-2-white-2,"After making its attack, the user rushes back to switch places with a party Pokémon in waiting."
369,black-white,"After making its attack, the user rushes back to switch places with a party Pokémon in waiting."
369,diamond-pearl,"After making its attack, the user rushes back to switch places with a party Pokémon in waiting."
369,heartgold-soulsilver,"After making its attack, the user rushes back to switch places with a party Pokémon in waiting."
369,lets-go-pikachu-lets-go-eevee,"After making its attack, the user rushes back to switch places with a party Pokémon in waiting."
369,omega-ruby-alpha-sapphire,"After making its attack, the user rushes back to switch places with a party Pokémon in waiting."
369,platinum,"After making its attack, the user rushes back to switch places with a party Pokémon in waiting."
369,sun-moon,"After making its attack, the user rushes back to switch places with a party Pokémon in waiting."
369,sword-shield,"After making its attack, the user rushes back to switch places with a party Pokémon in waiting."
369,ultra-sun-ultra-moon,"After making its attack, the user rushes back to switch places with a party Pokémon in waiting."
369,x-y,"After making its attack, the user rushes back to switch places with a party Pokémon in waiting."
370,black-2-white-2,The user fights the target up close without guarding itself. It also cuts the user’s Defense and Sp. Def.
370,black-white,The user fights the target up close without guarding itself. It also cuts the user’s Defense and Sp. Def.
370,diamond-pearl,The user fights the foe in close without guarding itself. It also cuts the user’s Defense and Sp. Def.
370,heartgold-soulsilver,The user fights the foe up close without guarding itself. It also cuts the user’s Defense and Sp. Def.
370,lets-go-pikachu-lets-go-eevee,The user fights the target up close without guarding itself. This also lowers the user’s Defense and Sp. Def stats.
370,omega-ruby-alpha-sapphire,The user fights the target up close without guarding itself. This also lowers the user’s Defense and Sp. Def stats.
370,platinum,The user fights the foe in close without guarding itself. It also cuts the user’s Defense and Sp. Def.
370,sun-moon,The user fights the target up close without guarding itself. This also lowers the user’s Defense and Sp. Def stats.
370,sword-shield,The user fights the target up close without guarding itself. This also lowers the user’s Defense and Sp. Def stats.
370,ultra-sun-ultra-moon,The user fights the target up close without guarding itself. This also lowers the user’s Defense and Sp. Def stats.
370,x-y,The user fights the target up close without guarding itself. This also lowers the user’s Defense and Sp. Def stats.
371,black-2-white-2,"If the user moves after the target, this attack’s power will be doubled."
371,black-white,"If the user moves after the target, this attack’s power will be doubled."
371,diamond-pearl,"If the user can use this attack after the foe attacks, its power is doubled."
371,heartgold-soulsilver,"If the user can use this attack after the foe attacks, its power is doubled."
371,lets-go-pikachu-lets-go-eevee,"The user stores power, then attacks. If the user moves after the target, this attack’s power will be doubled."
371,omega-ruby-alpha-sapphire,"The user stores power, then attacks. If the user moves after the target, this attack’s power will be doubled."
371,platinum,"If the user can use this attack after the foe attacks, its power is doubled."
371,sun-moon,"The user stores power, then attacks. If the user moves after the target, this attack’s power will be doubled."
371,sword-shield,"The user stores power, then attacks. If the user moves after the target, this attack’s power will be doubled."
371,ultra-sun-ultra-moon,"The user stores power, then attacks. If the user moves after the target, this attack’s power will be doubled."
371,x-y,"The user stores power, then attacks. If the user moves after the target, this attack’s power will be doubled."
372,black-2-white-2,"If the target has already taken some damage in the same turn, this attack’s power is doubled."
372,black-white,"If the target has already taken some damage in the same turn, this attack’s power is doubled."
372,diamond-pearl,"If the foe has already taken some damage in the same turn, this attack’s power is doubled."
372,heartgold-soulsilver,"If the foe has already taken some damage in the same turn, this attack’s power is doubled."
372,lets-go-pikachu-lets-go-eevee,"If the target has already taken some damage in the same turn, this attack’s power is doubled."
372,omega-ruby-alpha-sapphire,"If the target has already taken some damage in the same turn, this attack’s power is doubled."
372,platinum,"If the foe has already taken some damage in the same turn, this attack’s power is doubled."
372,sun-moon,"If the target has already taken some damage in the same turn, this attack’s power is doubled."
372,sword-shield,"If the target has already taken some damage in the same turn, this attack’s power is doubled."
372,ultra-sun-ultra-moon,"If the target has already taken some damage in the same turn, this attack’s power is doubled."
372,x-y,"If the target has already taken some damage in the same turn, this attack’s power is doubled."
373,black-2-white-2,It prevents the target from using its held item. Its Trainer is also prevented from using items on it.
373,black-white,It prevents the target from using its held item. Its Trainer is also prevented from using items on it.
373,diamond-pearl,It prevents the foe from using its held item. Its Trainer is also prevented from using items on it.
373,heartgold-soulsilver,It prevents the foe from using its held item. Its Trainer is also prevented from using items on it.
373,lets-go-pikachu-lets-go-eevee,This move prevents the target from using its held item for five turns. Its Trainer is also prevented from using items on it.
373,omega-ruby-alpha-sapphire,This move prevents the target from using its held item. Its Trainer is also prevented from using items on it.
373,platinum,It prevents the foe from using its held item. Its Trainer is also prevented from using items on it.
373,sun-moon,This move prevents the target from using its held item for five turns. Its Trainer is also prevented from using items on it.
373,sword-shield,"This move can’t be used. It’s recommended that this move is forgotten. Once forgotten, this move can’t be remembered."
373,ultra-sun-ultra-moon,This move prevents the target from using its held item for five turns. Its Trainer is also prevented from using items on it.
373,x-y,This move prevents the target from using its held item. Its Trainer is also prevented from using items on it.
374,black-2-white-2,The user flings its held item at the target to attack. Its power and effects depend on the item.
374,black-white,The user flings its held item at the target to attack. Its power and effects depend on the item.
374,diamond-pearl,The user flings its held item at the foe to attack. Its power and effects depend on the item.
374,heartgold-soulsilver,The user flings its held item at the foe to attack. Its power and effects depend on the item.
374,lets-go-pikachu-lets-go-eevee,The user flings its held item at the target to attack. This move’s power and effects depend on the item.
374,omega-ruby-alpha-sapphire,The user flings its held item at the target to attack. This move’s power and effects depend on the item.
374,platinum,The user flings its held item at the foe to attack. Its power and effects depend on the item.
374,sun-moon,The user flings its held item at the target to attack. This move’s power and effects depend on the item.
374,sword-shield,The user flings its held item at the target to attack. This move’s power and effects depend on the item.
374,ultra-sun-ultra-moon,The user flings its held item at the target to attack. This move’s power and effects depend on the item.
374,x-y,The user flings its held item at the target to attack. This move’s power and effects depend on the item.
375,black-2-white-2,"Using its psychic power of suggestion, the user transfers its status problems to the target."
375,black-white,"Using its psychic power of suggestion, the user transfers its status problems to the target."
375,diamond-pearl,"Using its psychic power of suggestion, the user transfers its status problems to the target."
375,heartgold-soulsilver,"Using its psychic power of suggestion, the user transfers its status problems to the target."
375,lets-go-pikachu-lets-go-eevee,"Using its psychic power of suggestion, the user transfers its status conditions to the target."
375,omega-ruby-alpha-sapphire,"Using its psychic power of suggestion, the user transfers its status conditions to the target."
375,platinum,"Using its psychic power of suggestion, the user transfers its status problems to the target."
375,sun-moon,"Using its psychic power of suggestion, the user transfers its status conditions to the target."
375,sword-shield,"Using its psychic power of suggestion, the user transfers its status conditions to the target."
375,ultra-sun-ultra-moon,"Using its psychic power of suggestion, the user transfers its status conditions to the target."
375,x-y,"Using its psychic power of suggestion, the user transfers its status conditions to the target."
376,black-2-white-2,"The fewer PP this move has, the greater its attack power."
376,black-white,"The fewer PP this move has, the greater its attack power."
376,diamond-pearl,"The fewer PP this move has, the more power it has for attack."
376,heartgold-soulsilver,"The fewer PP this move has, the more power it has for attack."
376,lets-go-pikachu-lets-go-eevee,"The fewer PP this move has, the greater its power."
376,omega-ruby-alpha-sapphire,"The fewer PP this move has, the greater its power."
376,platinum,"The fewer PP this move has, the more power it has for attack."
376,sun-moon,"The fewer PP this move has, the greater its power."
376,sword-shield,"This move can’t be used. It’s recommended that this move is forgotten. Once forgotten, this move can’t be remembered."
376,ultra-sun-ultra-moon,"The fewer PP this move has, the greater its power."
376,x-y,"The fewer PP this move has, the greater its power."
377,black-2-white-2,"For five turns, the user prevents the opposing team from using any moves, Abilities, or held items that recover HP."
377,black-white,"For five turns, the user prevents the opposing team from using any moves, Abilities, or held items that recover HP."
377,diamond-pearl,The user prevents the foe from using any HP-recovery moves for five turns.
377,heartgold-soulsilver,The user prevents the foe from using any HP-recovery moves for five turns.
377,lets-go-pikachu-lets-go-eevee,"For five turns, the user prevents the opposing team from using any moves, Abilities, or held items that recover HP."
377,omega-ruby-alpha-sapphire,"For five turns, the user prevents the opposing team from using any moves, Abilities, or held items that recover HP."
377,platinum,The user prevents the foe from using any HP-recovery moves for five turns.
377,sun-moon,"For five turns, the user prevents the opposing team from using any moves, Abilities, or held items that recover HP."
377,sword-shield,"This move can’t be used. It’s recommended that this move is forgotten. Once forgotten, this move can’t be remembered."
377,ultra-sun-ultra-moon,"For five turns, the user prevents the opposing team from using any moves, Abilities, or held items that recover HP."
377,x-y,"For five turns, the user prevents the opposing team from using any moves, Abilities, or held items that recover HP."
378,black-2-white-2,"The user powerfully wrings the target. The more HP the target has, the greater this attack’s power."
378,black-white,"The user powerfully wrings the target. The more HP the target has, the greater this attack’s power."
378,diamond-pearl,"The user powerfully wrings the foe. The more HP the foe has, the greater this attack’s power."
378,heartgold-soulsilver,"The user powerfully wrings the foe. The more HP the foe has, the greater this attack’s power."
378,lets-go-pikachu-lets-go-eevee,"The user powerfully wrings the target. The more HP the target has, the greater the move’s power."
378,omega-ruby-alpha-sapphire,"The user powerfully wrings the target. The more HP the target has, the greater the move’s power."
378,platinum,"The user powerfully wrings the foe. The more HP the foe has, the greater this attack’s power."
378,sun-moon,"The user powerfully wrings the target. The more HP the target has, the greater the move’s power."
378,sword-shield,"This move can’t be used. It’s recommended that this move is forgotten. Once forgotten, this move can’t be remembered."
378,ultra-sun-ultra-moon,"The user powerfully wrings the target. The more HP the target has, the greater the move’s power."
378,x-y,"The user powerfully wrings the target. The more HP the target has, the greater the move’s power."
379,black-2-white-2,The user employs its psychic power to switch its Attack with its Defense stat.
379,black-white,The user employs its psychic power to switch its Attack with its Defense stat.
379,diamond-pearl,The user employs its psychic power to switch its Attack with its Defense stat.
379,heartgold-soulsilver,The user employs its psychic power to switch its Attack with its Defense stat.
379,lets-go-pikachu-lets-go-eevee,The user employs its psychic power to switch its Attack stat with its Defense stat.
379,omega-ruby-alpha-sapphire,The user employs its psychic power to switch its Attack with its Defense stat.
379,platinum,The user employs its psychic power to switch its Attack with its Defense stat.
379,sun-moon,The user employs its psychic power to switch its Attack stat with its Defense stat.
379,sword-shield,The user employs its psychic power to switch its Attack stat with its Defense stat.
379,ultra-sun-ultra-moon,The user employs its psychic power to switch its Attack stat with its Defense stat.
379,x-y,The user employs its psychic power to switch its Attack with its Defense stat.
380,black-2-white-2,The user hurls up its stomach acids on the target. The fluid eliminates the effect of the target’s Ability.
380,black-white,The user hurls up its stomach acids on the target. The fluid eliminates the effect of the target’s Ability.
380,diamond-pearl,The user hurls up its stomach acids on the foe. The fluid eliminates the effect of the foe’s ability.
380,heartgold-soulsilver,The user hurls up its stomach acids on the foe. The fluid eliminates the effect of the foe’s ability.
380,lets-go-pikachu-lets-go-eevee,The user hurls up its stomach acids on the target. The fluid eliminates the effect of the target’s Ability.
380,omega-ruby-alpha-sapphire,The user hurls up its stomach acids on the target. The fluid eliminates the effect of the target’s Ability.
380,platinum,The user hurls up its stomach acids on the foe. The fluid eliminates the effect of the foe’s ability.
380,sun-moon,The user hurls up its stomach acids on the target. The fluid eliminates the effect of the target’s Ability.
380,sword-shield,The user hurls up its stomach acids on the target. The fluid eliminates the effect of the target’s Ability.
380,ultra-sun-ultra-moon,The user hurls up its stomach acids on the target. The fluid eliminates the effect of the target’s Ability.
380,x-y,The user hurls up its stomach acids on the target. The fluid eliminates the effect of the target’s Ability.
381,black-2-white-2,"The user chants an incantation toward the sky, preventing opposing Pokémon from landing critical hits."
381,black-white,"The user chants an incantation toward the sky, preventing opposing Pokémon from landing critical hits."
381,diamond-pearl,"The user chants an incantation toward the sky, preventing the foe from landing critical hits."
381,heartgold-soulsilver,"The user chants an incantation toward the sky, preventing the foe from landing critical hits."
381,lets-go-pikachu-lets-go-eevee,"The user chants an incantation toward the sky, preventing opposing Pokémon from landing critical hits for five turns."
381,omega-ruby-alpha-sapphire,"The user chants an incantation toward the sky, preventing opposing Pokémon from landing critical hits."
381,platinum,"The user chants an incantation toward the sky, preventing the foe from landing critical hits."
381,sun-moon,"The user chants an incantation toward the sky, preventing opposing Pokémon from landing critical hits for five turns."
381,sword-shield,"This move can’t be used. It’s recommended that this move is forgotten. Once forgotten, this move can’t be remembered."
381,ultra-sun-ultra-moon,"The user chants an incantation toward the sky, preventing opposing Pokémon from landing critical hits for five turns."
381,x-y,"The user chants an incantation toward the sky, preventing opposing Pokémon from landing critical hits."
382,black-2-white-2,The user tries to cut ahead of the target to steal and use the target’s intended move with greater power.
382,black-white,The user tries to cut ahead of the target to steal and use the target’s intended move with greater power.
382,diamond-pearl,The user tries to cut ahead of the foe to steal and use the foe’s intended move with greater power.
382,heartgold-soulsilver,The user tries to cut ahead of the foe to steal and use the foe’s intended move with greater power.
382,lets-go-pikachu-lets-go-eevee,The user cuts ahead of the target to copy and use the target’s intended move with greater power. This move fails if it isn’t used first.
382,omega-ruby-alpha-sapphire,The user cuts ahead of the target to steal and use the target’s intended move with greater power. This move fails if it isn’t used first.
382,platinum,The user tries to cut ahead of the foe to steal and use the foe’s intended move with greater power.
382,sun-moon,The user cuts ahead of the target to copy and use the target’s intended move with greater power. This move fails if it isn’t used first.
382,sword-shield,"This move can’t be used. It’s recommended that this move is forgotten. Once forgotten, this move can’t be remembered."
382,ultra-sun-ultra-moon,The user cuts ahead of the target to copy and use the target’s intended move with greater power. This move fails if it isn’t used first.
382,x-y,The user cuts ahead of the target to steal and use the target’s intended move with greater power. This move fails if it isn’t used first.
383,black-2-white-2,The user mimics the move used immediately before it. The move fails if no other move has been used yet.
383,black-white,The user mimics the move used immediately before it. The move fails if no other move has been used yet.
383,diamond-pearl,The user mimics the move used immediately before it. The move fails if no other move has been used yet.
383,heartgold-soulsilver,The user mimics the move used immediately before it. The move fails if no other move has been used yet.
383,lets-go-pikachu-lets-go-eevee,The user mimics the move used immediately before it. The move fails if no other move has been used yet.
383,omega-ruby-alpha-sapphire,The user mimics the move used immediately before it. The move fails if no other move has been used yet.
383,platinum,The user mimics the move used immediately before it. The move fails if no other move has been used yet.
383,sun-moon,The user mimics the move used immediately before it. The move fails if no other move has been used yet.
383,sword-shield,The user mimics the move used immediately before it. The move fails if no other move has been used yet.
383,ultra-sun-ultra-moon,The user mimics the move used immediately before it. The move fails if no other move has been used yet.
383,x-y,The user mimics the move used immediately before it. The move fails if no other move has been used yet.
384,black-2-white-2,The user employs its psychic power to switch changes to its Attack and Sp. Atk with the target.
384,black-white,The user employs its psychic power to switch changes to its Attack and Sp. Atk with the target.
384,diamond-pearl,The user employs its psychic power to switch changes to its Attack and Sp. Atk with the foe.
384,heartgold-soulsilver,The user employs its psychic power to switch changes to its Attack and Sp. Atk with the foe.
384,lets-go-pikachu-lets-go-eevee,The user employs its psychic power to switch changes to its Attack and Sp. Atk stats with the target.
384,omega-ruby-alpha-sapphire,The user employs its psychic power to switch changes to its Attack and Sp. Atk stats with the target.
384,platinum,The user employs its psychic power to switch changes to its Attack and Sp. Atk with the foe.
384,sun-moon,The user employs its psychic power to switch changes to its Attack and Sp. Atk stats with the target.
384,sword-shield,The user employs its psychic power to switch changes to its Attack and Sp. Atk stats with the target.
384,ultra-sun-ultra-moon,The user employs its psychic power to switch changes to its Attack and Sp. Atk stats with the target.
384,x-y,The user employs its psychic power to switch changes to its Attack and Sp. Atk stats with the target.
385,black-2-white-2,The user employs its psychic power to switch changes to its Defense and Sp. Def with the target.
385,black-white,The user employs its psychic power to switch changes to its Defense and Sp. Def with the target.
385,diamond-pearl,The user employs its psychic power to switch changes to its Defense and Sp. Def with the foe.
385,heartgold-soulsilver,The user employs its psychic power to switch changes to its Defense and Sp. Def with the foe.
385,lets-go-pikachu-lets-go-eevee,The user employs its psychic power to switch changes to its Defense and Sp. Def stats with the target.
385,omega-ruby-alpha-sapphire,The user employs its psychic power to switch changes to its Defense and Sp. Def stats with the target.
385,platinum,The user employs its psychic power to switch changes to its Defense and Sp. Def with the foe.
385,sun-moon,The user employs its psychic power to switch changes to its Defense and Sp. Def stats with the target.
385,sword-shield,The user employs its psychic power to switch changes to its Defense and Sp. Def stats with the target.
385,ultra-sun-ultra-moon,The user employs its psychic power to switch changes to its Defense and Sp. Def stats with the target.
385,x-y,The user employs its psychic power to switch changes to its Defense and Sp. Def stats with the target.
386,black-2-white-2,This attack’s power increases the more the target has powered up with stat changes.
386,black-white,This attack’s power increases the more the target has powered up with stat changes.
386,diamond-pearl,This attack’s power increases the more the foe has powered up with stat changes.
386,heartgold-soulsilver,This attack’s power increases the more the foe has powered up with stat changes.
386,lets-go-pikachu-lets-go-eevee,"The more the target has powered up with stat changes, the greater the move’s power."
386,omega-ruby-alpha-sapphire,"The more the target has powered up with stat changes, the greater the move’s power."
386,platinum,This attack’s power increases the more the foe has powered up with stat changes.
386,sun-moon,"The more the target has powered up with stat changes, the greater the move’s power."
386,sword-shield,"This move can’t be used. It’s recommended that this move is forgotten. Once forgotten, this move can’t be remembered."
386,ultra-sun-ultra-moon,"The more the target has powered up with stat changes, the greater the move’s power."
386,x-y,"The more the target has powered up with stat changes, the greater the move’s power."
387,black-2-white-2,This move can be used only after the user has used all the other moves it knows in the battle.
387,black-white,This move can be used only after the user has used all the other moves it knows in the battle.
387,diamond-pearl,This move can be used only after the user has used all the other moves it knows in the battle.
387,heartgold-soulsilver,This move can be used only after the user has used all the other moves it knows in the battle.
387,lets-go-pikachu-lets-go-eevee,This move can be used only after the user has used all the other moves it knows in the battle.
387,omega-ruby-alpha-sapphire,This move can be used only after the user has used all the other moves it knows in the battle.
387,platinum,This move can be used only after the user has used all the other moves it knows in the battle.
387,sun-moon,This move can be used only after the user has used all the other moves it knows in the battle.
387,sword-shield,This move can be used only after the user has used all the other moves it knows in the battle.
387,ultra-sun-ultra-moon,This move can be used only after the user has used all the other moves it knows in the battle.
387,x-y,This move can be used only after the user has used all the other moves it knows in the battle.
388,black-2-white-2,A seed that causes worry is planted on the target. It prevents sleep by making its Ability Insomnia.
388,black-white,A seed that causes worry is planted on the target. It prevents sleep by making its Ability Insomnia.
388,diamond-pearl,A seed that causes worry is planted on the foe. It prevents sleep by making its ability Insomnia.
388,heartgold-soulsilver,A seed that causes worry is planted on the foe. It prevents sleep by making its ability Insomnia.
388,lets-go-pikachu-lets-go-eevee,A seed that causes worry is planted on the target. It prevents sleep by making the target’s Ability Insomnia.
388,omega-ruby-alpha-sapphire,A seed that causes worry is planted on the target. It prevents sleep by making the target’s Ability Insomnia.
388,platinum,A seed that causes worry is planted on the foe. It prevents sleep by making its ability Insomnia.
388,sun-moon,A seed that causes worry is planted on the target. It prevents sleep by making the target’s Ability Insomnia.
388,sword-shield,A seed that causes worry is planted on the target. It prevents sleep by making the target’s Ability Insomnia.
388,ultra-sun-ultra-moon,A seed that causes worry is planted on the target. It prevents sleep by making the target’s Ability Insomnia.
388,x-y,A seed that causes worry is planted on the target. It prevents sleep by making the target’s Ability Insomnia.
389,black-2-white-2,"This move enables the user to attack first. It fails if the target is not readying an attack, however."
389,black-white,"This move enables the user to attack first. It fails if the target is not readying an attack, however."
389,diamond-pearl,"This move enables the user to attack first. It fails if the foe is not readying an attack, however."
389,heartgold-soulsilver,"This move enables the user to attack first. It fails if the foe is not readying an attack, however."
389,lets-go-pikachu-lets-go-eevee,This move enables the user to attack first. This move fails if the target is not readying an attack.
389,omega-ruby-alpha-sapphire,This move enables the user to attack first. This move fails if the target is not readying an attack.
389,platinum,"This move enables the user to attack first. It fails if the foe is not readying an attack, however."
389,sun-moon,This move enables the user to attack first. This move fails if the target is not readying an attack.
389,sword-shield,This move enables the user to attack first. This move fails if the target is not readying an attack.
389,ultra-sun-ultra-moon,This move enables the user to attack first. This move fails if the target is not readying an attack.
389,x-y,This move enables the user to attack first. This move fails if the target is not readying an attack.
390,black-2-white-2,The user lays a trap of poison spikes at the opponent’s feet. They poison opponents that switch into battle.
390,black-white,The user lays a trap of poison spikes at the opponent’s feet. They poison opponents that switch into battle.
390,diamond-pearl,The user lays a trap of poison spikes at the foe’s feet. They poison foes that switch into battle.
390,heartgold-soulsilver,The user lays a trap of poison spikes at the foe’s feet. They poison foes that switch into battle.
390,lets-go-pikachu-lets-go-eevee,The user lays a trap of poison spikes at the feet of the opposing team. The spikes will poison opposing Pokémon that switch into battle.
390,omega-ruby-alpha-sapphire,The user lays a trap of poison spikes at the opposing team’s feet. They poison opposing Pokémon that switch into battle.
390,platinum,The user lays a trap of poison spikes at the foe’s feet. They poison foes that switch into battle.
390,sun-moon,The user lays a trap of poison spikes at the feet of the opposing team. The spikes will poison opposing Pokémon that switch into battle.
390,sword-shield,The user lays a trap of poison spikes at the feet of the opposing team. The spikes will poison opposing Pokémon that switch into battle.
390,ultra-sun-ultra-moon,The user lays a trap of poison spikes at the feet of the opposing team. The spikes will poison opposing Pokémon that switch into battle.
390,x-y,The user lays a trap of poison spikes at the opposing team’s feet. They poison opposing Pokémon that switch into battle.
391,black-2-white-2,The user employs its psychic power to switch stat changes with the target.
391,black-white,The user employs its psychic power to switch stat changes with the target.
391,diamond-pearl,The user employs its psychic power to switch stat changes with the foe.
391,heartgold-soulsilver,The user employs its psychic power to switch stat changes with the foe.
391,lets-go-pikachu-lets-go-eevee,The user employs its psychic power to switch stat changes with the target.
391,omega-ruby-alpha-sapphire,The user employs its psychic power to switch stat changes with the target.
391,platinum,The user employs its psychic power to switch stat changes with the foe.
391,sun-moon,The user employs its psychic power to switch stat changes with the target.
391,sword-shield,"This move can’t be used. It’s recommended that this move is forgotten. Once forgotten, this move can’t be remembered."
391,ultra-sun-ultra-moon,The user employs its psychic power to switch stat changes with the target.
391,x-y,The user employs its psychic power to switch stat changes with the target.
392,black-2-white-2,The user envelops itself in a veil made of water. It regains some HP on every turn.
392,black-white,The user envelops itself in a veil made of water. It regains some HP on every turn.
392,diamond-pearl,The user envelops itself in a veil made of water. It regains some HP on every turn.
392,heartgold-soulsilver,The user envelops itself in a veil made of water. It regains some HP on every turn.
392,lets-go-pikachu-lets-go-eevee,The user envelops itself in a veil made of water. It regains some HP every turn.
392,omega-ruby-alpha-sapphire,The user envelops itself in a veil made of water. It regains some HP every turn.
392,platinum,The user envelops itself in a veil made of water. It regains some HP on every turn.
392,sun-moon,The user envelops itself in a veil made of water. It regains some HP every turn.
392,sword-shield,The user envelops itself in a veil made of water. It regains some HP every turn.
392,ultra-sun-ultra-moon,The user envelops itself in a veil made of water. It regains some HP every turn.
392,x-y,The user envelops itself in a veil made of water. It regains some HP every turn.
393,black-2-white-2,The user levitates using electrically generated magnetism for five turns.
393,black-white,The user levitates using electrically generated magnetism for five turns.
393,diamond-pearl,The user levitates using electrically generated magnetism for five turns.
393,heartgold-soulsilver,The user levitates using electrically generated magnetism for five turns.
393,lets-go-pikachu-lets-go-eevee,The user levitates using electrically generated magnetism for five turns.
393,omega-ruby-alpha-sapphire,The user levitates using electrically generated magnetism for five turns.
393,platinum,The user levitates using electrically generated magnetism for five turns.
393,sun-moon,The user levitates using electrically generated magnetism for five turns.
393,sword-shield,The user levitates using electrically generated magnetism for five turns.
393,ultra-sun-ultra-moon,The user levitates using electrically generated magnetism for five turns.
393,x-y,The user levitates using electrically generated magnetism for five turns.
394,black-2-white-2,The user cloaks itself in fire and charges at the target. The user sustains serious damage and may leave the target burned.
394,black-white,The user cloaks itself in fire and charges at the target. The user sustains serious damage and may leave the target burned.
394,diamond-pearl,"The user cloaks itself in fire and charges at the foe. The user sustains serious damage, too."
394,heartgold-soulsilver,"The user cloaks itself in fire and charges at the foe. The user sustains serious damage, too."
394,lets-go-pikachu-lets-go-eevee,The user cloaks itself in fire and charges the target. This also damages the user quite a lot. This attack may leave the target with a burn.
394,omega-ruby-alpha-sapphire,The user cloaks itself in fire and charges the target. This also damages the user quite a lot. This may leave the target with a burn.
394,platinum,"The user cloaks itself in fire and charges at the foe. The user sustains serious damage, too."
394,sun-moon,The user cloaks itself in fire and charges the target. This also damages the user quite a lot. This attack may leave the target with a burn.
394,sword-shield,The user cloaks itself in fire and charges the target. This also damages the user quite a lot. This attack may leave the target with a burn.
394,ultra-sun-ultra-moon,The user cloaks itself in fire and charges the target. This also damages the user quite a lot. This attack may leave the target with a burn.
394,x-y,The user cloaks itself in fire and charges the target. This also damages the user quite a lot. This may leave the target with a burn.
395,black-2-white-2,The target is attacked with a shock wave. It may also leave the target with paralysis.
395,black-white,The target is attacked with a shock wave. It may also leave the target with paralysis.
395,diamond-pearl,The foe is attacked with a shock wave. It may also leave the target paralyzed.
395,heartgold-soulsilver,The foe is attacked with a shock wave. It may also leave the target paralyzed.
395,lets-go-pikachu-lets-go-eevee,The target is attacked with a shock wave. This may also leave the target with paralysis.
395,omega-ruby-alpha-sapphire,The target is attacked with a shock wave. This may also leave the target with paralysis.
395,platinum,The foe is attacked with a shock wave. It may also leave the target paralyzed.
395,sun-moon,The target is attacked with a shock wave. This may also leave the target with paralysis.
395,sword-shield,The target is attacked with a shock wave. This may also leave the target with paralysis.
395,ultra-sun-ultra-moon,The target is attacked with a shock wave. This may also leave the target with paralysis.
395,x-y,The target is attacked with a shock wave. This may also leave the target with paralysis.
396,black-2-white-2,The user looses a blast of aura power from deep within its body at the target. This move is certain to hit.
396,black-white,The user looses a blast of aura power from deep within its body at the target. This move is certain to hit.
396,diamond-pearl,The user looses a blast of aura power from deep within its body. This move is certain to hit.
396,heartgold-soulsilver,The user looses a blast of aura power from deep within its body. This move is certain to hit.
396,lets-go-pikachu-lets-go-eevee,The user lets loose a blast of aura power from deep within its body at the target. This attack never misses.
396,omega-ruby-alpha-sapphire,The user lets loose a blast of aura power from deep within its body at the target. This attack never misses.
396,platinum,The user looses a blast of aura power from deep within its body. This move is certain to hit.
396,sun-moon,The user lets loose a blast of aura power from deep within its body at the target. This attack never misses.
396,sword-shield,The user lets loose a blast of aura power from deep within its body at the target. This attack never misses.
396,ultra-sun-ultra-moon,The user lets loose a blast of aura power from deep within its body at the target. This attack never misses.
396,x-y,The user lets loose a blast of aura power from deep within its body at the target. This attack never misses.
397,black-2-white-2,The user polishes its body to reduce drag. It can sharply raise the Speed stat.
397,black-white,The user polishes its body to reduce drag. It can sharply raise the Speed stat.
397,diamond-pearl,The user polishes its body to reduce drag. It can sharply raise the Speed stat.
397,heartgold-soulsilver,The user polishes its body to reduce drag. It can sharply raise the Speed stat.
397,lets-go-pikachu-lets-go-eevee,The user polishes its body to reduce drag. This can sharply raise the Speed stat.
397,omega-ruby-alpha-sapphire,The user polishes its body to reduce drag. This can sharply raise the Speed stat.
397,platinum,The user polishes its body to reduce drag. It can sharply raise the Speed stat.
397,sun-moon,The user polishes its body to reduce drag. This can sharply raise the Speed stat.
397,sword-shield,The user polishes its body to reduce drag. This sharply raises the Speed stat.
397,ultra-sun-ultra-moon,The user polishes its body to reduce drag. This can sharply raise the Speed stat.
397,x-y,The user polishes its body to reduce drag. This can sharply raise the Speed stat.
398,black-2-white-2,The target is stabbed with a tentacle or arm steeped in poison. It may also poison the target.
398,black-white,The target is stabbed with a tentacle or arm steeped in poison. It may also poison the target.
398,diamond-pearl,The foe is stabbed with a tentacle or arm steeped in poison. It may also poison the foe.
398,heartgold-soulsilver,The foe is stabbed with a tentacle or arm steeped in poison. It may also poison the foe.
398,lets-go-pikachu-lets-go-eevee,"The target is stabbed with a tentacle, arm, or the like steeped in poison. This may also poison the target."
398,omega-ruby-alpha-sapphire,The target is stabbed with a tentacle or arm steeped in poison. This may also poison the target.
398,platinum,The foe is stabbed with a tentacle or arm steeped in poison. It may also poison the foe.
398,sun-moon,The target is stabbed with a tentacle or arm steeped in poison. This may also poison the target.
398,sword-shield,"The target is stabbed with a tentacle, arm, or the like steeped in poison. This may also poison the target."
398,ultra-sun-ultra-moon,The target is stabbed with a tentacle or arm steeped in poison. This may also poison the target.
398,x-y,The target is stabbed with a tentacle or arm steeped in poison. This may also poison the target.
399,black-2-white-2,The user releases a horrible aura imbued with dark thoughts. It may also make the target flinch.
399,black-white,The user releases a horrible aura imbued with dark thoughts. It may also make the target flinch.
399,diamond-pearl,The user releases a horrible aura imbued with dark thoughts. It may also make the target flinch.
399,heartgold-soulsilver,The user releases a horrible aura imbued with dark thoughts. It may also make the target flinch.
399,lets-go-pikachu-lets-go-eevee,The user releases a horrible aura imbued with dark thoughts. This may also make the target flinch.
399,omega-ruby-alpha-sapphire,The user releases a horrible aura imbued with dark thoughts. This may also make the target flinch.
399,platinum,The user releases a horrible aura imbued with dark thoughts. It may also make the target flinch.
399,sun-moon,The user releases a horrible aura imbued with dark thoughts. This may also make the target flinch.
399,sword-shield,The user releases a horrible aura imbued with dark thoughts. This may also make the target flinch.
399,ultra-sun-ultra-moon,The user releases a horrible aura imbued with dark thoughts. This may also make the target flinch.
399,x-y,The user releases a horrible aura imbued with dark thoughts. This may also make the target flinch.
400,black-2-white-2,The user slashes the target the instant an opportunity arises. Critical hits land more easily.
400,black-white,The user slashes the target the instant an opportunity arises. Critical hits land more easily.
400,diamond-pearl,The user slashes the foe the instant an opportunity arises. It has a high critical-hit ratio.
400,heartgold-soulsilver,The user slashes the foe the instant an opportunity arises. It has a high critical-hit ratio.
400,lets-go-pikachu-lets-go-eevee,The user slashes the target the instant an opportunity arises. Critical hits land more easily.
400,omega-ruby-alpha-sapphire,The user slashes the target the instant an opportunity arises. Critical hits land more easily.
400,platinum,The user slashes the foe the instant an opportunity arises. It has a high critical-hit ratio.
400,sun-moon,The user slashes the target the instant an opportunity arises. Critical hits land more easily.
400,sword-shield,The user slashes the target the instant an opportunity arises. Critical hits land more easily.
400,ultra-sun-ultra-moon,The user slashes the target the instant an opportunity arises. Critical hits land more easily.
400,x-y,The user slashes the target the instant an opportunity arises. Critical hits land more easily.
401,black-2-white-2,The user attacks by swinging its tail as if it were a vicious wave in a raging storm.
401,black-white,The user attacks by swinging its tail as if it were a vicious wave in a raging storm.
401,diamond-pearl,The user attacks by swinging its tail as if it were a vicious wave in a raging storm.
401,heartgold-soulsilver,The user attacks by swinging its tail as if it were a vicious wave in a raging storm.
401,lets-go-pikachu-lets-go-eevee,The user attacks by swinging its tail as if it were a vicious wave in a raging storm.
401,omega-ruby-alpha-sapphire,The user attacks by swinging its tail as if it were a vicious wave in a raging storm.
401,platinum,The user attacks by swinging its tail as if it were a vicious wave in a raging storm.
401,sun-moon,The user attacks by swinging its tail as if it were a vicious wave in a raging storm.
401,sword-shield,The user attacks by swinging its tail as if it were a vicious wave in a raging storm.
401,ultra-sun-ultra-moon,The user attacks by swinging its tail as if it were a vicious wave in a raging storm.
401,x-y,The user attacks by swinging its tail as if it were a vicious wave in a raging storm.
402,black-2-white-2,The user slams a barrage of hard-shelled seeds down on the target from above.
402,black-white,The user slams a barrage of hard-shelled seeds down on the target from above.
402,diamond-pearl,The user slams a barrage of hard- shelled seeds down on the foe from above.
402,heartgold-soulsilver,The user slams a barrage of hard- shelled seeds down on the foe from above.
402,lets-go-pikachu-lets-go-eevee,The user slams a barrage of hard-shelled seeds down on the target from above.
402,omega-ruby-alpha-sapphire,The user slams a barrage of hard-shelled seeds down on the target from above.
402,platinum,The user slams a barrage of hard- shelled seeds down on the foe from above.
402,sun-moon,The user slams a barrage of hard-shelled seeds down on the target from above.
402,sword-shield,The user slams a barrage of hard-shelled seeds down on the target from above.
402,ultra-sun-ultra-moon,The user slams a barrage of hard-shelled seeds down on the target from above.
402,x-y,The user slams a barrage of hard-shelled seeds down on the target from above.
403,black-2-white-2,The user attacks with a blade of air that slices even the sky. It may also make the target flinch.
403,black-white,The user attacks with a blade of air that slices even the sky. It may also make the target flinch.
403,diamond-pearl,The user attacks with a blade of air that slices even the sky. It may also make the target flinch.
403,heartgold-soulsilver,The user attacks with a blade of air that slices even the sky. It may also make the target flinch.
403,lets-go-pikachu-lets-go-eevee,The user attacks with a blade of air that slices even the sky. This may also make the target flinch.
403,omega-ruby-alpha-sapphire,The user attacks with a blade of air that slices even the sky. This may also make the target flinch.
403,platinum,The user attacks with a blade of air that slices even the sky. It may also make the target flinch.
403,sun-moon,The user attacks with a blade of air that slices even the sky. This may also make the target flinch.
403,sword-shield,The user attacks with a blade of air that slices even the sky. This may also make the target flinch.
403,ultra-sun-ultra-moon,The user attacks with a blade of air that slices even the sky. This may also make the target flinch.
403,x-y,The user attacks with a blade of air that slices even the sky. This may also make the target flinch.
404,black-2-white-2,The user slashes at the target by crossing its scythes or claws as if they were a pair of scissors.
404,black-white,The user slashes at the target by crossing its scythes or claws as if they were a pair of scissors.
404,diamond-pearl,The user slashes at the foe by crossing its scythes or claws as if they were a pair of scissors.
404,heartgold-soulsilver,The user slashes at the foe by crossing its scythes or claws as if they were a pair of scissors.
404,lets-go-pikachu-lets-go-eevee,The user slashes at the target by crossing its scythes or claws as if they were a pair of scissors.
404,omega-ruby-alpha-sapphire,The user slashes at the target by crossing its scythes or claws as if they were a pair of scissors.
404,platinum,The user slashes at the foe by crossing its scythes or claws as if they were a pair of scissors.
404,sun-moon,The user slashes at the target by crossing its scythes or claws as if they were a pair of scissors.
404,sword-shield,The user slashes at the target by crossing its scythes or claws as if they were a pair of scissors.
404,ultra-sun-ultra-moon,The user slashes at the target by crossing its scythes or claws as if they were a pair of scissors.
404,x-y,The user slashes at the target by crossing its scythes or claws as if they were a pair of scissors.
405,black-2-white-2,The user vibrates its wings to generate a damaging sound wave. It may also lower the target’s Sp. Def stat.
405,black-white,The user vibrates its wings to generate a damaging sound wave. It may also lower the target’s Sp. Def stat.
405,diamond-pearl,The user vibrates its wings to generate a damaging sound wave. It may also lower the foe’s Sp. Def stat.
405,heartgold-soulsilver,The user vibrates its wings to generate a damaging sound wave. It may also lower the foe’s Sp. Def stat.
405,lets-go-pikachu-lets-go-eevee,The user generates a damaging sound wave by vibration. This may also lower the target’s Sp. Def stat.
405,omega-ruby-alpha-sapphire,The user vibrates its wings to generate a damaging sound wave. This may also lower the target’s Sp. Def stat.
405,platinum,The user vibrates its wings to generate a damaging sound wave. It may also lower the foe’s Sp. Def stat.
405,sun-moon,The user generates a damaging sound wave by vibration. This may also lower the target’s Sp. Def stat.
405,sword-shield,The user generates a damaging sound wave by vibration. This may also lower the target’s Sp. Def stat.
405,ultra-sun-ultra-moon,The user generates a damaging sound wave by vibration. This may also lower the target’s Sp. Def stat.
405,x-y,The user vibrates its wings to generate a damaging sound wave. This may also lower the target’s Sp. Def stat.
406,black-2-white-2,The target is attacked with a shock wave generated by the user’s gaping mouth.
406,black-white,The target is attacked with a shock wave generated by the user’s gaping mouth.
406,diamond-pearl,The foe is attacked with a shock wave generated by the user’s gaping mouth.
406,heartgold-soulsilver,The foe is attacked with a shock wave generated by the user’s gaping mouth.
406,lets-go-pikachu-lets-go-eevee,The target is attacked with a shock wave generated by the user’s gaping mouth.
406,omega-ruby-alpha-sapphire,The target is attacked with a shock wave generated by the user’s gaping mouth.
406,platinum,The foe is attacked with a shock wave generated by the user’s gaping mouth.
406,sun-moon,The target is attacked with a shock wave generated by the user’s gaping mouth.
406,sword-shield,The target is attacked with a shock wave generated by the user’s gaping mouth.
406,ultra-sun-ultra-moon,The target is attacked with a shock wave generated by the user’s gaping mouth.
406,x-y,The target is attacked with a shock wave generated by the user’s gaping mouth.
407,black-2-white-2,The user tackles the target while exhibiting overwhelming menace. It may also make the target flinch.
407,black-white,The user tackles the target while exhibiting overwhelming menace. It may also make the target flinch.
407,diamond-pearl,The user tackles the foe while exhibiting overwhelming menace. It may also make the target flinch.
407,heartgold-soulsilver,The user tackles the foe while exhibiting overwhelming menace. It may also make the target flinch.
407,lets-go-pikachu-lets-go-eevee,The user tackles the target while exhibiting overwhelming menace. This may also make the target flinch.
407,omega-ruby-alpha-sapphire,The user tackles the target while exhibiting overwhelming menace. This may also make the target flinch.
407,platinum,The user tackles the foe while exhibiting overwhelming menace. It may also make the target flinch.
407,sun-moon,The user tackles the target while exhibiting overwhelming menace. This may also make the target flinch.
407,sword-shield,The user tackles the target while exhibiting overwhelming menace. This may also make the target flinch.
407,ultra-sun-ultra-moon,The user tackles the target while exhibiting overwhelming menace. This may also make the target flinch.
407,x-y,The user tackles the target while exhibiting overwhelming menace. This may also make the target flinch.
408,black-2-white-2,The user attacks with a ray of light that sparkles as if it were made of gemstones.
408,black-white,The user attacks with a ray of light that sparkles as if it were made of gemstones.
408,diamond-pearl,The user attacks with a ray of light that sparkles as if it were made of gemstones.
408,heartgold-soulsilver,The user attacks with a ray of light that sparkles as if it were made of gemstones.
408,lets-go-pikachu-lets-go-eevee,The user attacks with a ray of light that sparkles as if it were made of gemstones.
408,omega-ruby-alpha-sapphire,The user attacks with a ray of light that sparkles as if it were made of gemstones.
408,platinum,The user attacks with a ray of light that sparkles as if it were made of gemstones.
408,sun-moon,The user attacks with a ray of light that sparkles as if it were made of gemstones.
408,sword-shield,The user attacks with a ray of light that sparkles as if it were made of gemstones.
408,ultra-sun-ultra-moon,The user attacks with a ray of light that sparkles as if it were made of gemstones.
408,x-y,The user attacks with a ray of light that sparkles as if it were made of gemstones.
409,black-2-white-2,An energy-draining punch. The user’s HP is restored by half the damage taken by the target.
409,black-white,An energy-draining punch. The user’s HP is restored by half the damage taken by the target.
409,diamond-pearl,An energy-draining punch. The user’s HP is restored by half the damage taken by the target.
409,heartgold-soulsilver,An energy-draining punch. The user’s HP is restored by half the damage taken by the target.
409,lets-go-pikachu-lets-go-eevee,An energy-draining punch. The user’s HP is restored by half the damage taken by the target.
409,omega-ruby-alpha-sapphire,An energy-draining punch. The user’s HP is restored by half the damage taken by the target.
409,platinum,An energy-draining punch. The user’s HP is restored by half the damage taken by the target.
409,sun-moon,An energy-draining punch. The user’s HP is restored by half the damage taken by the target.
409,sword-shield,An energy-draining punch. The user’s HP is restored by half the damage taken by the target.
409,ultra-sun-ultra-moon,An energy-draining punch. The user’s HP is restored by half the damage taken by the target.
409,x-y,An energy-draining punch. The user’s HP is restored by half the damage taken by the target.
410,black-2-white-2,The user whirls its fists to send a wave of pure vacuum at the target. This move always goes first.
410,black-white,The user whirls its fists to send a wave of pure vacuum at the target. This move always goes first.
410,diamond-pearl,The user whirls its fists to send a wave of pure vacuum at the foe. This move always goes first.
410,heartgold-soulsilver,The user whirls its fists to send a wave of pure vacuum at the foe. This move always goes first.
410,lets-go-pikachu-lets-go-eevee,The user whirls its fists to send a wave of pure vacuum at the target. This move always goes first.
410,omega-ruby-alpha-sapphire,The user whirls its fists to send a wave of pure vacuum at the target. This move always goes first.
410,platinum,The user whirls its fists to send a wave of pure vacuum at the foe. This move always goes first.
410,sun-moon,The user whirls its fists to send a wave of pure vacuum at the target. This move always goes first.
410,sword-shield,The user whirls its fists to send a wave of pure vacuum at the target. This move always goes first.
410,ultra-sun-ultra-moon,The user whirls its fists to send a wave of pure vacuum at the target. This move always goes first.
410,x-y,The user whirls its fists to send a wave of pure vacuum at the target. This move always goes first.
411,black-2-white-2,The user heightens its mental focus and unleashes its power. It may also lower the target’s Sp. Def.
411,black-white,The user heightens its mental focus and unleashes its power. It may also lower the target’s Sp. Def.
411,diamond-pearl,The user heightens its mental focus and unleashes its power. It may also lower the target’s Sp. Def.
411,heartgold-soulsilver,The user heightens its mental focus and unleashes its power. It may also lower the target’s Sp. Def.
411,lets-go-pikachu-lets-go-eevee,The user heightens its mental focus and unleashes its power. This may also lower the target’s Sp. Def stat.
411,omega-ruby-alpha-sapphire,The user heightens its mental focus and unleashes its power. This may also lower the target’s Sp. Def.
411,platinum,The user heightens its mental focus and unleashes its power. It may also lower the target’s Sp. Def.
411,sun-moon,The user heightens its mental focus and unleashes its power. This may also lower the target’s Sp. Def stat.
411,sword-shield,The user heightens its mental focus and unleashes its power. This may also lower the target’s Sp. Def stat.
411,ultra-sun-ultra-moon,The user heightens its mental focus and unleashes its power. This may also lower the target’s Sp. Def stat.
411,x-y,The user heightens its mental focus and unleashes its power. This may also lower the target’s Sp. Def.
412,black-2-white-2,The user draws power from nature and fires it at the target. It may also lower the target’s Sp. Def.
412,black-white,The user draws power from nature and fires it at the target. It may also lower the target’s Sp. Def.
412,diamond-pearl,The user draws power from nature and fires it at the foe. It may also lower the target’s Sp. Def.
412,heartgold-soulsilver,The user draws power from nature and fires it at the foe. It may also lower the target’s Sp. Def.
412,lets-go-pikachu-lets-go-eevee,The user draws power from nature and fires it at the target. This may also lower the target’s Sp. Def stat.
412,omega-ruby-alpha-sapphire,The user draws power from nature and fires it at the target. This may also lower the target’s Sp. Def.
412,platinum,The user draws power from nature and fires it at the foe. It may also lower the target’s Sp. Def.
412,sun-moon,The user draws power from nature and fires it at the target. This may also lower the target’s Sp. Def stat.
412,sword-shield,The user draws power from nature and fires it at the target. This may also lower the target’s Sp. Def stat.
412,ultra-sun-ultra-moon,The user draws power from nature and fires it at the target. This may also lower the target’s Sp. Def stat.
412,x-y,The user draws power from nature and fires it at the target. This may also lower the target’s Sp. Def.
413,black-2-white-2,The user tucks in its wings and charges from a low altitude. The user also takes serious damage.
413,black-white,The user tucks in its wings and charges from a low altitude. The user also takes serious damage.
413,diamond-pearl,The user tucks in its wings and charges from a low altitude. The user also takes serious damage.
413,heartgold-soulsilver,The user tucks in its wings and charges from a low altitude. The user also takes serious damage.
413,lets-go-pikachu-lets-go-eevee,The user tucks in its wings and charges from a low altitude. This also damages the user quite a lot.
413,omega-ruby-alpha-sapphire,The user tucks in its wings and charges from a low altitude. This also damages the user quite a lot.
413,platinum,The user tucks in its wings and charges from a low altitude. The user also takes serious damage.
413,sun-moon,The user tucks in its wings and charges from a low altitude. This also damages the user quite a lot.
413,sword-shield,The user tucks in its wings and charges from a low altitude. This also damages the user quite a lot.
413,ultra-sun-ultra-moon,The user tucks in its wings and charges from a low altitude. This also damages the user quite a lot.
413,x-y,The user tucks in its wings and charges from a low altitude. This also damages the user quite a lot.
414,black-2-white-2,The user makes the ground under the target erupt with power. It may also lower the target’s Sp. Def.
414,black-white,The user makes the ground under the target erupt with power. It may also lower the target’s Sp. Def.
414,diamond-pearl,The user makes the ground under the foe erupt with power. It may also lower the target’s Sp. Def.
414,heartgold-soulsilver,The user makes the ground under the foe erupt with power. It may also lower the target’s Sp. Def.
414,lets-go-pikachu-lets-go-eevee,The user makes the ground under the target erupt with power. This may also lower the target’s Sp. Def stat.
414,omega-ruby-alpha-sapphire,The user makes the ground under the target erupt with power. This may also lower the target’s Sp. Def.
414,platinum,The user makes the ground under the foe erupt with power. It may also lower the target’s Sp. Def.
414,sun-moon,The user makes the ground under the target erupt with power. This may also lower the target’s Sp. Def stat.
414,sword-shield,The user makes the ground under the target erupt with power. This may also lower the target’s Sp. Def stat.
414,ultra-sun-ultra-moon,The user makes the ground under the target erupt with power. This may also lower the target’s Sp. Def stat.
414,x-y,The user makes the ground under the target erupt with power. This may also lower the target’s Sp. Def.
415,black-2-white-2,The user trades held items with the target faster than the eye can follow.
415,black-white,The user trades held items with the target faster than the eye can follow.
415,diamond-pearl,The user trades held items with the foe faster than the eye can follow.
415,heartgold-soulsilver,The user trades held items with the foe faster than the eye can follow.
415,lets-go-pikachu-lets-go-eevee,The user trades held items with the target faster than the eye can follow.
415,omega-ruby-alpha-sapphire,The user trades held items with the target faster than the eye can follow.
415,platinum,The user trades held items with the foe faster than the eye can follow.
415,sun-moon,The user trades held items with the target faster than the eye can follow.
415,sword-shield,The user trades held items with the target faster than the eye can follow.
415,ultra-sun-ultra-moon,The user trades held items with the target faster than the eye can follow.
415,x-y,The user trades held items with the target faster than the eye can follow.
416,black-2-white-2,The user charges at the target using every bit of its power. The user must rest on the next turn.
416,black-white,The user charges at the target using every bit of its power. The user must rest on the next turn.
416,diamond-pearl,The user charges at the foe using every bit of its power. The user must rest on the next turn.
416,heartgold-soulsilver,The user charges at the foe using every bit of its power. The user must rest on the next turn.
416,lets-go-pikachu-lets-go-eevee,The user charges at the target using every bit of its power. The user can’t move on the next turn.
416,omega-ruby-alpha-sapphire,The user charges at the target using every bit of its power. The user can’t move on the next turn.
416,platinum,The user charges at the foe using every bit of its power. The user must rest on the next turn.
416,sun-moon,The user charges at the target using every bit of its power. The user can’t move on the next turn.
416,sword-shield,The user charges at the target using every bit of its power. The user can’t move on the next turn.
416,ultra-sun-ultra-moon,The user charges at the target using every bit of its power. The user can’t move on the next turn.
416,x-y,The user charges at the target using every bit of its power. The user can’t move on the next turn.
417,black-2-white-2,The user stimulates its brain by thinking bad thoughts. It sharply raises the user’s Sp. Atk.
417,black-white,The user stimulates its brain by thinking bad thoughts. It sharply raises the user’s Sp. Atk.
417,diamond-pearl,The user stimulates its brain by thinking bad thoughts. It sharply raises the user’s Sp. Atk.
417,heartgold-soulsilver,The user stimulates its brain by thinking bad thoughts. It sharply raises the user’s Sp. Atk.
417,lets-go-pikachu-lets-go-eevee,The user stimulates its brain by thinking bad thoughts. This sharply raises the user’s Sp. Atk stat.
417,omega-ruby-alpha-sapphire,The user stimulates its brain by thinking bad thoughts. This sharply raises the user’s Sp. Atk.
417,platinum,The user stimulates its brain by thinking bad thoughts. It sharply raises the user’s Sp. Atk.
417,sun-moon,The user stimulates its brain by thinking bad thoughts. This sharply raises the user’s Sp. Atk stat.
417,sword-shield,The user stimulates its brain by thinking bad thoughts. This sharply raises the user’s Sp. Atk stat.
417,ultra-sun-ultra-moon,The user stimulates its brain by thinking bad thoughts. This sharply raises the user’s Sp. Atk stat.
417,x-y,The user stimulates its brain by thinking bad thoughts. This sharply raises the user’s Sp. Atk.
418,black-2-white-2,The user strikes the target with tough punches as fast as bullets. This move always goes first.
418,black-white,The user strikes the target with tough punches as fast as bullets. This move always goes first.
418,diamond-pearl,The user strikes with a tough punch as fast as a bullet. This move always goes first.
418,heartgold-soulsilver,The user strikes with a tough punch as fast as a bullet. This move always goes first.
418,lets-go-pikachu-lets-go-eevee,The user strikes the target with tough punches as fast as bullets. This move always goes first.
418,omega-ruby-alpha-sapphire,The user strikes the target with tough punches as fast as bullets. This move always goes first.
418,platinum,The user strikes with a tough punch as fast as a bullet. This move always goes first.
418,sun-moon,The user strikes the target with tough punches as fast as bullets. This move always goes first.
418,sword-shield,The user strikes the target with tough punches as fast as bullets. This move always goes first.
418,ultra-sun-ultra-moon,The user strikes the target with tough punches as fast as bullets. This move always goes first.
418,x-y,The user strikes the target with tough punches as fast as bullets. This move always goes first.
419,black-2-white-2,An attack move that inflicts double the damage if the user has been hurt by the target in the same turn.
419,black-white,An attack move that inflicts double the damage if the user has been hurt by the target in the same turn.
419,diamond-pearl,An attack move that inflicts double the damage if the user has been hurt by the foe in the same turn.
419,heartgold-soulsilver,An attack move that inflicts double the damage if the user has been hurt by the foe in the same turn.
419,lets-go-pikachu-lets-go-eevee,The power of this attack move is doubled if the user has been hurt by the target in the same turn.
419,omega-ruby-alpha-sapphire,An attack move that inflicts double the damage if the user has been hurt by the target in the same turn.
419,platinum,An attack move that inflicts double the damage if the user has been hurt by the foe in the same turn.
419,sun-moon,The power of this attack move is doubled if the user has been hurt by the target in the same turn.
419,sword-shield,The power of this attack move is doubled if the user has been hurt by the target in the same turn.
419,ultra-sun-ultra-moon,The power of this attack move is doubled if the user has been hurt by the target in the same turn.
419,x-y,An attack move that inflicts double the damage if the user has been hurt by the target in the same turn.
420,black-2-white-2,The user flash freezes chunks of ice and hurls them at the target. This move always goes first.
420,black-white,The user flash freezes chunks of ice and hurls them at the target. This move always goes first.
420,diamond-pearl,The user flash freezes chunks of ice and hurls them. This move always goes first.
420,heartgold-soulsilver,The user flash freezes chunks of ice and hurls them. This move always goes first.
420,lets-go-pikachu-lets-go-eevee,The user flash-freezes chunks of ice and hurls them at the target. This move always goes first.
420,omega-ruby-alpha-sapphire,The user flash-freezes chunks of ice and hurls them at the target. This move always goes first.
420,platinum,The user flash freezes chunks of ice and hurls them. This move always goes first.
420,sun-moon,The user flash-freezes chunks of ice and hurls them at the target. This move always goes first.
420,sword-shield,The user flash-freezes chunks of ice and hurls them at the target. This move always goes first.
420,ultra-sun-ultra-moon,The user flash-freezes chunks of ice and hurls them at the target. This move always goes first.
420,x-y,The user flash-freezes chunks of ice and hurls them at the target. This move always goes first.
421,black-2-white-2,The user slashes with a sharp claw made from shadows. Critical hits land more easily.
421,black-white,The user slashes with a sharp claw made from shadows. Critical hits land more easily.
421,diamond-pearl,The user slashes with a sharp claw made from shadows. It has a high critical-hit ratio.
421,heartgold-soulsilver,The user slashes with a sharp claw made from shadows. It has a high critical-hit ratio.
421,lets-go-pikachu-lets-go-eevee,The user slashes with a sharp claw made from shadows. Critical hits land more easily.
421,omega-ruby-alpha-sapphire,The user slashes with a sharp claw made from shadows. Critical hits land more easily.
421,platinum,The user slashes with a sharp claw made from shadows. It has a high critical-hit ratio.
421,sun-moon,The user slashes with a sharp claw made from shadows. Critical hits land more easily.
421,sword-shield,The user slashes with a sharp claw made from shadows. Critical hits land more easily.
421,ultra-sun-ultra-moon,The user slashes with a sharp claw made from shadows. Critical hits land more easily.
421,x-y,The user slashes with a sharp claw made from shadows. Critical hits land more easily.
422,black-2-white-2,The user bites with electrified fangs. It may also make the target flinch or leave it with paralysis.
422,black-white,The user bites with electrified fangs. It may also make the target flinch or leave it with paralysis.
422,diamond-pearl,The user bites with electrified fangs. It may also make the foe flinch or become paralyzed.
422,heartgold-soulsilver,The user bites with electrified fangs. It may also make the foe flinch or become paralyzed.
422,lets-go-pikachu-lets-go-eevee,The user bites with electrified fangs. This may also make the target flinch or leave it with paralysis.
422,omega-ruby-alpha-sapphire,The user bites with electrified fangs. This may also make the target flinch or leave it with paralysis.
422,platinum,The user bites with electrified fangs. It may also make the foe flinch or become paralyzed.
422,sun-moon,The user bites with electrified fangs. This may also make the target flinch or leave it with paralysis.
422,sword-shield,The user bites with electrified fangs. This may also make the target flinch or leave it with paralysis.
422,ultra-sun-ultra-moon,The user bites with electrified fangs. This may also make the target flinch or leave it with paralysis.
422,x-y,The user bites with electrified fangs. This may also make the target flinch or leave it with paralysis.
423,black-2-white-2,The user bites with cold-infused fangs. It may also make the target flinch or leave it frozen.
423,black-white,The user bites with cold-infused fangs. It may also make the target flinch or leave it frozen.
423,diamond-pearl,The user bites with cold-infused fangs. It may also make the foe flinch or freeze.
423,heartgold-soulsilver,The user bites with cold-infused fangs. It may also make the foe flinch or freeze.
423,lets-go-pikachu-lets-go-eevee,The user bites with cold-infused fangs. This may also make the target flinch or leave it frozen.
423,omega-ruby-alpha-sapphire,The user bites with cold-infused fangs. This may also make the target flinch or leave it frozen.
423,platinum,The user bites with cold-infused fangs. It may also make the foe flinch or freeze.
423,sun-moon,The user bites with cold-infused fangs. This may also make the target flinch or leave it frozen.
423,sword-shield,The user bites with cold-infused fangs. This may also make the target flinch or leave it frozen.
423,ultra-sun-ultra-moon,The user bites with cold-infused fangs. This may also make the target flinch or leave it frozen.
423,x-y,The user bites with cold-infused fangs. This may also make the target flinch or leave it frozen.
424,black-2-white-2,The user bites with flame-cloaked fangs. It may also make the target flinch or leave it burned.
424,black-white,The user bites with flame-cloaked fangs. It may also make the target flinch or leave it burned.
424,diamond-pearl,The user bites with flame-cloaked fangs. It may also make the foe flinch or sustain a burn.
424,heartgold-soulsilver,The user bites with flame-cloaked fangs. It may also make the foe flinch or sustain a burn.
424,lets-go-pikachu-lets-go-eevee,The user bites with flame-cloaked fangs. This may also make the target flinch or leave it with a burn.
424,omega-ruby-alpha-sapphire,The user bites with flame-cloaked fangs. This may also make the target flinch or leave it with a burn.
424,platinum,The user bites with flame-cloaked fangs. It may also make the foe flinch or sustain a burn.
424,sun-moon,The user bites with flame-cloaked fangs. This may also make the target flinch or leave it with a burn.
424,sword-shield,The user bites with flame-cloaked fangs. This may also make the target flinch or leave it with a burn.
424,ultra-sun-ultra-moon,The user bites with flame-cloaked fangs. This may also make the target flinch or leave it with a burn.
424,x-y,The user bites with flame-cloaked fangs. This may also make the target flinch or leave it with a burn.
425,black-2-white-2,The user extends its shadow and attacks the target from behind. This move always goes first.
425,black-white,The user extends its shadow and attacks the target from behind. This move always goes first.
425,diamond-pearl,The user extends its shadow and attacks the foe from behind. This move always goes first.
425,heartgold-soulsilver,The user extends its shadow and attacks the foe from behind. This move always goes first.
425,lets-go-pikachu-lets-go-eevee,The user extends its shadow and attacks the target from behind. This move always goes first.
425,omega-ruby-alpha-sapphire,The user extends its shadow and attacks the target from behind. This move always goes first.
425,platinum,The user extends its shadow and attacks the foe from behind. This move always goes first.
425,sun-moon,The user extends its shadow and attacks the target from behind. This move always goes first.
425,sword-shield,The user extends its shadow and attacks the target from behind. This move always goes first.
425,ultra-sun-ultra-moon,The user extends its shadow and attacks the target from behind. This move always goes first.
425,x-y,The user extends its shadow and attacks the target from behind. This move always goes first.
426,black-2-white-2,The user launches a hard-packed mud ball to attack. It may also lower the target’s accuracy.
426,black-white,The user launches a hard-packed mud ball to attack. It may also lower the target’s accuracy.
426,diamond-pearl,The user launches a hard-packed mud ball to attack. It may also lower the target’s accuracy.
426,heartgold-soulsilver,The user launches a hard-packed mud ball to attack. It may also lower the target’s accuracy.
426,lets-go-pikachu-lets-go-eevee,The user launches a hard-packed mud ball to attack. This may also lower the target’s accuracy.
426,omega-ruby-alpha-sapphire,The user launches a hard-packed mud ball to attack. This may also lower the target’s accuracy.
426,platinum,The user launches a hard-packed mud ball to attack. It may also lower the target’s accuracy.
426,sun-moon,The user launches a hard-packed mud ball to attack. This may also lower the target’s accuracy.
426,sword-shield,"This move can’t be used. It’s recommended that this move is forgotten. Once forgotten, this move can’t be remembered."
426,ultra-sun-ultra-moon,The user launches a hard-packed mud ball to attack. This may also lower the target’s accuracy.
426,x-y,The user launches a hard-packed mud ball to attack. This may also lower the target’s accuracy.
427,black-2-white-2,The user tears at the target with blades formed by psychic power. Critical hits land more easily.
427,black-white,The user tears at the target with blades formed by psychic power. Critical hits land more easily.
427,diamond-pearl,The user tears at the foe with blades formed by psychic power. It has a high critical-hit ratio.
427,heartgold-soulsilver,The user tears at the foe with blades formed by psychic power. It has a high critical-hit ratio.
427,lets-go-pikachu-lets-go-eevee,The user tears at the target with blades formed by psychic power. Critical hits land more easily.
427,omega-ruby-alpha-sapphire,The user tears at the target with blades formed by psychic power. Critical hits land more easily.
427,platinum,The user tears at the foe with blades formed by psychic power. It has a high critical-hit ratio.
427,sun-moon,The user tears at the target with blades formed by psychic power. Critical hits land more easily.
427,sword-shield,The user tears at the target with blades formed by psychic power. Critical hits land more easily.
427,ultra-sun-ultra-moon,The user tears at the target with blades formed by psychic power. Critical hits land more easily.
427,x-y,The user tears at the target with blades formed by psychic power. Critical hits land more easily.
428,black-2-white-2,The user focuses its willpower to its head and attacks the target. It may also make the target flinch.
428,black-white,The user focuses its willpower to its head and attacks the target. It may also make the target flinch.
428,diamond-pearl,The user focuses its willpower to its head and rams the foe. It may also make the target flinch.
428,heartgold-soulsilver,The user focuses its willpower to its head and rams the foe. It may also make the target flinch.
428,lets-go-pikachu-lets-go-eevee,The user focuses its willpower to its head and attacks the target. This may also make the target flinch.
428,omega-ruby-alpha-sapphire,The user focuses its willpower to its head and attacks the target. This may also make the target flinch.
428,platinum,The user focuses its willpower to its head and rams the foe. It may also make the target flinch.
428,sun-moon,The user focuses its willpower to its head and attacks the target. This may also make the target flinch.
428,sword-shield,The user focuses its willpower to its head and attacks the target. This may also make the target flinch.
428,ultra-sun-ultra-moon,The user focuses its willpower to its head and attacks the target. This may also make the target flinch.
428,x-y,The user focuses its willpower to its head and attacks the target. This may also make the target flinch.
429,black-2-white-2,The user looses a flash of energy at the target from its polished body. It may also lower the target’s accuracy.
429,black-white,The user looses a flash of energy at the target from its polished body. It may also lower the target’s accuracy.
429,diamond-pearl,The user looses a flash of energy from its polished body. It may also lower the target’s accuracy.
429,heartgold-soulsilver,The user looses a flash of energy from its polished body. It may also lower the target’s accuracy.
429,lets-go-pikachu-lets-go-eevee,The user lets loose a flash of energy at the target from its polished body. This may also lower the target’s accuracy.
429,omega-ruby-alpha-sapphire,The user lets loose a flash of energy at the target from its polished body. This may also lower the target’s accuracy.
429,platinum,The user looses a flash of energy from its polished body. It may also lower the target’s accuracy.
429,sun-moon,The user lets loose a flash of energy at the target from its polished body. This may also lower the target’s accuracy.
429,sword-shield,"This move can’t be used. It’s recommended that this move is forgotten. Once forgotten, this move can’t be remembered."
429,ultra-sun-ultra-moon,The user lets loose a flash of energy at the target from its polished body. This may also lower the target’s accuracy.
429,x-y,The user lets loose a flash of energy at the target from its polished body. This may also lower the target’s accuracy.
430,black-2-white-2,The user gathers all its light energy and releases it at once. It may also lower the target’s Sp. Def stat.
430,black-white,The user gathers all its light energy and releases it at once. It may also lower the target’s Sp. Def stat.
430,diamond-pearl,The user gathers all its light energy and releases it at once. It may also lower the foe’s Sp. Def stat.
430,heartgold-soulsilver,The user gathers all its light energy and releases it at once. It may also lower the foe’s Sp. Def stat.
430,lets-go-pikachu-lets-go-eevee,The user gathers all its light energy and releases it all at once. This may also lower the target’s Sp. Def stat.
430,omega-ruby-alpha-sapphire,The user gathers all its light energy and releases it at once. This may also lower the target’s Sp. Def stat.
430,platinum,The user gathers all its light energy and releases it at once. It may also lower the foe’s Sp. Def stat.
430,sun-moon,The user gathers all its light energy and releases it all at once. This may also lower the target’s Sp. Def stat.
430,sword-shield,The user gathers all its light energy and releases it all at once. This may also lower the target’s Sp. Def stat.
430,ultra-sun-ultra-moon,The user gathers all its light energy and releases it all at once. This may also lower the target’s Sp. Def stat.
430,x-y,The user gathers all its light energy and releases it at once. This may also lower the target’s Sp. Def stat.
431,black-2-white-2,The user attacks the target by smashing into it with incredible force. It may also confuse the target.
431,black-white,The user attacks the target by smashing into it with incredible force. It may also confuse the target.
431,diamond-pearl,A charging attack that may also leave the foe confused. It can also be used to scale rocky walls.
431,heartgold-soulsilver,A charging attack that may also leave the foe confused. It can also be used to scale rocky walls.
431,lets-go-pikachu-lets-go-eevee,The user attacks the target by smashing into it with incredible force. This may also confuse the target.
431,omega-ruby-alpha-sapphire,The user attacks the target by smashing into it with incredible force. This may also confuse the target.
431,platinum,A charging attack that may also leave the foe confused. It can also be used to scale rocky walls.
431,sun-moon,The user attacks the target by smashing into it with incredible force. This may also confuse the target.
431,sword-shield,"This move can’t be used. It’s recommended that this move is forgotten. Once forgotten, this move can’t be remembered."
431,ultra-sun-ultra-moon,The user attacks the target by smashing into it with incredible force. This may also confuse the target.
431,x-y,The user attacks the target by smashing into it with incredible force. This may also confuse the target.
432,black-2-white-2,A strong wind blows away the target’s obstacles such as Reflect or Light Screen. It also lowers the target’s evasiveness.
432,black-white,A strong wind blows away the target’s obstacles such as Reflect or Light Screen. It also lowers the target’s evasiveness.
432,diamond-pearl,"Obstacles are moved, reducing the foe’s evasion stat. It can also be used to clear deep fog, etc."
432,heartgold-soulsilver,"It reduces the foe’s evasion stat. It also removes spikes, light screens, etc."
432,lets-go-pikachu-lets-go-eevee,A strong wind blows away the target’s barriers such as Reflect or Light Screen. This also lowers the target’s evasiveness.
432,omega-ruby-alpha-sapphire,A strong wind blows away the target’s barriers such as Reflect or Light Screen. This also lowers the target’s evasiveness.
432,platinum,"Obstacles are moved, reducing the foe’s evasion stat. It can also be used to clear deep fog, etc."
432,sun-moon,A strong wind blows away the target’s barriers such as Reflect or Light Screen. This also lowers the target’s evasiveness.
432,sword-shield,A strong wind blows away the target’s barriers such as Reflect or Light Screen. This also lowers the target’s evasiveness.
432,ultra-sun-ultra-moon,A strong wind blows away the target’s barriers such as Reflect or Light Screen. This also lowers the target’s evasiveness.
432,x-y,A strong wind blows away the target’s barriers such as Reflect or Light Screen. This also lowers the target’s evasiveness.
433,black-2-white-2,The user creates a bizarre area in which slower Pokémon get to move first for five turns.
433,black-white,The user creates a bizarre area in which slower Pokémon get to move first for five turns.
433,diamond-pearl,The user creates a bizarre area in which slower Pokémon get to move first for five turns.
433,heartgold-soulsilver,The user creates a bizarre area in which slower Pokémon get to move first for five turns.
433,lets-go-pikachu-lets-go-eevee,The user creates a bizarre area in which slower Pokémon get to move first for five turns.
433,omega-ruby-alpha-sapphire,The user creates a bizarre area in which slower Pokémon get to move first for five turns.
433,platinum,The user creates a bizarre area in which slower Pokémon get to move first for five turns.
433,sun-moon,The user creates a bizarre area in which slower Pokémon get to move first for five turns.
433,sword-shield,The user creates a bizarre area in which slower Pokémon get to move first for five turns.
433,ultra-sun-ultra-moon,The user creates a bizarre area in which slower Pokémon get to move first for five turns.
433,x-y,The user creates a bizarre area in which slower Pokémon get to move first for five turns.
434,black-2-white-2,Comets are summoned down from the sky onto the target. The attack’s recoil harshly reduces the user’s Sp. Atk stat.
434,black-white,Comets are summoned down from the sky onto the target. The attack’s recoil harshly reduces the user’s Sp. Atk stat.
434,diamond-pearl,Comets are summoned down from the sky. The attack’s recoil sharply reduces the user’s Sp. Atk stat.
434,heartgold-soulsilver,Comets are summoned down from the sky. The attack’s recoil sharply reduces the user’s Sp. Atk stat.
434,lets-go-pikachu-lets-go-eevee,Comets are summoned down from the sky onto the target. The attack’s recoil harshly lowers the user’s Sp. Atk stat.
434,omega-ruby-alpha-sapphire,Comets are summoned down from the sky onto the target. The attack’s recoil harshly lowers the user’s Sp. Atk stat.
434,platinum,Comets are summoned down from the sky. The attack’s recoil sharply reduces the user’s Sp. Atk stat.
434,sun-moon,Comets are summoned down from the sky onto the target. The attack’s recoil harshly lowers the user’s Sp. Atk stat.
434,sword-shield,Comets are summoned down from the sky onto the target. The attack’s recoil harshly lowers the user’s Sp. Atk stat.
434,ultra-sun-ultra-moon,Comets are summoned down from the sky onto the target. The attack’s recoil harshly lowers the user’s Sp. Atk stat.
434,x-y,Comets are summoned down from the sky onto the target. The attack’s recoil harshly lowers the user’s Sp. Atk stat.
435,black-2-white-2,A flare of electricity is loosed to strike the area around the user. It may also cause paralysis.
435,black-white,A flare of electricity is loosed to strike the area around the user. It may also cause paralysis.
435,diamond-pearl,A flare of electricity is loosed to strike all Pokémon in battle. It may also cause paralysis.
435,heartgold-soulsilver,A flare of electricity is loosed to strike all Pokémon in battle. It may also cause paralysis.
435,lets-go-pikachu-lets-go-eevee,The user strikes everything around it by letting loose a flare of electricity. This may also cause paralysis.
435,omega-ruby-alpha-sapphire,The user strikes everything around it by letting loose a flare of electricity. This may also cause paralysis.
435,platinum,A flare of electricity is loosed to strike all Pokémon in battle. It may also cause paralysis.
435,sun-moon,The user strikes everything around it by letting loose a flare of electricity. This may also cause paralysis.
435,sword-shield,The user strikes everything around it by letting loose a flare of electricity. This may also cause paralysis.
435,ultra-sun-ultra-moon,The user strikes everything around it by letting loose a flare of electricity. This may also cause paralysis.
435,x-y,The user strikes everything around it by letting loose a flare of electricity. This may also cause paralysis.
436,black-2-white-2,An inferno of scarlet flames torches everything around the user. It may leave targets with a burn.
436,black-white,An inferno of scarlet flames torches everything around the user. It may leave targets with a burn.
436,diamond-pearl,An inferno of scarlet flames washes over all Pokémon in battle. It may also inflict burns.
436,heartgold-soulsilver,An inferno of scarlet flames washes over all Pokémon in battle. It may also inflict burns.
436,lets-go-pikachu-lets-go-eevee,The user torches everything around it in an inferno of scarlet flames. This may also leave those it hits with a burn.
436,omega-ruby-alpha-sapphire,The user torches everything around it with an inferno of scarlet flames. This may also leave those hit with a burn.
436,platinum,An inferno of scarlet flames washes over all Pokémon in battle. It may also inflict burns.
436,sun-moon,The user torches everything around it in an inferno of scarlet flames. This may also leave those it hits with a burn.
436,sword-shield,The user torches everything around it in an inferno of scarlet flames. This may also leave those it hits with a burn.
436,ultra-sun-ultra-moon,The user torches everything around it in an inferno of scarlet flames. This may also leave those it hits with a burn.
436,x-y,The user torches everything around it with an inferno of scarlet flames. This may also leave those hit with a burn.
437,black-2-white-2,The user whips up a storm of leaves around the target. The attack’s recoil harshly reduces the user’s Sp. Atk stat.
437,black-white,The user whips up a storm of leaves around the target. The attack’s recoil harshly reduces the user’s Sp. Atk stat.
437,diamond-pearl,A storm of sharp leaves is whipped up. The attack’s recoil sharply reduces the user’s Sp. Atk stat.
437,heartgold-soulsilver,A storm of sharp leaves is whipped up. The attack’s recoil sharply reduces the user’s Sp. Atk stat.
437,lets-go-pikachu-lets-go-eevee,The user whips up a storm of leaves around the target. The attack’s recoil harshly lowers the user’s Sp. Atk stat.
437,omega-ruby-alpha-sapphire,The user whips up a storm of leaves around the target. The attack’s recoil harshly lowers the user’s Sp. Atk stat.
437,platinum,A storm of sharp leaves is whipped up. The attack’s recoil sharply reduces the user’s Sp. Atk stat.
437,sun-moon,The user whips up a storm of leaves around the target. The attack’s recoil harshly lowers the user’s Sp. Atk stat.
437,sword-shield,The user whips up a storm of leaves around the target. The attack’s recoil harshly lowers the user’s Sp. Atk stat.
437,ultra-sun-ultra-moon,The user whips up a storm of leaves around the target. The attack’s recoil harshly lowers the user’s Sp. Atk stat.
437,x-y,The user whips up a storm of leaves around the target. The attack’s recoil harshly lowers the user’s Sp. Atk stat.
438,black-2-white-2,The user violently whirls its vines or tentacles to harshly lash the target.
438,black-white,The user violently whirls its vines or tentacles to harshly lash the target.
438,diamond-pearl,The user violently whirls its vines or tentacles to harshly lash the foe.
438,heartgold-soulsilver,The user violently whirls its vines or tentacles to harshly lash the foe.
438,lets-go-pikachu-lets-go-eevee,"The user violently whirls its vines, tentacles, or the like to harshly lash the target."
438,omega-ruby-alpha-sapphire,The user violently whirls its vines or tentacles to harshly lash the target.
438,platinum,The user violently whirls its vines or tentacles to harshly lash the foe.
438,sun-moon,"The user violently whirls its vines, tentacles, or the like to harshly lash the target."
438,sword-shield,"The user violently whirls its vines, tentacles, or the like to harshly lash the target."
438,ultra-sun-ultra-moon,"The user violently whirls its vines, tentacles, or the like to harshly lash the target."
438,x-y,The user violently whirls its vines or tentacles to harshly lash the target.
439,black-2-white-2,"The user launches a huge boulder at the target to attack. It must rest on the next turn, however."
439,black-white,"The user launches a huge boulder at the target to attack. It must rest on the next turn, however."
439,diamond-pearl,"The user launches a huge boulder at the foe to attack. It must rest on the next turn, however."
439,heartgold-soulsilver,"The user launches a huge boulder at the foe to attack. It must rest on the next turn, however."
439,lets-go-pikachu-lets-go-eevee,The user launches a huge boulder at the target to attack. The user can’t move on the next turn.
439,omega-ruby-alpha-sapphire,The user launches a huge boulder at the target to attack. The user can’t move on the next turn.
439,platinum,"The user launches a huge boulder at the foe to attack. It must rest on the next turn, however."
439,sun-moon,The user launches a huge boulder at the target to attack. The user can’t move on the next turn.
439,sword-shield,The user launches a huge boulder at the target to attack. The user can’t move on the next turn.
439,ultra-sun-ultra-moon,The user launches a huge boulder at the target to attack. The user can’t move on the next turn.
439,x-y,The user launches a huge boulder at the target to attack. The user can’t move on the next turn.
440,black-2-white-2,A slashing attack with a poisonous blade that may also leave the target poisoned. Critical hits land more easily.
440,black-white,A slashing attack with a poisonous blade that may also leave the target poisoned. Critical hits land more easily.
440,diamond-pearl,A slashing attack that may also leave the target poisoned. It has a high critical-hit ratio.
440,heartgold-soulsilver,A slashing attack that may also leave the target poisoned. It has a high critical-hit ratio.
440,lets-go-pikachu-lets-go-eevee,A slashing attack with a poisonous blade that may also poison the target. Critical hits land more easily.
440,omega-ruby-alpha-sapphire,A slashing attack with a poisonous blade that may also poison the target. Critical hits land more easily.
440,platinum,A slashing attack that may also leave the target poisoned. It has a high critical-hit ratio.
440,sun-moon,A slashing attack with a poisonous blade that may also poison the target. Critical hits land more easily.
440,sword-shield,A slashing attack with a poisonous blade that may also poison the target. Critical hits land more easily.
440,ultra-sun-ultra-moon,A slashing attack with a poisonous blade that may also poison the target. Critical hits land more easily.
440,x-y,A slashing attack with a poisonous blade that may also poison the target. Critical hits land more easily.
441,black-2-white-2,The user shoots filthy garbage at the target to attack. It may also poison the target.
441,black-white,The user shoots filthy garbage at the target to attack. It may also poison the target.
441,diamond-pearl,The user shoots filthy garbage at the foe to attack. It may also poison the target.
441,heartgold-soulsilver,The user shoots filthy garbage at the foe to attack. It may also poison the target.
441,lets-go-pikachu-lets-go-eevee,The user shoots filthy garbage at the target to attack. This may also poison the target.
441,omega-ruby-alpha-sapphire,The user shoots filthy garbage at the target to attack. This may also poison the target.
441,platinum,The user shoots filthy garbage at the foe to attack. It may also poison the target.
441,sun-moon,The user shoots filthy garbage at the target to attack. This may also poison the target.
441,sword-shield,The user shoots filthy garbage at the target to attack. This may also poison the target.
441,ultra-sun-ultra-moon,The user shoots filthy garbage at the target to attack. This may also poison the target.
441,x-y,The user shoots filthy garbage at the target to attack. This may also poison the target.
442,black-2-white-2,The user slams the target with its steel-hard head. It may also make the target flinch.
442,black-white,The user slams the target with its steel-hard head. It may also make the target flinch.
442,diamond-pearl,The foe slams the target with its steel-hard head. It may also make the target flinch.
442,heartgold-soulsilver,The foe slams the target with its steel-hard head. It may also make the target flinch.
442,lets-go-pikachu-lets-go-eevee,The user slams the target with its steel-hard head. This may also make the target flinch.
442,omega-ruby-alpha-sapphire,The user slams the target with its steel-hard head. This may also make the target flinch.
442,platinum,The foe slams the target with its steel-hard head. It may also make the target flinch.
442,sun-moon,The user slams the target with its steel-hard head. This may also make the target flinch.
442,sword-shield,The user slams the target with its steel-hard head. This may also make the target flinch.
442,ultra-sun-ultra-moon,The user slams the target with its steel-hard head. This may also make the target flinch.
442,x-y,The user slams the target with its steel-hard head. This may also make the target flinch.
443,black-2-white-2,The user launches steel bombs that stick to the target. This attack will not miss.
443,black-white,The user launches steel bombs that stick to the target. This attack will not miss.
443,diamond-pearl,The user launches a steel bomb that sticks to the target. This attack will not miss.
443,heartgold-soulsilver,The user launches a steel bomb that sticks to the target. This attack will not miss.
443,lets-go-pikachu-lets-go-eevee,The user launches steel bombs that stick to the target. This attack never misses.
443,omega-ruby-alpha-sapphire,The user launches steel bombs that stick to the target. This attack never misses.
443,platinum,The user launches a steel bomb that sticks to the target. This attack will not miss.
443,sun-moon,The user launches steel bombs that stick to the target. This attack never misses.
443,sword-shield,"This move can’t be used. It’s recommended that this move is forgotten. Once forgotten, this move can’t be remembered."
443,ultra-sun-ultra-moon,The user launches steel bombs that stick to the target. This attack never misses.
443,x-y,The user launches steel bombs that stick to the target. This attack never misses.
444,black-2-white-2,The user stabs the foe with sharpened stones from below. It has a high critical-hit ratio.
444,black-white,The user stabs the foe with sharpened stones from below. It has a high critical-hit ratio.
444,diamond-pearl,The user stabs the foe with a sharpened stone. It has a high critical-hit ratio.
444,heartgold-soulsilver,The user stabs the foe with a sharpened stone. It has a high critical-hit ratio.
444,lets-go-pikachu-lets-go-eevee,The user stabs the target from below with sharpened stones. Critical hits land more easily.
444,omega-ruby-alpha-sapphire,The user stabs the target with sharpened stones from below. Critical hits land more easily.
444,platinum,The user stabs the foe with a sharpened stone. It has a high critical-hit ratio.
444,sun-moon,The user stabs the target from below with sharpened stones. Critical hits land more easily.
444,sword-shield,The user stabs the target from below with sharpened stones. Critical hits land more easily.
444,ultra-sun-ultra-moon,The user stabs the target from below with sharpened stones. Critical hits land more easily.
444,x-y,The user stabs the target with sharpened stones from below. Critical hits land more easily.
445,black-2-white-2,"If it is the opposite gender of the user, the target is charmed into harshly lowering its Sp. Atk stat."
445,black-white,"If it is the opposite gender of the user, the target is charmed into harshly lowering its Sp. Atk stat."
445,diamond-pearl,"If it is the opposite gender of the user, the foe is charmed into sharply lowering its Sp. Atk stat."
445,heartgold-soulsilver,"If it is the opposite gender of the user, the foe is charmed into sharply lowering its Sp. Atk stat."
445,lets-go-pikachu-lets-go-eevee,"If any opposing Pokémon is the opposite gender of the user, it is charmed, which harshly lowers its Sp. Atk stat."
445,omega-ruby-alpha-sapphire,"If any opposing Pokémon is the opposite gender of the user, it is charmed, which harshly lowers its Sp. Atk stat."
445,platinum,"If it is the opposite gender of the user, the foe is charmed into sharply lowering its Sp. Atk stat."
445,sun-moon,"If any opposing Pokémon is the opposite gender of the user, it is charmed, which harshly lowers its Sp. Atk stat."
445,sword-shield,"This move can’t be used. It’s recommended that this move is forgotten. Once forgotten, this move can’t be remembered."
445,ultra-sun-ultra-moon,"If any opposing Pokémon is the opposite gender of the user, it is charmed, which harshly lowers its Sp. Atk stat."
445,x-y,"If any opposing Pokémon is the opposite gender of the user, it is charmed, which harshly lowers its Sp. Atk stat."
446,black-2-white-2,The user lays a trap of levitating stones around the opponent’s team. The trap hurts opponents that switch into battle.
446,black-white,The user lays a trap of levitating stones around the opponent’s team. The trap hurts opponents that switch into battle.
446,diamond-pearl,The user lays a trap of levitating stones around the foe. The trap hurts foes that switch into battle.
446,heartgold-soulsilver,The user lays a trap of levitating stones around the foe. The trap hurts foes that switch into battle.
446,lets-go-pikachu-lets-go-eevee,The user lays a trap of levitating stones around the opposing team. The trap hurts opposing Pokémon that switch into battle.
446,omega-ruby-alpha-sapphire,The user lays a trap of levitating stones around the opposing team. The trap hurts opposing Pokémon that switch into battle.
446,platinum,The user lays a trap of levitating stones around the foe. The trap hurts foes that switch into battle.
446,sun-moon,The user lays a trap of levitating stones around the opposing team. The trap hurts opposing Pokémon that switch into battle.
446,sword-shield,The user lays a trap of levitating stones around the opposing team. The trap hurts opposing Pokémon that switch into battle.
446,ultra-sun-ultra-moon,The user lays a trap of levitating stones around the opposing team. The trap hurts opposing Pokémon that switch into battle.
446,x-y,The user lays a trap of levitating stones around the opposing team. The trap hurts opposing Pokémon that switch into battle.
447,black-2-white-2,"The user snares the target with grass and trips it. The heavier the target, the greater the damage."
447,black-white,"The user snares the target with grass and trips it. The heavier the target, the greater the damage."
447,diamond-pearl,"The user snares the foe with grass and trips it. The heavier the foe, the greater the damage."
447,heartgold-soulsilver,"The user snares the foe with grass and trips it. The heavier the foe, the greater the damage."
447,lets-go-pikachu-lets-go-eevee,"The user snares the target with grass and trips it. The heavier the target, the greater the move’s power."
447,omega-ruby-alpha-sapphire,"The user snares the target with grass and trips it. The heavier the target, the greater the move’s power."
447,platinum,"The user snares the foe with grass and trips it. The heavier the foe, the greater the damage."
447,sun-moon,"The user snares the target with grass and trips it. The heavier the target, the greater the move’s power."
447,sword-shield,"The user snares the target with grass and trips it. The heavier the target, the greater the move’s power."
447,ultra-sun-ultra-moon,"The user snares the target with grass and trips it. The heavier the target, the greater the move’s power."
447,x-y,"The user snares the target with grass and trips it. The heavier the target, the greater the move’s power."
448,black-2-white-2,The user attacks using a sound wave based on words it has learned. It may also confuse the target.
448,black-white,The user attacks using a sound wave based on words it has learned. It may also confuse the target.
448,diamond-pearl,The user attacks using a sound wave based on words it has learned. It may also confuse the foe.
448,heartgold-soulsilver,The user attacks using a sound wave based on words it has learned. It may also confuse the foe.
448,lets-go-pikachu-lets-go-eevee,The user attacks the target with sound waves of deafening chatter. This confuses the target.
448,omega-ruby-alpha-sapphire,The user attacks the target with sound waves of deafening chatter. This confuses the target.
448,platinum,The user attacks using a sound wave based on words it has learned. It may also confuse the foe.
448,sun-moon,The user attacks the target with sound waves of deafening chatter. This confuses the target.
448,sword-shield,The user attacks the target with sound waves of deafening chatter. This confuses the target.
448,ultra-sun-ultra-moon,The user attacks the target with sound waves of deafening chatter. This confuses the target.
448,x-y,The user attacks using a sound wave based on words it has learned. This confuses the target.
449,black-2-white-2,The user releases countless shots of light at the target. Its type varies with the kind of Plate the user is holding.
449,black-white,The user releases countless shots of light at the target. Its type varies with the kind of Plate the user is holding.
449,diamond-pearl,The user releases countless shots of light. Its type varies with the kind of Plate the user is holding.
449,heartgold-soulsilver,The user releases countless shots of light. Its type varies with the kind of Plate the user is holding.
449,lets-go-pikachu-lets-go-eevee,The user releases countless shots of light at the target. This move’s type varies depending on the kind of Plate the user is holding.
449,omega-ruby-alpha-sapphire,The user releases countless shots of light at the target. This move’s type varies depending on the kind of Plate the user is holding.
449,platinum,The user releases countless shots of light. Its type varies with the kind of Plate the user is holding.
449,sun-moon,The user releases countless shots of light at the target. This move’s type varies depending on the kind of Plate the user is holding.
449,sword-shield,The user releases countless shots of light at the target. This move’s type varies depending on the kind of Plate the user is holding.
449,ultra-sun-ultra-moon,The user releases countless shots of light at the target. This move’s type varies depending on the kind of Plate the user is holding.
449,x-y,The user releases countless shots of light at the target. This move’s type varies depending on the kind of Plate the user is holding.
450,black-2-white-2,"The user bites the target. If the target is holding a Berry, the user eats it and gains its effect."
450,black-white,"The user bites the target. If the target is holding a Berry, the user eats it and gains its effect."
450,diamond-pearl,"The user bites the foe. If the foe is holding a Berry, the user eats it and gains its effect."
450,heartgold-soulsilver,"The user bites the foe. If the foe is holding a Berry, the user eats it and gains its effect."
450,lets-go-pikachu-lets-go-eevee,"The user bites the target. If the target is holding a Berry, the user eats it and gains its effect."
450,omega-ruby-alpha-sapphire,"The user bites the target. If the target is holding a Berry, the user eats it and gains its effect."
450,platinum,"The user bites the foe. If the foe is holding a Berry, the user eats it and gains its effect."
450,sun-moon,"The user bites the target. If the target is holding a Berry, the user eats it and gains its effect."
450,sword-shield,"The user bites the target. If the target is holding a Berry, the user eats it and gains its effect."
450,ultra-sun-ultra-moon,"The user bites the target. If the target is holding a Berry, the user eats it and gains its effect."
450,x-y,"The user bites the target. If the target is holding a Berry, the user eats it and gains its effect."
451,black-2-white-2,The user attacks with an electric charge. The user may use any remaining electricity to raise its Sp. Atk stat.
451,black-white,The user attacks with an electric charge. The user may use any remaining electricity to raise its Sp. Atk stat.
451,diamond-pearl,The user fires a concentrated bundle of electricity. It may also raise the user’s Sp. Atk stat.
451,heartgold-soulsilver,The user fires a concentrated bundle of electricity. It may also raise the user’s Sp. Atk stat.
451,lets-go-pikachu-lets-go-eevee,The user attacks with an electric charge. The user may use any remaining electricity to raise its Sp. Atk stat.
451,omega-ruby-alpha-sapphire,The user attacks with an electric charge. The user may use any remaining electricity to raise its Sp. Atk stat.
451,platinum,The user fires a concentrated bundle of electricity. It may also raise the user’s Sp. Atk stat.
451,sun-moon,The user attacks with an electric charge. The user may use any remaining electricity to raise its Sp. Atk stat.
451,sword-shield,The user attacks the target with an electric charge. The user may use any remaining electricity to raise its Sp. Atk stat.
451,ultra-sun-ultra-moon,The user attacks with an electric charge. The user may use any remaining electricity to raise its Sp. Atk stat.
451,x-y,The user attacks with an electric charge. The user may use any remaining electricity to raise its Sp. Atk stat.
452,black-2-white-2,The user slams its rugged body into the target to attack. The user also sustains serious damage.
452,black-white,The user slams its rugged body into the target to attack. The user also sustains serious damage.
452,diamond-pearl,The user slams its rugged body into the foe to attack. The user also sustains serious damage.
452,heartgold-soulsilver,The user slams its rugged body into the foe to attack. The user also sustains serious damage.
452,lets-go-pikachu-lets-go-eevee,The user slams its rugged body into the target to attack. This also damages the user quite a lot.
452,omega-ruby-alpha-sapphire,The user slams its rugged body into the target to attack. This also damages the user quite a lot.
452,platinum,The user slams its rugged body into the foe to attack. The user also sustains serious damage.
452,sun-moon,The user slams its rugged body into the target to attack. This also damages the user quite a lot.
452,sword-shield,The user slams its rugged body into the target to attack. This also damages the user quite a lot.
452,ultra-sun-ultra-moon,The user slams its rugged body into the target to attack. This also damages the user quite a lot.
452,x-y,The user slams its rugged body into the target to attack. This also damages the user quite a lot.
453,black-2-white-2,The user lunges at the target at a speed that makes it almost invisible. It is sure to strike first.
453,black-white,The user lunges at the target at a speed that makes it almost invisible. It is sure to strike first.
453,diamond-pearl,The user lunges at the foe at a speed that makes it almost invisible. It is sure to strike first.
453,heartgold-soulsilver,The user lunges at the foe at a speed that makes it almost invisible. It is sure to strike first.
453,lets-go-pikachu-lets-go-eevee,The user lunges at the target at a speed that makes it almost invisible. This move always goes first.
453,omega-ruby-alpha-sapphire,The user lunges at the target at a speed that makes it almost invisible. This move always goes first.
453,platinum,The user lunges at the foe at a speed that makes it almost invisible. It is sure to strike first.
453,sun-moon,The user lunges at the target at a speed that makes it almost invisible. This move always goes first.
453,sword-shield,The user lunges at the target at a speed that makes it almost invisible. This move always goes first.
453,ultra-sun-ultra-moon,The user lunges at the target at a speed that makes it almost invisible. This move always goes first.
453,x-y,The user lunges at the target at a speed that makes it almost invisible. This move always goes first.
454,black-2-white-2,The user calls out its underlings to pummel the target. Critical hits land more easily.
454,black-white,The user calls out its underlings to pummel the target. Critical hits land more easily.
454,diamond-pearl,The user calls out its underlings to pummel the foe. It has a high critical-hit ratio.
454,heartgold-soulsilver,The user calls out its underlings to pummel the foe. It has a high critical-hit ratio.
454,lets-go-pikachu-lets-go-eevee,The user calls out its underlings to pummel the target. Critical hits land more easily.
454,omega-ruby-alpha-sapphire,The user calls out its underlings to pummel the target. Critical hits land more easily.
454,platinum,The user calls out its underlings to pummel the foe. It has a high critical-hit ratio.
454,sun-moon,The user calls out its underlings to pummel the target. Critical hits land more easily.
454,sword-shield,The user calls out its underlings to pummel the target. Critical hits land more easily.
454,ultra-sun-ultra-moon,The user calls out its underlings to pummel the target. Critical hits land more easily.
454,x-y,The user calls out its underlings to pummel the target. Critical hits land more easily.
455,black-2-white-2,"The user calls out its underlings to shield its body, raising its Defense and Sp. Def stats."
455,black-white,"The user calls out its underlings to shield its body, raising its Defense and Sp. Def stats."
455,diamond-pearl,"The user calls out its underlings to make a living shield, raising its Defense and Sp. Def stats."
455,heartgold-soulsilver,"The user calls out its underlings to shield its body, raising its Defense and Sp. Def stats."
455,lets-go-pikachu-lets-go-eevee,"The user calls out its underlings to shield its body, raising its Defense and Sp. Def stats."
455,omega-ruby-alpha-sapphire,"The user calls out its underlings to shield its body, raising its Defense and Sp. Def stats."
455,platinum,"The user calls out its underlings to shield its body, raising its Defense and Sp. Def stats."
455,sun-moon,"The user calls out its underlings to shield its body, raising its Defense and Sp. Def stats."
455,sword-shield,"The user calls out its underlings to shield its body, raising its Defense and Sp. Def stats."
455,ultra-sun-ultra-moon,"The user calls out its underlings to shield its body, raising its Defense and Sp. Def stats."
455,x-y,"The user calls out its underlings to shield its body, raising its Defense and Sp. Def stats."
456,black-2-white-2,The user calls out its underlings to heal it. The user regains up to half of its max HP.
456,black-white,The user calls out its underlings to heal it. The user regains up to half of its max HP.
456,diamond-pearl,The user calls out its underlings to heal it. The user regains up to half of its max HP.
456,heartgold-soulsilver,The user calls out its underlings to heal it. The user regains up to half of its max HP.
456,lets-go-pikachu-lets-go-eevee,The user calls out its underlings to heal it. The user regains up to half of its max HP.
456,omega-ruby-alpha-sapphire,The user calls out its underlings to heal it. The user regains up to half of its max HP.
456,platinum,The user calls out its underlings to heal it. The user regains up to half of its max HP.
456,sun-moon,The user calls out its underlings to heal it. The user regains up to half of its max HP.
456,sword-shield,"This move can’t be used. It’s recommended that this move is forgotten. Once forgotten, this move can’t be remembered."
456,ultra-sun-ultra-moon,The user calls out its underlings to heal it. The user regains up to half of its max HP.
456,x-y,The user calls out its underlings to heal it. The user regains up to half of its max HP.
457,black-2-white-2,"The user attacks the target with a hazardous, full-power headbutt. The user also takes terrible damage."
457,black-white,"The user attacks the target with a hazardous, full-power headbutt. The user also takes terrible damage."
457,diamond-pearl,The user delivers a life-endangering head butt at full power. The user also takes terrible damage.
457,heartgold-soulsilver,The user delivers a life-endangering attack at full power. The user also takes terrible damage.
457,lets-go-pikachu-lets-go-eevee,"The user attacks the target with a hazardous, full-power headbutt. This also damages the user terribly."
457,omega-ruby-alpha-sapphire,"The user attacks the target with a hazardous, full-power headbutt. This also damages the user terribly."
457,platinum,The user delivers a life-endangering head butt at full power. The user also takes terrible damage.
457,sun-moon,"The user attacks the target with a hazardous, full-power headbutt. This also damages the user terribly."
457,sword-shield,"The user attacks the target with a hazardous, full-power headbutt. This also damages the user terribly."
457,ultra-sun-ultra-moon,"The user attacks the target with a hazardous, full-power headbutt. This also damages the user terribly."
457,x-y,"The user attacks the target with a hazardous, full-power headbutt. This also damages the user terribly."
458,black-2-white-2,"The user slams the target with a long tail, vines, or tentacle. The target is hit twice in a row."
458,black-white,"The user slams the target with a long tail, vines, or tentacle. The target is hit twice in a row."
458,diamond-pearl,"The user slams the foe with a tail, etc. The target is hit twice in a row."
458,heartgold-soulsilver,"The user slams the foe with a long tail, vines, etc. The target is hit twice in a row."
458,lets-go-pikachu-lets-go-eevee,"The user slams the target with a long tail, vines, or a tentacle. The target is hit twice in a row."
458,omega-ruby-alpha-sapphire,"The user slams the target with a long tail, vines, or a tentacle. The target is hit twice in a row."
458,platinum,"The user slams the foe with a tail, etc. The target is hit twice in a row."
458,sun-moon,"The user slams the target with a long tail, vines, or a tentacle. The target is hit twice in a row."
458,sword-shield,"The user slams the target with a long tail, vines, or a tentacle. The target is hit twice in a row."
458,ultra-sun-ultra-moon,"The user slams the target with a long tail, vines, or a tentacle. The target is hit twice in a row."
458,x-y,"The user slams the target with a long tail, vines, or a tentacle. The target is hit twice in a row."
459,black-2-white-2,The user blasts the target with power that distorts even time. The user must rest on the next turn.
459,black-white,The user blasts the target with power that distorts even time. The user must rest on the next turn.
459,diamond-pearl,The user blasts the foe with power that distorts even time. The user must rest on the next turn.
459,heartgold-soulsilver,The user blasts the foe with power that distorts even time. The user must rest on the next turn.
459,lets-go-pikachu-lets-go-eevee,The user blasts the target with power that distorts even time. The user can’t move on the next turn.
459,omega-ruby-alpha-sapphire,The user blasts the target with power that distorts even time. The user can’t move on the next turn.
459,platinum,The user blasts the foe with power that distorts even time. The user must rest on the next turn.
459,sun-moon,The user blasts the target with power that distorts even time. The user can’t move on the next turn.
459,sword-shield,The user blasts the target with power that distorts even time. The user can’t move on the next turn.
459,ultra-sun-ultra-moon,The user blasts the target with power that distorts even time. The user can’t move on the next turn.
459,x-y,The user blasts the target with power that distorts even time. The user can’t move on the next turn.
460,black-2-white-2,The user tears the target along with the space around it. Critical hits land more easily.
460,black-white,The user tears the target along with the space around it. Critical hits land more easily.
460,diamond-pearl,The user tears the foe along with the space around it. This move has a high critical-hit ratio.
460,heartgold-soulsilver,The user tears the foe along with the space around it. This move has a high critical-hit ratio.
460,lets-go-pikachu-lets-go-eevee,The user tears the target along with the space around it. Critical hits land more easily.
460,omega-ruby-alpha-sapphire,The user tears the target along with the space around it. Critical hits land more easily.
460,platinum,The user tears the foe along with the space around it. This move has a high critical-hit ratio.
460,sun-moon,The user tears the target along with the space around it. Critical hits land more easily.
460,sword-shield,The user tears the target along with the space around it. Critical hits land more easily.
460,ultra-sun-ultra-moon,The user tears the target along with the space around it. Critical hits land more easily.
460,x-y,The user tears the target along with the space around it. Critical hits land more easily.
461,black-2-white-2,"The user faints. In return, the Pokémon taking its place will have its status and HP fully restored."
461,black-white,"The user faints. In return, the Pokémon taking its place will have its status and HP fully restored."
461,diamond-pearl,"The user faints. In return, the Pokémon taking its place will have its status and HP fully restored."
461,heartgold-soulsilver,"The user faints. In return, the Pokémon taking its place will have its status and HP fully restored."
461,lets-go-pikachu-lets-go-eevee,"The user faints. In return, the Pokémon taking its place will have its status and HP fully restored."
461,omega-ruby-alpha-sapphire,"The user faints. In return, the Pokémon taking its place will have its status and HP fully restored."
461,platinum,"The user faints. In return, the Pokémon taking its place will have its status and HP fully restored."
461,sun-moon,"The user faints. In return, the Pokémon taking its place will have its status and HP fully restored."
461,sword-shield,"The user faints. In return, the Pokémon taking its place will have its status and HP fully restored."
461,ultra-sun-ultra-moon,"The user faints. In return, the Pokémon taking its place will have its status and HP fully restored."
461,x-y,"The user faints. In return, the Pokémon taking its place will have its status and HP fully restored."
462,black-2-white-2,The target is crushed with great force. The attack is more powerful the more HP the target has left.
462,black-white,The target is crushed with great force. The attack is more powerful the more HP the target has left.
462,diamond-pearl,The foe is crushed with great force. The attack is more powerful the more HP the foe has left.
462,heartgold-soulsilver,The foe is crushed with great force. The attack is more powerful the more HP the foe has left.
462,lets-go-pikachu-lets-go-eevee,"The target is crushed with great force. The more HP the target has left, the greater this move’s power."
462,omega-ruby-alpha-sapphire,"The target is crushed with great force. The more HP the target has left, the greater this move’s power."
462,platinum,The foe is crushed with great force. The attack is more powerful the more HP the foe has left.
462,sun-moon,"The target is crushed with great force. The more HP the target has left, the greater this move’s power."
462,sword-shield,"The target is crushed with great force. The more HP the target has left, the greater this move’s power."
462,ultra-sun-ultra-moon,"The target is crushed with great force. The more HP the target has left, the greater this move’s power."
462,x-y,"The target is crushed with great force. The more HP the target has left, the greater this move’s power."
463,black-2-white-2,The target becomes trapped within a maelstrom of fire that rages for four to five turns.
463,black-white,The target becomes trapped within a maelstrom of fire that rages for four to five turns.
463,diamond-pearl,The foe becomes trapped within a maelstrom of fire that rages for two to five turns.
463,heartgold-soulsilver,The foe becomes trapped within a maelstrom of fire that rages for two to five turns.
463,lets-go-pikachu-lets-go-eevee,The target becomes trapped within a maelstrom of fire that rages for four to five turns.
463,omega-ruby-alpha-sapphire,The target becomes trapped within a maelstrom of fire that rages for four to five turns.
463,platinum,The foe becomes trapped within a maelstrom of fire that rages for two to five turns.
463,sun-moon,The target becomes trapped within a maelstrom of fire that rages for four to five turns.
463,sword-shield,The target becomes trapped within a maelstrom of fire that rages for four to five turns.
463,ultra-sun-ultra-moon,The target becomes trapped within a maelstrom of fire that rages for four to five turns.
463,x-y,The target becomes trapped within a maelstrom of fire that rages for four to five turns.
464,black-2-white-2,Opposing Pokémon are dragged into a world of total darkness that makes them sleep.
464,black-white,Opposing Pokémon are dragged into a world of total darkness that makes them sleep.
464,diamond-pearl,The foe is dragged into a world of total darkness that puts it to sleep.
464,heartgold-soulsilver,The foe is dragged into a world of total darkness that puts it to sleep.
464,lets-go-pikachu-lets-go-eevee,Opposing Pokémon are dragged into a world of total darkness that makes them sleep.
464,omega-ruby-alpha-sapphire,Opposing Pokémon are dragged into a world of total darkness that makes them sleep.
464,platinum,The foe is dragged into a world of total darkness that puts it to sleep.
464,sun-moon,Opposing Pokémon are dragged into a world of total darkness that makes them sleep.
464,sword-shield,Opposing Pokémon are dragged into a world of total darkness that makes them sleep.
464,ultra-sun-ultra-moon,Opposing Pokémon are dragged into a world of total darkness that makes them sleep.
464,x-y,Opposing Pokémon are dragged into a world of total darkness that makes them sleep.
465,black-2-white-2,The user emits a shock wave from its body to attack its target. It may harshly lower the target’s Sp. Def.
465,black-white,The user emits a shock wave from its body to attack its target. It may harshly lower the target’s Sp. Def.
465,diamond-pearl,The user generates a shock wave from within its body. It may also lower the target’s Sp. Def.
465,heartgold-soulsilver,The user generates a shock wave from within its body. It may also lower the target’s Sp. Def.
465,lets-go-pikachu-lets-go-eevee,The user emits a shock wave from its body to attack its target. This may also harshly lower the target’s Sp. Def stat.
465,omega-ruby-alpha-sapphire,The user emits a shock wave from its body to attack its target. This may also harshly lower the target’s Sp. Def.
465,platinum,The user generates a shock wave from within its body. It may also lower the target’s Sp. Def.
465,sun-moon,The user emits a shock wave from its body to attack its target. This may also harshly lower the target’s Sp. Def stat.
465,sword-shield,The user emits a shock wave from its body to attack its target. This may also harshly lower the target’s Sp. Def stat.
465,ultra-sun-ultra-moon,The user emits a shock wave from its body to attack its target. This may also harshly lower the target’s Sp. Def stat.
465,x-y,The user emits a shock wave from its body to attack its target. This may also harshly lower the target’s Sp. Def.
466,black-2-white-2,The user blasts the target with a gust of repulsive wind. It may also raise all the user’s stats at once.
466,black-white,The user blasts the target with a gust of repulsive wind. It may also raise all the user’s stats at once.
466,diamond-pearl,The user creates a gust of repulsive wind. It may also raise all the user’s stats at once.
466,heartgold-soulsilver,The user creates a gust of repulsive wind. It may also raise all the user’s stats at once.
466,lets-go-pikachu-lets-go-eevee,The user blasts the target with a gust of repulsive wind. This may also raise all the user’s stats at once.
466,omega-ruby-alpha-sapphire,The user blasts the target with a gust of repulsive wind. This may also raise all the user’s stats at once.
466,platinum,The user creates a gust of repulsive wind. It may also raise all the user’s stats at once.
466,sun-moon,The user blasts the target with a gust of repulsive wind. This may also raise all the user’s stats at once.
466,sword-shield,"This move can’t be used. It’s recommended that this move is forgotten. Once forgotten, this move can’t be remembered."
466,ultra-sun-ultra-moon,The user blasts the target with a gust of repulsive wind. This may also raise all the user’s stats at once.
466,x-y,The user blasts the target with a gust of repulsive wind. This may also raise all the user’s stats at once.
467,black-2-white-2,"The user disappears, then strikes the target on the second turn. It hits even if the target protects itself."
467,black-white,"The user disappears, then strikes the target on the second turn. It hits even if the target protects itself."
467,diamond-pearl,"The user disappears, then strikes the foe on the second turn. It hits even if the foe used Protect."
467,heartgold-soulsilver,"The user disappears, then strikes the foe on the second turn. It hits even if the foe protects itself."
467,lets-go-pikachu-lets-go-eevee,"The user disappears, then strikes the target on the next turn. This move hits even if the target protects itself."
467,omega-ruby-alpha-sapphire,"The user disappears, then strikes the target on the next turn. This move hits even if the target protects itself."
467,platinum,"The user disappears, then strikes the foe on the second turn. It hits even if the foe used Protect."
467,sun-moon,"The user disappears, then strikes the target on the next turn. This move hits even if the target protects itself."
467,sword-shield,"The user disappears, then strikes the target on the next turn. This move hits even if the target protects itself."
467,ultra-sun-ultra-moon,"The user disappears, then strikes the target on the next turn. This move hits even if the target protects itself."
467,x-y,"The user disappears, then strikes the target on the next turn. This move hits even if the target protects itself."
468,black-2-white-2,The user sharpens its claws to boost its Attack stat and accuracy.
468,black-white,The user sharpens its claws to boost its Attack stat and accuracy.
468,lets-go-pikachu-lets-go-eevee,The user sharpens its claws to boost its Attack stat and accuracy.
468,omega-ruby-alpha-sapphire,The user sharpens its claws to boost its Attack stat and accuracy.
468,sun-moon,The user sharpens its claws to boost its Attack stat and accuracy.
468,sword-shield,The user sharpens its claws to boost its Attack stat and accuracy.
468,ultra-sun-ultra-moon,The user sharpens its claws to boost its Attack stat and accuracy.
468,x-y,The user sharpens its claws to boost its Attack stat and accuracy.
469,black-2-white-2,"The user and its allies are protected from wide-ranging attacks for one turn. If used in succession, its chance of failing rises."
469,black-white,"The user and its allies are protected from wide-ranging attacks for one turn. If used in succession, its chance of failing rises."
469,lets-go-pikachu-lets-go-eevee,The user and its allies are protected from wide-ranging attacks for one turn.
469,omega-ruby-alpha-sapphire,The user and its allies are protected from wide-ranging attacks for one turn.
469,sun-moon,The user and its allies are protected from wide-ranging attacks for one turn.
469,sword-shield,The user and its allies are protected from wide-ranging attacks for one turn.
469,ultra-sun-ultra-moon,The user and its allies are protected from wide-ranging attacks for one turn.
469,x-y,The user and its allies are protected from wide-ranging attacks for one turn.
470,black-2-white-2,The user employs its psychic power to average its Defense and Sp. Def stats with those of its target’s.
470,black-white,The user employs its psychic power to average its Defense and Sp. Def stats with those of its target’s.
470,lets-go-pikachu-lets-go-eevee,The user employs its psychic power to average its Defense and Sp. Def stats with those of the target.
470,omega-ruby-alpha-sapphire,The user employs its psychic power to average its Defense and Sp. Def stats with those of the target.
470,sun-moon,The user employs its psychic power to average its Defense and Sp. Def stats with those of the target.
470,sword-shield,The user employs its psychic power to average its Defense and Sp. Def stats with those of the target.
470,ultra-sun-ultra-moon,The user employs its psychic power to average its Defense and Sp. Def stats with those of the target.
470,x-y,The user employs its psychic power to average its Defense and Sp. Def stats with those of the target.
471,black-2-white-2,The user employs its psychic power to average its Attack and Sp. Atk stats with those of the target’s.
471,black-white,The user employs its psychic power to average its Attack and Sp. Atk stats with those of the target’s.
471,lets-go-pikachu-lets-go-eevee,The user employs its psychic power to average its Attack and Sp. Atk stats with those of the target.
471,omega-ruby-alpha-sapphire,The user employs its psychic power to average its Attack and Sp. Atk stats with those of the target.
471,sun-moon,The user employs its psychic power to average its Attack and Sp. Atk stats with those of the target.
471,sword-shield,The user employs its psychic power to average its Attack and Sp. Atk stats with those of the target.
471,ultra-sun-ultra-moon,The user employs its psychic power to average its Attack and Sp. Atk stats with those of the target.
471,x-y,The user employs its psychic power to average its Attack and Sp. Atk stats with those of the target.
472,black-2-white-2,The user creates a bizarre area in which Pokémon’s Defense and Sp. Def stats are swapped for five turns.
472,black-white,The user creates a bizarre area in which Pokémon’s Defense and Sp. Def stats are swapped for five turns.
472,lets-go-pikachu-lets-go-eevee,The user creates a bizarre area in which Pokémon’s Defense and Sp. Def stats are swapped for five turns.
472,omega-ruby-alpha-sapphire,The user creates a bizarre area in which Pokémon’s Defense and Sp. Def stats are swapped for five turns.
472,sun-moon,The user creates a bizarre area in which Pokémon’s Defense and Sp. Def stats are swapped for five turns.
472,sword-shield,The user creates a bizarre area in which Pokémon’s Defense and Sp. Def stats are swapped for five turns.
472,ultra-sun-ultra-moon,The user creates a bizarre area in which Pokémon’s Defense and Sp. Def stats are swapped for five turns.
472,x-y,The user creates a bizarre area in which Pokémon’s Defense and Sp. Def stats are swapped for five turns.
473,black-2-white-2,The user materializes an odd psychic wave to attack the target. This attack does physical damage.
473,black-white,The user materializes an odd psychic wave to attack the target. This attack does physical damage.
473,lets-go-pikachu-lets-go-eevee,The user materializes an odd psychic wave to attack the target. This attack does physical damage.
473,omega-ruby-alpha-sapphire,The user materializes an odd psychic wave to attack the target. This attack does physical damage.
473,sun-moon,The user materializes an odd psychic wave to attack the target. This attack does physical damage.
473,sword-shield,The user materializes an odd psychic wave to attack the target. This attack does physical damage.
473,ultra-sun-ultra-moon,The user materializes an odd psychic wave to attack the target. This attack does physical damage.
473,x-y,The user materializes an odd psychic wave to attack the target. This attack does physical damage.
474,black-2-white-2,The user drenches the target in a special poisonous liquid. Its power is doubled if the target is poisoned.
474,black-white,The user drenches the target in a special poisonous liquid. Its power is doubled if the target is poisoned.
474,lets-go-pikachu-lets-go-eevee,The user drenches the target in a special poisonous liquid. This move’s power is doubled if the target is poisoned.
474,omega-ruby-alpha-sapphire,The user drenches the target in a special poisonous liquid. This move’s power is doubled if the target is poisoned.
474,sun-moon,The user drenches the target in a special poisonous liquid. This move’s power is doubled if the target is poisoned.
474,sword-shield,The user drenches the target in a special poisonous liquid. This move’s power is doubled if the target is poisoned.
474,ultra-sun-ultra-moon,The user drenches the target in a special poisonous liquid. This move’s power is doubled if the target is poisoned.
474,x-y,The user drenches the target in a special poisonous liquid. This move’s power is doubled if the target is poisoned.
475,black-2-white-2,The user sheds part of its body to make itself lighter and sharply raise its Speed stat.
475,black-white,The user sheds part of its body to make itself lighter and sharply raise its Speed stat.
475,lets-go-pikachu-lets-go-eevee,The user sheds part of its body to make itself lighter and sharply raise its Speed stat.
475,omega-ruby-alpha-sapphire,The user sheds part of its body to make itself lighter and sharply raise its Speed stat.
475,sun-moon,The user sheds part of its body to make itself lighter and sharply raise its Speed stat.
475,sword-shield,The user sheds part of its body to make itself lighter and sharply raise its Speed stat.
475,ultra-sun-ultra-moon,The user sheds part of its body to make itself lighter and sharply raise its Speed stat.
475,x-y,The user sheds part of its body to make itself lighter and sharply raise its Speed stat.
476,black-2-white-2,The user scatters a cloud of irritating powder to draw attention to itself. Opponents aim only at the user.
476,black-white,The user scatters a cloud of irritating powder to draw attention to itself. Opponents aim only at the user.
476,lets-go-pikachu-lets-go-eevee,The user scatters a cloud of irritating powder to draw attention to itself. Opponents aim only at the user.
476,omega-ruby-alpha-sapphire,The user scatters a cloud of irritating powder to draw attention to itself. Opponents aim only at the user.
476,sun-moon,The user scatters a cloud of irritating powder to draw attention to itself. Opponents aim only at the user.
476,sword-shield,The user scatters a cloud of irritating powder to draw attention to itself. Opposing Pokémon aim only at the user.
476,ultra-sun-ultra-moon,The user scatters a cloud of irritating powder to draw attention to itself. Opponents aim only at the user.
476,x-y,The user scatters a cloud of irritating powder to draw attention to itself. Opponents aim only at the user.
477,black-2-white-2,The user makes the target float with its psychic power. The target is easier to hit for three turns.
477,black-white,The user makes the target float with its psychic power. The target is easier to hit for three turns.
477,lets-go-pikachu-lets-go-eevee,The user makes the target float with its psychic power. The target is easier to hit for three turns.
477,omega-ruby-alpha-sapphire,The user makes the target float with its psychic power. The target is easier to hit for three turns.
477,sun-moon,The user makes the target float with its psychic power. The target is easier to hit for three turns.
477,sword-shield,"This move can’t be used. It’s recommended that this move is forgotten. Once forgotten, this move can’t be remembered."
477,ultra-sun-ultra-moon,The user makes the target float with its psychic power. The target is easier to hit for three turns.
477,x-y,The user makes the target float with its psychic power. The target is easier to hit for three turns.
478,black-2-white-2,The user creates a bizarre area in which Pokémon’s held items lose their effects for five turns.
478,black-white,The user creates a bizarre area in which Pokémon’s held items lose their effects for five turns.
478,lets-go-pikachu-lets-go-eevee,The user creates a bizarre area in which Pokémon’s held items lose their effects for five turns.
478,omega-ruby-alpha-sapphire,The user creates a bizarre area in which Pokémon’s held items lose their effects for five turns.
478,sun-moon,The user creates a bizarre area in which Pokémon’s held items lose their effects for five turns.
478,sword-shield,The user creates a bizarre area in which Pokémon’s held items lose their effects for five turns.
478,ultra-sun-ultra-moon,The user creates a bizarre area in which Pokémon’s held items lose their effects for five turns.
478,x-y,The user creates a bizarre area in which Pokémon’s held items lose their effects for five turns.
479,black-2-white-2,The user throws a stone or projectile to attack an opponent. A flying Pokémon will fall to the ground when hit.
479,black-white,The user throws a stone or projectile to attack an opponent. A flying Pokémon will fall to the ground when hit.
479,lets-go-pikachu-lets-go-eevee,The user throws a stone or similar projectile to attack an opponent. A flying Pokémon will fall to the ground when it’s hit.
479,omega-ruby-alpha-sapphire,The user throws a stone or similar projectile to attack an opponent. A flying Pokémon will fall to the ground when it’s hit.
479,sun-moon,The user throws a stone or similar projectile to attack an opponent. A flying Pokémon will fall to the ground when it’s hit.
479,sword-shield,The user throws a stone or similar projectile to attack the target. A flying Pokémon will fall to the ground when it’s hit.
479,ultra-sun-ultra-moon,The user throws a stone or similar projectile to attack an opponent. A flying Pokémon will fall to the ground when it’s hit.
479,x-y,The user throws a stone or similar projectile to attack an opponent. A flying Pokémon will fall to the ground when it’s hit.
480,black-2-white-2,The user strikes the target with a fierce blow. This attack always results in a critical hit.
480,black-white,The user strikes the target with a fierce blow. This attack always results in a critical hit.
480,lets-go-pikachu-lets-go-eevee,The user strikes the target with a fierce blow. This attack always results in a critical hit.
480,omega-ruby-alpha-sapphire,The user strikes the target with a fierce blow. This attack always results in a critical hit.
480,sun-moon,The user strikes the target with a fierce blow. This attack always results in a critical hit.
480,sword-shield,The user strikes the target with a fierce blow. This attack always results in a critical hit.
480,ultra-sun-ultra-moon,The user strikes the target with a fierce blow. This attack always results in a critical hit.
480,x-y,The user strikes the target with a fierce blow. This attack always results in a critical hit.
481,black-2-white-2,The user attacks the target with a bursting flame. The bursting flame damages Pokémon next to the target as well.
481,black-white,The user attacks the target with a bursting flame. The bursting flame damages Pokémon next to the target as well.
481,lets-go-pikachu-lets-go-eevee,The user attacks the target with a bursting flame. The bursting flame damages Pokémon next to the target as well.
481,omega-ruby-alpha-sapphire,The user attacks the target with a bursting flame. The bursting flame damages Pokémon next to the target as well.
481,sun-moon,The user attacks the target with a bursting flame. The bursting flame damages Pokémon next to the target as well.
481,sword-shield,"This move can’t be used. It’s recommended that this move is forgotten. Once forgotten, this move can’t be remembered."
481,ultra-sun-ultra-moon,The user attacks the target with a bursting flame. The bursting flame damages Pokémon next to the target as well.
481,x-y,The user attacks the target with a bursting flame. The bursting flame damages Pokémon next to the target as well.
482,black-2-white-2,It swamps the area around the user with a giant sludge wave. It may also poison those hit.
482,black-white,It swamps the area around the user with a giant sludge wave. It may also poison those hit.
482,lets-go-pikachu-lets-go-eevee,The user strikes everything around it by swamping the area with a giant sludge wave. This may also poison those hit.
482,omega-ruby-alpha-sapphire,The user strikes everything around it by swamping the area with a giant sludge wave. This may also poison those hit.
482,sun-moon,The user strikes everything around it by swamping the area with a giant sludge wave. This may also poison those hit.
482,sword-shield,The user strikes everything around it by swamping the area with a giant sludge wave. This may also poison those hit.
482,ultra-sun-ultra-moon,The user strikes everything around it by swamping the area with a giant sludge wave. This may also poison those hit.
482,x-y,The user strikes everything around it by swamping the area with a giant sludge wave. This may also poison those hit.
483,black-2-white-2,"The user lightly performs a beautiful, mystic dance. It boosts the user’s Sp. Atk, Sp. Def, and Speed stats."
483,black-white,"The user lightly performs a beautiful, mystic dance. It boosts the user’s Sp. Atk, Sp. Def, and Speed stats."
483,lets-go-pikachu-lets-go-eevee,"The user lightly performs a beautiful, mystic dance. This boosts the user’s Sp. Atk, Sp. Def, and Speed stats."
483,omega-ruby-alpha-sapphire,"The user lightly performs a beautiful, mystic dance. This boosts the user’s Sp. Atk, Sp. Def, and Speed stats."
483,sun-moon,"The user lightly performs a beautiful, mystic dance. This boosts the user’s Sp. Atk, Sp. Def, and Speed stats."
483,sword-shield,"The user lightly performs a beautiful, mystic dance. This boosts the user’s Sp. Atk, Sp. Def, and Speed stats."
483,ultra-sun-ultra-moon,"The user lightly performs a beautiful, mystic dance. This boosts the user’s Sp. Atk, Sp. Def, and Speed stats."
483,x-y,"The user lightly performs a beautiful, mystic dance. This boosts the user’s Sp. Atk, Sp. Def, and Speed stats."
484,black-2-white-2,"The user slams into the target with its heavy body. The more the user outweighs the target, the greater its damage."
484,black-white,"The user slams into the target with its heavy body. The more the user outweighs the target, the greater its damage."
484,lets-go-pikachu-lets-go-eevee,"The user slams into the target with its heavy body. The more the user outweighs the target, the greater the move’s power."
484,omega-ruby-alpha-sapphire,"The user slams into the target with its heavy body. The more the user outweighs the target, the greater the move’s power."
484,sun-moon,"The user slams into the target with its heavy body. The more the user outweighs the target, the greater the move’s power."
484,sword-shield,"The user slams into the target with its heavy body. The more the user outweighs the target, the greater the move’s power."
484,ultra-sun-ultra-moon,"The user slams into the target with its heavy body. The more the user outweighs the target, the greater the move’s power."
484,x-y,"The user slams into the target with its heavy body. The more the user outweighs the target, the greater the move’s power."
485,black-2-white-2,"Using an odd shock wave, the user inflicts damage on any Pokémon of the same type in the area around it."
485,black-white,"Using an odd shock wave, the user inflicts damage on any Pokémon of the same type in the area around it."
485,lets-go-pikachu-lets-go-eevee,"Using an odd shock wave, the user inflicts damage on any Pokémon of the same type in the area around it."
485,omega-ruby-alpha-sapphire,"Using an odd shock wave, the user inflicts damage on any Pokémon of the same type in the area around it."
485,sun-moon,"Using an odd shock wave, the user inflicts damage on any Pokémon of the same type in the area around it."
485,sword-shield,"This move can’t be used. It’s recommended that this move is forgotten. Once forgotten, this move can’t be remembered."
485,ultra-sun-ultra-moon,"Using an odd shock wave, the user inflicts damage on any Pokémon of the same type in the area around it."
485,x-y,"Using an odd shock wave, the user inflicts damage on any Pokémon of the same type in the area around it."
486,black-2-white-2,"The user hurls an electric orb at the target. The faster the user is than the target, the greater the damage."
486,black-white,"The user hurls an electric orb at the target. The faster the user is than the target, the greater the damage."
486,lets-go-pikachu-lets-go-eevee,"The user hurls an electric orb at the target. The faster the user is than the target, the greater the move’s power."
486,omega-ruby-alpha-sapphire,"The user hurls an electric orb at the target. The faster the user is than the target, the greater the move’s power."
486,sun-moon,"The user hurls an electric orb at the target. The faster the user is than the target, the greater the move’s power."
486,sword-shield,"The user hurls an electric orb at the target. The faster the user is than the target, the greater the move’s power."
486,ultra-sun-ultra-moon,"The user hurls an electric orb at the target. The faster the user is than the target, the greater the move’s power."
486,x-y,"The user hurls an electric orb at the target. The faster the user is than the target, the greater the move’s power."
487,black-2-white-2,The user shoots a torrent of water at the target and changes the target’s type to Water.
487,black-white,The user shoots a torrent of water at the target and changes the target’s type to Water.
487,lets-go-pikachu-lets-go-eevee,The user shoots a torrent of water at the target and changes the target’s type to Water.
487,omega-ruby-alpha-sapphire,The user shoots a torrent of water at the target and changes the target’s type to Water.
487,sun-moon,The user shoots a torrent of water at the target and changes the target’s type to Water.
487,sword-shield,The user shoots a torrent of water at the target and changes the target’s type to Water.
487,ultra-sun-ultra-moon,The user shoots a torrent of water at the target and changes the target’s type to Water.
487,x-y,The user shoots a torrent of water at the target and changes the target’s type to Water.
488,black-2-white-2,"The user cloaks itself with flame and attacks. Building up more power, it raises the user’s Speed stat."
488,black-white,"The user cloaks itself with flame and attacks. Building up more power, it raises the user’s Speed stat."
488,lets-go-pikachu-lets-go-eevee,"Cloaking itself in flame, the user attacks. Then, building up more power, the user raises its Speed stat."
488,omega-ruby-alpha-sapphire,"Cloaking itself in flame, the user attacks. Then, building up more power, the user raises its Speed stat."
488,sun-moon,"Cloaking itself in flame, the user attacks. Then, building up more power, the user raises its Speed stat."
488,sword-shield,"Cloaking itself in flame, the user attacks the target. Then, building up more power, the user raises its Speed stat."
488,ultra-sun-ultra-moon,"Cloaking itself in flame, the user attacks. Then, building up more power, the user raises its Speed stat."
488,x-y,"Cloaking itself in flame, the user attacks. Then, building up more power, the user raises its Speed stat."
489,black-2-white-2,The user coils up and concentrates. This raises its Attack and Defense stats as well as its accuracy.
489,black-white,The user coils up and concentrates. This raises its Attack and Defense stats as well as its accuracy.
489,lets-go-pikachu-lets-go-eevee,The user coils up and concentrates. This raises its Attack and Defense stats as well as its accuracy.
489,omega-ruby-alpha-sapphire,The user coils up and concentrates. This raises its Attack and Defense stats as well as its accuracy.
489,sun-moon,The user coils up and concentrates. This raises its Attack and Defense stats as well as its accuracy.
489,sword-shield,The user coils up and concentrates. This raises its Attack and Defense stats as well as its accuracy.
489,ultra-sun-ultra-moon,The user coils up and concentrates. This raises its Attack and Defense stats as well as its accuracy.
489,x-y,The user coils up and concentrates. This raises its Attack and Defense stats as well as its accuracy.
490,black-2-white-2,"The user attacks the target’s legs swiftly, reducing the target’s Speed stat."
490,black-white,"The user attacks the target’s legs swiftly, reducing the target’s Speed stat."
490,lets-go-pikachu-lets-go-eevee,"The user makes a swift attack on the target’s legs, which lowers the target’s Speed stat."
490,omega-ruby-alpha-sapphire,"The user makes a swift attack on the target’s legs, which lowers the target’s Speed stat."
490,sun-moon,"The user makes a swift attack on the target’s legs, which lowers the target’s Speed stat."
490,sword-shield,"The user makes a swift attack on the target’s legs, which lowers the target’s Speed stat."
490,ultra-sun-ultra-moon,"The user makes a swift attack on the target’s legs, which lowers the target’s Speed stat."
490,x-y,"The user makes a swift attack on the target’s legs, which lowers the target’s Speed stat."
491,black-2-white-2,The user spits fluid that works to melt the target. This harshly reduces the target’s Sp. Def stat.
491,black-white,The user spits fluid that works to melt the target. This harshly reduces the target’s Sp. Def stat.
491,lets-go-pikachu-lets-go-eevee,The user spits fluid that works to melt the target. This harshly lowers the target’s Sp. Def stat.
491,omega-ruby-alpha-sapphire,The user spits fluid that works to melt the target. This harshly lowers the target’s Sp. Def stat.
491,sun-moon,The user spits fluid that works to melt the target. This harshly lowers the target’s Sp. Def stat.
491,sword-shield,The user spits fluid that works to melt the target. This harshly lowers the target’s Sp. Def stat.
491,ultra-sun-ultra-moon,The user spits fluid that works to melt the target. This harshly lowers the target’s Sp. Def stat.
491,x-y,The user spits fluid that works to melt the target. This harshly lowers the target’s Sp. Def stat.
492,black-2-white-2,"The user turns the target’s power against it. The higher the target’s Attack stat, the greater the damage."
492,black-white,"The user turns the target’s power against it. The higher the target’s Attack stat, the greater the damage."
492,lets-go-pikachu-lets-go-eevee,"The user turns the target’s power against it. The higher the target’s Attack stat, the greater the damage it deals."
492,omega-ruby-alpha-sapphire,"The user turns the target’s power against it. The higher the target’s Attack stat, the greater the move’s power."
492,sun-moon,"The user turns the target’s power against it. The higher the target’s Attack stat, the greater the move’s power."
492,sword-shield,"The user turns the target’s power against it. The higher the target’s Attack stat, the greater the damage it deals."
492,ultra-sun-ultra-moon,"The user turns the target’s power against it. The higher the target’s Attack stat, the greater the move’s power."
492,x-y,"The user turns the target’s power against it. The higher the target’s Attack stat, the greater the move’s power."
493,black-2-white-2,The user’s mysterious psychic wave changes the target’s Ability to Simple.
493,black-white,The user’s mysterious psychic wave changes the target’s Ability to Simple.
493,lets-go-pikachu-lets-go-eevee,The user’s mysterious psychic wave changes the target’s Ability to Simple.
493,omega-ruby-alpha-sapphire,The user’s mysterious psychic wave changes the target’s Ability to Simple.
493,sun-moon,The user’s mysterious psychic wave changes the target’s Ability to Simple.
493,sword-shield,The user’s mysterious psychic wave changes the target’s Ability to Simple.
493,ultra-sun-ultra-moon,The user’s mysterious psychic wave changes the target’s Ability to Simple.
493,x-y,The user’s mysterious psychic wave changes the target’s Ability to Simple.
494,black-2-white-2,"The user dances with an odd rhythm that compels the target to mimic it, making the target’s Ability the same as the user’s."
494,black-white,"The user dances with an odd rhythm that compels the target to mimic it, making the target’s Ability the same as the user’s."
494,lets-go-pikachu-lets-go-eevee,"The user dances with an odd rhythm that compels the target to mimic it, making the target’s Ability the same as the user’s."
494,omega-ruby-alpha-sapphire,"The user dances with an odd rhythm that compels the target to mimic it, making the target’s Ability the same as the user’s."
494,sun-moon,"The user dances with an odd rhythm that compels the target to mimic it, making the target’s Ability the same as the user’s."
494,sword-shield,"The user dances with an odd rhythm that compels the target to mimic it, making the target’s Ability the same as the user’s."
494,ultra-sun-ultra-moon,"The user dances with an odd rhythm that compels the target to mimic it, making the target’s Ability the same as the user’s."
494,x-y,"The user dances with an odd rhythm that compels the target to mimic it, making the target’s Ability the same as the user’s."
495,black-2-white-2,The user helps the target and makes it use its move right after the user.
495,black-white,The user helps the target and makes it use its move right after the user.
495,lets-go-pikachu-lets-go-eevee,The user helps the target and makes it use its move right after the user.
495,omega-ruby-alpha-sapphire,The user helps the target and makes it use its move right after the user.
495,sun-moon,The user helps the target and makes it use its move right after the user.
495,sword-shield,The user helps the target and makes it use its move right after the user.
495,ultra-sun-ultra-moon,The user helps the target and makes it use its move right after the user.
495,x-y,The user helps the target and makes it use its move right after the user.
496,black-2-white-2,The user attacks the target with a song. Others can join in the Round and make the attack do greater damage.
496,black-white,The user attacks the target with a song. Others can join in the Round and make the attack do greater damage.
496,lets-go-pikachu-lets-go-eevee,The user attacks the target with a song. Others can join in the Round to increase the power of the attack.
496,omega-ruby-alpha-sapphire,The user attacks the target with a song. Others can join in the Round and make the attack do greater damage.
496,sun-moon,The user attacks the target with a song. Others can join in the Round to increase the power of the attack.
496,sword-shield,The user attacks the target with a song. Others can join in the Round to increase the power of the attack.
496,ultra-sun-ultra-moon,The user attacks the target with a song. Others can join in the Round to increase the power of the attack.
496,x-y,The user attacks the target with a song. Others can join in the Round and make the attack do greater damage.
497,black-2-white-2,"The user attacks the target with an echoing voice. If this move is used every turn, it does greater damage."
497,black-white,"The user attacks the target with an echoing voice. If this move is used every turn, it does greater damage."
497,lets-go-pikachu-lets-go-eevee,"The user attacks the target with an echoing voice. If this move is used every turn, its power is increased."
497,omega-ruby-alpha-sapphire,"The user attacks the target with an echoing voice. If this move is used every turn, it does greater damage."
497,sun-moon,"The user attacks the target with an echoing voice. If this move is used every turn, its power is increased."
497,sword-shield,"The user attacks the target with an echoing voice. If this move is used every turn, its power is increased."
497,ultra-sun-ultra-moon,"The user attacks the target with an echoing voice. If this move is used every turn, its power is increased."
497,x-y,"The user attacks the target with an echoing voice. If this move is used every turn, it does greater damage."
498,black-2-white-2,"Looking for an opening, the user strikes continually. The target’s stat changes don’t affect this attack’s damage."
498,black-white,"Looking for an opening, the user strikes continually. The target’s stat changes don’t affect this attack’s damage."
498,lets-go-pikachu-lets-go-eevee,"Looking for an opening, the user strikes consistently. The target’s stat changes don’t affect this attack’s damage."
498,omega-ruby-alpha-sapphire,"Looking for an opening, the user strikes consistently. The target’s stat changes don’t affect this attack’s damage."
498,sun-moon,"Looking for an opening, the user strikes consistently. The target’s stat changes don’t affect this attack’s damage."
498,sword-shield,"This move can’t be used. It’s recommended that this move is forgotten. Once forgotten, this move can’t be remembered."
498,ultra-sun-ultra-moon,"Looking for an opening, the user strikes consistently. The target’s stat changes don’t affect this attack’s damage."
498,x-y,"Looking for an opening, the user strikes consistently. The target’s stat changes don’t affect this attack’s damage."
499,black-2-white-2,The user attacks by throwing a clump of special mud. All status changes are returned to normal.
499,black-white,The user attacks by throwing a clump of special mud. All status changes are returned to normal.
499,lets-go-pikachu-lets-go-eevee,The user attacks by throwing a clump of special mud. All stat changes are returned to normal.
499,omega-ruby-alpha-sapphire,The user attacks by throwing a clump of special mud. All stat changes are returned to normal.
499,sun-moon,The user attacks by throwing a clump of special mud. All stat changes are returned to normal.
499,sword-shield,The user attacks the target by throwing a clump of special mud. All stat changes are returned to normal.
499,ultra-sun-ultra-moon,The user attacks by throwing a clump of special mud. All stat changes are returned to normal.
499,x-y,The user attacks by throwing a clump of special mud. All stat changes are returned to normal.
500,black-2-white-2,"The user attacks the target with stored power. The more the user’s stats are raised, the greater the damage."
500,black-white,"The user attacks the target with stored power. The more the user’s stats are raised, the greater the damage."
500,lets-go-pikachu-lets-go-eevee,"The user attacks the target with stored power. The more the user’s stats are raised, the greater the move’s power."
500,omega-ruby-alpha-sapphire,"The user attacks the target with stored power. The more the user’s stats are raised, the greater the move’s power."
500,sun-moon,"The user attacks the target with stored power. The more the user’s stats are raised, the greater the move’s power."
500,sword-shield,"The user attacks the target with stored power. The more the user’s stats are raised, the greater the move’s power."
500,ultra-sun-ultra-moon,"The user attacks the target with stored power. The more the user’s stats are raised, the greater the move’s power."
500,x-y,"The user attacks the target with stored power. The more the user’s stats are raised, the greater the move’s power."
501,black-2-white-2,"The user protects itself and its allies from priority moves. If used in succession, its chance of failing rises."
501,black-white,"The user protects itself and its allies from priority moves. If used in succession, its chance of failing rises."
501,lets-go-pikachu-lets-go-eevee,The user protects itself and its allies from priority moves.
501,omega-ruby-alpha-sapphire,The user protects itself and its allies from priority moves.
501,sun-moon,The user protects itself and its allies from priority moves.
501,sword-shield,The user protects itself and its allies from priority moves.
501,ultra-sun-ultra-moon,The user protects itself and its allies from priority moves.
501,x-y,The user protects itself and its allies from priority moves.
502,black-2-white-2,The user teleports using a strange power and switches its place with one of its allies.
502,black-white,The user teleports using a strange power and switches its place with one of its allies.
502,lets-go-pikachu-lets-go-eevee,The user teleports using a strange power and switches places with one of its allies.
502,omega-ruby-alpha-sapphire,The user teleports using a strange power and switches places with one of its allies.
502,sun-moon,The user teleports using a strange power and switches places with one of its allies.
502,sword-shield,The user teleports using a strange power and switches places with one of its allies.
502,ultra-sun-ultra-moon,The user teleports using a strange power and switches places with one of its allies.
502,x-y,The user teleports using a strange power and switches places with one of its allies.
503,black-2-white-2,The user shoots boiling hot water at its target. It may also leave the target with a burn.
503,black-white,The user shoots boiling hot water at its target. It may also leave the target with a burn.
503,lets-go-pikachu-lets-go-eevee,The user shoots boiling hot water at its target. This may also leave the target with a burn.
503,omega-ruby-alpha-sapphire,The user shoots boiling hot water at its target. This may also leave the target with a burn.
503,sun-moon,The user shoots boiling hot water at its target. This may also leave the target with a burn.
503,sword-shield,The user shoots boiling hot water at its target. This may also leave the target with a burn.
503,ultra-sun-ultra-moon,The user shoots boiling hot water at its target. This may also leave the target with a burn.
503,x-y,The user shoots boiling hot water at its target. This may also leave the target with a burn.
504,black-2-white-2,"The user breaks its shell, lowering its Defense and Sp. Def stats but sharply raising Attack, Sp. Atk, and Speed stats."
504,black-white,"The user breaks its shell, lowering its Defense and Sp. Def stats but sharply raising Attack, Sp. Atk, and Speed stats."
504,lets-go-pikachu-lets-go-eevee,"The user breaks its shell, which lowers Defense and Sp. Def stats but sharply raises its Attack, Sp. Atk, and Speed stats."
504,omega-ruby-alpha-sapphire,"The user breaks its shell, which lowers Defense and Sp. Def stats but sharply raises its Attack, Sp. Atk, and Speed stats."
504,sun-moon,"The user breaks its shell, which lowers Defense and Sp. Def stats but sharply raises its Attack, Sp. Atk, and Speed stats."
504,sword-shield,"The user breaks its shell, which lowers Defense and Sp. Def stats but sharply raises its Attack, Sp. Atk, and Speed stats."
504,ultra-sun-ultra-moon,"The user breaks its shell, which lowers Defense and Sp. Def stats but sharply raises its Attack, Sp. Atk, and Speed stats."
504,x-y,"The user breaks its shell, which lowers Defense and Sp. Def stats but sharply raises its Attack, Sp. Atk, and Speed stats."
505,black-2-white-2,The user emits a healing pulse which restores the target’s HP by up to half of its max HP.
505,black-white,The user emits a healing pulse which restores the target’s HP by up to half of its max HP.
505,lets-go-pikachu-lets-go-eevee,The user emits a healing pulse that restores the target’s HP by up to half of its max HP.
505,omega-ruby-alpha-sapphire,The user emits a healing pulse which restores the target’s HP by up to half of its max HP.
505,sun-moon,The user emits a healing pulse that restores the target’s HP by up to half of its max HP.
505,sword-shield,The user emits a healing pulse that restores the target’s HP by up to half of its max HP.
505,ultra-sun-ultra-moon,The user emits a healing pulse that restores the target’s HP by up to half of its max HP.
505,x-y,The user emits a healing pulse which restores the target’s HP by up to half of its max HP.
506,black-2-white-2,This relentless attack does massive damage to a target affected by status problems.
506,black-white,This relentless attack does massive damage to a target affected by status problems.
506,lets-go-pikachu-lets-go-eevee,This relentless attack does massive damage to a target affected by status conditions.
506,omega-ruby-alpha-sapphire,This relentless attack does massive damage to a target affected by status conditions.
506,sun-moon,This relentless attack does massive damage to a target affected by status conditions.
506,sword-shield,This relentless attack does massive damage to a target affected by status conditions.
506,ultra-sun-ultra-moon,This relentless attack does massive damage to a target affected by status conditions.
506,x-y,This relentless attack does massive damage to a target affected by status conditions.
507,black-2-white-2,"The user takes the target into the sky, then drops it during the next turn. The target cannot attack while in the sky."
507,black-white,"The user takes the target into the sky, then drops it during the next turn. The target cannot attack while in the sky."
507,lets-go-pikachu-lets-go-eevee,"The user takes the target into the sky, then drops it during the next turn. The target cannot attack while in the sky."
507,omega-ruby-alpha-sapphire,"The user takes the target into the sky, then drops it during the next turn. The target cannot attack while in the sky."
507,sun-moon,"The user takes the target into the sky, then drops it during the next turn. The target cannot attack while in the sky."
507,sword-shield,"This move can’t be used. It’s recommended that this move is forgotten. Once forgotten, this move can’t be remembered."
507,ultra-sun-ultra-moon,"The user takes the target into the sky, then drops it during the next turn. The target cannot attack while in the sky."
507,x-y,"The user takes the target into the sky, then drops it during the next turn. The target cannot attack while in the sky."
508,black-2-white-2,"The user rotates its gears, raising its Attack and sharply raising its Speed."
508,black-white,"The user rotates its gears, raising its Attack and sharply raising its Speed."
508,lets-go-pikachu-lets-go-eevee,"The user rotates its gears, raising its Attack stat and sharply raising its Speed stat."
508,omega-ruby-alpha-sapphire,"The user rotates its gears, raising its Attack and sharply raising its Speed."
508,sun-moon,"The user rotates its gears, raising its Attack stat and sharply raising its Speed stat."
508,sword-shield,"The user rotates its gears, raising its Attack stat and sharply raising its Speed stat."
508,ultra-sun-ultra-moon,"The user rotates its gears, raising its Attack stat and sharply raising its Speed stat."
508,x-y,"The user rotates its gears, raising its Attack and sharply raising its Speed."
509,black-2-white-2,"The target is thrown and switched. In the wild, a battle against a single Pokémon ends."
509,black-white,"The user throws the target and drags out another Pokémon in its party. In the wild, the battle ends."
509,lets-go-pikachu-lets-go-eevee,"The target is thrown, and a different Pokémon is dragged out. In the wild, this ends a battle against a single Pokémon."
509,omega-ruby-alpha-sapphire,"The target is thrown, and a different Pokémon is dragged out. In the wild, this ends a battle against a single Pokémon."
509,sun-moon,"The target is thrown, and a different Pokémon is dragged out. In the wild, this ends a battle against a single Pokémon."
509,sword-shield,"The target is thrown, and a different Pokémon is dragged out. In the wild, this ends a battle against a single Pokémon."
509,ultra-sun-ultra-moon,"The target is thrown, and a different Pokémon is dragged out. In the wild, this ends a battle against a single Pokémon."
509,x-y,"The target is thrown, and a different Pokémon is dragged out. In the wild, this ends a battle against a single Pokémon."
510,black-2-white-2,"The user attacks the target with fire. If the target is holding a Berry, the Berry becomes burnt up and unusable."
510,black-white,"The user attacks the target with fire. If the target is holding a Berry, the Berry becomes burnt up and unusable."
510,lets-go-pikachu-lets-go-eevee,"The user attacks opposing Pokémon with fire. If a Pokémon is holding a certain item, such as a Berry, the item becomes burned up and unusable."
510,omega-ruby-alpha-sapphire,"The user attacks opposing Pokémon with fire. If a Pokémon is holding a certain item, such as a Berry, the item becomes burned up and unusable."
510,sun-moon,"The user attacks opposing Pokémon with fire. If a Pokémon is holding a certain item, such as a Berry, the item becomes burned up and unusable."
510,sword-shield,"The user attacks opposing Pokémon with fire. If a Pokémon is holding a certain item, such as a Berry, the item becomes burned up and unusable."
510,ultra-sun-ultra-moon,"The user attacks opposing Pokémon with fire. If a Pokémon is holding a certain item, such as a Berry, the item becomes burned up and unusable."
510,x-y,"The user attacks opposing Pokémon with fire. If a Pokémon is holding a certain item, such as a Berry, the item becomes burned up and unusable."
511,black-2-white-2,The user suppresses the target and makes its move go last.
511,black-white,The user suppresses the target and makes its move go last.
511,lets-go-pikachu-lets-go-eevee,The user suppresses the target and makes its move go last.
511,omega-ruby-alpha-sapphire,The user suppresses the target and makes its move go last.
511,sun-moon,The user suppresses the target and makes its move go last.
511,sword-shield,The user suppresses the target and makes its move go last.
511,ultra-sun-ultra-moon,The user suppresses the target and makes its move go last.
511,x-y,The user suppresses the target and makes its move go last.
512,black-2-white-2,"The user nimbly strikes the target. If the user is not holding an item, this attack inflicts massive damage."
512,black-white,"The user nimbly strikes the target. If the user is not holding an item, this attack inflicts massive damage."
512,lets-go-pikachu-lets-go-eevee,"The user nimbly strikes the target. If the user is not holding an item, this attack inflicts massive damage."
512,omega-ruby-alpha-sapphire,"The user nimbly strikes the target. If the user is not holding an item, this attack inflicts massive damage."
512,sun-moon,"The user nimbly strikes the target. If the user is not holding an item, this attack inflicts massive damage."
512,sword-shield,"The user nimbly strikes the target. If the user is not holding an item, this attack inflicts massive damage."
512,ultra-sun-ultra-moon,"The user nimbly strikes the target. If the user is not holding an item, this attack inflicts massive damage."
512,x-y,"The user nimbly strikes the target. If the user is not holding an item, this attack inflicts massive damage."
513,black-2-white-2,"The user reflects the target’s type, making it the same type as the target."
513,black-white,"The user reflects the target’s type, making it the same type as the target."
513,lets-go-pikachu-lets-go-eevee,"The user reflects the target’s type, making it the same type as the target."
513,omega-ruby-alpha-sapphire,"The user reflects the target’s type, making it the same type as the target."
513,sun-moon,"The user reflects the target’s type, making it the same type as the target."
513,sword-shield,"The user reflects the target’s type, making the user the same type as the target."
513,ultra-sun-ultra-moon,"The user reflects the target’s type, making it the same type as the target."
513,x-y,"The user reflects the target’s type, making it the same type as the target."
514,black-2-white-2,"The user gets revenge for a fainted ally. If an ally fainted in the previous turn, this attack’s damage increases."
514,black-white,"The user gets revenge for a fainted ally. If an ally fainted in the previous turn, this attack’s damage increases."
514,lets-go-pikachu-lets-go-eevee,"The user gets revenge for a fainted ally. If an ally fainted in the previous turn, this move’s power is increased."
514,omega-ruby-alpha-sapphire,"The user gets revenge for a fainted ally. If an ally fainted in the previous turn, this move becomes more powerful."
514,sun-moon,"The user gets revenge for a fainted ally. If an ally fainted in the previous turn, this move’s power is increased."
514,sword-shield,"The user gets revenge for a fainted ally. If an ally fainted in the previous turn, this move’s power is increased."
514,ultra-sun-ultra-moon,"The user gets revenge for a fainted ally. If an ally fainted in the previous turn, this move’s power is increased."
514,x-y,"The user gets revenge for a fainted ally. If an ally fainted in the previous turn, this move becomes more powerful."
515,black-2-white-2,The user risks everything to attack its target. The user faints but does damage equal to the user’s HP.
515,black-white,The user risks everything to attack its target. The user faints but does damage equal to the user’s HP.
515,lets-go-pikachu-lets-go-eevee,The user risks everything to attack its target. The user faints but does damage equal to its HP.
515,omega-ruby-alpha-sapphire,The user risks everything to attack its target. The user faints but does damage equal to its HP.
515,sun-moon,The user risks everything to attack its target. The user faints but does damage equal to its HP.
515,sword-shield,The user risks everything to attack its target. The user faints but does damage equal to its HP.
515,ultra-sun-ultra-moon,The user risks everything to attack its target. The user faints but does damage equal to its HP.
515,x-y,The user risks everything to attack its target. The user faints but does damage equal to its HP.
516,black-2-white-2,The user passes its held item to the target when the target isn’t holding an item.
516,black-white,The user passes its held item to the target when the target isn’t holding an item.
516,lets-go-pikachu-lets-go-eevee,The user passes its held item to the target when the target isn’t holding an item.
516,omega-ruby-alpha-sapphire,The user passes its held item to the target when the target isn’t holding an item.
516,sun-moon,The user passes its held item to the target when the target isn’t holding an item.
516,sword-shield,"This move can’t be used. It’s recommended that this move is forgotten. Once forgotten, this move can’t be remembered."
516,ultra-sun-ultra-moon,The user passes its held item to the target when the target isn’t holding an item.
516,x-y,The user passes its held item to the target when the target isn’t holding an item.
517,black-2-white-2,The user attacks by engulfing the target in an intense fire. It leaves the target with a burn.
517,black-white,The user attacks by engulfing the target in an intense fire. It leaves the target with a burn.
517,lets-go-pikachu-lets-go-eevee,The user attacks by engulfing the target in an intense fire. This leaves the target with a burn.
517,omega-ruby-alpha-sapphire,The user attacks by engulfing the target in an intense fire. This leaves the target with a burn.
517,sun-moon,The user attacks by engulfing the target in an intense fire. This leaves the target with a burn.
517,sword-shield,The user attacks by engulfing the target in an intense fire. This leaves the target with a burn.
517,ultra-sun-ultra-moon,The user attacks by engulfing the target in an intense fire. This leaves the target with a burn.
517,x-y,The user attacks by engulfing the target in an intense fire. This leaves the target with a burn.
518,black-2-white-2,"A column of water strikes the target. When combined with its fire equivalent, the damage increases and a rainbow appears."
518,black-white,"A column of water strikes the target. When combined with its fire equivalent, the damage increases and a rainbow appears."
518,lets-go-pikachu-lets-go-eevee,"A column of water strikes the target. When combined with its fire equivalent, its power increases and a rainbow appears."
518,omega-ruby-alpha-sapphire,"A column of water strikes the target. When combined with its fire equivalent, the damage increases and a rainbow appears."
518,sun-moon,"A column of water strikes the target. When combined with its fire equivalent, its power increases and a rainbow appears."
518,sword-shield,"A column of water hits the target. When used with its fire equivalent, its power increases and a rainbow appears."
518,ultra-sun-ultra-moon,"A column of water strikes the target. When combined with its fire equivalent, its power increases and a rainbow appears."
518,x-y,"A column of water strikes the target. When combined with its fire equivalent, the damage increases and a rainbow appears."
519,black-2-white-2,"A column of fire hits opposing Pokémon. When used with its Grass equivalent, its damage increases into a vast sea of fire."
519,black-white,"A column of fire hits opposing Pokémon. When used with its Grass equivalent, its damage increases into a vast sea of fire."
519,lets-go-pikachu-lets-go-eevee,"A column of fire hits the target. When used with its grass equivalent, its power increases and a vast sea of fire appears."
519,omega-ruby-alpha-sapphire,"A column of fire hits the target. When used with its grass equivalent, its damage increases and a vast sea of fire appears."
519,sun-moon,"A column of fire hits the target. When used with its grass equivalent, its power increases and a vast sea of fire appears."
519,sword-shield,"A column of fire hits the target. When used with its grass equivalent, its power increases and a vast sea of fire appears."
519,ultra-sun-ultra-moon,"A column of fire hits the target. When used with its grass equivalent, its power increases and a vast sea of fire appears."
519,x-y,"A column of fire hits the target. When used with its grass equivalent, its damage increases and a vast sea of fire appears."
520,black-2-white-2,"A column of grass hits opposing Pokémon. When used with its water equivalent, its damage increases into a vast swamp."
520,black-white,"A column of grass hits opposing Pokémon. When used with its water equivalent, its damage increases into a vast swamp."
520,lets-go-pikachu-lets-go-eevee,"A column of grass hits the target. When used with its water equivalent, its power increases and a vast swamp appears."
520,omega-ruby-alpha-sapphire,"A column of grass hits the target. When used with its water equivalent, its damage increases and a vast swamp appears."
520,sun-moon,"A column of grass hits the target. When used with its water equivalent, its power increases and a vast swamp appears."
520,sword-shield,"A column of grass hits the target. When used with its water equivalent, its power increases and a vast swamp appears."
520,ultra-sun-ultra-moon,"A column of grass hits the target. When used with its water equivalent, its power increases and a vast swamp appears."
520,x-y,"A column of grass hits the target. When used with its water equivalent, its damage increases and a vast swamp appears."
521,black-2-white-2,"After making its attack, the user rushes back to switch places with a party Pokémon in waiting."
521,black-white,"After making its attack, the user rushes back to switch places with a party Pokémon in waiting."
521,lets-go-pikachu-lets-go-eevee,"After making its attack, the user rushes back to switch places with a party Pokémon in waiting."
521,omega-ruby-alpha-sapphire,"After making its attack, the user rushes back to switch places with a party Pokémon in waiting."
521,sun-moon,"After making its attack, the user rushes back to switch places with a party Pokémon in waiting."
521,sword-shield,"After making its attack, the user rushes back to switch places with a party Pokémon in waiting."
521,ultra-sun-ultra-moon,"After making its attack, the user rushes back to switch places with a party Pokémon in waiting."
521,x-y,"After making its attack, the user rushes back to switch places with a party Pokémon in waiting."
522,black-2-white-2,"While resisting, the user attacks the opposing Pokémon. The targets’ Sp. Atk stat is reduced."
522,black-white,"While resisting, the user attacks the opposing Pokémon. The targets’ Sp. Atk stat is reduced."
522,lets-go-pikachu-lets-go-eevee,"While resisting, the user attacks the opposing Pokémon. This lowers the Sp. Atk stat of those hit."
522,omega-ruby-alpha-sapphire,"While resisting, the user attacks the opposing Pokémon. This lowers the Sp. Atk stat of those hit."
522,sun-moon,"While resisting, the user attacks the opposing Pokémon. This lowers the Sp. Atk stat of those hit."
522,sword-shield,"While resisting, the user attacks opposing Pokémon. This lowers the Sp. Atk stats of those hit."
522,ultra-sun-ultra-moon,"While resisting, the user attacks the opposing Pokémon. This lowers the Sp. Atk stat of those hit."
522,x-y,"While resisting, the user attacks the opposing Pokémon. This lowers the Sp. Atk stat of those hit."
523,black-2-white-2,The user stomps down on the ground and attacks everything in the area. Hit Pokémon’s Speed stat is reduced.
523,black-white,The user stomps down on the ground and attacks everything in the area. Hit Pokémon’s Speed stat is reduced.
523,lets-go-pikachu-lets-go-eevee,The user strikes everything around it by stomping down on the ground. This lowers the Speed stat of those hit.
523,omega-ruby-alpha-sapphire,The user strikes everything around it by stomping down on the ground. This lowers the Speed stat of those hit.
523,sun-moon,The user strikes everything around it by stomping down on the ground. This lowers the Speed stat of those hit.
523,sword-shield,The user strikes everything around it by stomping down on the ground. This lowers the Speed stats of those hit.
523,ultra-sun-ultra-moon,The user strikes everything around it by stomping down on the ground. This lowers the Speed stat of those hit.
523,x-y,The user strikes everything around it by stomping down on the ground. This lowers the Speed stat of those hit.
524,black-2-white-2,The user blows a cold breath on the target. This attack always results in a critical hit.
524,black-white,The user blows a cold breath on the target. This attack always results in a critical hit.
524,lets-go-pikachu-lets-go-eevee,The user blows its cold breath on the target. This attack always results in a critical hit.
524,omega-ruby-alpha-sapphire,The user blows its cold breath on the target. This attack always results in a critical hit.
524,sun-moon,The user blows its cold breath on the target. This attack always results in a critical hit.
524,sword-shield,The user blows its cold breath on the target. This attack always results in a critical hit.
524,ultra-sun-ultra-moon,The user blows its cold breath on the target. This attack always results in a critical hit.
524,x-y,The user blows its cold breath on the target. This attack always results in a critical hit.
525,black-2-white-2,"The target is knocked away and switched. In the wild, a battle against a single Pokémon ends."
525,black-white,"The user knocks away the target and drags out another Pokémon in its party. In the wild, the battle ends."
525,lets-go-pikachu-lets-go-eevee,"The target is knocked away, and a different Pokémon is dragged out."
525,omega-ruby-alpha-sapphire,"The target is knocked away, and a different Pokémon is dragged out. In the wild, this ends a battle against a single Pokémon."
525,sun-moon,"The target is knocked away, and a different Pokémon is dragged out. In the wild, this ends a battle against a single Pokémon."
525,sword-shield,"The target is knocked away, and a different Pokémon is dragged out. In the wild, this ends a battle against a single Pokémon."
525,ultra-sun-ultra-moon,"The target is knocked away, and a different Pokémon is dragged out. In the wild, this ends a battle against a single Pokémon."
525,x-y,"The target is knocked away, and a different Pokémon is dragged out. In the wild, this ends a battle against a single Pokémon."
526,black-2-white-2,"The user is roused, and its Attack and Sp. Atk stats increase."
526,black-white,"The user is roused, and its Attack and Sp. Atk stats increase."
526,lets-go-pikachu-lets-go-eevee,"The user is roused, and its Attack and Sp. Atk stats increase."
526,omega-ruby-alpha-sapphire,"The user is roused, and its Attack and Sp. Atk stats increase."
526,sun-moon,"The user is roused, and its Attack and Sp. Atk stats increase."
526,sword-shield,"The user is roused, and its Attack and Sp. Atk stats increase."
526,ultra-sun-ultra-moon,"The user is roused, and its Attack and Sp. Atk stats increase."
526,x-y,"The user is roused, and its Attack and Sp. Atk stats increase."
527,black-2-white-2,The user captures and attacks opposing Pokémon by using an electric net. It reduces the targets’ Speed stat.
527,black-white,The user captures and attacks opposing Pokémon by using an electric net. It reduces the targets’ Speed stat.
527,lets-go-pikachu-lets-go-eevee,The user attacks and captures opposing Pokémon using an electric net. This lowers their Speed stat.
527,omega-ruby-alpha-sapphire,The user attacks and captures opposing Pokémon using an electric net. This lowers their Speed stat.
527,sun-moon,The user attacks and captures opposing Pokémon using an electric net. This lowers their Speed stat.
527,sword-shield,The user attacks and captures opposing Pokémon using an electric net. This lowers their Speed stats.
527,ultra-sun-ultra-moon,The user attacks and captures opposing Pokémon using an electric net. This lowers their Speed stat.
527,x-y,The user attacks and captures opposing Pokémon using an electric net. This lowers their Speed stat.
528,black-2-white-2,The user shrouds itself in electricity and smashes into its target. It also damages the user a little.
528,black-white,The user shrouds itself in electricity and smashes into its target. It also damages the user a little.
528,lets-go-pikachu-lets-go-eevee,The user shrouds itself in electricity and smashes into its target. This also damages the user a little.
528,omega-ruby-alpha-sapphire,The user shrouds itself in electricity and smashes into its target. This also damages the user a little.
528,sun-moon,The user shrouds itself in electricity and smashes into its target. This also damages the user a little.
528,sword-shield,The user shrouds itself in electricity and smashes into its target. This also damages the user a little.
528,ultra-sun-ultra-moon,The user shrouds itself in electricity and smashes into its target. This also damages the user a little.
528,x-y,The user shrouds itself in electricity and smashes into its target. This also damages the user a little.
529,black-2-white-2,The user crashes into its target while rotating its body like a drill. Critical hits land more easily.
529,black-white,The user crashes into its target while rotating its body like a drill. Critical hits land more easily.
529,lets-go-pikachu-lets-go-eevee,The user crashes into its target while rotating its body like a drill. Critical hits land more easily.
529,omega-ruby-alpha-sapphire,The user crashes into its target while rotating its body like a drill. Critical hits land more easily.
529,sun-moon,The user crashes into its target while rotating its body like a drill. Critical hits land more easily.
529,sword-shield,The user crashes into its target while rotating its body like a drill. Critical hits land more easily.
529,ultra-sun-ultra-moon,The user crashes into its target while rotating its body like a drill. Critical hits land more easily.
529,x-y,The user crashes into its target while rotating its body like a drill. Critical hits land more easily.
530,black-2-white-2,The user attacks its target by hitting it with brutal strikes. The target is hit twice in a row.
530,black-white,The user attacks its target by hitting it with brutal strikes. The target is hit twice in a row.
530,lets-go-pikachu-lets-go-eevee,The user attacks its target by hitting it with brutal strikes. The target is hit twice in a row.
530,omega-ruby-alpha-sapphire,The user attacks its target by hitting it with brutal strikes. The target is hit twice in a row.
530,sun-moon,The user attacks its target by hitting it with brutal strikes. The target is hit twice in a row.
530,sword-shield,The user attacks its target by hitting it with brutal strikes. The target is hit twice in a row.
530,ultra-sun-ultra-moon,The user attacks its target by hitting it with brutal strikes. The target is hit twice in a row.
530,x-y,The user attacks its target by hitting it with brutal strikes. The target is hit twice in a row.
531,black-2-white-2,The user unleashes a vicious blow after its cute act makes the target less wary. It may also make the target flinch.
531,black-white,The user unleashes a vicious blow after its cute act makes the target less wary. It may also make the target flinch.
531,lets-go-pikachu-lets-go-eevee,The user unleashes a vicious blow after its cute act makes the target less wary. This may also make the target flinch.
531,omega-ruby-alpha-sapphire,The user unleashes a vicious blow after its cute act makes the target less wary. This may also make the target flinch.
531,sun-moon,The user unleashes a vicious blow after its cute act makes the target less wary. This may also make the target flinch.
531,sword-shield,"This move can’t be used. It’s recommended that this move is forgotten. Once forgotten, this move can’t be remembered."
531,ultra-sun-ultra-moon,The user unleashes a vicious blow after its cute act makes the target less wary. This may also make the target flinch.
531,x-y,The user unleashes a vicious blow after its cute act makes the target less wary. This may also make the target flinch.
532,black-2-white-2,The user drains the target’s energy with its horns. The user’s HP is restored by half the damage taken by the target.
532,black-white,The user drains the target’s energy with its horns. The user’s HP is restored by half the damage taken by the target.
532,lets-go-pikachu-lets-go-eevee,The user drains the target’s energy with its horns. The user’s HP is restored by half the damage taken by the target.
532,omega-ruby-alpha-sapphire,The user drains the target’s energy with its horns. The user’s HP is restored by half the damage taken by the target.
532,sun-moon,The user drains the target’s energy with its horns. The user’s HP is restored by half the damage taken by the target.
532,sword-shield,The user drains the target’s energy with its horns. The user’s HP is restored by half the damage taken by the target.
532,ultra-sun-ultra-moon,The user drains the target’s energy with its horns. The user’s HP is restored by half the damage taken by the target.
532,x-y,The user drains the target’s energy with its horns. The user’s HP is restored by half the damage taken by the target.
533,black-2-white-2,The user attacks by slicing with its long horns. The target’s stat changes don’t affect this attack’s damage.
533,black-white,The user attacks by slicing with its long horns. The target’s stat changes don’t affect this attack’s damage.
533,lets-go-pikachu-lets-go-eevee,The user attacks by slicing with a long horn. The target’s stat changes don’t affect this attack’s damage.
533,omega-ruby-alpha-sapphire,The user attacks by slicing with a long horn. The target’s stat changes don’t affect this attack’s damage.
533,sun-moon,The user attacks by slicing with a long horn. The target’s stat changes don’t affect this attack’s damage.
533,sword-shield,The user attacks by slicing with a long horn. The target’s stat changes don’t affect this attack’s damage.
533,ultra-sun-ultra-moon,The user attacks by slicing with a long horn. The target’s stat changes don’t affect this attack’s damage.
533,x-y,The user attacks by slicing with a long horn. The target’s stat changes don’t affect this attack’s damage.
534,black-2-white-2,The user cuts its target with sharp shells. This attack may also lower the target’s Defense stat.
534,black-white,The user cuts its target with sharp shells. This attack may also lower the target’s Defense stat.
534,lets-go-pikachu-lets-go-eevee,The user cuts its target with sharp shells. This may also lower the target’s Defense stat.
534,omega-ruby-alpha-sapphire,The user cuts its target with sharp shells. This may also lower the target’s Defense stat.
534,sun-moon,The user cuts its target with sharp shells. This may also lower the target’s Defense stat.
534,sword-shield,The user cuts its target with sharp shells. This may also lower the target’s Defense stat.
534,ultra-sun-ultra-moon,The user cuts its target with sharp shells. This may also lower the target’s Defense stat.
534,x-y,The user cuts its target with sharp shells. This may also lower the target’s Defense stat.
535,black-2-white-2,"The user slams its target with its flame- covered body. The more the user outweighs the target, the greater the damage."
535,black-white,"The user slams its target with its flame- covered body. The more the user outweighs the target, the greater the damage."
535,lets-go-pikachu-lets-go-eevee,"The user slams its target with its flame-covered body. The more the user outweighs the target, the greater the move’s power."
535,omega-ruby-alpha-sapphire,"The user slams its target with its flame- covered body. The more the user outweighs the target, the greater the move’s power."
535,sun-moon,"The user slams its target with its flame-covered body. The more the user outweighs the target, the greater the move’s power."
535,sword-shield,"The user slams its target with its flame-covered body. The more the user outweighs the target, the greater the move’s power."
535,ultra-sun-ultra-moon,"The user slams its target with its flame-covered body. The more the user outweighs the target, the greater the move’s power."
535,x-y,"The user slams its target with its flame- covered body. The more the user outweighs the target, the greater the move’s power."
536,black-2-white-2,The user attacks its target by encircling it in sharp leaves. This attack may also lower the target’s accuracy.
536,black-white,The user attacks its target by encircling it in sharp leaves. This attack may also lower the target’s accuracy.
536,lets-go-pikachu-lets-go-eevee,The user attacks its target by encircling it in sharp leaves. This attack may also lower the target’s accuracy.
536,omega-ruby-alpha-sapphire,The user attacks its target by encircling it in sharp leaves. This attack may also lower the target’s accuracy.
536,sun-moon,The user attacks its target by encircling it in sharp leaves. This attack may also lower the target’s accuracy.
536,sword-shield,The user attacks its target by encircling it in sharp leaves. This attack may also lower the target’s accuracy.
536,ultra-sun-ultra-moon,The user attacks its target by encircling it in sharp leaves. This attack may also lower the target’s accuracy.
536,x-y,The user attacks its target by encircling it in sharp leaves. This attack may also lower the target’s accuracy.
537,black-2-white-2,The user crushes its targets by rolling over them with its rolled-up body. This attack may make the target flinch.
537,black-white,The user crushes its targets by rolling over them with its rolled-up body. This attack may make the target flinch.
537,lets-go-pikachu-lets-go-eevee,The user crushes its target by rolling over the target with its rolled-up body. This may also make the target flinch.
537,omega-ruby-alpha-sapphire,The user crushes its targets by rolling over them with its rolled-up body. This may also make the target flinch.
537,sun-moon,The user crushes its target by rolling over the target with its rolled-up body. This may also make the target flinch.
537,sword-shield,"This move can’t be used. It’s recommended that this move is forgotten. Once forgotten, this move can’t be remembered."
537,ultra-sun-ultra-moon,The user crushes its target by rolling over the target with its rolled-up body. This may also make the target flinch.
537,x-y,The user crushes its targets by rolling over them with its rolled-up body. This may also make the target flinch.
538,black-2-white-2,"The user protects itself by wrapping its body in soft cotton, drastically raising the user’s Defense stat."
538,black-white,"The user protects itself by wrapping its body in soft cotton, drastically raising the user’s Defense stat."
538,lets-go-pikachu-lets-go-eevee,"The user protects itself by wrapping its body in soft cotton, which drastically raises the user’s Defense stat."
538,omega-ruby-alpha-sapphire,"The user protects itself by wrapping its body in soft cotton, which drastically raises the user’s Defense stat."
538,sun-moon,"The user protects itself by wrapping its body in soft cotton, which drastically raises the user’s Defense stat."
538,sword-shield,"The user protects itself by wrapping its body in soft cotton, which drastically raises the user’s Defense stat."
538,ultra-sun-ultra-moon,"The user protects itself by wrapping its body in soft cotton, which drastically raises the user’s Defense stat."
538,x-y,"The user protects itself by wrapping its body in soft cotton, which drastically raises the user’s Defense stat."
539,black-2-white-2,The user lets loose a pitch-black shock wave at its target. It may also lower the target’s accuracy.
539,black-white,The user lets loose a pitch-black shock wave at its target. It may also lower the target’s accuracy.
539,lets-go-pikachu-lets-go-eevee,The user lets loose a pitch-black shock wave at its target. This may also lower the target’s accuracy.
539,omega-ruby-alpha-sapphire,The user lets loose a pitch-black shock wave at its target. This may also lower the target’s accuracy.
539,sun-moon,The user lets loose a pitch-black shock wave at its target. This may also lower the target’s accuracy.
539,sword-shield,The user lets loose a pitch-black shock wave at its target. This may also lower the target’s accuracy.
539,ultra-sun-ultra-moon,The user lets loose a pitch-black shock wave at its target. This may also lower the target’s accuracy.
539,x-y,The user lets loose a pitch-black shock wave at its target. This may also lower the target’s accuracy.
540,black-2-white-2,The user materializes an odd psychic wave to attack the target. This attack does physical damage.
540,black-white,The user materializes an odd psychic wave to attack the target. This attack does physical damage.
540,lets-go-pikachu-lets-go-eevee,The user materializes an odd psychic wave to attack the target. This attack does physical damage.
540,omega-ruby-alpha-sapphire,The user materializes an odd psychic wave to attack the target. This attack does physical damage.
540,sun-moon,The user materializes an odd psychic wave to attack the target. This attack does physical damage.
540,sword-shield,The user materializes an odd psychic wave to attack the target. This attack does physical damage.
540,ultra-sun-ultra-moon,The user materializes an odd psychic wave to attack the target. This attack does physical damage.
540,x-y,The user materializes an odd psychic wave to attack the target. This attack does physical damage.
541,black-2-white-2,The user attacks by striking the target with its hard tail. It hits the target two to five times in a row.
541,black-white,The user attacks by striking the target with its hard tail. It hits the target two to five times in a row.
541,lets-go-pikachu-lets-go-eevee,The user attacks by striking the target with its hard tail. It hits the target two to five times in a row.
541,omega-ruby-alpha-sapphire,The user attacks by striking the target with its hard tail. It hits the target two to five times in a row.
541,sun-moon,The user attacks by striking the target with its hard tail. It hits the target two to five times in a row.
541,sword-shield,The user attacks by striking the target with its hard tail. It hits the target two to five times in a row.
541,ultra-sun-ultra-moon,The user attacks by striking the target with its hard tail. It hits the target two to five times in a row.
541,x-y,The user attacks by striking the target with its hard tail. It hits the target two to five times in a row.
542,black-2-white-2,The user attacks by wrapping its opponent in a fierce wind that flies up into the sky. It may also confuse the target.
542,black-white,The user attacks by wrapping its opponent in a fierce wind that flies up into the sky. It may also confuse the target.
542,lets-go-pikachu-lets-go-eevee,The user attacks by wrapping its opponent in a fierce wind that flies up into the sky. This may also confuse the target.
542,omega-ruby-alpha-sapphire,The user attacks by wrapping its opponent in a fierce wind that flies up into the sky. This may also confuse the target.
542,sun-moon,The user attacks by wrapping its opponent in a fierce wind that flies up into the sky. This may also confuse the target.
542,sword-shield,The user attacks by wrapping its opponent in a fierce wind that flies up into the sky. This may also confuse the target.
542,ultra-sun-ultra-moon,The user attacks by wrapping its opponent in a fierce wind that flies up into the sky. This may also confuse the target.
542,x-y,The user attacks by wrapping its opponent in a fierce wind that flies up into the sky. This may also confuse the target.
543,black-2-white-2,"The user charges its head into its target, using its powerful guard hair. It also damages the user a little."
543,black-white,"The user charges its head into its target, using its powerful guard hair. It also damages the user a little."
543,lets-go-pikachu-lets-go-eevee,"The user charges its head into its target, using its powerful guard hair. This also damages the user a little."
543,omega-ruby-alpha-sapphire,"The user charges its head into its target, using its powerful guard hair. This also damages the user a little."
543,sun-moon,"The user charges its head into its target, using its powerful guard hair. This also damages the user a little."
543,sword-shield,"The user charges its head into its target, using its powerful guard hair. This also damages the user a little."
543,ultra-sun-ultra-moon,"The user charges its head into its target, using its powerful guard hair. This also damages the user a little."
543,x-y,"The user charges its head into its target, using its powerful guard hair. This also damages the user a little."
544,black-2-white-2,The user attacks by throwing two steel gears at its target.
544,black-white,The user attacks by throwing two steel gears at its target.
544,lets-go-pikachu-lets-go-eevee,The user attacks by throwing steel gears at its target twice.
544,omega-ruby-alpha-sapphire,The user attacks by throwing steel gears at its target twice.
544,sun-moon,The user attacks by throwing steel gears at its target twice.
544,sword-shield,The user attacks by throwing steel gears at its target twice.
544,ultra-sun-ultra-moon,The user attacks by throwing steel gears at its target twice.
544,x-y,The user attacks by throwing steel gears at its target twice.
545,black-2-white-2,An inferno of scarlet flames torches everything around the user. It may leave targets with a burn.
545,black-white,An inferno of scarlet flames torches everything around the user. It may leave targets with a burn.
545,lets-go-pikachu-lets-go-eevee,The user torches everything around it in an inferno of scarlet flames. This may also leave those it hits with a burn.
545,omega-ruby-alpha-sapphire,The user torches everything around it with an inferno of scarlet flames. This may also leave those hit with a burn.
545,sun-moon,The user torches everything around it in an inferno of scarlet flames. This may also leave those it hits with a burn.
545,sword-shield,The user torches everything around it in an inferno of scarlet flames. This may also leave those it hits with a burn.
545,ultra-sun-ultra-moon,The user torches everything around it in an inferno of scarlet flames. This may also leave those it hits with a burn.
545,x-y,The user torches everything around it with an inferno of scarlet flames. This may also leave those hit with a burn.
546,black-2-white-2,The user fires a beam of light at its target. The type changes depending on the Drive the user holds.
546,black-white,The user fires a beam of light at its target. The type changes depending on the Drive the user holds.
546,lets-go-pikachu-lets-go-eevee,The user fires a beam of light at its target. The move’s type changes depending on the Drive the user holds.
546,omega-ruby-alpha-sapphire,The user fires a beam of light at its target. The move’s type changes depending on the Drive the user holds.
546,sun-moon,The user fires a beam of light at its target. The move’s type changes depending on the Drive the user holds.
546,sword-shield,The user fires a beam of light at its target. The move’s type changes depending on the Drive the user holds.
546,ultra-sun-ultra-moon,The user fires a beam of light at its target. The move’s type changes depending on the Drive the user holds.
546,x-y,The user fires a beam of light at its target. The move’s type changes depending on the Drive the user holds.
547,black-2-white-2,The user sings an ancient song and attacks by appealing to the hearts of those listening. It may also induce sleep.
547,black-white,The user sings an ancient song and attacks by appealing to the hearts of those listening. It may also induce sleep.
547,lets-go-pikachu-lets-go-eevee,The user sings an ancient song and attacks by appealing to the hearts of the listening opposing Pokémon. This may also induce sleep.
547,omega-ruby-alpha-sapphire,The user sings an ancient song and attacks by appealing to the hearts of the listening opposing Pokémon. This may also induce sleep.
547,sun-moon,The user sings an ancient song and attacks by appealing to the hearts of the listening opposing Pokémon. This may also induce sleep.
547,sword-shield,The user sings an ancient song and attacks by appealing to the hearts of the listening opposing Pokémon. This may also induce sleep.
547,ultra-sun-ultra-moon,The user sings an ancient song and attacks by appealing to the hearts of the listening opposing Pokémon. This may also induce sleep.
547,x-y,The user sings an ancient song and attacks by appealing to the hearts of the listening opposing Pokémon. This may also induce sleep.
548,black-2-white-2,The user cuts with its long horn. The odd power contained in the horn does physical damage to the target.
548,black-white,The user cuts with its long horn. The odd power contained in the horn does physical damage to the target.
548,lets-go-pikachu-lets-go-eevee,The user cuts with its long horn. The odd power contained in the horn does physical damage to the target.
548,omega-ruby-alpha-sapphire,The user cuts with its long horn. The odd power contained in the horn does physical damage to the target.
548,sun-moon,The user cuts with its long horn. The odd power contained in the horn does physical damage to the target.
548,sword-shield,The user cuts with its long horn. The odd power contained in the horn does physical damage to the target.
548,ultra-sun-ultra-moon,The user cuts with its long horn. The odd power contained in the horn does physical damage to the target.
548,x-y,The user cuts with its long horn. The odd power contained in the horn does physical damage to the target.
549,black-2-white-2,The user attacks by blowing freezing cold air at opposing Pokémon. This attack reduces the targets’ Speed stat.
549,black-white,The user attacks by blowing freezing cold air at opposing Pokémon. This attack reduces the targets’ Speed stat.
549,lets-go-pikachu-lets-go-eevee,The user attacks by blowing freezing cold air at opposing Pokémon. This lowers their Speed stat.
549,omega-ruby-alpha-sapphire,The user attacks by blowing freezing cold air at opposing Pokémon. This lowers their Speed stat.
549,sun-moon,The user attacks by blowing freezing cold air at opposing Pokémon. This lowers their Speed stat.
549,sword-shield,The user attacks by blowing freezing cold air at opposing Pokémon. This lowers their Speed stats.
549,ultra-sun-ultra-moon,The user attacks by blowing freezing cold air at opposing Pokémon. This lowers their Speed stat.
549,x-y,The user attacks by blowing freezing cold air at opposing Pokémon. This lowers their Speed stat.
550,black-2-white-2,"The user charges its target, surrounding itself with a great amount of electricity. It may leave the target with paralysis."
550,black-white,"The user charges its target, surrounding itself with a great amount of electricity. It may leave the target with paralysis."
550,lets-go-pikachu-lets-go-eevee,The user surrounds itself with a great amount of electricity and charges its target. This may also leave the target with paralysis.
550,omega-ruby-alpha-sapphire,The user surrounds itself with a great amount of electricity and charges its target. This may also leave the target with paralysis.
550,sun-moon,The user surrounds itself with a great amount of electricity and charges its target. This may also leave the target with paralysis.
550,sword-shield,The user surrounds itself with a great amount of electricity and charges its target. This may also leave the target with paralysis.
550,ultra-sun-ultra-moon,The user surrounds itself with a great amount of electricity and charges its target. This may also leave the target with paralysis.
550,x-y,The user surrounds itself with a great amount of electricity and charges its target. This may also leave the target with paralysis.
551,black-2-white-2,"The user attacks by engulfing the target in an intense, yet beautiful, blue flame. It may leave the target with a burn."
551,black-white,"The user attacks by engulfing the target in an intense, yet beautiful, blue flame. It may leave the target with a burn."
551,lets-go-pikachu-lets-go-eevee,"The user attacks by engulfing the target in an intense, yet beautiful, blue flame. This may also leave the target with a burn."
551,omega-ruby-alpha-sapphire,"The user attacks by engulfing the target in an intense, yet beautiful, blue flame. This may also leave the target with a burn."
551,sun-moon,"The user attacks by engulfing the target in an intense, yet beautiful, blue flame. This may also leave the target with a burn."
551,sword-shield,"The user attacks by engulfing the target in an intense, yet beautiful, blue flame. This may also leave the target with a burn."
551,ultra-sun-ultra-moon,"The user attacks by engulfing the target in an intense, yet beautiful, blue flame. This may also leave the target with a burn."
551,x-y,"The user attacks by engulfing the target in an intense, yet beautiful, blue flame. This may also leave the target with a burn."
552,black-2-white-2,"Cloaked in flames, the user dances and flaps its wings. It may also raise the user’s Sp. Atk stat."
552,black-white,"Cloaked in flames, the user dances and flaps its wings. It may also raise the user’s Sp. Atk stat."
552,lets-go-pikachu-lets-go-eevee,"Cloaked in flames, the user dances and flaps its wings. This may also raise the user’s Sp. Atk stat."
552,omega-ruby-alpha-sapphire,"Cloaked in flames, the user dances and flaps its wings. This may also raise the user’s Sp. Atk stat."
552,sun-moon,"Cloaked in flames, the user dances and flaps its wings. This may also raise the user’s Sp. Atk stat."
552,sword-shield,"Cloaked in flames, the user attacks the target by dancing and flapping its wings. This may also raise the user’s Sp. Atk stat."
552,ultra-sun-ultra-moon,"Cloaked in flames, the user dances and flaps its wings. This may also raise the user’s Sp. Atk stat."
552,x-y,"Cloaked in flames, the user dances and flaps its wings. This may also raise the user’s Sp. Atk stat."
553,black-2-white-2,"On the second turn, the user hits the target with electrically charged ice. It may leave the target with paralysis."
553,black-white,"On the second turn, the user hits the target with electrically charged ice. It may leave the target with paralysis."
553,lets-go-pikachu-lets-go-eevee,"On the second turn, the user hits the target with electrically charged ice. This may also leave the target with paralysis."
553,omega-ruby-alpha-sapphire,"On the second turn, the user hits the target with electrically charged ice. This may also leave the target with paralysis."
553,sun-moon,"On the second turn, the user hits the target with electrically charged ice. This may also leave the target with paralysis."
553,sword-shield,"On the second turn, the user hits the target with electrically charged ice. This may also leave the target with paralysis."
553,ultra-sun-ultra-moon,"On the second turn, the user hits the target with electrically charged ice. This may also leave the target with paralysis."
553,x-y,"On the second turn, the user hits the target with electrically charged ice. This may also leave the target with paralysis."
554,black-2-white-2,"On the second turn, an ultracold, freezing wind surrounds the target. This may leave the target with a burn."
554,black-white,"On the second turn, an ultracold, freezing wind surrounds the target. This may leave the target with a burn."
554,lets-go-pikachu-lets-go-eevee,"On the second turn, an ultracold, freezing wind surrounds the target. This may leave the target with a burn."
554,omega-ruby-alpha-sapphire,"On the second turn, an ultracold, freezing wind surrounds the target. This may leave the target with a burn."
554,sun-moon,"On the second turn, an ultracold, freezing wind surrounds the target. This may leave the target with a burn."
554,sword-shield,"On the second turn, an ultracold, freezing wind surrounds the target. This may leave the target with a burn."
554,ultra-sun-ultra-moon,"On the second turn, an ultracold, freezing wind surrounds the target. This may leave the target with a burn."
554,x-y,"On the second turn, an ultracold, freezing wind surrounds the target. This may leave the target with a burn."
555,black-2-white-2,"The user yells as if it is ranting about something, making the targets’ Sp. Atk stat decrease."
555,black-white,"The user yells as if it is ranting about something, making the target’s Sp. Atk stat decrease."
555,lets-go-pikachu-lets-go-eevee,"The user yells as if it’s ranting about something, which lowers the Sp. Atk stat of opposing Pokémon."
555,omega-ruby-alpha-sapphire,"The user yells as if it’s ranting about something, which lowers the Sp. Atk stat of opposing Pokémon."
555,sun-moon,"The user yells as if it’s ranting about something, which lowers the Sp. Atk stat of opposing Pokémon."
555,sword-shield,"The user yells as if it’s ranting about something, which lowers the Sp. Atk stats of opposing Pokémon."
555,ultra-sun-ultra-moon,"The user yells as if it’s ranting about something, which lowers the Sp. Atk stat of opposing Pokémon."
555,x-y,"The user yells as if it’s ranting about something, which lowers the Sp. Atk stat of opposing Pokémon."
556,black-2-white-2,The user attacks by harshly dropping an icicle onto the target. It may also make the target flinch.
556,black-white,The user attacks by harshly dropping an icicle onto the target. It may also make the target flinch.
556,lets-go-pikachu-lets-go-eevee,The user attacks by harshly dropping large icicles onto the target. This may also make the target flinch.
556,omega-ruby-alpha-sapphire,The user attacks by harshly dropping large icicles onto the target. This may also make the target flinch.
556,sun-moon,The user attacks by harshly dropping large icicles onto the target. This may also make the target flinch.
556,sword-shield,The user attacks by harshly dropping large icicles onto the target. This may also make the target flinch.
556,ultra-sun-ultra-moon,The user attacks by harshly dropping large icicles onto the target. This may also make the target flinch.
556,x-y,The user attacks by harshly dropping large icicles onto the target. This may also make the target flinch.
557,black-2-white-2,"With a hot flame on its forehead, the user hurls itself at its target. It lowers the user’s Defense, Sp. Def, and Speed stats."
557,black-white,"With a hot flame on its forehead, the user hurls itself at its target. It lowers the user’s Defense, Sp. Def, and Speed stats."
557,lets-go-pikachu-lets-go-eevee,"With a hot flame on its forehead, the user hurls itself at its target. This lowers the user’s Defense, Sp. Def, and Speed stats."
557,omega-ruby-alpha-sapphire,"With a hot flame on its forehead, the user hurls itself at its target. This lowers the user’s Defense, Sp. Def, and Speed stats."
557,sun-moon,"With a hot flame on its forehead, the user hurls itself at its target. This lowers the user’s Defense, Sp. Def, and Speed stats."
557,sword-shield,"With a hot flame on its forehead, the user hurls itself at its target. This lowers the user’s Defense, Sp. Def, and Speed stats."
557,ultra-sun-ultra-moon,"With a hot flame on its forehead, the user hurls itself at its target. This lowers the user’s Defense, Sp. Def, and Speed stats."
557,x-y,"With a hot flame on its forehead, the user hurls itself at its target. This lowers the user’s Defense, Sp. Def, and Speed stats."
558,black-2-white-2,The user brings down a giant flame. This attack does greater damage when influenced by an enormous thunderbolt.
558,black-white,The user brings down a giant flame. This attack does greater damage when influenced by an enormous thunderbolt.
558,lets-go-pikachu-lets-go-eevee,The user brings down a giant flame. This move’s power is increased when influenced by an enormous lightning bolt.
558,omega-ruby-alpha-sapphire,The user brings down a giant flame. This move is more powerful when influenced by an enormous thunderbolt.
558,sun-moon,The user brings down a giant flame. This move’s power is increased when influenced by an enormous lightning bolt.
558,sword-shield,The user brings down a giant flame. This move’s power is increased when influenced by an enormous lightning bolt.
558,ultra-sun-ultra-moon,The user brings down a giant flame. This move’s power is increased when influenced by an enormous lightning bolt.
558,x-y,The user brings down a giant flame. This move is more powerful when influenced by an enormous thunderbolt.
559,black-2-white-2,The user throws down a giant thunderbolt. This attack does greater damage when influenced by an enormous flame.
559,black-white,The user throws down a giant thunderbolt. This attack does greater damage when influenced by an enormous flame.
559,lets-go-pikachu-lets-go-eevee,The user throws down a giant lightning bolt. This move’s power is increased when influenced by an enormous flame.
559,omega-ruby-alpha-sapphire,The user throws down a giant thunderbolt. This move is more powerful when influenced by an enormous flame.
559,sun-moon,The user throws down a giant lightning bolt. This move’s power is increased when influenced by an enormous flame.
559,sword-shield,The user throws down a giant lightning bolt. This move’s power is increased when influenced by an enormous flame.
559,ultra-sun-ultra-moon,The user throws down a giant lightning bolt. This move’s power is increased when influenced by an enormous flame.
559,x-y,The user throws down a giant thunderbolt. This move is more powerful when influenced by an enormous flame.
560,lets-go-pikachu-lets-go-eevee,The user dives down onto the target from the sky. This move is Fighting and Flying type simultaneously.
560,omega-ruby-alpha-sapphire,The user dives down onto the target from the sky. This move is Fighting and Flying type simultaneously.
560,sun-moon,The user dives down onto the target from the sky. This move is Fighting and Flying type simultaneously.
560,sword-shield,The user dives down onto the target from the sky. This move is Fighting and Flying type simultaneously.
560,ultra-sun-ultra-moon,The user dives down onto the target from the sky. This move is Fighting and Flying type simultaneously.
560,x-y,The user dives down onto the target from the sky. This move is Fighting and Flying type simultaneously.
561,lets-go-pikachu-lets-go-eevee,"Using a pulled-up mat as a shield, the user protects itself and its allies from damaging moves. This does not stop status moves."
561,omega-ruby-alpha-sapphire,"Using a pulled-up mat as a shield, the user protects itself and its allies from damaging moves. This does not stop status moves."
561,sun-moon,"Using a pulled-up mat as a shield, the user protects itself and its allies from damaging moves. This does not stop status moves."
561,sword-shield,"Using a pulled-up mat as a shield, the user protects itself and its allies from damaging moves. This does not stop status moves."
561,ultra-sun-ultra-moon,"Using a pulled-up mat as a shield, the user protects itself and its allies from damaging moves. This does not stop status moves."
561,x-y,"Using a pulled-up mat as a shield, the user protects itself and its allies from damaging moves. This does not stop status moves."
562,lets-go-pikachu-lets-go-eevee,The user lets out a damaging belch at the target. The user must eat a held Berry to use this move.
562,omega-ruby-alpha-sapphire,The user lets out a damaging belch at the target. The user must eat a held Berry to use this move.
562,sun-moon,The user lets out a damaging belch at the target. The user must eat a held Berry to use this move.
562,sword-shield,The user lets out a damaging belch at the target. The user must eat a held Berry to use this move.
562,ultra-sun-ultra-moon,The user lets out a damaging belch at the target. The user must eat a held Berry to use this move.
562,x-y,The user lets out a damaging belch at the target. The user must eat a held Berry to use this move.
563,lets-go-pikachu-lets-go-eevee,"Tilling the soil, the user makes it easier for plants to grow. This raises the Attack and Sp. Atk stats of Grass-type Pokémon."
563,omega-ruby-alpha-sapphire,"Tilling the soil, the user makes it easier for plants to grow. This raises the Attack and Sp. Atk stats of Grass-type Pokémon."
563,sun-moon,"Tilling the soil, the user makes it easier for plants to grow. This raises the Attack and Sp. Atk stats of Grass-type Pokémon."
563,sword-shield,"This move can’t be used. It’s recommended that this move is forgotten. Once forgotten, this move can’t be remembered."
563,ultra-sun-ultra-moon,"Tilling the soil, the user makes it easier for plants to grow. This raises the Attack and Sp. Atk stats of Grass-type Pokémon."
563,x-y,"Tilling the soil, the user makes it easier for plants to grow. This raises the Attack and Sp. Atk stats of Grass-type Pokémon."
564,lets-go-pikachu-lets-go-eevee,"The user weaves a sticky net around the opposing team, which lowers their Speed stat upon switching into battle."
564,omega-ruby-alpha-sapphire,"The user weaves a sticky net around the opposing team, which lowers their Speed stat upon switching into battle."
564,sun-moon,"The user weaves a sticky net around the opposing team, which lowers their Speed stat upon switching into battle."
564,sword-shield,"The user weaves a sticky net around the opposing team, which lowers their Speed stats upon switching into battle."
564,ultra-sun-ultra-moon,"The user weaves a sticky net around the opposing team, which lowers their Speed stat upon switching into battle."
564,x-y,"The user weaves a sticky net around the opposing team, which lowers their Speed stat upon switching into battle."
565,lets-go-pikachu-lets-go-eevee,"When the user knocks out a target with this move, the user’s Attack stat rises drastically."
565,omega-ruby-alpha-sapphire,"When the user knocks out a target with this move, the user’s Attack stat rises sharply."
565,sun-moon,"When the user knocks out a target with this move, the user’s Attack stat rises drastically."
565,sword-shield,"When the user knocks out a target with this move, the user’s Attack stat rises drastically."
565,ultra-sun-ultra-moon,"When the user knocks out a target with this move, the user’s Attack stat rises drastically."
565,x-y,"When the user knocks out a target with this move, the user’s Attack stat rises sharply."
566,lets-go-pikachu-lets-go-eevee,"The user vanishes somewhere, then strikes the target on the next turn. This move hits even if the target protects itself."
566,omega-ruby-alpha-sapphire,"The user vanishes somewhere, then strikes the target on the next turn. This move hits even if the target protects itself."
566,sun-moon,"The user vanishes somewhere, then strikes the target on the next turn. This move hits even if the target protects itself."
566,sword-shield,"The user vanishes somewhere, then strikes the target on the next turn. This move hits even if the target protects itself."
566,ultra-sun-ultra-moon,"The user vanishes somewhere, then strikes the target on the next turn. This move hits even if the target protects itself."
566,x-y,"The user vanishes somewhere, then strikes the target on the next turn. This move hits even if the target protects itself."
567,lets-go-pikachu-lets-go-eevee,The user takes the target trick-or-treating. This adds Ghost type to the target’s type.
567,omega-ruby-alpha-sapphire,The user takes the target trick-or-treating. This adds Ghost type to the target’s type.
567,sun-moon,The user takes the target trick-or-treating. This adds Ghost type to the target’s type.
567,sword-shield,The user takes the target trick-or-treating. This adds Ghost type to the target’s type.
567,ultra-sun-ultra-moon,The user takes the target trick-or-treating. This adds Ghost type to the target’s type.
567,x-y,The user takes the target trick-or-treating. This adds Ghost type to the target’s type.
568,lets-go-pikachu-lets-go-eevee,"Letting out a noble roar, the user intimidates the target and lowers its Attack and Sp. Atk stats."
568,omega-ruby-alpha-sapphire,"Letting out a noble roar, the user intimidates the target and lowers its Attack and Sp. Atk stats."
568,sun-moon,"Letting out a noble roar, the user intimidates the target and lowers its Attack and Sp. Atk stats."
568,sword-shield,"Letting out a noble roar, the user intimidates the target and lowers its Attack and Sp. Atk stats."
568,ultra-sun-ultra-moon,"Letting out a noble roar, the user intimidates the target and lowers its Attack and Sp. Atk stats."
568,x-y,"Letting out a noble roar, the user intimidates the target and lowers its Attack and Sp. Atk stats."
569,lets-go-pikachu-lets-go-eevee,"The user disperses electrically charged particles, which changes Normal-type moves to Electric-type moves."
569,omega-ruby-alpha-sapphire,"The user disperses electrically charged particles, which changes Normal-type moves to Electric-type moves."
569,sun-moon,"The user disperses electrically charged particles, which changes Normal-type moves to Electric-type moves."
569,sword-shield,"This move can’t be used. It’s recommended that this move is forgotten. Once forgotten, this move can’t be remembered."
569,ultra-sun-ultra-moon,"The user disperses electrically charged particles, which changes Normal-type moves to Electric-type moves."
569,x-y,"The user disperses electrically charged particles, which changes Normal-type moves to Electric-type moves."
570,lets-go-pikachu-lets-go-eevee,The user attacks everything around it. The user’s HP is restored by half the damage taken by those hit.
570,omega-ruby-alpha-sapphire,The user attacks everything around it. The user’s HP is restored by half the damage taken by those hit.
570,sun-moon,The user attacks everything around it. The user’s HP is restored by half the damage taken by those hit.
570,sword-shield,The user attacks everything around it. The user’s HP is restored by half the damage taken by those hit.
570,ultra-sun-ultra-moon,The user attacks everything around it. The user’s HP is restored by half the damage taken by those hit.
570,x-y,The user attacks everything around it. The user’s HP is restored by half the damage taken by those hit.
571,lets-go-pikachu-lets-go-eevee,The user puts a forest curse on the target. The target is now Grass type as well.
571,omega-ruby-alpha-sapphire,The user puts a forest curse on the target. Afflicted targets are now Grass type as well.
571,sun-moon,The user puts a forest curse on the target. The target is now Grass type as well.
571,sword-shield,The user puts a forest curse on the target. The target is now Grass type as well.
571,ultra-sun-ultra-moon,The user puts a forest curse on the target. The target is now Grass type as well.
571,x-y,The user puts a forest curse on the target. Afflicted targets are now Grass type as well.
572,lets-go-pikachu-lets-go-eevee,The user stirs up a violent petal blizzard and attacks everything around it.
572,omega-ruby-alpha-sapphire,The user stirs up a violent petal blizzard and attacks everything around it.
572,sun-moon,The user stirs up a violent petal blizzard and attacks everything around it.
572,sword-shield,The user stirs up a violent petal blizzard and attacks everything around it.
572,ultra-sun-ultra-moon,The user stirs up a violent petal blizzard and attacks everything around it.
572,x-y,The user stirs up a violent petal blizzard and attacks everything around it.
573,lets-go-pikachu-lets-go-eevee,The user rapidly cools the target. This may also leave the target frozen. This move is super effective on Water types.
573,omega-ruby-alpha-sapphire,The user rapidly cools the target. This may also leave the target frozen. This move is super effective on Water types.
573,sun-moon,The user rapidly cools the target. This may also leave the target frozen. This move is super effective on Water types.
573,sword-shield,The user rapidly cools the target. This may also leave the target frozen. This move is super effective on Water types.
573,ultra-sun-ultra-moon,The user rapidly cools the target. This may also leave the target frozen. This move is super effective on Water types.
573,x-y,The user rapidly cools the target. This may also leave the target frozen. This move is super effective on Water types.
574,lets-go-pikachu-lets-go-eevee,"Letting out a charming cry, the user does emotional damage to opposing Pokémon. This attack never misses."
574,omega-ruby-alpha-sapphire,"Letting out a charming cry, the user does emotional damage to opposing Pokémon. This attack never misses."
574,sun-moon,"Letting out a charming cry, the user does emotional damage to opposing Pokémon. This attack never misses."
574,sword-shield,"Letting out a charming cry, the user does emotional damage to opposing Pokémon. This attack never misses."
574,ultra-sun-ultra-moon,"Letting out a charming cry, the user does emotional damage to opposing Pokémon. This attack never misses."
574,x-y,"Letting out a charming cry, the user does emotional damage to opposing Pokémon. This attack never misses."
575,lets-go-pikachu-lets-go-eevee,"With a parting threat, the user lowers the target’s Attack and Sp. Atk stats. Then it switches with a party Pokémon."
575,omega-ruby-alpha-sapphire,"With a parting threat, the user lowers the target’s Attack and Sp. Atk stats. Then it switches with a party Pokémon."
575,sun-moon,"With a parting threat, the user lowers the target’s Attack and Sp. Atk stats. Then it switches with a party Pokémon."
575,sword-shield,"With a parting threat, the user lowers the target’s Attack and Sp. Atk stats. Then it switches with a party Pokémon."
575,ultra-sun-ultra-moon,"With a parting threat, the user lowers the target’s Attack and Sp. Atk stats. Then it switches with a party Pokémon."
575,x-y,"With a parting threat, the user lowers the target’s Attack and Sp. Atk stats. Then it switches with a party Pokémon."
576,lets-go-pikachu-lets-go-eevee,All stat changes affecting the target turn topsy-turvy and become the opposite of what they were.
576,omega-ruby-alpha-sapphire,All stat changes affecting the target turn topsy-turvy and become the opposite of what they were.
576,sun-moon,All stat changes affecting the target turn topsy-turvy and become the opposite of what they were.
576,sword-shield,All stat changes affecting the target turn topsy-turvy and become the opposite of what they were.
576,ultra-sun-ultra-moon,All stat changes affecting the target turn topsy-turvy and become the opposite of what they were.
576,x-y,All stat changes affecting the target turn topsy-turvy and become the opposite of what they were.
577,lets-go-pikachu-lets-go-eevee,The user steals the target’s HP with a kiss. The user’s HP is restored by over half of the damage taken by the target.
577,omega-ruby-alpha-sapphire,The user steals the target’s energy with a kiss. The user’s HP is restored by over half of the damage taken by the target.
577,sun-moon,The user steals the target’s HP with a kiss. The user’s HP is restored by over half of the damage taken by the target.
577,sword-shield,The user steals the target’s HP with a kiss. The user’s HP is restored by over half of the damage taken by the target.
577,ultra-sun-ultra-moon,The user steals the target’s HP with a kiss. The user’s HP is restored by over half of the damage taken by the target.
577,x-y,The user steals the target’s energy with a kiss. The user’s HP is restored by over half of the damage taken by the target.
578,lets-go-pikachu-lets-go-eevee,The user protects itself and its allies from status moves with a mysterious power. This does not stop moves that do damage.
578,omega-ruby-alpha-sapphire,The user protects itself and its allies from status moves with a mysterious power. This does not stop moves that do damage.
578,sun-moon,The user protects itself and its allies from status moves with a mysterious power. This does not stop moves that do damage.
578,sword-shield,The user protects itself and its allies from status moves with a mysterious power. This does not stop moves that do damage.
578,ultra-sun-ultra-moon,The user protects itself and its allies from status moves with a mysterious power. This does not stop moves that do damage.
578,x-y,The user protects itself and its allies from status moves with a mysterious power. This does not stop moves that do damage.
579,lets-go-pikachu-lets-go-eevee,The user raises the Defense stat of all Grass-type Pokémon in battle with a mysterious power.
579,omega-ruby-alpha-sapphire,The user raises the Defense stat of all Grass-type Pokémon in battle with a mysterious power.
579,sun-moon,The user raises the Defense stat of all Grass-type Pokémon in battle with a mysterious power.
579,sword-shield,The user raises the Defense stats of all Grass-type Pokémon in battle with a mysterious power.
579,ultra-sun-ultra-moon,The user raises the Defense stat of all Grass-type Pokémon in battle with a mysterious power.
579,x-y,The user raises the Defense stat of all Grass-type Pokémon in battle with a mysterious power.
580,lets-go-pikachu-lets-go-eevee,The user turns the ground to grass for five turns. This restores the HP of Pokémon on the ground a little every turn and powers up Grass-type moves.
580,omega-ruby-alpha-sapphire,The user turns the ground under everyone’s feet to grass for five turns. This restores the HP of Pokémon on the ground a little every turn.
580,sun-moon,The user turns the ground to grass for five turns. This restores the HP of Pokémon on the ground a little every turn and powers up Grass type-moves.
580,sword-shield,The user turns the ground to grass for five turns. This restores the HP of Pokémon on the ground a little every turn and powers up Grass-type moves.
580,ultra-sun-ultra-moon,The user turns the ground to grass for five turns. This restores the HP of Pokémon on the ground a little every turn and powers up Grass type-moves.
580,x-y,The user turns the ground under everyone’s feet to grass for five turns. This restores the HP of Pokémon on the ground a little every turn.
581,lets-go-pikachu-lets-go-eevee,This protects Pokémon on the ground from status conditions and halves damage from Dragon-type moves for five turns.
581,omega-ruby-alpha-sapphire,The user covers the ground under everyone’s feet with mist for five turns. This protects Pokémon on the ground from status conditions.
581,sun-moon,This protects Pokémon on the ground from status conditions and halves damage from Dragon-type moves for five turns.
581,sword-shield,This protects Pokémon on the ground from status conditions and halves damage from Dragon-type moves for five turns.
581,ultra-sun-ultra-moon,This protects Pokémon on the ground from status conditions and halves damage from Dragon-type moves for five turns.
581,x-y,The user covers the ground under everyone’s feet with mist for five turns. This protects Pokémon on the ground from status conditions.
582,lets-go-pikachu-lets-go-eevee,"If the target is electrified before it uses a move during that turn, the target’s move becomes Electric type."
582,omega-ruby-alpha-sapphire,"If the target is electrified before it uses a move during that turn, the target’s move becomes Electric type."
582,sun-moon,"If the target is electrified before it uses a move during that turn, the target’s move becomes Electric type."
582,sword-shield,"If the target is electrified before it uses a move during that turn, the target’s move becomes Electric type."
582,ultra-sun-ultra-moon,"If the target is electrified before it uses a move during that turn, the target’s move becomes Electric type."
582,x-y,"If the target is electrified before it uses a move during that turn, the target’s move becomes Electric type."
583,lets-go-pikachu-lets-go-eevee,The user plays rough with the target and attacks it. This may also lower the target’s Attack stat.
583,omega-ruby-alpha-sapphire,The user plays rough with the target and attacks it. This may also lower the target’s Attack stat.
583,sun-moon,The user plays rough with the target and attacks it. This may also lower the target’s Attack stat.
583,sword-shield,The user plays rough with the target and attacks it. This may also lower the target’s Attack stat.
583,ultra-sun-ultra-moon,The user plays rough with the target and attacks it. This may also lower the target’s Attack stat.
583,x-y,The user plays rough with the target and attacks it. This may also lower the target’s Attack stat.
584,lets-go-pikachu-lets-go-eevee,The user stirs up a fairy wind and strikes the target with it.
584,omega-ruby-alpha-sapphire,The user stirs up a fairy wind and strikes the target with it.
584,sun-moon,The user stirs up a fairy wind and strikes the target with it.
584,sword-shield,The user stirs up a fairy wind and strikes the target with it.
584,ultra-sun-ultra-moon,The user stirs up a fairy wind and strikes the target with it.
584,x-y,The user stirs up a fairy wind and strikes the target with it.
585,lets-go-pikachu-lets-go-eevee,"Borrowing the power of the moon, the user attacks the target. This may also lower the target’s Sp. Atk stat."
585,omega-ruby-alpha-sapphire,"Borrowing the power of the moon, the user attacks the target. This may also lower the target’s Sp. Atk stat."
585,sun-moon,"Borrowing the power of the moon, the user attacks the target. This may also lower the target’s Sp. Atk stat."
585,sword-shield,"Borrowing the power of the moon, the user attacks the target. This may also lower the target’s Sp. Atk stat."
585,ultra-sun-ultra-moon,"Borrowing the power of the moon, the user attacks the target. This may also lower the target’s Sp. Atk stat."
585,x-y,"Borrowing the power of the moon, the user attacks the target. This may also lower the target’s Sp. Atk stat."
586,lets-go-pikachu-lets-go-eevee,"The user attacks everything around it with the destructive power of a terrible, explosive sound."
586,omega-ruby-alpha-sapphire,"The user attacks everything around it with the destructive power of a terrible, explosive sound."
586,sun-moon,"The user attacks everything around it with the destructive power of a terrible, explosive sound."
586,sword-shield,"The user attacks everything around it with the destructive power of a terrible, explosive sound."
586,ultra-sun-ultra-moon,"The user attacks everything around it with the destructive power of a terrible, explosive sound."
586,x-y,"The user attacks everything around it with the destructive power of a terrible, explosive sound."
587,lets-go-pikachu-lets-go-eevee,"By locking down the battlefield, the user keeps all Pokémon from fleeing during the next turn."
587,omega-ruby-alpha-sapphire,"By locking down the battlefield, the user keeps all Pokémon from fleeing during the next turn."
587,sun-moon,"By locking down the battlefield, the user keeps all Pokémon from fleeing during the next turn."
587,sword-shield,"By locking down the battlefield, the user keeps all Pokémon from fleeing during the next turn."
587,ultra-sun-ultra-moon,"By locking down the battlefield, the user keeps all Pokémon from fleeing during the next turn."
587,x-y,"By locking down the battlefield, the user keeps all Pokémon from fleeing during the next turn."
588,lets-go-pikachu-lets-go-eevee,The user takes a defensive stance while it protects itself from damage. It also harshly lowers the Attack stat of any attacker who makes direct contact.
588,omega-ruby-alpha-sapphire,The user takes a defensive stance while it protects itself from damage. It also harshly lowers the Attack stat of any attacker who makes direct contact.
588,sun-moon,The user takes a defensive stance while it protects itself from damage. It also harshly lowers the Attack stat of any attacker who makes direct contact.
588,sword-shield,The user takes a defensive stance while it protects itself from damage. It also lowers the Attack stat of any attacker that makes direct contact.
588,ultra-sun-ultra-moon,The user takes a defensive stance while it protects itself from damage. It also harshly lowers the Attack stat of any attacker who makes direct contact.
588,x-y,The user takes a defensive stance while it protects itself from damage. It also harshly lowers the Attack stat of any attacker who makes direct contact.
589,lets-go-pikachu-lets-go-eevee,"The user and the target become friends, and the target loses its will to fight. This lowers the target’s Attack stat."
589,omega-ruby-alpha-sapphire,"The user and the target become friends, and the target loses its will to fight. This lowers the target’s Attack stat."
589,sun-moon,"The user and the target become friends, and the target loses its will to fight. This lowers the target’s Attack stat."
589,sword-shield,"The user and the target become friends, and the target loses its will to fight. This lowers the target’s Attack stat."
589,ultra-sun-ultra-moon,"The user and the target become friends, and the target loses its will to fight. This lowers the target’s Attack stat."
589,x-y,"The user and the target become friends, and the target loses its will to fight. This lowers the target’s Attack stat."
590,lets-go-pikachu-lets-go-eevee,"The user tells the target a secret, and the target loses its ability to concentrate. This lowers the target’s Sp. Atk stat."
590,omega-ruby-alpha-sapphire,"The user tells the target a secret, and the target loses its ability to concentrate. This lowers the target’s Sp. Atk stat."
590,sun-moon,"The user tells the target a secret, and the target loses its ability to concentrate. This lowers the target’s Sp. Atk stat."
590,sword-shield,"The user tells the target a secret, and the target loses its ability to concentrate. This lowers the target’s Sp. Atk stat."
590,ultra-sun-ultra-moon,"The user tells the target a secret, and the target loses its ability to concentrate. This lowers the target’s Sp. Atk stat."
590,x-y,"The user tells the target a secret, and the target loses its ability to concentrate. This lowers the target’s Sp. Atk stat."
591,lets-go-pikachu-lets-go-eevee,The user whips up a storm of diamonds to damage opposing Pokémon. This may also sharply raise the user’s Defense stat.
591,omega-ruby-alpha-sapphire,The user whips up a storm of diamonds to damage opposing Pokémon. This may also raise the user’s Defense stat.
591,sun-moon,The user whips up a storm of diamonds to damage opposing Pokémon. This may also sharply raise the user’s Defense stat.
591,sword-shield,The user whips up a storm of diamonds to damage opposing Pokémon. This may also sharply raise the user’s Defense stat.
591,ultra-sun-ultra-moon,The user whips up a storm of diamonds to damage opposing Pokémon. This may also sharply raise the user’s Defense stat.
591,x-y,The user whips up a storm of diamonds to damage opposing Pokémon. This may also raise the user’s Defense stat.
592,lets-go-pikachu-lets-go-eevee,The user immerses the target in superheated steam. This may also leave the target with a burn.
592,omega-ruby-alpha-sapphire,The user immerses the target in superheated steam. This may also leave the target with a burn.
592,sun-moon,The user immerses the target in superheated steam. This may also leave the target with a burn.
592,sword-shield,The user immerses the target in superheated steam. This may also leave the target with a burn.
592,ultra-sun-ultra-moon,The user immerses the target in superheated steam. This may also leave the target with a burn.
592,x-y,The user immerses the target in superheated steam. This may also leave the target with a burn.
593,lets-go-pikachu-lets-go-eevee,"Using a hyperspace hole, the user appears right next to the target and strikes. This also hits a target using a move such as Protect or Detect."
593,omega-ruby-alpha-sapphire,"Using a hyperspace hole, the user appears right next to the target and strikes. This also hits a target using Protect or Detect."
593,sun-moon,"Using a hyperspace hole, the user appears right next to the target and strikes. This also hits a target using a move such as Protect or Detect."
593,sword-shield,"Using a hyperspace hole, the user appears right next to the target and strikes. This also hits a target using a move such as Protect or Detect."
593,ultra-sun-ultra-moon,"Using a hyperspace hole, the user appears right next to the target and strikes. This also hits a target using a move such as Protect or Detect."
593,x-y,"Using a hyperspace hole, the user appears right next to the target and strikes. This also hits a target using Protect or Detect."
594,lets-go-pikachu-lets-go-eevee,The user hits the target with throwing stars two to five times in a row. This move always goes first.
594,omega-ruby-alpha-sapphire,The user hits the target with throwing stars two to five times in a row. This move always goes first.
594,sun-moon,The user hits the target with throwing stars two to five times in a row. This move always goes first.
594,sword-shield,The user hits the target with throwing stars two to five times in a row. This move always goes first.
594,ultra-sun-ultra-moon,The user hits the target with throwing stars two to five times in a row. This move always goes first.
594,x-y,The user hits the target with throwing stars two to five times in a row. This move always goes first.
595,lets-go-pikachu-lets-go-eevee,"The user attacks by breathing a special, hot fire. This also lowers the target’s Sp. Atk stat."
595,omega-ruby-alpha-sapphire,"The user attacks by breathing a special, hot fire. This also lowers the target’s Sp. Atk stat."
595,sun-moon,"The user attacks by breathing a special, hot fire. This also lowers the target’s Sp. Atk stat."
595,sword-shield,"The user attacks by breathing a special, hot fire. This also lowers the target’s Sp. Atk stat."
595,ultra-sun-ultra-moon,"The user attacks by breathing a special, hot fire. This also lowers the target’s Sp. Atk stat."
595,x-y,"The user attacks by breathing a special, hot fire. This also lowers the target’s Sp. Atk stat."
596,lets-go-pikachu-lets-go-eevee,"In addition to protecting the user from attacks, this move also damages any attacker who makes direct contact."
596,omega-ruby-alpha-sapphire,"In addition to protecting the user from attacks, this move also damages any attacker who makes direct contact."
596,sun-moon,"In addition to protecting the user from attacks, this move also damages any attacker who makes direct contact."
596,sword-shield,"In addition to protecting the user from attacks, this move also damages any attacker that makes direct contact."
596,ultra-sun-ultra-moon,"In addition to protecting the user from attacks, this move also damages any attacker who makes direct contact."
596,x-y,"In addition to protecting the user from attacks, this move also damages any attacker who makes direct contact."
597,lets-go-pikachu-lets-go-eevee,The user raises the Sp. Def stat of an ally Pokémon by using a mysterious aroma.
597,omega-ruby-alpha-sapphire,The user raises the Sp. Def stat of an ally Pokémon by using a mysterious aroma.
597,sun-moon,The user raises the Sp. Def stat of an ally Pokémon by using a mysterious aroma.
597,sword-shield,The user raises the Sp. Def stat of an ally Pokémon by using a mysterious aroma.
597,ultra-sun-ultra-moon,The user raises the Sp. Def stat of an ally Pokémon by using a mysterious aroma.
597,x-y,The user raises the Sp. Def stat of an ally Pokémon by using a mysterious aroma.
598,lets-go-pikachu-lets-go-eevee,The user’s body generates an eerie impulse. Exposing the target to it harshly lowers the target’s Sp. Atk stat.
598,omega-ruby-alpha-sapphire,The user’s body generates an eerie impulse. Exposing the target to it harshly lowers the target’s Sp. Atk stat.
598,sun-moon,The user’s body generates an eerie impulse. Exposing the target to it harshly lowers the target’s Sp. Atk stat.
598,sword-shield,The user’s body generates an eerie impulse. Exposing the target to it harshly lowers the target’s Sp. Atk stat.
598,ultra-sun-ultra-moon,The user’s body generates an eerie impulse. Exposing the target to it harshly lowers the target’s Sp. Atk stat.
598,x-y,The user’s body generates an eerie impulse. Exposing the target to it harshly lowers the target’s Sp. Atk stat.
599,lets-go-pikachu-lets-go-eevee,"Opposing Pokémon are drenched in an odd poisonous liquid. This lowers the Attack, Sp. Atk, and Speed stats of a poisoned target."
599,omega-ruby-alpha-sapphire,"Opposing Pokémon are drenched in an odd poisonous liquid. This lowers the Attack, Sp. Atk, and Speed stats of a poisoned target."
599,sun-moon,"Opposing Pokémon are drenched in an odd poisonous liquid. This lowers the Attack, Sp. Atk, and Speed stats of a poisoned target."
599,sword-shield,"Opposing Pokémon are drenched in an odd poisonous liquid. This lowers the Attack, Sp. Atk, and Speed stats of a poisoned target."
599,ultra-sun-ultra-moon,"Opposing Pokémon are drenched in an odd poisonous liquid. This lowers the Attack, Sp. Atk, and Speed stats of a poisoned target."
599,x-y,"Opposing Pokémon are drenched in an odd poisonous liquid. This lowers the Attack, Sp. Atk, and Speed stats of a poisoned target."
600,lets-go-pikachu-lets-go-eevee,"The user covers the target in a combustible powder. If the target uses a Fire-type move, the powder explodes and damages the target."
600,omega-ruby-alpha-sapphire,The user covers the target in a powder that explodes and damages the target if it uses a Fire-type move.
600,sun-moon,"The user covers the target in a combustible powder. If the target uses a Fire-type move, the powder explodes and damages the target."
600,sword-shield,"The user covers the target in a combustible powder. If the target uses a Fire-type move, the powder explodes and damages the target."
600,ultra-sun-ultra-moon,"The user covers the target in a combustible powder. If the target uses a Fire-type move, the powder explodes and damages the target."
600,x-y,The user covers the target in a powder that explodes and damages the target if it uses a Fire-type move.
601,lets-go-pikachu-lets-go-eevee,"The user absorbs energy and sharply raises its Sp. Atk, Sp. Def, and Speed stats on the next turn."
601,omega-ruby-alpha-sapphire,"The user absorbs energy and sharply raises its Sp. Atk, Sp. Def, and Speed stats on the next turn."
601,sun-moon,"The user absorbs energy and sharply raises its Sp. Atk, Sp. Def, and Speed stats on the next turn."
601,sword-shield,"The user absorbs energy and sharply raises its Sp. Atk, Sp. Def, and Speed stats on the next turn."
601,ultra-sun-ultra-moon,"The user absorbs energy and sharply raises its Sp. Atk, Sp. Def, and Speed stats on the next turn."
601,x-y,"The user absorbs energy and sharply raises its Sp. Atk, Sp. Def, and Speed stats on the next turn."
602,lets-go-pikachu-lets-go-eevee,"The user manipulates magnetic fields, which raises the Defense and Sp. Def stats of ally Pokémon with the Plus or Minus Ability."
602,omega-ruby-alpha-sapphire,"The user manipulates magnetic fields, which raises the Defense and Sp. Def stats of ally Pokémon with the Plus or Minus Ability."
602,sun-moon,"The user manipulates magnetic fields, which raises the Defense and Sp. Def stats of ally Pokémon with the Plus or Minus Ability."
602,sword-shield,"The user manipulates magnetic fields, which raises the Defense and Sp. Def stats of ally Pokémon with the Plus or Minus Ability."
602,ultra-sun-ultra-moon,"The user manipulates magnetic fields, which raises the Defense and Sp. Def stats of ally Pokémon with the Plus or Minus Ability."
602,x-y,"The user manipulates magnetic fields, which raises the Defense and Sp. Def stats of ally Pokémon with the Plus or Minus Ability."
603,lets-go-pikachu-lets-go-eevee,Using Happy Hour doubles the amount of prize money received after battle.
603,omega-ruby-alpha-sapphire,Using Happy Hour doubles the amount of prize money received after battle.
603,sun-moon,Using Happy Hour doubles the amount of prize money received after battle.
603,sword-shield,Using Happy Hour doubles the amount of prize money received after battle.
603,ultra-sun-ultra-moon,Using Happy Hour doubles the amount of prize money received after battle.
603,x-y,Using Happy Hour doubles the amount of prize money received after battle.
604,lets-go-pikachu-lets-go-eevee,"The user electrifies the ground for five turns, powering up Electric-type moves. Pokémon on the ground no longer fall asleep."
604,omega-ruby-alpha-sapphire,The user electrifies the ground under everyone’s feet for five turns. Pokémon on the ground no longer fall asleep.
604,sun-moon,"The user electrifies the ground for five turns, powering up Electric-type moves. Pokémon on the ground no longer fall asleep."
604,sword-shield,"The user electrifies the ground for five turns, powering up Electric-type moves. Pokémon on the ground no longer fall asleep."
604,ultra-sun-ultra-moon,"The user electrifies the ground for five turns, powering up Electric-type moves. Pokémon on the ground no longer fall asleep."
604,x-y,The user electrifies the ground under everyone’s feet for five turns. Pokémon on the ground no longer fall asleep.
605,lets-go-pikachu-lets-go-eevee,The user damages opposing Pokémon by emitting a powerful flash.
605,omega-ruby-alpha-sapphire,The user damages opposing Pokémon by emitting a powerful flash.
605,sun-moon,The user damages opposing Pokémon by emitting a powerful flash.
605,sword-shield,The user damages opposing Pokémon by emitting a powerful flash.
605,ultra-sun-ultra-moon,The user damages opposing Pokémon by emitting a powerful flash.
605,x-y,The user damages opposing Pokémon by emitting a powerful flash.
606,lets-go-pikachu-lets-go-eevee,The Pokémon congratulates you on your special day!
606,omega-ruby-alpha-sapphire,The Pokémon congratulates you on your special day!
606,sun-moon,The Pokémon congratulates you on your special day!
606,sword-shield,The Pokémon congratulates you on your special day!
606,ultra-sun-ultra-moon,The Pokémon congratulates you on your special day!
606,x-y,The Pokémon congratulates you on your special day!
607,lets-go-pikachu-lets-go-eevee,The user and an ally hold hands. This makes them very happy.
607,omega-ruby-alpha-sapphire,The user and an ally hold hands. This makes them very happy.
607,sun-moon,The user and an ally hold hands. This makes them very happy.
607,sword-shield,The user and an ally hold hands. This makes them very happy.
607,ultra-sun-ultra-moon,The user and an ally hold hands. This makes them very happy.
607,x-y,The user and an ally hold hands. This makes them very happy.
608,lets-go-pikachu-lets-go-eevee,"The user stares at the target with its baby-doll eyes, which lowers its Attack stat. This move always goes first."
608,omega-ruby-alpha-sapphire,"The user stares at the target with its baby-doll eyes, which lowers its Attack stat. This move always goes first."
608,sun-moon,"The user stares at the target with its baby-doll eyes, which lowers its Attack stat. This move always goes first."
608,sword-shield,"The user stares at the target with its baby-doll eyes, which lowers the target’s Attack stat. This move always goes first."
608,ultra-sun-ultra-moon,"The user stares at the target with its baby-doll eyes, which lowers its Attack stat. This move always goes first."
608,x-y,"The user stares at the target with its baby-doll eyes, which lowers its Attack stat. This move always goes first."
609,lets-go-pikachu-lets-go-eevee,The user attacks by nuzzling its electrified cheeks against the target. This also leaves the target with paralysis.
609,omega-ruby-alpha-sapphire,The user attacks by nuzzling its electrified cheeks against the target. This also leaves the target with paralysis.
609,sun-moon,The user attacks by nuzzling its electrified cheeks against the target. This also leaves the target with paralysis.
609,sword-shield,The user attacks by nuzzling its electrified cheeks against the target. This also leaves the target with paralysis.
609,ultra-sun-ultra-moon,The user attacks by nuzzling its electrified cheeks against the target. This also leaves the target with paralysis.
609,x-y,The user attacks by nuzzling its electrified cheeks against the target. This also leaves the target with paralysis.
610,lets-go-pikachu-lets-go-eevee,"The user holds back when it attacks, and the target is left with at least 1 HP."
610,omega-ruby-alpha-sapphire,The user holds back when it attacks and the target is left with at least 1 HP.
610,sun-moon,"The user holds back when it attacks, and the target is left with at least 1 HP."
610,sword-shield,"The user holds back when it attacks, and the target is left with at least 1 HP."
610,ultra-sun-ultra-moon,"The user holds back when it attacks, and the target is left with at least 1 HP."
610,x-y,The user holds back when it attacks and the target is left with at least 1 HP.
611,lets-go-pikachu-lets-go-eevee,The target is infested and attacked for four to five turns. The target can’t flee during this time.
611,omega-ruby-alpha-sapphire,The target is infested and attacked for four to five turns. The target can’t flee during this time.
611,sun-moon,The target is infested and attacked for four to five turns. The target can’t flee during this time.
611,sword-shield,The target is infested and attacked for four to five turns. The target can’t flee during this time.
611,ultra-sun-ultra-moon,The target is infested and attacked for four to five turns. The target can’t flee during this time.
611,x-y,The target is infested and attacked for four to five turns. The target can’t flee during this time.
612,lets-go-pikachu-lets-go-eevee,Striking opponents over and over makes the user’s fists harder. Hitting a target raises the Attack stat.
612,omega-ruby-alpha-sapphire,Striking opponents over and over makes the user’s fists harder. Hitting a target raises the Attack stat.
612,sun-moon,Striking opponents over and over makes the user’s fists harder. Hitting a target raises the Attack stat.
612,sword-shield,Striking opponents over and over makes the user’s fists harder. Hitting a target raises the Attack stat.
612,ultra-sun-ultra-moon,Striking opponents over and over makes the user’s fists harder. Hitting a target raises the Attack stat.
612,x-y,Striking opponents over and over makes the user’s fists harder. Hitting a target raises the Attack stat.
613,lets-go-pikachu-lets-go-eevee,The user absorbs its target’s HP. The user’s HP is restored by over half of the damage taken by the target.
613,omega-ruby-alpha-sapphire,The user absorbs its target’s HP. The user’s HP is restored by over half of the damage taken by the target.
613,sun-moon,The user absorbs its target’s HP. The user’s HP is restored by over half of the damage taken by the target.
613,sword-shield,The user absorbs its target’s HP. The user’s HP is restored by over half of the damage taken by the target.
613,ultra-sun-ultra-moon,The user absorbs its target’s HP. The user’s HP is restored by over half of the damage taken by the target.
613,x-y,The user absorbs its target’s HP. The user’s HP is restored by over half of the damage taken by the target.
614,lets-go-pikachu-lets-go-eevee,This move also hits opposing Pokémon that are in the air. Those Pokémon are knocked down to the ground.
614,omega-ruby-alpha-sapphire,This move also hits opposing Pokémon that are in the air. Those Pokémon are knocked down to the ground.
614,sun-moon,This move also hits opposing Pokémon that are in the air. Those Pokémon are knocked down to the ground.
614,sword-shield,This move also hits opposing Pokémon that are in the air. Those Pokémon are knocked down to the ground.
614,ultra-sun-ultra-moon,This move also hits opposing Pokémon that are in the air. Those Pokémon are knocked down to the ground.
614,x-y,This move also hits opposing Pokémon that are in the air. Those Pokémon are knocked down to the ground.
615,lets-go-pikachu-lets-go-eevee,The user attacks with a wave that crawls along the ground. Those it hits can’t flee from battle.
615,omega-ruby-alpha-sapphire,The user attacks with a wave that crawls along the ground. Those hit can’t flee from battle.
615,sun-moon,The user attacks with a wave that crawls along the ground. Those hit can’t flee from battle.
615,sword-shield,The user attacks with a wave that crawls along the ground. Those it hits can’t flee from battle.
615,ultra-sun-ultra-moon,The user attacks with a wave that crawls along the ground. Those hit can’t flee from battle.
615,x-y,The user attacks with a wave that crawls along the ground. Those hit can’t flee from battle.
616,lets-go-pikachu-lets-go-eevee,The user gathers the energy of the land and focuses that power on opposing Pokémon to damage them.
616,omega-ruby-alpha-sapphire,The user gathers the energy of the land and focuses that power on opposing Pokémon to damage them.
616,sun-moon,The user gathers the energy of the land and focuses that power on opposing Pokémon to damage them.
616,sword-shield,The user gathers the energy of the land and focuses that power on opposing Pokémon to damage them.
616,ultra-sun-ultra-moon,The user gathers the energy of the land and focuses that power on opposing Pokémon to damage them.
616,x-y,The user gathers the energy of the land and focuses that power on opposing Pokémon to damage them.
617,lets-go-pikachu-lets-go-eevee,"Drawing power from the Eternal Flower, the user fires a powerful beam of light. This also damages the user quite a lot."
617,omega-ruby-alpha-sapphire,"Drawing power from the Eternal Flower, the user fires a powerful beam of light. This also damages the user quite a lot."
617,sun-moon,"Drawing power from the Eternal Flower, the user fires a powerful beam of light. This also damages the user quite a lot."
617,sword-shield,"Drawing power from the Eternal Flower, the user fires a powerful beam of light. This also damages the user quite a lot."
617,ultra-sun-ultra-moon,"Drawing power from the Eternal Flower, the user fires a powerful beam of light. This also damages the user quite a lot."
617,x-y,"Drawing power from the Eternal Flower, the user fires a powerful beam of light. This also damages the user quite a lot."
618,lets-go-pikachu-lets-go-eevee,The user attacks opposing Pokémon with countless beams of light that glow a deep and brilliant blue.
618,omega-ruby-alpha-sapphire,The user attacks opposing Pokémon with countless beams of light that glow a deep and brilliant blue.
618,sun-moon,The user attacks opposing Pokémon with countless beams of light that glow a deep and brilliant blue.
618,sword-shield,The user attacks opposing Pokémon with countless beams of light that glow a deep and brilliant blue.
618,ultra-sun-ultra-moon,The user attacks opposing Pokémon with countless beams of light that glow a deep and brilliant blue.
619,lets-go-pikachu-lets-go-eevee,The user attacks opposing Pokémon by manifesting the power of the land in fearsome blades of stone.
619,omega-ruby-alpha-sapphire,The user attacks opposing Pokémon by manifesting the power of the land in fearsome blades of stone.
619,sun-moon,The user attacks opposing Pokémon by manifesting the power of the land in fearsome blades of stone.
619,sword-shield,The user attacks opposing Pokémon by manifesting the power of the land in fearsome blades of stone.
619,ultra-sun-ultra-moon,The user attacks opposing Pokémon by manifesting the power of the land in fearsome blades of stone.
620,lets-go-pikachu-lets-go-eevee,"After soaring upward, the user attacks its target by dropping out of the sky at high speeds. But it lowers its own Defense and Sp. Def stats in the process."
620,omega-ruby-alpha-sapphire,"After soaring upward, the user attacks its target by dropping out of the sky at high speeds, although it lowers its own Defense and Sp. Def in the process."
620,sun-moon,"After soaring upward, the user attacks its target by dropping out of the sky at high speeds. But it lowers its own Defense and Sp. Def stats in the process."
620,sword-shield,"After soaring upward, the user attacks its target by dropping out of the sky at high speeds. But it lowers its own Defense and Sp. Def stats in the process."
620,ultra-sun-ultra-moon,"After soaring upward, the user attacks its target by dropping out of the sky at high speeds. But it lowers its own Defense and Sp. Def stats in the process."
621,lets-go-pikachu-lets-go-eevee,"Using its many arms, the user unleashes a barrage of attacks that ignore the effects of moves like Protect and Detect. But the user’s Defense stat falls."
621,omega-ruby-alpha-sapphire,"Using its many arms, the user unleashes a barrage of attacks that ignore the effects of moves like Protect and Detect. This attack lowers the user’s Defense."
621,sun-moon,"Using its many arms, the user unleashes a barrage of attacks that ignore the effects of moves like Protect and Detect. But the user’s Defense stat falls."
621,sword-shield,"Using its many arms, the user unleashes a barrage of attacks that ignore the effects of moves like Protect and Detect. But the user’s Defense stat falls."
621,ultra-sun-ultra-moon,"Using its many arms, the user unleashes a barrage of attacks that ignore the effects of moves like Protect and Detect. But the user’s Defense stat falls."
622,lets-go-pikachu-lets-go-eevee,"The user builds up its momentum using its Z-Power and crashes into the target at full speed. The power varies, depending on the original move."
622,sun-moon,"The user builds up its momentum using its Z-Power and crashes into the target at full speed. The power varies, depending on the original move."
622,sword-shield,"This move can’t be used. It’s recommended that this move is forgotten. Once forgotten, this move can’t be remembered."
622,ultra-sun-ultra-moon,"The user builds up its momentum using its Z-Power and crashes into the target at full speed. The power varies, depending on the original move."
624,lets-go-pikachu-lets-go-eevee,"The user rams an energy orb created by its Z-Power into the target with full force. The power varies, depending on the original move."
624,sun-moon,"The user rams an energy orb created by its Z-Power into the target with full force. The power varies, depending on the original move."
624,sword-shield,"This move can’t be used. It’s recommended that this move is forgotten. Once forgotten, this move can’t be remembered."
624,ultra-sun-ultra-moon,"The user rams an energy orb created by its Z-Power into the target with full force. The power varies, depending on the original move."
626,lets-go-pikachu-lets-go-eevee,"The user soars up with its Z-Power and plummets toward the target at full speed. The power varies, depending on the original move."
626,sun-moon,"The user soars up with its Z-Power and plummets toward the target at full speed. The power varies, depending on the original move."
626,sword-shield,"This move can’t be used. It’s recommended that this move is forgotten. Once forgotten, this move can’t be remembered."
626,ultra-sun-ultra-moon,"The user soars up with its Z-Power and plummets toward the target at full speed. The power varies, depending on the original move."
628,lets-go-pikachu-lets-go-eevee,"The user creates a poisonous swamp using its Z-Power and sinks the target into it at full force. The power varies, depending on the original move."
628,sun-moon,"The user creates a poisonous swamp using its Z-Power and sinks the target into it at full force. The power varies, depending on the original move."
628,sword-shield,"This move can’t be used. It’s recommended that this move is forgotten. Once forgotten, this move can’t be remembered."
628,ultra-sun-ultra-moon,"The user creates a poisonous swamp using its Z-Power and sinks the target into it at full force. The power varies, depending on the original move."
630,lets-go-pikachu-lets-go-eevee,"The user burrows deep into the ground and slams into the target with the full force of its Z-Power. The power varies, depending on the original move."
630,sun-moon,"The user burrows deep into the ground and slams into the target with the full force of its Z-Power. The power varies, depending on the original move."
630,sword-shield,"This move can’t be used. It’s recommended that this move is forgotten. Once forgotten, this move can’t be remembered."
630,ultra-sun-ultra-moon,"The user burrows deep into the ground and slams into the target with the full force of its Z-Power. The power varies, depending on the original move."
632,lets-go-pikachu-lets-go-eevee,"The user summons a huge rock mountain using its Z-Power and drops it onto the target with full force. The power varies, depending on the original move."
632,sun-moon,"The user summons a huge rock mountain using its Z-Power and drops it onto the target with full force. The power varies, depending on the original move."
632,sword-shield,"This move can’t be used. It’s recommended that this move is forgotten. Once forgotten, this move can’t be remembered."
632,ultra-sun-ultra-moon,"The user summons a huge rock mountain using its Z-Power and drops it onto the target with full force. The power varies, depending on the original move."
634,lets-go-pikachu-lets-go-eevee,"The user binds the target with full force with threads of silk that the user spits using its Z-Power. The power varies, depending on the original move."
634,sun-moon,"The user binds the target with full force with threads of silk that the user spits using its Z-Power. The power varies, depending on the original move."
634,sword-shield,"This move can’t be used. It’s recommended that this move is forgotten. Once forgotten, this move can’t be remembered."
634,ultra-sun-ultra-moon,"The user binds the target with full force with threads of silk that the user spits using its Z-Power. The power varies, depending on the original move."
636,lets-go-pikachu-lets-go-eevee,"Deep-seated grudges summoned by the user’s Z-Power trap the target. The power varies, depending on the original move."
636,sun-moon,"Deep-seated grudges summoned by the user’s Z-Power trap the target. The power varies, depending on the original move."
636,sword-shield,"This move can’t be used. It’s recommended that this move is forgotten. Once forgotten, this move can’t be remembered."
636,ultra-sun-ultra-moon,"Deep-seated grudges summoned by the user’s Z-Power trap the target. The power varies, depending on the original move."
638,lets-go-pikachu-lets-go-eevee,"The user spins very fast and rams into the target with the full force of its Z-Power. The power varies, depending on the original move."
638,sun-moon,"The user spins very fast and rams into the target with the full force of its Z-Power. The power varies, depending on the original move."
638,sword-shield,"This move can’t be used. It’s recommended that this move is forgotten. Once forgotten, this move can’t be remembered."
638,ultra-sun-ultra-moon,"The user spins very fast and rams into the target with the full force of its Z-Power. The power varies, depending on the original move."
640,lets-go-pikachu-lets-go-eevee,The user breathes a stream of intense fire toward the target with the full force of its Z-Power. The power varies depending on the original move.
640,sun-moon,The user breathes a stream of intense fire toward the target with the full force of its Z-Power. The power varies depending on the original move.
640,sword-shield,"This move can’t be used. It’s recommended that this move is forgotten. Once forgotten, this move can’t be remembered."
640,ultra-sun-ultra-moon,The user breathes a stream of intense fire toward the target with the full force of its Z-Power. The power varies depending on the original move.
642,lets-go-pikachu-lets-go-eevee,"The user creates a huge whirling current using its Z-Power to swallow the target with full force. The power varies, depending on the original move."
642,sun-moon,"The user creates a huge whirling current using its Z-Power to swallow the target with full force. The power varies, depending on the original move."
642,sword-shield,"This move can’t be used. It’s recommended that this move is forgotten. Once forgotten, this move can’t be remembered."
642,ultra-sun-ultra-moon,"The user creates a huge whirling current using its Z-Power to swallow the target with full force. The power varies, depending on the original move."
644,lets-go-pikachu-lets-go-eevee,"The user collects energy from plants using its Z-Power and attacks the target with full force. The power varies, depending on the original move."
644,sun-moon,"The user collects energy from plants using its Z-Power and attacks the target with full force. The power varies, depending on the original move."
644,sword-shield,"This move can’t be used. It’s recommended that this move is forgotten. Once forgotten, this move can’t be remembered."
644,ultra-sun-ultra-moon,"The user collects energy from plants using its Z-Power and attacks the target with full force. The power varies, depending on the original move."
646,lets-go-pikachu-lets-go-eevee,"The user hits the target with a powerful electric current collected by its Z-Power. The power varies, depending on the original move."
646,sun-moon,"The user hits the target with a powerful electric current collected by its Z-Power. The power varies, depending on the original move."
646,sword-shield,"This move can’t be used. It’s recommended that this move is forgotten. Once forgotten, this move can’t be remembered."
646,ultra-sun-ultra-moon,"The user hits the target with a powerful electric current collected by its Z-Power. The power varies, depending on the original move."
648,lets-go-pikachu-lets-go-eevee,"The user controls the target with its Z-Power and hurts the target with full force. The power varies, depending on the original move."
648,sun-moon,"The user controls the target with its Z-Power and hurts the target with full force. The power varies, depending on the original move."
648,sword-shield,"This move can’t be used. It’s recommended that this move is forgotten. Once forgotten, this move can’t be remembered."
648,ultra-sun-ultra-moon,"The user controls the target with its Z-Power and hurts the target with full force. The power varies, depending on the original move."
650,lets-go-pikachu-lets-go-eevee,"The user dramatically drops the temperature using its Z-Power and freezes the target with full force. The power varies, depending on the original move."
650,sun-moon,"The user dramatically drops the temperature using its Z-Power and freezes the target with full force. The power varies, depending on the original move."
650,sword-shield,"This move can’t be used. It’s recommended that this move is forgotten. Once forgotten, this move can’t be remembered."
650,ultra-sun-ultra-moon,"The user dramatically drops the temperature using its Z-Power and freezes the target with full force. The power varies, depending on the original move."
652,lets-go-pikachu-lets-go-eevee,"The user materializes its aura using its Z-Power and attacks the target with full force. The power varies, depending on the original move."
652,sun-moon,"The user materializes its aura using its Z-Power and attacks the target with full force. The power varies, depending on the original move."
652,sword-shield,"This move can’t be used. It’s recommended that this move is forgotten. Once forgotten, this move can’t be remembered."
652,ultra-sun-ultra-moon,"The user materializes its aura using its Z-Power and attacks the target with full force. The power varies, depending on the original move."
654,lets-go-pikachu-lets-go-eevee,"The user gathers dark energy using its Z-Power and sucks the target into it. The power varies, depending on the original move."
654,sun-moon,"The user gathers dark energy using its Z-Power and sucks the target into it. The power varies, depending on the original move."
654,sword-shield,"This move can’t be used. It’s recommended that this move is forgotten. Once forgotten, this move can’t be remembered."
654,ultra-sun-ultra-moon,"The user gathers dark energy using its Z-Power and sucks the target into it. The power varies, depending on the original move."
656,lets-go-pikachu-lets-go-eevee,"The user creates a very charming space using its Z-Power and totally toys with the target. The power varies, depending on the original move."
656,sun-moon,"The user creates a very charming space using its Z-Power and totally toys with the target. The power varies, depending on the original move."
656,sword-shield,"This move can’t be used. It’s recommended that this move is forgotten. Once forgotten, this move can’t be remembered."
656,ultra-sun-ultra-moon,"The user creates a very charming space using its Z-Power and totally toys with the target. The power varies, depending on the original move."
658,lets-go-pikachu-lets-go-eevee,"The user, Pikachu, surrounds itself with the maximum amount of electricity using its Z-Power and pounces on its target with full force."
658,sun-moon,"The user, Pikachu, surrounds itself with the maximum amount of electricity using its Z-Power and pounces on its target with full force."
658,sword-shield,"This move can’t be used. It’s recommended that this move is forgotten. Once forgotten, this move can’t be remembered."
658,ultra-sun-ultra-moon,"The user, Pikachu, surrounds itself with the maximum amount of electricity using its Z-Power and pounces on its target with full force."
659,lets-go-pikachu-lets-go-eevee,The user regains up to half of its max HP. It restores more HP in a sandstorm.
659,sun-moon,The user regains up to half of its max HP. It restores more HP in a sandstorm.
659,sword-shield,The user regains up to half of its max HP. It restores more HP in a sandstorm.
659,ultra-sun-ultra-moon,The user regains up to half of its max HP. It restores more HP in a sandstorm.
660,lets-go-pikachu-lets-go-eevee,"Although this move has great power, it only works the first turn the user is in battle."
660,sun-moon,"Although this move has great power, it only works the first turn the user is in battle."
660,sword-shield,"Although this move has great power, it only works the first turn each time the user enters battle."
660,ultra-sun-ultra-moon,"Although this move has great power, it only works the first turn the user is in battle."
661,lets-go-pikachu-lets-go-eevee,"In addition to protecting the user from attacks, this move also poisons any attacker that makes direct contact."
661,sun-moon,"In addition to protecting the user from attacks, this move also poisons any attacker that makes direct contact."
661,sword-shield,"In addition to protecting the user from attacks, this move also poisons any attacker that makes direct contact."
661,ultra-sun-ultra-moon,"In addition to protecting the user from attacks, this move also poisons any attacker that makes direct contact."
662,lets-go-pikachu-lets-go-eevee,The user attacks while simultaneously stitching the target’s shadow to the ground to prevent the target from escaping.
662,sun-moon,The user attacks while simultaneously stitching the target’s shadow to the ground to prevent the target from escaping.
662,sword-shield,The user attacks while simultaneously stitching the target’s shadow to the ground to prevent the target from escaping.
662,ultra-sun-ultra-moon,The user attacks while simultaneously stitching the target’s shadow to the ground to prevent the target from escaping.
663,lets-go-pikachu-lets-go-eevee,The user swings both arms and hits the target. The target’s stat changes don’t affect this attack’s damage.
663,sun-moon,The user swings both arms and hits the target. The target’s stat changes don’t affect this attack’s damage.
663,sword-shield,The user swings both arms and hits the target. The target’s stat changes don’t affect this attack’s damage.
663,ultra-sun-ultra-moon,The user swings both arms and hits the target. The target’s stat changes don’t affect this attack’s damage.
664,lets-go-pikachu-lets-go-eevee,"The user bursts into song, emitting many bubbles. Any Pokémon suffering from a burn will be healed by the touch of these bubbles."
664,sun-moon,"The user bursts into song, emitting many bubbles. Any Pokémon suffering from a burn will be healed by the touch of these bubbles."
664,sword-shield,"The user bursts into song, emitting many bubbles. Any Pokémon suffering from a burn will be healed by the touch of these bubbles."
664,ultra-sun-ultra-moon,"The user bursts into song, emitting many bubbles. Any Pokémon suffering from a burn will be healed by the touch of these bubbles."
665,lets-go-pikachu-lets-go-eevee,"The user swings and hits with its strong, heavy fist. It lowers the user’s Speed, however."
665,sun-moon,"The user swings and hits with its strong, heavy fist. It lowers the user’s Speed, however."
665,sword-shield,"The user swings and hits with its strong, heavy fist. It lowers the user’s Speed, however."
665,ultra-sun-ultra-moon,"The user swings and hits with its strong, heavy fist. It lowers the user’s Speed, however."
666,lets-go-pikachu-lets-go-eevee,The user restores the target’s HP by up to half of its max HP. It restores more HP when the terrain is grass.
666,sun-moon,The user restores the target’s HP by up to half of its max HP. It restores more HP when the terrain is grass.
666,sword-shield,The user restores the target’s HP by up to half of its max HP. It restores more HP when the terrain is grass.
666,ultra-sun-ultra-moon,The user restores the target’s HP by up to half of its max HP. It restores more HP when the terrain is grass.
667,lets-go-pikachu-lets-go-eevee,The user fiercely attacks the target using its entire body.
667,sun-moon,The user fiercely attacks the target using its entire body.
667,sword-shield,The user fiercely attacks the target using its entire body.
667,ultra-sun-ultra-moon,The user fiercely attacks the target using its entire body.
668,lets-go-pikachu-lets-go-eevee,The user restores its HP by the same amount as the target’s Attack stat. It also lowers the target’s Attack stat.
668,sun-moon,The user restores its HP by the same amount as the target’s Attack stat. It also lowers the target’s Attack stat.
668,sword-shield,The user restores its HP by the same amount as the target’s Attack stat. It also lowers the target’s Attack stat.
668,ultra-sun-ultra-moon,The user restores its HP by the same amount as the target’s Attack stat. It also lowers the target’s Attack stat.
669,lets-go-pikachu-lets-go-eevee,"In this two-turn attack, the user gathers light and fills a blade with the light’s energy, attacking the target on the next turn."
669,sun-moon,"In this two-turn attack, the user gathers light and fills a blade with the light’s energy, attacking the target on the next turn."
669,sword-shield,"In this two-turn attack, the user gathers light and fills a blade with the light’s energy, attacking the target on the next turn."
669,ultra-sun-ultra-moon,"In this two-turn attack, the user gathers light and fills a blade with the light’s energy, attacking the target on the next turn."
670,lets-go-pikachu-lets-go-eevee,The user attacks by pelting the target with leaves.
670,sun-moon,The user attacks by pelting the target with leaves.
670,sword-shield,The user attacks by pelting the target with leaves.
670,ultra-sun-ultra-moon,The user attacks by pelting the target with leaves.
671,lets-go-pikachu-lets-go-eevee,The user shines a spotlight on the target so that only the target will be attacked during the turn.
671,sun-moon,The user shines a spotlight on the target so that only the target will be attacked during the turn.
671,sword-shield,"This move can’t be used. It’s recommended that this move is forgotten. Once forgotten, this move can’t be remembered."
671,ultra-sun-ultra-moon,The user shines a spotlight on the target so that only the target will be attacked during the turn.
672,lets-go-pikachu-lets-go-eevee,The user shoots poisonous threads to poison the target and lower the target’s Speed stat.
672,sun-moon,The user shoots poisonous threads to poison the target and lower the target’s Speed stat.
672,sword-shield,The user shoots poisonous threads to poison the target and lower the target’s Speed stat.
672,ultra-sun-ultra-moon,The user shoots poisonous threads to poison the target and lower the target’s Speed stat.
673,lets-go-pikachu-lets-go-eevee,The user concentrates intensely. The attack on the next turn always results in a critical hit.
673,sun-moon,The user concentrates intensely. The attack on the next turn always results in a critical hit.
673,sword-shield,The user concentrates intensely. The attack on the next turn always results in a critical hit.
673,ultra-sun-ultra-moon,The user concentrates intensely. The attack on the next turn always results in a critical hit.
674,lets-go-pikachu-lets-go-eevee,The user engages its gears to raise the Attack and Sp. Atk stats of ally Pokémon with the Plus or Minus Ability.
674,sun-moon,The user engages its gears to raise the Attack and Sp. Atk stats of ally Pokémon with the Plus or Minus Ability.
674,sword-shield,The user engages its gears to raise the Attack and Sp. Atk stats of ally Pokémon with the Plus or Minus Ability.
674,ultra-sun-ultra-moon,The user engages its gears to raise the Attack and Sp. Atk stats of ally Pokémon with the Plus or Minus Ability.
675,lets-go-pikachu-lets-go-eevee,"The user attacks the target’s throat, and the resultant suffering prevents the target from using moves that emit sound for two turns."
675,sun-moon,"The user attacks the target’s throat, and the resultant suffering prevents the target from using moves that emit sound for two turns."
675,sword-shield,"The user attacks the target’s throat, and the resultant suffering prevents the target from using moves that emit sound for two turns."
675,ultra-sun-ultra-moon,"The user attacks the target’s throat, and the resultant suffering prevents the target from using moves that emit sound for two turns."
676,lets-go-pikachu-lets-go-eevee,"The user attacks the enemy with a pollen puff that explodes. If the target is an ally, it gives the ally a pollen puff that restores its HP instead."
676,sun-moon,"The user attacks the enemy with a pollen puff that explodes. If the target is an ally, it gives the ally a pollen puff that restores its HP instead."
676,sword-shield,"The user attacks the enemy with a pollen puff that explodes. If the target is an ally, it gives the ally a pollen puff that restores its HP instead."
676,ultra-sun-ultra-moon,"The user attacks the enemy with a pollen puff that explodes. If the target is an ally, it gives the ally a pollen puff that restores its HP instead."
677,lets-go-pikachu-lets-go-eevee,The user entangles the target with its anchor chain while attacking. The target becomes unable to flee.
677,sun-moon,The user entangles the target with its anchor chain while attacking. The target becomes unable to flee.
677,sword-shield,The user entangles the target with its anchor chain while attacking. The target becomes unable to flee.
677,ultra-sun-ultra-moon,The user entangles the target with its anchor chain while attacking. The target becomes unable to flee.
678,lets-go-pikachu-lets-go-eevee,This protects Pokémon on the ground from priority moves and powers up Psychic-type moves for five turns.
678,sun-moon,This protects Pokémon on the ground from priority moves and powers up Psychic-type moves for five turns.
678,sword-shield,This protects Pokémon on the ground from priority moves and powers up Psychic-type moves for five turns.
678,ultra-sun-ultra-moon,This protects Pokémon on the ground from priority moves and powers up Psychic-type moves for five turns.
679,lets-go-pikachu-lets-go-eevee,"The user makes a lunge at the target, attacking with full force. This also lowers the target’s Attack stat."
679,sun-moon,"The user makes a lunge at the target, attacking with full force. This also lowers the target’s Attack stat."
679,sword-shield,"The user makes a lunge at the target, attacking with full force. This also lowers the target’s Attack stat."
679,ultra-sun-ultra-moon,"The user makes a lunge at the target, attacking with full force. This also lowers the target’s Attack stat."
680,lets-go-pikachu-lets-go-eevee,The user strikes the target with a burning lash. This also lowers the target’s Defense stat.
680,sun-moon,The user strikes the target with a burning lash. This also lowers the target’s Defense stat.
680,sword-shield,The user strikes the target with a burning lash. This also lowers the target’s Defense stat.
680,ultra-sun-ultra-moon,The user strikes the target with a burning lash. This also lowers the target’s Defense stat.
681,lets-go-pikachu-lets-go-eevee,"The user boasts its strength and attacks the target. The more the user’s stats are raised, the greater the move’s power."
681,sun-moon,"The user boasts its strength and attacks the target. The more the user’s stats are raised, the greater the move’s power."
681,sword-shield,"The user boasts its strength and attacks the target. The more the user’s stats are raised, the greater the move’s power."
681,ultra-sun-ultra-moon,"The user boasts its strength and attacks the target. The more the user’s stats are raised, the greater the move’s power."
682,lets-go-pikachu-lets-go-eevee,"To inflict massive damage, the user burns itself out. After using this move, the user will no longer be Fire type."
682,sun-moon,"To inflict massive damage, the user burns itself out. After using this move, the user will no longer be Fire type."
682,sword-shield,"To inflict massive damage, the user burns itself out. After using this move, the user will no longer be Fire type."
682,ultra-sun-ultra-moon,"To inflict massive damage, the user burns itself out. After using this move, the user will no longer be Fire type."
683,lets-go-pikachu-lets-go-eevee,The user exchanges Speed stats with the target.
683,sun-moon,The user exchanges Speed stats with the target.
683,sword-shield,The user exchanges Speed stats with the target.
683,ultra-sun-ultra-moon,The user exchanges Speed stats with the target.
684,lets-go-pikachu-lets-go-eevee,The user stabs the target with a sharp horn. This attack never misses.
684,sun-moon,The user stabs the target with a sharp horn. This attack never misses.
684,sword-shield,The user stabs the target with a sharp horn. This attack never misses.
684,ultra-sun-ultra-moon,The user stabs the target with a sharp horn. This attack never misses.
685,lets-go-pikachu-lets-go-eevee,"The user heals the target’s status condition. If the move succeeds, it also restores the user’s own HP."
685,sun-moon,"The user heals the target’s status condition. If the move succeeds, it also restores the user’s own HP."
685,sword-shield,"The user heals the target’s status condition. If the move succeeds, it also restores the user’s own HP."
685,ultra-sun-ultra-moon,"The user heals the target’s status condition. If the move succeeds, it also restores the user’s own HP."
686,lets-go-pikachu-lets-go-eevee,The user attacks the target by dancing very hard. The user’s type determines the type of this move.
686,sun-moon,The user attacks the target by dancing very hard. The user’s type determines the type of this move.
686,sword-shield,The user attacks the target by dancing very hard. The user’s type determines the type of this move.
686,ultra-sun-ultra-moon,The user attacks the target by dancing very hard. The user’s type determines the type of this move.
687,lets-go-pikachu-lets-go-eevee,"If the Pokémon the user has inflicted damage on have already used their moves, this move eliminates the effect of the target’s Ability."
687,sun-moon,"If the Pokémon the user has inflicted damage on have already used their moves, this move eliminates the effect of the target’s Ability."
687,sword-shield,"If the Pokémon the user has inflicted damage on have already used their moves, this move eliminates the effect of the target’s Ability."
687,ultra-sun-ultra-moon,"If the Pokémon the user has inflicted damage on have already used their moves, this move eliminates the effect of the target’s Ability."
688,lets-go-pikachu-lets-go-eevee,The user lands an intense kick of tropical origins on the target. This also lowers the target’s Attack stat.
688,sun-moon,The user lands an intense kick of tropical origins on the target. This also lowers the target’s Attack stat.
688,sword-shield,The user lands an intense kick of tropical origins on the target. This also lowers the target’s Attack stat.
688,ultra-sun-ultra-moon,The user lands an intense kick of tropical origins on the target. This also lowers the target’s Attack stat.
689,lets-go-pikachu-lets-go-eevee,The user instructs the target to use the target’s last move again.
689,sun-moon,The user instructs the target to use the target’s last move again.
689,sword-shield,The user instructs the target to use the target’s last move again.
689,ultra-sun-ultra-moon,The user instructs the target to use the target’s last move again.
690,lets-go-pikachu-lets-go-eevee,"The user first heats up its beak, and then it attacks the target. Making direct contact with the Pokémon while it’s heating up its beak results in a burn."
690,sun-moon,"The user first heats up its beak, and then it attacks the target. Making direct contact with the Pokémon while it’s heating up its beak results in a burn."
690,sword-shield,"The user first heats up its beak, and then it attacks the target. Making direct contact with the Pokémon while it’s heating up its beak results in a burn."
690,ultra-sun-ultra-moon,"The user first heats up its beak, and then it attacks the target. Making direct contact with the Pokémon while it’s heating up its beak results in a burn."
691,lets-go-pikachu-lets-go-eevee,The user rubs the scales on its entire body and makes a huge noise to attack the opposing Pokémon. The user’s Defense stat goes down after the attack.
691,sun-moon,The user rubs the scales on its entire body and makes a huge noise to attack the opposing Pokémon. The user’s Defense stat goes down after the attack.
691,sword-shield,The user rubs the scales on its entire body and makes a huge noise to attack opposing Pokémon. The user’s Defense stat goes down after the attack.
691,ultra-sun-ultra-moon,The user rubs the scales on its entire body and makes a huge noise to attack the opposing Pokémon. The user’s Defense stat goes down after the attack.
692,lets-go-pikachu-lets-go-eevee,The user uses its body like a hammer to attack the target and inflict damage.
692,sun-moon,The user uses its body like a hammer to attack the target and inflict damage.
692,sword-shield,The user uses its body like a hammer to attack the target and inflict damage.
692,ultra-sun-ultra-moon,The user uses its body like a hammer to attack the target and inflict damage.
693,lets-go-pikachu-lets-go-eevee,The user swings its body around violently to inflict damage on everything in its vicinity.
693,sun-moon,The user swings its body around violently to inflict damage on everything in its vicinity.
693,sword-shield,The user swings its body around violently to inflict damage on everything in its vicinity.
693,ultra-sun-ultra-moon,The user swings its body around violently to inflict damage on everything in its vicinity.
694,lets-go-pikachu-lets-go-eevee,This move reduces damage from physical and special moves for five turns. This can be used only in a hailstorm.
694,sun-moon,This move reduces damage from physical and special moves for five turns. This can be used only in a hailstorm.
694,sword-shield,This move reduces damage from physical and special moves for five turns. This can be used only in a hailstorm.
694,ultra-sun-ultra-moon,This move reduces damage from physical and special moves for five turns. This can be used only in a hailstorm.
695,lets-go-pikachu-lets-go-eevee,"The user, Decidueye, creates countless arrows using its Z-Power and shoots the target with full force."
695,sun-moon,"The user, Decidueye, creates countless arrows using its Z-Power and shoots the target with full force."
695,sword-shield,"This move can’t be used. It’s recommended that this move is forgotten. Once forgotten, this move can’t be remembered."
695,ultra-sun-ultra-moon,"The user, Decidueye, creates countless arrows using its Z-Power and shoots the target with full force."
696,lets-go-pikachu-lets-go-eevee,"The user, Incineroar, strengthens its body using its Z-Power and crashes into the target with full force."
696,sun-moon,"The user, Incineroar, strengthens its body using its Z-Power and crashes into the target with full force."
696,sword-shield,"This move can’t be used. It’s recommended that this move is forgotten. Once forgotten, this move can’t be remembered."
696,ultra-sun-ultra-moon,"The user, Incineroar, strengthens its body using its Z-Power and crashes into the target with full force."
697,lets-go-pikachu-lets-go-eevee,"The user, Primarina, summons a massive amount of water using its Z-Power and attacks the target with full force."
697,sun-moon,"The user, Primarina, summons a massive amount of water using its Z-Power and attacks the target with full force."
697,sword-shield,"This move can’t be used. It’s recommended that this move is forgotten. Once forgotten, this move can’t be remembered."
697,ultra-sun-ultra-moon,"The user, Primarina, summons a massive amount of water using its Z-Power and attacks the target with full force."
698,lets-go-pikachu-lets-go-eevee,"The user, the Land Spirit Pokémon, obtains Alola’s energy using its Z-Power and attacks the target with full force. This reduces the target’s HP greatly."
698,sun-moon,"The user, the Land Spirit Pokémon, obtains Alola’s energy using its Z-Power and attacks the target with full force. This reduces the target’s HP greatly."
698,sword-shield,"This move can’t be used. It’s recommended that this move is forgotten. Once forgotten, this move can’t be remembered."
698,ultra-sun-ultra-moon,"The user, the Land Spirit Pokémon, obtains Alola’s energy using its Z-Power and attacks the target with full force. This reduces the target’s HP greatly."
699,lets-go-pikachu-lets-go-eevee,"After obtaining Z-Power, the user, Marshadow, punches and kicks the target consecutively with full force."
699,sun-moon,"After obtaining Z-Power, the user, Marshadow, punches and kicks the target consecutively with full force."
699,sword-shield,"This move can’t be used. It’s recommended that this move is forgotten. Once forgotten, this move can’t be remembered."
699,ultra-sun-ultra-moon,"After obtaining Z-Power, the user, Marshadow, punches and kicks the target consecutively with full force."
700,lets-go-pikachu-lets-go-eevee,"After obtaining Z-Power, the user, Alolan Raichu, attacks the target with full force. This move leaves the target with paralysis."
700,sun-moon,"After obtaining Z-Power, the user, Alolan Raichu, attacks the target with full force. This move leaves the target with paralysis."
700,sword-shield,"This move can’t be used. It’s recommended that this move is forgotten. Once forgotten, this move can’t be remembered."
700,ultra-sun-ultra-moon,"After obtaining Z-Power, the user, Alolan Raichu, attacks the target with full force. This move leaves the target with paralysis."
701,lets-go-pikachu-lets-go-eevee,"Z-Power brings out the true capabilities of the user, Snorlax. The Pokémon moves its enormous body energetically and attacks the target with full force."
701,sun-moon,"Z-Power brings out the true capabilities of the user, Snorlax. The Pokémon moves its enormous body energetically and attacks the target with full force."
701,sword-shield,"This move can’t be used. It’s recommended that this move is forgotten. Once forgotten, this move can’t be remembered."
701,ultra-sun-ultra-moon,"Z-Power brings out the true capabilities of the user, Snorlax. The Pokémon moves its enormous body energetically and attacks the target with full force."
702,lets-go-pikachu-lets-go-eevee,"After obtaining Z-Power, the user, Eevee, gets energy from its evolved friends and boosts its stats sharply."
702,sun-moon,"After obtaining Z-Power, the user, Eevee, gets energy from its evolved friends and boosts its stats sharply."
702,sword-shield,"This move can’t be used. It’s recommended that this move is forgotten. Once forgotten, this move can’t be remembered."
702,ultra-sun-ultra-moon,"After obtaining Z-Power, the user, Eevee, gets energy from its evolved friends and boosts its stats sharply."
703,lets-go-pikachu-lets-go-eevee,"After obtaining Z-Power, the user, Mew, attacks the target with full force. The terrain will be charged with psychic energy."
703,sun-moon,"After obtaining Z-Power, the user, Mew, attacks the target with full force. The terrain will be charged with psychic energy."
703,sword-shield,"This move can’t be used. It’s recommended that this move is forgotten. Once forgotten, this move can’t be remembered."
703,ultra-sun-ultra-moon,"After obtaining Z-Power, the user, Mew, attacks the target with full force. The terrain will be charged with psychic energy."
704,lets-go-pikachu-lets-go-eevee,"The user sets a shell trap. If the user is hit by a physical move, the trap will explode and inflict damage on the opposing Pokémon."
704,sun-moon,"The user sets a shell trap. If the user is hit by a physical move, the trap will explode and inflict damage on the opposing Pokémon."
704,sword-shield,"The user sets a shell trap. If the user is hit by a physical move, the trap will explode and inflict damage on opposing Pokémon."
704,ultra-sun-ultra-moon,"The user sets a shell trap. If the user is hit by a physical move, the trap will explode and inflict damage on the opposing Pokémon."
705,lets-go-pikachu-lets-go-eevee,The user unleashes a strong beam. The attack’s recoil harshly lowers the user’s Sp. Atk stat.
705,sun-moon,The user unleashes a strong beam. The attack’s recoil harshly lowers the user’s Sp. Atk stat.
705,sword-shield,The user unleashes a strong beam. The attack’s recoil harshly lowers the user’s Sp. Atk stat.
705,ultra-sun-ultra-moon,The user unleashes a strong beam. The attack’s recoil harshly lowers the user’s Sp. Atk stat.
706,lets-go-pikachu-lets-go-eevee,The user bites the target with its psychic capabilities. This can also destroy Light Screen and Reflect.
706,sun-moon,The user bites the target with its psychic capabilities. This can also destroy Light Screen and Reflect.
706,sword-shield,The user bites the target with its psychic capabilities. This can also destroy Light Screen and Reflect.
706,ultra-sun-ultra-moon,The user bites the target with its psychic capabilities. This can also destroy Light Screen and Reflect.
707,lets-go-pikachu-lets-go-eevee,"Driven by frustration, the user attacks the target. If the user’s previous move has failed, the power of this move doubles."
707,sun-moon,"Driven by frustration, the user attacks the target. If the user’s previous move has failed, the power of this move doubles."
707,sword-shield,"Driven by frustration, the user attacks the target. If the user’s previous move has failed, the power of this move doubles."
707,ultra-sun-ultra-moon,"Driven by frustration, the user attacks the target. If the user’s previous move has failed, the power of this move doubles."
708,lets-go-pikachu-lets-go-eevee,The user attacks by beating the target with a bone that contains a spirit. This may also lower the target’s Defense stat.
708,sun-moon,The user attacks by beating the target with a bone that contains a spirit. This may also lower the target’s Defense stat.
708,sword-shield,The user attacks by beating the target with a bone that contains a spirit. This may also lower the target’s Defense stat.
708,ultra-sun-ultra-moon,The user attacks by beating the target with a bone that contains a spirit. This may also lower the target’s Defense stat.
709,lets-go-pikachu-lets-go-eevee,The user smashes into the target at high speed. This move always goes first.
709,sun-moon,The user smashes into the target at high speed. This move always goes first.
709,sword-shield,The user smashes into the target at high speed. This move always goes first.
709,ultra-sun-ultra-moon,The user smashes into the target at high speed. This move always goes first.
710,lets-go-pikachu-lets-go-eevee,The user slams into the target using a full-force blast of water. This may also lower the target’s Defense stat.
710,sun-moon,The user slams into the target using a full-force blast of water. This may also lower the target’s Defense stat.
710,sword-shield,The user slams into the target using a full-force blast of water. This may also lower the target’s Defense stat.
710,ultra-sun-ultra-moon,The user slams into the target using a full-force blast of water. This may also lower the target’s Defense stat.
711,lets-go-pikachu-lets-go-eevee,The user shoots powerful lasers using the power of a prism. The user can’t move on the next turn.
711,sun-moon,The user shoots powerful lasers using the power of a prism. The user can’t move on the next turn.
711,sword-shield,The user shoots powerful lasers using the power of a prism. The user can’t move on the next turn.
711,ultra-sun-ultra-moon,The user shoots powerful lasers using the power of a prism. The user can’t move on the next turn.
712,lets-go-pikachu-lets-go-eevee,"The user hides in the target’s shadow, steals the target’s stat boosts, and then attacks."
712,sun-moon,"The user hides in the target’s shadow, steals the target’s stat boosts, and then attacks."
712,sword-shield,"The user hides in the target’s shadow, steals the target’s stat boosts, and then attacks."
712,ultra-sun-ultra-moon,"The user hides in the target’s shadow, steals the target’s stat boosts, and then attacks."
713,lets-go-pikachu-lets-go-eevee,The user slams into the target with the force of a meteor. This move can be used on the target regardless of its Abilities.
713,sun-moon,The user slams into the target with the force of a meteor. This move can be used on the target regardless of its Abilities.
713,sword-shield,The user slams into the target with the force of a meteor. This move can be used on the target regardless of its Abilities.
713,ultra-sun-ultra-moon,The user slams into the target with the force of a meteor. This move can be used on the target regardless of its Abilities.
714,lets-go-pikachu-lets-go-eevee,The user emits a sinister ray to attack the target. This move can be used on the target regardless of its Abilities.
714,sun-moon,The user emits a sinister ray to attack the target. This move can be used on the target regardless of its Abilities.
714,sword-shield,The user emits a sinister ray to attack the target. This move can be used on the target regardless of its Abilities.
714,ultra-sun-ultra-moon,The user emits a sinister ray to attack the target. This move can be used on the target regardless of its Abilities.
715,lets-go-pikachu-lets-go-eevee,The user gets teary eyed to make the target lose its combative spirit. This lowers the target’s Attack and Sp. Atk stats.
715,sun-moon,The user gets teary eyed to make the target lose its combative spirit. This lowers the target’s Attack and Sp. Atk stats.
715,sword-shield,The user gets teary eyed to make the target lose its combative spirit. This lowers the target’s Attack and Sp. Atk stats.
715,ultra-sun-ultra-moon,The user gets teary eyed to make the target lose its combative spirit. This lowers the target’s Attack and Sp. Atk stats.
716,lets-go-pikachu-lets-go-eevee,"A strong electric blast crashes down on the target, giving it an electric shock. This may also make the target flinch."
716,sun-moon,"A strong electric blast crashes down on the target, giving it an electric shock. This may also make the target flinch."
716,sword-shield,"A strong electric blast crashes down on the target, giving it an electric shock. This may also make the target flinch."
716,ultra-sun-ultra-moon,"A strong electric blast crashes down on the target, giving it an electric shock. This may also make the target flinch."
717,lets-go-pikachu-lets-go-eevee,The user hits the target with the force of nature. It halves the target’s HP.
717,sun-moon,The user hits the target with the force of nature. It halves the target’s HP.
717,sword-shield,The user hits the target with the force of nature. It halves the target’s HP.
717,ultra-sun-ultra-moon,The user hits the target with the force of nature. It halves the target’s HP.
718,lets-go-pikachu-lets-go-eevee,"Cloaking itself in high energy, the user slams into the target. The memory held determines the move’s type."
718,sun-moon,"Cloaking itself in high energy, the user slams into the target. The memory held determines the move’s type."
718,sword-shield,"Cloaking itself in high energy, the user slams into the target. The memory held determines the move’s type."
718,ultra-sun-ultra-moon,"Cloaking itself in high energy, the user slams into the target. The memory held determines the move’s type."
719,lets-go-pikachu-lets-go-eevee,"The user, Pikachu wearing a cap, powers up a jolt of electricity using its Z-Power and unleashes it. Critical hits land more easily."
719,sun-moon,"The user, Pikachu wearing a cap, powers up a jolt of electricity using its Z-Power and unleashes it. Critical hits land more easily."
719,sword-shield,"This move can’t be used. It’s recommended that this move is forgotten. Once forgotten, this move can’t be remembered."
719,ultra-sun-ultra-moon,"The user, Pikachu wearing a cap, powers up a jolt of electricity using its Z-Power and unleashes it. Critical hits land more easily."
720,lets-go-pikachu-lets-go-eevee,The user attacks everything around it by causing its own head to explode. This also damages the user.
720,sword-shield,The user attacks everything around it by causing its own head to explode. This also damages the user.
720,ultra-sun-ultra-moon,The user attacks everything around it by causing its own head to explode. This also damages the user.
721,lets-go-pikachu-lets-go-eevee,The user attacks with electrically charged fists. This move changes Normal-type moves to Electric-type moves.
721,sword-shield,The user attacks with electrically charged fists. This move changes Normal-type moves to Electric-type moves.
721,ultra-sun-ultra-moon,The user attacks with electrically charged fists. This move changes Normal-type moves to Electric-type moves.
722,lets-go-pikachu-lets-go-eevee,The user attacks a target with a pillar of light. This move inflicts Attack or Sp. Atk damage—whichever stat is higher for the user.
722,sword-shield,The user attacks a target with a pillar of light. This move inflicts Attack or Sp. Atk damage—whichever stat is higher for the user.
722,ultra-sun-ultra-moon,The user attacks a target with a pillar of light. This move inflicts Attack or Sp. Atk damage—whichever stat is higher for the user.
723,lets-go-pikachu-lets-go-eevee,"This attack inflicts Attack or Sp. Atk damage— whichever stat is higher for the user, Necrozma. This move ignores the target’s Ability."
723,sword-shield,"This move can’t be used. It’s recommended that this move is forgotten. Once forgotten, this move can’t be remembered."
723,ultra-sun-ultra-moon,"This attack inflicts Attack or Sp. Atk damage— whichever stat is higher for the user, Necrozma. This move ignores the target’s Ability."
724,lets-go-pikachu-lets-go-eevee,"After obtaining Z-Power, the user, Solgaleo, attacks the target with full force. This move can ignore the effect of the target’s Ability."
724,sword-shield,"This move can’t be used. It’s recommended that this move is forgotten. Once forgotten, this move can’t be remembered."
724,ultra-sun-ultra-moon,"After obtaining Z-Power, the user, Solgaleo, attacks the target with full force. This move can ignore the effect of the target’s Ability."
725,lets-go-pikachu-lets-go-eevee,"After obtaining Z-Power, the user, Lunala, attacks the target with full force. This move can ignore the effect of the target’s Ability."
725,sword-shield,"This move can’t be used. It’s recommended that this move is forgotten. Once forgotten, this move can’t be remembered."
725,ultra-sun-ultra-moon,"After obtaining Z-Power, the user, Lunala, attacks the target with full force. This move can ignore the effect of the target’s Ability."
726,lets-go-pikachu-lets-go-eevee,"After obtaining Z-Power, the user, Mimikyu, punches the target with full force."
726,sword-shield,"This move can’t be used. It’s recommended that this move is forgotten. Once forgotten, this move can’t be remembered."
726,ultra-sun-ultra-moon,"After obtaining Z-Power, the user, Mimikyu, punches the target with full force."
727,lets-go-pikachu-lets-go-eevee,"After obtaining Z-Power, the user, Lycanroc, attacks the target with full force. This move negates the effect on the battlefield."
727,sword-shield,"This move can’t be used. It’s recommended that this move is forgotten. Once forgotten, this move can’t be remembered."
727,ultra-sun-ultra-moon,"After obtaining Z-Power, the user, Lycanroc, attacks the target with full force. This move negates the effect on the battlefield."
728,lets-go-pikachu-lets-go-eevee,"After obtaining Z-Power, the user, Kommo-o, attacks the opposing Pokémon with full force. This move boosts the user’s stats."
728,sword-shield,"This move can’t be used. It’s recommended that this move is forgotten. Once forgotten, this move can’t be remembered."
728,ultra-sun-ultra-moon,"After obtaining Z-Power, the user, Kommo-o, attacks the opposing Pokémon with full force. This move boosts the user’s stats."
729,lets-go-pikachu-lets-go-eevee,The user attacks the target with bursts of electricity at high speed. This move always goes first and results in a critical hit.
729,sword-shield,"This move can’t be used. It’s recommended that this move is forgotten. Once forgotten, this move can’t be remembered."
730,lets-go-pikachu-lets-go-eevee,The user charges a huge wave with electricity and hits the opposing Pokémon with the wave. This may also leave the opposing Pokémon with paralysis.
730,sword-shield,"This move can’t be used. It’s recommended that this move is forgotten. Once forgotten, this move can’t be remembered."
731,lets-go-pikachu-lets-go-eevee,"The user floats in the air, and then dives at a steep angle to attack the target. This may also make the target flinch."
731,sword-shield,"This move can’t be used. It’s recommended that this move is forgotten. Once forgotten, this move can’t be remembered."
732,lets-go-pikachu-lets-go-eevee,"The more Pikachu loves its Trainer, the greater the move’s power. It never misses."
732,sword-shield,"This move can’t be used. It’s recommended that this move is forgotten. Once forgotten, this move can’t be remembered."
733,lets-go-pikachu-lets-go-eevee,The user attacks by shooting water bubbles at the target. It then absorbs water and restores its HP by half the damage taken by the target.
733,sword-shield,"This move can’t be used. It’s recommended that this move is forgotten. Once forgotten, this move can’t be remembered."
734,lets-go-pikachu-lets-go-eevee,The user shoots a jolt of electricity to attack the target. This also leaves the target with paralysis.
734,sword-shield,"This move can’t be used. It’s recommended that this move is forgotten. Once forgotten, this move can’t be remembered."
735,lets-go-pikachu-lets-go-eevee,The user cloaks itself in fire and charges at the target. This also leaves the target with a burn.
735,sword-shield,"This move can’t be used. It’s recommended that this move is forgotten. Once forgotten, this move can’t be remembered."
736,lets-go-pikachu-lets-go-eevee,The user bombards the target with telekinetic force. A wondrous wall of light is put up to weaken the power of the opposing Pokémon’s special moves.
736,sword-shield,"This move can’t be used. It’s recommended that this move is forgotten. Once forgotten, this move can’t be remembered."
737,lets-go-pikachu-lets-go-eevee,The user acts bad and attacks the target. A wondrous wall of light is put up to weaken the power of the opposing Pokémon’s physical moves.
737,sword-shield,"This move can’t be used. It’s recommended that this move is forgotten. Once forgotten, this move can’t be remembered."
738,lets-go-pikachu-lets-go-eevee,The user grows a gigantic stalk that scatters seeds to attack the target. The seeds drain the target’s HP every turn.
738,sword-shield,"This move can’t be used. It’s recommended that this move is forgotten. Once forgotten, this move can’t be remembered."
739,lets-go-pikachu-lets-go-eevee,The user attacks with a crystal made of cold frozen haze. It eliminates every stat change among all the Pokémon engaged in battle.
739,sword-shield,"This move can’t be used. It’s recommended that this move is forgotten. Once forgotten, this move can’t be remembered."
740,lets-go-pikachu-lets-go-eevee,The user attacks the target by wrapping it with a whirlwind of an overpowering scent. This also heals all status conditions of the user’s party.
740,sword-shield,"This move can’t be used. It’s recommended that this move is forgotten. Once forgotten, this move can’t be remembered."
741,lets-go-pikachu-lets-go-eevee,"The more Eevee loves its Trainer, the greater the move’s power. It never misses."
741,sword-shield,"This move can’t be used. It’s recommended that this move is forgotten. Once forgotten, this move can’t be remembered."
742,lets-go-pikachu-lets-go-eevee,"The user rotates, centering the hex nut in its chest, and then strikes with its arms twice in a row. This may also make the target flinch."
742,sword-shield,"The user rotates, centering the hex nut in its chest, and then strikes with its arms twice in a row. This may also make the target flinch."
743,sword-shield,This move enables the user to protect itself from all attacks. Its chance of failing rises if it is used in succession.
744,sword-shield,The user unleashes a strong beam from its core. This move deals twice the damage if the target is Dynamaxed.
745,sword-shield,"The user ignores the effects of opposing Pokémon’s moves and Abilities that draw in moves, allowing this move to hit the chosen target."
746,sword-shield,This move prevents the user and the target from switching out until either of them faints. The effect goes away if either of the Pokémon leaves the field.
747,sword-shield,"The user eats its held Berry, then sharply raises its Defense stat."
748,sword-shield,This move raises all the user’s stats but prevents the user from switching out or fleeing.
749,sword-shield,"The user pours sticky tar over the target, lowering the target’s Speed stat. The target becomes weaker to Fire-type moves."
750,sword-shield,The user scatters a cloud of magic powder that changes the target to Psychic type.
751,sword-shield,"The user attacks twice using Dreepy. If there are two targets, this move hits each target once."
752,sword-shield,The user has teatime with all the Pokémon in the battle. Each Pokémon eats its held Berry.
753,sword-shield,The user locks the target in and prevents it from fleeing. This move also lowers the target’s Defense and Sp. Def every turn.
754,sword-shield,"The user stabs the target with its electrified beak. If the user attacks before the target, the power of this move is doubled."
755,sword-shield,"The user rends the target with its hard gills. If the user attacks before the target, the power of this move is doubled."
756,sword-shield,"With its mysterious power, the user swaps the effects on either side of the field."
757,sword-shield,This is a Fire-type attack Dynamax Pokémon use. The user intensifies the sun for five turns.
758,sword-shield,This is a Bug-type attack Dynamax Pokémon use. This lowers the target’s Sp. Atk stat.
759,sword-shield,This is an Electric-type attack Dynamax Pokémon use. The user turns the ground into Electric Terrain for five turns.
760,sword-shield,This is a Normal-type attack Dynamax Pokémon use. This lowers the target’s Speed stat.
761,sword-shield,This is a Fighting-type attack Dynamax Pokémon use. This raises ally Pokémon’s Attack stats.
762,sword-shield,This is a Ghost-type attack Dynamax Pokémon use. This lowers the target’s Defense stat.
763,sword-shield,This is an Ice-type attack Dynamax Pokémon use. The user summons a hailstorm lasting five turns.
764,sword-shield,This is a Poison-type attack Dynamax Pokémon use. This raises ally Pokémon’s Sp. Atk stats.
765,sword-shield,This is a Water-type attack Dynamax Pokémon use. The user summons a heavy rain that falls for five turns.
766,sword-shield,This is a Flying-type attack Dynamax Pokémon use. This raises ally Pokémon’s Speed stats.
767,sword-shield,This is a Fairy-type attack Dynamax Pokémon use. The user turns the ground into Misty Terrain for five turns.
768,sword-shield,This is a Dragon-type attack Dynamax Pokémon use. This lowers the target’s Attack stat.
769,sword-shield,This is a Psychic-type attack Dynamax Pokémon use. The user turns the ground into Psychic Terrain for five turns.
770,sword-shield,This is a Rock-type attack Dynamax Pokémon use. The user summons a sandstorm lasting five turns.
771,sword-shield,This is a Ground-type attack Dynamax Pokémon use. This raises ally Pokémon’s Sp. Def stats.
772,sword-shield,This is a Dark-type attack Dynamax Pokémon use. This lowers the target’s Sp. Def stat.
773,sword-shield,This is a Grass-type attack Dynamax Pokémon use. The user turns the ground into Grassy Terrain for five turns.
774,sword-shield,This is a Steel-type attack Dynamax Pokémon use. This raises ally Pokémon’s Defense stats.
775,sword-shield,The user raises all its stats by using some of its HP.
776,sword-shield,"The user attacks by slamming its body into the target. The higher the user’s Defense, the more damage it can inflict on the target."
777,sword-shield,The user sharply raises the target’s Attack and Sp. Atk stats by decorating the target.
778,sword-shield,"The user plays its drum, controlling the drum’s roots to attack the target. This also lowers the target’s Speed stat."
779,sword-shield,The user snares the target in a snap trap for four to five turns.
780,sword-shield,The user attacks by igniting a small stone and launching it as a fiery ball at the target. This may also leave the target with a burn.
781,sword-shield,The user becomes a gigantic sword and cuts the target. This move deals twice the damage if the target is Dynamaxed.
782,sword-shield,The user becomes a gigantic shield and slams into the target. This move deals twice the damage if the target is Dynamaxed.
783,sword-shield,Morpeko attacks and raises its Speed with the energy stored in its cheeks. This move’s type changes depending on the user’s form.
784,sword-shield,The user swings its tough tail wildly and attacks opposing Pokémon. This also lowers their Attack stats.
785,sword-shield,The user attacks the target by poking it with a sharply pointed branch.
786,sword-shield,"The user attacks opposing Pokémon by twanging a guitar or bass guitar, causing a huge echo and strong vibration."
787,sword-shield,The user attacks the target with an acidic liquid created from tart apples. This also lowers the target’s Sp. Def stat.
788,sword-shield,The user inflicts damage by dropping an apple from high above. This also lowers the target’s Defense stat.
789,sword-shield,The user attacks the target with so much force that it could break the target’s spirit. This also lowers the target’s Sp. Atk stat.
790,sword-shield,The user attacks the target by emitting steam. This may also confuse the target.
791,sword-shield,The user scatters mysterious water around and restores the HP of itself and its ally Pokémon in the battle.
792,sword-shield,This move enables the user to protect itself from all attacks. Its chance of failing rises if it is used in succession. Direct contact harshly lowers the attacker’s Defense stat.
793,sword-shield,"The user pretends to bow its head, but then it stabs the target with its disheveled hair. This attack never misses."
794,sword-shield,"The user attacks wildly with its thick leek. The user can’t move on the next turn, because the force of this move makes it stagger."
795,sword-shield,This is Eternatus’s most powerful attack in its original form. The user can’t move on the next turn.
796,sword-shield,The user fires a beam of steel that it collected from its entire body. This also damages the user.
797,sword-shield,The user attacks the target with its psychic power. This move’s power goes up and damages all opposing Pokémon on Psychic Terrain.
798,sword-shield,The user attacks while destroying the terrain. This move fails when the ground hasn’t turned into a terrain.
799,sword-shield,The user attacks by shooting scales two to five times in a row. This move boosts the user’s Speed stat but lowers its Defense stat.
800,sword-shield,"In this two-turn attack, the user gathers space power and boosts its Sp. Atk stat, then attacks the target on the next turn."
801,sword-shield,"This move inflicts physical or special damage, whichever will be more effective. This may also poison the target."
802,sword-shield,The user attacks everything around it and faints upon using this move. This move’s power is increased on Misty Terrain.
803,sword-shield,"Gliding on the ground, the user attacks the target. This move always goes first on Grassy Terrain."
804,sword-shield,The user attacks with electric voltage rising from the ground. This move’s power doubles when the target is on Electric Terrain.
805,sword-shield,The user utilizes the power of the terrain to attack. This move’s type and power changes depending on the terrain when it’s used.
806,sword-shield,The user skitters behind the target to attack. This also lowers the target’s Sp. Atk stat.
807,sword-shield,The user attacks with energy from jealousy. This leaves all opposing Pokémon that have had their stats boosted during the turn with a burn.
808,sword-shield,"The user lashes out to vent its frustration toward the target. If the user’s stats were lowered during this turn, the power of this move is doubled."
809,sword-shield,The user attacks the target by controlling the target’s item. The move fails if the target doesn’t have an item.
810,sword-shield,The user surrounds everything around it with highly acidic gas and melts away items they hold.
811,sword-shield,"The user properly coaches its ally Pokémon, boosting their Attack and Defense stats."
812,sword-shield,"After making its attack, the user rushes back to switch places with a party Pokémon in waiting."
813,sword-shield,A consecutive three-kick attack that becomes more powerful with each successful hit.
814,sword-shield,The user slams the target with its wings. The target is hit twice in a row.
815,sword-shield,The user throws scorching sand at the target to attack. This may also leave the target with a burn.
816,sword-shield,"The user becomes one with the jungle, restoring HP and healing any status conditions of itself and its ally Pokémon in battle."
817,sword-shield,"The user, having mastered the Dark style, strikes the target with a fierce blow. This attack always results in a critical hit."
818,sword-shield,"The user, having mastered the Water style, strikes the target with a flowing motion three times in a row. This attack always results in a critical hit."
819,sword-shield,The user traps the target in a cage of sparking electricity for four to five turns.
820,sword-shield,"Converting its life-force into power, the user attacks opposing Pokémon. The lower the user’s HP, the lower the move’s power."
821,sword-shield,The user shoots its psychic power from its eyes to attack. This may also leave the target frozen.
822,sword-shield,The user transforms its wrath into a fire-like aura to attack. This may also make opposing Pokémon flinch.
823,sword-shield,The user overwhelms the target with lightning-like movement before delivering a kick. This also lowers the target’s Defense stat.
824,sword-shield,The user attacks by hurling a blizzard-cloaked icicle lance at opposing Pokémon.
825,sword-shield,The user attacks by sending a frightful amount of small ghosts at opposing Pokémon.
826,sword-shield,The user attacks with its tremendous psychic power. This also removes 3 PP from the target’s last move.