ndex_id,name_english,name_german,name_french,name_spanish,name_italian,name_japanese,name_japanese_romanized,name_korean,name_korean_romanized,name_chinese_traditional,name_chinese_simplified,name_chinese_romanized,identifier
1,Bulbasaur,Bisasam,Bulbizarre,Bulbasaur,Bulbasaur,フシギダネ,Fushigidane,이상해씨,Isanghaessi,妙蛙種子,妙蛙种子,Miàowāzhǒngzǐ,bulbasaur
2,Ivysaur,Bisaknosp,Herbizarre,Ivysaur,Ivysaur,フシギソウ,Fushigisō,이상해풀,Isanghaepul,妙蛙草,妙蛙草,Miàowācǎo,ivysaur
3,Venusaur,Bisaflor,Florizarre,Venusaur,Venusaur,フシギバナ,Fushigibana,이상해꽃,Isanghaekkot,妙蛙花,妙蛙花,Miàowāhuā,venusaur
4,Charmander,Glumanda,Salamèche,Charmander,Charmander,ヒトカゲ,Hitokage,파이리,Pairi,小火龍,小火龙,Xiǎohuǒlóng,charmander
5,Charmeleon,Glutexo,Reptincel,Charmeleon,Charmeleon,リザード,Rizādo,리자드,Rijadeu,火恐龍,火恐龙,Huǒkǒnglóng,charmeleon
6,Charizard,Glurak,Dracaufeu,Charizard,Charizard,リザードン,Rizādon,리자몽,Rijamong,噴火龍,喷火龙,Pēnhuǒlóng,charizard
7,Squirtle,Schiggy,Carapuce,Squirtle,Squirtle,ゼニガメ,Zenigame,꼬부기,Kkobugi,傑尼龜,杰尼龟,Jiéníguī,squirtle
8,Wartortle,Schillok,Carabaffe,Wartortle,Wartortle,カメール,Kamēru,어니부기,Eonibugi,卡咪龜,卡咪龟,Kǎmīguī,wartortle
9,Blastoise,Turtok,Tortank,Blastoise,Blastoise,カメックス,Kamekkusu,거북왕,Geobugwang,水箭龜,水箭龟,Shuǐjiànguī,blastoise
10,Caterpie,Raupy,Chenipan,Caterpie,Caterpie,キャタピー,Kyatapī,캐터피,Kaeteopi,綠毛蟲,绿毛虫,Lǜmáochóng,caterpie
11,Metapod,Safcon,Chrysacier,Metapod,Metapod,トランセル,Toranseru,단데기,Dandegi,鐵甲蛹,铁甲蛹,Tiějiáyǒng,metapod
12,Butterfree,Smettbo,Papilusion,Butterfree,Butterfree,バタフリー,Batafurī,버터플,Beoteopeul,巴大蝶,巴大蝶,Bādàdié,butterfree
13,Weedle,Hornliu,Aspicot,Weedle,Weedle,ビードル,Bīdoru,뿔충이,Ppulchungi,獨角蟲,独角虫,Dújiǎochóng,weedle
14,Kakuna,Kokuna,Coconfort,Kakuna,Kakuna,コクーン,Kokūn,딱충이,Ttakchungi,鐵殼蛹,铁壳蛹,Tiěkéyǒng,kakuna
15,Beedrill,Bibor,Dardargnan,Beedrill,Beedrill,スピアー,Supiā,독침붕,Dokchimbung,大針蜂,大针蜂,Dàzhēnfēng,beedrill
16,Pidgey,Taubsi,Roucool,Pidgey,Pidgey,ポッポ,Poppo,구구,Gugu,波波,波波,Bōbō,pidgey
17,Pidgeotto,Tauboga,Roucoups,Pidgeotto,Pidgeotto,ピジョン,Pijon,피죤,Pijyon,比比鳥,比比鸟,Bǐbǐniǎo,pidgeotto
18,Pidgeot,Tauboss,Roucarnage,Pidgeot,Pidgeot,ピジョット,Pijotto,피죤투,Pijyontu,大比鳥,大比鸟,Dàbǐniǎo,pidgeot
19,Rattata,Rattfratz,Rattata,Rattata,Rattata,コラッタ,Koratta,꼬렛,Kkoret,小拉達,小拉达,Xiǎolādá,rattata
20,Raticate,Rattikarl,Rattatac,Raticate,Raticate,ラッタ,Ratta,레트라,Reteura,拉達,拉达,Lādá,raticate
21,Spearow,Habitak,Piafabec,Spearow,Spearow,オニスズメ,Onisuzume,깨비참,Kkaebicham,烈雀,烈雀,Lièquè,spearow
22,Fearow,Ibitak,Rapasdepic,Fearow,Fearow,オニドリル,Onidoriru,깨비드릴조,Kkaebideuriljo,大嘴雀,大嘴雀,Dàzuǐquè,fearow
23,Ekans,Rettan,Abo,Ekans,Ekans,アーボ,Ābo,아보,Abo,阿柏蛇,阿柏蛇,Ābóshé,ekans
24,Arbok,Arbok,Arbok,Arbok,Arbok,アーボック,Ābokku,아보크,Abokeu,阿柏怪,阿柏怪,Ābóguài,arbok
25,Pikachu,Pikachu,Pikachu,Pikachu,Pikachu,ピカチュウ,Pikachū,피카츄,Pikachyu,皮卡丘,皮卡丘,Píkǎqiū,pikachu
26,Raichu,Raichu,Raichu,Raichu,Raichu,ライチュウ,Raichū,라이츄,Raichyu,雷丘,雷丘,Léiqiū,raichu
27,Sandshrew,Sandan,Sabelette,Sandshrew,Sandshrew,サンド,Sando,모래두지,Moraeduji,穿山鼠,穿山鼠,Chuānshānshǔ,sandshrew
28,Sandslash,Sandamer,Sablaireau,Sandslash,Sandslash,サンドパン,Sandopan,고지,Goji,穿山王,穿山王,Chuānshānwáng,sandslash
29,Nidoran♀,Nidoran♀,Nidoran♀,Nidoran♀,Nidoran♀,ニドラン♀,Nidoran Mesu,니드런♀,Nideureonamkeot,尼多蘭,尼多兰,Níduōlán,nidoran-f
30,Nidorina,Nidorina,Nidorina,Nidorina,Nidorina,ニドリーナ,Nidorīna,니드리나,Nideurina,尼多娜,尼多娜,Níduōnà,nidorina
31,Nidoqueen,Nidoqueen,Nidoqueen,Nidoqueen,Nidoqueen,ニドクイン,Nidokuin,니드퀸,Nideukwin,尼多后,尼多后,Níduōhòu,nidoqueen
32,Nidoran♂,Nidoran♂,Nidoran♂,Nidoran♂,Nidoran♂,ニドラン♂,Nidoran Osu,니드런♂,Nideureonsukeot,尼多朗,尼多朗,Níduōláng,nidoran-m
33,Nidorino,Nidorino,Nidorino,Nidorino,Nidorino,ニドリーノ,Nidorīno,니드리노,Nideurino,尼多力諾,尼多力诺,Níduōlìnuò,nidorino
34,Nidoking,Nidoking,Nidoking,Nidoking,Nidoking,ニドキング,Nidokingu,니드킹,Nideuking,尼多王,尼多王,Níduōwáng,nidoking
35,Clefairy,Piepi,Mélofée,Clefairy,Clefairy,ピッピ,Pippi,삐삐,Ppippi,皮皮,皮皮,Pípí,clefairy
36,Clefable,Pixi,Mélodelfe,Clefable,Clefable,ピクシー,Pikushī,픽시,Piksi,皮可西,皮可西,Píkěxī,clefable
37,Vulpix,Vulpix,Goupix,Vulpix,Vulpix,ロコン,Rokon,식스테일,Sikseuteil,六尾,六尾,Liùwěi,vulpix
38,Ninetales,Vulnona,Feunard,Ninetales,Ninetales,キュウコン,Kyūkon,나인테일,Nainteil,九尾,九尾,Jiǔwěi,ninetales
39,Jigglypuff,Pummeluff,Rondoudou,Jigglypuff,Jigglypuff,プリン,Purin,푸린,Purin,胖丁,胖丁,Pàngdīng,jigglypuff
40,Wigglytuff,Knuddeluff,Grodoudou,Wigglytuff,Wigglytuff,プクリン,Pukurin,푸크린,Pukeurin,胖可丁,胖可丁,Pàngkědīng,wigglytuff
41,Zubat,Zubat,Nosferapti,Zubat,Zubat,ズバット,Zubatto,주뱃,Jubaet,超音蝠,超音蝠,Chāoyīnfú,zubat
42,Golbat,Golbat,Nosferalto,Golbat,Golbat,ゴルバット,Gorubatto,골뱃,Golbaet,大嘴蝠,大嘴蝠,Dàzuǐfú,golbat
43,Oddish,Myrapla,Mystherbe,Oddish,Oddish,ナゾノクサ,Nazonokusa,뚜벅쵸,Ttubeokchyo,走路草,走路草,Zǒulùcǎo,oddish
44,Gloom,Duflor,Ortide,Gloom,Gloom,クサイハナ,Kusaihana,냄새꼬,Naemsaekko,臭臭花,臭臭花,Chòuchòuhuā,gloom
45,Vileplume,Giflor,Rafflesia,Vileplume,Vileplume,ラフレシア,Rafureshia,라플레시아,Rapeullesia,霸王花,霸王花,Bàwánghuā,vileplume
46,Paras,Paras,Paras,Paras,Paras,パラス,Parasu,파라스,Paraseu,派拉斯,派拉斯,Pàilāsī,paras
47,Parasect,Parasek,Parasect,Parasect,Parasect,パラセクト,Parasekuto,파라섹트,Parasekteu,派拉斯特,派拉斯特,Pàilāsītè,parasect
48,Venonat,Bluzuk,Mimitoss,Venonat,Venonat,コンパン,Konpan,콘팡,Konpang,毛球,毛球,Máoqiú,venonat
49,Venomoth,Omot,Aéromite,Venomoth,Venomoth,モルフォン,Morufon,도나리,Donari,摩魯蛾,摩鲁蛾,Mólǔ'é,venomoth
50,Diglett,Digda,Taupiqueur,Diglett,Diglett,ディグダ,Diguda,디그다,Digeuda,地鼠,地鼠,Dìshǔ,diglett
51,Dugtrio,Digdri,Triopikeur,Dugtrio,Dugtrio,ダグトリオ,Dagutorio,닥트리오,Dakteurio,三地鼠,三地鼠,Sāndìshǔ,dugtrio
52,Meowth,Mauzi,Miaouss,Meowth,Meowth,ニャース,Nyāsu,나옹,Naong,喵喵,喵喵,Miāomiāo,meowth
53,Persian,Snobilikat,Persian,Persian,Persian,ペルシアン,Perushian,페르시온,Pereusion,貓老大,猫老大,Māolǎodà,persian
54,Psyduck,Enton,Psykokwak,Psyduck,Psyduck,コダック,Kodakku,고라파덕,Gorapadeok,可達鴨,可达鸭,Kědáyā,psyduck
55,Golduck,Entoron,Akwakwak,Golduck,Golduck,ゴルダック,Gorudakku,골덕,Goldeok,哥達鴨,哥达鸭,Gēdáyā,golduck
56,Mankey,Menki,Férosinge,Mankey,Mankey,マンキー,Mankī,망키,Mangki,猴怪,猴怪,Hóuguài,mankey
57,Primeape,Rasaff,Colossinge,Primeape,Primeape,オコリザル,Okorizaru,성원숭,Seongwonsung,火爆猴,火暴猴,Huǒbàohóu,primeape
58,Growlithe,Fukano,Caninos,Growlithe,Growlithe,ガーディ,Gādi,가디,Gadi,卡蒂狗,卡蒂狗,Kǎdìgǒu,growlithe
59,Arcanine,Arkani,Arcanin,Arcanine,Arcanine,ウインディ,Uindi,윈디,Windi,風速狗,风速狗,Fēngsùgǒu,arcanine
60,Poliwag,Quapsel,Ptitard,Poliwag,Poliwag,ニョロモ,Nyoromo,발챙이,Balchaengi,蚊香蝌蚪,蚊香蝌蚪,Wénxiāngkēdǒu,poliwag
61,Poliwhirl,Quaputzi,Têtarte,Poliwhirl,Poliwhirl,ニョロゾ,Nyorozo,슈륙챙이,Syuryukchaengi,蚊香君,蚊香君,Wénxiāngjūn,poliwhirl
62,Poliwrath,Quappo,Tartard,Poliwrath,Poliwrath,ニョロボン,Nyorobon,강챙이,Gangchaengi,蚊香泳士,蚊香泳士,Wénxiāngyǒngshì,poliwrath
63,Abra,Abra,Abra,Abra,Abra,ケーシィ,Kēshī,캐이시,Kaeisi,凱西,凯西,Kǎixī,abra
64,Kadabra,Kadabra,Kadabra,Kadabra,Kadabra,ユンゲラー,Yungerā,윤겔라,Yungella,勇基拉,勇基拉,Yǒngjīlā,kadabra
65,Alakazam,Simsala,Alakazam,Alakazam,Alakazam,フーディン,Fūdin,후딘,Hudin,胡地,胡地,Húdì,alakazam
66,Machop,Machollo,Machoc,Machop,Machop,ワンリキー,Wanrikī,알통몬,Altongmon,腕力,腕力,Wànlì,machop
67,Machoke,Maschock,Machopeur,Machoke,Machoke,ゴーリキー,Gōrikī,근육몬,Geunyungmon,豪力,豪力,Háolì,machoke
68,Machamp,Machomei,Mackogneur,Machamp,Machamp,カイリキー,Kairikī,괴력몬,Goeryeongmon,怪力,怪力,Guàilì,machamp
69,Bellsprout,Knofensa,Chétiflor,Bellsprout,Bellsprout,マダツボミ,Madatsubomi,모다피,Modapi,喇叭芽,喇叭芽,Lǎbāyá,bellsprout
70,Weepinbell,Ultrigaria,Boustiflor,Weepinbell,Weepinbell,ウツドン,Utsudon,우츠동,Ucheudong,口呆花,口呆花,Kǒudāihuā,weepinbell
71,Victreebel,Sarzenia,Empiflor,Victreebel,Victreebel,ウツボット,Utsubotto,우츠보트,Ucheuboteu,大食花,大食花,Dàshíhuā,victreebel
72,Tentacool,Tentacha,Tentacool,Tentacool,Tentacool,メノクラゲ,Menokurage,왕눈해,Wangnunhae,瑪瑙水母,玛瑙水母,Mǎnǎoshuǐmǔ,tentacool
73,Tentacruel,Tentoxa,Tentacruel,Tentacruel,Tentacruel,ドククラゲ,Dokukurage,독파리,Dokpari,毒刺水母,毒刺水母,Dúcìshuǐmǔ,tentacruel
74,Geodude,Kleinstein,Racaillou,Geodude,Geodude,イシツブテ,Ishitsubute,꼬마돌,Kkomadol,小拳石,小拳石,Xiǎoquánshí,geodude
75,Graveler,Georok,Gravalanch,Graveler,Graveler,ゴローン,Gorōn,데구리,Deguri,隆隆石,隆隆石,Lónglóngshí,graveler
76,Golem,Geowaz,Grolem,Golem,Golem,ゴローニャ,Gorōnya,딱구리,Ttakguri,隆隆岩,隆隆岩,Lónglóngyán,golem
77,Ponyta,Ponita,Ponyta,Ponyta,Ponyta,ポニータ,Ponīta,포니타,Ponita,小火馬,小火马,Xiǎohuǒmǎ,ponyta
78,Rapidash,Gallopa,Galopa,Rapidash,Rapidash,ギャロップ,Gyaroppu,날쌩마,Nalssaengma,烈焰馬,烈焰马,Lièyànmǎ,rapidash
79,Slowpoke,Flegmon,Ramoloss,Slowpoke,Slowpoke,ヤドン,Yadon,야돈,Yadon,呆呆獸,呆呆兽,Dāidāishòu,slowpoke
80,Slowbro,Lahmus,Flagadoss,Slowbro,Slowbro,ヤドラン,Yadoran,야도란,Yadoran,呆殼獸,呆壳兽,Dāikéshòu,slowbro
81,Magnemite,Magnetilo,Magnéti,Magnemite,Magnemite,コイル,Koiru,코일,Koil,小磁怪,小磁怪,Xiǎocíguài,magnemite
82,Magneton,Magneton,Magnéton,Magneton,Magneton,レアコイル,Reakoiru,레어코일,Reeokoil,三合一磁怪,三合一磁怪,Sānhéyīcíguài,magneton
83,Farfetch'd,Porenta,Canarticho,Farfetch'd,Farfetch'd,カモネギ,Kamonegi,파오리,Paori,大蔥鴨,大葱鸭,Dàcōngyā,farfetchd
84,Doduo,Dodu,Doduo,Doduo,Doduo,ドードー,Dōdō,두두,Dudu,嘟嘟,嘟嘟,Dūdū,doduo
85,Dodrio,Dodri,Dodrio,Dodrio,Dodrio,ドードリオ,Dōdorio,두트리오,Duteurio,嘟嘟利,嘟嘟利,Dūdūlì,dodrio
86,Seel,Jurob,Otaria,Seel,Seel,パウワウ,Pauwau,쥬쥬,Jyujyu,小海獅,小海狮,Xiǎohǎishī,seel
87,Dewgong,Jugong,Lamantine,Dewgong,Dewgong,ジュゴン,Jugon,쥬레곤,Jyuregon,白海獅,白海狮,Báihǎishī,dewgong
88,Grimer,Sleima,Tadmorv,Grimer,Grimer,ベトベター,Betobetā,질퍽이,Jilpeogi,臭泥,臭泥,Chòuní,grimer
89,Muk,Sleimok,Grotadmorv,Muk,Muk,ベトベトン,Betobeton,질뻐기,Jilppeogi,臭臭泥,臭臭泥,Chòuchòuní,muk
90,Shellder,Muschas,Kokiyas,Shellder,Shellder,シェルダー,Sherudā,셀러,Selleo,大舌貝,大舌贝,Dàshébèi,shellder
91,Cloyster,Austos,Crustabri,Cloyster,Cloyster,パルシェン,Parushen,파르셀,Pareusel,刺甲貝,刺甲贝,Cìjiǎbèi,cloyster
92,Gastly,Nebulak,Fantominus,Gastly,Gastly,ゴース,Gōsu,고오스,Gooseu,鬼斯,鬼斯,Guǐsī,gastly
93,Haunter,Alpollo,Spectrum,Haunter,Haunter,ゴースト,Gōsuto,고우스트,Gouseuteu,鬼斯通,鬼斯通,Guǐsītōng,haunter
94,Gengar,Gengar,Ectoplasma,Gengar,Gengar,ゲンガー,Gengā,팬텀,Paenteom,耿鬼,耿鬼,Gěngguǐ,gengar
95,Onix,Onix,Onix,Onix,Onix,イワーク,Iwāku,롱스톤,Rongseuton,大岩蛇,大岩蛇,Dàyánshé,onix
96,Drowzee,Traumato,Soporifik,Drowzee,Drowzee,スリープ,Surīpu,슬리프,Seullipeu,催眠貘,催眠貘,Cuīmiánmò,drowzee
97,Hypno,Hypno,Hypnomade,Hypno,Hypno,スリーパー,Surīpā,슬리퍼,Seullipeo,引夢貘人,引梦貘人,Yǐnmèngmòrén,hypno
98,Krabby,Krabby,Krabby,Krabby,Krabby,クラブ,Kurabu,크랩,Keuraep,大鉗蟹,大钳蟹,Dàqiánxiè,krabby
99,Kingler,Kingler,Krabboss,Kingler,Kingler,キングラー,Kingurā,킹크랩,Kingkeuraep,巨鉗蟹,巨钳蟹,Jùqiánxiè,kingler
100,Voltorb,Voltobal,Voltorbe,Voltorb,Voltorb,ビリリダマ,Biriridama,찌리리공,Jjiririgong,霹靂電球,霹雳电球,Pīlìdiànqiú,voltorb
101,Electrode,Lektrobal,Électrode,Electrode,Electrode,マルマイン,Marumain,붐볼,Bumbol,頑皮雷彈,顽皮雷弹,Wánpíléidàn,electrode
102,Exeggcute,Owei,Noeunoeuf,Exeggcute,Exeggcute,タマタマ,Tamatama,아라리,Arari,蛋蛋,蛋蛋,Dàndàn,exeggcute
103,Exeggutor,Kokowei,Noadkoko,Exeggutor,Exeggutor,ナッシー,Nasshī,나시,Nasi,椰蛋樹,椰蛋树,Yédànshù,exeggutor
104,Cubone,Tragosso,Osselait,Cubone,Cubone,カラカラ,Karakara,탕구리,Tangguri,卡拉卡拉,卡拉卡拉,Kǎlākǎlā,cubone
105,Marowak,Knogga,Ossatueur,Marowak,Marowak,ガラガラ,Garagara,텅구리,Teongguri,嘎啦嘎啦,嘎啦嘎啦,Gālagāla,marowak
106,Hitmonlee,Kicklee,Kicklee,Hitmonlee,Hitmonlee,サワムラー,Sawamurā,시라소몬,Sirasomon,飛腿郎,飞腿郎,Fēituǐláng,hitmonlee
107,Hitmonchan,Nockchan,Tygnon,Hitmonchan,Hitmonchan,エビワラー,Ebiwarā,홍수몬,Hongsumon,快拳郎,快拳郎,Kuàiquánláng,hitmonchan
108,Lickitung,Schlurp,Excelangue,Lickitung,Lickitung,ベロリンガ,Beroringa,내루미,Naerumi,大舌頭,大舌头,Dàshétóu,lickitung
109,Koffing,Smogon,Smogo,Koffing,Koffing,ドガース,Dogāsu,또가스,Ttogaseu,瓦斯彈,瓦斯弹,Wǎsīdàn,koffing
110,Weezing,Smogmog,Smogogo,Weezing,Weezing,マタドガス,Matadogasu,또도가스,Ttodogaseu,雙彈瓦斯,双弹瓦斯,Shuāngdànwǎsī,weezing
111,Rhyhorn,Rihorn,Rhinocorne,Rhyhorn,Rhyhorn,サイホーン,Saihōn,뿔카노,Ppulkano,獨角犀牛,独角犀牛,Dújiǎoxīniú,rhyhorn
112,Rhydon,Rizeros,Rhinoféros,Rhydon,Rhydon,サイドン,Saidon,코뿌리,Koppuri,鑽角犀獸,钻角犀兽,Zuànjiǎoxīshòu,rhydon
113,Chansey,Chaneira,Leveinard,Chansey,Chansey,ラッキー,Rakkī,럭키,Reokki,吉利蛋,吉利蛋,Jílìdàn,chansey
114,Tangela,Tangela,Saquedeneu,Tangela,Tangela,モンジャラ,Monjara,덩쿠리,Deongkuri,蔓藤怪,蔓藤怪,Mànténgguài,tangela
115,Kangaskhan,Kangama,Kangourex,Kangaskhan,Kangaskhan,ガルーラ,Garūra,캥카,Kaengka,袋獸,袋兽,Dàishòu,kangaskhan
116,Horsea,Seeper,Hypotrempe,Horsea,Horsea,タッツー,Tattsū,쏘드라,Ssodeura,墨海馬,墨海马,Mòhǎimǎ,horsea
117,Seadra,Seemon,Hypocéan,Seadra,Seadra,シードラ,Shīdora,시드라,Sideura,海刺龍,海刺龙,Hǎicìlóng,seadra
118,Goldeen,Goldini,Poissirène,Goldeen,Goldeen,トサキント,Tosakinto,콘치,Konchi,角金魚,角金鱼,Jiǎojīnyú,goldeen
119,Seaking,Golking,Poissoroy,Seaking,Seaking,アズマオウ,Azumaō,왕콘치,Wangkonchi,金魚王,金鱼王,Jīnyúwáng,seaking
120,Staryu,Sterndu,Stari,Staryu,Staryu,ヒトデマン,Hitodeman,별가사리,Byeolgasari,海星星,海星星,Hǎixīngxīng,staryu
121,Starmie,Starmie,Staross,Starmie,Starmie,スターミー,Sutāmī,아쿠스타,Akuseuta,寶石海星,宝石海星,Bǎoshíhǎixīng,starmie
122,Mr. Mime,Pantimos,M. Mime,Mr. Mime,Mr. Mime,バリヤード,Bariyādo,마임맨,Maimmaen,魔牆人偶,魔墙人偶,Móqiángrénǒu,mr-mime
123,Scyther,Sichlor,Insécateur,Scyther,Scyther,ストライク,Sutoraiku,스라크,Seurakeu,飛天螳螂,飞天螳螂,Fēitiāntángláng,scyther
124,Jynx,Rossana,Lippoutou,Jynx,Jynx,ルージュラ,Rūjura,루주라,Rujura,迷唇姐,迷唇姐,Míchúnjiě,jynx
125,Electabuzz,Elektek,Élektek,Electabuzz,Electabuzz,エレブー,Erebū,에레브,Erebeu,電擊獸,电击兽,Diànjíshòu,electabuzz
126,Magmar,Magmar,Magmar,Magmar,Magmar,ブーバー,Būbā,마그마,Mageuma,鴨嘴火獸,鸭嘴火兽,Yāzuǐhuǒshòu,magmar
127,Pinsir,Pinsir,Scarabrute,Pinsir,Pinsir,カイロス,Kairosu,쁘사이저,Ppeusaijeo,凱羅斯,凯罗斯,Kǎiluósī,pinsir
128,Tauros,Tauros,Tauros,Tauros,Tauros,ケンタロス,Kentarosu,켄타로스,Kentaroseu,肯泰羅,肯泰罗,Kěntàiluó,tauros
129,Magikarp,Karpador,Magicarpe,Magikarp,Magikarp,コイキング,Koikingu,잉어킹,Ingeoking,鯉魚王,鲤鱼王,Lǐyúwáng,magikarp
130,Gyarados,Garados,Léviator,Gyarados,Gyarados,ギャラドス,Gyaradosu,갸라도스,Gyaradoseu,暴鯉龍,暴鲤龙,Bàolǐlóng,gyarados
131,Lapras,Lapras,Lokhlass,Lapras,Lapras,ラプラス,Rapurasu,라프라스,Rapeuraseu,拉普拉斯,拉普拉斯,Lāpǔlāsī,lapras
132,Ditto,Ditto,Métamorph,Ditto,Ditto,メタモン,Metamon,메타몽,Metamong,百變怪,百变怪,Bǎibiànguài,ditto
133,Eevee,Evoli,Évoli,Eevee,Eevee,イーブイ,Ībui,이브이,Ibeui,伊布,伊布,Yībù,eevee
134,Vaporeon,Aquana,Aquali,Vaporeon,Vaporeon,シャワーズ,Shawāzu,샤미드,Syamideu,水伊布,水伊布,Shuǐyībù,vaporeon
135,Jolteon,Blitza,Voltali,Jolteon,Jolteon,サンダース,Sandāsu,쥬피썬더,Jyupisseondeo,雷伊布,雷伊布,Léiyībù,jolteon
136,Flareon,Flamara,Pyroli,Flareon,Flareon,ブースター,Būsutā,부스터,Buseuteo,火伊布,火伊布,Huǒyībù,flareon
137,Porygon,Porygon,Porygon,Porygon,Porygon,ポリゴン,Porigon,폴리곤,Polligon,多邊獸,多边兽,Duōbiānshòu,porygon
138,Omanyte,Amonitas,Amonita,Omanyte,Omanyte,オムナイト,Omunaito,암나이트,Amnaiteu,菊石獸,菊石兽,Júshíshòu,omanyte
139,Omastar,Amoroso,Amonistar,Omastar,Omastar,オムスター,Omusutā,암스타,Amseuta,多刺菊石獸,多刺菊石兽,Duōcìjúshíshòu,omastar
140,Kabuto,Kabuto,Kabuto,Kabuto,Kabuto,カブト,Kabuto,투구,Tugu,化石盔,化石盔,Huàshíkuī,kabuto
141,Kabutops,Kabutops,Kabutops,Kabutops,Kabutops,カブトプス,Kabutopusu,투구푸스,Tugupuseu,鐮刀盔,镰刀盔,Liándāokuī,kabutops
142,Aerodactyl,Aerodactyl,Ptéra,Aerodactyl,Aerodactyl,プテラ,Putera,프테라,Peutera,化石翼龍,化石翼龙,Huàshíyìlóng,aerodactyl
143,Snorlax,Relaxo,Ronflex,Snorlax,Snorlax,カビゴン,Kabigon,잠만보,Jammanbo,卡比獸,卡比兽,Kǎbǐshòu,snorlax
144,Articuno,Arktos,Artikodin,Articuno,Articuno,フリーザー,Furīzā,프리져,Peurijyeo,急凍鳥,急冻鸟,Jídòngniǎo,articuno
145,Zapdos,Zapdos,Électhor,Zapdos,Zapdos,サンダー,Sandā,썬더,Sseondeo,閃電鳥,闪电鸟,Shǎndiànniǎo,zapdos
146,Moltres,Lavados,Sulfura,Moltres,Moltres,ファイヤー,Faiyā,파이어,Paieo,火焰鳥,火焰鸟,Huǒyànniǎo,moltres
147,Dratini,Dratini,Minidraco,Dratini,Dratini,ミニリュウ,Miniryū,미뇽,Minyong,迷你龍,迷你龙,Mínǐlóng,dratini
148,Dragonair,Dragonir,Draco,Dragonair,Dragonair,ハクリュー,Hakuryū,신뇽,Sinnyong,哈克龍,哈克龙,Hākèlóng,dragonair
149,Dragonite,Dragoran,Dracolosse,Dragonite,Dragonite,カイリュー,Kairyū,망나뇽,Mangnanyong,快龍,快龙,Kuàilóng,dragonite
150,Mewtwo,Mewtu,Mewtwo,Mewtwo,Mewtwo,ミュウツー,Myūtsū,뮤츠,Myucheu,超夢,超梦,Chāomèng,mewtwo
151,Mew,Mew,Mew,Mew,Mew,ミュウ,Myū,뮤,Myu,夢幻,梦幻,Mènghuàn,mew
152,Chikorita,Endivie,Germignon,Chikorita,Chikorita,チコリータ,Chikorīta,치코리타,Chikorita,菊草葉,菊草叶,Júcǎoyè,chikorita
153,Bayleef,Lorblatt,Macronium,Bayleef,Bayleef,ベイリーフ,Beirīfu,베이리프,Beiripeu,月桂葉,月桂叶,Yuèguìyè,bayleef
154,Meganium,Meganie,Méganium,Meganium,Meganium,メガニウム,Meganiumu,메가니움,Meganium,大竺葵,大竺葵,Dàzhúkuí,meganium
155,Cyndaquil,Feurigel,Héricendre,Cyndaquil,Cyndaquil,ヒノアラシ,Hinoarashi,브케인,Beukein,火球鼠,火球鼠,Huǒqiúshǔ,cyndaquil
156,Quilava,Igelavar,Feurisson,Quilava,Quilava,マグマラシ,Magumarashi,마그케인,Mageukein,火岩鼠,火岩鼠,Huǒyánshǔ,quilava
157,Typhlosion,Tornupto,Typhlosion,Typhlosion,Typhlosion,バクフーン,Bakufūn,블레이범,Beulleibeom,火爆獸,火暴兽,Huǒbàoshòu,typhlosion
158,Totodile,Karnimani,Kaiminus,Totodile,Totodile,ワニノコ,Waninoko,리아코,Riako,小鋸鱷,小锯鳄,Xiǎojù'è,totodile
159,Croconaw,Tyracroc,Crocrodil,Croconaw,Croconaw,アリゲイツ,Arigeitsu,엘리게이,Elligei,藍鱷,蓝鳄,Lán'è,croconaw
160,Feraligatr,Impergator,Aligatueur,Feraligatr,Feraligatr,オーダイル,Ōdairu,장크로다일,Jangkeurodail,大力鱷,大力鳄,Dàlì'è,feraligatr
161,Sentret,Wiesor,Fouinette,Sentret,Sentret,オタチ,Otachi,꼬리선,Kkoriseon,尾立,尾立,Wěilì,sentret
162,Furret,Wiesenior,Fouinar,Furret,Furret,オオタチ,Ōtachi,다꼬리,Dakkori,大尾立,大尾立,Dàwěilì,furret
163,Hoothoot,Hoothoot,Hoothoot,Hoothoot,Hoothoot,ホーホー,Hōhō,부우부,Buubu,咕咕,咕咕,Gūgū,hoothoot
164,Noctowl,Noctuh,Noarfang,Noctowl,Noctowl,ヨルノズク,Yorunozuku,야부엉,Yabueong,貓頭夜鷹,猫头夜鹰,Māotóuyèyīng,noctowl
165,Ledyba,Ledyba,Coxy,Ledyba,Ledyba,レディバ,Rediba,레디바,Rediba,芭瓢蟲,芭瓢虫,Bāpiáochóng,ledyba
166,Ledian,Ledian,Coxyclaque,Ledian,Ledian,レディアン,Redian,레디안,Redian,安瓢蟲,安瓢虫,Ānpiáochóng,ledian
167,Spinarak,Webarak,Mimigal,Spinarak,Spinarak,イトマル,Itomaru,페이검,Peigeom,圓絲蛛,圆丝蛛,Yuánsīzhū,spinarak
168,Ariados,Ariados,Migalos,Ariados,Ariados,アリアドス,Ariadosu,아리아도스,Ariadoseu,阿利多斯,阿利多斯,Ālìduōsī,ariados
169,Crobat,Iksbat,Nostenfer,Crobat,Crobat,クロバット,Kurobatto,크로뱃,Keurobaet,叉字蝠,叉字蝠,Chāzìfú,crobat
170,Chinchou,Lampi,Loupio,Chinchou,Chinchou,チョンチー,Chonchī,초라기,Choragi,燈籠魚,灯笼鱼,Dēnglóngyú,chinchou
171,Lanturn,Lanturn,Lanturn,Lanturn,Lanturn,ランターン,Rantān,랜턴,Raenteon,電燈怪,电灯怪,Diàndēngguài,lanturn
172,Pichu,Pichu,Pichu,Pichu,Pichu,ピチュー,Pichū,피츄,Pichyu,皮丘,皮丘,Píqiū,pichu
173,Cleffa,Pii,Mélo,Cleffa,Cleffa,ピィ,Pī,삐,Ppi,皮寶寶,皮宝宝,Píbǎobao,cleffa
174,Igglybuff,Fluffeluff,Toudoudou,Igglybuff,Igglybuff,ププリン,Pupurin,푸푸린,Pupurin,寶寶丁,宝宝丁,Bǎobaodīng,igglybuff
175,Togepi,Togepi,Togepi,Togepi,Togepi,トゲピー,Togepī,토게피,Togepi,波克比,波克比,Bōkèbǐ,togepi
176,Togetic,Togetic,Togetic,Togetic,Togetic,トゲチック,Togechikku,토게틱,Togetik,波克基古,波克基古,Bōkèjīgǔ,togetic
177,Natu,Natu,Natu,Natu,Natu,ネイティ,Neiti,네이티,Neiti,天然雀,天然雀,Tiānránquè,natu
178,Xatu,Xatu,Xatu,Xatu,Xatu,ネイティオ,Neitio,네이티오,Neitio,天然鳥,天然鸟,Tiānránniǎo,xatu
179,Mareep,Voltilamm,Wattouat,Mareep,Mareep,メリープ,Merīpu,메리프,Meripeu,咩利羊,咩利羊,Miēlìyáng,mareep
180,Flaaffy,Waaty,Lainergie,Flaaffy,Flaaffy,モココ,Mokoko,보송송,Bosongsong,茸茸羊,茸茸羊,Róngróngyáng,flaaffy
181,Ampharos,Ampharos,Pharamp,Ampharos,Ampharos,デンリュウ,Denryū,전룡,Jeonnyong,電龍,电龙,Diànlóng,ampharos
182,Bellossom,Blubella,Joliflor,Bellossom,Bellossom,キレイハナ,Kireihana,아르코,Areuko,美麗花,美丽花,Měilìhuā,bellossom
183,Marill,Marill,Marill,Marill,Marill,マリル,Mariru,마릴,Maril,瑪力露,玛力露,Mǎlìlù,marill
184,Azumarill,Azumarill,Azumarill,Azumarill,Azumarill,マリルリ,Mariruri,마릴리,Marilli,瑪力露麗,玛力露丽,Mǎlìlùlì,azumarill
185,Sudowoodo,Mogelbaum,Simularbre,Sudowoodo,Sudowoodo,ウソッキー,Usokkī,꼬지모,Kkojimo,樹才怪,树才怪‎,Shùcáiguài,sudowoodo
186,Politoed,Quaxo,Tarpaud,Politoed,Politoed,ニョロトノ,Nyorotono,왕구리,Wangguri,蚊香蛙皇,蚊香蛙皇,Wénxiāngwāhuáng,politoed
187,Hoppip,Hoppspross,Granivol,Hoppip,Hoppip,ハネッコ,Hanekko,통통코,Tongtongko,毽子草,毽子草,Jiànzǐcǎo,hoppip
188,Skiploom,Hubelupf,Floravol,Skiploom,Skiploom,ポポッコ,Popokko,두코,Duko,毽子花,毽子花,Jiànzǐhuā,skiploom
189,Jumpluff,Papungha,Cotovol,Jumpluff,Jumpluff,ワタッコ,Watakko,솜솜코,Somsomko,毽子棉,毽子棉,Jiànzǐmián,jumpluff
190,Aipom,Griffel,Capumain,Aipom,Aipom,エイパム,Eipamu,에이팜,Eipam,長尾怪手,长尾怪手,Chángwěiguàishǒu,aipom
191,Sunkern,Sonnkern,Tournegrin,Sunkern,Sunkern,ヒマナッツ,Himanattsu,해너츠,Haeneocheu,向日種子,向日种子,Xiàngrìzhǒngzǐ,sunkern
192,Sunflora,Sonnflora,Héliatronc,Sunflora,Sunflora,キマワリ,Kimawari,해루미,Haerumi,向日花怪,向日花怪,Xiàngrìhuāguài,sunflora
193,Yanma,Yanma,Yanma,Yanma,Yanma,ヤンヤンマ,Yan'yanma,왕자리,Wangjari,蜻蜻蜓,蜻蜻蜓,Qīngqīngtíng,yanma
194,Wooper,Felino,Axoloto,Wooper,Wooper,ウパー,Upā,우파,Upa,烏波,乌波,Wūbō,wooper
195,Quagsire,Morlord,Maraiste,Quagsire,Quagsire,ヌオー,Nuō,누오,Nuo,沼王,沼王,Zhǎowáng,quagsire
196,Espeon,Psiana,Mentali,Espeon,Espeon,エーフィ,Ēfi,에브이,Ebeui,太陽伊布,太阳伊布,Tàiyángyībù,espeon
197,Umbreon,Nachtara,Noctali,Umbreon,Umbreon,ブラッキー,Burakkī,블래키,Beullaeki,月亮伊布,月亮伊布,Yuèliàngyībù,umbreon
198,Murkrow,Kramurx,Cornèbre,Murkrow,Murkrow,ヤミカラス,Yamikarasu,니로우,Nirou,黑暗鴉,黑暗鸦,Hēi'ànyā,murkrow
199,Slowking,Laschoking,Roigada,Slowking,Slowking,ヤドキング,Yadokingu,야도킹,Yadoking,呆呆王,呆呆王,Dāidāiwáng,slowking
200,Misdreavus,Traunfugil,Feuforêve,Misdreavus,Misdreavus,ムウマ,Mūma,무우마,Muuma,夢妖,梦妖,Mèngyāo,misdreavus
201,Unown,Icognito,Zarbi,Unown,Unown,アンノーン,Annōn,안농,Annong,未知圖騰,未知图腾,Wèizhītúténg,unown
202,Wobbuffet,Woingenau,Qulbutoké,Wobbuffet,Wobbuffet,ソーナンス,Sōnansu,마자용,Majayong,果然翁,果然翁,Guǒránwēng,wobbuffet
203,Girafarig,Girafarig,Girafarig,Girafarig,Girafarig,キリンリキ,Kirinriki,키링키,Kiringki,麒麟奇,麒麟奇,Qílínqí,girafarig
204,Pineco,Tannza,Pomdepik,Pineco,Pineco,クヌギダマ,Kunugidama,피콘,Pikon,榛果球,榛果球,Zhēnguǒqiú,pineco
205,Forretress,Forstellka,Foretress,Forretress,Forretress,フォレトス,Foretosu,쏘콘,Ssokon,佛烈托斯,佛烈托斯,Fúliètuōsī,forretress
206,Dunsparce,Dummisel,Insolourdo,Dunsparce,Dunsparce,ノコッチ,Nokotchi,노고치,Nogochi,土龍弟弟,土龙弟弟,Tǔlóngdìdì,dunsparce
207,Gligar,Skorgla,Scorplane,Gligar,Gligar,グライガー,Guraigā,글라이거,Geullaigeo,天蠍,天蝎,Tiānxiē,gligar
208,Steelix,Stahlos,Steelix,Steelix,Steelix,ハガネール,Haganēru,강철톤,Gangcheolton,大鋼蛇,大钢蛇,Dàgāngshé,steelix
209,Snubbull,Snubbull,Snubbull,Snubbull,Snubbull,ブルー,Burū,블루,Beullu,布魯,布鲁,Bùlú,snubbull
210,Granbull,Granbull,Granbull,Granbull,Granbull,グランブル,Guranburu,그랑블루,Geurangbeullu,布魯皇,布鲁皇,Bùlǔhuáng,granbull
211,Qwilfish,Baldorfish,Qwilfish,Qwilfish,Qwilfish,ハリーセン,Harīsen,침바루,Chimbaru,千針魚,千针鱼,Qiānzhēnyú,qwilfish
212,Scizor,Scherox,Cizayox,Scizor,Scizor,ハッサム,Hassamu,핫삼,Hatsam,巨鉗螳螂,巨钳螳螂,Jùqiántángláng,scizor
213,Shuckle,Pottrott,Caratroc,Shuckle,Shuckle,ツボツボ,Tsubotsubo,단단지,Dandanji,壺壺,壶壶,Húhú,shuckle
214,Heracross,Skaraborn,Scarhino,Heracross,Heracross,ヘラクロス,Herakurosu,헤라크로스,Herakeuroseu,赫拉克羅斯,赫拉克罗斯,Hèlākèluósī,heracross
215,Sneasel,Sniebel,Farfuret,Sneasel,Sneasel,ニューラ,Nyūra,포푸니,Popuni,狃拉,狃拉,Niǔlā,sneasel
216,Teddiursa,Teddiursa,Teddiursa,Teddiursa,Teddiursa,ヒメグマ,Himeguma,깜지곰,Kkamjigom,熊寶寶,熊宝宝,Xióngbǎobao,teddiursa
217,Ursaring,Ursaring,Ursaring,Ursaring,Ursaring,リングマ,Ringuma,링곰,Ringgom,圈圈熊,圈圈熊,Quānquānxióng,ursaring
218,Slugma,Schneckmag,Limagma,Slugma,Slugma,マグマッグ,Magumaggu,마그마그,Mageumageu,熔岩蟲,熔岩虫,Róngyánchóng,slugma
219,Magcargo,Magcargo,Volcaropod,Magcargo,Magcargo,マグカルゴ,Magukarugo,마그카르고,Mageukareugo,熔岩蝸牛,熔岩蜗牛,Róngyánguāniú,magcargo
220,Swinub,Quiekel,Marcacrin,Swinub,Swinub,ウリムー,Urimū,꾸꾸리,Kkukkuri,小山豬,小山猪,Xiǎoshānzhū,swinub
221,Piloswine,Keifel,Cochignon,Piloswine,Piloswine,イノムー,Inomū,메꾸리,Mekkuri,長毛豬,长毛猪,Chángmáozhū,piloswine
222,Corsola,Corasonn,Corayon,Corsola,Corsola,サニーゴ,Sanīgo,코산호,Kosanho,太陽珊瑚,太阳珊瑚,Tàiyángshānhú,corsola
223,Remoraid,Remoraid,Rémoraid,Remoraid,Remoraid,テッポウオ,Teppouo,총어,Chongeo,鐵炮魚,铁炮鱼,Tiěpàoyú,remoraid
224,Octillery,Octillery,Octillery,Octillery,Octillery,オクタン,Okutan,대포무노,Daepomuno,章魚桶,章鱼桶,Zhāngyútǒng,octillery
225,Delibird,Botogel,Cadoizo,Delibird,Delibird,デリバード,Deribādo,딜리버드,Dillibeodeu,信使鳥,信使鸟,Xìnshǐniǎo,delibird
226,Mantine,Mantax,Démanta,Mantine,Mantine,マンタイン,Mantain,만타인,Mantain,巨翅飛魚,巨翅飞鱼,Jùchìfēiyú,mantine
227,Skarmory,Panzaeron,Airmure,Skarmory,Skarmory,エアームド,Eāmudo,무장조,Mujangjo,盔甲鳥,盔甲鸟,Kuījiǎniǎo,skarmory
228,Houndour,Hunduster,Malosse,Houndour,Houndour,デルビル,Derubiru,델빌,Delbil,戴魯比,戴鲁比,Dàilǔbǐ,houndour
229,Houndoom,Hundemon,Démolosse,Houndoom,Houndoom,ヘルガー,Herugā,헬가,Helga,黑魯加,黑鲁加,Hēilǔjiā,houndoom
230,Kingdra,Seedraking,Hyporoi,Kingdra,Kingdra,キングドラ,Kingudora,킹드라,Kingdeura,刺龍王,刺龙王,Cìlóngwáng,kingdra
231,Phanpy,Phanpy,Phanpy,Phanpy,Phanpy,ゴマゾウ,Gomazō,코코리,Kokori,小小象,小小象,Xiǎoxiǎoxiàng,phanpy
232,Donphan,Donphan,Donphan,Donphan,Donphan,ドンファン,Donfan,코리갑,Korigap,頓甲,顿甲,Dùnjiǎ,donphan
233,Porygon2,Porygon2,Porygon2,Porygon2,Porygon2,ポリゴン２,Porigon Tsū,폴리곤2,Polligontu,多邊獸Ⅱ,多边兽２型,Duōbiānshòu-II,porygon2
234,Stantler,Damhirplex,Cerfrousse,Stantler,Stantler,オドシシ,Odoshishi,노라키,Noraki,驚角鹿,惊角鹿,Jīngjiǎolù,stantler
235,Smeargle,Farbeagle,Queulorior,Smeargle,Smeargle,ドーブル,Dōburu,루브도,Rubeudo,圖圖犬,图图犬,Tútúquǎn,smeargle
236,Tyrogue,Rabauz,Debugant,Tyrogue,Tyrogue,バルキー,Barukī,배루키,Baeruki,無畏小子,无畏小子,Wúwèixiǎozi,tyrogue
237,Hitmontop,Kapoera,Kapoera,Hitmontop,Hitmontop,カポエラー,Kapoerā,카포에라,Kapoera,戰舞郎,战舞郎,Zhànwǔláng,hitmontop
238,Smoochum,Kussilla,Lippouti,Smoochum,Smoochum,ムチュール,Muchūru,뽀뽀라,Ppoppora,迷唇娃,迷唇娃,Míchúnwá,smoochum
239,Elekid,Elekid,Élekid,Elekid,Elekid,エレキッド,Erekiddo,에레키드,Erekideu,電擊怪,电击怪,Diànjíguài,elekid
240,Magby,Magby,Magby,Magby,Magby,ブビィ,Bubī,마그비,Mageubi,鴨嘴寶寶,鸭嘴宝宝,Yāzuǐbǎobao,magby
241,Miltank,Miltank,Écrémeuh,Miltank,Miltank,ミルタンク,Mirutanku,밀탱크,Miltaengkeu,大奶罐,大奶罐,Dànǎiguàn,miltank
242,Blissey,Heiteira,Leuphorie,Blissey,Blissey,ハピナス,Hapinasu,해피너스,Haepineoseu,幸福蛋,幸福蛋,Xìngfúdàn,blissey
243,Raikou,Raikou,Raikou,Raikou,Raikou,ライコウ,Raikō,라이코,Raiko,雷公,雷公,Léigōng,raikou
244,Entei,Entei,Entei,Entei,Entei,エンテイ,Entei,앤테이,Aentei,炎帝,炎帝,Yándì,entei
245,Suicune,Suicune,Suicune,Suicune,Suicune,スイクン,Suikun,스이쿤,Seuikun,水君,水君,Shuǐjūn,suicune
246,Larvitar,Larvitar,Embrylex,Larvitar,Larvitar,ヨーギラス,Yōgirasu,애버라스,Aebeoraseu,幼基拉斯,幼基拉斯,Yòujīlāsī,larvitar
247,Pupitar,Pupitar,Ymphect,Pupitar,Pupitar,サナギラス,Sanagirasu,데기라스,Degiraseu,沙基拉斯,沙基拉斯,Shājīlāsī,pupitar
248,Tyranitar,Despotar,Tyranocif,Tyranitar,Tyranitar,バンギラス,Bangirasu,마기라스,Magiraseu,班基拉斯,班基拉斯,Bānjīlāsī,tyranitar
249,Lugia,Lugia,Lugia,Lugia,Lugia,ルギア,Rugia,루기아,Rugia,洛奇亞,洛奇亚,Luòqíyǎ,lugia
250,Ho-Oh,Ho-Oh,Ho-Oh,Ho-Oh,Ho-Oh,ホウオウ,Hōō,칠색조,Chilsaekjo,鳳王,凤王,Fèngwáng,ho-oh
251,Celebi,Celebi,Celebi,Celebi,Celebi,セレビィ,Serebī,세레비,Serebi,時拉比,时拉比,Shílābǐ,celebi
252,Treecko,Geckarbor,Arcko,Treecko,Treecko,キモリ,Kimori,나무지기,Namujigi,木守宮,木守宫,Mùshǒugōng,treecko
253,Grovyle,Reptain,Massko,Grovyle,Grovyle,ジュプトル,Juputoru,나무돌이,Namudori,森林蜥蜴,森林蜥蜴,Sēnlínxīyì,grovyle
254,Sceptile,Gewaldro,Jungko,Sceptile,Sceptile,ジュカイン,Jukain,나무킹,Namuking,蜥蜴王,蜥蜴王,Xīyìwáng,sceptile
255,Torchic,Flemmli,Poussifeu,Torchic,Torchic,アチャモ,Achamo,아차모,Achamo,火稚雞,火稚鸡,Huǒzhìjī,torchic
256,Combusken,Jungglut,Galifeu,Combusken,Combusken,ワカシャモ,Wakashamo,영치코,Yeongchiko,力壯雞,力壮鸡,Lìzhuàngjī,combusken
257,Blaziken,Lohgock,Braségali,Blaziken,Blaziken,バシャーモ,Bashāmo,번치코,Beonchiko,火焰雞,火焰鸡,Huǒyànjī,blaziken
258,Mudkip,Hydropi,Gobou,Mudkip,Mudkip,ミズゴロウ,Mizugorō,물짱이,Muljjangi,水躍魚,水跃鱼,Shuǐyuèyú,mudkip
259,Marshtomp,Moorabbel,Flobio,Marshtomp,Marshtomp,ヌマクロー,Numakurō,늪짱이,Neupjjangi,沼躍魚,沼跃鱼,Zhǎoyuèyú,marshtomp
260,Swampert,Sumpex,Laggron,Swampert,Swampert,ラグラージ,Ragurāji,대짱이,Daejjangi,巨沼怪,巨沼怪,Jùzhǎoguài,swampert
261,Poochyena,Fiffyen,Medhyèna,Poochyena,Poochyena,ポチエナ,Pochiena,포챠나,Pochyana,土狼犬,土狼犬,Tǔlángquǎn,poochyena
262,Mightyena,Magnayen,Grahyèna,Mightyena,Mightyena,グラエナ,Guraena,그라에나,Geuraena,大狼犬,大狼犬,Dàlángquǎn,mightyena
263,Zigzagoon,Zigzachs,Zigzaton,Zigzagoon,Zigzagoon,ジグザグマ,Jiguzaguma,지그제구리,Jigeujeguri,蛇紋熊,蛇纹熊,Shéwénxióng,zigzagoon
264,Linoone,Geradaks,Linéon,Linoone,Linoone,マッスグマ,Massuguma,직구리,Jikguri,直衝熊,直冲熊,Zhíchōngxióng,linoone
265,Wurmple,Waumpel,Chenipotte,Wurmple,Wurmple,ケムッソ,Kemusso,개무소,Gaemuso,刺尾蟲,刺尾虫,Cìwěichóng,wurmple
266,Silcoon,Schaloko,Armulys,Silcoon,Silcoon,カラサリス,Karasarisu,실쿤,Silkun,甲殼繭,甲壳茧,Jiǎkéjiǎn,silcoon
267,Beautifly,Papinella,Charmillon,Beautifly,Beautifly,アゲハント,Agehanto,뷰티플라이,Byutipeullai,狩獵鳳蝶,狩猎凤蝶,Shòulièfèngdié,beautifly
268,Cascoon,Panekon,Blindalys,Cascoon,Cascoon,マユルド,Mayurudo,카스쿤,Kaseukun,盾甲繭,盾甲茧,Dùnjiǎjiǎn,cascoon
269,Dustox,Pudox,Papinox,Dustox,Dustox,ドクケイル,Dokukeiru,독케일,Dokkeil,毒粉蛾,毒粉蛾,Dúfěn'é,dustox
270,Lotad,Loturzel,Nénupiot,Lotad,Lotad,ハスボー,Hasubō,연꽃몬,Yeonkkonmon,蓮葉童子,莲叶童子,Liányètóngzǐ,lotad
271,Lombre,Lombrero,Lombre,Lombre,Lombre,ハスブレロ,Hasuburero,로토스,Rotoseu,蓮帽小童,莲帽小童,Liánmàoxiǎotóng,lombre
272,Ludicolo,Kappalores,Ludicolo,Ludicolo,Ludicolo,ルンパッパ,Runpappa,로파파,Ropapa,樂天河童,乐天河童,Lètiānhétóng,ludicolo
273,Seedot,Samurzel,Grainipiot,Seedot,Seedot,タネボー,Tanebō,도토링,Dotoring,橡實果,橡实果,Xiàngshíguǒ,seedot
274,Nuzleaf,Blanas,Pifeuil,Nuzleaf,Nuzleaf,コノハナ,Konohana,잎새코,Ipsaeko,長鼻葉,长鼻叶,Chángbíyè,nuzleaf
275,Shiftry,Tengulist,Tengalice,Shiftry,Shiftry,ダーテング,Dātengu,다탱구,Dataenggu,狡猾天狗,狡猾天狗,Jiǎohuátiāngǒu,shiftry
276,Taillow,Schwalbini,Nirondelle,Taillow,Taillow,スバメ,Subame,테일로,Teillo,傲骨燕,傲骨燕,Àogǔyàn,taillow
277,Swellow,Schwalboss,Hélédelle,Swellow,Swellow,オオスバメ,Ōsubame,스왈로,Seuwallo,大王燕,大王燕,Dàwángyàn,swellow
278,Wingull,Wingull,Goélise,Wingull,Wingull,キャモメ,Kyamome,갈모매,Galmomae,長翅鷗,长翅鸥,Chángchì'ōu,wingull
279,Pelipper,Pelipper,Bekipan,Pelipper,Pelipper,ペリッパー,Perippā,패리퍼,Paeripeo,大嘴鷗,大嘴鸥,Dàzuǐ'ōu,pelipper
280,Ralts,Trasla,Tarsal,Ralts,Ralts,ラルトス,Rarutosu,랄토스,Raltoseu,拉魯拉絲,拉鲁拉丝,Lālǔlāsī,ralts
281,Kirlia,Kirlia,Kirlia,Kirlia,Kirlia,キルリア,Kiruria,킬리아,Killia,奇魯莉安,奇鲁莉安,Qílǔlì'ān,kirlia
282,Gardevoir,Guardevoir,Gardevoir,Gardevoir,Gardevoir,サーナイト,Sānaito,가디안,Gadian,沙奈朵,沙奈朵,Shānàiduǒ,gardevoir
283,Surskit,Gehweiher,Arakdo,Surskit,Surskit,アメタマ,Ametama,비구술,Bigusul,溜溜糖球,溜溜糖球,Liūliūtángqiú,surskit
284,Masquerain,Maskeregen,Maskadra,Masquerain,Masquerain,アメモース,Amemōsu,비나방,Binabang,雨翅蛾,雨翅蛾,Yǔchì'é,masquerain
285,Shroomish,Knilz,Balignon,Shroomish,Shroomish,キノココ,Kinokoko,버섯꼬,Beoseotkko,蘑蘑菇,蘑蘑菇,Mómógū,shroomish
286,Breloom,Kapilz,Chapignon,Breloom,Breloom,キノガッサ,Kinogassa,버섯모,Beoseonmo,斗笠菇,斗笠菇,Dǒulìgū,breloom
287,Slakoth,Bummelz,Parecool,Slakoth,Slakoth,ナマケロ,Namakero,게을로,Geeullo,懶人獺,懒人獭,Lǎnréntà,slakoth
288,Vigoroth,Muntier,Vigoroth,Vigoroth,Vigoroth,ヤルキモノ,Yarukimono,발바로,Balbaro,過動猿,过动猿,Guòdòngyuán,vigoroth
289,Slaking,Letarking,Monaflèmit,Slaking,Slaking,ケッキング,Kekkingu,게을킹,Geeulking,請假王,请假王,Qǐngjiàwáng,slaking
290,Nincada,Nincada,Ningale,Nincada,Nincada,ツチニン,Tsuchinin,토중몬,Tojungmon,土居忍士,土居忍士,Tǔjūrěnshì,nincada
291,Ninjask,Ninjask,Ninjask,Ninjask,Ninjask,テッカニン,Tekkanin,아이스크,Aiseukeu,鐵面忍者,铁面忍者,Tiěmiànrěnzhě,ninjask
292,Shedinja,Ninjatom,Munja,Shedinja,Shedinja,ヌケニン,Nukenin,껍질몬,Kkeopjilmon,脫殼忍者,脱壳忍者,Tuōkérěnzhě,shedinja
293,Whismur,Flurmel,Chuchmur,Whismur,Whismur,ゴニョニョ,Gonyonyo,소곤룡,Sogonnyong,咕妞妞,咕妞妞,Gūniūniū,whismur
294,Loudred,Krakeelo,Ramboum,Loudred,Loudred,ドゴーム,Dogōmu,노공룡,Nogongnyong,吼爆彈,吼爆弹,Hǒubàodàn,loudred
295,Exploud,Krawumms,Brouhabam,Exploud,Exploud,バクオング,Bakuongu,폭음룡,Pogeumnyong,爆音怪,爆音怪,Bàoyīnguài,exploud
296,Makuhita,Makuhita,Makuhita,Makuhita,Makuhita,マクノシタ,Makunoshita,마크탕,Makeutang,幕下力士,幕下力士,Mùxiàlìshì,makuhita
297,Hariyama,Hariyama,Hariyama,Hariyama,Hariyama,ハリテヤマ,Hariteyama,하리뭉,Harimung,鐵掌力士,铁掌力士,Tiězhǎnglìshì,hariyama
298,Azurill,Azurill,Azurill,Azurill,Azurill,ルリリ,Ruriri,루리리,Ruriri,露力麗,露力丽,Lùlìlì,azurill
299,Nosepass,Nasgnet,Tarinor,Nosepass,Nosepass,ノズパス,Nozupasu,코코파스,Kokopaseu,朝北鼻,朝北鼻,Cháoběibí,nosepass
300,Skitty,Eneco,Skitty,Skitty,Skitty,エネコ,Eneko,에나비,Enabi,向尾喵,向尾喵,Xiàngwěimiāo,skitty
301,Delcatty,Enekoro,Delcatty,Delcatty,Delcatty,エネコロロ,Enekororo,델케티,Delketi,優雅貓,优雅猫,Yōuyǎmāo,delcatty
302,Sableye,Zobiris,Ténéfix,Sableye,Sableye,ヤミラミ,Yamirami,깜까미,Kkamkkami,勾魂眼,勾魂眼,Gōuhúnyǎn,sableye
303,Mawile,Flunkifer,Mysdibule,Mawile,Mawile,クチート,Kuchīto,입치트,Ipchiteu,大嘴娃,大嘴娃,Dàzuǐwá,mawile
304,Aron,Stollunior,Galekid,Aron,Aron,ココドラ,Kokodora,가보리,Gabori,可可多拉,可可多拉,Kěkěduōlā,aron
305,Lairon,Stollrak,Galegon,Lairon,Lairon,コドラ,Kodora,갱도라,Gaengdora,可多拉,可多拉,Kěduōlā,lairon
306,Aggron,Stolloss,Galeking,Aggron,Aggron,ボスゴドラ,Bosugodora,보스로라,Boseurora,波士可多拉,波士可多拉,Bōshìkěduōlā,aggron
307,Meditite,Meditie,Méditikka,Meditite,Meditite,アサナン,Asanan,요가랑,Yogarang,瑪沙那,玛沙那,Mǎshānà,meditite
308,Medicham,Meditalis,Charmina,Medicham,Medicham,チャーレム,Chāremu,요가램,Yogaraem,恰雷姆,恰雷姆,Qiàléimǔ,medicham
309,Electrike,Frizelbliz,Dynavolt,Electrike,Electrike,ラクライ,Rakurai,썬더라이,Sseondeorai,落雷獸,落雷兽,Luòléishòu,electrike
310,Manectric,Voltenso,Élecsprint,Manectric,Manectric,ライボルト,Raiboruto,썬더볼트,Sseondeobolteu,雷電獸,雷电兽,Léidiànshòu,manectric
311,Plusle,Plusle,Posipi,Plusle,Plusle,プラスル,Purasuru,플러시,Peulleosi,正電拍拍,正电拍拍,Zhèngdiànpāipāi,plusle
312,Minun,Minun,Négapi,Minun,Minun,マイナン,Mainan,마이농,Mainong,負電拍拍,负电拍拍,Fùdiànpāipāi,minun
313,Volbeat,Volbeat,Muciole,Volbeat,Volbeat,バルビート,Barubīto,볼비트,Bolbiteu,電螢蟲,电萤虫,Diànyíngchóng,volbeat
314,Illumise,Illumise,Lumivole,Illumise,Illumise,イルミーゼ,Irumīze,네오비트,Neobiteu,甜甜螢,甜甜萤,Tiántiányíng,illumise
315,Roselia,Roselia,Rosélia,Roselia,Roselia,ロゼリア,Rozeria,로젤리아,Rojellia,毒薔薇,毒蔷薇,Dúqiángwéi,roselia
316,Gulpin,Schluppuck,Gloupti,Gulpin,Gulpin,ゴクリン,Gokurin,꼴깍몬,Kkolkkangmon,溶食獸,溶食兽,Róngshíshòu,gulpin
317,Swalot,Schlukwech,Avaltout,Swalot,Swalot,マルノーム,Marunōmu,꿀꺽몬,Kkulkkeongmon,吞食獸,吞食兽,Tūnshíshòu,swalot
318,Carvanha,Kanivanha,Carvanha,Carvanha,Carvanha,キバニア,Kibania,샤프니아,Syapeunia,利牙魚,利牙鱼,Lìyáyú,carvanha
319,Sharpedo,Tohaido,Sharpedo,Sharpedo,Sharpedo,サメハダー,Samehadā,샤크니아,Syakeunia,巨牙鯊,巨牙鲨,Jùyáshā,sharpedo
320,Wailmer,Wailmer,Wailmer,Wailmer,Wailmer,ホエルコ,Hoeruko,고래왕자,Goraewangja,吼吼鯨,吼吼鲸,Hǒuhǒujīng,wailmer
321,Wailord,Wailord,Wailord,Wailord,Wailord,ホエルオー,Hoeruō,고래왕,Goraewang,吼鯨王,吼鲸王,Hǒujīngwáng,wailord
322,Numel,Camaub,Chamallot,Numel,Numel,ドンメル,Donmeru,둔타,Dunta,呆火駝,呆火驼,Dāihuǒtuó,numel
323,Camerupt,Camerupt,Camérupt,Camerupt,Camerupt,バクーダ,Bakūda,폭타,Pokta,噴火駝,喷火驼,Pēnhuǒtuó,camerupt
324,Torkoal,Qurtel,Chartor,Torkoal,Torkoal,コータス,Kōtasu,코터스,Koteoseu,煤炭龜,煤炭龟,Méitàngūi,torkoal
325,Spoink,Spoink,Spoink,Spoink,Spoink,バネブー,Banebū,피그점프,Pigeujeompeu,跳跳豬,跳跳猪,Tiàotiàozhū,spoink
326,Grumpig,Groink,Groret,Grumpig,Grumpig,ブーピッグ,Būpiggu,피그킹,Pigeuking,噗噗豬,噗噗猪,Pūpūzhū,grumpig
327,Spinda,Pandir,Spinda,Spinda,Spinda,パッチール,Patchīru,얼루기,Eollugi,晃晃斑,晃晃斑,Huànghuàngbān,spinda
328,Trapinch,Knacklion,Kraknoix,Trapinch,Trapinch,ナックラー,Nakkurā,톱치,Topchi,大顎蟻,大颚蚁,Dà'èyǐ,trapinch
329,Vibrava,Vibrava,Vibraninf,Vibrava,Vibrava,ビブラーバ,Biburāba,비브라바,Bibeuraba,超音波幼蟲,超音波幼虫,Chāoyīnbōyòuchóng,vibrava
330,Flygon,Libelldra,Libégon,Flygon,Flygon,フライゴン,Furaigon,플라이곤,Peullaigon,沙漠蜻蜓,沙漠蜻蜓,Shāmòqīngtíng,flygon
331,Cacnea,Tuska,Cacnea,Cacnea,Cacnea,サボネア,Sabonea,선인왕,Seoninwang,刺球仙人掌,刺球仙人掌,Cìqiúxiānrénzhǎng,cacnea
332,Cacturne,Noktuska,Cacturne,Cacturne,Cacturne,ノクタス,Nokutasu,밤선인,Bamseonin,夢歌仙人掌,梦歌仙人掌,Mènggēxiānrénzhǎng,cacturne
333,Swablu,Wablu,Tylton,Swablu,Swablu,チルット,Chirutto,파비코,Pabiko,青綿鳥,青绵鸟,Qīngmiánniǎo,swablu
334,Altaria,Altaria,Altaria,Altaria,Altaria,チルタリス,Chirutarisu,파비코리,Pabikori,七夕青鳥,七夕青鸟,Qīxìqīngniǎo,altaria
335,Zangoose,Sengo,Mangriff,Zangoose,Zangoose,ザングース,Zangūsu,쟝고,Jyanggo,貓鼬斬,猫鼬斩,Māoyòuzhǎn,zangoose
336,Seviper,Vipitis,Séviper,Seviper,Seviper,ハブネーク,Habunēku,세비퍼,Sebipeo,飯匙蛇,饭匙蛇,Fànchíshé,seviper
337,Lunatone,Lunastein,Séléroc,Lunatone,Lunatone,ルナトーン,Runatōn,루나톤,Runaton,月石,月石,Yuèshí,lunatone
338,Solrock,Sonnfel,Solaroc,Solrock,Solrock,ソルロック,Sorurokku,솔록,Sollok,太陽岩,太阳岩,Tàiyángyán,solrock
339,Barboach,Schmerbe,Barloche,Barboach,Barboach,ドジョッチ,Dojotchi,미꾸리,Mikkuri,泥泥鰍,泥泥鳅,Níníqiū,barboach
340,Whiscash,Welsar,Barbicha,Whiscash,Whiscash,ナマズン,Namazun,메깅,Meging,鯰魚王,鲶鱼王,Niányúwáng,whiscash
341,Corphish,Krebscorps,Écrapince,Corphish,Corphish,ヘイガニ,Heigani,가재군,Gajaegun,龍蝦小兵,龙虾小兵,Lóngxiāxiǎobīng,corphish
342,Crawdaunt,Krebutack,Colhomard,Crawdaunt,Crawdaunt,シザリガー,Shizarigā,가재장군,Gajaejanggun,鐵螯龍蝦,铁螯龙虾,Tiě'áolóngxiā,crawdaunt
343,Baltoy,Puppance,Balbuto,Baltoy,Baltoy,ヤジロン,Yajiron,오뚝군,Ottukgun,天秤偶,天秤偶,Tiānpíng'ǒu,baltoy
344,Claydol,Lepumentas,Kaorine,Claydol,Claydol,ネンドール,Nendōru,점토도리,Jeomtodori,念力土偶,念力土偶,Niànlìtǔ'ōu,claydol
345,Lileep,Liliep,Lilia,Lileep,Lileep,リリーラ,Rirīra,릴링,Rilling,觸手百合,触手百合,Chùshǒubǎihé,lileep
346,Cradily,Wielie,Vacilys,Cradily,Cradily,ユレイドル,Yureidoru,릴리요,Rilliyo,搖籃百合,摇篮百合,Yáolánbǎihé,cradily
347,Anorith,Anorith,Anorith,Anorith,Anorith,アノプス,Anopusu,아노딥스,Anodipseu,太古羽蟲,太古羽虫,Tàigǔyǔchóng,anorith
348,Armaldo,Armaldo,Armaldo,Armaldo,Armaldo,アーマルド,Āmarudo,아말도,Amaldo,太古盔甲,太古盔甲,Tàigǔkuījiǎ,armaldo
349,Feebas,Barschwa,Barpau,Feebas,Feebas,ヒンバス,Hinbasu,빈티나,Bintina,醜醜魚,丑丑鱼,Chǒuchǒuyú,feebas
350,Milotic,Milotic,Milobellus,Milotic,Milotic,ミロカロス,Mirokarosu,밀로틱,Millotik,美納斯,美纳斯,Měinàsī,milotic
351,Castform,Formeo,Morphéo,Castform,Castform,ポワルン,Powarun,캐스퐁,Kaeseupong,飄浮泡泡,飘浮泡泡,Piāofúpàopào,castform
352,Kecleon,Kecleon,Kecleon,Kecleon,Kecleon,カクレオン,Kakureon,켈리몬,Kellimon,變隱龍,变隐龙,Biànyǐnlóng,kecleon
353,Shuppet,Shuppet,Polichombr,Shuppet,Shuppet,カゲボウズ,Kagebōzu,어둠대신,Eodumdaesin,怨影娃娃,怨影娃娃,Yuànyǐngwáwá,shuppet
354,Banette,Banette,Branette,Banette,Banette,ジュペッタ,Jupetta,다크펫,Dakeupet,詛咒娃娃,诅咒娃娃,Zǔzhòuwáwá,banette
355,Duskull,Zwirrlicht,Skelénox,Duskull,Duskull,ヨマワル,Yomawaru,해골몽,Haegolmong,夜巡靈,夜巡灵,Yèxúnlíng,duskull
356,Dusclops,Zwirrklop,Téraclope,Dusclops,Dusclops,サマヨール,Samayōru,미라몽,Miramong,彷徨夜靈,彷徨夜灵,Fǎnghuángyèlíng,dusclops
357,Tropius,Tropius,Tropius,Tropius,Tropius,トロピウス,Toropiusu,트로피우스,Teuropiuseu,熱帶龍,热带龙,Rèdàilóng,tropius
358,Chimecho,Palimpalim,Éoko,Chimecho,Chimecho,チリーン,Chirīn,치렁,Chireong,風鈴鈴,风铃铃,Fēnglínglíng,chimecho
359,Absol,Absol,Absol,Absol,Absol,アブソル,Abusoru,앱솔,Aepsol,阿勃梭魯,阿勃梭鲁,Ābósuōlǔ,absol
360,Wynaut,Isso,Okéoké,Wynaut,Wynaut,ソーナノ,Sōnano,마자,Maja,小果然,小果然,Xiǎoguǒrán,wynaut
361,Snorunt,Schneppke,Stalgamin,Snorunt,Snorunt,ユキワラシ,Yukiwarashi,눈꼬마,Nunkkoma,雪童子,雪童子,Xuětóngzǐ,snorunt
362,Glalie,Firnontor,Oniglali,Glalie,Glalie,オニゴーリ,Onigōri,얼음귀신,Eoreumgwisin,冰鬼護,冰鬼护,Bīngguǐhù,glalie
363,Spheal,Seemops,Obalie,Spheal,Spheal,タマザラシ,Tamazarashi,대굴레오,Daegulleo,海豹球,海豹球,Hǎibàoqiú,spheal
364,Sealeo,Seejong,Phogleur,Sealeo,Sealeo,トドグラー,Todogurā,씨레오,Ssireo,海魔獅,海魔狮,Hǎimóshī,sealeo
365,Walrein,Walraisa,Kaimorse,Walrein,Walrein,トドゼルガ,Todozeruga,씨카이저,Ssikaijeo,帝牙海獅,帝牙海狮,Dìyǎhǎishī,walrein
366,Clamperl,Perlu,Coquiperl,Clamperl,Clamperl,パールル,Pāruru,진주몽,Jinjumong,珍珠貝,珍珠贝,Zhēnzhūbèi,clamperl
367,Huntail,Aalabyss,Serpang,Huntail,Huntail,ハンテール,Hantēru,헌테일,Heonteil,獵斑魚,猎斑鱼,Lièbānyú,huntail
368,Gorebyss,Saganabyss,Rosabyss,Gorebyss,Gorebyss,サクラビス,Sakurabisu,분홍장이,Bunhongjangi,櫻花魚,樱花鱼,Yīnghuāyú,gorebyss
369,Relicanth,Relicanth,Relicanth,Relicanth,Relicanth,ジーランス,Jīransu,시라칸,Sirakan,古空棘魚,古空棘鱼,Gǔkōngjíyú,relicanth
370,Luvdisc,Liebiskus,Lovdisc,Luvdisc,Luvdisc,ラブカス,Rabukasu,사랑동이,Sarangdongi,愛心魚,爱心鱼,Àixīnyú,luvdisc
371,Bagon,Kindwurm,Draby,Bagon,Bagon,タツベイ,Tatsubei,아공이,Agongi,寶貝龍,宝贝龙,Bǎobèilóng,bagon
372,Shelgon,Draschel,Drackhaus,Shelgon,Shelgon,コモルー,Komorū,쉘곤,Swelgon,甲殼龍,甲壳龙,Jiákēlóng,shelgon
373,Salamence,Brutalanda,Drattak,Salamence,Salamence,ボーマンダ,Bōmanda,보만다,Bomanda,暴飛龍,暴飞龙,Bàofēilóng,salamence
374,Beldum,Tanhel,Terhal,Beldum,Beldum,ダンバル,Danbaru,메탕,Metang,鐵啞鈴,铁哑铃,Tiéyǎlíng,beldum
375,Metang,Metang,Métang,Metang,Metang,メタング,Metangu,메탕구,Metanggu,金屬怪,金属怪,Jīnshǔguài,metang
376,Metagross,Metagross,Métalosse,Metagross,Metagross,メタグロス,Metagurosu,메타그로스,Metageuroseu,巨金怪,巨金怪,Jùjīnguài,metagross
377,Regirock,Regirock,Regirock,Regirock,Regirock,レジロック,Rejirokku,레지락,Rejirak,雷吉洛克,雷吉洛克,Léijīluòkě,regirock
378,Regice,Regice,Regice,Regice,Regice,レジアイス,Rejiaisu,레지아이스,Rejiaiseu,雷吉艾斯,雷吉艾斯,Léijī'àisī,regice
379,Registeel,Registeel,Registeel,Registeel,Registeel,レジスチル,Rejisuchiru,레지스틸,Rejiseutil,雷吉斯奇魯,雷吉斯奇鲁,Léijīsīqílù,registeel
380,Latias,Latias,Latias,Latias,Latias,ラティアス,Ratiasu,라티아스,Ratiaseu,拉帝亞斯,拉帝亚斯,Lādìyǎsī,latias
381,Latios,Latios,Latios,Latios,Latios,ラティオス,Ratiosu,라티오스,Ratioseu,拉帝歐斯,拉帝欧斯,Lādì'ōusī,latios
382,Kyogre,Kyogre,Kyogre,Kyogre,Kyogre,カイオーガ,Kaiōga,가이오가,Gaioga,蓋歐卡,盖欧卡,Gài'ōukǎ,kyogre
383,Groudon,Groudon,Groudon,Groudon,Groudon,グラードン,Gurādon,그란돈,Geurandon,固拉多,固拉多,Gūlādūo,groudon
384,Rayquaza,Rayquaza,Rayquaza,Rayquaza,Rayquaza,レックウザ,Rekkūza,레쿠쟈,Rekujya,烈空坐,烈空坐,Lièkōngzuò,rayquaza
385,Jirachi,Jirachi,Jirachi,Jirachi,Jirachi,ジラーチ,Jirāchi,지라치,Jirachi,基拉祈,基拉祈,Jīlāqí,jirachi
386,Deoxys,Deoxys,Deoxys,Deoxys,Deoxys,デオキシス,Deokishisu,테오키스,Teokiseu,代歐奇希斯,代欧奇希斯,Dài'ōuqíxīsī,deoxys
387,Turtwig,Chelast,Tortipouss,Turtwig,Turtwig,ナエトル,Naetoru,모부기,Mobugi,草苗龜,草苗龟,Cǎomiáoguī,turtwig
388,Grotle,Chelcarain,Boskara,Grotle,Grotle,ハヤシガメ,Hayashigame,수풀부기,Supulbugi,樹林龜,树林龟,Shùlínguī,grotle
389,Torterra,Chelterrar,Torterra,Torterra,Torterra,ドダイトス,Dodaitosu,토대부기,Todaebugi,土台龜,土台龟,Tǔtáiguī,torterra
390,Chimchar,Panflam,Ouisticram,Chimchar,Chimchar,ヒコザル,Hikozaru,불꽃숭이,Bulkkotsungi,小火焰猴,小火焰猴,Xiǎohuǒyànhóu,chimchar
391,Monferno,Panpyro,Chimpenfeu,Monferno,Monferno,モウカザル,Mōkazaru,파이숭이,Paisungi,猛火猴,猛火猴,Měnghuǒhóu,monferno
392,Infernape,Panferno,Simiabraz,Infernape,Infernape,ゴウカザル,Gōkazaru,초염몽,Choyeommong,烈焰猴,烈焰猴,Lièyànhóu,infernape
393,Piplup,Plinfa,Tiplouf,Piplup,Piplup,ポッチャマ,Potchama,팽도리,Paengdori,波加曼,波加曼,Bōjiāmàn,piplup
394,Prinplup,Pliprin,Prinplouf,Prinplup,Prinplup,ポッタイシ,Pottaishi,팽태자,Paengtaeja,波皇子,波皇子,Bōwángzǐ,prinplup
395,Empoleon,Impoleon,Pingoléon,Empoleon,Empoleon,エンペルト,Enperuto,엠페르트,Empereuteu,帝王拿波,帝王拿波,Dìwángnábō,empoleon
396,Starly,Staralili,Étourmi,Starly,Starly,ムックル,Mukkuru,찌르꼬,Jjireukko,姆克兒,姆克儿,Mǔkè'ér,starly
397,Staravia,Staravia,Étourvol,Staravia,Staravia,ムクバード,Mukubādo,찌르버드,Jjireubeodeu,姆克鳥,姆克鸟,Mǔkèniǎo,staravia
398,Staraptor,Staraptor,Étouraptor,Staraptor,Staraptor,ムクホーク,Mukuhōku,찌르호크,Jjireuhokeu,姆克鷹,姆克鹰,Mǔkèyīng,staraptor
399,Bidoof,Bidiza,Keunotor,Bidoof,Bidoof,ビッパ,Bippa,비버니,Bibeoni,大牙狸,大牙狸,Dàyálí,bidoof
400,Bibarel,Bidifas,Castorno,Bibarel,Bibarel,ビーダル,Bīdaru,비버통,Bibeotong,大尾狸,大尾狸,Dàwěilí,bibarel
401,Kricketot,Zirpurze,Crikzik,Kricketot,Kricketot,コロボーシ,Korobōshi,귀뚤뚜기,Gwittulttugi,圓法師,圆法师,Yuánfǎshī,kricketot
402,Kricketune,Zirpeise,Mélokrik,Kricketune,Kricketune,コロトック,Korotokku,귀뚤톡크,Gwittultokkeu,音箱蟀,音箱蟀,Yīnxiāngshuài,kricketune
403,Shinx,Sheinux,Lixy,Shinx,Shinx,コリンク,Korinku,꼬링크,Kkoringkeu,小貓怪,小猫怪,Xiǎomāoguài,shinx
404,Luxio,Luxio,Luxio,Luxio,Luxio,ルクシオ,Rukushio,럭시오,Reoksio,勒克貓,勒克猫,Lèkèmāo,luxio
405,Luxray,Luxtra,Luxray,Luxray,Luxray,レントラー,Rentorā,렌트라,Renteura,倫琴貓,伦琴猫,Lúnqínmāo,luxray
406,Budew,Knospi,Rozbouton,Budew,Budew,スボミー,Subomī,꼬몽울,Kkomongul,含羞苞,含羞苞,Hánxiūbāo,budew
407,Roserade,Roserade,Roserade,Roserade,Roserade,ロズレイド,Rozureido,로즈레이드,Rojeureideu,羅絲雷朵,罗丝雷朵,Luósīléiduǒ,roserade
408,Cranidos,Koknodon,Kranidos,Cranidos,Cranidos,ズガイドス,Zugaidosu,두개도스,Dugaedoseu,頭蓋龍,头盖龙,Tóugàilóng,cranidos
409,Rampardos,Rameidon,Charkos,Rampardos,Rampardos,ラムパルド,Ramuparudo,램펄드,Raempeoldeu,戰槌龍,战槌龙,Zhànchuílóng,rampardos
410,Shieldon,Schilterus,Dinoclier,Shieldon,Shieldon,タテトプス,Tatetopusu,방패톱스,Bangpaetopseu,盾甲龍,盾甲龙,Dùnjiǎlóng,shieldon
411,Bastiodon,Bollterus,Bastiodon,Bastiodon,Bastiodon,トリデプス,Toridepusu,바리톱스,Baritopseu,護城龍,护城龙,Hùchénglóng,bastiodon
412,Burmy,Burmy,Cheniti,Burmy,Burmy,ミノムッチ,Minomutchi,도롱충이,Dorongchungi,結草兒,结草儿,Jiécǎo'ér,burmy
413,Wormadam,Burmadame,Cheniselle,Wormadam,Wormadam,ミノマダム,Minomadamu,도롱마담,Dorongmadam,結草貴婦,结草贵妇,Jiécǎoguìfù,wormadam
414,Mothim,Moterpel,Papilord,Mothim,Mothim,ガーメイル,Gāmeiru,나메일,Nameil,紳士蛾,绅士蛾,Shēnshì'é,mothim
415,Combee,Wadribie,Apitrini,Combee,Combee,ミツハニー,Mitsuhanī,세꿀버리,Sekkulbeori,三蜜蜂,三蜜蜂,Sānmìfēng,combee
416,Vespiquen,Honweisel,Apireine,Vespiquen,Vespiquen,ビークイン,Bīkuin,비퀸,Bikwin,蜂女王,蜂女王,Fēngnǚwáng,vespiquen
417,Pachirisu,Pachirisu,Pachirisu,Pachirisu,Pachirisu,パチリス,Pachirisu,파치리스,Pachiriseu,帕奇利茲,帕奇利兹,Pàqílìzī,pachirisu
418,Buizel,Bamelin,Mustébouée,Buizel,Buizel,ブイゼル,Buizeru,브이젤,Beuijel,泳圈鼬,泳圈鼬,Yǒngquānyòu,buizel
419,Floatzel,Bojelin,Mustéflott,Floatzel,Floatzel,フローゼル,Furōzeru,플로젤,Peullojel,浮潛鼬,浮潜鼬,Fúqiǎnyòu,floatzel
420,Cherubi,Kikugi,Ceribou,Cherubi,Cherubi,チェリンボ,Cherinbo,체리버,Cheribeo,櫻花寶,樱花宝,Yīnghuābǎo,cherubi
421,Cherrim,Kinoso,Ceriflor,Cherrim,Cherrim,チェリム,Cherimu,체리꼬,Cherikko,櫻花兒,樱花儿,Yīnghuā'ér,cherrim
422,Shellos,Schalellos,Sancoki,Shellos,Shellos,カラナクシ,Karanakushi,깝질무,Kkapjilmu,無殼海兔,无壳海兔,Wúkéhǎitù,shellos
423,Gastrodon,Gastrodon,Tritosor,Gastrodon,Gastrodon,トリトドン,Toritodon,트리토돈,Teuritodon,海兔獸,海兔兽,Hǎitùshòu,gastrodon
424,Ambipom,Ambidiffel,Capidextre,Ambipom,Ambipom,エテボース,Etebōsu,겟핸보숭,Gethaenbosung,雙尾怪手,双尾怪手,Shuāngwěiguàishǒu,ambipom
425,Drifloon,Driftlon,Baudrive,Drifloon,Drifloon,フワンテ,Fuwante,흔들풍손,Heundeulpungson,飄飄球,飘飘球,Piāopiāoqiú,drifloon
426,Drifblim,Drifzepeli,Grodrive,Drifblim,Drifblim,フワライド,Fuwaraido,둥실라이드,Dungsillaideu,隨風球,随风球,Suífēngqiú,drifblim
427,Buneary,Haspiror,Laporeille,Buneary,Buneary,ミミロル,Mimiroru,이어롤,Ieorol,捲捲耳,卷卷耳,Juǎnjuǎn'ěr,buneary
428,Lopunny,Schlapor,Lockpin,Lopunny,Lopunny,ミミロップ,Mimiroppu,이어롭,Ieorop,長耳兔,长耳兔,Cháng'ěrtù,lopunny
429,Mismagius,Traunmagil,Magirêve,Mismagius,Mismagius,ムウマージ,Mūmāji,무우마직,Muumajik,夢妖魔,梦妖魔,Mèngyāomó,mismagius
430,Honchkrow,Kramshef,Corboss,Honchkrow,Honchkrow,ドンカラス,Donkarasu,돈크로우,Donkeurou,烏鴉頭頭,乌鸦头头,Wūyātóutóu,honchkrow
431,Glameow,Charmian,Chaglam,Glameow,Glameow,ニャルマー,Nyarumā,나옹마,Naongma,魅力喵,魅力喵,Mèilìmiāo,glameow
432,Purugly,Shnurgarst,Chaffreux,Purugly,Purugly,ブニャット,Bunyatto,몬냥이,Monnyangi,東施喵,东施喵,Dōngshīmiāo,purugly
433,Chingling,Klingplim,Korillon,Chingling,Chingling,リーシャン,Rīshan,랑딸랑,Rangttallang,鈴鐺響,铃铛响,Língdāngxiǎng,chingling
434,Stunky,Skunkapuh,Moufouette,Stunky,Stunky,スカンプー,Sukanpū,스컹뿡,Seukeongppung,臭鼬噗,臭鼬噗,Chòuyòupū,stunky
435,Skuntank,Skuntank,Moufflair,Skuntank,Skuntank,スカタンク,Sukatanku,스컹탱크,Seukeongtaengkeu,坦克臭鼬,坦克臭鼬,Tǎnkèchòuyòu,skuntank
436,Bronzor,Bronzel,Archéomire,Bronzor,Bronzor,ドーミラー,Dōmirā,동미러,Dongmireo,銅鏡怪,铜镜怪,Tóngjìngguài,bronzor
437,Bronzong,Bronzong,Archéodong,Bronzong,Bronzong,ドータクン,Dōtakun,동탁군,Dongtakgun,青銅鐘,青铜钟,Qīngtóngzhōng,bronzong
438,Bonsly,Mobai,Manzaï,Bonsly,Bonsly,ウソハチ,Usohachi,꼬지지,Kkojiji,盆才怪,盆才怪,Péncáiguài,bonsly
439,Mime Jr.,Pantimimi,Mime Jr.,Mime Jr.,Mime Jr.,マネネ,Manene,흉내내,Hyungnaenae,魔尼尼,魔尼尼,Móníní,mime-jr
440,Happiny,Wonneira,Ptiravi,Happiny,Happiny,ピンプク,Pinpuku,핑복,Pingbok,小福蛋,小福蛋,Xiǎofúdàn,happiny
441,Chatot,Plaudagei,Pijako,Chatot,Chatot,ペラップ,Perappu,페라페,Perape,聒噪鳥,聒噪鸟,Guāzàoniǎo,chatot
442,Spiritomb,Kryppuk,Spiritomb,Spiritomb,Spiritomb,ミカルゲ,Mikaruge,화강돌,Hwagangdol,花岩怪,花岩怪,Huāyánguài,spiritomb
443,Gible,Kaumalat,Griknot,Gible,Gible,フカマル,Fukamaru,딥상어동,Dipsangeodong,圓陸鯊,圆陆鲨,Yuánlùshā,gible
444,Gabite,Knarksel,Carmache,Gabite,Gabite,ガバイト,Gabaito,한바이트,Hanbaiteu,尖牙陸鯊,尖牙陆鲨,Jiānyálùshā,gabite
445,Garchomp,Knakrack,Carchacrok,Garchomp,Garchomp,ガブリアス,Gaburiasu,한카리아스,Hankariaseu,烈咬陸鯊,烈咬陆鲨,Lièyǎolùshā,garchomp
446,Munchlax,Mampfaxo,Goinfrex,Munchlax,Munchlax,ゴンベ,Gonbe,먹고자,Meokgoja,小卡比獸,小卡比兽,Xiǎokǎbǐshòu,munchlax
447,Riolu,Riolu,Riolu,Riolu,Riolu,リオル,Rioru,리오르,Rioreu,利歐路,利欧路,Lì'ōulù,riolu
448,Lucario,Lucario,Lucario,Lucario,Lucario,ルカリオ,Rukario,루카리오,Rukario,路卡利歐,路卡利欧,Lùkǎlì'ōu,lucario
449,Hippopotas,Hippopotas,Hippopotas,Hippopotas,Hippopotas,ヒポポタス,Hipopotasu,히포포타스,Hipopotaseu,沙河馬,沙河马,Shāhémǎ,hippopotas
450,Hippowdon,Hippoterus,Hippodocus,Hippowdon,Hippowdon,カバルドン,Kabarudon,하마돈,Hamadon,河馬獸,河马兽,Hémǎshòu,hippowdon
451,Skorupi,Pionskora,Rapion,Skorupi,Skorupi,スコルピ,Sukorupi,스콜피,Seukolpi,鉗尾蠍,钳尾蝎,Qiánwěixiē,skorupi
452,Drapion,Piondragi,Drascore,Drapion,Drapion,ドラピオン,Dorapion,드래피온,Deuraepion,龍王蠍,龙王蝎,Lóngwángxiē,drapion
453,Croagunk,Glibunkel,Cradopaud,Croagunk,Croagunk,グレッグル,Guregguru,삐딱구리,Ppittakguri,不良蛙,不良蛙,Bùliángwā,croagunk
454,Toxicroak,Toxiquak,Coatox,Toxicroak,Toxicroak,ドクロッグ,Dokuroggu,독개굴,Dokgaegul,毒骷蛙,毒骷蛙,Dúkūwā,toxicroak
455,Carnivine,Venuflibis,Vortente,Carnivine,Carnivine,マスキッパ,Masukippa,무스틈니,Museuteumni,尖牙籠,尖牙笼,Jiānyálóng,carnivine
456,Finneon,Finneon,Écayon,Finneon,Finneon,ケイコウオ,Keiko'uo,형광어,Hyeonggwangeo,螢光魚,荧光鱼,Yíngguāngyú,finneon
457,Lumineon,Lumineon,Luminéon,Lumineon,Lumineon,ネオラント,Neoranto,네오라이트,Neoraiteu,霓虹魚,霓虹鱼,Níhóngyú,lumineon
458,Mantyke,Mantirps,Babimanta,Mantyke,Mantyke,タマンタ,Tamanta,타만타,Tamanta,小球飛魚,小球飞鱼,Xiǎoqiúfēiyú,mantyke
459,Snover,Shnebedeck,Blizzi,Snover,Snover,ユキカブリ,Yukikaburi,눈쓰개,Nunsseugae,雪笠怪,雪笠怪,Xuělìguài,snover
460,Abomasnow,Rexblisar,Blizzaroi,Abomasnow,Abomasnow,ユキノオー,Yukinoō,눈설왕,Nunseorwang,暴雪王,暴雪王,Bàoxuěwáng,abomasnow
461,Weavile,Snibunna,Dimoret,Weavile,Weavile,マニューラ,Manyūra,포푸니라,Popunira,瑪狃拉,玛狃拉,Mǎniǔlā,weavile
462,Magnezone,Magnezone,Magnézone,Magnezone,Magnezone,ジバコイル,Jibakoiru,자포코일,Japokoil,自爆磁怪,自爆磁怪,Zìbàocíguài,magnezone
463,Lickilicky,Schlurplek,Coudlangue,Lickilicky,Lickilicky,ベロベルト,Beroberuto,내룸벨트,Naerumbelteu,大舌舔,大舌舔,Dàshétiǎn,lickilicky
464,Rhyperior,Rihornior,Rhinastoc,Rhyperior,Rhyperior,ドサイドン,Dosaidon,거대코뿌리,Geodaekoppuri,超甲狂犀,超甲狂犀,Chāojiǎkuángxī,rhyperior
465,Tangrowth,Tangoloss,Bouldeneu,Tangrowth,Tangrowth,モジャンボ,Mojanbo,덩쿠림보,Deongkurimbo,巨蔓藤,巨蔓藤,Jùmànténg,tangrowth
466,Electivire,Elevoltek,Élekable,Electivire,Electivire,エレキブル,Erekiburu,에레키블,Erekibeul,電擊魔獸,电击魔兽,Diànjímóshòu,electivire
467,Magmortar,Magbrant,Maganon,Magmortar,Magmortar,ブーバーン,Būbān,마그마번,Mageumabeon,鴨嘴炎獸,鸭嘴炎兽,Yāzuǐyánshòu,magmortar
468,Togekiss,Togekiss,Togekiss,Togekiss,Togekiss,トゲキッス,Togekissu,토게키스,Togekiseu,波克基斯,波克基斯,Bōkèjīsī,togekiss
469,Yanmega,Yanmega,Yanméga,Yanmega,Yanmega,メガヤンマ,Megayanma,메가자리,Megajari,遠古巨蜓,远古巨蜓,Yuǎngǔjùtíng,yanmega
470,Leafeon,Folipurba,Phyllali,Leafeon,Leafeon,リーフィア,Rīfia,리피아,Ripia,葉伊布,叶伊布,Yèyībù,leafeon
471,Glaceon,Glaziola,Givrali,Glaceon,Glaceon,グレイシア,Gureishia,글레이시아,Geulleisia,冰伊布,冰伊布,Bīngyībù,glaceon
472,Gliscor,Skorgro,Scorvol,Gliscor,Gliscor,グライオン,Guraion,글라이온,Geullaion,天蠍王,天蝎王,Tiānxiēwáng,gliscor
473,Mamoswine,Mamutel,Mammochon,Mamoswine,Mamoswine,マンムー,Manmū,맘모꾸리,Mammokkuri,象牙豬,象牙猪,Xiàngyázhū,mamoswine
474,Porygon-Z,Porygon-Z,Porygon-Z,Porygon-Z,Porygon-Z,ポリゴンＺ,Porigon Zetto,폴리곤Z,Polligonjeteu,多邊獸Ｚ,多边兽乙型,Duōbiānshòu-Z,porygon-z
475,Gallade,Galagladi,Gallame,Gallade,Gallade,エルレイド,Erureido,엘레이드,Elleideu,艾路雷朵,艾路雷朵,Àilùléiduǒ,gallade
476,Probopass,Voluminas,Tarinorme,Probopass,Probopass,ダイノーズ,Dainōzu,대코파스,Daekopaseu,大朝北鼻,大朝北鼻,Dàcháoběibí,probopass
477,Dusknoir,Zwirrfinst,Noctunoir,Dusknoir,Dusknoir,ヨノワール,Yonowāru,야느와르몽,Yaneuwareumong,黑夜魔靈,黑夜魔灵,Hēiyèmólíng,dusknoir
478,Froslass,Frosdedje,Momartik,Froslass,Froslass,ユキメノコ,Yukimenoko,눈여아,Nunnyeoa,雪妖女,雪妖女,Xuěyāonǚ,froslass
479,Rotom,Rotom,Motisma,Rotom,Rotom,ロトム,Rotomu,로토무,Rotomu,洛托姆,洛托姆,Luòtuōmǔ,rotom
480,Uxie,Selfe,Créhelf,Uxie,Uxie,ユクシー,Yukushī,유크시,Yukeusi,由克希,由克希,Yóukèxī,uxie
481,Mesprit,Vesprit,Créfollet,Mesprit,Mesprit,エムリット,Emuritto,엠라이트,Emnaiteu,艾姆利多,艾姆利多,Àimǔlìduō,mesprit
482,Azelf,Tobutz,Créfadet,Azelf,Azelf,アグノム,Agunomu,아그놈,Ageunom,亞克諾姆,亚克诺姆,Yǎkènuòmǔ,azelf
483,Dialga,Dialga,Dialga,Dialga,Dialga,ディアルガ,Diaruga,디아루가,Diaruga,帝牙盧卡,帝牙卢卡,Dìyálúkǎ,dialga
484,Palkia,Palkia,Palkia,Palkia,Palkia,パルキア,Parukia,펄기아,Peolgia,帕路奇亞,帕路奇亚,Pàlùqíyǎ,palkia
485,Heatran,Heatran,Heatran,Heatran,Heatran,ヒードラン,Hīdoran,히드런,Hideureon,席多藍恩,席多蓝恩,Xíduōlán'ēn,heatran
486,Regigigas,Regigigas,Regigigas,Regigigas,Regigigas,レジギガス,Rejigigasu,레지기가스,Rejigigaseu,雷吉奇卡斯,雷吉奇卡斯,Léijíqíkǎsī,regigigas
487,Giratina,Giratina,Giratina,Giratina,Giratina,ギラティナ,Giratina,기라티나,Giratina,騎拉帝納,骑拉帝纳,Qílādìnà,giratina
488,Cresselia,Cresselia,Cresselia,Cresselia,Cresselia,クレセリア,Kureseria,크레세리아,Keureseria,克雷色利亞,克雷色利亚,Kèléisèlìyǎ,cresselia
489,Phione,Phione,Phione,Phione,Phione,フィオネ,Fione,피오네,Pione,霏歐納,霏欧纳,Fēi'ōunà,phione
490,Manaphy,Manaphy,Manaphy,Manaphy,Manaphy,マナフィ,Manafi,마나피,Manapi,瑪納霏,玛纳霏,Mǎnàfēi,manaphy
491,Darkrai,Darkrai,Darkrai,Darkrai,Darkrai,ダークライ,Dākurai,다크라이,Dakeurai,達克萊伊,达克莱伊,Dákèláiyī,darkrai
492,Shaymin,Shaymin,Shaymin,Shaymin,Shaymin,シェイミ,Sheimi,쉐이미,Sweimi,謝米,谢米,Xièmǐ,shaymin
493,Arceus,Arceus,Arceus,Arceus,Arceus,アルセウス,Aruseusu,아르세우스,Areuseuseu,阿爾宙斯,阿尔宙斯,Ā'ěrzhòusī,arceus
494,Victini,Victini,Victini,Victini,Victini,ビクティニ,Bikutini,비크티니,Bikeutini,比克提尼,比克提尼,Bǐkètíní,victini
495,Snivy,Serpifeu,Vipélierre,Snivy,Snivy,ツタージャ,Tsutāja,주리비얀,Juribiyan,藤藤蛇,藤藤蛇,Téngténgshé,snivy
496,Servine,Efoserp,Lianaja,Servine,Servine,ジャノビー,Janobī,샤비,Syabi,青藤蛇,青藤蛇,Qīngténgshé,servine
497,Serperior,Serpiroyal,Majaspic,Serperior,Serperior,ジャローダ,Jarōda,샤로다,Syaroda,君主蛇,君主蛇,Jūnzhǔshé,serperior
498,Tepig,Floink,Gruikui,Tepig,Tepig,ポカブ,Pokabu,뚜꾸리,Ttukkuri,暖暖豬,暖暖猪,Nuǎnnuǎnzhū,tepig
499,Pignite,Ferkokel,Grotichon,Pignite,Pignite,チャオブー,Chaobū,챠오꿀,Chyaokkul,炒炒豬,炒炒猪,Chǎochǎozhū,pignite
500,Emboar,Flambirex,Roitiflam,Emboar,Emboar,エンブオー,Enbuō,염무왕,Yeommuwang,炎武王,炎武王,Yánwǔwáng,emboar
501,Oshawott,Ottaro,Moustillon,Oshawott,Oshawott,ミジュマル,Mijumaru,수댕이,Sudaengi,水水獺,水水獭,Shuǐshuǐtà,oshawott
502,Dewott,Zwottronin,Mateloutre,Dewott,Dewott,フタチマル,Futachimaru,쌍검자비,Ssanggeomjabi,雙刃丸,双刃丸,Shuāngrènwán,dewott
503,Samurott,Admurai,Clamiral,Samurott,Samurott,ダイケンキ,Daikenki,대검귀,Daegeomgwi,大劍鬼,大剑鬼,Dàjiànguǐ,samurott
504,Patrat,Nagelotz,Ratentif,Patrat,Patrat,ミネズミ,Minezumi,보르쥐,Boreujwi,探探鼠,探探鼠,Tàntànshǔ,patrat
505,Watchog,Kukmarda,Miradar,Watchog,Watchog,ミルホッグ,Miruhoggu,보르그,Boreugeu,步哨鼠,步哨鼠,Bùshàoshǔ,watchog
506,Lillipup,Yorkleff,Ponchiot,Lillipup,Lillipup,ヨーテリー,Yōterī,요테리,Yoteri,小約克,小约克,Xiǎoyuēkè,lillipup
507,Herdier,Terribark,Ponchien,Herdier,Herdier,ハーデリア,Hāderia,하데리어,Haderieo,哈約克,哈约克,Hāyuēkè,herdier
508,Stoutland,Bissbark,Mastouffe,Stoutland,Stoutland,ムーランド,Mūrando,바랜드,Baraendeu,長毛狗,长毛狗,Chángmáogǒu,stoutland
509,Purrloin,Felilou,Chacripan,Purrloin,Purrloin,チョロネコ,Choroneko,쌔비냥,Ssaebinyang,扒手貓,扒手猫,Páshǒumāo,purrloin
510,Liepard,Kleoparda,Léopardus,Liepard,Liepard,レパルダス,Reparudasu,레파르다스,Repareudaseu,酷豹,酷豹,Kùbào,liepard
511,Pansage,Vegimak,Feuillajou,Pansage,Pansage,ヤナップ,Yanappu,야나프,Yanapeu,花椰猴,花椰猴,Huāyéhóu,pansage
512,Simisage,Vegichita,Feuiloutan,Simisage,Simisage,ヤナッキー,Yanakkī,야나키,Yanaki,花椰猿,花椰猿,Huāyéyuán,simisage
513,Pansear,Grillmak,Flamajou,Pansear,Pansear,バオップ,Baoppu,바오프,Baopeu,爆香猴,爆香猴,Bàoxiānghóu,pansear
514,Simisear,Grillchita,Flamoutan,Simisear,Simisear,バオッキー,Baokkī,바오키,Baoki,爆香猿,爆香猿,Bàoxiāngyuán,simisear
515,Panpour,Sodamak,Flotajou,Panpour,Panpour,ヒヤップ,Hiyappu,앗차프,Atchapeu,冷水猴,冷水猴,Lěngshuǐhóu,panpour
516,Simipour,Sodachita,Flotoutan,Simipour,Simipour,ヒヤッキー,Hiyakkī,앗차키,Atchaki,冷水猿,冷水猿,Lěngshuǐyuán,simipour
517,Munna,Somniam,Munna,Munna,Munna,ムンナ,Munna,몽나,Mongna,食夢夢,食梦梦,Shímèngmèng,munna
518,Musharna,Somnivora,Mushana,Musharna,Musharna,ムシャーナ,Mushāna,몽얌나,Mongyamna,夢夢蝕,梦梦蚀,Mèngmèngshí,musharna
519,Pidove,Dusselgurr,Poichigeon,Pidove,Pidove,マメパト,Mamepato,콩둘기,Kongdulgi,豆豆鴿,豆豆鸽,Dòudòugē,pidove
520,Tranquill,Navitaub,Colombeau,Tranquill,Tranquill,ハトーボー,Hatōbō,유토브,Yutobeu,咕咕鴿,咕咕鸽,Gūgūgē,tranquill
521,Unfezant,Fasasnob,Déflaisan,Unfezant,Unfezant,ケンホロウ,Kenhorō,켄호로우,Kenhorou,高傲雉雞,高傲雉鸡,Gāo'àozhìjī,unfezant
522,Blitzle,Elezeba,Zébibron,Blitzle,Blitzle,シママ,Shimama,줄뮤마,Julmyuma,斑斑馬,斑斑马,Bānbānmǎ,blitzle
523,Zebstrika,Zebritz,Zéblitz,Zebstrika,Zebstrika,ゼブライカ,Zeburaika,제브라이카,Jebeuraika,雷電斑馬,雷电斑马,Léidiànbānmǎ,zebstrika
524,Roggenrola,Kiesling,Nodulithe,Roggenrola,Roggenrola,ダンゴロ,Dangoro,단굴,Dangul,石丸子,石丸子,Shíwánzi,roggenrola
525,Boldore,Sedimantur,Géolithe,Boldore,Boldore,ガントル,Gantoru,암트르,Amteureu,地幔岩,地幔岩,Dìmànyán,boldore
526,Gigalith,Brockoloss,Gigalithe,Gigalith,Gigalith,ギガイアス,Gigaiasu,기가이어스,Gigaieoseu,龐岩怪,庞岩怪,Pángyánguài,gigalith
527,Woobat,Fleknoil,Chovsourir,Woobat,Woobat,コロモリ,Koromori,또르박쥐,Ttoreubakjwi,滾滾蝙蝠,滚滚蝙蝠,Gǔngǔnbiānfú,woobat
528,Swoobat,Fletiamo,Rhinolove,Swoobat,Swoobat,ココロモリ,Kokoromori,맘박쥐,Mambakjwi,心蝙蝠,心蝙蝠,Xīnbiānfú,swoobat
529,Drilbur,Rotomurf,Rototaupe,Drilbur,Drilbur,モグリュー,Moguryū,두더류,Dudeoryu,螺釘地鼠,螺钉地鼠,Luódīngdìshǔ,drilbur
530,Excadrill,Stalobor,Minotaupe,Excadrill,Excadrill,ドリュウズ,Doryūzu,몰드류,Moldeuryu,龍頭地鼠,龙头地鼠,Lóngtóudìshǔ,excadrill
531,Audino,Ohrdoch,Nanméouïe,Audino,Audino,タブンネ,Tabunne,다부니,Dabuni,差不多娃娃,差不多娃娃,Chàbùduōwáwá,audino
532,Timburr,Praktibalk,Charpenti,Timburr,Timburr,ドッコラー,Dokkorā,으랏차,Euratcha,搬運小匠,搬运小匠,Bānyùnxiǎojiàng,timburr
533,Gurdurr,Strepoli,Ouvrifier,Gurdurr,Gurdurr,ドテッコツ,Dotekkotsu,토쇠골,Tosoegol,鐵骨土人,铁骨土人,Tiěgǔtǔrén,gurdurr
534,Conkeldurr,Meistagrif,Bétochef,Conkeldurr,Conkeldurr,ローブシン,Rōbushin,노보청,Nobocheong,修建老匠,修建老匠,Xiūjiànlǎojiàng,conkeldurr
535,Tympole,Schallquap,Tritonde,Tympole,Tympole,オタマロ,Otamaro,동챙이,Dongchaengi,圓蝌蚪,圆蝌蚪,Yuánkēdǒu,tympole
536,Palpitoad,Mebrana,Batracné,Palpitoad,Palpitoad,ガマガル,Gamagaru,두까비,Dukkabi,藍蟾蜍,蓝蟾蜍,Lánchánchú,palpitoad
537,Seismitoad,Branawarz,Crapustule,Seismitoad,Seismitoad,ガマゲロゲ,Gamageroge,두빅굴,Dubikgul,蟾蜍王,蟾蜍王,Chánchúwáng,seismitoad
538,Throh,Jiutesto,Judokrak,Throh,Throh,ナゲキ,Nageki,던지미,Deonjimi,投摔鬼,投摔鬼,Tóushuāiguǐ,throh
539,Sawk,Karadonis,Karaclée,Sawk,Sawk,ダゲキ,Dageki,타격귀,Tagyeokgwi,打擊鬼,打击鬼,Dǎjíguǐ,sawk
540,Sewaddle,Strawickl,Larveyette,Sewaddle,Sewaddle,クルミル,Kurumiru,두르보,Dureubo,蟲寶包,虫宝包,Chóngbǎobāo,sewaddle
541,Swadloon,Folikon,Couverdure,Swadloon,Swadloon,クルマユ,Kurumayu,두르쿤,Dureukun,寶包繭,宝包茧,Bǎobāojiǎn,swadloon
542,Leavanny,Matrifol,Manternel,Leavanny,Leavanny,ハハコモリ,Hahakomori,모아머,Moameo,保母蟲,保姆虫,Bǎomǔchóng,leavanny
543,Venipede,Toxiped,Venipatte,Venipede,Venipede,フシデ,Fushide,마디네,Madine,百足蜈蚣,百足蜈蚣,Bǎizúwúgōng,venipede
544,Whirlipede,Rollum,Scobolide,Whirlipede,Whirlipede,ホイーガ,Hoīga,휠구,Hwilgu,車輪毬,车轮球,Chēlúnqiú,whirlipede
545,Scolipede,Cerapendra,Brutapode,Scolipede,Scolipede,ペンドラー,Pendorā,펜드라,Pendeura,蜈蚣王,蜈蚣王,Wúgōngwáng,scolipede
546,Cottonee,Waumboll,Doudouvet,Cottonee,Cottonee,モンメン,Monmen,소미안,Somian,木棉球,木棉球,Mùmiánqiú,cottonee
547,Whimsicott,Elfun,Farfaduvet,Whimsicott,Whimsicott,エルフーン,Erufūn,엘풍,Elpung,風妖精,风妖精,Fēngyāojing,whimsicott
548,Petilil,Lilminip,Chlorobule,Petilil,Petilil,チュリネ,Churine,치릴리,Chirilli,百合根娃娃,百合根娃娃,Bǎihégēnwáwá,petilil
549,Lilligant,Dressella,Fragilady,Lilligant,Lilligant,ドレディア,Doredia,드레디어,Deuredieo,裙兒小姐,裙儿小姐,Qún'érxiǎojiě,lilligant
550,Basculin,Barschuft,Bargantua,Basculin,Basculin,バスラオ,Basurao,배쓰나이,Baesseunai,野蠻鱸魚,野蛮鲈鱼,Yěmánlúyú,basculin
551,Sandile,Ganovil,Mascaïman,Sandile,Sandile,メグロコ,Meguroko,깜눈크,Kkamnunkeu,黑眼鱷,黑眼鳄,Hēiyǎn'è,sandile
552,Krokorok,Rokkaiman,Escroco,Krokorok,Krokorok,ワルビル,Warubiru,악비르,Akbireu,混混鱷,混混鳄,Hùnhun'è,krokorok
553,Krookodile,Rabigator,Crocorible,Krookodile,Krookodile,ワルビアル,Warubiaru,악비아르,Akbiareu,流氓鱷,流氓鳄,Liúmáng'è,krookodile
554,Darumaka,Flampion,Darumarond,Darumaka,Darumaka,ダルマッカ,Darumakka,달막화,Dalmakhwa,火紅不倒翁,火红不倒翁,Huǒhóngbùdǎowēng,darumaka
555,Darmanitan,Flampivian,Darumacho,Darmanitan,Darmanitan,ヒヒダルマ,Hihidaruma,불비달마,Bulbidalma,達摩狒狒,达摩狒狒,Dámófèifèi,darmanitan
556,Maractus,Maracamba,Maracachi,Maractus,Maractus,マラカッチ,Marakatchi,마라카치,Marakachi,沙鈴仙人掌,沙铃仙人掌,Shālíngxiānrénzhǎng,maractus
557,Dwebble,Lithomith,Crabicoque,Dwebble,Dwebble,イシズマイ,Ishizumai,돌살이,Dolsari,石居蟹,石居蟹,Shíjūxiè,dwebble
558,Crustle,Castellith,Crabaraque,Crustle,Crustle,イワパレス,Iwaparesu,암팰리스,Ampaelliseu,岩殿居蟹,岩殿居蟹,Yándiànjūxiè,crustle
559,Scraggy,Zurrokex,Baggiguane,Scraggy,Scraggy,ズルッグ,Zuruggu,곤율랭,Gonyullaeng,滑滑小子,滑滑小子,Huáhuáxiǎozi,scraggy
560,Scrafty,Irokex,Baggaïd,Scrafty,Scrafty,ズルズキン,Zuruzukin,곤율거니,Gonyulgeoni,頭巾混混,头巾混混,Tóujīnhùnhun,scrafty
561,Sigilyph,Symvolara,Cryptéro,Sigilyph,Sigilyph,シンボラー,Shinborā,심보러,Simboreo,象徵鳥,象征鸟,Xiàngzhēngniǎo,sigilyph
562,Yamask,Makabaja,Tutafeh,Yamask,Yamask,デスマス,Desumasu,데스마스,Deseumaseu,哭哭面具,哭哭面具,Kūkūmiànjù,yamask
563,Cofagrigus,Echnatoll,Tutankafer,Cofagrigus,Cofagrigus,デスカーン,Desukān,데스니칸,Deseunikan,死神棺,迭失棺,Sǐshénguān,cofagrigus
564,Tirtouga,Galapaflos,Carapagos,Tirtouga,Tirtouga,プロトーガ,Purotōga,프로토가,Peurotoga,原蓋海龜,原盖海龟,Yuángàihǎiguī,tirtouga
565,Carracosta,Karippas,Mégapagos,Carracosta,Carracosta,アバゴーラ,Abagōra,늑골라,Neukgolla,肋骨海龜,肋骨海龟,Lèigǔhǎiguī,carracosta
566,Archen,Flapteryx,Arkéapti,Archen,Archen,アーケン,Āken,아켄,Aken,始祖小鳥,始祖小鸟,Shǐzǔxiǎoniǎo,archen
567,Archeops,Aeropteryx,Aéroptéryx,Archeops,Archeops,アーケオス,Ākeosu,아케오스,Akeoseu,始祖大鳥,始祖大鸟,Shǐzǔdàniǎo,archeops
568,Trubbish,Unratütox,Miamiasme,Trubbish,Trubbish,ヤブクロン,Yabukuron,깨봉이,Kkaebongi,破破袋,破破袋,Pòpòdài,trubbish
569,Garbodor,Deponitox,Miasmax,Garbodor,Garbodor,ダストダス,Dasutodasu,더스트나,Deoseuteuna,灰塵山,灰尘山,Huīchénshān,garbodor
570,Zorua,Zorua,Zorua,Zorua,Zorua,ゾロア,Zoroa,조로아,Joroa,索羅亞,索罗亚,Suǒluóyǎ,zorua
571,Zoroark,Zoroark,Zoroark,Zoroark,Zoroark,ゾロアーク,Zoroāku,조로아크,Joroakeu,索羅亞克,索罗亚克,Suǒluóyǎkè,zoroark
572,Minccino,Picochilla,Chinchidou,Minccino,Minccino,チラーミィ,Chirāmī,치라미,Chirami,泡沫栗鼠,泡沫栗鼠,Pàomòlìshǔ,minccino
573,Cinccino,Chillabell,Pashmilla,Cinccino,Cinccino,チラチーノ,Chirachīno,치라치노,Chirachino,奇諾栗鼠,奇诺栗鼠,Qínuòlìshǔ,cinccino
574,Gothita,Mollimorba,Scrutella,Gothita,Gothita,ゴチム,Gochimu,고디탱,Goditaeng,哥德寶寶,哥德宝宝,Gēdébǎobao,gothita
575,Gothorita,Hypnomorba,Mesmérella,Gothorita,Gothorita,ゴチミル,Gochimiru,고디보미,Godibomi,哥德小童,哥德小童,Gēdéxiǎotóng,gothorita
576,Gothitelle,Morbitesse,Sidérella,Gothitelle,Gothitelle,ゴチルゼル,Gochiruzeru,고디모아젤,Godimoajel,哥德小姐,哥德小姐,Gēdéxiǎojiě,gothitelle
577,Solosis,Monozyto,Nucléos,Solosis,Solosis,ユニラン,Yuniran,유니란,Yuniran,單卵細胞球,单卵细胞球,Dānluǎnxìbāoqiú,solosis
578,Duosion,Mitodos,Méios,Duosion,Duosion,ダブラン,Daburan,듀란,Dyuran,雙卵細胞球,双卵细胞球,Shuāngluǎnxìbāoqiú,duosion
579,Reuniclus,Zytomega,Symbios,Reuniclus,Reuniclus,ランクルス,Rankurusu,란쿨루스,Rankulluseu,人造細胞卵,人造细胞卵,Rénzàoxìbāoluǎn,reuniclus
580,Ducklett,Piccolente,Couaneton,Ducklett,Ducklett,コアルヒー,Koaruhī,꼬지보리,Kkojibori,鴨寶寶,鸭宝宝,Yābǎobao,ducklett
581,Swanna,Swaroness,Lakmécygne,Swanna,Swanna,スワンナ,Suwanna,스완나,Seuwanna,舞天鵝,舞天鹅,Wǔtiān'é,swanna
582,Vanillite,Gelatini,Sorbébé,Vanillite,Vanillite,バニプッチ,Baniputchi,바닐프티,Banilpeuti,迷你冰,迷你冰,Mínǐbīng,vanillite
583,Vanillish,Gelatroppo,Sorboul,Vanillish,Vanillish,バニリッチ,Baniritchi,바닐리치,Banillichi,多多冰,多多冰,Duōduōbīng,vanillish
584,Vanilluxe,Gelatwino,Sorbouboul,Vanilluxe,Vanilluxe,バイバニラ,Baibanira,배바닐라,Baebanilla,雙倍多多冰,双倍多多冰,Shuāngbèiduōduōbīng,vanilluxe
585,Deerling,Sesokitz,Vivaldaim,Deerling,Deerling,シキジカ,Shikijika,사철록,Sacheollok,四季鹿,四季鹿,Sìjìlù,deerling
586,Sawsbuck,Kronjuwild,Haydaim,Sawsbuck,Sawsbuck,メブキジカ,Mebukijika,바라철록,Baracheollok,萌芽鹿,萌芽鹿,Méngyálù,sawsbuck
587,Emolga,Emolga,Emolga,Emolga,Emolga,エモンガ,Emonga,에몽가,Emongga,電飛鼠,电飞鼠,Diànfēishǔ,emolga
588,Karrablast,Laukaps,Carabing,Karrablast,Karrablast,カブルモ,Kaburumo,딱정곤,Ttakjeonggon,蓋蓋蟲,盖盖虫,Gàigàichóng,karrablast
589,Escavalier,Cavalanzas,Lançargot,Escavalier,Escavalier,シュバルゴ,Shubarugo,슈바르고,Syubareugo,騎士蝸牛,骑士蜗牛,Qíshìguāniú,escavalier
590,Foongus,Tarnpignon,Trompignon,Foongus,Foongus,タマゲタケ,Tamagetake,깜놀버슬,Kkamnolbeoseul,哎呀球菇,哎呀球菇,Āiyāqiúgū,foongus
591,Amoonguss,Hutsassa,Gaulet,Amoonguss,Amoonguss,モロバレル,Morobareru,뽀록나,Pporongna,敗露球菇,败露球菇,Bàilùqiúgū,amoonguss
592,Frillish,Quabbel,Viskuse,Frillish,Frillish,プルリル,Pururiru,탱그릴,Taenggeuril,輕飄飄,轻飘飘,Qīngpiāopiāo,frillish
593,Jellicent,Apoquallyp,Moyade,Jellicent,Jellicent,ブルンゲル,Burungeru,탱탱겔,Taengtaenggel,胖嘟嘟,胖嘟嘟,Pàngdūdū,jellicent
594,Alomomola,Mamolida,Mamanbo,Alomomola,Alomomola,ママンボウ,Mamanbō,맘복치,Mambokchi,保母曼波,保姆曼波,Bǎomǔmànbō,alomomola
595,Joltik,Wattzapf,Statitik,Joltik,Joltik,バチュル,Bachuru,파쪼옥,Pajjook,電電蟲,电电虫,Diàndiànchóng,joltik
596,Galvantula,Voltula,Mygavolt,Galvantula,Galvantula,デンチュラ,Denchura,전툴라,Jeontulla,電蜘蛛,电蜘蛛,Diànzhīzhū,galvantula
597,Ferroseed,Kastadur,Grindur,Ferroseed,Ferroseed,テッシード,Tesshīdo,철시드,Cheolsideu,種子鐵球,种子铁球,Zhǒngzǐtiěqiú,ferroseed
598,Ferrothorn,Tentantel,Noacier,Ferrothorn,Ferrothorn,ナットレイ,Nattorei,너트령,Neoteuryeong,堅果啞鈴,坚果哑铃,Jiānguǒyǎlíng,ferrothorn
599,Klink,Klikk,Tic,Klink,Klink,ギアル,Giaru,기어르,Gieoreu,齒輪兒,齿轮儿,Chǐlún'ér,klink
600,Klang,Kliklak,Clic,Klang,Klang,ギギアル,Gigiaru,기기어르,Gigieoreu,齒輪組,齿轮组,Chǐlúnzǔ,klang
601,Klinklang,Klikdiklak,Cliticlic,Klinklang,Klinklang,ギギギアル,Gigigiaru,기기기어르,Gigigieoreu,齒輪怪,齿轮怪,Chǐlúnguài,klinklang
602,Tynamo,Zapplardin,Anchwatt,Tynamo,Tynamo,シビシラス,Shibishirasu,저리어,Jeorieo,麻麻小魚,麻麻小鱼,Mámáxiǎoyú,tynamo
603,Eelektrik,Zapplalek,Lampéroie,Eelektrik,Eelektrik,シビビール,Shibibīru,저리릴,Jeoriril,麻麻鰻,麻麻鳗,Mámámán,eelektrik
604,Eelektross,Zapplarang,Ohmassacre,Eelektross,Eelektross,シビルドン,Shibirudon,저리더프,Jeorideopeu,麻麻鰻魚王,麻麻鳗鱼王,Mámámányúwáng,eelektross
605,Elgyem,Pygraulon,Lewsor,Elgyem,Elgyem,リグレー,Rigurē,리그레,Rigeure,小灰怪,小灰怪,Xiǎohuīguài,elgyem
606,Beheeyem,Megalon,Neitram,Beheeyem,Beheeyem,オーベム,Ōbemu,벰크,Bemkeu,大宇怪,大宇怪,Dàyǔguài,beheeyem
607,Litwick,Lichtel,Funécire,Litwick,Litwick,ヒトモシ,Hitomoshi,불켜미,Bulkyeomi,燭光靈,烛光灵,Zhúguānglíng,litwick
608,Lampent,Laternecto,Mélancolux,Lampent,Lampent,ランプラー,Ranpurā,램프라,Raempeura,燈火幽靈,灯火幽灵,Dēnghuǒyōulíng,lampent
609,Chandelure,Skelabra,Lugulabre,Chandelure,Chandelure,シャンデラ,Shandera,샹델라,Syangdella,水晶燈火靈,水晶灯火灵,Shuǐjīngdēnghuǒlíng,chandelure
610,Axew,Milza,Coupenotte,Axew,Axew,キバゴ,Kibago,터검니,Teogeomni,牙牙,牙牙,Yáyá,axew
611,Fraxure,Sharfax,Incisache,Fraxure,Fraxure,オノンド,Onondo,액슨도,Aekseundo,斧牙龍,斧牙龙,Fǔyálóng,fraxure
612,Haxorus,Maxax,Tranchodon,Haxorus,Haxorus,オノノクス,Ononokusu,액스라이즈,Aekseuraijeu,雙斧戰龍,双斧战龙,Shuāngfǔzhànlóng,haxorus
613,Cubchoo,Petznief,Polarhume,Cubchoo,Cubchoo,クマシュン,Kumashun,코고미,Kogomi,噴嚏熊,喷嚏熊,Pēntìxióng,cubchoo
614,Beartic,Siberio,Polagriffe,Beartic,Beartic,ツンベアー,Tsunbeā,툰베어,Tunbeeo,凍原熊,冻原熊,Dòngyuánxióng,beartic
615,Cryogonal,Frigometri,Hexagel,Cryogonal,Cryogonal,フリージオ,Furījio,프리지오,Peurijio,幾何雪花,几何雪花,Jǐhéxuěhuā,cryogonal
616,Shelmet,Schnuthelm,Escargaume,Shelmet,Shelmet,チョボマキ,Chobomaki,쪼마리,Jjomari,小嘴蝸,小嘴蜗,Xiǎozuǐguā,shelmet
617,Accelgor,Hydragil,Limaspeed,Accelgor,Accelgor,アギルダー,Agirudā,어지리더,Eojirideo,敏捷蟲,敏捷虫,Mǐnjiéchóng,accelgor
618,Stunfisk,Flunschlik,Limonde,Stunfisk,Stunfisk,マッギョ,Maggyo,메더,Medeo,泥巴魚,泥巴鱼,Níbāyú,stunfisk
619,Mienfoo,Lin-Fu,Kungfouine,Mienfoo,Mienfoo,コジョフー,Kojofū,비조푸,Bijopu,功夫鼬,功夫鼬,Gōngfuyòu,mienfoo
620,Mienshao,Wie-Shu,Shaofouine,Mienshao,Mienshao,コジョンド,Kojondo,비조도,Bijodo,師父鼬,师父鼬,Shīfuyòu,mienshao
621,Druddigon,Shardrago,Drakkarmin,Druddigon,Druddigon,クリムガン,Kurimugan,크리만,Keuriman,赤面龍,赤面龙,Chìmiànlóng,druddigon
622,Golett,Golbit,Gringolem,Golett,Golett,ゴビット,Gobitto,골비람,Golbiram,泥偶小人,泥偶小人,Ní'ǒuxiǎorén,golett
623,Golurk,Golgantes,Golemastoc,Golurk,Golurk,ゴルーグ,Gorūgu,골루그,Gollugeu,泥偶巨人,泥偶巨人,Ní'ǒujùrén,golurk
624,Pawniard,Gladiantri,Scalpion,Pawniard,Pawniard,コマタナ,Komatana,자망칼,Jamangkal,駒刀小兵,驹刀小兵,Jūdāoxiǎobīng,pawniard
625,Bisharp,Caesurio,Scalproie,Bisharp,Bisharp,キリキザン,Kirikizan,절각참,Jeolgakcham,劈斬司令,劈斩司令,Pīzhǎnsīlìng,bisharp
626,Bouffalant,Bisofank,Frison,Bouffalant,Bouffalant,バッフロン,Baffuron,버프론,Beopeuron,爆炸頭水牛,爆炸头水牛,Bàozhàtóushuǐniú,bouffalant
627,Rufflet,Geronimatz,Furaiglon,Rufflet,Rufflet,ワシボン,Washibon,수리둥보,Suridungbo,毛頭小鷹,毛头小鹰,Máotóuxiǎoyīng,rufflet
628,Braviary,Washakwil,Gueriaigle,Braviary,Braviary,ウォーグル,Wōguru,워글,Wogeul,勇士雄鷹,勇士雄鹰,Yǒngshìxióngyīng,braviary
629,Vullaby,Skallyk,Vostourno,Vullaby,Vullaby,バルチャイ,Baruchai,벌차이,Beolchai,禿鷹丫頭,秃鹰丫头,Tūyīngyātou,vullaby
630,Mandibuzz,Grypheldis,Vaututrice,Mandibuzz,Mandibuzz,バルジーナ,Barujīna,버랜지나,Beoraenjina,禿鷹娜,秃鹰娜,Tūyīngnà,mandibuzz
631,Heatmor,Furnifraß,Aflamanoir,Heatmor,Heatmor,クイタラン,Kuitaran,앤티골,Aentigol,熔蟻獸,熔蚁兽,Róngyǐshòu,heatmor
632,Durant,Fermicula,Fermite,Durant,Durant,アイアント,Aianto,아이앤트,Aiaenteu,鐵蟻,铁蚁,Tiěyǐ,durant
633,Deino,Kapuno,Solochi,Deino,Deino,モノズ,Monozu,모노두,Monodu,單首龍,单首龙,Dānshǒulóng,deino
634,Zweilous,Duodino,Diamat,Zweilous,Zweilous,ジヘッド,Jiheddo,디헤드,Dihedeu,雙首暴龍,双首暴龙,Shuāngshǒubàolóng,zweilous
635,Hydreigon,Trikephalo,Trioxhydre,Hydreigon,Hydreigon,サザンドラ,Sazandora,삼삼드래,Samsamdeurae,三首惡龍,三首恶龙,Sānshǒu'èlóng,hydreigon
636,Larvesta,Ignivor,Pyronille,Larvesta,Larvesta,メラルバ,Meraruba,활화르바,Hwalhwareuba,燃燒蟲,燃烧虫,Ránshāochóng,larvesta
637,Volcarona,Ramoth,Pyrax,Volcarona,Volcarona,ウルガモス,Urugamosu,불카모스,Bulkamoseu,火神蛾,火神蛾,Huǒshén'é,volcarona
638,Cobalion,Kobalium,Cobaltium,Cobalion,Cobalion,コバルオン,Kobaruon,코바르온,Kobareuon,勾帕路翁,勾帕路翁,Gōupàlùwēng,cobalion
639,Terrakion,Terrakium,Terrakium,Terrakion,Terrakion,テラキオン,Terakion,테라키온,Terakion,代拉基翁,代拉基翁,Dàilājīwēng,terrakion
640,Virizion,Viridium,Viridium,Virizion,Virizion,ビリジオン,Birijion,비리디온,Biridion,畢力吉翁,毕力吉翁,Bìlìjíwēng,virizion
641,Tornadus,Boreos,Boréas,Tornadus,Tornadus,トルネロス,Torunerosu,토네로스,Toneroseu,龍捲雲,龙卷云,Lóngjuǎnyún,tornadus
642,Thundurus,Voltolos,Fulguris,Thundurus,Thundurus,ボルトロス,Borutorosu,볼트로스,Bolteuroseu,雷電雲,雷电云,Léidiànyún,thundurus
643,Reshiram,Reshiram,Reshiram,Reshiram,Reshiram,レシラム,Reshiramu,레시라무,Resiramu,萊希拉姆,莱希拉姆,Láixīlāmǔ,reshiram
644,Zekrom,Zekrom,Zekrom,Zekrom,Zekrom,ゼクロム,Zekuromu,제크로무,Jekeuromu,捷克羅姆,捷克罗姆,Jiékèluómǔ,zekrom
645,Landorus,Demeteros,Démétéros,Landorus,Landorus,ランドロス,Randorosu,랜드로스,Raendeuroseu,土地雲,土地云,Tǔdìyún,landorus
646,Kyurem,Kyurem,Kyurem,Kyurem,Kyurem,キュレム,Kyuremu,큐레무,Kyuremu,酋雷姆,酋雷姆,Qiúléimǔ,kyurem
647,Keldeo,Keldeo,Keldeo,Keldeo,Keldeo,ケルディオ,Kerudio,케르디오,Kereudio,凱路迪歐,凯路迪欧,Kǎilùdí'ōu,keldeo
648,Meloetta,Meloetta,Meloetta,Meloetta,Meloetta,メロエッタ,Meroetta,메로엣타,Meroetta,美洛耶塔,美洛耶塔,Měiluòyétǎ,meloetta
649,Genesect,Genesect,Genesect,Genesect,Genesect,ゲノセクト,Genosekuto,게노세크트,Genosekeuteu,蓋諾賽克特,盖诺赛克特,Gàinuòsàikètè,genesect
650,Chespin,Igamaro,Marisson,Chespin,Chespin,ハリマロン,Harimaron,도치마론,Dochimaron,哈力栗,哈力栗,Hālìlì,chespin
651,Quilladin,Igastarnish,Boguérisse,Quilladin,Quilladin,ハリボーグ,Haribōgu,도치보구,Dochibogu,胖胖哈力,胖胖哈力,Pàngpànghālì,quilladin
652,Chesnaught,Brigaron,Blindépique,Chesnaught,Chesnaught,ブリガロン,Burigaron,브리가론,Beurigaron,布里卡隆,布里卡隆,Bùlǐkǎlóng,chesnaught
653,Fennekin,Fynx,Feunnec,Fennekin,Fennekin,フォッコ,Fokko,푸호꼬,Puhokko,火狐狸,火狐狸,Huǒhúlí,fennekin
654,Braixen,Rutena,Roussil,Braixen,Braixen,テールナー,Tērunā,테르나,Tereuna,長尾火狐,长尾火狐,Chángwěihuǒhú,braixen
655,Delphox,Fennexis,Goupelin,Delphox,Delphox,マフォクシー,Mafokushī,마폭시,Mapoksi,妖火紅狐,妖火红狐,Yāohuǒhónghú,delphox
656,Froakie,Froxy,Grenousse,Froakie,Froakie,ケロマツ,Keromatsu,개구마르,Gaegumareu,呱呱泡蛙,呱呱泡蛙,Guāguāpàowā,froakie
657,Frogadier,Amphizel,Croâporal,Frogadier,Frogadier,ゲコガシラ,Gekogashira,개굴반장,Gaegulbanjang,呱頭蛙,呱头蛙,Guātóuwā,frogadier
658,Greninja,Quajutsu,Amphinobi,Greninja,Greninja,ゲッコウガ,Gekkōga,개굴닌자,Gaegullinja,甲賀忍蛙,甲贺忍蛙,Jiǎhèrěnwā,greninja
659,Bunnelby,Scoppel,Sapereau,Bunnelby,Bunnelby,ホルビー,Horubī,파르빗,Pareubit,掘掘兔,掘掘兔,Juéjuétù,bunnelby
660,Diggersby,Grebbit,Excavarenne,Diggersby,Diggersby,ホルード,Horūdo,파르토,Pareuto,掘地兔,掘地兔,Juédìtù,diggersby
661,Fletchling,Dartiri,Passerouge,Fletchling,Fletchling,ヤヤコマ,Yayakoma,화살꼬빈,Hwasalkkobin,小箭雀,小箭雀,Xiǎojiànquè,fletchling
662,Fletchinder,Dartignis,Braisillon,Fletchinder,Fletchinder,ヒノヤコマ,Hinoyakoma,불화살빈,Bulhwasalbin,火箭雀,火箭雀,Huǒjiànquè,fletchinder
663,Talonflame,Fiaro,Flambusard,Talonflame,Talonflame,ファイアロー,Faiarō,파이어로,Paieoro,烈箭鷹,烈箭鹰,Lièjiànyīng,talonflame
664,Scatterbug,Purmel,Lépidonille,Scatterbug,Scatterbug,コフキムシ,Kofukimushi,분이벌레,Bunibeolle,粉蝶蟲,粉蝶虫,Fěndiéchóng,scatterbug
665,Spewpa,Puponcho,Pérégrain,Spewpa,Spewpa,コフーライ,Kofūrai,분떠도리,Buntteodori,粉蝶蛹,粉蝶蛹,Fěndiéyǒng,spewpa
666,Vivillon,Vivillon,Prismillon,Vivillon,Vivillon,ビビヨン,Bibiyon,비비용,Bibiyong,彩粉蝶,彩粉蝶,Cǎifěndié,vivillon
667,Litleo,Leufeo,Hélionceau,Litleo,Litleo,シシコ,Shishiko,레오꼬,Reokko,小獅獅,小狮狮,Xiǎoshīshī,litleo
668,Pyroar,Pyroleo,Némélios,Pyroar,Pyroar,カエンジシ,Kaenjishi,화염레오,Hwayeomneo,火炎獅,火炎狮,Huǒyánshī,pyroar
669,Flabébé,Flabébé,Flabébé,Flabébé,Flabébé,フラベベ,Furabebe,플라베베,Peullabebe,花蓓蓓,花蓓蓓,Huābèibèi,flabebe
670,Floette,Floette,Floette,Floette,Floette,フラエッテ,Furaette,플라엣테,Peullaette,花葉蒂,花叶蒂,Huāyèdì,floette
671,Florges,Florges,Florges,Florges,Florges,フラージェス,Furājesu,플라제스,Peullajeseu,花潔夫人,花洁夫人,Huājiéfūrén,florges
672,Skiddo,Mähikel,Cabriolaine,Skiddo,Skiddo,メェークル,Mēkuru,메이클,Meikeul,坐騎小羊,坐骑小羊,Zuòqíxiǎoyáng,skiddo
673,Gogoat,Chevrumm,Chevroum,Gogoat,Gogoat,ゴーゴート,Gōgōto,고고트,Gogoteu,坐騎山羊,坐骑山羊,Zuòqíshānyáng,gogoat
674,Pancham,Pam-Pam,Pandespiègle,Pancham,Pancham,ヤンチャム,Yanchamu,판짱,Panjjang,頑皮熊貓,顽皮熊猫,Wánpíxióngmāo,pancham
675,Pangoro,Pandagro,Pandarbare,Pangoro,Pangoro,ゴロンダ,Goronda,부란다,Buranda,流氓熊貓,霸道熊猫,Liúmángxióngmāo,pangoro
676,Furfrou,Coiffwaff,Couafarel,Furfrou,Furfrou,トリミアン,Torimian,트리미앙,Teurimiang,多麗米亞,多丽米亚,Duōlìmǐyǎ,furfrou
677,Espurr,Psiau,Psystigri,Espurr,Espurr,ニャスパー,Nyasupā,냐스퍼,Nyaseupeo,妙喵,妙喵,Miàomiāo,espurr
678,Meowstic,Psiaugon,Mistigrix,Meowstic,Meowstic,ニャオニクス,Nyaonikusu,냐오닉스,Nyaonikseu,超能妙喵,超能妙喵,Chāonéngmiàomiāo,meowstic
679,Honedge,Gramokles,Monorpale,Honedge,Honedge,ヒトツキ,Hitotsuki,단칼빙,Dankalbing,獨劍鞘,独剑鞘,Dújiànqiào,honedge
680,Doublade,Duokles,Dimoclès,Doublade,Doublade,ニダンギル,Nidangiru,쌍검킬,Ssanggeomkil,雙劍鞘,双剑鞘,Shuāngjiànqiào,doublade
681,Aegislash,Durengard,Exagide,Aegislash,Aegislash,ギルガルド,Girugarudo,킬가르도,Kilgareudo,堅盾劍怪,坚盾剑怪,Jiāndùnjiànguài,aegislash
682,Spritzee,Parfi,Fluvetin,Spritzee,Spritzee,シュシュプ,Shushupu,슈쁘,Syuppeu,粉香香,粉香香,Fěnxiāngxiāng,spritzee
683,Aromatisse,Parfinesse,Cocotine,Aromatisse,Aromatisse,フレフワン,Furefuwan,프레프티르,Peurepeutireu,芳香精,芳香精,Fāngxiāngjīng,aromatisse
684,Swirlix,Flauschling,Sucroquin,Swirlix,Swirlix,ペロッパフ,Peroppafu,나룸퍼프,Narumpeopeu,綿綿泡芙,绵绵泡芙,Miánmiánpàofú,swirlix
685,Slurpuff,Sabbaione,Cupcanaille,Slurpuff,Slurpuff,ペロリーム,Perorīmu,나루림,Narurim,胖甜妮,胖甜妮,Pàngtiánní,slurpuff
686,Inkay,Iscalar,Sepiatop,Inkay,Inkay,マーイーカ,Māīka,오케이징,Okeijing,好啦魷,好啦鱿,Hǎolayóu,inkay
687,Malamar,Calamanero,Sepiatroce,Malamar,Malamar,カラマネロ,Karamanero,칼라마네로,Kallamanero,烏賊王,乌贼王,Wūzéiwáng,malamar
688,Binacle,Bithora,Opermine,Binacle,Binacle,カメテテ,Kametete,거북손손,Geobuksonson,龜腳腳,龟脚脚,Guījiǎojiǎo,binacle
689,Barbaracle,Thanathora,Golgopathe,Barbaracle,Barbaracle,ガメノデス,Gamenodesu,거북손데스,Geobuksondeseu,龜足巨鎧,龟足巨铠,Guīzújùkǎi,barbaracle
690,Skrelp,Algitt,Venalgue,Skrelp,Skrelp,クズモー,Kuzumō,수레기,Suregi,垃垃藻,垃垃藻,Lèlèzǎo,skrelp
691,Dragalge,Tandrak,Kravarech,Dragalge,Dragalge,ドラミドロ,Doramidoro,드래캄,Deuraekam,毒藻龍,毒藻龙,Dúzǎolóng,dragalge
692,Clauncher,Scampisto,Flingouste,Clauncher,Clauncher,ウデッポウ,Udeppō,완철포,Wancheolpo,鐵臂槍蝦,铁臂枪虾,Tiěbìqiāngxiā,clauncher
693,Clawitzer,Wummer,Gamblast,Clawitzer,Clawitzer,ブロスター,Burosutā,블로스터,Beulloseuteo,鋼炮臂蝦,钢炮臂虾,Gāngpàobìxiā,clawitzer
694,Helioptile,Eguana,Galvaran,Helioptile,Helioptile,エリキテル,Erikiteru,목도리키텔,Mokdorikitel,傘電蜥,伞电蜥,Sǎndiànxī,helioptile
695,Heliolisk,Elezard,Iguolta,Heliolisk,Heliolisk,エレザード,Erezādo,일레도리자드,Illedorijadeu,光電傘蜥,光电伞蜥,Guāngdiànsǎnxī,heliolisk
696,Tyrunt,Balgoras,Ptyranidur,Tyrunt,Tyrunt,チゴラス,Chigorasu,티고라스,Tigoraseu,寶寶暴龍,宝宝暴龙,Bǎobaobàolóng,tyrunt
697,Tyrantrum,Monargoras,Rexillius,Tyrantrum,Tyrantrum,ガチゴラス,Gachigorasu,견고라스,Gyeongoraseu,怪顎龍,怪颚龙,Guài'èlóng,tyrantrum
698,Amaura,Amarino,Amagara,Amaura,Amaura,アマルス,Amarusu,아마루스,Amaruseu,冰雪龍,冰雪龙,Bīngxuělóng,amaura
699,Aurorus,Amagarga,Dragmara,Aurorus,Aurorus,アマルルガ,Amaruruga,아마루르가,Amarureuga,冰雪巨龍,冰雪巨龙,Bīngxuějùlóng,aurorus
700,Sylveon,Feelinara,Nymphali,Sylveon,Sylveon,ニンフィア,Ninfia,님피아,Nimpia,仙子伊布,仙子伊布,Xiānzǐyībù,sylveon
701,Hawlucha,Resladero,Brutalibré,Hawlucha,Hawlucha,ルチャブル,Ruchaburu,루차불,Ruchabul,摔角鷹人,摔角鹰人,Shuāijiǎoyīngrén,hawlucha
702,Dedenne,Dedenne,Dedenne,Dedenne,Dedenne,デデンネ,Dedenne,데덴네,Dedenne,咚咚鼠,咚咚鼠,Dōngdōngshǔ,dedenne
703,Carbink,Rocara,Strassie,Carbink,Carbink,メレシー,Mereshī,멜리시,Mellisi,小碎鑽,小碎钻,Xiǎosuìzuàn,carbink
704,Goomy,Viscora,Mucuscule,Goomy,Goomy,ヌメラ,Numera,미끄메라,Mikkeumera,黏黏寶,黏黏宝,Niánniánbǎo,goomy
705,Sliggoo,Viscargot,Colimucus,Sliggoo,Sliggoo,ヌメイル,Numeiru,미끄네일,Mikkeuneil,黏美兒,黏美儿,Niánměi'er,sliggoo
706,Goodra,Viscogon,Muplodocus,Goodra,Goodra,ヌメルゴン,Numerugon,미끄래곤,Mikkeuraegon,黏美龍,黏美龙,Niánměilóng,goodra
707,Klefki,Clavion,Trousselin,Klefki,Klefki,クレッフィ,Kureffi,클레피,Keullepi,鑰圈兒,钥圈儿,Yàoquān'ér,klefki
708,Phantump,Paragoni,Brocélôme,Phantump,Phantump,ボクレー,Bokurē,나목령,Namongnyeong,小木靈,小木灵,Xiǎomùlíng,phantump
709,Trevenant,Trombork,Desséliande,Trevenant,Trevenant,オーロット,Ōrotto,대로트,Daeroteu,朽木妖,朽木妖,Xiǔmùyāo,trevenant
710,Pumpkaboo,Irrbis,Pitrouille,Pumpkaboo,Pumpkaboo,バケッチャ,Baketcha,호바귀,Hobagwi,南瓜精,南瓜精,Nánguājīng,pumpkaboo
711,Gourgeist,Pumpdjinn,Banshitrouye,Gourgeist,Gourgeist,パンプジン,Panpujin,펌킨인,Peomkinin,南瓜怪人,南瓜怪人,Nánguāguàirén,gourgeist
712,Bergmite,Arktip,Grelaçon,Bergmite,Bergmite,カチコール,Kachikōru,꽁어름,Kkongeoreum,冰寶,冰宝,Bīngbǎo,bergmite
713,Avalugg,Arktilas,Séracrawl,Avalugg,Avalugg,クレベース,Kurebēsu,크레베이스,Keurebeisu,冰岩怪,冰岩怪,Bīngyánguài,avalugg
714,Noibat,eF-eM,Sonistrelle,Noibat,Noibat,オンバット,Onbatto,음뱃,Eumbaet,嗡蝠,嗡蝠,Wēngfú,noibat
715,Noivern,UHaFnir,Bruyverne,Noivern,Noivern,オンバーン,Onbān,음번,Eumbeon,音波龍,音波龙,Yīnbōlóng,noivern
716,Xerneas,Xerneas,Xerneas,Xerneas,Xerneas,ゼルネアス,Zeruneasu,제르네아스,Jereuneaseu,哲爾尼亞斯,哲尔尼亚斯,Zhé'ěrníyǎsī,xerneas
717,Yveltal,Yveltal,Yveltal,Yveltal,Yveltal,イベルタル,Iberutaru,이벨타르,Ibeltareu,伊裴爾塔爾,伊裴尔塔尔,Yīpéi'ěrtǎ'ěr,yveltal
718,Zygarde,Zygarde,Zygarde,Zygarde,Zygarde,ジガルデ,Jigarude,지가르데,Jigareude,基格爾德,基格尔德,Jīgé'ěrdé,zygarde
719,Diancie,Diancie,Diancie,Diancie,Diancie,ディアンシー,Dianshī,디안시,Diansi,蒂安希,蒂安希,Dì'ānxī,diancie
720,Hoopa,Hoopa,Hoopa,Hoopa,Hoopa,フーパ,Fūpa,후파,Hupa,胡帕,胡帕,Húpà,hoopa
721,Volcanion,Volcanion,Volcanion,Volcanion,Volcanion,ボルケニオン,Borukenion,볼케니온,Bolkenion,波爾凱尼恩,波尔凯尼恩,Bō'ěrkǎiní'ēn,volcanion
722,Rowlet,Bauz,Brindibou,Rowlet,Rowlet,モクロー,Mokurō,나몰빼미,Namolppaemi,木木梟,木木枭,Mùmùxiāo,rowlet
723,Dartrix,Arboretoss,Efflèche,Dartrix,Dartrix,フクスロー,Fukusurō,빼미스로우,Ppaemiseurou,投羽梟,投羽枭,Tóuyǔxiāo,dartrix
724,Decidueye,Silvarro,Archéduc,Decidueye,Decidueye,ジュナイパー,Junaipā,모크나이퍼,Mokeunaipeo,狙射樹梟,狙射树枭,Jūshèshùxiāo,decidueye
725,Litten,Flamiau,Flamiaou,Litten,Litten,ニャビー,Nyabī,냐오불,Nyaobul,火斑喵,火斑喵,Huǒbānmiāo,litten
726,Torracat,Miezunder,Matoufeu,Torracat,Torracat,ニャヒート,Nyahīto,냐오히트,Nyaohiteu,炎熱喵,炎热喵,Yánrèmiāo,torracat
727,Incineroar,Fuegro,Félinferno,Incineroar,Incineroar,ガオガエン,Gaogaen,어흥염,Eoheungyeom,熾焰咆哮虎,炽焰咆哮虎,Chìyànpáoxiāohǔ,incineroar
728,Popplio,Robball,Otaquin,Popplio,Popplio,アシマリ,Ashimari,누리공,Nurigong,球球海獅,球球海狮,Qiúqiúhǎishī,popplio
729,Brionne,Marikeck,Otarlette,Brionne,Brionne,オシャマリ,Oshamari,키요공,Kiyogong,花漾海獅,花漾海狮,Huāyànghǎishī,brionne
730,Primarina,Primarene,Oratoria,Primarina,Primarina,アシレーヌ,Ashirēnu,누리레느,Nurireneu,西獅海壬,西狮海壬,Xīshīhǎirén,primarina
731,Pikipek,Peppeck,Picassaut,Pikipek,Pikipek,ツツケラ,Tsutsukera,콕코구리,Kokkoguri,小篤兒,小笃儿,Xiǎodǔ'ér,pikipek
732,Trumbeak,Trompeck,Piclairon,Trumbeak,Trumbeak,ケララッパ,Kerarappa,크라파,Keurapa,喇叭啄鳥,喇叭啄鸟,Lǎbāzhuóniǎo,trumbeak
733,Toucannon,Tukanon,Bazoucan,Toucannon,Toucannon,ドデカバシ,Dodekabashi,왕큰부리,Wangkeunburi,銃嘴大鳥,铳嘴大鸟,Chòngzuǐdàniǎo,toucannon
734,Yungoos,Mangunior,Manglouton,Yungoos,Yungoos,ヤングース,Yangūsu,영구스,Yeongguseu,貓鼬少,猫鼬少,Māoyòushào,yungoos
735,Gumshoos,Manguspektor,Argouste,Gumshoos,Gumshoos,デカグース,Dekagūsu,형사구스,Hyeongsaguseu,貓鼬探長,猫鼬探长,Māoyòutànzhǎng,gumshoos
736,Grubbin,Mabula,Larvibule,Grubbin,Grubbin,アゴジムシ,Agojimushi,턱지충이,Teokjichungi,強顎雞母蟲,强颚鸡母虫,Qiáng'èjīmǔchóng,grubbin
737,Charjabug,Akkup,Chrysapile,Charjabug,Charjabug,デンヂムシ,Denjimushi,전지충이,Jeonjichungi,蟲電寶,虫电宝,Chóngdiànbǎo,charjabug
738,Vikavolt,Donarion,Lucanon,Vikavolt,Vikavolt,クワガノン,Kuwaganon,투구뿌논,Tuguppunon,鍬農炮蟲,锹农炮虫,Qiāonóngpàochóng,vikavolt
739,Crabrawler,Krabbox,Crabagarre,Crabrawler,Crabrawler,マケンカニ,Makenkani,오기지게,Ogijige,好勝蟹,好胜蟹,Hàoshèngxiè,crabrawler
740,Crabominable,Krawell,Crabominable,Crabominable,Crabominable,ケケンカニ,Kekenkani,모단단게,Modandange,好勝毛蟹,好胜毛蟹,Hàoshèngmáoxiè,crabominable
741,Oricorio,Choreogel,Plumeline,Oricorio,Oricorio,オドリドリ,Odoridori,춤추새,Chumchusae,花舞鳥,花舞鸟,Huāwǔniǎo,oricorio
742,Cutiefly,Wommel,Bombydou,Cutiefly,Cutiefly,アブリー,Aburī,에블리,Ebeulli,萌虻,萌虻,Méngméng,cutiefly
743,Ribombee,Bandelby,Rubombelle,Ribombee,Ribombee,アブリボン,Aburibon,에리본,Eribon,蝶結萌虻,蝶结萌虻,Diéjiéméngméng,ribombee
744,Rockruff,Wuffels,Rocabot,Rockruff,Rockruff,イワンコ,Iwanko,암멍이,Ammeongi,岩狗狗,岩狗狗,Yángǒugǒu,rockruff
745,Lycanroc,Wolwerock,Lougaroc,Lycanroc,Lycanroc,ルガルガン,Rugarugan,루가루암,Rugaruam,鬃岩狼人,鬃岩狼人,Zōngyánlángrén,lycanroc
746,Wishiwashi,Lusardin,Froussardine,Wishiwashi,Wishiwashi,ヨワシ,Yowashi,약어리,Yageori,弱丁魚,弱丁鱼,Ruòdīngyú,wishiwashi
747,Mareanie,Garstella,Vorastérie,Mareanie,Mareanie,ヒドイデ,Hidoide,시마사리,Simasari,好壞星,好坏星,Hǎohuàixīng,mareanie
748,Toxapex,Aggrostella,Prédastérie,Toxapex,Toxapex,ドヒドイデ,Dohidoide,더시마사리,Deosimasari,超壞星,超坏星,Chāohuàixīng,toxapex
749,Mudbray,Pampuli,Tiboudet,Mudbray,Mudbray,ドロバンコ,Dorobanko,머드나기,Meodeunagi,泥驢仔,泥驴仔,Nílǘzǎi,mudbray
750,Mudsdale,Pampross,Bourrinos,Mudsdale,Mudsdale,バンバドロ,Banbadoro,만마드,Manmadeu,重泥挽馬,重泥挽马,Zhòngníwǎnmǎ,mudsdale
751,Dewpider,Araqua,Araqua,Dewpider,Dewpider,シズクモ,Shizukumo,물거미,Mulgeomi,滴蛛,滴蛛,Dīzhū,dewpider
752,Araquanid,Aranestro,Tarenbulle,Araquanid,Araquanid,オニシズクモ,Onishizukumo,깨비물거미,Kkaebimulgeomi,滴蛛霸,滴蛛霸,Dīzhūbà,araquanid
753,Fomantis,Imantis,Mimantis,Fomantis,Fomantis,カリキリ,Karikiri,짜랑랑,Jjarangnang,偽螳草,伪螳草,Wěitángcǎo,fomantis
754,Lurantis,Mantidea,Floramantis,Lurantis,Lurantis,ラランテス,Rarantesu,라란티스,Rarantiseu,蘭螳花,兰螳花,Lántánghuā,lurantis
755,Morelull,Bubungus,Spododo,Morelull,Morelull,ネマシュ,Nemashu,자마슈,Jamasyu,睡睡菇,睡睡菇,Shuìshuìgū,morelull
756,Shiinotic,Lamellux,Lampignon,Shiinotic,Shiinotic,マシェード,Mashēdo,마셰이드,Masyeideu,燈罩夜菇,灯罩夜菇,Dēngzhàoyègū,shiinotic
757,Salandit,Molunk,Tritox,Salandit,Salandit,ヤトウモリ,Yatōmori,야도뇽,Yadonyong,夜盜火蜥,夜盗火蜥,Yèdàohuǒxī,salandit
758,Salazzle,Amfira,Malamandre,Salazzle,Salazzle,エンニュート,Ennyūto,염뉴트,Yeomnyuteu,焰后蜥,焰后蜥,Yànhòuxī,salazzle
759,Stufful,Velursi,Nounourson,Stufful,Stufful,ヌイコグマ,Nuikoguma,포곰곰,Pogomgom,童偶熊,童偶熊,Tóng'ǒuxióng,stufful
760,Bewear,Kosturso,Chelours,Bewear,Bewear,キテルグマ,Kiteruguma,이븐곰,Ibeungom,穿著熊,穿着熊,Chuānzhuóxióng,bewear
761,Bounsweet,Frubberl,Croquine,Bounsweet,Bounsweet,アマカジ,Amakaji,달콤아,Dalkoma,甜竹竹,甜竹竹,Tiánzhúzhú,bounsweet
762,Steenee,Frubaila,Candine,Steenee,Steenee,アママイコ,Amamaiko,달무리나,Dalmurina,甜舞妮,甜舞妮,Tiánwǔní,steenee
763,Tsareena,Fruyal,Sucreine,Tsareena,Tsareena,アマージョ,Amājo,달코퀸,Dalkokwin,甜冷美后,甜冷美后,Tiánlěngměihòu,tsareena
764,Comfey,Curelei,Guérilande,Comfey,Comfey,キュワワー,Kyuwawā,큐아링,Kyuaring,花療環環,花疗环环,Huāliáohuánhuán,comfey
765,Oranguru,Kommandutan,Gouroutan,Oranguru,Oranguru,ヤレユータン,Yareyūtan,하랑우탄,Harang-utan,智揮猩,智挥猩,Zhìhuīxīng,oranguru
766,Passimian,Quartermak,Quartermac,Passimian,Passimian,ナゲツケサル,Nagetsukesaru,내던숭이,Naedeonsung-i,投擲猴,投掷猴,Tóuzhíhóu,passimian
767,Wimpod,Reißlaus,Sovkipou,Wimpod,Wimpod,コソクムシ,Kosokumushi,꼬시레,Kkosire,膽小蟲,胆小虫,Dǎnxiǎochóng,wimpod
768,Golisopod,Tectass,Sarmuraï,Golisopod,Golisopod,グソクムシャ,Gusokumusha,갑주무사,Gapjumusa,具甲武者,具甲武者,Jùjiǎwǔzhě,golisopod
769,Sandygast,Sankabuh,Bacabouh,Sandygast,Sandygast,スナバァ,Sunabā,모래꿍,Moraekkung,沙丘娃,沙丘娃,Shāqiūwá,sandygast
770,Palossand,Colossand,Trépassable,Palossand,Palossand,シロデスナ,Shirodesuna,모래성이당,Moraeseongidang,噬沙堡爺,噬沙堡爷,Shìshābǎoyé,palossand
771,Pyukumuku,Gufa,Concombaffe,Pyukumuku,Pyukumuku,ナマコブシ,Namakobushi,해무기,Haemugi,拳海參,拳海参,Quánhǎishēn,pyukumuku
772,Type: Null,Typ:Null,Type:0,Código Cero,Tipo Zero,タイプ：ヌル,Taipu:Nuru,타입:널,Taip:Neol,屬性：空,属性：空,Shǔxìng: Kōng,type-null
773,Silvally,Amigento,Silvallié,Silvally,Silvally,シルヴァディ,Shiruvadi,실버디,Silbeodi,銀伴戰獸,银伴战兽,Yínbànzhànshòu,silvally
774,Minior,Meteno,Météno,Minior,Minior,メテノ,Meteno,메테노,Meteno,小隕星,小陨星,Xiǎoyǔnxīng,minior
775,Komala,Koalelu,Dodoala,Komala,Komala,ネッコアラ,Nekkoara,자말라,Jamalla,樹枕尾熊,树枕尾熊,Shùzhěnwěixióng,komala
776,Turtonator,Tortunator,Boumata,Turtonator,Turtonator,バクガメス,Bakugamesu,폭거북스,Pokgeobukseu,爆焰龜獸,爆焰龟兽,Bàoyànguīshòu,turtonator
777,Togedemaru,Togedemaru,Togedemaru,Togedemaru,Togedemaru,トゲデマル,Togedemaru,토게데마루,Togedemaru,托戈德瑪爾,托戈德玛尔,Tuōgēdémǎ'ěr,togedemaru
778,Mimikyu,Mimigma,Mimiqui,Mimikyu,Mimikyu,ミミッキュ,Mimikkyu,따라큐,Ttarakyu,謎擬Ｑ,谜拟丘,Mínǐ-Q,mimikyu
779,Bruxish,Knirfish,Denticrisse,Bruxish,Bruxish,ハギギシリ,Hagigishiri,치갈기,Chigalgi,磨牙彩皮魚,磨牙彩皮鱼,Móyácǎipíyú,bruxish
780,Drampa,Sen-Long,Draïeul,Drampa,Drampa,ジジーロン,Jijīron,할비롱,Halbirong,老翁龍,老翁龙,Lǎowēnglóng,drampa
781,Dhelmise,Moruda,Sinistrail,Dhelmise,Dhelmise,ダダリン,Dadarin,타타륜,Tataryun,破破舵輪,破破舵轮,Pòpòduòlún,dhelmise
782,Jangmo-o,Miniras,Bébécaille,Jangmo-o,Jangmo-o,ジャラコ,Jarako,짜랑꼬,Jjarangkko,心鱗寶,心鳞宝,Xīnlínbǎo,jangmo-o
783,Hakamo-o,Mediras,Écaïd,Hakamo-o,Hakamo-o,ジャランゴ,Jarango,짜랑고우,Jjaranggou,鱗甲龍,鳞甲龙,Línjiǎlóng,hakamo-o
784,Kommo-o,Grandiras,Ékaïser,Kommo-o,Kommo-o,ジャラランガ,Jararanga,짜랑고우거,Jjaranggougeo,杖尾鱗甲龍,杖尾鳞甲龙,Zhàngwěilínjiǎlóng,kommo-o
785,Tapu Koko,Kapu-Riki,Tokorico,Tapu Koko,Tapu Koko,カプ・コケコ,Kapu Kokeko,카푸꼬꼬꼭,Kapukkokkokkok,卡璞・鳴鳴,卡璞・鸣鸣,Kǎpú Míngmíng,tapu-koko
786,Tapu Lele,Kapu-Fala,Tokopiyon,Tapu Lele,Tapu Lele,カプ・テテフ,Kapu Tetefu,카푸나비나,Kapunabina,卡璞・蝶蝶,卡璞・蝶蝶,Kǎpú Diédié,tapu-lele
787,Tapu Bulu,Kapu-Toro,Tokotoro,Tapu Bulu,Tapu Bulu,カプ・ブルル,Kapu Bururu,카푸브루루,Kapubeururu,卡璞・哞哞,卡璞・哞哞,Kǎpú Mōumōu,tapu-bulu
788,Tapu Fini,Kapu-Kime,Tokopisco,Tapu Fini,Tapu Fini,カプ・レヒレ,Kapu Rehire,카푸느지느,Kapuneujineu,卡璞・鰭鰭,卡璞・鳍鳍,Kǎpú Qíqí,tapu-fini
789,Cosmog,Cosmog,Cosmog,Cosmog,Cosmog,コスモッグ,Kosumoggu,코스모그,Koseumogeu,科斯莫古,科斯莫古,Kēsīmògǔ,cosmog
790,Cosmoem,Cosmovum,Cosmovum,Cosmoem,Cosmoem,コスモウム,Kosumoumu,코스모움,Koseumoum,科斯莫姆,科斯莫姆,Kēsīmòmǔ,cosmoem
791,Solgaleo,Solgaleo,Solgaleo,Solgaleo,Solgaleo,ソルガレオ,Sorugareo,솔가레오,Solgareo,索爾迦雷歐,索尔迦雷欧,Suǒ'ěrjiāléi'ōu,solgaleo
792,Lunala,Lunala,Lunala,Lunala,Lunala,ルナアーラ,Runaāra,루나아라,Runaara,露奈雅拉,露奈雅拉,Lùnàiyǎlā,lunala
793,Nihilego,Anego,Zéroïd,Nihilego,Nihilego,ウツロイド,Utsuroido,텅비드,Teongbideu,虛吾伊德,虚吾伊德,Xūwúyīdé,nihilego
794,Buzzwole,Masskito,Mouscoto,Buzzwole,Buzzwole,マッシブーン,Masshibūn,매시붕,Maesibung,爆肌蚊,爆肌蚊,Bàojīwén,buzzwole
795,Pheromosa,Schabelle,Cancrelove,Pheromosa,Pheromosa,フェローチェ,Ferōche,페로코체,Perokoche,費洛美螂,费洛美螂,Fèiluòměiláng,pheromosa
796,Xurkitree,Voltriant,Câblifère,Xurkitree,Xurkitree,デンジュモク,Denjumoku,전수목,Jeonsumok,電束木,电束木,Diànshùmù,xurkitree
797,Celesteela,Kaguron,Bamboiselle,Celesteela,Celesteela,テッカグヤ,Tekkaguya,철화구야,Cheolhwaguya,鐵火輝夜,铁火辉夜,Tiěhuǒhuīyè,celesteela
798,Kartana,Katagami,Katagami,Kartana,Kartana,カミツルギ,Kamitsurugi,종이신도,Jong-isindo,紙御劍,纸御剑,Zhǐyùjiàn,kartana
799,Guzzlord,Schlingking,Engloutyran,Guzzlord,Guzzlord,アクジキング,Akujikingu,악식킹,Aksikking,惡食大王,恶食大王,Èshídàwáng,guzzlord
800,Necrozma,Necrozma,Necrozma,Necrozma,Necrozma,ネクロズマ,Nekurozuma,네크로즈마,Nekeurojeuma,奈克洛茲瑪,奈克洛兹玛,Nàikèluòzīmǎ,necrozma
801,Magearna,Magearna,Magearna,Magearna,Magearna,マギアナ,Magiana,마기아나,Magiana,瑪機雅娜,玛机雅娜,Mǎjīyǎnà,magearna
802,Marshadow,Marshadow,Marshadow,Marshadow,Marshadow,マーシャドー,Māshadō,마샤도,Masyado,瑪夏多,玛夏多,Mǎxiàduō,marshadow
803,Poipole,Venicro,Vémini,Poipole,Poipole,ベベノム,Bebenomu,베베놈,Bebenom,毒貝比,毒贝比,Dúbèibǐ,poipole
804,Naganadel,Agoyon,Mandrillon,Naganadel,Naganadel,アーゴヨン,Āgoyon,아고용,Agoyong,四顎針龍,四颚针龙,Sì'èzhēnlóng,naganadel
805,Stakataka,Muramura,Ama-Ama,Stakataka,Stakataka,ツンデツンデ,Tsundetsunde,차곡차곡,Chagokchagok,壘磊石,垒磊石,Lěilěishí,stakataka
806,Blacephalon,Kopplosio,Pierroteknik,Blacephalon,Blacephalon,ズガドーン,Zugadōn,두파팡,Dupapang,砰頭小丑,砰头小丑,Pēngtóuxiǎochǒu,blacephalon
807,Zeraora,Zeraora,Zeraora,Zeraora,Zeraora,ゼラオラ,Zeraora,제라오라,Jeraora,捷拉奧拉,捷拉奥拉,Jiélā'àolā,zeraora
808,Meltan,Meltan,Meltan,Meltan,Meltan,メルタン,Merutan,멜탄,Meltan,美錄坦,美录坦,Měilùtǎn,meltan
809,Melmetal,Melmetal,Melmetal,Melmetal,Melmetal,メルメタル,Merumetaru,멜메탈,Melmetal,美錄梅塔,美录梅塔,Měilùméitǎ,melmetal
810,Grookey,Chimpep,Ouistempo,Grookey,Grookey,サルノリ,Sarunori,흥나숭,Heungnasung,敲音猴,敲音猴,Qiāoyīnhóu,grookey
811,Thwackey,Chimstix,Badabouin,Thwackey,Thwackey,バチンキー,Bachinkī,채키몽,Chaekimong,啪咚猴,啪咚猴,Pādōnghóu,thwackey
812,Rillaboom,Gortrom,Gorythmic,Rillaboom,Rillaboom,ゴリランダー,Gorirandā,고릴타,Gorilta,轟擂金剛猩,轰擂金刚猩,Hōngléijīngāngxīng,rillaboom
813,Scorbunny,Hopplo,Flambino,Scorbunny,Scorbunny,ヒバニー,Hibanī,염버니,Yeombeoni,炎兔兒,炎兔儿,Yántù'er,scorbunny
814,Raboot,Kickerlo,Lapyro,Raboot,Raboot,ラビフット,Rabifutto,래비풋,Raebiput,騰蹴小將,腾蹴小将,Téngcùxiǎojiàng,raboot
815,Cinderace,Liberlo,Pyrobut,Cinderace,Cinderace,エースバーン,Ēsubān,에이스번,Eiseubeon,閃焰王牌,闪焰王牌,Shǎnyànwángpái,cinderace
816,Sobble,Memmeon,Larméléon,Sobble,Sobble,メッソン,Messon,울머기,Ulmeogi,淚眼蜥,泪眼蜥,Lèiyǎnxī,sobble
817,Drizzile,Phlegleon,Arrozard,Drizzile,Drizzile,ジメレオン,Jimereon,누겔레온,Nugelle-on,變澀蜥,变涩蜥,Biànsèxī,drizzile
818,Inteleon,Intelleon,Lézargus,Inteleon,Inteleon,インテレオン,Intereon,인텔리레온,Intellire-on,千面避役,千面避役,Qiānmiànbìyì,inteleon
819,Skwovet,Raffel,Rongourmand,Skwovet,Skwovet,ホシガリス,Hoshigarisu,탐리스,Tamriseu,貪心栗鼠,贪心栗鼠,Tānxīnlìshǔ,skwovet
820,Greedent,Schlaraffel,Rongrigou,Greedent,Greedent,ヨクバリス,Yokubarisu,요씽리스,Yossingriseu,藏飽栗鼠,藏饱栗鼠,Cángbǎolìshǔ,greedent
821,Rookidee,Meikro,Minisange,Rookidee,Rookidee,ココガラ,Kokogara,파라꼬,Parakko,稚山雀,稚山雀,Zhìshānquè,rookidee
822,Corvisquire,Kranoviz,Bleuseille,Corvisquire,Corvisquire,アオガラス,Aogarasu,파크로우,Pakeurou,藍鴉,蓝鸦,Lányā,corvisquire
823,Corviknight,Krarmor,Corvaillus,Corviknight,Corviknight,アーマーガア,Āmāgā,아머까오,Ameokkao,鋼鎧鴉,钢铠鸦,Gāngkǎiyā,corviknight
824,Blipbug,Sensect,Larvadar,Blipbug,Blipbug,サッチムシ,Satchimushi,두루지벌레,Dulujibeolle,索偵蟲,索侦虫,Suǒzhēnchóng,blipbug
825,Dottler,Keradar,Coléodôme,Dottler,Dottler,レドームシ,Redōmushi,레돔벌레,Redombeolle,天罩蟲,天罩虫,Tiānzhàochóng,dottler
826,Orbeetle,Maritellit,Astronelle,Orbeetle,Orbeetle,イオルブ,Iorubu,이올브,Iolbeu,以歐路普,以欧路普,Yǐ'ōulùpǔ,orbeetle
827,Nickit,Kleptifux,Goupilou,Nickit,Nickit,クスネ,Kusune,훔처우,Humcheou,偷兒狐,狡小狐,Tōu'erhú,nickit
828,Thievul,Gaunux,Roublenard,Thievul,Thievul,フォクスライ,Fokusurai,폭슬라이,Pokseullai,狐大盜,猾大狐,Húdàdào,thievul
829,Gossifleur,Cottini,Tournicoton,Gossifleur,Gossifleur,ヒメンカ,Himenka,꼬모카,Kkomoka,幼棉棉,幼棉棉,Yòumiánmián,gossifleur
830,Eldegoss,Cottomi,Blancoton,Eldegoss,Eldegoss,ワタシラガ,Watashiraga,백솜모카,Baeksommoka,白蓬蓬,白蓬蓬,Báipéngpéng,eldegoss
831,Wooloo,Wolly,Moumouton,Wooloo,Wooloo,ウールー,Ūrū,우르,Ureu,毛辮羊,毛辫羊,Máobiànyáng,wooloo
832,Dubwool,Zwollock,Moumouflon,Dubwool,Dubwool,バイウールー,Baiūrū,배우르,Bae-ureu,毛毛角羊,毛毛角羊,Máomáojiǎoyáng,dubwool
833,Chewtle,Kamehaps,Khélocrok,Chewtle,Chewtle,カムカメ,Kamukame,깨물부기,Kkaemulbugi,咬咬龜,咬咬龟,Yǎoyǎoguī,chewtle
834,Drednaw,Kamalm,Torgamord,Drednaw,Drednaw,カジリガメ,Kajirigame,갈가부기,Galgabugi,暴噬龜,暴噬龟,Bàoshìguī,drednaw
835,Yamper,Voldi,Voltoutou,Yamper,Yamper,ワンパチ,Wanpachi,멍파치,Meongpachi,來電汪,来电汪,Láidiànwāng,yamper
836,Boltund,Bellektro,Fulgudog,Boltund,Boltund,パルスワン,Parusuwan,펄스멍,Peolseumeong,逐電犬,逐电犬,Zhúdiànquǎn,boltund
837,Rolycoly,Klonkett,Charbi,Rolycoly,Rolycoly,タンドン,Tandon,탄동,Tandong,小炭仔,小炭仔,Xiǎotànzǎi,rolycoly
838,Carkol,Wagong,Wagomine,Carkol,Carkol,トロッゴン,Toroggon,탄차곤,Tanchagon,大炭車,大炭车,Dàtànchē,carkol
839,Coalossal,Montecarbo,Monthracite,Coalossal,Coalossal,セキタンザン,Sekitanzan,석탄산,Seoktansan,巨炭山,巨炭山,Jùtànshān,coalossal
840,Applin,Knapfel,Verpom,Applin,Applin,カジッチュ,Kajitchu,과사삭벌레,Gwasasakbeolle,啃果蟲,啃果虫,Kěnguǒchóng,applin
841,Flapple,Drapfel,Pomdrapi,Flapple,Flapple,アップリュー,Appuryū,애프룡,Aepeuryong,蘋裹龍,苹裹龙,Píngguǒlóng,flapple
842,Appletun,Schlapfel,Dratatin,Appletun,Appletun,タルップル,Taruppuru,단지래플,Danjiraepeul,豐蜜龍,丰蜜龙,Fēngmìlóng,appletun
843,Silicobra,Salanga,Dunaja,Silicobra,Silicobra,スナヘビ,Sunahebi,모래뱀,Moraebaem,沙包蛇,沙包蛇,Shābāoshé,silicobra
844,Sandaconda,Sanaconda,Dunaconda,Sandaconda,Sandaconda,サダイジャ,Sadaija,사다이사,Sadaisa,沙螺蟒,沙螺蟒,Shāluómǎng,sandaconda
845,Cramorant,Urgl,Nigosier,Cramorant,Cramorant,ウッウ,U'u,윽우지,Euguji,古月鳥,古月鸟,Gǔyuèniǎo,cramorant
846,Arrokuda,Pikuda,Embrochet,Arrokuda,Arrokuda,サシカマス,Sashikamasu,찌로꼬치,Jjirokkochi,刺梭魚,刺梭鱼,Cìsuōyú,arrokuda
847,Barraskewda,Barrakiefa,Hastacuda,Barraskewda,Barraskewda,カマスジョー,Kamasujō,꼬치조,Kkochijo,戽斗尖梭,戽斗尖梭,Hùdǒujiānsuō,barraskewda
848,Toxel,Toxel,Toxizap,Toxel,Toxel,エレズン,Erezun,일레즌,Illejeun,毒電嬰,电音婴,Dúdiànyīng,toxel
849,Toxtricity,Riffex,Salarsen,Toxtricity,Toxtricity,ストリンダー,Sutorindā,스트린더,Seuteurindeo,顫弦蠑螈,颤弦蝾螈,Chànxiánróngyuán,toxtricity
850,Sizzlipede,Thermopod,Grillepattes,Sizzlipede,Sizzlipede,ヤクデ,Yakude,태우지네,Tae-ujine,燒火蚣,烧火蚣,Shāohuǒgōng,sizzlipede
851,Centiskorch,Infernopod,Scolocendre,Centiskorch,Centiskorch,マルヤクデ,Maruyakude,다태우지네,Datae-ujine,焚焰蚣,焚焰蚣,Fényàngōng,centiskorch
852,Clobbopus,Klopptopus,Poulpaf,Clobbopus,Clobbopus,タタッコ,Tatakko,때때무노,Ttaettaemuno,拳拳蛸,拳拳蛸,Quánquánxiāo,clobbopus
853,Grapploct,Kaocto,Krakos,Grapploct,Grapploct,オトスパス,Otosupasu,케오퍼스,Ke-opeosu,八爪武師,八爪武师,Bāzhuǎwǔshī,grapploct
854,Sinistea,Fatalitee,Théffroi,Sinistea,Sinistea,ヤバチャ,Yabacha,데인차,Deincha,來悲茶,来悲茶,Láibēichá,sinistea
855,Polteageist,Mortipot,Polthégeist,Polteageist,Polteageist,ポットデス,Pottodesu,포트데스,Poteudeseu,怖思壺,怖思壶,Bùsīhú,polteageist
856,Hatenna,Brimova,Bibichut,Hatenna,Hatenna,ミブリム,Miburimu,몸지브림,Momjibeurim,迷布莉姆,迷布莉姆,Míbùlìmǔ,hatenna
857,Hattrem,Brimano,Chapotus,Hattrem,Hattrem,テブリム,Teburimu,손지브림,Sonjibeurim,提布莉姆,提布莉姆,Tíbùlìmǔ,hattrem
858,Hatterene,Silembrim,Sorcilence,Hatterene,Hatterene,ブリムオン,Burimuon,브리무음,Beurimueum,布莉姆溫,布莉姆温,Bùlìmǔwēn,hatterene
859,Impidimp,Bähmon,Grimalin,Impidimp,Impidimp,ベロバー,Berobā,메롱꿍,Melongkkung,搗蛋小妖,捣蛋小妖,Dǎodànxiǎoyāo,impidimp
860,Morgrem,Pelzebub,Fourbelin,Morgrem,Morgrem,ギモー,Gimō,쏘겨모,Ssogyeomo,詐唬魔,诈唬魔,Zhàhǔmó,morgrem
861,Grimmsnarl,Olangaar,Angoliath,Grimmsnarl,Grimmsnarl,オーロンゲ,Ōronge,오롱털,Orongteol,長毛巨魔,长毛巨魔,Chángmáojùmó,grimmsnarl
862,Obstagoon,Barrikadax,Ixon,Obstagoon,Obstagoon,タチフサグマ,Tachifusaguma,가로막구리,Garomakguri,堵攔熊,堵拦熊,Dǔlánxióng,obstagoon
863,Perrserker,Mauzinger,Berserkatt,Perrserker,Perrserker,ニャイキング,Nyaikingu,나이킹,Naiking,喵頭目,喵头目,Miāotóumù,perrserker
864,Cursola,Gorgasonn,Corayôme,Cursola,Cursola,サニゴーン,Sanigōn,산호르곤,Sanhoreugon,魔靈珊瑚,魔灵珊瑚,Mólíngshānhú,cursola
865,Sirfetch'd,Lauchzelot,Palarticho,Sirfetch'd,Sirfetch'd,ネギガナイト,Negiganaito,창파나이트,Changpanaiteu,蔥遊兵,葱游兵,Cōngyóubīng,sirfetchd
866,Mr. Rime,Pantifrost,M. Glaquette,Mr. Rime,Mr. Rime,バリコオル,Barikōru,마임꽁꽁,Maimkkongkkong,踏冰人偶,踏冰人偶,Tàbīngrén'ǒu,mr-rime
867,Runerigus,Oghnatoll,Tutétékri,Runerigus,Runerigus,デスバーン,Desubān,데스판,Deseupan,死神板,迭失板,Sǐshénbǎn,runerigus
868,Milcery,Hokumil,Crèmy,Milcery,Milcery,マホミル,Mahomiru,마빌크,Mabilkeu,小仙奶,小仙奶,Xiǎoxiānnǎi,milcery
869,Alcremie,Pokusan,Charmilly,Alcremie,Alcremie,マホイップ,Mahoippu,마휘핑,Mahwiping,霜奶仙,霜奶仙,Shuāngnǎixiān,alcremie
870,Falinks,Legios,Hexadron,Falinks,Falinks,タイレーツ,Tairētsu,대여르,Daeyeoreu,列陣兵,列阵兵,Lièzhènbīng,falinks
871,Pincurchin,Britzigel,Wattapik,Pincurchin,Pincurchin,バチンウニ,Bachin'uni,찌르성게,Jjireuseongge,啪嚓海膽,啪嚓海胆,Pācāhǎidǎn,pincurchin
872,Snom,Snomnom,Frissonille,Snom,Snom,ユキハミ,Yukihami,누니머기,Nunimeogi,雪吞蟲,雪吞虫,Xuětūnchóng,snom
873,Frosmoth,Mottineva,Beldeneige,Frosmoth,Frosmoth,モスノウ,Mosunō,모스노우,Moseunou,雪絨蛾,雪绒蛾,Xuěróng'é,frosmoth
874,Stonjourner,Humanolith,Dolman,Stonjourner,Stonjourner,イシヘンジン,Ishihenjin,돌헨진,Dolhenjin,巨石丁,巨石丁,Jùshídīng,stonjourner
875,Eiscue,Kubuin,Bekaglaçon,Eiscue,Eiscue,コオリッポ,Kōrippo,빙큐보,Bingkyubo,冰砌鵝,冰砌鹅,Bīngqì'é,eiscue
876,Indeedee,Servol,Wimessir,Indeedee,Indeedee,イエッサン,Iessan,에써르,Esseoreu,愛管侍,爱管侍,Àiguǎnshì,indeedee
877,Morpeko,Morpeko,Morpeko,Morpeko,Morpeko,モルペコ,Morupeko,모르페코,Moreupeko,莫魯貝可,莫鲁贝可,Mòlǔbèikě,morpeko
878,Cufant,Kupfanti,Charibari,Cufant,Cufant,ゾウドウ,Zōdō,끼리동,Kkiridong,銅象,铜象,Tóngxiàng,cufant
879,Copperajah,Patinaraja,Pachyradjah,Copperajah,Copperajah,ダイオウドウ,Daiōdō,대왕끼리동,Daewangkkiridong,大王銅象,大王铜象,Dàwángtóngxiàng,copperajah
880,Dracozolt,Lectragon,Galvagon,Dracozolt,Dracozolt,パッチラゴン,Patchiragon,파치래곤,Pachiraegon,雷鳥龍,雷鸟龙,Léiniǎolóng,dracozolt
881,Arctozolt,Lecryodon,Galvagla,Arctozolt,Arctozolt,パッチルドン,Patchirudon,파치르돈,Pachireudon,雷鳥海獸,雷鸟海兽,Léiniǎohǎishòu,arctozolt
882,Dracovish,Pescragon,Hydragon,Dracovish,Dracovish,ウオノラゴン,Uonoragon,어래곤,Eoraegon,鰓魚龍,鳃鱼龙,Sāiyúlóng,dracovish
883,Arctovish,Pescryodon,Hydragla,Arctovish,Arctovish,ウオチルドン,Uochirudon,어치르돈,Eochireudon,鰓魚海獸,鳃鱼海兽,Sāiyúhǎishòu,arctovish
884,Duraludon,Duraludon,Duralugon,Duraludon,Duraludon,ジュラルドン,Jurarudon,두랄루돈,Duralludon,鋁鋼龍,铝钢龙,Lǚgānglóng,duraludon
885,Dreepy,Grolldra,Fantyrm,Dreepy,Dreepy,ドラメシヤ,Dorameshiya,드라꼰,Deurakkon,多龍梅西亞,多龙梅西亚,Duōlóngméixīyǎ,dreepy
886,Drakloak,Phandra,Dispareptil,Drakloak,Drakloak,ドロンチ,Doronchi,드래런치,Deuraereonchi,多龍奇,多龙奇,Duōlóngqí,drakloak
887,Dragapult,Katapuldra,Lanssorien,Dragapult,Dragapult,ドラパルト,Doraparuto,드래펄트,Deuraepeolteu,多龍巴魯托,多龙巴鲁托,Duōlóngbālǔtuō,dragapult
888,Zacian,Zacian,Zacian,Zacian,Zacian,ザシアン,Zashian,자시안,Jasian,蒼響,苍响,Cāngxiǎng,zacian
889,Zamazenta,Zamazenta,Zamazenta,Zamazenta,Zamazenta,ザマゼンタ,Zamazenta,자마젠타,Jamajenta,藏瑪然特,藏玛然特,Zàngmǎrántè,zamazenta
890,Eternatus,Endynalos,Éthernatos,Eternatus,Eternatus,ムゲンダイナ,Mugendaina,무한다이노,Muhandaino,無極汰那,无极汰那,Wújítàinà,eternatus
891,Kubfu,Dakuma,Wushours,Kubfu,Kubfu,ダクマ,Dakuma,치고마,Chigoma,熊徒弟,熊徒弟,Xióngtúdì,kubfu
892,Urshifu,Wulaosu,Shifours,Urshifu,Urshifu,ウーラオス,Ūraosu,우라오스,Uraoseu,武道熊師,武道熊师,Wǔdàoxióngshī,urshifu
893,Zarude,Zarude,Zarude,Zarude,Zarude,ザルード,Zarūdo,자루도,Jarudo,薩戮德,萨戮德,Sàlùdé,zarude
894,Regieleki,Regieleki,Regieleki,Regieleki,Regieleki,レジエレキ,Rejiereki,레지에레키,Rejiereki,雷吉艾勒奇,雷吉艾勒奇,Léijí'àilèqí,regieleki
895,Regidrago,Regidrago,Regidrago,Regidrago,Regidrago,レジドラゴ,Rejidorago,레지드래고,Rejideuraego,雷吉鐸拉戈,雷吉铎拉戈,Léijíduólāgē,regidrago
896,Glastrier,Polaross,Blizzeval,Glastrier,Glastrier,ブリザポス,Burizaposu,블리자포스,Beullijaposeu,雪暴馬,雪暴马,Xuěbàomǎ,glastrier
897,Spectrier,Phantoross,Spectreval,Spectrier,Spectrier,レイスポス,Reisuposu,레이스포스,Reiseuposeu,靈幽馬,灵幽马,Língyōumǎ,spectrier
898,Calyrex,Coronospa,Sylveroy,Calyrex,Calyrex,バドレックス,Badorekkusu,버드렉스,Beodeurekseu,蕾冠王,蕾冠王,Lěiguànwáng,calyrex
899,Wyrdeer,Damythir,Cerbyllin,Wyrdeer,Wyrdeer,アヤシシ,Ayashishi,신비록,Sinbirok,詭角鹿,诡角鹿,Guǐjiǎolù,wyrdeer
900,Kleavor,Axantor,Hachécateur,Kleavor,Kleavor,バサギリ,Basagiri,사마자르,Samajareu,劈斧螳螂,劈斧螳螂,Pīfǔtángláng,kleavor
901,Ursaluna,Ursaluna,Ursaking,Ursaluna,Ursaluna,ガチグマ,Gachiguma,다투곰,Datugom,月月熊,月月熊,Yuèyuèxióng,ursaluna
902,Basculegion,Salmagnis,Paragruel,Basculegion,Basculegion,イダイトウ,Idaitō,대쓰여너,Daesseuyeoneo,幽尾玄魚,幽尾玄鱼,Yōuwěixuányú,basculegion
903,Sneasler,Snieboss,Farfurex,Sneasler,Sneasler,オオニューラ,Ōnyūra,포푸니크,Popunikeu,大狃拉,大狃拉,Dàniǔlā,sneasler
904,Overqwil,Myriador,Qwilpik,Overqwil,Overqwil,ハリーマン,Harīman,장침바루,Jangchimbaru,萬針魚,万针鱼,Wànzhēnyú,overqwil
905,Enamorus,Cupidos,Amovénus,Enamorus,Enamorus,ラブトロス,Rabutorosu,러브로스,Reobeuroseu,眷戀雲,眷恋云,Juànliànyún,enamorus
906,Sprigatito,Felori,Poussacha,Sprigatito,Sprigatito,ニャオハ,Nyaoha,나오하,Naoha,新葉喵,新叶喵,Xīnyèmiāo,sprigatito
907,Floragato,Feliospa,Matourgeon,Floragato,Floragato,ニャローテ,Nyarōte,나로테,Narote,蒂蕾喵,蒂蕾喵,Dìlěimiāo,floragato
908,Meowscarada,Maskagato,Miascarade,Meowscarada,Meowscarada,マスカーニャ,Masukānya,마스카나,Maseukana,魔幻假面喵,魔幻假面喵,Móhuànjiǎmiànmiāo,meowscarada
909,Fuecoco,Krokel,Chochodile,Fuecoco,Fuecoco,ホゲータ,Hogēta,뜨아거,Tteuageo,呆火鱷,呆火鳄,Dāihuǒ'è,fuecoco
910,Crocalor,Lokroko,Crocogril,Crocalor,Crocalor,アチゲータ,Achigēta,악뜨거,Eoktteugeo,炙燙鱷,炙烫鳄,Zhìtàng'è,crocalor
911,Skeledirge,Skelokrok,Flâmigator,Skeledirge,Skeledirge,ラウドボーン,Raudobōn,라우드본,Raudeubon,骨紋巨聲鱷,骨纹巨声鳄,Gǔwénjùshēng'è,skeledirge
912,Quaxly,Kwaks,Coiffeton,Quaxly,Quaxly,クワッス,Kuwassu,꾸왁스,Kkuwakseu,潤水鴨,润水鸭,Rùnshuǐyā,quaxly
913,Quaxwell,Fuentente,Canarbello,Quaxwell,Quaxwell,ウェルカモ,Werukamo,아꾸왁,Akkuwak,湧躍鴨,涌跃鸭,Yǒngyuèyā,quaxwell
914,Quaquaval,Bailonda,Palmaval,Quaquaval,Quaquaval,ウェーニバル,Wēnibaru,웨이니발,Weinibal,狂歡浪舞鴨,狂欢浪舞鸭,Kuánghuānlàngwǔyā,quaquaval
915,Lechonk,Ferkuli,Gourmelet,Lechonk,Lechonk,グルトン,Guruton,맛보돈,Matbodon,愛吃豚,爱吃豚,Àichītún,lechonk
916,Oinkologne,Fragrunz,Fragroin,Oinkologne,Oinkologne,パフュートン,Pafyūton,퍼퓨돈,Peopyudon,飄香豚,飘香豚,Piāoxiāngtún,oinkologne
917,Tarountula,Tarundel,Tissenboule,Tarountula,Tarountula,タマンチュラ,Tamanchura,타랜툴라,Taraentulla,團珠蛛,团珠蛛,Tuánzhūzhū,tarountula
918,Spidops,Spinsidias,Filentrappe,Spidops,Spidops,ワナイダー,Wanaidā,트래피더,Teuraepideo,操陷蛛,操陷蛛,Cāoxiànzhū,spidops
919,Nymble,Micrick,Lilliterelle,Nymble,Nymble,マメバッタ,Mamebatta,콩알뚜기,Kongalttugi,豆蟋蟀,豆蟋蟀,Dòuxīshuài,nymble
920,Lokix,Lextremo,Gambex,Lokix,Lokix,エクスレッグ,Ekusureggu,엑스레그,Ekseuregeu,烈腿蝗,烈腿蝗,Liètuǐhuáng,lokix
921,Pawmi,Pamo,Pohm,Pawmi,Pawmi,パモ,Pamo,빠모,Ppamo,布撥,布拨,Bùbō,pawmi
922,Pawmo,Pamamo,Pohmotte,Pawmo,Pawmo,パモット,Pamotto,빠모트,Ppamoteu,布土撥,布土拨,Bùtǔbō,pawmo
923,Pawmot,Pamomamo,Pohmarmotte,Pawmot,Pawmot,パーモット,Pāmotto,빠르모트,Ppareumoteu,巴布土撥,巴布土拨,Bābùtǔbō,pawmot
924,Tandemaus,Zwieps,Compagnol,Tandemaus,Tandemaus,ワッカネズミ,Wakkanezumi,두리쥐,Durijwi,一對鼠,一对鼠,Yīduìshǔ,tandemaus
925,Maushold,Famieps,Famignol,Maushold,Maushold,イッカネズミ,Ikkanezumi,파밀리쥐,Pamilljwi,一家鼠,一家鼠,Yījiāshǔ,maushold
926,Fidough,Hefel,Pâtachiot,Fidough,Fidough,パピモッチ,Papimotchi,쫀도기,Jjondogi,狗仔包,狗仔包,Gǒuzǎibāo,fidough
927,Dachsbun,Backel,Briochien,Dachsbun,Dachsbun,バウッツェル,Bauttseru,바우첼,Bauchel,麻花犬,麻花犬,Máhuāquǎn,dachsbun
928,Smoliv,Olini,Olivini,Smoliv,Smoliv,ミニーブ,Minību,미니브,Minibeu,迷你芙,迷你芙,Mínǐfú,smoliv
929,Dolliv,Olivinio,Olivado,Dolliv,Dolliv,オリーニョ,Orīnyo,올리뇨,Ollinyo,奧利紐,奥利纽,Àolìniǔ,dolliv
930,Arboliva,Olithena,Arboliva,Arboliva,Arboliva,オリーヴァ,Orīva,올리르바,Ollireuba,奧利瓦,奥利瓦,Àolìwǎ,arboliva
931,Squawkabilly,Krawalloro,Tapatoès,Squawkabilly,Squawkabilly,イキリンコ,Ikirinko,시비꼬,Sibikko,怒鸚哥,怒鹦哥,Nùyīnggē,squawkabilly
932,Nacli,Geosali,Selutin,Nacli,Nacli,コジオ,Kojio,베베솔트,Bebesolteu,鹽石寶,盐石宝,Yánshíbǎo,nacli
933,Naclstack,Sedisal,Amassel,Naclstack,Naclstack,ジオヅム,Jiodzumu,스태솔트,Seutaesolteu,鹽石壘,盐石垒,Yánshílěi,naclstack
934,Garganacl,Saltigant,Gigansel,Garganacl,Garganacl,キョジオーン,Kyojiōn,콜로솔트,Kollosolteu,鹽石巨靈,盐石巨灵,Yánshíjùlíng,garganacl
935,Charcadet,Knarbon,Charbambin,Charcadet,Charcadet,カルボウ,Karubō,카르본,Kareubon,炭小侍,炭小侍,Tànxiǎoshì,charcadet
936,Armarouge,Crimanzo,Carmadura,Armarouge,Armarouge,グレンアルマ,Guren'aruma,카디나르마,Kadinareuma,紅蓮鎧騎,红莲铠骑,Hóngliánkǎiqí,armarouge
937,Ceruledge,Azugladis,Malvalame,Ceruledge,Ceruledge,ソウブレイズ,Soubureizu,파라블레이즈,Parabeulleijeu,蒼炎刃鬼,苍炎刃鬼,Cāngyánrènguǐ,ceruledge
938,Tadbulb,Blipp,Têtampoule,Tadbulb,Tadbulb,ズピカ,Zupika,빈나두,Binnadu,光蚪仔,光蚪仔,Guāngdǒuzǎi,tadbulb
939,Bellibolt,Wampitz,Ampibidou,Bellibolt,Bellibolt,ハラバリー,Harabarī,찌리배리,Jjiribaeri,電肚蛙,电肚蛙,Diàndùwā,bellibolt
940,Wattrel,Voltrel,Zapétrel,Wattrel,Wattrel,カイデン,Kaiden,찌리비,Jjiribi,電海燕,电海燕,Diànhǎiyàn,wattrel
941,Kilowattrel,Voltrean,Fulgulairo,Kilowattrel,Kilowattrel,タイカイデン,Taikaiden,찌리비크,Jjiribikeu,大電海燕,大电海燕,Dàdiànhǎiyàn,kilowattrel
942,Maschiff,Mobtiff,Grondogue,Maschiff,Maschiff,オラチフ,Orachifu,오라티프,Oratipeu,偶叫獒,偶叫獒,Ǒujiào'áo,maschiff
943,Mabosstiff,Mastifioso,Dogrino,Mabosstiff,Mabosstiff,マフィティフ,Mafitifu,마피티프,Mapitipeu,獒教父,獒教父,Áojiàofù,mabosstiff
944,Shroodle,Sproxi,Gribouraigne,Shroodle,Shroodle,シルシュルー,Shirushurū,땃쭈르,Ttatjjureu,滋汁鼴,滋汁鼹,Zīzhīyǎn,shroodle
945,Grafaiai,Affiti,Tag-Tag,Grafaiai,Grafaiai,タギングル,Taginguru,태깅구르,Taeginggureu,塗標客,涂标客,Túbiāokè,grafaiai
946,Bramblin,Weherba,Virovent,Bramblin,Bramblin,アノクサ,Anokusa,그푸리,Geupuri,納噬草,纳噬草,Nàshìcǎo,bramblin
947,Brambleghast,Horrerba,Virevorreur,Brambleghast,Brambleghast,アノホラグサ,Anohoragusa,공푸리,Gongpuri,怖納噬草,怖纳噬草,Bùnàshìcǎo,brambleghast
948,Toedscool,Tentagra,Terracool,Toedscool,Toedscool,ノノクラゲ,Nonokurage,들눈해,Deulnunhae,原野水母,原野水母,Yuányěshuǐmǔ,toedscool
949,Toedscruel,Tenterra,Terracruel,Toedscruel,Toedscruel,リククラゲ,Rikukurage,육파리,Yukpari,陸地水母,陆地水母,Lùdìshuǐmǔ,toedscruel
950,Klawf,Klibbe,Craparoi,Klawf,Klawf,ガケガニ,Gakegani,절벼게,Jeolbyeoge,毛崖蟹,毛崖蟹,Máoyáixiè,klawf
951,Capsakid,Chilingel,Pimito,Capsakid,Capsakid,カプサイジ,Kapusaiji,캡싸이,Kaepssai,熱辣娃,热辣娃,Rèlàwá,capsakid
952,Scovillain,Halupenjo,Scovilain,Scovillain,Scovillain,スコヴィラン,Sukoviran,스코빌런,Seukobilleon,狠辣椒,狠辣椒,Hěnlàjiāo,scovillain
953,Rellor,Relluk,Léboulérou,Rellor,Rellor,シガロコ,Shigaroko,구르데,Gureude,蟲滾泥,虫滚泥,Chónggǔnní,rellor
954,Rabsca,Skarabaks,Bérasca,Rabsca,Rabsca,ベラカス,Berakasu,베라카스,Berakaseu,蟲甲聖,虫甲圣,Chóngjiǎshèng,rabsca
955,Flittle,Flattutu,Flotillon,Flittle,Flittle,ヒラヒナ,Hirahina,하느라기,Haneuragi,飄飄雛,飘飘雏,Piāopiāochú,flittle
956,Espathra,Psiopatra,Cléopsytra,Espathra,Espathra,クエスパトラ,Kuesupatora,클레스퍼트라,Keulleseupeoteura,超能豔鴕,超能艳鸵,Chāonéngyàntuó,espathra
957,Tinkatink,Forgita,Forgerette,Tinkatink,Tinkatink,カヌチャン,Kanuchan,어리짱,Eorijjang,小鍛匠,小锻匠,Xiǎoduànjiàng,tinkatink
958,Tinkatuff,Tafforgita,Forgella,Tinkatuff,Tinkatuff,ナカヌチャン,Nakanuchan,벼리짱,Byeorijjang,巧鍛匠,巧锻匠,Qiǎoduànjiàng,tinkatuff
959,Tinkaton,Granforgita,Forgelina,Tinkaton,Tinkaton,デカヌチャン,Dekanuchan,두드리짱,Dudeurijjang,巨鍛匠,巨锻匠,Jùduànjiàng,tinkaton
960,Wiglett,Schligda,Taupikeau,Wiglett,Wiglett,ウミディグダ,Umidiguda,바다그다,Badageuda,海地鼠,海地鼠,Hǎidìshǔ,wiglett
961,Wugtrio,Schligdri,Triopikeau,Wugtrio,Wugtrio,ウミトリオ,Umitorio,바닥트리오,Badakteurio,三海地鼠,三海地鼠,Sānhǎidìshǔ,wugtrio
962,Bombirdier,Adebom,Lestombaile,Bombirdier,Bombirdier,オトシドリ,Otoshidori,떨구새,Tteolgusae,下石鳥,下石鸟,Xiàshíniǎo,bombirdier
963,Finizen,Normifin,Dofin,Finizen,Finizen,ナミイルカ,Namiiruka,맨돌핀,Maendolpin,波普海豚,波普海豚,Bōpǔhǎitún,finizen
964,Palafin,Delfinator,Superdofin,Palafin,Palafin,イルカマン,Irukaman,돌핀맨,Dolpinmaen,海豚俠,海豚侠,Hǎitúnxiá,palafin
965,Varoom,Knattox,Vrombi,Varoom,Varoom,ブロロン,Buroron,부르롱,Bureurong,噗隆隆,噗隆隆,Pūlónglóng,varoom
966,Revavroom,Knattatox,Vrombotor,Revavroom,Revavroom,ブロロローム,Burororōmu,부르르룸,Bureureurum,普隆隆姆,普隆隆姆,Pǔlónglóngmǔ,revavroom
967,Cyclizar,Mopex,Motorizard,Cyclizar,Cyclizar,モトトカゲ,Mototokage,모토마,Motoma,摩托蜥,摩托蜥,Mótuōxī,cyclizar
968,Orthworm,Schlurm,Ferdeter,Orthworm,Orthworm,ミミズズ,Mimizuzu,꿈트렁,KKumteureong,拖拖蚓,拖拖蚓,Tuōtuōyǐn,orthworm
969,Glimmet,Lumispross,Germéclat,Glimmet,Glimmet,キラーメ,Kirāme,초롱순,Chorongsun,晶光芽,晶光芽,Jīngguāngyá,glimmet
970,Glimmora,Lumiflora,Floréclat,Glimmora,Glimmora,キラフロル,Kirafuroru,킬라플로르,Killapeulloreu,晶光花,晶光花,Jīngguānghuā,glimmora
971,Greavard,Gruff,Toutombe,Greavard,Greavard,ボチ,Bochi,망망이,Mangmangi,墓仔狗,墓仔狗,Mùzǎigǒu,greavard
972,Houndstone,Friedwuff,Tomberro,Houndstone,Houndstone,ハカドッグ,Hakadoggu,묘두기,Myodugi,墓揚犬,墓扬犬,Mùyángquǎn,houndstone
973,Flamigo,Flaminkno,Flamenroule,Flamigo,Flamigo,カラミンゴ,Karamingo,꼬이밍고,Kkoiminggo,纏紅鶴,缠红鹤,Chánhónghè,flamigo
974,Cetoddle,Flaniwal,Piétacé,Cetoddle,Cetoddle,アルクジラ,Arukujira,터벅고래,Teobeokgorae,走鯨,走鲸,Zǒujīng,cetoddle
975,Cetitan,Kolowal,Balbalèze,Cetitan,Cetitan,ハルクジラ,Harukujira,우락고래,Urakgorae,浩大鯨,浩大鲸,Hàodàjīng,cetitan
976,Veluza,Agiluza,Délestin,Veluza,Veluza,ミガルーサ,Migarūsa,가비루사,Gabirusa,輕身鱈,轻身鳕,Qīngshēnxuě,veluza
977,Dondozo,Heerashai,Oyacata,Dondozo,Dondozo,ヘイラッシャ,Heirassha,어써러셔,Eosseoreosyeo,吃吼霸,吃吼霸,Chīhǒubà,dondozo
978,Tatsugiri,Nigiragi,Nigirigon,Tatsugiri,Tatsugiri,シャリタツ,Sharitatsu,싸리용,Ssariyong,米立龍,米立龙,Mǐlìlóng,tatsugiri
979,Annihilape,Epitaff,Courrousinge,Annihilape,Annihilape,コノヨザル,Konoyozaru,저승갓숭,Jeoseunggatsung,棄世猴,弃世猴,Qìshìhóu,annihilape
980,Clodsire,Suelord,Terraiste,Clodsire,Clodsire,ドオー,Do'ō,토오,Too,土王,土王,Tǔwáng,clodsire
981,Farigiraf,Farigiraf,Farigiraf,Farigiraf,Farigiraf,リキキリン,Rikikirin,키키링,Kikiring,奇麒麟,奇麒麟,Qíqílín,farigiraf
982,Dudunsparce,Dummimisel,Deusolourdo,Dudunsparce,Dudunsparce,ノココッチ,Nokokotchi,노고고치,Nogogochi,土龍節節,土龙节节,Tǔlóngjiéjié,dudunsparce
983,Kingambit,Gladimperio,Scalpereur,Kingambit,Kingambit,ドドゲザン,Dodogezan,대도각참,Daedogakcham,仆斬將軍,仆刀将军,Pūzhǎnjiāngjūn,kingambit
984,Great Tusk,Riesenzahn,Fort-Ivoire,Colmilargo,Grandizanne,イダイナキバ,Idainakiba,위대한엄니,Widaehaneomni,雄偉牙,雄伟牙,Xióngwěiyá,great-tusk
985,Scream Tail,Brüllschweif,Hurle-Queue,Colagrito,Codaurlante,サケブシッポ,Sakebushippo,우렁찬꼬리,Ureongchankkori,吼叫尾,吼叫尾,Hǒujiàowěi,scream-tail
986,Brute Bonnet,Wutpilz,Fongus-Furie,Furioseta,Fungofurioso,アラブルタケ,Araburutake,사나운버섯,Sanaunbeoseot,猛惡菇,猛恶菇,Měng'ègū,brute-bonnet
987,Flutter Mane,Flatterhaar,Flotte-Mèche,Melenaleteo,Crinealato,ハバタクカミ,Habatakukami,날개치는머리,Nalgaechineunmeori,振翼髮,振翼发,Zhènyìfă,flutter-mane
988,Slither Wing,Kriechflügel,Rampe-Ailes,Reptalada,Alirasenti,チヲハウハネ,Chiohauhane,땅을기는날개,Ttangeulgineunnalgae,爬地翅,爬地翅,Pádìchì,slither-wing
989,Sandy Shocks,Sandfell,Pelage-Sablé,Pelarena,Peldisabbia,スナノケガワ,Sunanokegawa,모래털가죽,Moraeteolgajuk,沙鐵皮,沙铁皮,Shātiěpí,sandy-shocks
990,Iron Treads,Eisenrad,Roue-de-Fer,Ferrodada,Solcoferreo,テツノワダチ,Tetsunowadachi,무쇠바퀴,Musoebakwi,鐵轍跡,铁辙迹,Tiězhéjī,iron-treads
991,Iron Bundle,Eisenbündel,Hotte-de-Fer,Ferrosaco,Saccoferreo,テツノツツミ,Tetsunotsutsumi,무쇠보따리,Musoebottari,鐵包袱,铁包袱,Tiěbāofú,iron-bundle
992,Iron Hands,Eisenhand,Paume-de-Fer,Ferropalmas,Manoferrea,テツノカイナ,Tetsunokaina,무쇠손,Musoeson,鐵臂膀,铁臂膀,Tiěbìbǎng,iron-hands
993,Iron Jugulis,Eisenhals,Têtes-de-Fer,Ferrocuello,Colloferreo,テツノコウベ,Tetsunokōbe,무쇠머리,Musoemeori,鐵脖頸,铁脖颈,Tiěbógěng,iron-jugulis
994,Iron Moth,Eisenfalter,Mite-de-Fer,Ferropolilla,Falenaferrea,テツノドクガ,Tetsunodokuga,무쇠독나방,Musoedongnabang,鐵毒蛾,铁毒蛾,Tiědú'é,iron-moth
995,Iron Thorns,Eisendorn,Épine-de-Fer,Ferropúas,Spineferree,テツノイバラ,Tetsunoibara,무쇠가시,Musoegasi,鐵荊棘,铁荆棘,Tiějīngjí,iron-thorns
996,Frigibax,Frospino,Frigodo,Frigibax,Frigibax,セビエ,Sebie,드니차,Deunicha,涼脊龍,凉脊龙,Liángjílóng,frigibax
997,Arctibax,Cryospino,Cryodo,Arctibax,Arctibax,セゴール,Segōru,드니꽁,Deunikkong,凍脊龍,冻脊龙,Dòngjílóng,arctibax
998,Baxcalibur,Espinodon,Glaivodo,Baxcalibur,Baxcalibur,セグレイブ,Segureibu,드닐레이브,Deunilleibeu,戟脊龍,戟脊龙,Jǐjílóng,baxcalibur
999,Gimmighoul,Gierspenst,Mordudor,Gimmighoul,Gimmighoul,コレクレー,Korekurē,모으령,Moeuryeong,索財靈,索财灵,Suǒcáilíng,gimmighoul
1000,Gholdengo,Monetigo,Gromago,Gholdengo,Gholdengo,サーフゴー,Sāfugō,타부자고,Tabujago,賽富豪,赛富豪,Sàifùháo,gholdengo
1001,Wo-Chien,Chongjian,Chongjian,Wo-Chien,Wo-Chien,チオンジェン,Chionjen,총지엔,Chongjien,古簡蝸,古简蜗,Gǔjiǎnguā,wo-chien
1002,Chien-Pao,Baojian,Baojian,Chien-Pao,Chien-Pao,パオジアン,Paojian,파오젠,Paojen,古劍豹,古剑豹,Gǔjiànbào,chien-pao
1003,Ting-Lu,Dinglu,Dinglu,Ting-Lu,Ting-Lu,ディンルー,Dinrū,딩루,Dingru,古鼎鹿,古鼎鹿,Gǔdǐnglù,ting-lu
1004,Chi-Yu,Yuyu,Yuyu,Chi-Yu,Chi-Yu,イーユイ,Īyui,위유이,Wiyui,古玉魚,古玉鱼,Gǔyùyú,chi-yu
1005,Roaring Moon,Donnersichel,Rugit-Lune,Bramaluna,Lunaruggente,トドロクツキ,Todorokutsuki,고동치는달,Godonhchineundal,轟鳴月,轰鸣月,Hōngmíngyuè,roaring-moon
1006,Iron Valiant,Eisenkrieger,Garde-de-Fer,Ferropaladín,Eroeferreo,テツノブジン,Tetsunobujin,무쇠무인,Musoemuin,鐵武者,铁武者,Tiěwǔzhě,iron-valiant
1007,Koraidon,Koraidon,Koraidon,Koraidon,Koraidon,コライドン,Koraidon,코라이돈,Koraidon,故勒頓,故勒顿,Gùlèdùn,koraidon
1008,Miraidon,Miraidon,Miraidon,Miraidon,Miraidon,ミライドン,Miraidon,미라이돈,Miraidon,密勒頓,密勒顿,Mìlèdùn,miraidon
1009,Walking Wake,Windewoge,Serpente-Eau,Ondulagua,Acquecrespe,ウネルミナモ,Uneruminamo,굽이치는물결,Gubichineunmulgyeol,波盪水,波荡水,Bōdàngshuǐ,walking-wake
1010,Iron Leaves,Eisenblatt,Vert-de-Fer,Ferroverdor,Fogliaferrea,テツノイサハ,Tetsunoisaha,무쇠잎새,Musoeipsae,鐵斑葉,铁斑叶,Tiěbānyè,iron-leaves
1011,Dipplin,Sirapfel,Pomdramour,Dipplin,Dipplin,カミッチュ,Kamitchu,과미르,Gwamireu,裹蜜蟲,裹蜜虫,Guǒmìchóng,dipplin
1012,Poltchageist,Mortcha,Poltchageist,Poltchageist,Poltchageist,チャデス,Chadesu,차데스,Chadeseu,斯魔茶,斯魔茶,Sīmōchàh,poltchageist
1013,Sinistcha,Fatalitcha,Théffroyable,Sinistcha,Sinistcha,ヤバソチャ,Yabasocha,그우린차,Geuurincha,来悲粗茶,來悲粗茶,Láibēicūchá,sinistcha
1014,Okidogi,Boninu,Félicanis,Okidogi,Okidogi,イイネイヌ,Iineinu,조타구,Jotagu,夠讚狗,够赞狗,Gòuzàngǒu,okidogi
1015,Munkidori,Benesaru,Fortusimia,Munkidori,Munkidori,マシマシラ,Mashimashira,이야후,Iyahu,願增猿,愿增猿,Yuànzēngyuán,munkidori
1016,Fezandipiti,Beatori,Favianos,Fezandipiti,Fezandipiti,キチキギス,Kichikigisu,기로치,Girochi,吉雉雞,吉雉鸡,Jízhìjī,fezandipiti
1017,Ogerpon,Ogerpon,Ogerpon,Ogerpon,Ogerpon,オーガポン,Ōgapon,오거폰,Ogeopon,厄鬼椪,厄诡椪,Èguǐpèng,ogerpon
1018,Archaludon,Briduradon,Pondralugon,Archaludon,Archaludon,ブリジュラス,Burijurasu,브리두라스,Beuriduraseu,鋁鋼橋龍,铝钢桥龙,Lǚgāngqiáolóng,archaludon
1019,Hydrapple,Hydrapfel,Pomdorochi,Hydrapple,Hydrapple,カミツオロチ,Kamitsuorochi,"	과미드라",Gwamideura,蜜集大蛇,蜜集大蛇,Mìjídàshé,hydrapple
1020,Gouging Fire,Keilflamme,Feu-Perçant,Flamariete,Vampeaguzze,ウガツホムラ,Ugatsuhomura,꿰뚫는화염,Kkwettulleunhwayeom,破空焰,破空焰,Pòkōngyàn,gouging-fire
1021,Raging Bolt,Furienblitz,Ire-Foudre,Electrofuria,Furiatonante,タケルライコ,Takeruraiko,날뛰는우레,Nalttwineun-ure,猛雷鼓,猛雷鼓,Měngléigǔ,raging-bolt
1022,Iron Boulder,Eisenfels,Roc-de-Fer,Ferromole,Massoferreo,"	テツノイワオ",Tetsunoiwao,무쇠암석,Musoeamseok,鐵磐岩,铁磐岩,Tiěpányán,iron-boulder
1023,Iron Crown,Eisenhaupt,Chef-de-Fer,Ferrotesta,Capoferreo,テツノカシラ,Tetsunokashira,무쇠감투,Musoegamtu,鐵頭殼,铁头壳,Tiětóuké,iron-crown
1024,Terapagos,Terapagos,Terapagos,Terapagos,Terapagos,テラパゴス,Terapagosu,테라파고스,Terapagoseu,太樂巴戈斯,太乐巴戈斯,Tàilèbāgēsī,terapagos
1025,Pecharunt,Infamomo,Pêchaminus,Pecharunt,Pecharunt,モモワロウ,Momowarō,복숭악동,Boksung-akdong,桃歹郎,桃歹郎,Táodǎiláng,pecharunt